# Chess piece OBJ — converted from bishop.STL
# 11292 triangles, 5648 unique vertices

v -2.24941 46.60035 4.16098
v -2.37165 46.60035 3.69433
v -2.90333 46.60035 3.73375
v -2.87303 46.60035 3.31900
v -3.47801 46.60035 3.20472
v -3.31589 46.60035 2.87614
v -3.95778 46.60035 2.58832
v -3.69122 46.60035 2.37476
v -4.32954 46.60035 1.90135
v -3.99137 46.60035 1.82506
v -4.58317 46.60035 1.16257
v -4.21024 46.60035 1.23825
v -4.71174 46.60035 0.39211
v -2.24941 46.60035 -4.15787
v -1.82195 46.60035 -3.99137
v -1.53409 46.60035 -4.47164
v -1.23514 46.60035 -4.21024
v -0.77689 46.60035 -4.66339
v -0.62315 46.60035 -4.34337
v 0.00156 46.60035 -4.72789
v 0.00156 46.60035 -4.38805
v 0.78000 46.60035 -4.66339
v 0.62626 46.60035 -4.34337
v 1.53720 46.60035 -4.47164
v 1.23825 46.60035 -4.21024
v 2.25252 46.60035 -4.15787
v 4.71485 46.60035 0.39211
v 4.34648 46.60035 0.62626
v 4.58628 46.60035 1.16257
v 4.21335 46.60035 1.23825
v 4.33266 46.60035 1.90135
v 3.99448 46.60035 1.82506
v 3.96089 46.60035 2.58832
v 3.69433 46.60035 2.37476
v 3.48112 46.60035 3.20472
v 3.31900 46.60035 2.87614
v 2.90644 46.60035 3.73375
v 2.87614 46.60035 3.31900
v 2.25252 46.60035 4.16098
v -4.34337 46.60035 0.62626
v -4.38805 46.60035 0.00156
v -4.71174 46.60035 -0.38900
v -4.34337 46.60035 -0.62315
v -4.58317 46.60035 -1.15945
v -4.21024 46.60035 -1.23514
v -4.32954 46.60035 -1.89824
v -3.99137 46.60035 -1.82195
v -3.95778 46.60035 -2.58521
v -3.69122 46.60035 -2.37165
v -3.47801 46.60035 -3.20161
v -3.31589 46.60035 -2.87303
v -2.90333 46.60035 -3.73064
v -2.87303 46.60035 -3.31589
v -2.37165 46.60035 -3.69122
v 1.82506 46.60035 -3.99137
v 2.37476 46.60035 -3.69122
v 2.90644 46.60035 -3.73064
v 2.87614 46.60035 -3.31589
v 3.48112 46.60035 -3.20161
v 3.31900 46.60035 -2.87303
v 3.96089 46.60035 -2.58521
v 3.69433 46.60035 -2.37165
v 4.33266 46.60035 -1.89824
v 3.99448 46.60035 -1.82195
v 4.58628 46.60035 -1.15945
v 4.21335 46.60035 -1.23514
v 4.71485 46.60035 -0.38900
v 4.34648 46.60035 -0.62315
v 4.39116 46.60035 0.00156
v 2.37476 46.60035 3.69433
v 1.82506 46.60035 3.99448
v 1.53720 46.60035 4.47475
v 1.23825 46.60035 4.21335
v 0.78000 46.60035 4.66650
v 0.62626 46.60035 4.34648
v 0.00156 46.60035 4.73100
v 0.00156 46.60035 4.39116
v -0.77689 46.60035 4.66650
v -0.62315 46.60035 4.34648
v -1.53409 46.60035 4.47475
v -1.23514 46.60035 4.21335
v -1.82195 46.60035 3.99448
v 3.15416 63.51603 -0.92413
v 2.99033 63.51603 -1.36337
v 1.95027 64.76466 -0.88839
v 2.76566 63.51603 1.77794
v 2.99033 63.51603 1.36648
v 1.95027 64.76466 0.89150
v 1.05615 54.75728 -7.36288
v 1.06003 54.76772 -7.36094
v 1.06525 54.21399 -7.39658
v 1.89971 57.02569 -6.74048
v 1.95771 57.18167 -6.66962
v 2.02257 56.38542 -6.88138
v 3.69718 61.85930 -2.70947
v 3.75444 62.01326 -2.41568
v 4.31263 61.05699 -2.76900
v 3.86394 62.30772 -1.76569
v 3.89287 62.27884 -1.77555
v 3.85352 62.27971 -1.83561
v 3.61886 61.64869 3.05056
v 3.59947 61.59654 3.12249
v 3.87446 61.05699 3.35744
v 0.01871 54.21397 7.47480
v 0.00156 54.21399 7.47576
v 0.00156 54.16783 7.47743
v 0.98444 56.81091 6.99782
v 1.00399 56.86349 6.97868
v 0.97645 57.51595 6.78209
v 1.76230 58.90268 6.05326
v 1.77247 58.93002 6.03601
v 1.64450 59.85397 5.59692
v 3.40477 63.31944 -0.58026
v 3.37456 63.23820 -0.98998
v 2.62512 61.22289 -4.27512
v 2.56357 61.05737 -4.42884
v 2.13038 61.05699 -4.65993
v 1.91852 59.32277 -5.79381
v 1.76751 58.91668 -6.03314
v 1.64450 59.85397 -5.59381
v -0.00397 53.91399 -7.47976
v 0.00156 53.89849 -7.47989
v 0.00156 53.16921 -7.45975
v 0.01137 53.87097 -7.48011
v 0.01485 53.86345 -7.48014
v 0.02018 53.85416 -7.48014
v 0.04540 53.81029 -7.48013
v 0.05424 53.79935 -7.48003
v 0.08452 53.76188 -7.47966
v 0.09038 53.75584 -7.47956
v 0.09650 53.75056 -7.47943
v 0.13681 53.71579 -7.47855
v 0.14653 53.70978 -7.47827
v 0.18975 53.68306 -7.47703
v 0.19736 53.67926 -7.47679
v 0.20235 53.67730 -7.47661
v 0.25446 53.65685 -7.47475
v 0.26295 53.65498 -7.47440
v 0.31530 53.64350 -7.47223
v 0.32370 53.64244 -7.47185
v 0.32631 53.64235 -7.47173
v 0.38506 53.64022 -7.46892
v 0.39089 53.64093 -7.46861
v 0.44695 53.64780 -7.46561
v 1.06341 53.16921 -7.38380
v 0.45497 53.64953 -7.46516
v 0.51374 53.66780 -7.46164
v 0.51654 53.66919 -7.46145
v 0.56966 53.69549 -7.45795
v 0.57426 53.69831 -7.45763
v 0.57657 53.69973 -7.45747
v 0.62593 53.73640 -7.45385
v 0.66953 53.78105 -7.45032
v 0.67126 53.78317 -7.45018
v 0.67477 53.78748 -7.44987
v 0.70785 53.83647 -7.44682
v 0.70914 53.83839 -7.44670
v -1.06214 54.21399 -7.39658
v -0.01259 54.12103 -7.47578
v -0.01499 54.10543 -7.47618
v -0.02192 54.06038 -7.47735
v -0.02181 54.04129 -7.47775
v -0.02158 53.99807 -7.47863
v -0.02080 53.98992 -7.47877
v -0.01836 53.97688 -7.47896
v -1.06030 53.16921 -7.38380
v -0.00954 53.92962 -7.47963
v 0.00156 55.28811 -7.37766
v 0.28728 54.93618 -7.41506
v 0.00156 54.21399 -7.47265
v 0.01870 54.21394 -7.47076
v 0.00156 54.16783 -7.47431
v 0.85729 56.46900 -7.10053
v 0.82611 56.38515 -7.12130
v 0.00156 56.38542 -7.17196
v 0.57258 55.70337 -7.29020
v 0.41798 55.28763 -7.35786
v 1.00281 56.86031 -6.97388
v 0.97645 57.51595 -6.77897
v 1.07779 57.06193 -6.90862
v 1.24627 57.51500 -6.72646
v 1.36647 57.83823 -6.59649
v 0.91306 58.67279 -6.33810
v 1.64724 58.59324 -6.22375
v 2.42103 60.67407 -4.78484
v 2.30045 60.34982 -5.04767
v 1.44532 61.05699 -4.91545
v 2.20043 60.08085 -5.26568
v 2.11593 59.85360 -5.42399
v 1.77866 62.27884 -3.88976
v 2.31437 62.27884 -3.59725
v 2.66679 61.33495 -4.15527
v 2.80299 62.27884 -3.23147
v 2.91954 62.01461 -3.37648
v 2.81184 61.72498 -3.73811
v 3.01792 62.27917 -3.02813
v 3.00654 62.24856 -3.07483
v 2.97981 62.17669 -3.17409
v 2.15323 63.51603 -2.48161
v 2.48472 63.51603 -2.15012
v 3.10068 62.50170 -2.68874
v 3.31706 63.08359 -1.51370
v 3.31150 63.06862 -1.56145
v 2.76566 63.51603 -1.77483
v 3.23321 62.85810 -2.05487
v 3.22944 62.84797 -2.07361
v 3.12942 62.57900 -2.57084
v 3.36841 63.22166 -1.07338
v 3.40788 63.32781 -0.48866
v 3.25381 63.51603 -0.46605
v 3.41847 63.35628 -0.17718
v 3.28726 63.51603 0.00156
v 3.25381 63.51603 0.46916
v 3.41511 63.34726 0.32862
v 3.41728 63.35309 0.00150
v 3.35238 63.17857 1.23322
v 3.37436 63.23768 0.99312
v 3.15416 63.51603 0.92724
v 3.38912 63.27735 0.83198
v 3.40668 63.32458 0.49191
v 3.18016 62.71545 2.33546
v 3.22612 62.83902 2.07970
v 3.27915 62.98163 1.78454
v 3.31449 63.07666 1.51850
v 3.09944 62.49836 2.69318
v 2.48472 63.51603 2.15323
v 3.05662 62.38322 2.88291
v 2.15323 63.51603 2.48472
v 3.01824 62.28001 3.02274
v 2.92056 62.01736 3.37857
v 2.80299 62.27884 3.23458
v 2.88878 61.93188 3.49437
v 2.31437 62.27884 3.60036
v 2.69526 61.41150 4.08558
v 2.66786 61.33780 4.15711
v 1.77866 62.27884 3.89287
v 2.13038 61.05699 4.66304
v 2.30376 60.35870 5.04868
v 2.47840 60.82833 4.65162
v 2.56365 61.05757 4.42911
v 2.27899 60.29209 5.10499
v 1.44532 61.05699 4.91856
v 2.11596 59.85369 5.42776
v 2.02506 59.60925 5.60772
v 0.91306 58.67279 6.34121
v 1.67656 58.67209 6.17645
v 0.83148 59.85397 5.77378
v 1.21379 57.42765 6.77342
v 1.24647 57.51554 6.73445
v 1.49167 58.17492 6.44207
v 0.00156 57.51595 6.85181
v 0.82593 56.38467 7.12023
v 0.00156 56.38542 7.17507
v 0.70886 56.06985 7.21064
v 0.43184 55.32491 7.36306
v 0.00156 55.28811 7.38077
v 0.41813 55.28806 7.36755
v 0.15364 54.57682 7.45415
v 0.00156 53.89721 7.48303
v -0.00329 53.90874 7.48296
v -1.06030 53.16921 7.38691
v -0.00486 53.91367 7.48291
v -0.00582 53.91668 7.48288
v -1.06214 54.21399 7.39969
v -0.01914 53.97655 7.48211
v -0.02293 54.03872 7.48095
v -0.02285 54.04129 7.48089
v -0.02269 54.04696 7.48077
v -0.01572 54.10555 7.47932
v -0.01544 54.10789 7.47926
v 0.71899 53.85691 7.44882
v 0.71515 53.84939 7.44921
v 1.06341 53.16921 7.38691
v 0.70725 53.83685 7.44996
v 0.68242 53.79742 7.45231
v 0.67050 53.78383 7.45331
v 0.64129 53.75055 7.45576
v 0.63534 53.74488 7.45623
v 0.62581 53.73731 7.45695
v 0.58720 53.70664 7.45983
v 0.57382 53.69910 7.46074
v 0.53282 53.67601 7.46353
v 0.52548 53.67271 7.46400
v 0.51643 53.66957 7.46456
v 0.46740 53.65256 7.46755
v 0.45483 53.65033 7.46825
v 0.40596 53.64166 7.47095
v 0.39796 53.64098 7.47137
v 0.00156 53.16921 7.46286
v 0.39095 53.64100 7.47171
v 0.33655 53.64117 7.47438
v 0.32642 53.64283 7.47482
v 0.27502 53.65119 7.47705
v 0.26715 53.65321 7.47736
v 0.26293 53.65471 7.47752
v 0.20932 53.67369 7.47950
v 0.20247 53.67742 7.47971
v 0.15462 53.70346 7.48119
v 0.14624 53.70926 7.48141
v 0.09998 53.74647 7.48249
v 0.09643 53.75040 7.48254
v 0.05822 53.79263 7.48313
v 0.05357 53.79881 7.48318
v 0.02084 53.85136 7.48329
v 0.01978 53.85390 7.48327
v 1.05888 54.76463 7.36086
v 1.01783 54.65422 7.38016
v 1.06525 54.21399 7.39969
v 0.85411 54.21395 7.41891
v 0.73546 53.89491 7.44699
v 1.29878 55.40972 7.24812
v 1.25349 55.28795 7.26940
v 2.08052 55.28811 7.08186
v 2.10728 54.21399 7.17301
v 1.95612 57.17739 6.67143
v 1.82289 56.81912 6.82539
v 2.02257 56.38542 6.88449
v 1.66143 56.38494 6.97472
v 1.57807 56.16078 7.05182
v 2.10139 57.56805 6.50357
v 2.08195 57.51577 6.52603
v 2.84725 57.51595 6.23277
v 2.98154 56.38542 6.52681
v 2.62601 58.97880 5.69345
v 2.61114 58.93882 5.71845
v 2.66222 58.67279 5.82761
v 2.51206 58.67239 5.88515
v 2.36943 58.28881 6.12514
v 3.10698 60.27219 4.66156
v 3.06101 60.14857 4.76924
v 3.15435 59.85397 4.90740
v 2.95152 59.85414 5.02573
v 3.46428 58.67279 5.38965
v 2.90149 59.71959 5.14294
v 2.87037 59.63589 5.21019
v 3.82043 59.85397 4.40877
v 3.29571 60.77970 4.15171
v 3.37475 60.99223 3.90360
v 4.40877 59.85397 3.82043
v 3.46684 61.23989 3.61449
v 3.39916 61.05788 3.82696
v 3.82957 62.21530 2.01485
v 3.75596 62.01736 2.41763
v 4.31263 61.05699 2.77211
v 3.73377 61.95770 2.53904
v 3.91193 62.43679 1.41757
v 3.86346 62.30643 1.76909
v 3.89287 62.27884 1.77866
v 3.85344 62.27949 1.84174
v 4.66304 61.05699 2.13038
v 3.95999 62.56601 0.90321
v 3.93613 62.50184 1.15862
v 4.10617 62.27884 1.20678
v 3.98690 62.63838 0.38459
v 3.97708 62.61197 0.57389
v 4.23592 62.27884 0.61037
v 3.99258 62.65367 -0.07671
v 3.99162 62.65108 0.00151
v 4.27946 62.27884 0.00156
v 3.97767 62.61356 -0.61093
v 3.97880 62.61658 -0.57058
v 4.23592 62.27884 -0.60725
v 4.10617 62.27884 -1.20367
v 3.94000 62.51225 -1.14238
v 3.89399 62.38853 -1.56398
v 3.93866 62.50866 -1.15461
v 3.80821 62.15786 -2.13976
v 4.66304 61.05699 -2.12727
v 3.59802 61.59264 -3.12070
v 3.39914 61.05784 -3.82430
v 3.53350 61.41914 -3.37639
v 3.87446 61.05699 -3.35433
v 3.56108 61.49330 -3.27390
v 3.05869 60.14233 -4.76765
v 3.15139 60.39162 -4.54496
v 3.82043 59.85397 -4.40566
v 3.35367 60.93555 -3.97591
v 3.37679 60.99772 -3.89883
v 2.60757 58.92921 -5.71594
v 2.68597 59.14005 -5.57870
v 3.46428 58.67279 -5.38654
v 2.92891 59.79333 -5.07941
v 3.15435 59.85397 -4.90429
v 2.95150 59.85408 -5.02514
v 2.08180 57.51537 -6.51804
v 2.16939 57.75091 -6.41104
v 2.84725 57.51595 -6.22966
v 2.43173 58.45636 -6.02375
v 2.66222 58.67279 -5.82450
v 2.51209 58.67245 -5.88308
v 1.25345 55.28785 -7.26444
v 1.33043 55.49483 -7.22603
v 2.08052 55.28811 -7.07875
v 1.60295 56.22767 -7.02805
v 1.66141 56.38490 -6.97139
v 0.73546 53.89491 -7.44388
v 0.78043 54.01585 -7.43768
v 0.85409 54.21392 -7.41770
v -0.64405 46.74975 4.49181
v -1.88295 46.74975 4.12804
v -2.96917 46.74975 3.42996
v -3.42685 46.74975 2.97228
v -3.81473 46.74975 2.45413
v -4.35112 46.74975 1.27962
v -4.53487 46.74975 0.00156
v -4.48870 46.74975 -0.64405
v -4.35112 46.74975 -1.27650
v -3.81473 46.74975 -2.45102
v -2.96917 46.74975 -3.42685
v -2.45102 46.74975 -3.81473
v -1.88295 46.74975 -4.12493
v -1.27650 46.74975 -4.35112
v 0.00156 52.15414 7.34532
v 1.04668 52.15414 7.27057
v 0.00156 51.16899 7.12546
v 1.01539 51.16899 7.05295
v 0.00156 50.21408 6.80462
v 0.96973 50.21408 6.73537
v 0.00156 49.28998 6.38311
v 0.90974 49.28998 6.31815
v 0.00156 48.39771 5.86035
v 0.83535 48.39771 5.80071
v 0.00156 47.53888 5.23499
v 0.74635 47.53888 5.18172
v 0.00156 46.74975 4.53799
v 0.64716 46.74975 4.49181
v -1.04357 52.15414 7.27057
v -1.01228 51.16899 7.05295
v -0.96662 50.21408 6.73537
v -0.90663 49.28998 6.31815
v -0.83224 48.39771 5.80071
v -0.74324 47.53888 5.18172
v 0.00156 52.15414 -7.34221
v -1.04357 52.15414 -7.26746
v 0.00156 51.16899 -7.12235
v -1.01228 51.16899 -7.04984
v 0.00156 50.21408 -6.80151
v -0.96662 50.21408 -6.73226
v 0.00156 49.28998 -6.38000
v -0.90663 49.28998 -6.31504
v 0.00156 48.39771 -5.85724
v -0.83224 48.39771 -5.79761
v 0.00156 47.53888 -5.23188
v -0.74324 47.53888 -5.17861
v 0.00156 46.74975 -4.53487
v -0.64405 46.74975 -4.48870
v 1.04668 52.15414 -7.26746
v 1.01539 51.16899 -7.04984
v 0.96973 50.21408 -6.73226
v 0.90974 49.28998 -6.31504
v 0.83535 48.39771 -5.79761
v 0.74635 47.53888 -5.17861
v 0.64716 46.74975 -4.48870
v 2.10365 53.16921 7.16062
v 2.07053 52.15414 7.04784
v 2.00859 51.16899 6.83690
v 1.91820 50.21408 6.52905
v 1.79945 49.28998 6.12461
v 1.65217 48.39771 5.62303
v 1.47598 47.53888 5.02300
v 1.27962 46.74975 4.35423
v 2.10728 54.21399 -7.16990
v 2.10365 53.16921 -7.15751
v 2.07053 52.15414 -7.04473
v 2.00859 51.16899 -6.83378
v 1.91820 50.21408 -6.52594
v 1.79945 49.28998 -6.12150
v 1.65217 48.39771 -5.61992
v 1.47598 47.53888 -5.01989
v 1.27962 46.74975 -4.35112
v 3.06699 55.28811 6.71392
v 3.10645 54.21399 6.80034
v 3.10109 53.16921 6.78859
v 3.05226 52.15414 6.68168
v 2.96093 51.16899 6.48169
v 2.82765 50.21408 6.18984
v 2.65255 49.28998 5.80642
v 2.43539 48.39771 5.33090
v 2.17560 47.53888 4.76205
v 1.88606 46.74975 4.12804
v 2.98154 56.38542 -6.52370
v 3.06699 55.28811 -6.71081
v 3.10645 54.21399 -6.79722
v 3.10109 53.16921 -6.78548
v 3.05226 52.15414 -6.67856
v 2.96093 51.16899 -6.47858
v 2.82765 50.21408 -6.18673
v 2.65255 49.28998 -5.80331
v 2.43539 48.39771 -5.32779
v 2.17560 47.53888 -4.75894
v 1.88606 46.74975 -4.12493
v 3.70508 57.51595 5.76436
v 3.87985 56.38542 6.03630
v 3.99106 55.28811 6.20934
v 4.04242 54.21399 6.28926
v 4.03544 53.16921 6.27840
v 3.97189 52.15414 6.17952
v 3.85303 51.16899 5.99457
v 3.67957 50.21408 5.72466
v 3.45168 49.28998 5.37006
v 3.16906 48.39771 4.93029
v 2.83096 47.53888 4.40420
v 2.45413 46.74975 3.81784
v 3.70508 57.51595 -5.76125
v 3.87985 56.38542 -6.03319
v 3.99106 55.28811 -6.20623
v 4.04242 54.21399 -6.28615
v 4.03544 53.16921 -6.27529
v 3.97189 52.15414 -6.17641
v 3.85303 51.16899 -5.99146
v 3.67957 50.21408 -5.72155
v 3.45168 49.28998 -5.36695
v 3.16906 48.39771 -4.92718
v 2.83096 47.53888 -4.40109
v 2.45413 46.74975 -3.81473
v 4.19584 58.67279 4.84201
v 4.84201 58.67279 4.19584
v 4.48752 57.51595 5.17863
v 5.17863 57.51595 4.48752
v 4.69921 56.38542 5.42294
v 5.42294 56.38542 4.69921
v 4.83391 55.28811 5.57839
v 5.57839 55.28811 4.83391
v 4.89612 54.21399 5.65019
v 5.65019 54.21399 4.89612
v 4.88767 53.16921 5.64043
v 5.64043 53.16921 4.88767
v 4.81070 52.15414 5.55160
v 5.55160 52.15414 4.81070
v 4.66672 51.16899 5.38545
v 5.38545 51.16899 4.66672
v 4.45661 50.21408 5.14297
v 5.14297 50.21408 4.45661
v 4.18058 49.28998 4.82441
v 4.82441 49.28998 4.18058
v 3.83825 48.39771 4.42934
v 4.42934 48.39771 3.83825
v 3.42872 47.53888 3.95672
v 3.95672 47.53888 3.42872
v 2.97228 46.74975 3.42996
v 3.42996 46.74975 2.97228
v 4.19584 58.67279 -4.83890
v 4.48752 57.51595 -5.17552
v 4.69921 56.38542 -5.41982
v 4.83391 55.28811 -5.57528
v 4.89612 54.21399 -5.64708
v 4.88767 53.16921 -5.63732
v 4.81070 52.15414 -5.54849
v 4.66672 51.16899 -5.38234
v 4.45661 50.21408 -5.13986
v 4.18058 49.28998 -4.82130
v 3.83825 48.39771 -4.42623
v 3.42872 47.53888 -3.95361
v 2.97228 46.74975 -3.42685
v 4.40877 59.85397 -3.81732
v 4.84201 58.67279 -4.19273
v 5.17863 57.51595 -4.48441
v 5.42294 56.38542 -4.69610
v 5.57839 55.28811 -4.83080
v 5.65019 54.21399 -4.89301
v 5.64043 53.16921 -4.88456
v 5.55160 52.15414 -4.80759
v 5.38545 51.16899 -4.66361
v 5.14297 50.21408 -4.45350
v 4.82441 49.28998 -4.17747
v 4.42934 48.39771 -3.83514
v 3.95672 47.53888 -3.42561
v 3.42996 46.74975 -2.96917
v 4.90740 59.85397 3.15435
v 5.30615 59.85397 2.42408
v 5.38965 58.67279 3.46428
v 5.82761 58.67279 2.66222
v 5.76436 57.51595 3.70508
v 6.23277 57.51595 2.84725
v 6.03630 56.38542 3.87985
v 6.52681 56.38542 2.98154
v 6.20934 55.28811 3.99106
v 6.71392 55.28811 3.06699
v 6.28926 54.21399 4.04242
v 6.80034 54.21399 3.10645
v 6.27840 53.16921 4.03544
v 6.78859 53.16921 3.10109
v 6.17952 52.15414 3.97189
v 6.68168 52.15414 3.05226
v 5.99457 51.16899 3.85303
v 6.48169 51.16899 2.96093
v 5.72466 50.21408 3.67957
v 6.18984 50.21408 2.82765
v 5.37006 49.28998 3.45168
v 5.80642 49.28998 2.65255
v 4.93029 48.39771 3.16906
v 5.33090 48.39771 2.43539
v 4.40420 47.53888 2.83096
v 4.76205 47.53888 2.17560
v 3.81784 46.74975 2.45413
v 4.12804 46.74975 1.88606
v 4.90740 59.85397 -3.15124
v 5.38965 58.67279 -3.46117
v 5.76436 57.51595 -3.70197
v 6.03630 56.38542 -3.87674
v 6.20934 55.28811 -3.98795
v 6.28926 54.21399 -4.03931
v 6.27840 53.16921 -4.03233
v 6.17952 52.15414 -3.96878
v 5.99457 51.16899 -3.84992
v 5.72466 50.21408 -3.67646
v 5.37006 49.28998 -3.44857
v 4.93029 48.39771 -3.16595
v 4.40420 47.53888 -2.82785
v 3.81784 46.74975 -2.45102
v 5.30615 59.85397 -2.42097
v 5.82761 58.67279 -2.65911
v 6.23277 57.51595 -2.84414
v 6.52681 56.38542 -2.97843
v 6.71392 55.28811 -3.06388
v 6.80034 54.21399 -3.10334
v 6.78859 53.16921 -3.09798
v 6.68168 52.15414 -3.04915
v 6.48169 51.16899 -2.95782
v 6.18984 50.21408 -2.82454
v 5.80642 49.28998 -2.64944
v 5.33090 48.39771 -2.43228
v 4.76205 47.53888 -2.17249
v 4.12804 46.74975 -1.88295
v 5.07398 61.05699 0.73086
v 5.12614 61.05699 0.00156
v 5.77378 59.85397 0.83148
v 5.83314 59.85397 0.00156
v 6.34121 58.67279 0.91306
v 6.40640 58.67279 0.00156
v 6.78209 57.51595 0.97645
v 6.85181 57.51595 0.00156
v 7.10205 56.38542 1.02245
v 7.17507 56.38542 0.00156
v 7.30566 55.28811 1.05173
v 7.38077 55.28811 0.00156
v 7.39969 54.21399 1.06525
v 7.47576 54.21399 0.00156
v 7.38691 53.16921 1.06341
v 7.46286 53.16921 0.00156
v 7.27057 52.15414 1.04668
v 7.34532 52.15414 0.00156
v 7.05295 51.16899 1.01539
v 7.12546 51.16899 0.00156
v 6.73537 50.21408 0.96973
v 6.80462 50.21408 0.00156
v 6.31815 49.28998 0.90974
v 6.38311 49.28998 0.00156
v 5.80071 48.39771 0.83535
v 5.86035 48.39771 0.00156
v 5.18172 47.53888 0.74635
v 5.23499 47.53888 0.00156
v 4.49181 46.74975 0.64716
v 4.53799 46.74975 0.00156
v 4.91856 61.05699 1.44532
v 5.59692 59.85397 1.64450
v 6.14696 58.67279 1.80601
v 6.57433 57.51595 1.93150
v 6.88449 56.38542 2.02257
v 7.08186 55.28811 2.08052
v 7.17301 54.21399 2.10728
v 7.16062 53.16921 2.10365
v 7.04784 52.15414 2.07053
v 6.83690 51.16899 2.00859
v 6.52905 50.21408 1.91820
v 6.12461 49.28998 1.79945
v 5.62303 48.39771 1.65217
v 5.02300 47.53888 1.47598
v 4.35423 46.74975 1.27962
v 1.20678 62.27884 -4.10306
v 4.91856 61.05699 -1.44221
v 5.59692 59.85397 -1.64139
v 6.14696 58.67279 -1.80290
v 6.57433 57.51595 -1.92838
v 6.88449 56.38542 -2.01946
v 7.08186 55.28811 -2.07741
v 7.17301 54.21399 -2.10417
v 7.16062 53.16921 -2.10054
v 7.04784 52.15414 -2.06742
v 6.83690 51.16899 -2.00548
v 6.52905 50.21408 -1.91509
v 6.12461 49.28998 -1.79634
v 5.62303 48.39771 -1.64906
v 5.02300 47.53888 -1.47287
v 4.35423 46.74975 -1.27650
v 5.07398 61.05699 -0.72775
v 5.77378 59.85397 -0.82837
v 6.34121 58.67279 -0.90995
v 6.78209 57.51595 -0.97334
v 7.10205 56.38542 -1.01934
v 7.30566 55.28811 -1.04862
v 7.39969 54.21399 -1.06214
v 7.38691 53.16921 -1.06030
v 7.27057 52.15414 -1.04357
v 7.05295 51.16899 -1.01228
v 6.73537 50.21408 -0.96662
v 6.31815 49.28998 -0.90663
v 5.80071 48.39771 -0.83224
v 5.18172 47.53888 -0.74324
v 4.49181 46.74975 -0.64405
v 1.77794 63.51603 2.76566
v 1.36648 63.51603 2.99033
v 0.92724 63.51603 -3.15105
v 1.36648 63.51603 -2.98722
v 1.77794 63.51603 -2.76255
v 0.89150 64.76466 1.95027
v 1.15978 64.76466 1.80378
v 1.40447 64.76466 1.62060
v 1.62060 64.76466 1.40447
v 1.80378 64.76466 1.15978
v 0.73086 61.05699 5.07398
v 1.20678 62.27884 4.10617
v 0.61037 62.27884 4.23592
v 0.92724 63.51603 3.15416
v 0.46916 63.51603 3.25381
v 0.60511 64.76466 2.05709
v 0.30644 64.76466 2.12206
v -2.45102 46.74975 3.81784
v -2.17249 47.53888 4.76205
v -2.82785 47.53888 4.40420
v -2.43228 48.39771 5.33090
v -3.16595 48.39771 4.93029
v -2.64944 49.28998 5.80642
v -3.44857 49.28998 5.37006
v -2.82454 50.21408 6.18984
v -3.67646 50.21408 5.72466
v -2.95782 51.16899 6.48169
v -3.84992 51.16899 5.99457
v -3.04915 52.15414 6.68168
v -3.96878 52.15414 6.17952
v -3.09798 53.16921 6.78859
v -4.03233 53.16921 6.27840
v -3.10334 54.21399 6.80034
v -4.03931 54.21399 6.28926
v -3.06388 55.28811 6.71392
v -3.98795 55.28811 6.20934
v -2.97843 56.38542 6.52681
v -3.87674 56.38542 6.03630
v -2.84414 57.51595 6.23277
v -3.70197 57.51595 5.76436
v -2.65911 58.67279 5.82761
v -3.46117 58.67279 5.38965
v -2.42097 59.85397 5.30615
v -3.15124 59.85397 4.90740
v -2.12727 61.05699 4.66304
v -2.76900 61.05699 4.31263
v -1.77555 62.27884 3.89287
v -2.31125 62.27884 3.60036
v -1.36337 63.51603 2.99033
v -1.77483 63.51603 2.76566
v -0.88839 64.76466 1.95027
v -1.15666 64.76466 1.80378
v -3.42561 47.53888 3.95672
v -3.95361 47.53888 3.42872
v -3.83514 48.39771 4.42934
v -4.42623 48.39771 3.83825
v -4.17747 49.28998 4.82441
v -4.82130 49.28998 4.18058
v -4.45350 50.21408 5.14297
v -5.13986 50.21408 4.45661
v -4.66361 51.16899 5.38545
v -5.38234 51.16899 4.66672
v -4.80759 52.15414 5.55160
v -5.54849 52.15414 4.81070
v -4.88456 53.16921 5.64043
v -5.63732 53.16921 4.88767
v -4.89301 54.21399 5.65019
v -5.64708 54.21399 4.89612
v -4.83080 55.28811 5.57839
v -5.57528 55.28811 4.83391
v -4.69610 56.38542 5.42294
v -5.41982 56.38542 4.69921
v -4.48441 57.51595 5.17863
v -5.17552 57.51595 4.48752
v -4.19273 58.67279 4.84201
v -4.83890 58.67279 4.19584
v -3.81732 59.85397 4.40877
v -4.40566 59.85397 3.82043
v -3.35433 61.05699 3.87446
v -3.87135 61.05699 3.35744
v -2.79988 62.27884 3.23458
v -3.23147 62.27884 2.80299
v -2.15012 63.51603 2.48472
v -2.48161 63.51603 2.15323
v -1.40136 64.76466 1.62060
v -1.61749 64.76466 1.40447
v -4.48870 46.74975 0.64716
v -5.01989 47.53888 1.47598
v -5.17861 47.53888 0.74635
v -5.61992 48.39771 1.65217
v -5.79761 48.39771 0.83535
v -6.12150 49.28998 1.79945
v -6.31504 49.28998 0.90974
v -6.52594 50.21408 1.91820
v -6.73226 50.21408 0.96973
v -6.83378 51.16899 2.00859
v -7.04984 51.16899 1.01539
v -7.04473 52.15414 2.07053
v -7.26746 52.15414 1.04668
v -7.15751 53.16921 2.10365
v -7.38380 53.16921 1.06341
v -7.16990 54.21399 2.10728
v -7.39658 54.21399 1.06525
v -7.07875 55.28811 2.08052
v -7.30255 55.28811 1.05173
v -6.88138 56.38542 2.02257
v -7.09894 56.38542 1.02245
v -6.57122 57.51595 1.93150
v -6.77897 57.51595 0.97645
v -6.14385 58.67279 1.80601
v -6.33810 58.67279 0.91306
v -5.59381 59.85397 1.64450
v -5.77067 59.85397 0.83148
v -4.91545 61.05699 1.44532
v -5.07087 61.05699 0.73086
v -4.10306 62.27884 1.20678
v -4.23281 62.27884 0.61037
v -3.15105 63.51603 0.92724
v -3.25070 63.51603 0.46916
v -2.05398 64.76466 0.60511
v -2.11895 64.76466 0.30644
v -5.23188 47.53888 0.00156
v -5.17861 47.53888 -0.74324
v -5.85724 48.39771 0.00156
v -5.79761 48.39771 -0.83224
v -6.38000 49.28998 0.00156
v -6.31504 49.28998 -0.90663
v -6.80151 50.21408 0.00156
v -6.73226 50.21408 -0.96662
v -7.12235 51.16899 0.00156
v -7.04984 51.16899 -1.01228
v -7.34221 52.15414 0.00156
v -7.26746 52.15414 -1.04357
v -7.45975 53.16921 0.00156
v -7.38380 53.16921 -1.06030
v -7.47265 54.21399 0.00156
v -7.39658 54.21399 -1.06214
v -7.37766 55.28811 0.00156
v -7.30255 55.28811 -1.04862
v -7.17196 56.38542 0.00156
v -7.09894 56.38542 -1.01934
v -6.84870 57.51595 0.00156
v -6.77897 57.51595 -0.97334
v -6.40329 58.67279 0.00156
v -6.33810 58.67279 -0.90995
v -5.83003 59.85397 0.00156
v -5.77067 59.85397 -0.82837
v -5.12303 61.05699 0.00156
v -5.07087 61.05699 -0.72775
v -4.27635 62.27884 0.00156
v -4.23281 62.27884 -0.60725
v -3.28415 63.51603 0.00156
v -3.25070 63.51603 -0.46605
v -2.14075 64.76466 0.00156
v -2.11895 64.76466 -0.30333
v -3.42685 46.74975 -2.96917
v -4.40109 47.53888 -2.82785
v -3.95361 47.53888 -3.42561
v -4.92718 48.39771 -3.16595
v -4.42623 48.39771 -3.83514
v -5.36695 49.28998 -3.44857
v -4.82130 49.28998 -4.17747
v -5.72155 50.21408 -3.67646
v -5.13986 50.21408 -4.45350
v -5.99146 51.16899 -3.84992
v -5.38234 51.16899 -4.66361
v -6.17641 52.15414 -3.96878
v -5.54849 52.15414 -4.80759
v -6.27529 53.16921 -4.03233
v -5.63732 53.16921 -4.88456
v -6.28615 54.21399 -4.03931
v -5.64708 54.21399 -4.89301
v -6.20623 55.28811 -3.98795
v -5.57528 55.28811 -4.83080
v -6.03319 56.38542 -3.87674
v -5.41982 56.38542 -4.69610
v -5.76125 57.51595 -3.70197
v -5.17552 57.51595 -4.48441
v -5.38654 58.67279 -3.46117
v -4.83890 58.67279 -4.19273
v -4.90429 59.85397 -3.15124
v -4.40566 59.85397 -3.81732
v -4.30952 61.05699 -2.76900
v -3.87135 61.05699 -3.35433
v -3.59725 62.27884 -2.31125
v -3.23147 62.27884 -2.79988
v -2.76255 63.51603 -1.77483
v -2.48161 63.51603 -2.15012
v -1.80067 64.76466 -1.15666
v -1.61749 64.76466 -1.40136
v -3.42561 47.53888 -3.95361
v -2.82785 47.53888 -4.40109
v -3.83514 48.39771 -4.42623
v -3.16595 48.39771 -4.92718
v -4.17747 49.28998 -4.82130
v -3.44857 49.28998 -5.36695
v -4.45350 50.21408 -5.13986
v -3.67646 50.21408 -5.72155
v -4.66361 51.16899 -5.38234
v -3.84992 51.16899 -5.99146
v -4.80759 52.15414 -5.54849
v -3.96878 52.15414 -6.17641
v -4.88456 53.16921 -5.63732
v -4.03233 53.16921 -6.27529
v -4.89301 54.21399 -5.64708
v -4.03931 54.21399 -6.28615
v -4.83080 55.28811 -5.57528
v -3.98795 55.28811 -6.20623
v -4.69610 56.38542 -5.41982
v -3.87674 56.38542 -6.03319
v -4.48441 57.51595 -5.17552
v -3.70197 57.51595 -5.76125
v -4.19273 58.67279 -4.83890
v -3.46117 58.67279 -5.38654
v -3.81732 59.85397 -4.40566
v -3.15124 59.85397 -4.90429
v -3.35433 61.05699 -3.87135
v -2.76900 61.05699 -4.30952
v -2.79988 62.27884 -3.23147
v -2.31125 62.27884 -3.59725
v -2.15012 63.51603 -2.48161
v -1.77483 63.51603 -2.76255
v -1.40136 64.76466 -1.61749
v -1.15666 64.76466 -1.80067
v 0.00156 57.51595 -6.84870
v 0.00156 58.67279 -6.40329
v 0.00156 59.85397 -5.83003
v 0.83148 59.85397 -5.77067
v 0.00156 61.05699 -5.12303
v 0.73086 61.05699 -5.07087
v 0.00156 62.27884 -4.27635
v 0.61037 62.27884 -4.23281
v 0.00156 63.51603 -3.28415
v 0.46916 63.51603 -3.25070
v 0.00156 64.76466 -2.14075
v 0.30644 64.76466 -2.11895
v 0.60511 64.76466 -2.05398
v 0.89150 64.76466 -1.94716
v 1.15978 64.76466 -1.80067
v 1.40447 64.76466 -1.61749
v 1.62060 64.76466 -1.40136
v 1.80378 64.76466 -1.15666
v 2.05709 64.76466 0.60511
v 2.12206 64.76466 0.30644
v 2.14386 64.76466 0.00156
v 2.12206 64.76466 -0.30333
v 2.05709 64.76466 -0.60200
v 0.83804 66.01348 0.14492
v 0.81713 66.01348 0.24103
v 0.80110 66.01348 0.28401
v 0.77475 66.01348 0.35466
v 0.74176 66.01348 0.41508
v 0.71663 66.01348 0.46110
v 0.66162 66.01348 0.53459
v 0.64395 66.01348 0.55819
v 0.55819 66.01348 0.64395
v 0.46110 66.01348 0.71663
v 0.35466 66.01348 0.77475
v 0.31782 66.01348 0.78849
v 0.24103 66.01348 0.81713
v 0.18017 66.01348 0.83037
v 0.12252 66.01348 0.84291
v 0.03750 66.01348 0.84899
v 0.00156 58.67279 6.40640
v 0.00156 59.85397 5.83314
v 0.00156 61.05699 5.12614
v 0.00156 62.27884 4.27946
v 0.00156 63.51603 3.28726
v 0.00156 64.76466 2.14386
v 0.00156 66.01348 0.85156
v -1.04862 55.28811 7.30566
v -1.01934 56.38542 7.10205
v -0.97334 57.51595 6.78209
v -0.90995 58.67279 6.34121
v -0.82837 59.85397 5.77378
v -0.72775 61.05699 5.07398
v -0.60725 62.27884 4.23592
v -0.46605 63.51603 3.25381
v -0.30333 64.76466 2.12206
v -0.11941 66.01348 0.84291
v -1.27650 46.74975 4.35423
v -1.47287 47.53888 5.02300
v -1.64906 48.39771 5.62303
v -1.79634 49.28998 6.12461
v -1.91509 50.21408 6.52905
v -2.00548 51.16899 6.83690
v -2.06742 52.15414 7.04784
v -2.10054 53.16921 7.16062
v -2.10417 54.21399 7.17301
v -2.07741 55.28811 7.08186
v -2.01946 56.38542 6.88449
v -1.92838 57.51595 6.57433
v -1.80290 58.67279 6.14696
v -1.64139 59.85397 5.59692
v -1.44221 61.05699 4.91856
v -1.20367 62.27884 4.10617
v -0.92413 63.51603 3.15416
v -0.60200 64.76466 2.05709
v -0.23792 66.01348 0.81713
v -0.35155 66.01348 0.77475
v -0.38030 66.01348 0.75905
v -0.45799 66.01348 0.71663
v -0.50260 66.01348 0.68324
v -0.55508 66.01348 0.64395
v -0.61072 66.01348 0.58831
v -0.64084 66.01348 0.55819
v -0.70174 66.01348 0.47683
v -4.40109 47.53888 2.83096
v -4.92718 48.39771 3.16906
v -5.36695 49.28998 3.45168
v -5.72155 50.21408 3.67957
v -5.99146 51.16899 3.85303
v -6.17641 52.15414 3.97189
v -6.27529 53.16921 4.03544
v -6.28615 54.21399 4.04242
v -6.20623 55.28811 3.99106
v -6.03319 56.38542 3.87985
v -5.76125 57.51595 3.70508
v -5.38654 58.67279 3.46428
v -4.90429 59.85397 3.15435
v -4.30952 61.05699 2.77211
v -3.59725 62.27884 2.31437
v -2.76255 63.51603 1.77794
v -1.80067 64.76466 1.15978
v -0.71352 66.01348 0.46110
v -4.12493 46.74975 1.88606
v -4.75894 47.53888 2.17560
v -5.32779 48.39771 2.43539
v -5.80331 49.28998 2.65255
v -6.18673 50.21408 2.82765
v -6.47858 51.16899 2.96093
v -6.67856 52.15414 3.05226
v -6.78548 53.16921 3.10109
v -6.79722 54.21399 3.10645
v -6.71081 55.28811 3.06699
v -6.52370 56.38542 2.98154
v -6.22966 57.51595 2.84725
v -5.82450 58.67279 2.66222
v -5.30304 59.85397 2.42408
v -4.65993 61.05699 2.13038
v -3.88976 62.27884 1.77866
v -2.98722 63.51603 1.36648
v -1.94716 64.76466 0.89150
v -0.77164 66.01348 0.35466
v -0.81402 66.01348 0.24103
v -0.81959 66.01348 0.21543
v -0.83980 66.01348 0.12252
v -0.84331 66.01348 0.07349
v -0.84845 66.01348 0.00156
v -0.84331 66.01348 -0.07038
v -0.83980 66.01348 -0.11941
v -0.81959 66.01348 -0.21232
v -5.01989 47.53888 -1.47287
v -5.61992 48.39771 -1.64906
v -6.12150 49.28998 -1.79634
v -6.52594 50.21408 -1.91509
v -6.83378 51.16899 -2.00548
v -7.04473 52.15414 -2.06742
v -7.15751 53.16921 -2.10054
v -7.16990 54.21399 -2.10417
v -7.07875 55.28811 -2.07741
v -6.88138 56.38542 -2.01946
v -6.57122 57.51595 -1.92838
v -6.14385 58.67279 -1.80290
v -5.59381 59.85397 -1.64139
v -4.91545 61.05699 -1.44221
v -4.10306 62.27884 -1.20367
v -3.15105 63.51603 -0.92413
v -2.05398 64.76466 -0.60200
v -0.81402 66.01348 -0.23792
v -4.12493 46.74975 -1.88295
v -4.75894 47.53888 -2.17249
v -5.32779 48.39771 -2.43228
v -5.80331 49.28998 -2.64944
v -6.18673 50.21408 -2.82454
v -6.47858 51.16899 -2.95782
v -6.67856 52.15414 -3.04915
v -6.78548 53.16921 -3.09798
v -6.79722 54.21399 -3.10334
v -6.71081 55.28811 -3.06388
v -6.52370 56.38542 -2.97843
v -6.22966 57.51595 -2.84414
v -5.82450 58.67279 -2.65911
v -5.30304 59.85397 -2.42097
v -4.65993 61.05699 -2.12727
v -3.88976 62.27884 -1.77555
v -2.98722 63.51603 -1.36337
v -1.94716 64.76466 -0.88839
v -0.77164 66.01348 -0.35155
v -0.71352 66.01348 -0.45799
v -0.70174 66.01348 -0.47372
v -0.64084 66.01348 -0.55508
v -0.61072 66.01348 -0.58520
v -0.55508 66.01348 -0.64084
v -0.50260 66.01348 -0.68013
v -0.45799 66.01348 -0.71352
v -0.38030 66.01348 -0.75594
v -2.17249 47.53888 -4.75894
v -2.43228 48.39771 -5.32779
v -2.64944 49.28998 -5.80331
v -2.82454 50.21408 -6.18673
v -2.95782 51.16899 -6.47858
v -3.04915 52.15414 -6.67856
v -3.09798 53.16921 -6.78548
v -3.10334 54.21399 -6.79722
v -3.06388 55.28811 -6.71081
v -2.97843 56.38542 -6.52370
v -2.84414 57.51595 -6.22966
v -2.65911 58.67279 -5.82450
v -2.42097 59.85397 -5.30304
v -2.12727 61.05699 -4.65993
v -1.77555 62.27884 -3.88976
v -1.36337 63.51603 -2.98722
v -0.88839 64.76466 -1.94716
v -0.35155 66.01348 -0.77164
v -1.47287 47.53888 -5.01989
v -1.64906 48.39771 -5.61992
v -1.79634 49.28998 -6.12150
v -1.91509 50.21408 -6.52594
v -2.00548 51.16899 -6.83378
v -2.06742 52.15414 -7.04473
v -2.10054 53.16921 -7.15751
v -2.10417 54.21399 -7.16990
v -2.07741 55.28811 -7.07875
v -2.01946 56.38542 -6.88138
v -1.92838 57.51595 -6.57122
v -1.80290 58.67279 -6.14385
v -1.64139 59.85397 -5.59381
v -1.44221 61.05699 -4.91545
v -1.20367 62.27884 -4.10306
v -0.92413 63.51603 -3.15105
v -0.60200 64.76466 -2.05398
v -0.23792 66.01348 -0.81402
v -1.04862 55.28811 -7.30255
v -1.01934 56.38542 -7.09894
v -0.97334 57.51595 -6.77897
v -0.90995 58.67279 -6.33810
v -0.82837 59.85397 -5.77067
v -0.72775 61.05699 -5.07087
v -0.60725 62.27884 -4.23281
v -0.46605 63.51603 -3.25070
v -0.30333 64.76466 -2.11895
v -0.11941 66.01348 -0.83980
v 0.00156 66.01348 -0.84845
v 0.03750 66.01348 -0.84588
v 0.12252 66.01348 -0.83980
v 0.18017 66.01348 -0.82726
v 1.67670 58.67247 -6.17706
v 0.24103 66.01348 -0.81402
v 0.31782 66.01348 -0.78538
v 0.35466 66.01348 -0.77164
v 0.46110 66.01348 -0.71352
v 0.55819 66.01348 -0.64084
v 0.64395 66.01348 -0.55508
v 0.66162 66.01348 -0.53148
v 0.71663 66.01348 -0.45799
v 0.74176 66.01348 -0.41197
v 0.77475 66.01348 -0.35155
v 0.80110 66.01348 -0.28090
v 0.81713 66.01348 -0.23792
v 0.83804 66.01348 -0.14181
v 0.84291 66.01348 -0.11941
v 0.85156 66.01348 0.00156
v 0.84291 66.01348 0.12252
v 0.94856 66.16212 -0.16083
v 0.90750 66.16212 -0.31853
v 0.84037 66.16212 -0.46703
v 0.74911 66.16212 -0.60206
v 0.04233 66.16212 -0.95841
v -0.69212 66.16212 -0.66328
v -0.79450 66.16212 -0.53648
v -0.95581 66.16212 0.08304
v -0.92827 66.16212 0.24366
v -0.87398 66.16212 0.39732
v -0.43101 66.16212 0.85950
v 0.35981 66.16212 0.89310
v -0.30054 67.83567 -0.20263
v -0.15154 67.88078 -0.10192
v -0.13185 67.88078 -0.12631
v 0.07838 67.83567 0.35800
v 0.04049 67.88078 0.18220
v 0.00940 67.88078 0.18618
v 0.00156 67.89594 0.00156
v -0.16683 67.88078 -0.07456
v -0.10833 67.88078 0.15013
v -0.08164 67.88078 0.16656
v 0.07045 67.88078 0.17302
v 0.13751 67.83567 0.33989
v 0.20092 67.76185 0.49771
v 0.09844 67.88078 0.15891
v -0.33071 67.83567 -0.14864
v -0.48569 67.76185 -0.21869
v -0.17727 67.88078 -0.04501
v 0.19273 67.83567 0.31205
v 0.28191 67.76185 0.45688
v 0.36358 67.66128 0.58951
v 0.12364 67.88078 0.14027
v -0.35131 67.83567 -0.09032
v -0.51590 67.76185 -0.13318
v -0.66664 67.66128 -0.17243
v -0.18257 67.88078 -0.01412
v 0.24246 67.83567 0.27527
v 0.35482 67.76185 0.40295
v 0.45773 67.66128 0.51987
v 0.54843 67.53664 0.62292
v 0.14533 67.88078 0.11764
v -0.36176 67.83567 -0.02937
v -0.53123 67.76185 -0.04379
v -0.68643 67.66128 -0.05700
v -0.82321 67.53664 -0.06864
v -0.18257 67.88078 0.01723
v 0.28525 67.83567 0.23062
v 0.41758 67.76185 0.33747
v 0.53877 67.66128 0.43532
v 0.64557 67.53664 0.52156
v 0.73514 67.39130 0.59388
v 0.16288 67.88078 0.09168
v -0.36176 67.83567 0.03248
v -0.53123 67.76185 0.04690
v -0.68643 67.66128 0.06011
v -0.82321 67.53664 0.07175
v -0.93791 67.39130 0.08152
v -0.17727 67.88078 0.04812
v 0.31988 67.83567 0.17938
v 0.46836 67.76185 0.26233
v 0.60435 67.66128 0.33830
v 0.72419 67.53664 0.40524
v 0.82469 67.39130 0.46138
v 0.90315 67.22913 0.50522
v 0.17579 67.88078 0.06312
v -0.35131 67.83567 0.09343
v -0.51590 67.76185 0.13629
v -0.66664 67.66128 0.17554
v -0.79948 67.53664 0.21013
v -0.91088 67.39130 0.23914
v -0.99786 67.22913 0.26178
v -0.16683 67.88078 0.07767
v 0.34536 67.83567 0.12303
v 0.50572 67.76185 0.17969
v 0.65259 67.66128 0.23158
v 0.78202 67.53664 0.27731
v 0.89056 67.39130 0.31566
v 0.97530 67.22913 0.34560
v 1.03396 67.05447 0.36633
v 0.18369 67.88078 0.03278
v -0.33071 67.83567 0.15175
v -0.48569 67.76185 0.22180
v -0.62762 67.66128 0.28596
v -0.75271 67.53664 0.34251
v -0.85761 67.39130 0.38992
v -0.93950 67.22913 0.42694
v -0.99620 67.05447 0.45257
v -0.15154 67.88078 0.10503
v 0.36094 67.83567 0.06318
v 0.52857 67.76185 0.09192
v 0.68209 67.66128 0.11825
v 0.81740 67.53664 0.14145
v 0.93086 67.39130 0.16090
v 1.01943 67.22913 0.17609
v 1.08076 67.05447 0.18660
v 1.11319 66.87200 0.19217
v 0.18634 67.88078 0.00156
v -0.30054 67.83567 0.20574
v -0.44146 67.76185 0.30098
v -0.57051 67.66128 0.38820
v -0.68424 67.53664 0.46507
v -0.77962 67.39130 0.52954
v -0.85408 67.22913 0.57986
v -0.90563 67.05447 0.61470
v -0.93289 66.87200 0.63313
v -0.13185 67.88078 0.12942
v 0.36618 67.83567 0.00156
v 0.53626 67.76185 0.00156
v 0.69203 67.66128 0.00156
v 0.82930 67.53664 0.00156
v 0.94442 67.39130 0.00156
v 1.03429 67.22913 0.00156
v 1.09651 67.05447 0.00156
v 1.12942 66.87200 0.00156
v 1.13213 66.68661 0.00156
v 0.18369 67.88078 -0.02967
v -0.26169 67.83567 0.25386
v -0.38448 67.76185 0.37154
v -0.49693 67.66128 0.47932
v -0.59604 67.53664 0.57431
v -0.67915 67.39130 0.65396
v -0.74403 67.22913 0.71614
v -0.78896 67.05447 0.75920
v -0.81271 66.87200 0.78197
v -0.81467 66.68661 0.78384
v -1.02618 66.87200 0.46612
v -1.02865 66.68661 0.46724
v -0.93513 66.68661 0.63465
v 0.36094 67.83567 -0.06007
v 0.52857 67.76185 -0.08881
v 0.68209 67.66128 -0.11513
v 0.81740 67.53664 -0.13833
v 0.93086 67.39130 -0.15779
v 1.01943 67.22913 -0.17298
v 1.08076 67.05447 -0.18349
v 1.11319 66.87200 -0.18905
v 1.11586 66.68661 -0.18951
v 1.08870 66.50326 -0.18485
v 0.17579 67.88078 -0.06000
v -0.91230 66.50326 0.61921
v -0.79477 66.50326 0.76477
v -1.00354 66.50326 0.45589
v -0.86500 66.32686 0.58724
v 0.34536 67.83567 -0.11992
v 0.50572 67.76185 -0.17658
v 0.65259 67.66128 -0.22847
v 0.78202 67.53664 -0.27420
v 0.89056 67.39130 -0.31255
v 0.97530 67.22913 -0.34249
v 1.03396 67.05447 -0.36322
v 1.06499 66.87200 -0.37418
v 1.06755 66.68661 -0.37508
v 1.04156 66.50326 -0.36590
v 0.98773 66.32686 -0.34688
v 0.16288 67.88078 -0.08857
v -0.75355 66.32686 0.72527
v -0.69212 66.16212 0.66639
v 0.31988 67.83567 -0.17627
v 0.46836 67.76185 -0.25922
v 0.60435 67.66128 -0.33518
v 0.72419 67.53664 -0.40213
v 0.82469 67.39130 -0.45827
v 0.90315 67.22913 -0.50210
v 0.95747 67.05447 -0.53245
v 0.98619 66.87200 -0.54850
v 0.98856 66.68661 -0.54982
v 0.96450 66.50326 -0.53638
v 0.91466 66.32686 -0.50854
v 0.98773 66.32686 0.34999
v 0.90750 66.16212 0.32164
v 0.94856 66.16212 0.16394
v 0.74911 66.16212 0.60517
v 0.84037 66.16212 0.47014
v 0.81532 66.32686 0.65862
v 0.91466 66.32686 0.51164
v 0.85974 66.50326 0.69449
v 0.96450 66.50326 0.53949
v 0.88118 66.68661 0.71180
v 0.98856 66.68661 0.55293
v 0.87907 66.87200 0.71010
v 0.50532 66.16212 0.81973
v 0.63635 66.16212 0.72282
v 0.54994 66.32686 0.89219
v 0.69257 66.32686 0.78670
v 0.57987 66.50326 0.94080
v 0.73029 66.50326 0.82956
v 0.59432 66.68661 0.96427
v 0.74850 66.68661 0.85024
v 0.59290 66.87200 0.96196
v 0.74671 66.87200 0.84821
v 0.57565 67.05447 0.93394
v 0.72496 67.05447 0.82351
v 0.54303 67.22913 0.88096
v 0.04233 66.16212 0.96152
v 0.20398 66.16212 0.94082
v 0.04595 66.32686 1.04653
v 0.22191 66.32686 1.02400
v 0.04837 66.50326 1.10357
v 0.23394 66.50326 1.07981
v 0.04954 66.68661 1.13111
v 0.23974 66.68661 1.10675
v 0.04942 66.87200 1.12840
v 0.23917 66.87200 1.10410
v 0.04803 67.05447 1.09553
v 0.23224 67.05447 1.07194
v 0.04539 67.22913 1.03336
v 0.21913 67.22913 1.01111
v 0.04157 67.39130 0.94357
v 0.20020 67.39130 0.92326
v 0.03669 67.53664 0.82856
v 0.17595 67.53664 0.81072
v 0.03086 67.66128 0.69140
v -0.27980 66.16212 0.92027
v -0.12049 66.16212 0.95460
v -0.30471 66.32686 1.00163
v -0.13129 66.32686 1.03900
v -0.32143 66.50326 1.05622
v -0.13855 66.50326 1.09563
v -0.32950 66.68661 1.08257
v -0.14205 66.68661 1.12297
v -0.32871 66.87200 1.07998
v -0.14170 66.87200 1.12028
v -0.31907 67.05447 1.04852
v -0.13752 67.05447 1.08764
v -0.30085 67.22913 0.98902
v -0.12962 67.22913 1.02593
v -0.27454 67.39130 0.90309
v -0.11820 67.39130 0.93678
v -0.24083 67.53664 0.79302
v -0.10358 67.53664 0.82260
v -0.20063 67.66128 0.66176
v -0.08615 67.66128 0.68643
v -0.15502 67.76185 0.51283
v -0.06636 67.76185 0.53193
v -0.10522 67.83567 0.35020
v -0.95152 66.32686 0.43237
v -0.79450 66.16212 0.53959
v -0.92827 66.16212 -0.24055
v -0.95581 66.16212 -0.07993
v -1.01062 66.32686 -0.26199
v -1.04060 66.32686 -0.08714
v -1.06587 66.50326 -0.27638
v -1.09748 66.50326 -0.09199
v -1.09254 66.68661 -0.28332
v -1.12494 66.68661 -0.09432
v -1.08991 66.87200 -0.28264
v -1.12224 66.87200 -0.09409
v -1.05807 67.05447 -0.27435
v -1.08946 67.05447 -0.09130
v -0.99786 67.22913 -0.25867
v -1.02746 67.22913 -0.08603
v -0.91088 67.39130 -0.23603
v -0.93791 67.39130 -0.07840
v -0.79948 67.53664 -0.20702
v -0.10833 67.88078 -0.14701
v -0.08164 67.88078 -0.16345
v -0.21527 67.83567 -0.29161
v -0.16260 67.83567 -0.32403
v -0.31640 67.76185 -0.42835
v -0.23917 67.76185 -0.47590
v -0.40902 67.66128 -0.55358
v -0.30930 67.66128 -0.61498
v -0.49065 67.53664 -0.66395
v -0.37110 67.53664 -0.73756
v -0.55910 67.39130 -0.75650
v -0.42293 67.39130 -0.84035
v -0.61254 67.22913 -0.82876
v -0.46339 67.22913 -0.92060
v -0.64954 67.05447 -0.87879
v -0.49140 67.05447 -0.97616
v -0.66911 66.87200 -0.90524
v -0.50621 66.87200 -1.00554
v -0.67072 66.68661 -0.90742
v -0.50743 66.68661 -1.00796
v -0.65433 66.50326 -0.88526
v -0.49502 66.50326 -0.98335
v -0.62038 66.32686 -0.83936
v -0.46932 66.32686 -0.93237
v -0.56978 66.16212 -0.77095
v -0.43101 66.16212 -0.85639
v -0.12049 66.16212 -0.95149
v -0.27980 66.16212 -0.91715
v -0.13129 66.32686 -1.03589
v -0.30471 66.32686 -0.99852
v -0.13855 66.50326 -1.09252
v -0.32143 66.50326 -1.05311
v -0.14205 66.68661 -1.11986
v -0.32950 66.68661 -1.07946
v -0.14170 66.87200 -1.11717
v -0.32871 66.87200 -1.07687
v -0.13752 67.05447 -1.08453
v -0.31907 67.05447 -1.04541
v -0.12962 67.22913 -1.02281
v -0.30085 67.22913 -0.98591
v -0.11820 67.39130 -0.93367
v -0.27454 67.39130 -0.89998
v -0.10358 67.53664 -0.81949
v -0.24083 67.53664 -0.78991
v -0.08615 67.66128 -0.68332
v -0.20063 67.66128 -0.65865
v -0.06636 67.76185 -0.52882
v -0.15502 67.76185 -0.50972
v -0.04476 67.83567 -0.36012
v -0.10522 67.83567 -0.34709
v -0.02192 67.88078 -0.18174
v -0.05255 67.88078 -0.17513
v 0.35981 66.16212 -0.88998
v 0.20398 66.16212 -0.93771
v 0.39153 66.32686 -0.96894
v 0.22191 66.32686 -1.02089
v 0.41282 66.50326 -1.02192
v 0.23394 66.50326 -1.07670
v 0.42310 66.68661 -1.04749
v 0.23974 66.68661 -1.10364
v 0.42209 66.87200 -1.04498
v 0.23917 66.87200 -1.10099
v 0.40982 67.05447 -1.01444
v 0.23224 67.05447 -1.06883
v 0.38662 67.22913 -0.95671
v 0.21913 67.22913 -1.00800
v 0.35311 67.39130 -0.87332
v 0.20020 67.39130 -0.92015
v 0.31019 67.53664 -0.76650
v 0.17595 67.53664 -0.80761
v 0.25900 67.66128 -0.63913
v 0.14702 67.66128 -0.67342
v 0.20092 67.76185 -0.49460
v 0.11421 67.76185 -0.52115
v 0.13751 67.83567 -0.33678
v 0.07838 67.83567 -0.35489
v 0.07045 67.88078 -0.16991
v 0.04049 67.88078 -0.17909
v 0.63635 66.16212 -0.71971
v 0.50532 66.16212 -0.81662
v 0.69257 66.32686 -0.78359
v 0.54994 66.32686 -0.88908
v 0.73029 66.50326 -0.82645
v 0.57987 66.50326 -0.93769
v 0.74850 66.68661 -0.84713
v 0.59432 66.68661 -0.96116
v 0.74671 66.87200 -0.84510
v 0.59290 66.87200 -0.95885
v 0.72496 67.05447 -0.82040
v 0.57565 67.05447 -0.93083
v 0.68386 67.22913 -0.77369
v 0.54303 67.22913 -0.87785
v 0.62448 67.39130 -0.70623
v 0.49591 67.39130 -0.80132
v 0.54843 67.53664 -0.61981
v 0.43555 67.53664 -0.70330
v 0.45773 67.66128 -0.51676
v 0.36358 67.66128 -0.58640
v 0.35482 67.76185 -0.39984
v 0.28191 67.76185 -0.45376
v 0.24246 67.83567 -0.27216
v 0.19273 67.83567 -0.30894
v 0.12364 67.88078 -0.13716
v 0.09844 67.88078 -0.15580
v 1.04156 66.50326 0.36901
v 1.03243 66.32686 0.17832
v 0.96238 66.16212 0.00156
v 0.39153 66.32686 0.97205
v 0.41282 66.50326 1.02503
v 0.42310 66.68661 1.05060
v 0.42209 66.87200 1.04809
v 0.40982 67.05447 1.01755
v 0.38662 67.22913 0.95982
v 0.35311 67.39130 0.87643
v -0.46932 66.32686 0.93548
v -0.49502 66.50326 0.98646
v -0.50743 66.68661 1.01107
v -0.50621 66.87200 1.00865
v -0.49140 67.05447 0.97927
v -0.46339 67.22913 0.92371
v -0.42293 67.39130 0.84346
v -0.37110 67.53664 0.74067
v -0.30930 67.66128 0.61810
v -0.23917 67.76185 0.47901
v -0.16260 67.83567 0.32714
v -0.21527 67.83567 0.29472
v -0.31640 67.76185 0.43146
v -0.40902 67.66128 0.55669
v -0.49065 67.53664 0.66706
v -0.55910 67.39130 0.75962
v -0.61254 67.22913 0.83187
v -0.64954 67.05447 0.88190
v -0.66911 66.87200 0.90835
v -0.67072 66.68661 0.91053
v -0.65433 66.50326 0.88837
v -0.62038 66.32686 0.84247
v -0.56978 66.16212 0.77406
v -1.01062 66.32686 0.26510
v -1.06587 66.50326 0.27949
v -1.09254 66.68661 0.28643
v -1.08991 66.87200 0.28575
v -1.05807 67.05447 0.27746
v -1.04060 66.32686 0.09026
v -1.09748 66.50326 0.09510
v -1.12494 66.68661 0.09743
v -1.12224 66.87200 0.09720
v -1.08946 67.05447 0.09441
v -1.02746 67.22913 0.08914
v -0.87398 66.16212 -0.39421
v -0.95152 66.32686 -0.42926
v -1.00354 66.50326 -0.45278
v -1.02865 66.68661 -0.46413
v -1.02618 66.87200 -0.46301
v -0.99620 67.05447 -0.44946
v -0.93950 67.22913 -0.42383
v -0.85761 67.39130 -0.38681
v -0.75271 67.53664 -0.33940
v -0.62762 67.66128 -0.28285
v -0.86500 66.32686 -0.58413
v -0.91230 66.50326 -0.61610
v -0.93513 66.68661 -0.63154
v -0.93289 66.87200 -0.63002
v -0.90563 67.05447 -0.61159
v -0.85408 67.22913 -0.57675
v -0.77962 67.39130 -0.52642
v -0.68424 67.53664 -0.46196
v -0.57051 67.66128 -0.38509
v -0.44146 67.76185 -0.29787
v -0.75355 66.32686 -0.72216
v -0.79477 66.50326 -0.76166
v -0.81467 66.68661 -0.78073
v -0.81271 66.87200 -0.77886
v -0.78896 67.05447 -0.75609
v -0.74403 67.22913 -0.71303
v -0.67915 67.39130 -0.65085
v -0.59604 67.53664 -0.57120
v -0.49693 67.66128 -0.47621
v -0.38448 67.76185 -0.36843
v -0.26169 67.83567 -0.25075
v 0.04595 66.32686 -1.04342
v 0.04837 66.50326 -1.10046
v 0.04954 66.68661 -1.12800
v 0.04942 66.87200 -1.12529
v 0.04803 67.05447 -1.09241
v 0.04539 67.22913 -1.03025
v 0.04157 67.39130 -0.94046
v 0.03669 67.53664 -0.82545
v 0.03086 67.66128 -0.68829
v 0.02425 67.76185 -0.53267
v 0.01703 67.83567 -0.36275
v 0.00940 67.88078 -0.18307
v 0.81532 66.32686 -0.65551
v 0.85974 66.50326 -0.69138
v 0.88118 66.68661 -0.70869
v 0.87907 66.87200 -0.70699
v 0.85347 67.05447 -0.68632
v 0.80506 67.22913 -0.64723
v 0.73514 67.39130 -0.59077
v 0.64557 67.53664 -0.51845
v 0.53877 67.66128 -0.43221
v 0.41758 67.76185 -0.33436
v 0.28525 67.83567 -0.22751
v 0.14533 67.88078 -0.11453
v -0.02192 67.88078 0.18485
v 0.01703 67.83567 0.36586
v 0.11421 67.76185 0.52426
v 0.25900 67.66128 0.64224
v 0.43555 67.53664 0.70641
v 0.62448 67.39130 0.70934
v 0.80506 67.22913 0.65034
v 0.95747 67.05447 0.53556
v 1.06499 66.87200 0.37729
v 1.11586 66.68661 0.19262
v 1.10457 66.50326 0.00156
v 1.03243 66.32686 -0.17521
v -0.05255 67.88078 0.17824
v -0.04476 67.83567 0.36323
v 0.02425 67.76185 0.53578
v 0.14702 67.66128 0.67653
v 0.31019 67.53664 0.76961
v 0.49591 67.39130 0.80443
v 0.68386 67.22913 0.77680
v 0.85347 67.05447 0.68943
v 0.98619 66.87200 0.55161
v 1.06755 66.68661 0.37819
v 1.08870 66.50326 0.18797
v 1.04748 66.32686 0.00156
v 4.29121 0.00000 14.96137
v 2.16746 0.00000 15.41278
v 0.00156 0.00000 0.00156
v 0.00156 0.00000 15.56424
v -2.16435 0.00000 15.41278
v 10.00506 0.00000 11.92326
v 8.24852 0.00000 13.19946
v 6.33147 0.00000 14.21878
v 13.98920 0.00000 6.82379
v 12.90360 0.00000 8.70410
v 11.56688 0.00000 10.41502
v 15.55476 0.00000 0.54469
v 15.32781 0.00000 2.70399
v 14.80255 0.00000 4.81069
v 14.43102 0.00000 -5.82833
v 15.10196 0.00000 -3.76340
v 15.47899 0.00000 -1.62519
v 10.81230 0.00000 -11.19330
v 12.26512 0.00000 -9.57979
v 13.47924 0.00000 -7.77979
v 5.32431 0.00000 -14.62258
v 7.30779 0.00000 -13.73948
v 9.14907 0.00000 -12.58892
v -1.08404 0.00000 -15.52322
v 1.08715 0.00000 -15.52322
v 3.23722 0.00000 -15.22105
v -7.30468 0.00000 -13.73948
v -5.32120 0.00000 -14.62258
v -3.23411 0.00000 -15.22105
v -12.26201 0.00000 -9.57979
v -10.80919 0.00000 -11.19330
v -9.14596 0.00000 -12.58892
v -15.09885 0.00000 -3.76340
v -14.42791 0.00000 -5.82833
v -13.47612 0.00000 -7.77979
v -15.32470 0.00000 2.70399
v -15.55165 0.00000 0.54469
v -15.47587 0.00000 -1.62519
v -12.90049 0.00000 8.70410
v -13.98609 0.00000 6.82379
v -14.79944 0.00000 4.81069
v -8.24541 0.00000 13.19946
v -10.00195 0.00000 11.92326
v -11.56377 0.00000 10.41502
v -4.28810 0.00000 14.96137
v -6.32836 0.00000 14.21878
v 0.00156 0.87040 15.56424
v -1.08404 0.87040 15.52633
v -2.15908 0.87040 15.37524
v -3.23411 0.87040 15.22416
v -4.27765 0.87040 14.92493
v -5.32120 0.87040 14.62569
v -6.31294 0.87040 14.18414
v -7.30468 0.87040 13.74259
v -8.22532 0.87040 13.16731
v -9.14596 0.87040 12.59203
v -9.97758 0.87040 11.89422
v -10.80919 0.87040 11.19641
v -11.53560 0.87040 10.38966
v -12.26201 0.87040 9.58290
v -12.86907 0.87040 8.68290
v -13.47612 0.87040 7.78290
v -13.95202 0.87040 6.80717
v -14.42791 0.87040 5.83144
v -14.76338 0.87040 4.79898
v -15.09885 0.87040 3.76651
v -15.28736 0.87040 2.69740
v -15.47587 0.87040 1.62830
v -15.51376 0.87040 0.54336
v -15.55165 0.87040 -0.54157
v -15.43817 0.87040 -1.62122
v -15.32470 0.87040 -2.70088
v -15.06207 0.87040 -3.75423
v -14.79944 0.87040 -4.80758
v -14.39276 0.87040 -5.81413
v -13.98609 0.87040 -6.82068
v -13.44329 0.87040 -7.76083
v -12.90049 0.87040 -8.70099
v -12.23213 0.87040 -9.55645
v -11.56377 0.87040 -10.41191
v -10.78286 0.87040 -11.16603
v -10.00195 0.87040 -11.92015
v -9.12368 0.87040 -12.55825
v -8.24541 0.87040 -13.19635
v -7.28688 0.87040 -13.70601
v -6.32836 0.87040 -14.21566
v -5.30823 0.87040 -14.58696
v -4.28810 0.87040 -14.95826
v -3.22623 0.87040 -15.18396
v -2.16435 0.87040 -15.40967
v -1.08140 0.87040 -15.48540
v 0.00156 0.87040 -15.56113
v 1.08451 0.87040 -15.48540
v 2.16746 0.87040 -15.40967
v 3.22934 0.87040 -15.18396
v 4.29121 0.87040 -14.95826
v 5.31134 0.87040 -14.58696
v 6.33147 0.87040 -14.21566
v 7.29000 0.87040 -13.70601
v 8.24852 0.87040 -13.19635
v 9.12679 0.87040 -12.55825
v 10.00506 0.87040 -11.92015
v 10.78597 0.87040 -11.16603
v 11.56688 0.87040 -10.41191
v 12.23524 0.87040 -9.55645
v 12.90360 0.87040 -8.70099
v 13.44640 0.87040 -7.76083
v 13.98920 0.87040 -6.82068
v 14.39587 0.87040 -5.81413
v 14.80255 0.87040 -4.80758
v 15.06518 0.87040 -3.75423
v 15.32781 0.87040 -2.70088
v 15.44128 0.87040 -1.62122
v 15.55476 0.87040 -0.54157
v 15.51687 0.87040 0.54336
v 15.47899 0.87040 1.62830
v 15.29047 0.87040 2.69740
v 15.10196 0.87040 3.76651
v 14.76649 0.87040 4.79898
v 14.43102 0.87040 5.83144
v 13.95513 0.87040 6.80717
v 13.47924 0.87040 7.78290
v 12.87218 0.87040 8.68290
v 12.26512 0.87040 9.58290
v 11.53871 0.87040 10.38966
v 10.81230 0.87040 11.19641
v 9.98069 0.87040 11.89422
v 9.14907 0.87040 12.59203
v 8.22843 0.87040 13.16731
v 7.30779 0.87040 13.74259
v 6.31605 0.87040 14.18414
v 5.32431 0.87040 14.62569
v 4.28076 0.87040 14.92493
v 3.23722 0.87040 15.22416
v 2.16219 0.87040 15.37524
v 1.08715 0.87040 15.52633
v -8.81263 1.66134 -10.73856
v -7.71747 1.66134 -11.55079
v -7.35371 1.66134 -11.76882
v -6.54798 1.66134 -12.25176
v -11.51471 1.66134 -7.76611
v -10.73856 1.66134 -8.81263
v -10.31127 1.66134 -9.28408
v -9.82290 1.66134 -9.82290
v -8.92482 1.66134 -10.63688
v -13.62536 1.66134 -2.70901
v -13.29406 1.66134 -4.03163
v -13.20223 1.66134 -4.28828
v -12.83472 1.66134 -5.31540
v -12.47196 1.66134 -6.08239
v -12.25176 1.66134 -6.54798
v -11.55079 1.66134 -7.71747
v -13.82543 1.66134 1.36339
v -13.89233 1.66134 0.00156
v -13.86854 1.66134 -0.48258
v -13.82543 1.66134 -1.36028
v -13.66980 1.66134 -2.40939
v -12.25176 1.66134 6.55109
v -12.83472 1.66134 5.31851
v -12.87553 1.66134 5.20447
v -13.29406 1.66134 4.03474
v -13.46339 1.66134 3.35872
v -13.62536 1.66134 2.71212
v -13.81210 1.66134 1.45325
v -9.82290 1.66134 9.82601
v -10.73856 1.66134 8.81574
v -10.93704 1.66134 8.54812
v -11.55079 1.66134 7.72058
v -12.01814 1.66134 6.94085
v -6.54798 1.66134 12.25487
v -7.71747 1.66134 11.55390
v -8.15549 1.66134 11.22904
v -8.81263 1.66134 10.74167
v -9.64338 1.66134 9.98873
v -1.36028 1.66134 13.82854
v -2.70901 1.66134 13.62847
v -2.88527 1.66134 13.58432
v -4.03163 1.66134 13.29717
v -4.74486 1.66134 13.04197
v -5.31540 1.66134 12.83783
v -6.52061 1.66134 12.26781
v 2.71212 1.66134 13.62847
v 1.36339 1.66134 13.82854
v 0.97007 1.66134 13.84786
v 0.00156 1.66134 13.89544
v -0.96696 1.66134 13.84786
v 6.52372 1.66134 12.26781
v 5.31851 1.66134 12.83783
v 4.74797 1.66134 13.04197
v 4.03474 1.66134 13.29717
v 2.88838 1.66134 13.58432
v 10.74167 1.66134 8.81574
v 9.82601 1.66134 9.82601
v 9.64649 1.66134 9.98873
v 8.81574 1.66134 10.74167
v 8.15860 1.66134 11.22904
v 7.72058 1.66134 11.55390
v 6.55109 1.66134 12.25487
v 12.83783 1.66134 5.31851
v 12.25487 1.66134 6.55109
v 12.02125 1.66134 6.94085
v 11.55390 1.66134 7.72058
v 10.94016 1.66134 8.54812
v 13.89544 1.66134 0.00156
v 13.82854 1.66134 1.36339
v 13.81521 1.66134 1.45325
v 13.62847 1.66134 2.71212
v 13.46651 1.66134 3.35872
v 13.29717 1.66134 4.03474
v 12.87864 1.66134 5.20447
v 13.29717 1.66134 -4.03163
v 13.62847 1.66134 -2.70901
v 13.67291 1.66134 -2.40939
v 13.82854 1.66134 -1.36028
v 13.87165 1.66134 -0.48258
v 11.55390 1.66134 -7.71747
v 12.25487 1.66134 -6.54798
v 12.47507 1.66134 -6.08239
v 12.83783 1.66134 -5.31540
v 13.20534 1.66134 -4.28828
v 7.72058 1.66134 -11.55079
v 8.81574 1.66134 -10.73856
v 8.92793 1.66134 -10.63688
v 9.82601 1.66134 -9.82290
v 10.31438 1.66134 -9.28408
v 10.74167 1.66134 -8.81263
v 11.51782 1.66134 -7.76611
v 4.03474 1.66134 -13.29406
v 5.31851 1.66134 -12.83472
v 5.64711 1.66134 -12.67930
v 6.55109 1.66134 -12.25176
v 7.35682 1.66134 -11.76882
v -5.64400 1.66134 -12.67930
v -5.31540 1.66134 -12.83472
v -4.03163 1.66134 -13.29406
v -3.82598 1.66134 -13.34557
v -2.70901 1.66134 -13.62536
v -1.92970 1.66134 -13.74096
v -1.36028 1.66134 -13.82543
v 0.00156 1.66134 -13.89233
v 1.36339 1.66134 -13.82543
v 1.93281 1.66134 -13.74096
v 2.71212 1.66134 -13.62536
v 3.82909 1.66134 -13.34557
v 1.41202 1.95022 14.32227
v 4.17875 1.95022 13.77193
v 6.78495 1.95022 12.69240
v 9.13047 1.95022 11.12518
v 10.17682 1.95022 10.17682
v 11.96640 1.95022 7.99621
v 13.77193 1.95022 4.17875
v 14.32227 1.95022 1.41202
v 14.32227 1.95022 -1.40891
v 14.11506 1.95022 -2.80579
v 13.29618 1.95022 -5.50526
v 11.12518 1.95022 -9.12736
v 10.17682 1.95022 -10.17371
v 9.13047 1.95022 -11.12207
v 6.78495 1.95022 -12.68929
v 2.80891 1.95022 -14.11195
v -2.80579 1.95022 -14.11195
v -4.17564 1.95022 -13.76882
v -6.78184 1.95022 -12.68929
v -10.17371 1.95022 -10.17371
v -11.96329 1.95022 -7.99310
v -13.29307 1.95022 -5.50526
v -13.76882 1.95022 -4.17564
v -14.31915 1.95022 -1.40891
v -14.11195 1.95022 2.80891
v -13.76882 1.95022 4.17875
v -13.29307 1.95022 5.50837
v -11.96329 1.95022 7.99621
v -9.12736 1.95022 11.12518
v -5.50526 1.95022 13.29618
v -4.17564 1.95022 13.77193
v 1.95145 8.18718 12.31178
v 1.22463 8.18718 12.41960
v 1.28062 8.12986 12.98807
v 3.85427 8.18718 11.85990
v 3.62376 8.18718 11.94238
v 3.78958 8.12986 12.48900
v 5.66239 8.18718 11.11095
v 4.77673 8.18718 11.52984
v 4.99533 8.12986 12.05758
v 7.32742 8.18718 10.08498
v 6.93403 8.18718 10.37674
v 7.25139 8.12986 10.85169
v 11.11095 8.18718 5.66239
v 11.00628 8.18718 5.88370
v 11.51005 8.12986 6.15298
v 11.85990 8.18718 3.85427
v 11.52984 8.18718 4.77673
v 12.05758 8.12986 4.99533
v 12.31178 8.18718 1.95145
v 12.23992 8.18718 2.43592
v 12.80017 8.12986 2.54736
v 11.85990 8.18718 -3.85116
v 11.94238 8.18718 -3.62065
v 12.48900 8.12986 -3.78647
v 11.11095 8.18718 -5.65928
v 11.52984 8.18718 -4.77362
v 12.05758 8.12986 -4.99221
v 10.08498 8.18718 -7.32431
v 10.37674 8.18718 -6.93092
v 10.85169 8.12986 -7.24828
v 5.66239 8.18718 -11.10784
v 5.88370 8.18718 -11.00317
v 6.15298 8.12986 -11.50694
v 3.85427 8.18718 -11.85679
v 4.77673 8.18718 -11.52673
v 4.99533 8.12986 -12.05447
v 1.95145 8.18718 -12.30867
v 2.43592 8.18718 -12.23681
v 2.54736 8.12986 -12.79706
v -1.94834 8.18718 -12.30867
v -1.22152 8.18718 -12.41648
v -1.27750 8.12986 -12.98496
v -3.85116 8.18718 -11.85679
v -3.62065 8.18718 -11.93927
v -3.78647 8.12986 -12.48589
v -5.65928 8.18718 -11.10784
v -4.77362 8.18718 -11.52673
v -4.99221 8.12986 -12.05447
v -7.32431 8.18718 -10.08187
v -6.93092 8.18718 -10.37363
v -7.24828 8.12986 -10.84858
v -11.10784 8.18718 -5.65928
v -11.00317 8.18718 -5.88059
v -11.50694 8.12986 -6.14987
v -11.85679 8.18718 -3.85116
v -11.52673 8.18718 -4.77362
v -12.05447 8.12986 -4.99221
v -12.30867 8.18718 -1.94834
v -12.23681 8.18718 -2.43281
v -12.79706 8.12986 -2.54425
v -12.48589 8.12986 3.78958
v -11.93927 8.18718 3.62376
v -12.23681 8.18718 2.43592
v -10.84858 8.12986 7.25139
v -10.37363 8.18718 6.93403
v -11.00317 8.18718 5.88370
v -10.08187 8.18718 7.32742
v -7.32431 8.18718 10.08498
v -7.91448 8.18718 9.64728
v -8.27686 8.12986 10.08884
v -5.65928 8.18718 11.11095
v -5.88059 8.18718 11.00628
v -6.14987 8.12986 11.51005
v -3.85116 8.18718 11.85990
v -4.77362 8.18718 11.52984
v -4.99221 8.12986 12.05758
v -1.27750 8.12986 12.98807
v -1.22152 8.18718 12.41960
v -2.54425 8.12986 12.80017
v -1.94834 8.18718 12.31178
v -2.43281 8.18718 12.23992
v -8.82181 8.18718 8.82492
v -9.64417 8.18718 7.91759
v -9.22573 8.12986 9.22884
v -10.08573 8.12986 8.27998
v -9.61722 7.97804 9.62033
v -12.05447 8.12986 4.99533
v -11.52673 8.18718 4.77673
v -11.85679 8.18718 3.85427
v -12.41648 8.18718 -1.22152
v -7.91448 8.18718 -9.64417
v 1.22463 8.18718 -12.41648
v 9.64728 8.18718 -7.91448
v 12.41960 8.18718 1.22463
v 7.91759 8.18718 9.64728
v -8.62810 7.97804 10.51682
v -8.95834 7.73598 10.91922
v -6.93092 8.18718 10.37674
v -7.24828 8.12986 10.85169
v -7.55587 7.97804 11.31204
v -7.84508 7.73598 11.74488
v -8.10780 7.41046 12.13807
v -6.41086 7.97804 11.99834
v -6.65625 7.73598 12.45743
v -6.87917 7.41046 12.87448
v -7.07336 7.01061 13.23779
v -5.20409 7.97804 12.56909
v -5.40330 7.73598 13.05003
v -5.58427 7.41046 13.48693
v -5.74191 7.01061 13.86752
v -5.87182 6.54764 14.18115
v -3.62065 8.18718 11.94238
v -3.78647 8.12986 12.48900
v -3.94719 7.97804 13.01882
v -4.09830 7.73598 13.51697
v -4.23557 7.41046 13.96950
v -4.35516 7.01061 14.36371
v -4.45370 6.54764 14.68856
v -4.52844 6.03452 14.93494
v -2.65226 7.97804 13.34318
v -2.75382 7.73598 13.85375
v -2.84607 7.41046 14.31755
v -2.92644 7.01061 14.72158
v -2.99267 6.54764 15.05453
v -3.04290 6.03452 15.30705
v -3.07572 5.48563 15.47207
v -1.33177 7.97804 13.53906
v -1.38280 7.73598 14.05712
v -1.42915 7.41046 14.52773
v -1.46953 7.01061 14.93770
v -1.50280 6.54764 15.27553
v -1.52804 6.03452 15.53176
v -1.54453 5.48563 15.69920
v -1.55181 4.91637 15.77317
v -1.54969 4.34269 15.75158
v -3.09022 4.91637 15.54497
v -4.57728 5.48563 15.09595
v -5.97035 6.03452 14.41902
v -7.23338 6.54764 13.53718
v -8.33667 7.01061 12.48059
v -9.25834 7.41046 11.28477
v -9.98532 7.73598 9.98843
v -10.51371 7.97804 8.63121
v -1.53821 3.78066 15.63505
v -3.08599 4.34269 15.52369
v -4.59885 4.91637 15.16707
v -6.03474 5.48563 14.57447
v -7.35476 6.03452 13.76424
v -8.52527 6.54764 12.76285
v -9.51968 7.01061 11.60321
v -10.31970 7.41046 10.32281
v -10.91611 7.73598 8.96145
v -11.30893 7.97804 7.55898
v -11.50694 8.12986 6.15298
v -11.10784 8.18718 5.66239
v -1.51770 3.24605 15.42683
v -3.06315 3.78066 15.40884
v -4.59256 4.34269 15.14632
v -6.06318 4.91637 14.64313
v -7.43407 5.48563 13.91263
v -8.66831 6.03452 12.97693
v -9.73504 6.54764 11.86563
v -10.61099 7.01061 10.61410
v -11.28166 7.41046 9.26145
v -11.74177 7.73598 7.84819
v -11.99523 7.97804 6.41397
v -1.48874 2.75384 15.13277
v -3.02233 3.24605 15.20364
v -4.55857 3.78066 15.03426
v -6.05488 4.34269 14.62309
v -7.46911 4.91637 13.97818
v -8.76179 5.48563 13.11683
v -9.89837 6.03452 12.06465
v -10.85103 6.54764 10.85414
v -11.60010 7.01061 9.52279
v -12.13496 7.41046 8.11091
v -12.45432 7.73598 6.65936
v -12.56598 7.97804 5.20720
v 0.00156 8.18718 12.47968
v 0.00156 8.12986 13.05091
v 0.00156 7.97804 13.60456
v 0.00156 7.73598 14.12513
v 0.00156 7.41046 14.59802
v 0.00156 7.01061 15.00997
v 0.00156 6.54764 15.34943
v 0.00156 6.03452 15.60690
v 0.00156 5.48563 15.77516
v 0.00156 4.91637 15.84948
v 0.00156 4.34269 15.82779
v 0.00156 3.78066 15.71069
v 0.00156 3.24605 15.50147
v 0.00156 2.75384 15.20599
v 0.00156 2.31782 14.83253
v 1.33488 7.97804 13.53906
v 1.38591 7.73598 14.05712
v 1.43226 7.41046 14.52773
v 1.47264 7.01061 14.93770
v 1.50591 6.54764 15.27553
v 1.53115 6.03452 15.53176
v 1.54764 5.48563 15.69920
v 1.55492 4.91637 15.77317
v 1.55280 4.34269 15.75158
v 1.54132 3.78066 15.63505
v 1.52081 3.24605 15.42683
v 1.49185 2.75384 15.13277
v 1.45524 2.31782 14.76111
v -1.45213 2.31782 14.76111
v -1.40891 1.95022 14.32227
v 0.00156 1.95022 14.39156
v -2.80579 1.95022 14.11506
v -2.89182 2.31782 14.54755
v -2.96468 2.75384 14.91384
v -7.99310 1.95022 11.96640
v -9.40711 2.31782 11.46605
v -8.23809 2.31782 12.33306
v -9.64403 2.75384 11.75474
v -8.44557 2.75384 12.64358
v -9.83149 3.24605 11.98315
v -8.60974 3.24605 12.88926
v -9.96421 3.78066 12.14488
v -8.72597 3.78066 13.06323
v -10.03850 4.34269 12.23540
v -8.79103 4.34269 13.16059
v -10.05226 4.91637 12.25217
v -8.80308 4.91637 13.17862
v -10.00511 5.48563 12.19472
v -11.12207 1.95022 9.13047
v -12.32995 2.31782 8.24120
v -11.46294 2.31782 9.41022
v -12.64047 2.75384 8.44869
v -11.75163 2.75384 9.64714
v -12.88615 3.24605 8.61285
v -11.98004 3.24605 9.83460
v -13.06011 3.78066 8.72908
v -12.14177 3.78066 9.96733
v -13.15748 4.34269 8.79414
v -12.23229 4.34269 10.04161
v -13.17551 4.91637 8.80619
v -12.24906 4.91637 10.05537
v -13.11372 5.48563 8.76490
v -12.19160 5.48563 10.00822
v -12.97382 6.03452 8.67142
v -12.06154 6.03452 9.90148
v -12.75974 6.54764 8.52838
v -11.86252 6.54764 9.73815
v -12.47748 7.01061 8.33978
v -13.04779 8.12986 0.00156
v -12.98496 8.12986 -1.27750
v -13.60145 7.97804 0.00156
v -13.53595 7.97804 -1.33177
v -14.12202 7.73598 0.00156
v -14.05401 7.73598 -1.38280
v -14.59490 7.41046 0.00156
v -14.52462 7.41046 -1.42915
v -15.00686 7.01061 0.00156
v -14.93459 7.01061 -1.46953
v -15.34632 6.54764 0.00156
v -15.27242 6.54764 -1.50280
v -15.60379 6.03452 0.00156
v -15.52865 6.03452 -1.52804
v -15.77205 5.48563 0.00156
v -15.69609 5.48563 -1.54453
v -15.84637 4.91637 0.00156
v -15.77006 4.91637 -1.55181
v -15.82468 4.34269 0.00156
v -15.74847 4.34269 -1.54969
v -15.70758 3.78066 0.00156
v -15.63194 3.78066 -1.53821
v -15.49836 3.24605 0.00156
v -15.42372 3.24605 -1.51770
v -15.20288 2.75384 0.00156
v -15.12966 2.75384 -1.48874
v -14.82941 2.31782 0.00156
v -14.75800 2.31782 -1.45213
v -14.38845 1.95022 0.00156
v -10.08573 8.12986 -8.27686
v -9.22573 8.12986 -9.22573
v -10.51371 7.97804 -8.62810
v -9.61722 7.97804 -9.61722
v -10.91611 7.73598 -8.95834
v -9.98532 7.73598 -9.98532
v -11.28166 7.41046 -9.25834
v -10.31970 7.41046 -10.31970
v -11.60010 7.01061 -9.51968
v -10.61099 7.01061 -10.61099
v -11.86252 6.54764 -9.73504
v -10.85103 6.54764 -10.85103
v -12.06154 6.03452 -9.89837
v -11.03309 6.03452 -11.03309
v -12.19160 5.48563 -10.00511
v -11.15207 5.48563 -11.15207
v -12.24906 4.91637 -10.05226
v -11.20462 4.91637 -11.20462
v -12.23229 4.34269 -10.03850
v -11.18928 4.34269 -11.18928
v -12.14177 3.78066 -9.96421
v -11.10648 3.78066 -11.10648
v -11.98004 3.24605 -9.83149
v -10.95854 3.24605 -10.95854
v -11.75163 2.75384 -9.64403
v -10.74960 2.75384 -10.74960
v -11.46294 2.31782 -9.40711
v -10.48552 2.31782 -10.48552
v -11.12207 1.95022 -9.12736
v -5.88059 8.18718 -11.00317
v -6.14987 8.12986 -11.50694
v -7.55587 7.97804 -11.30893
v -6.41086 7.97804 -11.99523
v -7.84508 7.73598 -11.74177
v -6.65625 7.73598 -12.45432
v -8.10780 7.41046 -12.13496
v -6.87917 7.41046 -12.87137
v -8.33667 7.01061 -12.47748
v -7.07336 7.01061 -13.23468
v -8.52527 6.54764 -12.75974
v -7.23338 6.54764 -13.53407
v -8.66831 6.03452 -12.97382
v -7.35476 6.03452 -13.76113
v -8.76179 5.48563 -13.11372
v -7.43407 5.48563 -13.90952
v -8.80308 4.91637 -13.17551
v -7.46911 4.91637 -13.97507
v -8.79103 4.34269 -13.15748
v -7.45888 4.34269 -13.95594
v -8.72597 3.78066 -13.06011
v -7.40368 3.78066 -13.85267
v -8.60974 3.24605 -12.88615
v -7.30505 3.24605 -13.66815
v -8.44557 2.75384 -12.64047
v -7.16576 2.75384 -13.40756
v -8.23809 2.31782 -12.32995
v -6.98972 2.31782 -13.07819
v -7.99310 1.95022 -11.96329
v 1.41202 1.95022 -14.31915
v 2.89493 2.31782 -14.54444
v 1.45524 2.31782 -14.75800
v 2.96779 2.75384 -14.91073
v 1.49185 2.75384 -15.12966
v 3.02544 3.24605 -15.20053
v 1.52081 3.24605 -15.42372
v 3.06626 3.78066 -15.40573
v 1.54132 3.78066 -15.63194
v 3.08910 4.34269 -15.52058
v 1.55280 4.34269 -15.74847
v 3.09333 4.91637 -15.54186
v 1.55492 4.91637 -15.77006
v 3.07883 5.48563 -15.46896
v 1.54764 5.48563 -15.69609
v 3.04601 6.03452 -15.30394
v 1.53115 6.03452 -15.52865
v 2.99578 6.54764 -15.05142
v 1.50591 6.54764 -15.27242
v 2.92955 7.01061 -14.71847
v 1.47264 7.01061 -14.93459
v 2.84918 7.41046 -14.31444
v 1.43226 7.41046 -14.52462
v 2.75693 7.73598 -13.85064
v 1.38591 7.73598 -14.05401
v 2.65537 7.97804 -13.34007
v 1.33488 7.97804 -13.53595
v 1.28062 8.12986 -12.98496
v 5.20720 7.97804 -12.56598
v 6.41397 7.97804 -11.99523
v 5.40641 7.73598 -13.04692
v 6.65936 7.73598 -12.45432
v 5.58738 7.41046 -13.48381
v 6.88228 7.41046 -12.87137
v 5.74503 7.01061 -13.86441
v 7.07647 7.01061 -13.23468
v 5.87493 6.54764 -14.17803
v 7.23649 6.54764 -13.53407
v 5.97346 6.03452 -14.41591
v 7.35786 6.03452 -13.76113
v 6.03785 5.48563 -14.57135
v 7.43718 5.48563 -13.90952
v 6.06629 4.91637 -14.64002
v 7.47222 4.91637 -13.97507
v 6.05799 4.34269 -14.61998
v 7.46199 4.34269 -13.95594
v 6.01318 3.78066 -14.51179
v 7.40679 3.78066 -13.85267
v 5.93312 3.24605 -14.31850
v 7.30816 3.24605 -13.66815
v 5.82004 2.75384 -14.04551
v 7.16888 2.75384 -13.40756
v 5.67712 2.31782 -13.70047
v 6.99283 2.31782 -13.07819
v 5.50837 1.95022 -13.29307
v 11.00628 8.18718 -5.88059
v 11.51005 8.12986 -6.14987
v 11.99834 7.97804 -6.41086
v 12.56909 7.97804 -5.20409
v 12.45743 7.73598 -6.65625
v 13.05003 7.73598 -5.40330
v 12.87448 7.41046 -6.87917
v 13.48693 7.41046 -5.58427
v 13.23779 7.01061 -7.07336
v 13.86752 7.01061 -5.74191
v 13.53718 6.54764 -7.23338
v 14.18115 6.54764 -5.87182
v 13.76424 6.03452 -7.35476
v 14.41902 6.03452 -5.97035
v 13.91263 5.48563 -7.43407
v 14.57447 5.48563 -6.03474
v 13.97818 4.91637 -7.46911
v 14.64313 4.91637 -6.06318
v 13.95905 4.34269 -7.45888
v 14.62309 4.34269 -6.05488
v 13.85578 3.78066 -7.40368
v 14.51490 3.78066 -6.01007
v 13.67126 3.24605 -7.30505
v 14.32161 3.24605 -5.93000
v 13.41067 2.75384 -7.16576
v 14.04862 2.75384 -5.81693
v 13.08130 2.31782 -6.98972
v 13.70359 2.31782 -5.67401
v 12.69240 1.95022 -6.78184
v 11.94238 8.18718 3.62376
v 12.48900 8.12986 3.78958
v 13.34318 7.97804 2.65537
v 13.01882 7.97804 3.95030
v 13.85375 7.73598 2.75693
v 13.51697 7.73598 4.10141
v 14.31755 7.41046 2.84918
v 13.96950 7.41046 4.23868
v 14.72158 7.01061 2.92955
v 14.36371 7.01061 4.35827
v 15.05453 6.54764 2.99578
v 14.68856 6.54764 4.45681
v 15.30705 6.03452 3.04601
v 14.93494 6.03452 4.53155
v 15.47207 5.48563 3.07883
v 15.09595 5.48563 4.58039
v 15.54497 4.91637 3.09333
v 15.16707 4.91637 4.60197
v 15.52369 4.34269 3.08910
v 15.14632 4.34269 4.59567
v 15.40884 3.78066 3.06626
v 15.03426 3.78066 4.56168
v 15.20364 3.24605 3.02544
v 14.83405 3.24605 4.50094
v 14.91384 2.75384 2.96779
v 14.55129 2.75384 4.41517
v 14.54755 2.31782 2.89493
v 14.19391 2.31782 4.30676
v 14.11506 1.95022 2.80891
v 10.37674 8.18718 6.93403
v 10.85169 8.12986 7.25139
v 11.99834 7.97804 6.41397
v 11.31204 7.97804 7.55898
v 12.45743 7.73598 6.65936
v 11.74488 7.73598 7.84819
v 12.87448 7.41046 6.88228
v 12.13807 7.41046 8.11091
v 13.23779 7.01061 7.07647
v 12.48059 7.01061 8.33978
v 13.53718 6.54764 7.23649
v 12.76285 6.54764 8.52838
v 13.76424 6.03452 7.35786
v 12.97693 6.03452 8.67142
v 13.91263 5.48563 7.43718
v 13.11683 5.48563 8.76490
v 13.97818 4.91637 7.47222
v 13.17862 4.91637 8.80619
v 13.95905 4.34269 7.46199
v 13.16059 4.34269 8.79414
v 13.85578 3.78066 7.40679
v 13.06323 3.78066 8.72908
v 13.67126 3.24605 7.30816
v 12.88926 3.24605 8.61285
v 13.41067 2.75384 7.16888
v 12.64358 2.75384 8.44869
v 13.08130 2.31782 6.99283
v 12.33306 2.31782 8.24120
v 12.69240 1.95022 6.78495
v 5.20720 7.97804 12.56909
v 3.95030 7.97804 13.01882
v 5.40641 7.73598 13.05003
v 4.10141 7.73598 13.51697
v 5.58738 7.41046 13.48693
v 4.23868 7.41046 13.96950
v 5.74503 7.01061 13.86752
v 4.35827 7.01061 14.36371
v 5.87493 6.54764 14.18115
v 4.45681 6.54764 14.68856
v 5.97346 6.03452 14.41902
v 4.53155 6.03452 14.93494
v 6.03785 5.48563 14.57447
v 4.58039 5.48563 15.09595
v 6.06629 4.91637 14.64313
v 4.60197 4.91637 15.16707
v 6.05799 4.34269 14.62309
v 4.59567 4.34269 15.14632
v 6.01318 3.78066 14.51490
v 4.56168 3.78066 15.03426
v 5.93312 3.24605 14.32161
v 4.50094 3.24605 14.83405
v 5.82004 2.75384 14.04862
v 4.41517 2.75384 14.55129
v 5.67712 2.31782 13.70359
v 4.30676 2.31782 14.19391
v 5.50837 1.95022 13.29618
v -4.30365 2.31782 14.19391
v -4.41206 2.75384 14.55129
v -4.49783 3.24605 14.83405
v -5.67401 2.31782 13.70359
v -5.81693 2.75384 14.04862
v -5.93000 3.24605 14.32161
v -6.01007 3.78066 14.51490
v -6.78184 1.95022 12.69240
v -6.98972 2.31782 13.08130
v -7.16576 2.75384 13.41067
v -7.30505 3.24605 13.67126
v -7.40368 3.78066 13.85578
v -7.45888 4.34269 13.95905
v -10.17371 1.95022 10.17682
v -10.48552 2.31782 10.48863
v -10.74960 2.75384 10.75271
v -10.95854 3.24605 10.96165
v -11.10648 3.78066 11.10959
v -11.18928 4.34269 11.19239
v -11.20462 4.91637 11.20773
v -11.15207 5.48563 11.15518
v -11.03309 6.03452 11.03620
v -12.68929 1.95022 6.78495
v -13.07819 2.31782 6.99283
v -13.40756 2.75384 7.16888
v -13.66815 3.24605 7.30816
v -13.85267 3.78066 7.40679
v -13.95594 4.34269 7.46199
v -13.97507 4.91637 7.47222
v -13.90952 5.48563 7.43718
v -13.76113 6.03452 7.35786
v -13.53407 6.54764 7.23649
v -13.23468 7.01061 7.07647
v -12.87137 7.41046 6.88228
v -13.70047 2.31782 5.67712
v -14.04551 2.75384 5.82004
v -14.31850 3.24605 5.93312
v -14.51179 3.78066 6.01318
v -14.61998 4.34269 6.05799
v -14.64002 4.91637 6.06629
v -14.57135 5.48563 6.03785
v -14.41591 6.03452 5.97346
v -14.17803 6.54764 5.87493
v -13.86441 7.01061 5.74503
v -13.48381 7.41046 5.58738
v -13.04692 7.73598 5.40641
v -14.19080 2.31782 4.30676
v -14.54818 2.75384 4.41517
v -14.83094 3.24605 4.50094
v -15.03115 3.78066 4.56168
v -15.14321 4.34269 4.59567
v -15.16396 4.91637 4.60197
v -15.09284 5.48563 4.58039
v -14.93183 6.03452 4.53155
v -14.68545 6.54764 4.45681
v -14.36060 7.01061 4.35827
v -13.96639 7.41046 4.23868
v -13.51386 7.73598 4.10141
v -13.01571 7.97804 3.95030
v -14.54444 2.31782 2.89493
v -14.91073 2.75384 2.96779
v -15.20053 3.24605 3.02544
v -15.40573 3.78066 3.06626
v -15.52058 4.34269 3.08910
v -15.54186 4.91637 3.09333
v -15.46896 5.48563 3.07883
v -15.30394 6.03452 3.04601
v -15.05142 6.54764 2.99578
v -14.71847 7.01061 2.92955
v -14.31444 7.41046 2.84918
v -13.85064 7.73598 2.75693
v -13.34007 7.97804 2.65537
v -12.79706 8.12986 2.54736
v -14.31915 1.95022 1.41202
v -14.75800 2.31782 1.45524
v -15.12966 2.75384 1.49185
v -15.42372 3.24605 1.52081
v -15.63194 3.78066 1.54132
v -15.74847 4.34269 1.55280
v -15.77006 4.91637 1.55492
v -15.69609 5.48563 1.54764
v -15.52865 6.03452 1.53115
v -15.27242 6.54764 1.50591
v -14.93459 7.01061 1.47264
v -14.52462 7.41046 1.43226
v -14.05401 7.73598 1.38591
v -13.53595 7.97804 1.33488
v -12.98496 8.12986 1.28062
v -12.30867 8.18718 1.95145
v -14.11195 1.95022 -2.80579
v -14.54444 2.31782 -2.89182
v -14.91073 2.75384 -2.96468
v -15.20053 3.24605 -3.02233
v -15.40573 3.78066 -3.06315
v -15.52058 4.34269 -3.08599
v -15.54186 4.91637 -3.09022
v -15.46896 5.48563 -3.07572
v -15.30394 6.03452 -3.04290
v -15.05142 6.54764 -2.99267
v -14.71847 7.01061 -2.92644
v -14.31444 7.41046 -2.84607
v -13.85064 7.73598 -2.75382
v -13.34007 7.97804 -2.65226
v -12.47657 8.18718 0.00156
v -12.41648 8.18718 1.22463
v -11.93927 8.18718 -3.62065
v -12.48589 8.12986 -3.78647
v -13.01571 7.97804 -3.94719
v -13.51386 7.73598 -4.09830
v -13.96639 7.41046 -4.23557
v -14.36060 7.01061 -4.35516
v -14.68545 6.54764 -4.45370
v -14.93183 6.03452 -4.52844
v -15.09284 5.48563 -4.57728
v -15.16396 4.91637 -4.59885
v -15.14321 4.34269 -4.59256
v -15.03115 3.78066 -4.55857
v -14.83094 3.24605 -4.49783
v -14.54818 2.75384 -4.41206
v -14.19080 2.31782 -4.30365
v -13.70047 2.31782 -5.67401
v -14.04551 2.75384 -5.81693
v -14.31850 3.24605 -5.93000
v -14.51179 3.78066 -6.01007
v -14.61998 4.34269 -6.05488
v -14.64002 4.91637 -6.06318
v -14.57135 5.48563 -6.03474
v -14.41591 6.03452 -5.97035
v -14.17803 6.54764 -5.87182
v -13.86441 7.01061 -5.74191
v -13.48381 7.41046 -5.58427
v -13.04692 7.73598 -5.40330
v -12.56598 7.97804 -5.20409
v -12.68929 1.95022 -6.78184
v -13.07819 2.31782 -6.98972
v -13.40756 2.75384 -7.16576
v -13.66815 3.24605 -7.30505
v -13.85267 3.78066 -7.40368
v -13.95594 4.34269 -7.45888
v -13.97507 4.91637 -7.46911
v -13.90952 5.48563 -7.43407
v -13.76113 6.03452 -7.35476
v -13.53407 6.54764 -7.23338
v -13.23468 7.01061 -7.07336
v -12.87137 7.41046 -6.87917
v -12.45432 7.73598 -6.65625
v -11.99523 7.97804 -6.41086
v -10.37363 8.18718 -6.93092
v -10.84858 8.12986 -7.24828
v -11.30893 7.97804 -7.55587
v -11.74177 7.73598 -7.84508
v -12.13496 7.41046 -8.10780
v -12.47748 7.01061 -8.33667
v -12.75974 6.54764 -8.52527
v -12.97382 6.03452 -8.66831
v -13.11372 5.48563 -8.76179
v -13.17551 4.91637 -8.80308
v -13.15748 4.34269 -8.79103
v -13.06011 3.78066 -8.72597
v -12.88615 3.24605 -8.60974
v -12.64047 2.75384 -8.44557
v -12.32995 2.31782 -8.23809
v -10.08187 8.18718 -7.32431
v -9.12736 1.95022 -11.12207
v -9.40711 2.31782 -11.46294
v -9.64403 2.75384 -11.75163
v -9.83149 3.24605 -11.98004
v -9.96421 3.78066 -12.14177
v -10.03850 4.34269 -12.23229
v -10.05226 4.91637 -12.24906
v -10.00511 5.48563 -12.19160
v -9.89837 6.03452 -12.06154
v -9.73504 6.54764 -11.86252
v -9.51968 7.01061 -11.60010
v -9.25834 7.41046 -11.28166
v -8.95834 7.73598 -10.91611
v -8.62810 7.97804 -10.51371
v -8.27686 8.12986 -10.08573
v -9.64417 8.18718 -7.91448
v -8.82181 8.18718 -8.82181
v -5.50526 1.95022 -13.29307
v -5.67401 2.31782 -13.70047
v -5.81693 2.75384 -14.04551
v -5.93000 3.24605 -14.31850
v -6.01007 3.78066 -14.51179
v -6.05488 4.34269 -14.61998
v -6.06318 4.91637 -14.64002
v -6.03474 5.48563 -14.57135
v -5.97035 6.03452 -14.41591
v -5.87182 6.54764 -14.17803
v -5.74191 7.01061 -13.86441
v -5.58427 7.41046 -13.48381
v -5.40330 7.73598 -13.04692
v -5.20409 7.97804 -12.56598
v -3.94719 7.97804 -13.01571
v -4.09830 7.73598 -13.51386
v -4.23557 7.41046 -13.96639
v -4.35516 7.01061 -14.36060
v -4.45370 6.54764 -14.68545
v -4.52844 6.03452 -14.93183
v -4.57728 5.48563 -15.09284
v -4.59885 4.91637 -15.16396
v -4.59256 4.34269 -15.14321
v -4.55857 3.78066 -15.03115
v -4.49783 3.24605 -14.83094
v -4.41206 2.75384 -14.54818
v -4.30365 2.31782 -14.19080
v -2.89182 2.31782 -14.54444
v -2.96468 2.75384 -14.91073
v -3.02233 3.24605 -15.20053
v -3.06315 3.78066 -15.40573
v -3.08599 4.34269 -15.52058
v -3.09022 4.91637 -15.54186
v -3.07572 5.48563 -15.46896
v -3.04290 6.03452 -15.30394
v -2.99267 6.54764 -15.05142
v -2.92644 7.01061 -14.71847
v -2.84607 7.41046 -14.31444
v -2.75382 7.73598 -13.85064
v -2.65226 7.97804 -13.34007
v -2.54425 8.12986 -12.79706
v -2.43281 8.18718 -12.23681
v -1.40891 1.95022 -14.31915
v -1.45213 2.31782 -14.75800
v -1.48874 2.75384 -15.12966
v -1.51770 3.24605 -15.42372
v -1.53821 3.78066 -15.63194
v -1.54969 4.34269 -15.74847
v -1.55181 4.91637 -15.77006
v -1.54453 5.48563 -15.69609
v -1.52804 6.03452 -15.52865
v -1.50280 6.54764 -15.27242
v -1.46953 7.01061 -14.93459
v -1.42915 7.41046 -14.52462
v -1.38280 7.73598 -14.05401
v -1.33177 7.97804 -13.53595
v 0.00156 8.18718 -12.47657
v 0.00156 8.12986 -13.04779
v 0.00156 7.97804 -13.60145
v 0.00156 7.73598 -14.12202
v 0.00156 7.41046 -14.59490
v 0.00156 7.01061 -15.00686
v 0.00156 6.54764 -15.34632
v 0.00156 6.03452 -15.60379
v 0.00156 5.48563 -15.77205
v 0.00156 4.91637 -15.84637
v 0.00156 4.34269 -15.82468
v 0.00156 3.78066 -15.70758
v 0.00156 3.24605 -15.49836
v 0.00156 2.75384 -15.20288
v 0.00156 2.31782 -14.82941
v 0.00156 1.95022 -14.38845
v 4.17875 1.95022 -13.76882
v 4.30676 2.31782 -14.19080
v 4.41517 2.75384 -14.54818
v 4.50094 3.24605 -14.83094
v 4.56168 3.78066 -15.03115
v 4.59567 4.34269 -15.14321
v 4.60197 4.91637 -15.16396
v 4.58039 5.48563 -15.09284
v 4.53155 6.03452 -14.93183
v 4.45681 6.54764 -14.68545
v 4.35827 7.01061 -14.36060
v 4.23868 7.41046 -13.96639
v 4.10141 7.73598 -13.51386
v 3.95030 7.97804 -13.01571
v 3.78958 8.12986 -12.48589
v 3.62376 8.18718 -11.93927
v 7.99621 1.95022 -11.96329
v 8.24120 2.31782 -12.32995
v 8.44869 2.75384 -12.64047
v 8.61285 3.24605 -12.88615
v 8.72908 3.78066 -13.06011
v 8.79414 4.34269 -13.15748
v 8.80619 4.91637 -13.17551
v 8.76490 5.48563 -13.11372
v 8.67142 6.03452 -12.97382
v 8.52838 6.54764 -12.75974
v 8.33978 7.01061 -12.47748
v 8.11091 7.41046 -12.13496
v 7.84819 7.73598 -11.74177
v 7.55898 7.97804 -11.30893
v 7.25139 8.12986 -10.84858
v 6.93403 8.18718 -10.37363
v 7.32742 8.18718 -10.08187
v 8.27998 8.12986 -10.08573
v 8.63121 7.97804 -10.51371
v 8.96145 7.73598 -10.91611
v 9.26145 7.41046 -11.28166
v 9.52279 7.01061 -11.60010
v 9.73815 6.54764 -11.86252
v 9.90148 6.03452 -12.06154
v 10.00822 5.48563 -12.19160
v 10.05537 4.91637 -12.24906
v 10.04161 4.34269 -12.23229
v 9.96733 3.78066 -12.14177
v 9.83460 3.24605 -11.98004
v 9.64714 2.75384 -11.75163
v 9.41022 2.31782 -11.46294
v 10.48863 2.31782 -10.48552
v 10.75271 2.75384 -10.74960
v 10.96165 3.24605 -10.95854
v 11.10959 3.78066 -11.10648
v 11.19239 4.34269 -11.18928
v 11.20773 4.91637 -11.20462
v 11.15518 5.48563 -11.15207
v 11.03620 6.03452 -11.03309
v 10.85414 6.54764 -10.85103
v 10.61410 7.01061 -10.61099
v 10.32281 7.41046 -10.31970
v 9.98843 7.73598 -9.98532
v 9.62033 7.97804 -9.61722
v 9.22884 8.12986 -9.22573
v 11.46605 2.31782 -9.40711
v 11.75474 2.75384 -9.64403
v 11.98315 3.24605 -9.83149
v 12.14488 3.78066 -9.96421
v 12.23540 4.34269 -10.03850
v 12.25217 4.91637 -10.05226
v 12.19472 5.48563 -10.00511
v 12.06465 6.03452 -9.89837
v 11.86563 6.54764 -9.73504
v 11.60321 7.01061 -9.51968
v 11.28477 7.41046 -9.25834
v 10.91922 7.73598 -8.95834
v 10.51682 7.97804 -8.62810
v 10.08884 8.12986 -8.27686
v 11.96640 1.95022 -7.99310
v 12.33306 2.31782 -8.23809
v 12.64358 2.75384 -8.44557
v 12.88926 3.24605 -8.60974
v 13.06323 3.78066 -8.72597
v 13.16059 4.34269 -8.79103
v 13.17862 4.91637 -8.80308
v 13.11683 5.48563 -8.76179
v 12.97693 6.03452 -8.66831
v 12.76285 6.54764 -8.52527
v 12.48059 7.01061 -8.33667
v 12.13807 7.41046 -8.10780
v 11.74488 7.73598 -7.84508
v 11.31204 7.97804 -7.55587
v 8.82492 8.18718 -8.82181
v 7.91759 8.18718 -9.64417
v 13.77193 1.95022 -4.17564
v 14.19391 2.31782 -4.30365
v 14.55129 2.75384 -4.41206
v 14.83405 3.24605 -4.49783
v 15.03426 3.78066 -4.55857
v 15.14632 4.34269 -4.59256
v 15.16707 4.91637 -4.59885
v 15.09595 5.48563 -4.57728
v 14.93494 6.03452 -4.52844
v 14.68856 6.54764 -4.45370
v 14.36371 7.01061 -4.35516
v 13.96950 7.41046 -4.23557
v 13.51697 7.73598 -4.09830
v 13.01882 7.97804 -3.94719
v 12.23992 8.18718 -2.43281
v 12.80017 8.12986 -2.54425
v 13.34318 7.97804 -2.65226
v 13.85375 7.73598 -2.75382
v 14.31755 7.41046 -2.84607
v 14.72158 7.01061 -2.92644
v 15.05453 6.54764 -2.99267
v 15.30705 6.03452 -3.04290
v 15.47207 5.48563 -3.07572
v 15.54497 4.91637 -3.09022
v 15.52369 4.34269 -3.08599
v 15.40884 3.78066 -3.06315
v 15.20364 3.24605 -3.02233
v 14.91384 2.75384 -2.96468
v 14.54755 2.31782 -2.89182
v 14.76111 2.31782 -1.45213
v 15.13277 2.75384 -1.48874
v 15.42683 3.24605 -1.51770
v 15.63505 3.78066 -1.53821
v 15.75158 4.34269 -1.54969
v 15.77317 4.91637 -1.55181
v 15.69920 5.48563 -1.54453
v 15.53176 6.03452 -1.52804
v 15.27553 6.54764 -1.50280
v 14.93770 7.01061 -1.46953
v 14.52773 7.41046 -1.42915
v 14.05712 7.73598 -1.38280
v 13.53906 7.97804 -1.33177
v 12.98807 8.12986 -1.27750
v 12.31178 8.18718 -1.94834
v 14.39156 1.95022 0.00156
v 14.83253 2.31782 0.00156
v 15.20599 2.75384 0.00156
v 15.50147 3.24605 0.00156
v 15.71069 3.78066 0.00156
v 15.82779 4.34269 0.00156
v 15.84948 4.91637 0.00156
v 15.77516 5.48563 0.00156
v 15.60690 6.03452 0.00156
v 15.34943 6.54764 0.00156
v 15.00997 7.01061 0.00156
v 14.59802 7.41046 0.00156
v 14.12513 7.73598 0.00156
v 13.60456 7.97804 0.00156
v 13.05091 8.12986 0.00156
v 12.98807 8.12986 1.28062
v 13.53906 7.97804 1.33488
v 14.05712 7.73598 1.38591
v 14.52773 7.41046 1.43226
v 14.93770 7.01061 1.47264
v 15.27553 6.54764 1.50591
v 15.53176 6.03452 1.53115
v 15.69920 5.48563 1.54764
v 15.77317 4.91637 1.55492
v 15.75158 4.34269 1.55280
v 15.63505 3.78066 1.54132
v 15.42683 3.24605 1.52081
v 15.13277 2.75384 1.49185
v 14.76111 2.31782 1.45524
v 12.47968 8.18718 0.00156
v 12.41960 8.18718 -1.22152
v 13.29618 1.95022 5.50837
v 13.70359 2.31782 5.67712
v 14.04862 2.75384 5.82004
v 14.32161 3.24605 5.93312
v 14.51490 3.78066 6.01318
v 14.62309 4.34269 6.05799
v 14.64313 4.91637 6.06629
v 14.57447 5.48563 6.03785
v 14.41902 6.03452 5.97346
v 14.18115 6.54764 5.87493
v 13.86752 7.01061 5.74503
v 13.48693 7.41046 5.58738
v 13.05003 7.73598 5.40641
v 12.56909 7.97804 5.20720
v 11.12518 1.95022 9.13047
v 11.46605 2.31782 9.41022
v 11.75474 2.75384 9.64714
v 11.98315 3.24605 9.83460
v 12.14488 3.78066 9.96733
v 12.23540 4.34269 10.04161
v 12.25217 4.91637 10.05537
v 12.19472 5.48563 10.00822
v 12.06465 6.03452 9.90148
v 11.86563 6.54764 9.73815
v 11.60321 7.01061 9.52279
v 11.28477 7.41046 9.26145
v 10.91922 7.73598 8.96145
v 10.51682 7.97804 8.63121
v 10.08884 8.12986 8.27998
v 10.08498 8.18718 7.32742
v 9.22884 8.12986 9.22884
v 9.62033 7.97804 9.62033
v 9.98843 7.73598 9.98843
v 10.32281 7.41046 10.32281
v 10.61410 7.01061 10.61410
v 10.85414 6.54764 10.85414
v 11.03620 6.03452 11.03620
v 11.15518 5.48563 11.15518
v 11.20773 4.91637 11.20773
v 11.19239 4.34269 11.19239
v 11.10959 3.78066 11.10959
v 10.96165 3.24605 10.96165
v 10.75271 2.75384 10.75271
v 10.48863 2.31782 10.48863
v 9.41022 2.31782 11.46605
v 9.64714 2.75384 11.75474
v 9.83460 3.24605 11.98315
v 9.96733 3.78066 12.14488
v 10.04161 4.34269 12.23540
v 10.05537 4.91637 12.25217
v 10.00822 5.48563 12.19472
v 9.90148 6.03452 12.06465
v 9.73815 6.54764 11.86563
v 9.52279 7.01061 11.60321
v 9.26145 7.41046 11.28477
v 8.96145 7.73598 10.91922
v 8.63121 7.97804 10.51682
v 8.27998 8.12986 10.08884
v 7.99621 1.95022 11.96640
v 8.24120 2.31782 12.33306
v 8.44869 2.75384 12.64358
v 8.61285 3.24605 12.88926
v 8.72908 3.78066 13.06323
v 8.79414 4.34269 13.16059
v 8.80619 4.91637 13.17862
v 8.76490 5.48563 13.11683
v 8.67142 6.03452 12.97693
v 8.52838 6.54764 12.76285
v 8.33978 7.01061 12.48059
v 8.11091 7.41046 12.13807
v 7.84819 7.73598 11.74488
v 7.55898 7.97804 11.31204
v 8.82492 8.18718 8.82492
v 9.64728 8.18718 7.91759
v 5.88370 8.18718 11.00628
v 6.15298 8.12986 11.51005
v 6.41397 7.97804 11.99834
v 6.65936 7.73598 12.45743
v 6.88228 7.41046 12.87448
v 7.07647 7.01061 13.23779
v 7.23649 6.54764 13.53718
v 7.35786 6.03452 13.76424
v 7.43718 5.48563 13.91263
v 7.47222 4.91637 13.97818
v 7.46199 4.34269 13.95905
v 7.40679 3.78066 13.85578
v 7.30816 3.24605 13.67126
v 7.16888 2.75384 13.41067
v 6.99283 2.31782 13.08130
v 2.80891 1.95022 14.11506
v 2.89493 2.31782 14.54755
v 2.96779 2.75384 14.91384
v 3.02544 3.24605 15.20364
v 3.06626 3.78066 15.40884
v 3.08910 4.34269 15.52369
v 3.09333 4.91637 15.54497
v 3.07883 5.48563 15.47207
v 3.04601 6.03452 15.30705
v 2.99578 6.54764 15.05453
v 2.92955 7.01061 14.72158
v 2.84918 7.41046 14.31755
v 2.75693 7.73598 13.85375
v 2.65537 7.97804 13.34318
v 2.54736 8.12986 12.80017
v 2.43592 8.18718 12.23992
v -1.94752 8.19353 12.30818
v -2.68087 8.19353 12.18795
v -3.85264 8.19353 11.86261
v -3.98273 8.19353 11.82649
v -5.23787 8.19353 11.32640
v -5.65559 8.19353 11.10493
v -6.43159 8.19353 10.69353
v -7.32633 8.19353 10.08688
v -7.54988 8.19353 9.93531
v -8.57965 8.19353 9.06062
v -8.81185 8.19353 8.81548
v -9.50880 8.19353 8.07972
v -10.08122 8.19353 7.32671
v -10.32645 8.19353 7.00412
v -11.02302 8.19353 5.84641
v -11.10807 8.19353 5.66259
v -11.59033 8.19353 4.62019
v -11.84920 8.19353 3.85190
v -12.02174 8.19353 3.33981
v -12.31219 8.19353 2.02029
v -12.31949 8.19353 1.95319
v -12.45827 8.19353 0.67711
v -12.45827 8.19353 0.00156
v -12.45827 8.19353 -0.67400
v -12.31949 8.19353 -1.95008
v -12.31219 8.19353 -2.01718
v -12.02174 8.19353 -3.33670
v -11.84920 8.19353 -3.84879
v -11.59033 8.19353 -4.61707
v -11.10807 8.19353 -5.65948
v -11.02302 8.19353 -5.84330
v -10.32645 8.19353 -7.00101
v -10.08122 8.19353 -7.32360
v -9.50880 8.19353 -8.07661
v -8.81185 8.19353 -8.81237
v -8.57965 8.19353 -9.05751
v -7.54988 8.19353 -9.93219
v -7.32633 8.19353 -10.08377
v -6.43159 8.19353 -10.69042
v -5.65559 8.19353 -11.10182
v -5.23787 8.19353 -11.32328
v -3.98273 8.19353 -11.82338
v -3.85264 8.19353 -11.85950
v -2.68087 8.19353 -12.18484
v -1.94752 8.19353 -12.30507
v -1.34757 8.19353 -12.40342
v 0.00156 8.19353 -12.47657
v 1.35068 8.19353 -12.40342
v 1.95063 8.19353 -12.30507
v 2.68398 8.19353 -12.18484
v 3.85575 8.19353 -11.85950
v 3.98584 8.19353 -11.82338
v 5.24098 8.19353 -11.32328
v 5.65871 8.19353 -11.10182
v 6.43470 8.19353 -10.69042
v 7.32944 8.19353 -10.08377
v 7.55300 8.19353 -9.93219
v 8.58276 8.19353 -9.05751
v 8.81496 8.19353 -8.81237
v 9.51191 8.19353 -8.07661
v 10.08433 8.19353 -7.32360
v 10.32956 8.19353 -7.00101
v 11.02613 8.19353 -5.84330
v 11.11118 8.19353 -5.65948
v 11.59344 8.19353 -4.61707
v 11.85231 8.19353 -3.84879
v 12.02485 8.19353 -3.33670
v 12.31530 8.19353 -2.01718
v 12.32260 8.19353 -1.95008
v 12.46138 8.19353 -0.67400
v 12.46138 8.19353 0.00156
v 12.46138 8.19353 0.67711
v 12.32260 8.19353 1.95319
v 12.31530 8.19353 2.02029
v 12.02485 8.19353 3.33981
v 11.85231 8.19353 3.85190
v 11.59344 8.19353 4.62019
v 11.11118 8.19353 5.66259
v 11.02613 8.19353 5.84641
v 10.32956 8.19353 7.00412
v 10.08433 8.19353 7.32671
v 9.51191 8.19353 8.07972
v 8.81496 8.19353 8.81548
v 8.58276 8.19353 9.06062
v 7.55300 8.19353 9.93531
v 7.32944 8.19353 10.08688
v 6.43470 8.19353 10.69353
v 5.65871 8.19353 11.10493
v 5.24098 8.19353 11.32640
v 3.98584 8.19353 11.82649
v 3.85575 8.19353 11.86261
v 2.68398 8.19353 12.18795
v 1.95063 8.19353 12.30818
v -1.34757 8.19353 12.40653
v 0.00156 8.19353 12.47968
v 1.35068 8.19353 12.40653
v 2.70958 8.19958 12.30423
v 6.49608 8.19958 10.79555
v 9.60265 8.19958 8.15680
v 10.42811 8.19958 7.07093
v 11.70405 8.19958 4.66426
v 12.13957 8.19958 3.37166
v 12.58027 8.19958 0.68355
v 12.58027 8.19958 -0.68044
v 11.70405 8.19958 -4.66114
v 9.60265 8.19958 -8.15369
v 6.49608 8.19958 -10.79244
v 5.29098 8.19958 -11.43134
v 2.70958 8.19958 -12.30112
v 1.36355 8.19958 -12.52179
v -2.70647 8.19958 -12.30112
v -6.49297 8.19958 -10.79244
v -9.59954 8.19958 -8.15369
v -10.42500 8.19958 -7.06782
v -11.70094 8.19958 -4.66114
v -12.13646 8.19958 -3.36855
v -12.57716 8.19958 -0.68044
v -12.57716 8.19958 0.68355
v -11.70094 8.19958 4.66426
v -9.59954 8.19958 8.15680
v -6.49297 8.19958 10.79555
v -5.28787 8.19958 11.43445
v -2.70647 8.19958 12.30423
v -1.36044 8.19958 12.52490
v -8.59576 9.62190 9.07763
v -9.52666 9.62190 8.09489
v -8.67746 9.61195 9.16388
v -9.61721 9.61195 8.17180
v -8.75688 9.58239 9.24773
v -9.70523 9.58239 8.24657
v -8.83182 9.53403 9.32684
v -9.78828 9.53403 8.31711
v -8.90018 9.46822 9.39900
v -9.86404 9.46822 8.38147
v -8.96007 9.38680 9.46222
v -9.93041 9.38680 8.43784
v -9.00980 9.29203 9.51473
v -9.98553 9.29203 8.48467
v -9.04801 9.18656 9.55507
v -10.02788 9.18656 8.52063
v -9.07363 9.07331 9.58211
v -10.05627 9.07331 8.54475
v -9.08593 8.95544 9.59510
v -10.06990 8.95544 8.55633
v -9.08459 8.83625 9.59368
v -10.06841 8.83625 8.55506
v -9.06963 8.71903 9.57789
v -10.05184 8.71903 8.54098
v -9.04147 8.60707 9.54816
v -10.02063 8.60707 8.51448
v -9.00091 8.50347 9.50534
v -9.97567 8.50347 8.47629
v -8.94906 8.41113 9.45060
v -9.91821 8.41113 8.42748
v -8.88737 8.33261 9.38548
v -9.84984 8.33261 8.36941
v -8.81756 8.27010 9.31178
v -9.77247 8.27010 8.30369
v -8.74157 8.22534 9.23156
v -9.68826 8.22534 8.23216
v -8.66152 8.19958 9.14706
v -11.04373 9.62190 5.85739
v -11.61210 9.62190 4.62886
v -11.14869 9.61195 5.91304
v -11.72247 9.61195 4.67283
v -11.25072 9.58239 5.96714
v -11.82975 9.58239 4.71558
v -11.34700 9.53403 6.01818
v -11.93098 9.53403 4.75591
v -11.43482 9.46822 6.06474
v -12.02333 9.46822 4.79271
v -11.51176 9.38680 6.10553
v -12.10422 9.38680 4.82494
v -11.57566 9.29203 6.13941
v -12.17141 9.29203 4.85171
v -11.62475 9.18656 6.16543
v -12.22302 9.18656 4.87227
v -11.65765 9.07331 6.18288
v -12.25763 9.07331 4.88606
v -11.67346 8.95544 6.19126
v -12.27425 8.95544 4.89268
v -11.67173 8.83625 6.19034
v -12.27243 8.83625 4.89196
v -11.65252 8.71903 6.18015
v -12.25222 8.71903 4.88391
v -11.61635 8.60707 6.16098
v -12.21419 8.60707 4.86875
v -11.56423 8.50347 6.13335
v -12.15939 8.50347 4.84692
v -11.49761 8.41113 6.09803
v -12.08935 8.41113 4.81901
v -11.41836 8.33261 6.05601
v -12.00602 8.33261 4.78581
v -11.32867 8.27010 6.00846
v -11.91172 8.27010 4.74824
v -11.23105 8.22534 5.95671
v -11.80907 8.22534 4.70734
v -11.12821 8.19958 5.90218
v -12.33532 9.62190 2.02408
v -12.48167 9.62190 0.67838
v -12.45255 9.61195 2.04330
v -12.60030 9.61195 0.68481
v -12.56652 9.58239 2.06199
v -12.71562 9.58239 0.69106
v -12.67405 9.53403 2.07962
v -12.82442 9.53403 0.69696
v -12.77215 9.46822 2.09570
v -12.92369 9.46822 0.70234
v -12.85808 9.38680 2.10979
v -13.01064 9.38680 0.70706
v -12.92945 9.29203 2.12149
v -13.08286 9.29203 0.71097
v -12.98428 9.18656 2.13047
v -13.13834 9.18656 0.71398
v -13.02104 9.07331 2.13650
v -13.17553 9.07331 0.71600
v -13.03869 8.95544 2.13940
v -13.19339 8.95544 0.71697
v -13.03676 8.83625 2.13908
v -13.19144 8.83625 0.71686
v -13.01530 8.71903 2.13556
v -13.16972 8.71903 0.71568
v -12.97490 8.60707 2.12894
v -13.12884 8.60707 0.71347
v -12.91669 8.50347 2.11939
v -13.06994 8.50347 0.71027
v -12.84228 8.41113 2.10720
v -12.99465 8.41113 0.70619
v -12.75376 8.33261 2.09268
v -12.90508 8.33261 0.70133
v -12.65359 8.27010 2.07626
v -12.80372 8.27010 0.69584
v -12.54455 8.22534 2.05838
v -12.69338 8.22534 0.68986
v -12.42968 8.19958 2.03955
v -7.56407 9.62190 -9.95085
v -6.44367 9.62190 -10.71050
v -7.63596 9.61195 -10.04543
v -6.50492 9.61195 -10.81229
v -7.70585 9.58239 -10.13737
v -6.56446 9.58239 -10.91125
v -7.77180 9.53403 -10.22411
v -6.62064 9.53403 -11.00462
v -7.83196 9.46822 -10.30325
v -6.67189 9.46822 -11.08980
v -7.88465 9.38680 -10.37258
v -6.71678 9.38680 -11.16441
v -7.92842 9.29203 -10.43015
v -6.75407 9.29203 -11.22638
v -7.96205 9.18656 -10.47438
v -6.78272 9.18656 -11.27399
v -7.98459 9.07331 -10.50403
v -6.80192 9.07331 -11.30590
v -7.99542 8.95544 -10.51828
v -6.81114 8.95544 -11.32124
v -7.99423 8.83625 -10.51672
v -6.81013 8.83625 -11.31956
v -7.98107 8.71903 -10.49941
v -6.79892 8.71903 -11.30092
v -7.95629 8.60707 -10.46681
v -6.77781 8.60707 -11.26584
v -7.92059 8.50347 -10.41985
v -6.74740 8.50347 -11.21530
v -7.87497 8.41113 -10.35983
v -6.70853 8.41113 -11.15069
v -7.82068 8.33261 -10.28842
v -6.66228 8.33261 -11.07383
v -7.75925 8.27010 -10.20761
v -6.60995 8.27010 -10.98685
v -7.69238 8.22534 -10.11964
v -6.55298 8.22534 -10.89217
v -7.62194 8.19958 -10.02698
v -3.99021 9.62190 -11.84559
v -2.68591 9.62190 -12.20773
v -4.02815 9.61195 -11.95817
v -2.71145 9.61195 -12.32375
v -4.06502 9.58239 -12.06761
v -2.73628 9.58239 -12.43654
v -4.09981 9.53403 -12.17088
v -2.75970 9.53403 -12.54296
v -4.13156 9.46822 -12.26508
v -2.78107 9.46822 -12.64004
v -4.15936 9.38680 -12.34760
v -2.79979 9.38680 -12.72508
v -4.18245 9.29203 -12.41614
v -2.81534 9.29203 -12.79572
v -4.20019 9.18656 -12.46879
v -2.82728 9.18656 -12.84998
v -4.21209 9.07331 -12.50409
v -2.83529 9.07331 -12.88635
v -4.21780 8.95544 -12.52105
v -2.83913 8.95544 -12.90383
v -4.21718 8.83625 -12.51919
v -2.83871 8.83625 -12.90192
v -4.21023 8.71903 -12.49858
v -2.83404 8.71903 -12.88068
v -4.19716 8.60707 -12.45978
v -2.82524 8.60707 -12.84069
v -4.17832 8.50347 -12.40388
v -2.81256 8.50347 -12.78308
v -4.15425 8.41113 -12.33243
v -2.79635 8.41113 -12.70945
v -4.12561 8.33261 -12.24742
v -2.77706 8.33261 -12.62184
v -4.09319 8.27010 -12.15122
v -2.75524 8.27010 -12.52270
v -4.05791 8.22534 -12.04651
v -2.73149 8.22534 -12.41479
v -4.02075 8.19958 -11.93621
v 8.59887 9.62190 -9.07452
v 9.52977 9.62190 -8.09179
v 8.68057 9.61195 -9.16077
v 9.62032 9.61195 -8.16869
v 8.75999 9.58239 -9.24462
v 9.70834 9.58239 -8.24346
v 8.83493 9.53403 -9.32372
v 9.79139 9.53403 -8.31400
v 8.90329 9.46822 -9.39589
v 9.86715 9.46822 -8.37836
v 8.96318 9.38680 -9.45911
v 9.93352 9.38680 -8.43473
v 9.01292 9.29203 -9.51162
v 9.98865 9.29203 -8.48155
v 9.05112 9.18656 -9.55196
v 10.03099 9.18656 -8.51752
v 9.07674 9.07331 -9.57900
v 10.05938 9.07331 -8.54164
v 9.08904 8.95544 -9.59199
v 10.07302 8.95544 -8.55322
v 9.08770 8.83625 -9.59057
v 10.07152 8.83625 -8.55195
v 9.07274 8.71903 -9.57478
v 10.05495 8.71903 -8.53787
v 9.04458 8.60707 -9.54505
v 10.02374 8.60707 -8.51137
v 9.00402 8.50347 -9.50223
v 9.97878 8.50347 -8.47318
v 8.95217 8.41113 -9.44749
v 9.92132 8.41113 -8.42437
v 8.89048 8.33261 -9.38237
v 9.85295 8.33261 -8.36629
v 8.82067 8.27010 -9.30867
v 9.77558 8.27010 -8.30058
v 8.74468 8.22534 -9.22845
v 9.69137 8.22534 -8.22905
v 8.66464 8.19958 -9.14395
v 11.04684 9.62190 -5.85428
v 11.61522 9.62190 -4.62575
v 11.15180 9.61195 -5.90993
v 11.72558 9.61195 -4.66972
v 11.25383 9.58239 -5.96403
v 11.83287 9.58239 -4.71247
v 11.35011 9.53403 -6.01507
v 11.93409 9.53403 -4.75280
v 11.43793 9.46822 -6.06163
v 12.02644 9.46822 -4.78960
v 11.51487 9.38680 -6.10242
v 12.10733 9.38680 -4.82183
v 11.57877 9.29203 -6.13629
v 12.17452 9.29203 -4.84860
v 11.62786 9.18656 -6.16232
v 12.22614 9.18656 -4.86916
v 11.66076 9.07331 -6.17977
v 12.26074 9.07331 -4.88295
v 11.67657 8.95544 -6.18815
v 12.27736 8.95544 -4.88957
v 11.67485 8.83625 -6.18723
v 12.27554 8.83625 -4.88885
v 11.65563 8.71903 -6.17704
v 12.25534 8.71903 -4.88080
v 11.61946 8.60707 -6.15787
v 12.21730 8.60707 -4.86564
v 11.56734 8.50347 -6.13023
v 12.16250 8.50347 -4.84381
v 11.50073 8.41113 -6.09492
v 12.09246 8.41113 -4.81590
v 11.42147 8.33261 -6.05290
v 12.00913 8.33261 -4.78270
v 11.33178 8.27010 -6.00535
v 11.91483 8.27010 -4.74513
v 11.23416 8.22534 -5.95360
v 11.81218 8.22534 -4.70423
v 11.13132 8.19958 -5.89907
v 12.33843 9.62190 -2.02097
v 12.48478 9.62190 -0.67527
v 12.45566 9.61195 -2.04019
v 12.60341 9.61195 -0.68170
v 12.56963 9.58239 -2.05888
v 12.71873 9.58239 -0.68795
v 12.67716 9.53403 -2.07651
v 12.82754 9.53403 -0.69385
v 12.77526 9.46822 -2.09259
v 12.92680 9.46822 -0.69923
v 12.86119 9.38680 -2.10667
v 13.01375 9.38680 -0.70394
v 12.93257 9.29203 -2.11838
v 13.08597 9.29203 -0.70786
v 12.98739 9.18656 -2.12736
v 13.14145 9.18656 -0.71087
v 13.02415 9.07331 -2.13339
v 13.17864 9.07331 -0.71289
v 13.04181 8.95544 -2.13629
v 13.19650 8.95544 -0.71385
v 13.03988 8.83625 -2.13597
v 13.19455 8.83625 -0.71375
v 13.01841 8.71903 -2.13245
v 13.17283 8.71903 -0.71257
v 12.97801 8.60707 -2.12583
v 13.13195 8.60707 -0.71035
v 12.91980 8.50347 -2.11628
v 13.07305 8.50347 -0.70716
v 12.84539 8.41113 -2.10408
v 12.99776 8.41113 -0.70308
v 12.75687 8.33261 -2.08957
v 12.90819 8.33261 -0.69822
v 12.65670 8.27010 -2.07315
v 12.80683 8.27010 -0.69273
v 12.54766 8.22534 -2.05527
v 12.69650 8.22534 -0.68674
v 12.43279 8.19958 -2.03644
v 7.56718 9.62190 9.95396
v 6.44678 9.62190 10.71361
v 7.63907 9.61195 10.04854
v 6.50803 9.61195 10.81540
v 7.70896 9.58239 10.14048
v 6.56757 9.58239 10.91436
v 7.77491 9.53403 10.22723
v 6.62375 9.53403 11.00773
v 7.83507 9.46822 10.30636
v 6.67500 9.46822 11.09291
v 7.88776 9.38680 10.37569
v 6.71989 9.38680 11.16752
v 7.93153 9.29203 10.43326
v 6.75718 9.29203 11.22949
v 7.96516 9.18656 10.47749
v 6.78583 9.18656 11.27710
v 7.98770 9.07331 10.50715
v 6.80503 9.07331 11.30902
v 7.99853 8.95544 10.52139
v 6.81425 8.95544 11.32435
v 7.99734 8.83625 10.51983
v 6.81324 8.83625 11.32267
v 7.98418 8.71903 10.50252
v 6.80203 8.71903 11.30403
v 7.95940 8.60707 10.46993
v 6.78092 8.60707 11.26895
v 7.92370 8.50347 10.42296
v 6.75051 8.50347 11.21841
v 7.87808 8.41113 10.36294
v 6.71164 8.41113 11.15381
v 7.82379 8.33261 10.29153
v 6.66539 8.33261 11.07694
v 7.76236 8.27010 10.21072
v 6.61306 8.27010 10.98996
v 7.69549 8.22534 10.12275
v 6.55609 8.22534 10.89528
v 7.62505 8.19958 10.03009
v 3.99332 9.62190 11.84870
v 2.68902 9.62190 12.21084
v 4.03126 9.61195 11.96128
v 2.71456 9.61195 12.32686
v 4.06813 9.58239 12.07072
v 2.73939 9.58239 12.43965
v 4.10292 9.53403 12.17399
v 2.76281 9.53403 12.54607
v 4.13467 9.46822 12.26819
v 2.78418 9.46822 12.64315
v 4.16247 9.38680 12.35071
v 2.80290 9.38680 12.72820
v 4.18556 9.29203 12.41925
v 2.81845 9.29203 12.79883
v 4.20330 9.18656 12.47190
v 2.83039 9.18656 12.85309
v 4.21520 9.07331 12.50720
v 2.83840 9.07331 12.88946
v 4.22091 8.95544 12.52416
v 2.84225 8.95544 12.90694
v 4.22029 8.83625 12.52230
v 2.84183 8.83625 12.90503
v 4.21334 8.71903 12.50169
v 2.83715 8.71903 12.88379
v 4.20027 8.60707 12.46289
v 2.82835 8.60707 12.84380
v 4.18143 8.50347 12.40699
v 2.81567 8.50347 12.78619
v 4.15736 8.41113 12.33554
v 2.79946 8.41113 12.71256
v 4.12872 8.33261 12.25053
v 2.78017 8.33261 12.62495
v 4.09630 8.27010 12.15433
v 2.75835 8.27010 12.52581
v 4.06102 8.22534 12.04962
v 2.73460 8.22534 12.41790
v 4.02386 8.19958 11.93932
v 0.00156 9.62190 12.50312
v -1.35010 9.62190 12.42983
v 0.00156 9.61195 12.62192
v -1.36295 9.61195 12.54794
v 0.00156 9.58239 12.73741
v -1.37543 9.58239 12.66275
v 0.00156 9.53403 12.84637
v -1.38721 9.53403 12.77108
v 0.00156 9.46822 12.94578
v -1.39796 9.46822 12.86990
v 0.00156 9.38680 13.03286
v -1.40738 9.38680 12.95647
v 0.00156 9.29203 13.10518
v -1.41520 9.29203 13.02837
v 0.00156 9.18656 13.16074
v -1.42120 9.18656 13.08361
v 0.00156 9.07331 13.19799
v -1.42523 9.07331 13.12063
v 0.00156 8.95544 13.21588
v -1.42716 8.95544 13.13842
v 0.00156 8.83625 13.21393
v -1.42695 8.83625 13.13648
v 0.00156 8.71903 13.19218
v -1.42460 8.71903 13.11485
v 0.00156 8.60707 13.15124
v -1.42018 8.60707 13.07415
v 0.00156 8.50347 13.09225
v -1.41380 8.50347 13.01551
v 0.00156 8.41113 13.01685
v -1.40564 8.41113 12.94055
v 0.00156 8.33261 12.92715
v -1.39595 8.33261 12.85138
v 0.00156 8.27010 12.82563
v -1.38497 8.27010 12.75046
v 0.00156 8.22534 12.71514
v -1.37302 8.22534 12.64061
v 0.00156 8.19958 12.59874
v -2.68591 9.62190 12.21084
v -2.71145 9.61195 12.32686
v -2.73628 9.58239 12.43965
v -2.75970 9.53403 12.54607
v -2.78107 9.46822 12.64315
v -2.79979 9.38680 12.72820
v -2.81534 9.29203 12.79883
v -2.82728 9.18656 12.85309
v -2.83529 9.07331 12.88946
v -2.83913 8.95544 12.90694
v -2.83871 8.83625 12.90503
v -2.83404 8.71903 12.88379
v -2.82524 8.60707 12.84380
v -2.81256 8.50347 12.78619
v -2.79635 8.41113 12.71256
v -2.77706 8.33261 12.62495
v -2.75524 8.27010 12.52581
v -2.73149 8.22534 12.41790
v -4.02075 8.19958 11.93932
v -4.05791 8.22534 12.04962
v -4.09319 8.27010 12.15433
v -4.12561 8.33261 12.25053
v -4.15425 8.41113 12.33554
v -4.17832 8.50347 12.40699
v -4.19716 8.60707 12.46289
v -4.21023 8.71903 12.50169
v -4.21718 8.83625 12.52230
v -4.21780 8.95544 12.52416
v -4.21209 9.07331 12.50720
v -4.20019 9.18656 12.47190
v -4.18245 9.29203 12.41925
v -4.15936 9.38680 12.35071
v -4.13156 9.46822 12.26819
v -4.09981 9.53403 12.17399
v -4.06502 9.58239 12.07072
v -4.02815 9.61195 11.96128
v -3.99021 9.62190 11.84870
v -5.24771 9.62190 11.34767
v -5.29760 9.61195 11.45548
v -5.34609 9.58239 11.56030
v -5.39184 9.53403 11.65920
v -5.43358 9.46822 11.74941
v -5.47015 9.38680 11.82845
v -5.50052 9.29203 11.89409
v -5.52385 9.18656 11.94451
v -5.53948 9.07331 11.97832
v -5.54700 8.95544 11.99455
v -5.54618 8.83625 11.99278
v -5.53704 8.71903 11.97304
v -5.51985 8.60707 11.93588
v -5.49508 8.50347 11.88234
v -5.46343 8.41113 11.81392
v -5.42576 8.33261 11.73250
v -5.38314 8.27010 11.64038
v -5.33674 8.22534 11.54009
v -6.44367 9.62190 10.71361
v -6.50492 9.61195 10.81540
v -6.56446 9.58239 10.91436
v -6.62064 9.53403 11.00773
v -6.67189 9.46822 11.09291
v -6.71678 9.38680 11.16752
v -6.75407 9.29203 11.22949
v -6.78272 9.18656 11.27710
v -6.80192 9.07331 11.30902
v -6.81114 8.95544 11.32435
v -6.81013 8.83625 11.32267
v -6.79892 8.71903 11.30403
v -6.77781 8.60707 11.26895
v -6.74740 8.50347 11.21841
v -6.70853 8.41113 11.15381
v -6.66228 8.33261 11.07694
v -6.60995 8.27010 10.98996
v -6.55298 8.22534 10.89528
v -7.62194 8.19958 10.03009
v -7.69238 8.22534 10.12275
v -7.75925 8.27010 10.21072
v -7.82068 8.33261 10.29153
v -7.87497 8.41113 10.36294
v -7.92059 8.50347 10.42296
v -7.95629 8.60707 10.46993
v -7.98107 8.71903 10.50252
v -7.99423 8.83625 10.51983
v -7.99542 8.95544 10.52139
v -7.98459 9.07331 10.50715
v -7.96205 9.18656 10.47749
v -7.92842 9.29203 10.43326
v -7.88465 9.38680 10.37569
v -7.83196 9.46822 10.30636
v -7.77180 9.53403 10.22723
v -7.70585 9.58239 10.14048
v -7.63596 9.61195 10.04854
v -7.56407 9.62190 9.95396
v -10.42500 8.19958 7.07093
v -10.52134 8.22534 7.13626
v -10.61279 8.27010 7.19826
v -10.69681 8.33261 7.25523
v -10.77106 8.41113 7.30557
v -10.83347 8.50347 7.34788
v -10.88229 8.60707 7.38099
v -10.91618 8.71903 7.40396
v -10.93418 8.83625 7.41617
v -10.93580 8.95544 7.41727
v -10.92099 9.07331 7.40722
v -10.89016 9.18656 7.38632
v -10.84417 9.29203 7.35514
v -10.78431 9.38680 7.31455
v -10.71224 9.46822 7.26569
v -10.62996 9.53403 7.20990
v -10.53977 9.58239 7.14875
v -10.44418 9.61195 7.08394
v -10.34585 9.62190 7.01727
v -12.13646 8.19958 3.37166
v -12.24862 8.22534 3.40280
v -12.35509 8.27010 3.43236
v -12.45290 8.33261 3.45952
v -12.53933 8.41113 3.48352
v -12.61198 8.50347 3.50369
v -12.66882 8.60707 3.51947
v -12.70827 8.71903 3.53042
v -12.72923 8.83625 3.53624
v -12.73111 8.95544 3.53676
v -12.71387 9.07331 3.53198
v -12.67798 9.18656 3.52201
v -12.62445 9.29203 3.50715
v -12.55476 9.38680 3.48780
v -12.47085 9.46822 3.46450
v -12.37507 9.53403 3.43791
v -12.27008 9.58239 3.40876
v -12.15879 9.61195 3.37786
v -12.04433 9.62190 3.34608
v -12.69338 8.22534 -0.68674
v -12.80372 8.27010 -0.69273
v -12.90508 8.33261 -0.69822
v -12.99465 8.41113 -0.70308
v -13.06994 8.50347 -0.70716
v -13.12884 8.60707 -0.71035
v -13.16972 8.71903 -0.71257
v -13.19144 8.83625 -0.71375
v -13.19339 8.95544 -0.71385
v -13.17553 9.07331 -0.71289
v -13.13834 9.18656 -0.71087
v -13.08286 9.29203 -0.70786
v -13.01064 9.38680 -0.70394
v -12.92369 9.46822 -0.69923
v -12.82442 9.53403 -0.69385
v -12.71562 9.58239 -0.68795
v -12.60030 9.61195 -0.68170
v -12.48167 9.62190 -0.67527
v -12.42968 8.19958 -2.03644
v -12.54455 8.22534 -2.05527
v -12.65359 8.27010 -2.07315
v -12.75376 8.33261 -2.08957
v -12.84228 8.41113 -2.10408
v -12.91669 8.50347 -2.11628
v -12.97490 8.60707 -2.12583
v -13.01530 8.71903 -2.13245
v -13.03676 8.83625 -2.13597
v -13.03869 8.95544 -2.13629
v -13.02104 9.07331 -2.13339
v -12.98428 9.18656 -2.12736
v -12.92945 9.29203 -2.11838
v -12.85808 9.38680 -2.10667
v -12.77215 9.46822 -2.09259
v -12.67405 9.53403 -2.07651
v -12.56652 9.58239 -2.05888
v -12.45255 9.61195 -2.04019
v -12.33532 9.62190 -2.02097
v -12.04433 9.62190 -3.34297
v -12.15879 9.61195 -3.37475
v -12.27008 9.58239 -3.40565
v -12.37507 9.53403 -3.43480
v -12.47085 9.46822 -3.46139
v -12.55476 9.38680 -3.48469
v -12.62445 9.29203 -3.50404
v -12.67798 9.18656 -3.51890
v -12.71387 9.07331 -3.52886
v -12.73111 8.95544 -3.53365
v -12.72923 8.83625 -3.53313
v -12.70827 8.71903 -3.52731
v -12.66882 8.60707 -3.51636
v -12.61198 8.50347 -3.50058
v -12.53933 8.41113 -3.48040
v -12.45290 8.33261 -3.45641
v -12.35509 8.27010 -3.42925
v -12.24862 8.22534 -3.39969
v -11.61210 9.62190 -4.62575
v -11.72247 9.61195 -4.66972
v -11.82975 9.58239 -4.71247
v -11.93098 9.53403 -4.75280
v -12.02333 9.46822 -4.78960
v -12.10422 9.38680 -4.82183
v -12.17141 9.29203 -4.84860
v -12.22302 9.18656 -4.86916
v -12.25763 9.07331 -4.88295
v -12.27425 8.95544 -4.88957
v -12.27243 8.83625 -4.88885
v -12.25222 8.71903 -4.88080
v -12.21419 8.60707 -4.86564
v -12.15939 8.50347 -4.84381
v -12.08935 8.41113 -4.81590
v -12.00602 8.33261 -4.78270
v -11.91172 8.27010 -4.74513
v -11.80907 8.22534 -4.70423
v -11.12821 8.19958 -5.89907
v -11.23105 8.22534 -5.95360
v -11.32867 8.27010 -6.00535
v -11.41836 8.33261 -6.05290
v -11.49761 8.41113 -6.09492
v -11.56423 8.50347 -6.13023
v -11.61635 8.60707 -6.15787
v -11.65252 8.71903 -6.17704
v -11.67173 8.83625 -6.18723
v -11.67346 8.95544 -6.18815
v -11.65765 9.07331 -6.17977
v -11.62475 9.18656 -6.16232
v -11.57566 9.29203 -6.13629
v -11.51176 9.38680 -6.10242
v -11.43482 9.46822 -6.06163
v -11.34700 9.53403 -6.01507
v -11.25072 9.58239 -5.96403
v -11.14869 9.61195 -5.90993
v -11.04373 9.62190 -5.85428
v -10.34585 9.62190 -7.01416
v -10.44418 9.61195 -7.08083
v -10.53977 9.58239 -7.14564
v -10.62996 9.53403 -7.20679
v -10.71224 9.46822 -7.26258
v -10.78431 9.38680 -7.31144
v -10.84417 9.29203 -7.35203
v -10.89016 9.18656 -7.38321
v -10.92099 9.07331 -7.40411
v -10.93580 8.95544 -7.41415
v -10.93418 8.83625 -7.41306
v -10.91618 8.71903 -7.40085
v -10.88229 8.60707 -7.37787
v -10.83347 8.50347 -7.34477
v -10.77106 8.41113 -7.30246
v -10.69681 8.33261 -7.25212
v -10.61279 8.27010 -7.19515
v -10.52134 8.22534 -7.13314
v -9.52666 9.62190 -8.09179
v -9.61721 9.61195 -8.16869
v -9.70523 9.58239 -8.24346
v -9.78828 9.53403 -8.31400
v -9.86404 9.46822 -8.37836
v -9.93041 9.38680 -8.43473
v -9.98553 9.29203 -8.48155
v -10.02788 9.18656 -8.51752
v -10.05627 9.07331 -8.54164
v -10.06990 8.95544 -8.55322
v -10.06841 8.83625 -8.55195
v -10.05184 8.71903 -8.53787
v -10.02063 8.60707 -8.51137
v -9.97567 8.50347 -8.47318
v -9.91821 8.41113 -8.42437
v -9.84984 8.33261 -8.36629
v -9.77247 8.27010 -8.30058
v -9.68826 8.22534 -8.22905
v -8.66152 8.19958 -9.14395
v -8.74157 8.22534 -9.22845
v -8.81756 8.27010 -9.30867
v -8.88737 8.33261 -9.38237
v -8.94906 8.41113 -9.44749
v -9.00091 8.50347 -9.50223
v -9.04147 8.60707 -9.54505
v -9.06963 8.71903 -9.57478
v -9.08459 8.83625 -9.59057
v -9.08593 8.95544 -9.59199
v -9.07363 9.07331 -9.57900
v -9.04801 9.18656 -9.55196
v -9.00980 9.29203 -9.51162
v -8.96007 9.38680 -9.45911
v -8.90018 9.46822 -9.39589
v -8.83182 9.53403 -9.32372
v -8.75688 9.58239 -9.24462
v -8.67746 9.61195 -9.16077
v -8.59576 9.62190 -9.07452
v -5.28787 8.19958 -11.43134
v -5.33674 8.22534 -11.53698
v -5.38314 8.27010 -11.63726
v -5.42576 8.33261 -11.72939
v -5.46343 8.41113 -11.81081
v -5.49508 8.50347 -11.87923
v -5.51985 8.60707 -11.93277
v -5.53704 8.71903 -11.96993
v -5.54618 8.83625 -11.98967
v -5.54700 8.95544 -11.99144
v -5.53948 9.07331 -11.97520
v -5.52385 9.18656 -11.94140
v -5.50052 9.29203 -11.89098
v -5.47015 9.38680 -11.82534
v -5.43358 9.46822 -11.74631
v -5.39184 9.53403 -11.65609
v -5.34609 9.58239 -11.55719
v -5.29760 9.61195 -11.45238
v -5.24771 9.62190 -11.34456
v -1.36044 8.19958 -12.52179
v -1.37302 8.22534 -12.63750
v -1.38497 8.27010 -12.74735
v -1.39595 8.33261 -12.84827
v -1.40564 8.41113 -12.93744
v -1.41380 8.50347 -13.01240
v -1.42018 8.60707 -13.07104
v -1.42460 8.71903 -13.11174
v -1.42695 8.83625 -13.13337
v -1.42716 8.95544 -13.13531
v -1.42523 9.07331 -13.11752
v -1.42120 9.18656 -13.08049
v -1.41520 9.29203 -13.02526
v -1.40738 9.38680 -12.95336
v -1.39796 9.46822 -12.86679
v -1.38721 9.53403 -12.76797
v -1.37543 9.58239 -12.65964
v -1.36295 9.61195 -12.54482
v -1.35010 9.62190 -12.42672
v 0.00156 9.62190 -12.50001
v 0.00156 9.61195 -12.61881
v 0.00156 9.58239 -12.73430
v 0.00156 9.53403 -12.84326
v 0.00156 9.46822 -12.94267
v 0.00156 9.38680 -13.02975
v 0.00156 9.29203 -13.10207
v 0.00156 9.18656 -13.15763
v 0.00156 9.07331 -13.19488
v 0.00156 8.95544 -13.21277
v 0.00156 8.83625 -13.21082
v 0.00156 8.71903 -13.18907
v 0.00156 8.60707 -13.14813
v 0.00156 8.50347 -13.08914
v 0.00156 8.41113 -13.01374
v 0.00156 8.33261 -12.92404
v 0.00156 8.27010 -12.82252
v 0.00156 8.22534 -12.71203
v 0.00156 8.19958 -12.59563
v 1.35321 9.62190 -12.42672
v 1.36606 9.61195 -12.54482
v 1.37854 9.58239 -12.65964
v 1.39032 9.53403 -12.76797
v 1.40107 9.46822 -12.86679
v 1.41049 9.38680 -12.95336
v 1.41831 9.29203 -13.02526
v 1.42431 9.18656 -13.08049
v 1.42834 9.07331 -13.11752
v 1.43028 8.95544 -13.13531
v 1.43006 8.83625 -13.13337
v 1.42771 8.71903 -13.11174
v 1.42329 8.60707 -13.07104
v 1.41691 8.50347 -13.01240
v 1.40876 8.41113 -12.93744
v 1.39906 8.33261 -12.84827
v 1.38808 8.27010 -12.74735
v 1.37614 8.22534 -12.63750
v 2.68902 9.62190 -12.20773
v 2.71456 9.61195 -12.32375
v 2.73939 9.58239 -12.43654
v 2.76281 9.53403 -12.54296
v 2.78418 9.46822 -12.64004
v 2.80290 9.38680 -12.72508
v 2.81845 9.29203 -12.79572
v 2.83039 9.18656 -12.84998
v 2.83840 9.07331 -12.88635
v 2.84225 8.95544 -12.90383
v 2.84183 8.83625 -12.90192
v 2.83715 8.71903 -12.88068
v 2.82835 8.60707 -12.84069
v 2.81567 8.50347 -12.78308
v 2.79946 8.41113 -12.70945
v 2.78017 8.33261 -12.62184
v 2.75835 8.27010 -12.52270
v 2.73460 8.22534 -12.41479
v 4.02386 8.19958 -11.93621
v 4.06102 8.22534 -12.04651
v 4.09630 8.27010 -12.15122
v 4.12872 8.33261 -12.24742
v 4.15736 8.41113 -12.33243
v 4.18143 8.50347 -12.40388
v 4.20027 8.60707 -12.45978
v 4.21334 8.71903 -12.49858
v 4.22029 8.83625 -12.51919
v 4.22091 8.95544 -12.52105
v 4.21520 9.07331 -12.50409
v 4.20330 9.18656 -12.46879
v 4.18556 9.29203 -12.41614
v 4.16247 9.38680 -12.34760
v 4.13467 9.46822 -12.26508
v 4.10292 9.53403 -12.17088
v 4.06813 9.58239 -12.06761
v 4.03126 9.61195 -11.95817
v 3.99332 9.62190 -11.84559
v 5.25082 9.62190 -11.34456
v 5.30071 9.61195 -11.45238
v 5.34920 9.58239 -11.55719
v 5.39496 9.53403 -11.65609
v 5.43669 9.46822 -11.74631
v 5.47326 9.38680 -11.82534
v 5.50363 9.29203 -11.89098
v 5.52696 9.18656 -11.94140
v 5.54260 9.07331 -11.97520
v 5.55011 8.95544 -11.99144
v 5.54929 8.83625 -11.98967
v 5.54015 8.71903 -11.96993
v 5.52296 8.60707 -11.93277
v 5.49819 8.50347 -11.87923
v 5.46654 8.41113 -11.81081
v 5.42887 8.33261 -11.72939
v 5.38625 8.27010 -11.63726
v 5.33985 8.22534 -11.53698
v 6.44678 9.62190 -10.71050
v 6.50803 9.61195 -10.81229
v 6.56757 9.58239 -10.91125
v 6.62375 9.53403 -11.00462
v 6.67500 9.46822 -11.08980
v 6.71989 9.38680 -11.16441
v 6.75718 9.29203 -11.22638
v 6.78583 9.18656 -11.27399
v 6.80503 9.07331 -11.30590
v 6.81425 8.95544 -11.32124
v 6.81324 8.83625 -11.31956
v 6.80203 8.71903 -11.30092
v 6.78092 8.60707 -11.26584
v 6.75051 8.50347 -11.21530
v 6.71164 8.41113 -11.15069
v 6.66539 8.33261 -11.07383
v 6.61306 8.27010 -10.98685
v 6.55609 8.22534 -10.89217
v 7.62505 8.19958 -10.02698
v 7.69549 8.22534 -10.11964
v 7.76236 8.27010 -10.20761
v 7.82379 8.33261 -10.28842
v 7.87808 8.41113 -10.35983
v 7.92370 8.50347 -10.41985
v 7.95940 8.60707 -10.46681
v 7.98418 8.71903 -10.49941
v 7.99734 8.83625 -10.51672
v 7.99853 8.95544 -10.51828
v 7.98770 9.07331 -10.50403
v 7.96516 9.18656 -10.47438
v 7.93153 9.29203 -10.43015
v 7.88776 9.38680 -10.37258
v 7.83507 9.46822 -10.30325
v 7.77491 9.53403 -10.22411
v 7.70896 9.58239 -10.13737
v 7.63907 9.61195 -10.04543
v 7.56718 9.62190 -9.95085
v 10.42811 8.19958 -7.06782
v 10.52445 8.22534 -7.13314
v 10.61590 8.27010 -7.19515
v 10.69992 8.33261 -7.25212
v 10.77417 8.41113 -7.30246
v 10.83658 8.50347 -7.34477
v 10.88540 8.60707 -7.37787
v 10.91929 8.71903 -7.40085
v 10.93729 8.83625 -7.41306
v 10.93891 8.95544 -7.41415
v 10.92410 9.07331 -7.40411
v 10.89327 9.18656 -7.38321
v 10.84728 9.29203 -7.35203
v 10.78742 9.38680 -7.31144
v 10.71535 9.46822 -7.26258
v 10.63307 9.53403 -7.20679
v 10.54288 9.58239 -7.14564
v 10.44729 9.61195 -7.08083
v 10.34896 9.62190 -7.01416
v 12.13957 8.19958 -3.36855
v 12.25173 8.22534 -3.39969
v 12.35820 8.27010 -3.42925
v 12.45601 8.33261 -3.45641
v 12.54244 8.41113 -3.48040
v 12.61509 8.50347 -3.50058
v 12.67193 8.60707 -3.51636
v 12.71138 8.71903 -3.52731
v 12.73234 8.83625 -3.53313
v 12.73422 8.95544 -3.53365
v 12.71698 9.07331 -3.52886
v 12.68109 9.18656 -3.51890
v 12.62756 9.29203 -3.50404
v 12.55787 9.38680 -3.48469
v 12.47396 9.46822 -3.46139
v 12.37818 9.53403 -3.43480
v 12.27319 9.58239 -3.40565
v 12.16191 9.61195 -3.37475
v 12.04744 9.62190 -3.34297
v 12.69650 8.22534 0.68986
v 12.80683 8.27010 0.69584
v 12.90819 8.33261 0.70133
v 12.99776 8.41113 0.70619
v 13.07305 8.50347 0.71027
v 13.13195 8.60707 0.71347
v 13.17283 8.71903 0.71568
v 13.19455 8.83625 0.71686
v 13.19650 8.95544 0.71697
v 13.17864 9.07331 0.71600
v 13.14145 9.18656 0.71398
v 13.08597 9.29203 0.71097
v 13.01375 9.38680 0.70706
v 12.92680 9.46822 0.70234
v 12.82754 9.53403 0.69696
v 12.71873 9.58239 0.69106
v 12.60341 9.61195 0.68481
v 12.48478 9.62190 0.67838
v 12.43279 8.19958 2.03955
v 12.54766 8.22534 2.05838
v 12.65670 8.27010 2.07626
v 12.75687 8.33261 2.09268
v 12.84539 8.41113 2.10720
v 12.91980 8.50347 2.11939
v 12.97801 8.60707 2.12894
v 13.01841 8.71903 2.13556
v 13.03988 8.83625 2.13908
v 13.04181 8.95544 2.13940
v 13.02415 9.07331 2.13650
v 12.98739 9.18656 2.13047
v 12.93257 9.29203 2.12149
v 12.86119 9.38680 2.10979
v 12.77526 9.46822 2.09570
v 12.67716 9.53403 2.07962
v 12.56963 9.58239 2.06199
v 12.45566 9.61195 2.04330
v 12.33843 9.62190 2.02408
v 12.04744 9.62190 3.34608
v 12.16191 9.61195 3.37786
v 12.27319 9.58239 3.40876
v 12.37818 9.53403 3.43791
v 12.47396 9.46822 3.46450
v 12.55787 9.38680 3.48780
v 12.62756 9.29203 3.50715
v 12.68109 9.18656 3.52201
v 12.71698 9.07331 3.53198
v 12.73422 8.95544 3.53676
v 12.73234 8.83625 3.53624
v 12.71138 8.71903 3.53042
v 12.67193 8.60707 3.51947
v 12.61509 8.50347 3.50369
v 12.54244 8.41113 3.48352
v 12.45601 8.33261 3.45952
v 12.35820 8.27010 3.43236
v 12.25173 8.22534 3.40280
v 11.61522 9.62190 4.62886
v 11.72558 9.61195 4.67283
v 11.83287 9.58239 4.71558
v 11.93409 9.53403 4.75591
v 12.02644 9.46822 4.79271
v 12.10733 9.38680 4.82494
v 12.17452 9.29203 4.85171
v 12.22614 9.18656 4.87227
v 12.26074 9.07331 4.88606
v 12.27736 8.95544 4.89268
v 12.27554 8.83625 4.89196
v 12.25534 8.71903 4.88391
v 12.21730 8.60707 4.86875
v 12.16250 8.50347 4.84692
v 12.09246 8.41113 4.81901
v 12.00913 8.33261 4.78581
v 11.91483 8.27010 4.74824
v 11.81218 8.22534 4.70734
v 11.13132 8.19958 5.90218
v 11.23416 8.22534 5.95671
v 11.33178 8.27010 6.00846
v 11.42147 8.33261 6.05601
v 11.50073 8.41113 6.09803
v 11.56734 8.50347 6.13335
v 11.61946 8.60707 6.16098
v 11.65563 8.71903 6.18015
v 11.67485 8.83625 6.19034
v 11.67657 8.95544 6.19126
v 11.66076 9.07331 6.18288
v 11.62786 9.18656 6.16543
v 11.57877 9.29203 6.13941
v 11.51487 9.38680 6.10553
v 11.43793 9.46822 6.06474
v 11.35011 9.53403 6.01818
v 11.25383 9.58239 5.96714
v 11.15180 9.61195 5.91304
v 11.04684 9.62190 5.85739
v 10.34896 9.62190 7.01727
v 10.44729 9.61195 7.08394
v 10.54288 9.58239 7.14875
v 10.63307 9.53403 7.20990
v 10.71535 9.46822 7.26569
v 10.78742 9.38680 7.31455
v 10.84728 9.29203 7.35514
v 10.89327 9.18656 7.38632
v 10.92410 9.07331 7.40722
v 10.93891 8.95544 7.41727
v 10.93729 8.83625 7.41617
v 10.91929 8.71903 7.40396
v 10.88540 8.60707 7.38099
v 10.83658 8.50347 7.34788
v 10.77417 8.41113 7.30557
v 10.69992 8.33261 7.25523
v 10.61590 8.27010 7.19826
v 10.52445 8.22534 7.13626
v 9.52977 9.62190 8.09489
v 9.62032 9.61195 8.17180
v 9.70834 9.58239 8.24657
v 9.79139 9.53403 8.31711
v 9.86715 9.46822 8.38147
v 9.93352 9.38680 8.43784
v 9.98865 9.29203 8.48467
v 10.03099 9.18656 8.52063
v 10.05938 9.07331 8.54475
v 10.07302 8.95544 8.55633
v 10.07152 8.83625 8.55506
v 10.05495 8.71903 8.54098
v 10.02374 8.60707 8.51448
v 9.97878 8.50347 8.47629
v 9.92132 8.41113 8.42748
v 9.85295 8.33261 8.36941
v 9.77558 8.27010 8.30369
v 9.69137 8.22534 8.23216
v 8.66464 8.19958 9.14706
v 8.74468 8.22534 9.23156
v 8.82067 8.27010 9.31178
v 8.89048 8.33261 9.38548
v 8.95217 8.41113 9.45060
v 9.00402 8.50347 9.50534
v 9.04458 8.60707 9.54816
v 9.07274 8.71903 9.57789
v 9.08770 8.83625 9.59368
v 9.08904 8.95544 9.59510
v 9.07674 9.07331 9.58211
v 9.05112 9.18656 9.55507
v 9.01292 9.29203 9.51473
v 8.96318 9.38680 9.46222
v 8.90329 9.46822 9.39900
v 8.83493 9.53403 9.32684
v 8.75999 9.58239 9.24773
v 8.68057 9.61195 9.16388
v 8.59887 9.62190 9.07763
v 5.29098 8.19958 11.43445
v 5.33985 8.22534 11.54009
v 5.38625 8.27010 11.64038
v 5.42887 8.33261 11.73250
v 5.46654 8.41113 11.81392
v 5.49819 8.50347 11.88234
v 5.52296 8.60707 11.93588
v 5.54015 8.71903 11.97304
v 5.54929 8.83625 11.99278
v 5.55011 8.95544 11.99455
v 5.54260 9.07331 11.97832
v 5.52696 9.18656 11.94451
v 5.50363 9.29203 11.89409
v 5.47326 9.38680 11.82845
v 5.43669 9.46822 11.74941
v 5.39496 9.53403 11.65920
v 5.34920 9.58239 11.56030
v 5.30071 9.61195 11.45548
v 5.25082 9.62190 11.34767
v 1.36355 8.19958 12.52490
v 1.37614 8.22534 12.64061
v 1.38808 8.27010 12.75046
v 1.39906 8.33261 12.85138
v 1.40876 8.41113 12.94055
v 1.41691 8.50347 13.01551
v 1.42329 8.60707 13.07415
v 1.42771 8.71903 13.11485
v 1.43006 8.83625 13.13648
v 1.43028 8.95544 13.13842
v 1.42834 9.07331 13.12063
v 1.42431 9.18656 13.08361
v 1.41831 9.29203 13.02837
v 1.41049 9.38680 12.95647
v 1.40107 9.46822 12.86990
v 1.39032 9.53403 12.77108
v 1.37854 9.58239 12.66275
v 1.36606 9.61195 12.54794
v 1.35321 9.62190 12.42983
v 12.04748 9.62190 0.00156
v 11.97174 9.62190 -1.34716
v 11.74546 9.62190 -2.67891
v 11.37150 9.62190 -3.97696
v 10.85456 9.62190 -5.22498
v 10.20113 9.62190 -6.40726
v 9.41944 9.62190 -7.50895
v 8.51931 9.62190 -8.51620
v 7.51207 9.62190 -9.41633
v 6.41037 9.62190 -10.19802
v 5.22808 9.62190 -10.85145
v 3.98007 9.62190 -11.36839
v 2.68203 9.62190 -11.74235
v 1.35027 9.62190 -11.96863
v 0.00156 9.62190 -12.04437
v -1.34716 9.62190 -11.96863
v -2.67891 9.62190 -11.74235
v -3.97696 9.62190 -11.36839
v -5.22498 9.62190 -10.85145
v -6.40726 9.62190 -10.19802
v -7.50895 9.62190 -9.41633
v -8.51620 9.62190 -8.51620
v -9.41633 9.62190 -7.50895
v -10.19802 9.62190 -6.40726
v -10.85145 9.62190 -5.22498
v -11.36839 9.62190 -3.97696
v -11.74235 9.62190 -2.67891
v -11.96863 9.62190 -1.34716
v -12.04437 9.62190 0.00156
v -11.96863 9.62190 1.35027
v -11.74235 9.62190 2.68203
v -11.36839 9.62190 3.98007
v -10.85145 9.62190 5.22808
v -10.19802 9.62190 6.41037
v -9.41633 9.62190 7.51207
v -8.51620 9.62190 8.51931
v -7.50895 9.62190 9.41944
v -6.40726 9.62190 10.20113
v -5.22498 9.62190 10.85456
v -3.97696 9.62190 11.37150
v -2.67891 9.62190 11.74546
v -1.34716 9.62190 11.97174
v 0.00156 9.62190 12.04748
v 1.35027 9.62190 11.97174
v 2.68203 9.62190 11.74546
v 3.98007 9.62190 11.37150
v 5.22808 9.62190 10.85456
v 6.41037 9.62190 10.20113
v 7.51207 9.62190 9.41944
v 8.51931 9.62190 8.51931
v 9.41944 9.62190 7.51207
v 10.20113 9.62190 6.41037
v 10.85456 9.62190 5.22808
v 11.37150 9.62190 3.98007
v 11.74546 9.62190 2.68203
v 11.97174 9.62190 1.35027
v -0.96272 42.00245 4.22632
v -0.48363 42.00245 4.30772
v -0.76380 44.80585 4.58823
v -1.03481 44.80585 4.54218
v -1.51029 44.80585 4.40520
v -1.42968 42.00245 4.09179
v -1.53668 44.80585 4.39759
v -1.87864 42.00245 3.90583
v -2.01921 44.80585 4.19772
v -2.21166 44.80585 4.09136
v -2.30396 42.00245 3.67076
v -2.47633 44.80585 3.94508
v -2.85748 44.80585 3.67464
v -2.70028 42.00245 3.38956
v -2.90228 44.80585 3.64285
v -3.06263 42.00245 3.06574
v -3.29172 44.80585 3.29483
v -3.41992 44.80585 3.15138
v -3.38644 42.00245 2.70340
v -3.63974 44.80585 2.90539
v -3.89428 44.80585 2.54665
v -3.66765 42.00245 2.30707
v -3.94197 44.80585 2.47944
v -3.90272 42.00245 1.88175
v -4.19461 44.80585 2.02232
v -4.25771 44.80585 1.86999
v -4.08868 42.00245 1.43279
v -4.39448 44.80585 1.53980
v -4.50864 44.80585 1.14353
v -4.22321 42.00245 0.96583
v -4.53907 44.80585 1.03792
v -4.30461 42.00245 0.48674
v -4.62656 44.80585 0.52302
v -4.63426 44.80585 0.38584
v -4.33186 42.00245 0.00156
v -4.65584 44.80585 0.00156
v -4.63426 44.80585 -0.38273
v -4.30461 42.00245 -0.48363
v -4.62656 44.80585 -0.51991
v -4.22321 42.00245 -0.96272
v -4.53907 44.80585 -1.03481
v -4.50864 44.80585 -1.14042
v -4.08868 42.00245 -1.42968
v -4.39448 44.80585 -1.53668
v -4.25771 44.80585 -1.86688
v -3.90272 42.00245 -1.87864
v -4.19461 44.80585 -2.01921
v -3.66765 42.00245 -2.30396
v -3.94197 44.80585 -2.47633
v -3.89428 44.80585 -2.54354
v -3.38644 42.00245 -2.70028
v -3.63974 44.80585 -2.90228
v -3.41992 44.80585 -3.14827
v -3.06263 42.00245 -3.06263
v -3.29172 44.80585 -3.29172
v -2.70028 42.00245 -3.38644
v -2.90228 44.80585 -3.63974
v -2.85748 44.80585 -3.67153
v -2.30396 42.00245 -3.66765
v -2.47633 44.80585 -3.94197
v -2.21166 44.80585 -4.08825
v -1.87864 42.00245 -3.90272
v -2.01921 44.80585 -4.19461
v -1.42968 42.00245 -4.08868
v -1.53668 44.80585 -4.39448
v -1.51029 44.80585 -4.40208
v -0.96272 42.00245 -4.22321
v -1.03481 44.80585 -4.53907
v -0.76380 44.80585 -4.58512
v -0.48363 42.00245 -4.30461
v -0.51991 44.80585 -4.62656
v 0.00156 42.00245 -4.33186
v 0.00156 44.80585 -4.65584
v 0.48674 42.00245 -4.30461
v 0.52302 44.80585 -4.62656
v 0.76691 44.80585 -4.58512
v 0.96583 42.00245 -4.22321
v 1.03792 44.80585 -4.53907
v 1.51341 44.80585 -4.40208
v 1.43279 42.00245 -4.08868
v 1.53980 44.80585 -4.39448
v 1.88175 42.00245 -3.90272
v 2.02232 44.80585 -4.19461
v 2.21478 44.80585 -4.08825
v 2.30707 42.00245 -3.66765
v 2.47944 44.80585 -3.94197
v 2.86059 44.80585 -3.67153
v 2.70340 42.00245 -3.38644
v 2.90539 44.80585 -3.63974
v 3.06574 42.00245 -3.06263
v 3.29483 44.80585 -3.29172
v 3.42303 44.80585 -3.14827
v 3.38956 42.00245 -2.70028
v 3.64285 44.80585 -2.90228
v 3.89739 44.80585 -2.54354
v 3.67076 42.00245 -2.30396
v 3.94508 44.80585 -2.47633
v 3.90583 42.00245 -1.87864
v 4.19772 44.80585 -2.01921
v 4.26082 44.80585 -1.86688
v 4.09179 42.00245 -1.42968
v 4.39759 44.80585 -1.53668
v 4.51176 44.80585 -1.14042
v 4.22632 42.00245 -0.96272
v 4.54218 44.80585 -1.03481
v 4.30772 42.00245 -0.48363
v 4.62967 44.80585 -0.51991
v 4.63737 44.80585 -0.38273
v 4.33497 42.00245 0.00156
v 4.65895 44.80585 0.00156
v 4.63737 44.80585 0.38584
v 4.30772 42.00245 0.48674
v 4.62967 44.80585 0.52302
v 4.22632 42.00245 0.96583
v 4.54218 44.80585 1.03792
v 4.51176 44.80585 1.14353
v 4.09179 42.00245 1.43279
v 4.39759 44.80585 1.53980
v 4.26082 44.80585 1.86999
v 3.90583 42.00245 1.88175
v 4.19772 44.80585 2.02232
v 3.67076 42.00245 2.30707
v 3.94508 44.80585 2.47944
v 3.89739 44.80585 2.54665
v 3.38956 42.00245 2.70340
v 3.64285 44.80585 2.90539
v 3.42303 44.80585 3.15138
v 3.06574 42.00245 3.06574
v 3.29483 44.80585 3.29483
v 2.70340 42.00245 3.38956
v 2.90539 44.80585 3.64285
v 2.86059 44.80585 3.67464
v 2.30707 42.00245 3.67076
v 2.47944 44.80585 3.94508
v 2.21478 44.80585 4.09136
v 1.88175 42.00245 3.90583
v 2.02232 44.80585 4.19772
v 1.43279 42.00245 4.09179
v 1.53980 44.80585 4.39759
v 1.51341 44.80585 4.40520
v 0.96583 42.00245 4.22632
v 1.03792 44.80585 4.54218
v 0.76691 44.80585 4.58823
v 0.48674 42.00245 4.30772
v 0.52302 44.80585 4.62967
v 0.00156 42.00245 4.33497
v 0.00156 44.80585 4.65895
v -0.51991 44.80585 4.62967
v 0.46736 39.18570 4.13570
v 0.92731 39.18570 4.05755
v 1.37561 39.18570 3.92839
v 1.80664 39.18570 3.74986
v 2.21497 39.18570 3.52418
v 2.59546 39.18570 3.25421
v 2.94333 39.18570 2.94333
v 3.25421 39.18570 2.59546
v 3.52418 39.18570 2.21497
v 3.74986 39.18570 1.80664
v 3.92839 39.18570 1.37561
v 4.05755 39.18570 0.92731
v 4.13570 39.18570 0.46736
v 4.16186 39.18570 0.00156
v 4.13570 39.18570 -0.46425
v 4.05755 39.18570 -0.92420
v 3.92839 39.18570 -1.37250
v 3.74986 39.18570 -1.80353
v 3.52418 39.18570 -2.21186
v 3.25421 39.18570 -2.59235
v 2.94333 39.18570 -2.94022
v 2.59546 39.18570 -3.25110
v 2.21497 39.18570 -3.52107
v 1.80664 39.18570 -3.74675
v 1.37561 39.18570 -3.92528
v 0.92731 39.18570 -4.05444
v 0.46736 39.18570 -4.13259
v 0.00156 39.18570 -4.15874
v -0.46425 39.18570 -4.13259
v -0.92420 39.18570 -4.05444
v -1.37250 39.18570 -3.92528
v -1.80353 39.18570 -3.74675
v -2.21186 39.18570 -3.52107
v -2.59235 39.18570 -3.25110
v -2.94022 39.18570 -2.94022
v -3.25110 39.18570 -2.59235
v -3.52107 39.18570 -2.21186
v -3.74675 39.18570 -1.80353
v -3.92528 39.18570 -1.37250
v -4.05444 39.18570 -0.92420
v -4.13259 39.18570 -0.46425
v -4.15874 39.18570 0.00156
v -4.13259 39.18570 0.46736
v -4.05444 39.18570 0.92731
v -3.92528 39.18570 1.37561
v -3.74675 39.18570 1.80664
v -3.52107 39.18570 2.21497
v -3.25110 39.18570 2.59546
v -2.94022 39.18570 2.94333
v -2.59235 39.18570 3.25421
v -2.21186 39.18570 3.52418
v -1.80353 39.18570 3.74986
v -1.37250 39.18570 3.92839
v -0.92420 39.18570 4.05755
v -0.46425 39.18570 4.13570
v 0.00156 39.18570 4.16186
v 0.46493 36.36372 4.11408
v 0.92247 36.36372 4.03634
v 1.36843 36.36372 3.90786
v 1.79720 36.36372 3.73026
v 2.20340 36.36372 3.50576
v 2.58190 36.36372 3.23720
v 2.92795 36.36372 2.92795
v 3.23720 36.36372 2.58190
v 3.50576 36.36372 2.20340
v 3.73026 36.36372 1.79720
v 3.90786 36.36372 1.36843
v 4.03634 36.36372 0.92247
v 4.11408 36.36372 0.46493
v 4.14010 36.36372 0.00156
v 4.11408 36.36372 -0.46182
v 4.03634 36.36372 -0.91936
v 3.90786 36.36372 -1.36532
v 3.73026 36.36372 -1.79409
v 3.50576 36.36372 -2.20029
v 3.23720 36.36372 -2.57879
v 2.92795 36.36372 -2.92484
v 2.58190 36.36372 -3.23409
v 2.20340 36.36372 -3.50265
v 1.79720 36.36372 -3.72715
v 1.36843 36.36372 -3.90475
v 0.92247 36.36372 -4.03323
v 0.46493 36.36372 -4.11097
v 0.00156 36.36372 -4.13699
v -0.46182 36.36372 -4.11097
v -0.91936 36.36372 -4.03323
v -1.36532 36.36372 -3.90475
v -1.79409 36.36372 -3.72715
v -2.20029 36.36372 -3.50265
v -2.57879 36.36372 -3.23409
v -2.92484 36.36372 -2.92484
v -3.23409 36.36372 -2.57879
v -3.50265 36.36372 -2.20029
v -3.72715 36.36372 -1.79409
v -3.90475 36.36372 -1.36532
v -4.03323 36.36372 -0.91936
v -4.11097 36.36372 -0.46182
v -4.13699 36.36372 0.00156
v -4.11097 36.36372 0.46493
v -4.03323 36.36372 0.92247
v -3.90475 36.36372 1.36843
v -3.72715 36.36372 1.79720
v -3.50265 36.36372 2.20340
v -3.23409 36.36372 2.58190
v -2.92484 36.36372 2.92795
v -2.57879 36.36372 3.23720
v -2.20029 36.36372 3.50576
v -1.79409 36.36372 3.73026
v -1.36532 36.36372 3.90786
v -0.91936 36.36372 4.03634
v -0.46182 36.36372 4.11408
v 0.00156 36.36372 4.14010
v 0.47944 33.54465 4.24294
v 0.95132 33.54465 4.16277
v 1.41126 33.54465 4.03026
v 1.85347 33.54465 3.84709
v 2.27239 33.54465 3.61556
v 2.66275 33.54465 3.33859
v 3.01964 33.54465 3.01964
v 3.33859 33.54465 2.66275
v 3.61556 33.54465 2.27239
v 3.84709 33.54465 1.85347
v 4.03026 33.54465 1.41126
v 4.16277 33.54465 0.95132
v 4.24294 33.54465 0.47944
v 4.26978 33.54465 0.00156
v 4.24294 33.54465 -0.47633
v 4.16277 33.54465 -0.94821
v 4.03026 33.54465 -1.40815
v 3.84709 33.54465 -1.85036
v 3.61556 33.54465 -2.26928
v 3.33859 33.54465 -2.65964
v 3.01964 33.54465 -3.01653
v 2.66275 33.54465 -3.33548
v 2.27239 33.54465 -3.61245
v 1.85347 33.54465 -3.84398
v 1.41126 33.54465 -4.02715
v 0.95132 33.54465 -4.15965
v 0.47944 33.54465 -4.23983
v 0.00156 33.54465 -4.26667
v -0.47633 33.54465 -4.23983
v -0.94821 33.54465 -4.15965
v -1.40815 33.54465 -4.02715
v -1.85036 33.54465 -3.84398
v -2.26928 33.54465 -3.61245
v -2.65964 33.54465 -3.33548
v -3.01653 33.54465 -3.01653
v -3.33548 33.54465 -2.65964
v -3.61245 33.54465 -2.26928
v -3.84398 33.54465 -1.85036
v -4.02715 33.54465 -1.40815
v -4.15965 33.54465 -0.94821
v -4.23983 33.54465 -0.47633
v -4.26667 33.54465 0.00156
v -4.23983 33.54465 0.47944
v -4.15965 33.54465 0.95132
v -4.02715 33.54465 1.41126
v -3.84398 33.54465 1.85347
v -3.61245 33.54465 2.27239
v -3.33548 33.54465 2.66275
v -3.01653 33.54465 3.01964
v -2.65964 33.54465 3.33859
v -2.26928 33.54465 3.61556
v -1.85036 33.54465 3.84709
v -1.40815 33.54465 4.03026
v -0.94821 33.54465 4.16277
v -0.47633 33.54465 4.24294
v 0.00156 33.54465 4.26978
v 0.51088 30.73658 4.52190
v 1.01379 30.73658 4.43646
v 1.50398 30.73658 4.29523
v 1.97527 30.73658 4.10002
v 2.42174 30.73658 3.85326
v 2.83778 30.73658 3.55807
v 3.21815 30.73658 3.21815
v 3.55807 30.73658 2.83778
v 3.85326 30.73658 2.42174
v 4.10002 30.73658 1.97527
v 4.29523 30.73658 1.50398
v 4.43646 30.73658 1.01379
v 4.52190 30.73658 0.51088
v 4.55051 30.73658 0.00156
v 4.52190 30.73658 -0.50777
v 4.43646 30.73658 -1.01068
v 4.29523 30.73658 -1.50087
v 4.10002 30.73658 -1.97216
v 3.85326 30.73658 -2.41863
v 3.55807 30.73658 -2.83467
v 3.21815 30.73658 -3.21504
v 2.83778 30.73658 -3.55496
v 2.42174 30.73658 -3.85015
v 1.97527 30.73658 -4.09691
v 1.50398 30.73658 -4.29212
v 1.01379 30.73658 -4.43334
v 0.51088 30.73658 -4.51879
v 0.00156 30.73658 -4.54740
v -0.50777 30.73658 -4.51879
v -1.01068 30.73658 -4.43334
v -1.50087 30.73658 -4.29212
v -1.97216 30.73658 -4.09691
v -2.41863 30.73658 -3.85015
v -2.83467 30.73658 -3.55496
v -3.21504 30.73658 -3.21504
v -3.55496 30.73658 -2.83467
v -3.85015 30.73658 -2.41863
v -4.09691 30.73658 -1.97216
v -4.29212 30.73658 -1.50087
v -4.43334 30.73658 -1.01068
v -4.51879 30.73658 -0.50777
v -4.54740 30.73658 0.00156
v -4.51879 30.73658 0.51088
v -4.43334 30.73658 1.01379
v -4.29212 30.73658 1.50398
v -4.09691 30.73658 1.97527
v -3.85015 30.73658 2.42174
v -3.55496 30.73658 2.83778
v -3.21504 30.73658 3.21815
v -2.83467 30.73658 3.55807
v -2.41863 30.73658 3.85326
v -1.97216 30.73658 4.10002
v -1.50087 30.73658 4.29523
v -1.01068 30.73658 4.43646
v -0.50777 30.73658 4.52190
v 0.00156 30.73658 4.55051
v 0.55913 27.94762 4.95017
v 1.10969 27.94762 4.85662
v 1.64632 27.94762 4.70202
v 2.16226 27.94762 4.48831
v 2.65103 27.94762 4.21818
v 3.10649 27.94762 3.89501
v 3.52289 27.94762 3.52289
v 3.89501 27.94762 3.10649
v 4.21818 27.94762 2.65103
v 4.48831 27.94762 2.16226
v 4.70202 27.94762 1.64632
v 4.85662 27.94762 1.10969
v 4.95017 27.94762 0.55913
v 4.98148 27.94762 0.00156
v 4.95017 27.94762 -0.55602
v 4.85662 27.94762 -1.10658
v 4.70202 27.94762 -1.64321
v 4.48831 27.94762 -2.15915
v 4.21818 27.94762 -2.64792
v 3.89501 27.94762 -3.10338
v 3.52289 27.94762 -3.51978
v 3.10649 27.94762 -3.89190
v 2.65103 27.94762 -4.21506
v 2.16226 27.94762 -4.48520
v 1.64632 27.94762 -4.69891
v 1.10969 27.94762 -4.85351
v 0.55913 27.94762 -4.94705
v 0.00156 27.94762 -4.97837
v -0.55602 27.94762 -4.94705
v -1.10658 27.94762 -4.85351
v -1.64321 27.94762 -4.69891
v -2.15915 27.94762 -4.48520
v -2.64792 27.94762 -4.21506
v -3.10338 27.94762 -3.89190
v -3.51978 27.94762 -3.51978
v -3.89190 27.94762 -3.10338
v -4.21506 27.94762 -2.64792
v -4.48520 27.94762 -2.15915
v -4.69891 27.94762 -1.64321
v -4.85351 27.94762 -1.10658
v -4.94705 27.94762 -0.55602
v -4.97837 27.94762 0.00156
v -4.94705 27.94762 0.55913
v -4.85351 27.94762 1.10969
v -4.69891 27.94762 1.64632
v -4.48520 27.94762 2.16226
v -4.21506 27.94762 2.65103
v -3.89190 27.94762 3.10649
v -3.51978 27.94762 3.52289
v -3.10338 27.94762 3.89501
v -2.64792 27.94762 4.21818
v -2.15915 27.94762 4.48831
v -1.64321 27.94762 4.70202
v -1.10658 27.94762 4.85662
v -0.55602 27.94762 4.95017
v 0.00156 27.94762 4.98148
v 0.62407 25.18580 5.52649
v 1.23875 25.18580 5.42205
v 1.83787 25.18580 5.24945
v 2.41390 25.18580 5.01085
v 2.95960 25.18580 4.70925
v 3.46809 25.18580 4.34846
v 3.93300 25.18580 3.93300
v 4.34846 25.18580 3.46809
v 4.70925 25.18580 2.95960
v 5.01085 25.18580 2.41390
v 5.24945 25.18580 1.83787
v 5.42205 25.18580 1.23875
v 5.52649 25.18580 0.62407
v 5.56145 25.18580 0.00156
v 5.52649 25.18580 -0.62096
v 5.42205 25.18580 -1.23564
v 5.24945 25.18580 -1.83476
v 5.01085 25.18580 -2.41079
v 4.70925 25.18580 -2.95649
v 4.34846 25.18580 -3.46498
v 3.93300 25.18580 -3.92989
v 3.46809 25.18580 -4.34535
v 2.95960 25.18580 -4.70614
v 2.41390 25.18580 -5.00774
v 1.83787 25.18580 -5.24634
v 1.23875 25.18580 -5.41894
v 0.62407 25.18580 -5.52338
v 0.00156 25.18580 -5.55834
v -0.62096 25.18580 -5.52338
v -1.23564 25.18580 -5.41894
v -1.83476 25.18580 -5.24634
v -2.41079 25.18580 -5.00774
v -2.95649 25.18580 -4.70614
v -3.46498 25.18580 -4.34535
v -3.92989 25.18580 -3.92989
v -4.34535 25.18580 -3.46498
v -4.70614 25.18580 -2.95649
v -5.00774 25.18580 -2.41079
v -5.24634 25.18580 -1.83476
v -5.41894 25.18580 -1.23564
v -5.52338 25.18580 -0.62096
v -5.55834 25.18580 0.00156
v -5.52338 25.18580 0.62407
v -5.41894 25.18580 1.23875
v -5.24634 25.18580 1.83787
v -5.00774 25.18580 2.41390
v -4.70614 25.18580 2.95960
v -4.34535 25.18580 3.46809
v -3.92989 25.18580 3.93300
v -3.46498 25.18580 4.34846
v -2.95649 25.18580 4.70925
v -2.41079 25.18580 5.01085
v -1.83476 25.18580 5.24945
v -1.23564 25.18580 5.42205
v -0.62096 25.18580 5.52649
v 0.00156 25.18580 5.56145
v 0.70550 22.45908 6.24923
v 1.40059 22.45908 6.13112
v 2.07809 22.45908 5.93594
v 2.72947 22.45908 5.66613
v 3.34655 22.45908 5.32508
v 3.92156 22.45908 4.91709
v 4.44728 22.45908 4.44728
v 4.91709 22.45908 3.92156
v 5.32508 22.45908 3.34655
v 5.66613 22.45908 2.72947
v 5.93594 22.45908 2.07809
v 6.13112 22.45908 1.40059
v 6.24923 22.45908 0.70550
v 6.28876 22.45908 0.00156
v 6.24923 22.45908 -0.70239
v 6.13112 22.45908 -1.39748
v 5.93594 22.45908 -2.07498
v 5.66613 22.45908 -2.72636
v 5.32508 22.45908 -3.34344
v 4.91709 22.45908 -3.91845
v 4.44728 22.45908 -4.44417
v 3.92156 22.45908 -4.91398
v 3.34655 22.45908 -5.32197
v 2.72947 22.45908 -5.66302
v 2.07809 22.45908 -5.93283
v 1.40059 22.45908 -6.12801
v 0.70550 22.45908 -6.24612
v 0.00156 22.45908 -6.28565
v -0.70239 22.45908 -6.24612
v -1.39748 22.45908 -6.12801
v -2.07498 22.45908 -5.93283
v -2.72636 22.45908 -5.66302
v -3.34344 22.45908 -5.32197
v -3.91845 22.45908 -4.91398
v -4.44417 22.45908 -4.44417
v -4.91398 22.45908 -3.91845
v -5.32197 22.45908 -3.34344
v -5.66302 22.45908 -2.72636
v -5.93283 22.45908 -2.07498
v -6.12801 22.45908 -1.39748
v -6.24612 22.45908 -0.70239
v -6.28565 22.45908 0.00156
v -6.24612 22.45908 0.70550
v -6.12801 22.45908 1.40059
v -5.93283 22.45908 2.07809
v -5.66302 22.45908 2.72947
v -5.32197 22.45908 3.34655
v -4.91398 22.45908 3.92156
v -4.44417 22.45908 4.44728
v -3.91845 22.45908 4.91709
v -3.34344 22.45908 5.32508
v -2.72636 22.45908 5.66613
v -2.07498 22.45908 5.93594
v -1.39748 22.45908 6.13112
v -0.70239 22.45908 6.24923
v 0.00156 22.45908 6.28876
v 0.80319 19.77529 7.11628
v 1.59475 19.77529 6.98179
v 2.36627 19.77529 6.75952
v 3.10805 19.77529 6.45227
v 3.81077 19.77529 6.06389
v 4.46558 19.77529 5.59927
v 5.06426 19.77529 5.06426
v 5.59927 19.77529 4.46558
v 6.06389 19.77529 3.81077
v 6.45227 19.77529 3.10805
v 6.75952 19.77529 2.36627
v 6.98179 19.77529 1.59475
v 7.11628 19.77529 0.80319
v 7.16130 19.77529 0.00156
v 7.11628 19.77529 -0.80008
v 6.98179 19.77529 -1.59164
v 6.75952 19.77529 -2.36316
v 6.45227 19.77529 -3.10494
v 6.06389 19.77529 -3.80766
v 5.59927 19.77529 -4.46247
v 5.06426 19.77529 -5.06115
v 4.46558 19.77529 -5.59616
v 3.81077 19.77529 -6.06078
v 3.10805 19.77529 -6.44915
v 2.36627 19.77529 -6.75641
v 1.59475 19.77529 -6.97868
v 0.80319 19.77529 -7.11317
v 0.00156 19.77529 -7.15819
v -0.80008 19.77529 -7.11317
v -1.59164 19.77529 -6.97868
v -2.36316 19.77529 -6.75641
v -3.10494 19.77529 -6.44915
v -3.80766 19.77529 -6.06078
v -4.46247 19.77529 -5.59616
v -5.06115 19.77529 -5.06115
v -5.59616 19.77529 -4.46247
v -6.06078 19.77529 -3.80766
v -6.44915 19.77529 -3.10494
v -6.75641 19.77529 -2.36316
v -6.97868 19.77529 -1.59164
v -7.11317 19.77529 -0.80008
v -7.15819 19.77529 0.00156
v -7.11317 19.77529 0.80319
v -6.97868 19.77529 1.59475
v -6.75641 19.77529 2.36627
v -6.44915 19.77529 3.10805
v -6.06078 19.77529 3.81077
v -5.59616 19.77529 4.46558
v -5.06115 19.77529 5.06426
v -4.46247 19.77529 5.59927
v -3.80766 19.77529 6.06389
v -3.10494 19.77529 6.45227
v -2.36316 19.77529 6.75952
v -1.59164 19.77529 6.98179
v -0.80008 19.77529 7.11628
v 0.00156 19.77529 7.16130
v 0.91687 17.14219 8.12517
v 1.82067 17.14219 7.97161
v 2.70159 17.14219 7.71782
v 3.54856 17.14219 7.36699
v 4.35093 17.14219 6.92354
v 5.09860 17.14219 6.39304
v 5.78216 17.14219 5.78216
v 6.39304 17.14219 5.09860
v 6.92354 17.14219 4.35093
v 7.36699 17.14219 3.54856
v 7.71782 17.14219 2.70159
v 7.97161 17.14219 1.82067
v 8.12517 17.14219 0.91687
v 8.17657 17.14219 0.00156
v 8.12517 17.14219 -0.91376
v 7.97161 17.14219 -1.81756
v 7.71782 17.14219 -2.69848
v 7.36699 17.14219 -3.54545
v 6.92354 17.14219 -4.34782
v 6.39304 17.14219 -5.09548
v 5.78216 17.14219 -5.77905
v 5.09860 17.14219 -6.38993
v 4.35093 17.14219 -6.92043
v 3.54856 17.14219 -7.36388
v 2.70159 17.14219 -7.71471
v 1.82067 17.14219 -7.96850
v 0.91687 17.14219 -8.12206
v 0.00156 17.14219 -8.17346
v -0.91376 17.14219 -8.12206
v -1.81756 17.14219 -7.96850
v -2.69848 17.14219 -7.71471
v -3.54545 17.14219 -7.36388
v -4.34782 17.14219 -6.92043
v -5.09548 17.14219 -6.38993
v -5.77905 17.14219 -5.77905
v -6.38993 17.14219 -5.09548
v -6.92043 17.14219 -4.34782
v -7.36388 17.14219 -3.54545
v -7.71471 17.14219 -2.69848
v -7.96850 17.14219 -1.81756
v -8.12206 17.14219 -0.91376
v -8.17346 17.14219 0.00156
v -8.12206 17.14219 0.91687
v -7.96850 17.14219 1.82067
v -7.71471 17.14219 2.70159
v -7.36388 17.14219 3.54856
v -6.92043 17.14219 4.35093
v -6.38993 17.14219 5.09860
v -5.77905 17.14219 5.78216
v -5.09548 17.14219 6.39304
v -4.34782 17.14219 6.92354
v -3.54545 17.14219 7.36699
v -2.69848 17.14219 7.71782
v -1.81756 17.14219 7.97161
v -0.91376 17.14219 8.12517
v 0.00156 17.14219 8.17657
v 1.04619 14.56734 9.27297
v 2.07769 14.56734 9.09772
v 3.08309 14.56734 8.80807
v 4.04973 14.56734 8.40767
v 4.96546 14.56734 7.90156
v 5.81877 14.56734 7.29611
v 6.59892 14.56734 6.59892
v 7.29611 14.56734 5.81877
v 7.90156 14.56734 4.96546
v 8.40767 14.56734 4.04973
v 8.80807 14.56734 3.08309
v 9.09772 14.56734 2.07769
v 9.27297 14.56734 1.04619
v 9.33164 14.56734 0.00156
v 9.27297 14.56734 -1.04308
v 9.09772 14.56734 -2.07458
v 8.80807 14.56734 -3.07998
v 8.40767 14.56734 -4.04662
v 7.90156 14.56734 -4.96235
v 7.29611 14.56734 -5.81566
v 6.59892 14.56734 -6.59581
v 5.81877 14.56734 -7.29300
v 4.96546 14.56734 -7.89845
v 4.04973 14.56734 -8.40456
v 3.08309 14.56734 -8.80496
v 2.07769 14.56734 -9.09461
v 1.04619 14.56734 -9.26986
v 0.00156 14.56734 -9.32853
v -1.04308 14.56734 -9.26986
v -2.07458 14.56734 -9.09461
v -3.07998 14.56734 -8.80496
v -4.04662 14.56734 -8.40456
v -4.96235 14.56734 -7.89845
v -5.81566 14.56734 -7.29300
v -6.59581 14.56734 -6.59581
v -7.29300 14.56734 -5.81566
v -7.89845 14.56734 -4.96235
v -8.40456 14.56734 -4.04662
v -8.80496 14.56734 -3.07998
v -9.09461 14.56734 -2.07458
v -9.26986 14.56734 -1.04308
v -9.32853 14.56734 0.00156
v -9.26986 14.56734 1.04619
v -9.09461 14.56734 2.07769
v -8.80496 14.56734 3.08309
v -8.40456 14.56734 4.04973
v -7.89845 14.56734 4.96546
v -7.29300 14.56734 5.81877
v -6.59581 14.56734 6.59892
v -5.81566 14.56734 7.29611
v -4.96235 14.56734 7.90156
v -4.04662 14.56734 8.40767
v -3.07998 14.56734 8.80807
v -2.07458 14.56734 9.09772
v -1.04308 14.56734 9.27297
v 0.00156 14.56734 9.33164
v 1.19080 12.05817 10.55640
v 2.36509 12.05817 10.35688
v 3.50966 12.05817 10.02713
v 4.61011 12.05817 9.57131
v 5.65260 12.05817 8.99514
v 6.62403 12.05817 8.30588
v 7.51218 12.05817 7.51218
v 8.30588 12.05817 6.62403
v 8.99514 12.05817 5.65260
v 9.57131 12.05817 4.61011
v 10.02713 12.05817 3.50966
v 10.35688 12.05817 2.36509
v 10.55640 12.05817 1.19080
v 10.62318 12.05817 0.00156
v 10.55640 12.05817 -1.18769
v 10.35688 12.05817 -2.36198
v 10.02713 12.05817 -3.50655
v 9.57131 12.05817 -4.60700
v 8.99514 12.05817 -5.64949
v 8.30588 12.05817 -6.62092
v 7.51218 12.05817 -7.50907
v 6.62403 12.05817 -8.30277
v 5.65260 12.05817 -8.99203
v 4.61011 12.05817 -9.56820
v 3.50966 12.05817 -10.02402
v 2.36509 12.05817 -10.35377
v 1.19080 12.05817 -10.55329
v 0.00156 12.05817 -10.62007
v -1.18769 12.05817 -10.55329
v -2.36198 12.05817 -10.35377
v -3.50655 12.05817 -10.02402
v -4.60700 12.05817 -9.56820
v -5.64949 12.05817 -8.99203
v -6.62092 12.05817 -8.30277
v -7.50907 12.05817 -7.50907
v -8.30277 12.05817 -6.62092
v -8.99203 12.05817 -5.64949
v -9.56820 12.05817 -4.60700
v -10.02402 12.05817 -3.50655
v -10.35377 12.05817 -2.36198
v -10.55329 12.05817 -1.18769
v -10.62007 12.05817 0.00156
v -10.55329 12.05817 1.19080
v -10.35377 12.05817 2.36509
v -10.02402 12.05817 3.50966
v -9.56820 12.05817 4.61011
v -8.99203 12.05817 5.65260
v -8.30277 12.05817 6.62403
v -7.50907 12.05817 7.51218
v -6.62092 12.05817 8.30588
v -5.64949 12.05817 8.99514
v -4.60700 12.05817 9.57131
v -3.50655 12.05817 10.02713
v -2.36198 12.05817 10.35688
v -1.18769 12.05817 10.55640
v 0.00156 12.05817 10.62318
v 4.66399 44.80654 -1.17913
v 2.95568 44.80654 -3.79390
v 1.56323 44.80654 -4.54745
v 0.79319 44.80654 -4.74245
v 0.00156 44.80654 -4.80805
v -1.56012 44.80654 -4.54745
v -2.95256 44.80654 -3.79390
v -4.02488 44.80654 -2.62905
v -4.66088 44.80654 -1.17913
v -2.95256 44.80654 3.79701
v -1.56012 44.80654 4.55056
v -2.32160 46.58746 -4.29125
v -2.99648 46.58746 -3.85033
v -3.58959 46.58746 -3.30433
v -4.08475 46.58746 -2.66816
v -4.46843 46.58746 -1.95916
v -4.73019 46.58746 -1.19669
v -4.86288 46.58746 -0.40152
v -4.86288 46.58746 0.40463
v -4.73019 46.58746 1.19980
v -4.46843 46.58746 1.96227
v -4.08475 46.58746 2.67127
v -3.58959 46.58746 3.30744
v -3.69797 46.54916 3.40721
v -2.99648 46.58746 3.85344
v -3.08697 46.54916 3.96969
v -3.17218 46.48655 4.07917
v -2.32160 46.58746 4.29436
v -2.39171 46.54916 4.42392
v -2.45774 46.48655 4.54594
v -2.51780 46.40142 4.65691
v -2.39171 46.54916 -4.42081
v -2.45774 46.48655 -4.54283
v -3.17218 46.48655 -4.07606
v -1.58334 46.58746 4.61819
v -1.63117 46.54916 4.75752
v -1.67622 46.48655 4.88874
v -1.71719 46.40142 5.00809
v -1.75291 46.29622 5.11213
v -0.80185 46.58746 4.81609
v -0.82610 46.54916 4.96140
v -0.84893 46.48655 5.09824
v -0.86970 46.40142 5.22270
v -0.88781 46.29622 5.33121
v -0.90273 46.17397 5.42064
v -3.89288 46.40142 -3.58353
v -3.97381 46.29622 -3.65803
v -4.52194 46.29622 -2.95379
v 0.00156 46.58746 4.88266
v 0.00156 46.54916 5.02998
v 0.00156 46.48655 5.16871
v 0.00156 46.40142 5.29490
v 0.00156 46.29622 5.40490
v 0.00156 46.17397 5.49558
v 0.00156 46.03816 5.56432
v -5.02972 46.17397 -2.20537
v -5.09267 46.03816 -2.23298
v -5.39099 46.03816 -1.36402
v 0.80496 46.58746 4.81609
v 0.82921 46.54916 4.96140
v 0.85204 46.48655 5.09824
v 0.87281 46.40142 5.22270
v 0.89092 46.29622 5.33121
v 0.90584 46.17397 5.42064
v 0.91716 46.03816 5.48845
v 0.92454 45.89271 5.53267
v 1.58645 46.58746 4.61819
v 1.63428 46.54916 4.75752
v 1.67933 46.48655 4.88874
v 1.72030 46.40142 5.00809
v 1.75602 46.29622 5.11213
v 1.78546 46.17397 5.19789
v 1.80778 46.03816 5.26291
v 1.82234 45.89271 5.30532
v 1.82872 45.74177 5.32390
v -5.58689 45.89271 -0.46152
v -5.60647 45.74177 -0.46314
v -5.60647 45.74177 0.46625
v 2.32471 46.58746 4.29436
v 2.39482 46.54916 4.42392
v 2.46085 46.48655 4.54594
v 2.52091 46.40142 4.65691
v 2.57326 46.29622 4.75365
v 2.61642 46.17397 4.83340
v 2.64914 46.03816 4.89386
v 2.67048 45.89271 4.93329
v 2.67983 45.74177 4.95057
v 2.67692 45.58968 4.94520
v 2.99959 46.58746 3.85344
v 3.09008 46.54916 3.96969
v 3.17529 46.48655 4.07917
v 3.25279 46.40142 4.17874
v 3.32036 46.29622 4.26555
v 3.37605 46.17397 4.33711
v 3.41827 46.03816 4.39136
v 3.44581 45.89271 4.42674
v 3.45788 45.74177 4.44224
v 3.45413 45.58968 4.43742
v 3.43467 45.44080 4.41242
v 3.59271 46.58746 3.30744
v 3.70109 46.54916 3.40721
v 3.80316 46.48655 3.50118
v 3.89599 46.40142 3.58664
v 3.97693 46.29622 3.66114
v 4.04364 46.17397 3.72255
v 4.09421 46.03816 3.76911
v 4.12720 45.89271 3.79948
v 4.14166 45.74177 3.81278
v 4.13716 45.58968 3.80865
v 4.11385 45.44080 3.78719
v 4.07239 45.29941 3.74902
v 4.08786 46.58746 -2.66816
v 4.47154 46.58746 -1.95916
v 4.21118 46.54916 -2.74873
v 4.60645 46.54916 -2.01834
v 4.32733 46.48655 -2.82461
v 4.73350 46.48655 -2.07407
v 4.43296 46.40142 -2.89363
v 4.84905 46.40142 -2.12475
v 4.52506 46.29622 -2.95379
v 4.94980 46.29622 -2.16894
v 4.60096 46.17397 -3.00339
v 5.03283 46.17397 -2.20537
v 4.65851 46.03816 -3.04099
v 5.09578 46.03816 -2.23298
v 4.69605 45.89271 -3.06551
v 5.13685 45.89271 -2.25099
v 4.71250 45.74177 -3.07626
v 5.15484 45.74177 -2.25888
v 4.70738 45.58968 -3.07292
v 5.14924 45.58968 -2.25643
v 4.68086 45.44080 -3.05559
v 5.12023 45.44080 -2.24370
v 4.63368 45.29941 -3.02476
v 5.06862 45.29941 -2.22107
v 4.56720 45.16956 -2.98133
v 4.08786 46.58746 2.67127
v 4.21118 46.54916 2.75184
v 4.32733 46.48655 2.82772
v 4.43296 46.40142 2.89674
v 4.52506 46.29622 2.95691
v 4.60096 46.17397 3.00650
v 4.65851 46.03816 3.04410
v 4.69605 45.89271 3.06862
v 4.71250 45.74177 3.07937
v 4.70738 45.58968 3.07603
v 4.68086 45.44080 3.05870
v 4.63368 45.29941 3.02787
v 4.56720 45.16956 2.98444
v 3.59271 46.58746 -3.30433
v 3.70109 46.54916 -3.40410
v 3.80316 46.48655 -3.49807
v 3.89599 46.40142 -3.58353
v 3.97693 46.29622 -3.65803
v 4.04364 46.17397 -3.71944
v 4.09421 46.03816 -3.76600
v 4.12720 45.89271 -3.79637
v 4.14166 45.74177 -3.80967
v 4.13716 45.58968 -3.80554
v 4.11385 45.44080 -3.78408
v 4.07239 45.29941 -3.74591
v 4.01397 45.16956 -3.69213
v 3.94026 45.05497 -3.62428
v 4.47154 46.58746 1.96227
v 4.60645 46.54916 2.02145
v 4.73350 46.48655 2.07718
v 4.84905 46.40142 2.12787
v 4.94980 46.29622 2.17205
v 5.03283 46.17397 2.20848
v 5.09578 46.03816 2.23609
v 5.13685 45.89271 2.25410
v 5.15484 45.74177 2.26199
v 5.14924 45.58968 2.25954
v 5.12023 45.44080 2.24681
v 5.06862 45.29941 2.22418
v 4.99590 45.16956 2.19228
v 4.90415 45.05497 2.15204
v 2.99959 46.58746 -3.85033
v 3.09008 46.54916 -3.96658
v 3.17529 46.48655 -4.07606
v 3.25279 46.40142 -4.17563
v 3.32036 46.29622 -4.26244
v 3.37605 46.17397 -4.33400
v 3.41827 46.03816 -4.38824
v 3.44581 45.89271 -4.42363
v 3.45788 45.74177 -4.43913
v 3.45413 45.58968 -4.43431
v 3.43467 45.44080 -4.40931
v 3.40006 45.29941 -4.36484
v 3.35128 45.16956 -4.30217
v 3.28975 45.05497 -4.22311
v 3.21722 44.95892 -4.12993
v 4.73330 46.58746 1.19980
v 4.87611 46.54916 1.23596
v 5.01060 46.48655 1.27002
v 5.13292 46.40142 1.30099
v 5.23956 46.29622 1.32800
v 5.32746 46.17397 1.35026
v 5.39410 46.03816 1.36713
v 5.43756 45.89271 1.37814
v 5.45661 45.74177 1.38296
v 5.45069 45.58968 1.38146
v 5.41997 45.44080 1.37368
v 5.36534 45.29941 1.35985
v 5.28836 45.16956 1.34036
v 5.19125 45.05497 1.31576
v 5.07677 44.95892 1.28678
v 2.32471 46.58746 -4.29125
v 2.39482 46.54916 -4.42081
v 2.46085 46.48655 -4.54283
v 2.52091 46.40142 -4.65380
v 2.57326 46.29622 -4.75054
v 2.61642 46.17397 -4.83029
v 2.64914 46.03816 -4.89075
v 2.67048 45.89271 -4.93018
v 2.67983 45.74177 -4.94746
v 2.67692 45.58968 -4.94209
v 2.66184 45.44080 -4.91422
v 2.63502 45.29941 -4.86466
v 2.59723 45.16956 -4.79482
v 2.54954 45.05497 -4.70671
v 2.49334 44.95892 -4.60286
v 2.43023 44.88419 -4.48624
v 4.86599 46.58746 0.40463
v 5.01280 46.54916 0.41680
v 5.15107 46.48655 0.42826
v 5.27682 46.40142 0.43868
v 5.38644 46.29622 0.44776
v 5.47681 46.17397 0.45525
v 5.54532 46.03816 0.46092
v 5.59000 45.89271 0.46463
v 5.60958 45.74177 0.46625
v 5.60350 45.58968 0.46575
v 5.57192 45.44080 0.46313
v 5.51576 45.29941 0.45848
v 5.43662 45.16956 0.45192
v 5.33678 45.05497 0.44364
v 5.21910 44.95892 0.43389
v 5.08695 44.88419 0.42294
v 1.58645 46.58746 -4.61508
v 1.63428 46.54916 -4.75441
v 1.67933 46.48655 -4.88563
v 1.72030 46.40142 -5.00498
v 1.75602 46.29622 -5.10902
v 1.78546 46.17397 -5.19478
v 1.80778 46.03816 -5.25980
v 1.82234 45.89271 -5.30221
v 1.82872 45.74177 -5.32079
v 1.82674 45.58968 -5.31502
v 1.81645 45.44080 -5.28505
v 1.79815 45.29941 -5.23175
v 1.77237 45.16956 -5.15664
v 1.73984 45.05497 -5.06188
v 1.70149 44.95892 -4.95020
v 1.65844 44.88419 -4.82478
v 1.61191 44.83290 -4.68924
v 4.86599 46.58746 -0.40152
v 5.01280 46.54916 -0.41369
v 5.15107 46.48655 -0.42514
v 5.27682 46.40142 -0.43557
v 5.38644 46.29622 -0.44465
v 5.47681 46.17397 -0.45214
v 5.54532 46.03816 -0.45781
v 5.59000 45.89271 -0.46152
v 5.60958 45.74177 -0.46314
v 5.60350 45.58968 -0.46263
v 5.57192 45.44080 -0.46002
v 5.51576 45.29941 -0.45536
v 5.43662 45.16956 -0.44881
v 5.33678 45.05497 -0.44053
v 5.21910 44.95892 -0.43078
v 5.08695 44.88419 -0.41983
v 4.94413 44.83290 -0.40800
v 0.80496 46.58746 -4.81298
v 0.82921 46.54916 -4.95829
v 0.85204 46.48655 -5.09513
v 0.87281 46.40142 -5.21959
v 0.89092 46.29622 -5.32810
v 0.90584 46.17397 -5.41753
v 0.91716 46.03816 -5.48534
v 0.92454 45.89271 -5.52956
v 0.92777 45.74177 -5.54894
v 0.92676 45.58968 -5.54292
v 0.92155 45.44080 -5.51167
v 0.91227 45.29941 -5.45608
v 0.89920 45.16956 -5.37775
v 0.88271 45.05497 -5.27894
v 0.86328 44.95892 -5.16246
v 0.84145 44.88419 -5.03167
v 0.81786 44.83290 -4.89032
v 4.73330 46.58746 -1.19669
v 4.87611 46.54916 -1.23285
v 5.01060 46.48655 -1.26691
v 5.13292 46.40142 -1.29788
v 5.23956 46.29622 -1.32489
v 5.32746 46.17397 -1.34715
v 5.39410 46.03816 -1.36402
v 5.43756 45.89271 -1.37503
v 5.45661 45.74177 -1.37985
v 5.45069 45.58968 -1.37835
v 5.41997 45.44080 -1.37057
v 5.36534 45.29941 -1.35674
v 5.28836 45.16956 -1.33725
v 5.19125 45.05497 -1.31265
v 5.07677 44.95892 -1.28366
v 4.94823 44.88419 -1.25111
v 4.80931 44.83290 -1.21593
v -4.54023 44.83290 1.99377
v -4.40295 44.80654 1.93355
v -4.02488 44.80654 2.63216
v -4.79162 44.80654 0.39873
v -4.66088 44.80654 1.18224
v -4.94102 44.83290 0.41111
v -4.80620 44.83290 1.21904
v -5.08384 44.88419 0.42294
v -4.94512 44.88419 1.25423
v -5.21598 44.95892 0.43389
v -5.07366 44.95892 1.28678
v -5.33367 45.05497 0.44364
v -5.18814 45.05497 1.31576
v -5.43351 45.16956 0.45192
v -5.28525 45.16956 1.34036
v -5.51265 45.29941 0.45848
v -5.36223 45.29941 1.35985
v -5.56881 45.44080 0.46313
v -5.41686 45.44080 1.37368
v -5.60039 45.58968 0.46575
v -5.44758 45.58968 1.38146
v -0.80185 46.58746 -4.81298
v 0.00156 46.58746 -4.87955
v -0.82610 46.54916 -4.95829
v 0.00156 46.54916 -5.02687
v -0.84893 46.48655 -5.09513
v 0.00156 46.48655 -5.16560
v -0.86970 46.40142 -5.21959
v 0.00156 46.40142 -5.29178
v -0.88781 46.29622 -5.32810
v 0.00156 46.29622 -5.40179
v -0.90273 46.17397 -5.41753
v 0.00156 46.17397 -5.49246
v -0.91404 46.03816 -5.48534
v 0.00156 46.03816 -5.56121
v -0.92142 45.89271 -5.52956
v 0.00156 45.89271 -5.60604
v -0.92466 45.74177 -5.54894
v 0.00156 45.74177 -5.62569
v -0.92365 45.58968 -5.54292
v 0.00156 45.58968 -5.61958
v -0.91844 45.44080 -5.51167
v 0.00156 45.44080 -5.58790
v -0.90916 45.29941 -5.45608
v 0.00156 45.29941 -5.53154
v -0.89609 45.16956 -5.37775
v 0.00156 45.16956 -5.45214
v -0.87960 45.05497 -5.27894
v 0.00156 45.05497 -5.35195
v -0.86017 44.95892 -5.16246
v 0.00156 44.95892 -5.23387
v -0.83834 44.88419 -5.03167
v 0.00156 44.88419 -5.10127
v -0.81475 44.83290 -4.89032
v 0.00156 44.83290 -4.95796
v -0.79008 44.80654 -4.74245
v 4.54334 44.83290 -1.99066
v 4.40606 44.80654 -1.93044
v 4.02799 44.80654 -2.62905
v -0.79008 44.80654 4.74556
v -5.11712 45.44080 2.24681
v -5.06551 45.29941 2.22418
v -4.63057 45.29941 3.02787
v -4.56409 45.16956 2.98444
v -4.01086 45.16956 3.69524
v -3.93715 45.05497 3.62739
v -3.28664 45.05497 4.22623
v -3.21411 44.95892 4.13304
v -2.49023 44.95892 4.60597
v -2.42712 44.88419 4.48935
v -1.65533 44.88419 4.82789
v -1.60880 44.83290 4.69235
v -0.81475 44.83290 4.89343
v 0.00156 44.80654 4.81116
v -4.99279 45.16956 2.19228
v -4.48022 45.05497 2.92965
v -3.85027 44.95892 3.54741
v -3.13266 44.88419 4.02840
v -2.35891 44.83290 4.36332
v -2.28756 44.80654 4.23148
v -4.90104 45.05497 2.15204
v -4.38136 44.95892 2.86506
v -3.75271 44.88419 3.45760
v -3.04464 44.83290 3.91531
v -4.79290 44.95892 2.10460
v -4.27036 44.88419 2.79253
v -3.64728 44.83290 3.36054
v -3.53699 44.80654 3.25901
v -4.67147 44.88419 2.05134
v -4.15038 44.83290 2.71415
v -5.60039 45.58968 -0.46263
v -5.56881 45.44080 -0.46002
v -5.51265 45.29941 -0.45536
v -5.43351 45.16956 -0.44881
v -5.33367 45.05497 -0.44053
v -5.21598 44.95892 -0.43078
v -5.08384 44.88419 -0.41983
v -4.94102 44.83290 -0.40800
v -4.79162 44.80654 -0.39562
v -4.80620 44.83290 -1.21593
v -4.94512 44.88419 -1.25111
v -5.07366 44.95892 -1.28366
v -5.18814 45.05497 -1.31265
v -5.28525 45.16956 -1.33725
v -5.36223 45.29941 -1.35674
v -5.41686 45.44080 -1.37057
v -5.44758 45.58968 -1.37835
v -5.45350 45.74177 -1.37985
v -5.43445 45.89271 -1.37503
v -5.13373 45.89271 -2.25099
v -5.15173 45.74177 -2.25888
v -5.14613 45.58968 -2.25643
v -5.11712 45.44080 -2.24370
v -5.06551 45.29941 -2.22107
v -4.99279 45.16956 -2.18917
v -4.90104 45.05497 -2.14892
v -4.79290 44.95892 -2.10149
v -4.67147 44.88419 -2.04823
v -4.54023 44.83290 -1.99066
v -4.40295 44.80654 -1.93044
v -4.15038 44.83290 -2.71104
v -4.27036 44.88419 -2.78942
v -4.38136 44.95892 -2.86195
v -4.48022 45.05497 -2.92654
v -4.56409 45.16956 -2.98133
v -4.63057 45.29941 -3.02476
v -4.67775 45.44080 -3.05559
v -4.70427 45.58968 -3.07292
v -4.70939 45.74177 -3.07626
v -4.69294 45.89271 -3.06551
v -4.65540 46.03816 -3.04099
v -4.59785 46.17397 -3.00339
v -4.04053 46.17397 -3.71944
v -4.09110 46.03816 -3.76600
v -4.12409 45.89271 -3.79637
v -4.13854 45.74177 -3.80967
v -4.13405 45.58968 -3.80554
v -4.11074 45.44080 -3.78408
v -4.06928 45.29941 -3.74591
v -4.01086 45.16956 -3.69213
v -3.93715 45.05497 -3.62428
v -3.85027 44.95892 -3.54430
v -3.75271 44.88419 -3.45449
v -3.64728 44.83290 -3.35743
v -3.53699 44.80654 -3.25590
v -3.04464 44.83290 -3.91220
v -3.13266 44.88419 -4.02529
v -3.21411 44.95892 -4.12993
v -3.28664 45.05497 -4.22311
v -3.34817 45.16956 -4.30217
v -3.39694 45.29941 -4.36484
v -3.43156 45.44080 -4.40931
v -3.45102 45.58968 -4.43431
v -3.45477 45.74177 -4.43913
v -3.44270 45.89271 -4.42363
v -3.41516 46.03816 -4.38824
v -3.37294 46.17397 -4.33400
v -3.31725 46.29622 -4.26244
v -3.24968 46.40142 -4.17563
v -2.51780 46.40142 -4.65380
v -2.57015 46.29622 -4.75054
v -2.61331 46.17397 -4.83029
v -2.64603 46.03816 -4.89075
v -2.66737 45.89271 -4.93018
v -2.67672 45.74177 -4.94746
v -2.67381 45.58968 -4.94209
v -2.65873 45.44080 -4.91422
v -2.63191 45.29941 -4.86466
v -2.59411 45.16956 -4.79482
v -2.54643 45.05497 -4.70671
v -2.49023 44.95892 -4.60286
v -2.42712 44.88419 -4.48624
v -2.35891 44.83290 -4.36021
v -2.28756 44.80654 -4.22836
v -1.60880 44.83290 -4.68924
v -1.65533 44.88419 -4.82478
v -1.69838 44.95892 -4.95020
v -1.73673 45.05497 -5.06188
v -1.76926 45.16956 -5.15664
v -1.79504 45.29941 -5.23175
v -1.81334 45.44080 -5.28505
v -1.82363 45.58968 -5.31502
v -1.82561 45.74177 -5.32079
v -1.81923 45.89271 -5.30221
v -1.80467 46.03816 -5.25980
v -1.78235 46.17397 -5.19478
v -1.75291 46.29622 -5.10902
v -1.71719 46.40142 -5.00498
v -1.67622 46.48655 -4.88563
v -1.63117 46.54916 -4.75441
v -1.58334 46.58746 -4.61508
v 4.99590 45.16956 -2.18917
v 4.48333 45.05497 -2.92654
v 3.85338 44.95892 -3.54430
v 3.13577 44.88419 -4.02529
v 2.36202 44.83290 -4.36021
v 2.29067 44.80654 -4.22836
v 4.90415 45.05497 -2.14892
v 4.38448 44.95892 -2.86195
v 3.75582 44.88419 -3.45449
v 3.04775 44.83290 -3.91220
v 4.79602 44.95892 -2.10149
v 4.27347 44.88419 -2.78942
v 3.65039 44.83290 -3.35743
v 3.54010 44.80654 -3.25590
v 4.67458 44.88419 -2.04823
v 4.15349 44.83290 -2.71104
v 4.79473 44.80654 -0.39562
v -4.20807 46.54916 2.75184
v -3.80005 46.48655 3.50118
v -3.24968 46.40142 4.17874
v -2.57015 46.29622 4.75365
v -1.78235 46.17397 5.19789
v -0.91404 46.03816 5.48845
v 0.00156 45.89271 5.60915
v 0.92777 45.74177 5.55205
v 1.82674 45.58968 5.31813
v 2.66184 45.44080 4.91733
v 3.40006 45.29941 4.36795
v 4.01397 45.16956 3.69524
v 4.48333 45.05497 2.92965
v 4.79602 44.95892 2.10460
v 4.94823 44.88419 1.25423
v 4.94413 44.83290 0.41111
v 4.79473 44.80654 0.39873
v -4.60334 46.54916 2.02145
v -4.32422 46.48655 2.82772
v -3.89288 46.40142 3.58664
v -3.31725 46.29622 4.26555
v -2.61331 46.17397 4.83340
v -1.80467 46.03816 5.26291
v -0.92142 45.89271 5.53267
v 0.00156 45.74177 5.62880
v 0.92676 45.58968 5.54603
v 1.81645 45.44080 5.28816
v 2.63502 45.29941 4.86777
v 3.35128 45.16956 4.30528
v 3.94026 45.05497 3.62739
v 4.38448 44.95892 2.86506
v 4.67458 44.88419 2.05134
v 4.80931 44.83290 1.21904
v 4.66399 44.80654 1.18224
v -4.87300 46.54916 1.23596
v -4.73039 46.48655 2.07718
v -4.42985 46.40142 2.89674
v -3.97381 46.29622 3.66114
v -3.37294 46.17397 4.33711
v -2.64603 46.03816 4.89386
v -1.81923 45.89271 5.30532
v -0.92466 45.74177 5.55205
v 0.00156 45.58968 5.62269
v 0.92155 45.44080 5.51478
v 1.79815 45.29941 5.23486
v 2.59723 45.16956 4.79793
v 3.28975 45.05497 4.22623
v 3.85338 44.95892 3.54741
v 4.27347 44.88419 2.79253
v 4.54334 44.83290 1.99377
v 4.40606 44.80654 1.93355
v -5.00969 46.54916 0.41680
v -5.00749 46.48655 1.27002
v -4.84594 46.40142 2.12787
v -4.52194 46.29622 2.95691
v -4.04053 46.17397 3.72255
v -3.41516 46.03816 4.39136
v -2.66737 45.89271 4.93329
v -1.82561 45.74177 5.32390
v -0.92365 45.58968 5.54603
v 0.00156 45.44080 5.59101
v 0.91227 45.29941 5.45919
v 1.77237 45.16956 5.15975
v 2.54954 45.05497 4.70982
v 3.21722 44.95892 4.13304
v 3.75582 44.88419 3.45760
v 4.15349 44.83290 2.71415
v 4.02799 44.80654 2.63216
v -5.00969 46.54916 -0.41369
v -5.14796 46.48655 0.42826
v -5.12981 46.40142 1.30099
v -4.94668 46.29622 2.17205
v -4.59785 46.17397 3.00650
v -4.09110 46.03816 3.76911
v -3.44270 45.89271 4.42674
v -2.67672 45.74177 4.95057
v -1.82363 45.58968 5.31813
v -0.91844 45.44080 5.51478
v 0.00156 45.29941 5.53465
v 0.89920 45.16956 5.38087
v 1.73984 45.05497 5.06500
v 2.49334 44.95892 4.60597
v 3.13577 44.88419 4.02840
v 3.65039 44.83290 3.36054
v 3.54010 44.80654 3.25901
v -4.87300 46.54916 -1.23285
v -5.14796 46.48655 -0.42514
v -5.27371 46.40142 0.43868
v -5.23645 46.29622 1.32800
v -5.02972 46.17397 2.20848
v -4.65540 46.03816 3.04410
v -4.12409 45.89271 3.79948
v -3.45477 45.74177 4.44224
v -2.67381 45.58968 4.94520
v -1.81334 45.44080 5.28816
v -0.90916 45.29941 5.45919
v 0.00156 45.16956 5.45525
v 0.88271 45.05497 5.28205
v 1.70149 44.95892 4.95331
v 2.43023 44.88419 4.48935
v 3.04775 44.83290 3.91531
v 2.95568 44.80654 3.79701
v -4.60334 46.54916 -2.01834
v -5.00749 46.48655 -1.26691
v -5.27371 46.40142 -0.43557
v -5.38333 46.29622 0.44776
v -5.32435 46.17397 1.35026
v -5.09267 46.03816 2.23609
v -4.69294 45.89271 3.06862
v -4.13854 45.74177 3.81278
v -3.45102 45.58968 4.43742
v -2.65873 45.44080 4.91733
v -1.79504 45.29941 5.23486
v -0.89609 45.16956 5.38087
v 0.00156 45.05497 5.35506
v 0.86328 44.95892 5.16557
v 1.65844 44.88419 4.82789
v 2.36202 44.83290 4.36332
v 2.29067 44.80654 4.23148
v -4.20807 46.54916 -2.74873
v -4.73039 46.48655 -2.07407
v -5.12981 46.40142 -1.29788
v -5.38333 46.29622 -0.44465
v -5.47370 46.17397 0.45525
v -5.39099 46.03816 1.36713
v -5.13373 45.89271 2.25410
v -4.70939 45.74177 3.07937
v -4.13405 45.58968 3.80865
v -3.43156 45.44080 4.41242
v -2.63191 45.29941 4.86777
v -1.76926 45.16956 5.15975
v -0.87960 45.05497 5.28205
v 0.00156 44.95892 5.23698
v 0.84145 44.88419 5.03478
v 1.61191 44.83290 4.69235
v 1.56323 44.80654 4.55056
v -3.69797 46.54916 -3.40410
v -4.32422 46.48655 -2.82461
v -4.84594 46.40142 -2.12475
v -5.23645 46.29622 -1.32489
v -5.47370 46.17397 -0.45214
v -5.54221 46.03816 0.46092
v -5.43445 45.89271 1.37814
v -5.15173 45.74177 2.26199
v -4.70427 45.58968 3.07603
v -4.11074 45.44080 3.78719
v -3.39694 45.29941 4.36795
v -2.59411 45.16956 4.79793
v -1.73673 45.05497 5.06500
v -0.86017 44.95892 5.16557
v 0.00156 44.88419 5.10438
v 0.81786 44.83290 4.89343
v 0.79319 44.80654 4.74556
v -3.08697 46.54916 -3.96658
v -3.80005 46.48655 -3.49807
v -4.42985 46.40142 -2.89363
v -4.94668 46.29622 -2.16894
v -5.32435 46.17397 -1.34715
v -5.54221 46.03816 -0.45781
v -5.58689 45.89271 0.46463
v -5.45350 45.74177 1.38296
v -5.14613 45.58968 2.25954
v -4.67775 45.44080 3.05870
v -4.06928 45.29941 3.74902
v -3.34817 45.16956 4.30528
v -2.54643 45.05497 4.70982
v -1.69838 44.95892 4.95331
v -0.83834 44.88419 5.03478
v 0.00156 44.83290 4.96107

vn -0.01641 0.99934 0.03242
vn -0.47966 0.38804 0.78699
vn -0.02511 0.99910 0.03416
vn -0.58678 0.38804 0.71072
vn -0.03039 0.99910 0.02956
vn -0.68195 0.38804 0.61998
vn -0.03484 0.99910 0.02416
vn -0.76324 0.38804 0.51662
vn -0.03834 0.99910 0.01810
vn -0.82899 0.38804 0.40274
vn -0.04080 0.99910 0.01154
vn -0.87787 0.38804 0.28066
vn -0.03612 0.99934 0.00400
vn -0.01817 0.99934 -0.03147
vn -0.40274 0.38804 -0.82899
vn -0.01487 0.99910 -0.03970
vn -0.28066 0.38804 -0.87787
vn -0.00813 0.99910 -0.04161
vn -0.15287 0.38804 -0.90888
vn -0.00117 0.99910 -0.04238
vn -0.02197 0.38804 -0.92138
vn 0.00582 0.99910 -0.04199
vn 0.10938 0.38804 -0.91513
vn 0.01265 0.99910 -0.04046
vn 0.23851 0.38804 -0.89025
vn 0.01641 0.99934 -0.03242
vn 0.03628 0.99934 0.00200
vn 0.91513 0.38804 0.10938
vn 0.04137 0.99910 0.00927
vn 0.89025 0.38804 0.23851
vn 0.03928 0.99910 0.01595
vn 0.84724 0.38804 0.36277
vn 0.03612 0.99910 0.02220
vn 0.78699 0.38804 0.47966
vn 0.03197 0.99910 0.02784
vn 0.71072 0.38804 0.58677
vn 0.02695 0.99910 0.03272
vn 0.61998 0.38804 0.68195
vn 0.01817 0.99934 0.03147
vn -0.98507 -0.04674 0.16568
vn -0.92138 0.38804 0.02197
vn -0.04233 0.99910 -0.00233
vn -0.91513 0.38804 -0.10938
vn -0.04137 0.99910 -0.00927
vn -0.89025 0.38804 -0.23851
vn -0.03928 0.99910 -0.01595
vn -0.84724 0.38804 -0.36277
vn -0.03612 0.99910 -0.02220
vn -0.78699 0.38804 -0.47966
vn -0.03197 0.99910 -0.02784
vn -0.71072 0.38804 -0.58678
vn -0.02695 0.99910 -0.03272
vn -0.61998 0.38804 -0.68195
vn -0.55992 -0.04674 -0.82722
vn 0.39319 -0.04674 -0.91827
vn 0.47966 0.38804 -0.78699
vn 0.02511 0.99910 -0.03416
vn 0.58678 0.38804 -0.71072
vn 0.03039 0.99910 -0.02956
vn 0.68195 0.38804 -0.61998
vn 0.03484 0.99910 -0.02416
vn 0.76324 0.38804 -0.51662
vn 0.03834 0.99910 -0.01810
vn 0.82899 0.38804 -0.40274
vn 0.04080 0.99910 -0.01154
vn 0.87787 0.38804 -0.28066
vn 0.04214 0.99910 -0.00467
vn 0.90888 0.38804 -0.15287
vn 0.99862 -0.04674 -0.02381
vn 0.55992 -0.04674 0.82722
vn 0.40274 0.38804 0.82899
vn 0.01487 0.99910 0.03970
vn 0.28066 0.38804 0.87787
vn 0.00813 0.99910 0.04161
vn 0.15287 0.38804 0.90888
vn 0.00117 0.99910 0.04238
vn 0.02197 0.38804 0.92138
vn -0.00582 0.99910 0.04199
vn -0.10938 0.38804 0.91513
vn -0.01265 0.99910 0.04046
vn -0.23851 0.38804 0.89025
vn -0.39319 -0.04674 0.91827
vn 0.71982 0.66024 -0.21434
vn 0.68602 0.66400 -0.29747
vn 0.65212 0.70065 -0.28953
vn 0.63999 0.65399 0.40337
vn 0.68963 0.65641 0.30584
vn 0.64586 0.70065 0.30324
vn -0.57213 0.32019 -0.75508
vn -0.22395 0.24691 -0.94280
vn 0.18474 0.03128 -0.98229
vn -0.50094 0.47898 -0.72086
vn -0.12094 0.44257 -0.88854
vn 0.30396 0.22756 -0.92511
vn -0.24369 0.85935 -0.44959
vn 0.09713 0.88041 -0.46417
vn 0.70905 0.53810 -0.45574
vn 0.05720 0.94111 -0.33322
vn 0.68836 0.64933 -0.32331
vn -0.29555 0.90119 -0.31703
vn 0.02595 0.83464 0.55018
vn -0.29522 0.80962 0.50731
vn 0.63023 0.52404 0.57288
vn 0.53358 -0.13629 0.83470
vn -0.00752 0.06205 0.99804
vn 0.93648 -0.34435 0.06650
vn 0.59613 0.04124 0.80183
vn 0.75168 -0.03999 0.65832
vn 0.12461 0.32395 0.93783
vn 0.48432 0.29950 0.82203
vn 0.88845 -0.04222 0.45702
vn 0.24730 0.47345 0.84539
vn 0.95332 0.28546 -0.09842
vn 0.94274 0.29809 -0.14962
vn 0.78893 0.25780 -0.55779
vn 0.86681 0.12579 -0.48250
vn 0.34062 0.54616 -0.76530
vn 0.81121 0.07079 -0.58045
vn 0.58590 0.23442 -0.77574
vn 0.23516 0.47631 -0.84725
vn 0.74511 0.23360 -0.62470
vn 0.62882 0.23029 -0.74267
vn -0.00218 -0.04877 -0.99881
vn 0.76310 0.29073 -0.57720
vn 0.60597 0.31517 -0.73039
vn 0.84638 0.42423 -0.32197
vn 0.56976 0.38758 -0.72468
vn 0.65080 0.50789 -0.56437
vn 0.52420 0.45495 -0.71989
vn 0.58878 0.58007 -0.56290
vn 0.57264 0.59644 -0.56245
vn 0.50804 0.65236 -0.56242
vn 0.45893 0.68863 -0.56141
vn 0.35590 0.59940 -0.71698
vn 0.37205 0.73852 -0.56228
vn 0.35128 0.74846 -0.56251
vn 0.27214 0.77979 -0.56380
vn 0.24415 0.85700 -0.45380
vn 0.14762 0.67624 -0.72174
vn 0.11525 0.81561 -0.56701
vn 0.09248 0.81786 -0.56794
vn 0.00729 0.82095 -0.57095
vn -0.02685 0.78194 -0.62278
vn -0.10740 0.80970 -0.57693
vn 0.12161 -0.05207 -0.99121
vn -0.13123 0.66306 -0.73698
vn -0.21566 0.78772 -0.57705
vn -0.29858 0.76113 -0.57579
vn -0.35178 0.81419 -0.46190
vn -0.38823 0.71911 -0.57633
vn -0.34057 0.58166 -0.73870
vn -0.51562 0.72005 -0.46440
vn -0.47009 0.47468 -0.74411
vn -0.65279 0.65283 -0.38428
vn -0.50957 0.42770 -0.74660
vn -0.70604 0.53250 -0.46685
vn -0.55519 0.35636 -0.75151
vn -0.10629 0.03477 -0.99373
vn 0.80683 -0.13556 -0.57502
vn 0.67443 -0.08464 -0.73347
vn 0.81652 -0.05975 -0.57422
vn 0.88800 -0.00171 -0.45984
vn 0.81741 0.05518 -0.57341
vn 0.67099 0.10617 -0.73383
vn 0.49542 0.10148 -0.86270
vn -0.12226 -0.04796 -0.99134
vn 0.65036 0.18397 -0.73701
vn -0.01751 0.14523 -0.98924
vn 0.33873 -0.02570 -0.94053
vn -0.00260 0.06209 -0.99807
vn 0.80775 -0.25956 -0.52932
vn 0.67491 -0.18799 -0.71355
vn 0.71558 -0.06772 -0.69524
vn 0.71235 -0.09255 -0.69570
vn 0.00504 0.24052 -0.97063
vn 0.56094 -0.04226 -0.82678
vn 0.80818 -0.21105 -0.54982
vn 0.48131 0.10034 -0.87079
vn 0.10929 0.32416 -0.93967
vn 0.74575 -0.03624 -0.66523
vn 0.76779 -0.02816 -0.64009
vn 0.64872 0.09548 -0.75501
vn 0.13429 0.41339 -0.90060
vn 0.78199 0.04530 -0.62164
vn 0.85643 0.11774 -0.50265
vn 0.74446 0.22538 -0.62847
vn 0.24461 0.53787 -0.80676
vn 0.73231 0.21275 -0.64689
vn 0.82734 0.07970 -0.55602
vn 0.34287 0.59727 -0.72506
vn 0.43436 0.60073 -0.67116
vn 0.80010 0.26494 -0.53819
vn 0.50885 0.61241 -0.60500
vn 0.84152 0.26208 -0.47239
vn 0.89473 0.15221 -0.41988
vn 0.86115 0.29792 -0.41191
vn 0.91819 0.17461 -0.35558
vn 0.91522 0.15045 -0.37380
vn 0.50306 0.64814 -0.57171
vn 0.56895 0.65074 -0.50282
vn 0.86741 0.29101 -0.40363
vn 0.92843 0.29736 -0.22269
vn 0.96194 0.18577 -0.20041
vn 0.63667 0.65808 -0.40197
vn 0.95133 0.17351 -0.25468
vn 0.89586 0.29068 -0.33607
vn 0.93455 0.17302 -0.31093
vn 0.97174 0.18989 -0.14022
vn 0.98477 0.16688 -0.04872
vn 0.74229 0.66148 -0.10703
vn 0.95851 0.28368 -0.02786
vn 0.75223 0.65890 -0.00285
vn 0.74506 0.65880 0.10429
vn 0.95868 0.28089 0.04517
vn 0.98739 0.15804 0.00937
vn 0.93947 0.28615 0.18847
vn 0.97705 0.16809 0.13083
vn 0.72271 0.65955 0.20659
vn 0.95158 0.28378 0.11817
vn 0.98418 0.16135 0.07323
vn 0.89671 0.28860 0.33559
vn 0.95255 0.16931 0.25295
vn 0.92170 0.28654 0.26145
vn 0.99153 -0.07793 0.10388
vn 0.93396 0.17036 0.31416
vn 0.57833 0.65043 0.49242
vn 0.86597 0.28963 0.40768
vn 0.50453 0.64438 0.57465
vn 0.86097 0.27617 0.42715
vn 0.92344 0.14041 0.35713
vn 0.52799 0.60183 0.59919
vn 0.84332 0.26276 0.46880
vn 0.43325 0.60088 0.67174
vn 0.87987 0.14703 0.45190
vn 0.71865 0.33190 0.61105
vn 0.34006 0.59457 0.72859
vn 0.35606 0.54594 0.75840
vn 0.85461 0.11106 0.50725
vn 0.86178 0.12503 0.49163
vn 0.96552 -0.21094 0.15259
vn 0.74278 0.22220 0.63159
vn 0.24840 0.53172 0.80967
vn 0.72776 0.21364 0.65170
vn 0.82044 0.08100 0.56597
vn 0.12721 0.38785 0.91290
vn 0.78174 0.04990 0.62161
vn 0.13744 0.46198 0.87618
vn 0.75915 -0.02002 0.65061
vn 0.93226 -0.21707 0.28944
vn 0.56490 0.18269 0.80468
vn 0.01322 0.30737 0.95150
vn 0.57789 0.02575 0.81571
vn -0.00303 0.22082 0.97531
vn 0.70890 -0.09190 0.69930
vn 0.55243 -0.06064 0.83135
vn -0.01839 0.11725 0.99293
vn 0.93238 -0.32831 0.15126
vn 0.66562 -0.18288 0.72354
vn 0.46664 0.20027 0.86148
vn 0.80949 0.36303 0.46145
vn -0.12163 -0.05049 0.99129
vn 0.83934 0.28819 0.46093
vn 0.48668 0.14045 0.86222
vn -0.10388 0.03124 0.99410
vn 0.92954 0.17631 0.32383
vn 0.81900 0.02166 0.57339
vn 0.68038 -0.00388 0.73285
vn 0.81878 -0.02440 0.57359
vn 0.88110 -0.10932 0.46012
vn 0.79951 -0.17227 0.57542
vn -0.57930 0.31130 0.75333
vn -0.55520 0.35809 0.75068
vn 0.11852 -0.04820 0.99178
vn -0.74710 0.47212 0.46792
vn -0.50775 0.42852 0.74737
vn -0.67331 0.57424 0.46572
vn -0.45267 0.49286 0.74309
vn -0.40736 0.53371 0.74109
vn -0.59065 0.65924 0.46533
vn -0.33870 0.58171 0.73952
vn -0.44417 0.76724 0.46265
vn -0.35926 0.73364 0.57680
vn -0.20941 0.64298 0.73670
vn -0.27059 0.77075 0.57682
vn -0.23153 0.78133 0.57959
vn -0.16713 0.87053 0.46286
vn -0.04524 0.67670 0.73486
vn 0.00880 0.68437 0.72908
vn -0.00096 -0.05141 0.99868
vn -0.00504 0.82167 0.56994
vn 0.08088 0.81914 0.56786
vn 0.12152 0.81529 0.56616
vn 0.18482 0.87145 0.45434
vn 0.22815 0.65641 0.71908
vn 0.26141 0.78362 0.56357
vn 0.34087 0.75293 0.56294
vn 0.37777 0.73547 0.56247
vn 0.46025 0.76381 0.45250
vn 0.48396 0.67054 0.56228
vn 0.56363 0.60405 0.56342
vn 0.59253 0.57502 0.56415
vn 0.67916 0.57653 0.45425
vn 0.73502 0.50178 0.45602
vn 0.60438 0.31532 0.73164
vn 0.62228 0.26602 0.73621
vn -0.23285 0.24611 0.94086
vn -0.58281 0.31464 0.74922
vn 0.17407 0.03437 0.98413
vn -0.43759 0.22001 0.87184
vn -0.58211 0.28651 0.76096
vn -0.55204 0.36822 0.74811
vn -0.55848 0.33993 0.75667
vn 0.27498 0.14213 0.95089
vn 0.27283 0.04271 0.96111
vn -0.13153 0.43673 0.88992
vn -0.51290 0.46843 0.71938
vn 0.29527 0.22980 0.92737
vn -0.33171 0.40041 0.85419
vn -0.52559 0.41905 0.74037
vn -0.47503 0.51635 0.71255
vn -0.47795 0.49077 0.72850
vn 0.38676 0.31712 0.86594
vn 0.39491 0.23581 0.88794
vn -0.21013 0.60580 0.76736
vn -0.92576 0.37493 0.04902
vn 0.37468 0.38977 0.84124
vn -0.24813 0.56516 0.78678
vn -0.45256 0.56455 0.69028
vn -0.12243 0.70361 0.69996
vn -0.40413 0.68164 0.60996
vn 0.48057 0.46668 0.74247
vn -0.15134 0.66791 0.72870
vn 0.48657 0.41004 0.77144
vn -0.37696 0.67278 0.63660
vn -0.39915 0.64751 0.64916
vn 0.56938 0.47135 0.67352
vn -0.32968 0.74713 0.57716
vn 0.14665 0.73218 0.66513
vn 0.65745 0.47742 0.58296
vn -0.29662 0.79040 0.53598
vn -0.29767 0.76982 0.56460
vn 0.12061 0.89918 0.42063
vn -0.21578 0.89138 0.39860
vn 0.70604 0.54078 0.45723
vn -0.23339 0.87233 0.42961
vn 0.08130 0.94624 0.31309
vn -0.30133 0.90682 0.29474
vn 0.68564 0.64056 0.34581
vn 0.05628 0.91784 0.39295
vn 0.75777 0.54612 0.35713
vn 0.17015 0.96472 0.20088
vn -0.18447 0.95715 0.22324
vn 0.77424 0.58649 0.23789
vn 0.19265 0.97775 0.08304
vn -0.16280 0.97831 0.12806
vn 0.79788 0.58918 0.12748
vn 0.55348 0.83207 -0.03643
vn -0.47665 0.87879 0.02324
vn 0.80760 0.58948 0.01703
vn 0.54155 0.82608 -0.15593
vn -0.63830 0.76875 -0.03987
vn 0.80195 0.59000 -0.09368
vn 0.76926 0.59630 -0.22949
vn -0.17192 0.96093 -0.21693
vn -0.16545 0.93881 -0.30210
vn -0.91198 0.40971 -0.02071
vn 0.06009 0.90711 -0.41659
vn 0.76218 0.54049 -0.35629
vn 0.03454 0.83893 -0.54315
vn -0.30379 0.78403 -0.54130
vn -0.29614 0.79761 -0.52547
vn 0.64057 0.53062 -0.55508
vn -0.27836 0.82383 -0.49378
vn -0.12851 0.69973 -0.70276
vn -0.35192 0.71498 -0.60411
vn 0.57979 0.47352 -0.66304
vn -0.31569 0.76133 -0.56632
vn 0.15300 0.74084 -0.65402
vn -0.21425 0.60278 -0.76860
vn -0.41242 0.62285 -0.66480
vn 0.48804 0.39873 -0.77642
vn -0.16141 0.66065 -0.73313
vn 0.49421 0.46874 -0.73214
vn -0.40089 0.68873 -0.60411
vn -0.47932 0.50447 -0.71817
vn -0.47238 0.52884 -0.70512
vn 0.39266 0.30717 -0.86687
vn -0.24655 0.56370 -0.78833
vn 0.39711 0.39380 -0.82899
vn -0.46975 0.59764 -0.64974
vn -0.55823 0.34738 -0.75346
vn -0.55033 0.37446 -0.74627
vn 0.27527 0.12547 -0.95315
vn -0.34346 0.39149 -0.85368
vn -0.53380 0.45529 -0.71258
vn -0.92179 0.37315 -0.10518
vn -0.43155 0.21789 -0.87538
vn -0.61478 0.30212 -0.72854
vn -0.10370 -0.68170 0.72424
vn -0.30354 -0.68170 0.66569
vn -0.47879 -0.68170 0.55321
vn -0.55265 -0.68170 0.47944
vn -0.61525 -0.68170 0.39591
vn -0.70187 -0.68170 0.20654
vn -0.73163 -0.68170 0.00043
vn -0.72424 -0.68170 -0.10369
vn -0.70212 -0.68170 -0.20571
vn -0.61572 -0.68170 -0.39519
vn -0.47944 -0.68170 -0.55265
vn -0.39591 -0.68170 -0.61525
vn -0.30432 -0.68170 -0.66533
vn -0.20654 -0.68170 -0.70187
vn 0.00021 -0.16665 0.98602
vn 0.14053 -0.16665 0.97595
vn 0.00033 -0.26852 0.96327
vn 0.13742 -0.26852 0.95342
vn 0.00045 -0.36725 0.93012
vn 0.13282 -0.36725 0.92059
vn 0.00056 -0.46086 0.88747
vn 0.12685 -0.46086 0.87836
vn 0.00065 -0.54775 0.83664
vn 0.11971 -0.54775 0.82803
vn 0.00070 -0.62602 0.77981
vn 0.11167 -0.62602 0.77177
vn 0.00043 -0.68170 0.73163
vn 0.10455 -0.68170 0.72412
vn -0.14012 -0.16665 0.97601
vn -0.13676 -0.26852 0.95352
vn -0.13192 -0.36725 0.92072
vn -0.12575 -0.46086 0.87852
vn -0.11843 -0.54775 0.82822
vn -0.11028 -0.62602 0.77197
vn -0.00021 -0.16665 -0.98602
vn -0.14053 -0.16665 -0.97595
vn -0.00033 -0.26852 -0.96327
vn -0.13742 -0.26852 -0.95342
vn -0.00045 -0.36725 -0.93012
vn -0.13282 -0.36725 -0.92059
vn -0.00056 -0.46086 -0.88747
vn -0.12685 -0.46086 -0.87836
vn -0.00065 -0.54775 -0.83664
vn -0.11971 -0.54775 -0.82803
vn -0.00070 -0.62602 -0.77981
vn -0.11167 -0.62602 -0.77177
vn -0.00043 -0.68170 -0.73163
vn -0.10455 -0.68170 -0.72412
vn 0.14012 -0.16665 -0.97601
vn 0.13676 -0.26852 -0.95352
vn 0.13192 -0.36725 -0.92072
vn 0.12575 -0.46086 -0.87852
vn 0.11843 -0.54775 -0.82822
vn 0.11029 -0.62602 -0.77197
vn 0.10369 -0.68170 -0.72424
vn 0.28123 -0.06378 0.95752
vn 0.27799 -0.16665 0.94602
vn 0.27170 -0.26852 0.92416
vn 0.26248 -0.36725 0.89232
vn 0.25057 -0.46086 0.85137
vn 0.23633 -0.54775 0.80257
vn 0.22037 -0.62602 0.74802
vn 0.20654 -0.68170 0.70187
vn 0.28354 0.03405 -0.95836
vn 0.28108 -0.06378 -0.95756
vn 0.27759 -0.16665 -0.94613
vn 0.27107 -0.26852 -0.92435
vn 0.26161 -0.36725 -0.89258
vn 0.24949 -0.46086 -0.85168
vn 0.23509 -0.54775 -0.80293
vn 0.21902 -0.62602 -0.74842
vn 0.20571 -0.68170 -0.70211
vn 0.41139 0.13633 0.90120
vn 0.41508 0.03792 0.90900
vn 0.41464 -0.06378 0.90775
vn 0.40979 -0.16665 0.89683
vn 0.40046 -0.26852 0.87609
vn 0.38680 -0.36725 0.84588
vn 0.36918 -0.46086 0.80704
vn 0.34814 -0.54775 0.76076
vn 0.32458 -0.62602 0.70905
vn 0.30432 -0.68170 0.66534
vn 0.40550 0.22870 -0.88502
vn 0.41168 0.13633 -0.90107
vn 0.41516 0.03792 -0.90896
vn 0.41450 -0.06378 -0.90781
vn 0.40942 -0.16665 -0.89700
vn 0.39985 -0.26852 -0.87636
vn 0.38598 -0.36725 -0.84626
vn 0.36816 -0.46086 -0.80751
vn 0.34696 -0.54775 -0.76130
vn 0.32331 -0.62602 -0.70963
vn 0.30354 -0.68170 -0.66569
vn 0.51240 0.31743 0.79793
vn 0.52595 0.22983 0.81887
vn 0.53546 0.13633 0.83348
vn 0.54021 0.03792 0.84067
vn 0.53961 -0.06378 0.83950
vn 0.53325 -0.16665 0.82938
vn 0.52107 -0.26852 0.81018
vn 0.50324 -0.36725 0.78223
vn 0.48027 -0.46086 0.74629
vn 0.45287 -0.54775 0.70348
vn 0.42219 -0.62602 0.65564
vn 0.39591 -0.68170 0.61525
vn 0.51296 0.31743 -0.79756
vn 0.52638 0.22983 -0.81860
vn 0.53572 0.13633 -0.83331
vn 0.54029 0.03792 -0.84062
vn 0.53947 -0.06378 -0.83958
vn 0.53291 -0.16665 -0.82960
vn 0.52050 -0.26852 -0.81054
vn 0.50248 -0.36725 -0.78271
vn 0.47933 -0.46086 -0.74689
vn 0.45178 -0.54775 -0.70418
vn 0.42101 -0.62602 -0.65640
vn 0.39519 -0.68170 -0.61572
vn 0.60037 0.39832 0.69347
vn 0.69295 0.39832 0.60097
vn 0.62074 0.31743 0.71688
vn 0.71644 0.31743 0.62125
vn 0.63714 0.22983 0.73568
vn 0.73535 0.22983 0.63752
vn 0.64863 0.13633 0.74880
vn 0.74859 0.13633 0.64886
vn 0.65436 0.03792 0.75524
vn 0.75518 0.03792 0.65442
vn 0.65359 -0.06377 0.75416
vn 0.75426 -0.06377 0.65347
vn 0.64586 -0.16665 0.74505
vn 0.74532 -0.16665 0.64555
vn 0.63106 -0.26852 0.72778
vn 0.72821 -0.26852 0.63056
vn 0.60944 -0.36725 0.70264
vn 0.70324 -0.36725 0.60876
vn 0.58159 -0.46086 0.67034
vn 0.67107 -0.46086 0.58075
vn 0.54837 -0.54775 0.63187
vn 0.63271 -0.54775 0.54739
vn 0.51120 -0.62602 0.58888
vn 0.58980 -0.62602 0.51014
vn 0.47944 -0.68170 0.55265
vn 0.55321 -0.68170 0.47879
vn 0.60097 0.39832 -0.69295
vn 0.62125 0.31743 -0.71644
vn 0.63752 0.22983 -0.73535
vn 0.64886 0.13633 -0.74859
vn 0.65442 0.03792 -0.75518
vn 0.65347 -0.06378 -0.75426
vn 0.64555 -0.16665 -0.74532
vn 0.63056 -0.26852 -0.72821
vn 0.60876 -0.36725 -0.70324
vn 0.58075 -0.46086 -0.67107
vn 0.54739 -0.54775 -0.63271
vn 0.51014 -0.62602 -0.58980
vn 0.47879 -0.68170 -0.55321
vn 0.66628 0.47218 -0.57716
vn 0.69347 0.39832 -0.60037
vn 0.71688 0.31743 -0.62074
vn 0.73568 0.22983 -0.63714
vn 0.74880 0.13633 -0.64863
vn 0.75524 0.03792 -0.65436
vn 0.75416 -0.06378 -0.65359
vn 0.74505 -0.16665 -0.64586
vn 0.72777 -0.26852 -0.63106
vn 0.70264 -0.36725 -0.60944
vn 0.67034 -0.46086 -0.58159
vn 0.63187 -0.54775 -0.54837
vn 0.58888 -0.62602 -0.51120
vn 0.55265 -0.68170 -0.47944
vn 0.74140 0.47202 0.47700
vn 0.80173 0.47202 0.36663
vn 0.77142 0.39832 0.49624
vn 0.83419 0.39832 0.38140
vn 0.79756 0.31743 0.51296
vn 0.86245 0.31743 0.39424
vn 0.81860 0.22983 0.52638
vn 0.88518 0.22983 0.40453
vn 0.83331 0.13633 0.53572
vn 0.90107 0.13633 0.41168
vn 0.84062 0.03792 0.54029
vn 0.90896 0.03792 0.41516
vn 0.83958 -0.06378 0.53947
vn 0.90781 -0.06378 0.41450
vn 0.82960 -0.16665 0.53291
vn 0.89700 -0.16665 0.40942
vn 0.81054 -0.26852 0.52050
vn 0.87636 -0.26852 0.39985
vn 0.78271 -0.36725 0.50248
vn 0.84626 -0.36725 0.38598
vn 0.74689 -0.46086 0.47933
vn 0.80751 -0.46086 0.36816
vn 0.70418 -0.54775 0.45178
vn 0.76130 -0.54775 0.34696
vn 0.65640 -0.62602 0.42101
vn 0.70963 -0.62602 0.32331
vn 0.61572 -0.68170 0.39519
vn 0.66569 -0.68170 0.30354
vn 0.74188 0.47202 -0.47625
vn 0.77185 0.39832 -0.49556
vn 0.79793 0.31743 -0.51240
vn 0.81887 0.22983 -0.52595
vn 0.83348 0.13633 -0.53546
vn 0.84067 0.03792 -0.54021
vn 0.83950 -0.06377 -0.53961
vn 0.82938 -0.16665 -0.53325
vn 0.81018 -0.26852 -0.52107
vn 0.78223 -0.36725 -0.50324
vn 0.74629 -0.46086 -0.48027
vn 0.70348 -0.54775 -0.45287
vn 0.65564 -0.62602 -0.42219
vn 0.61525 -0.68170 -0.39591
vn 0.80210 0.47202 -0.36582
vn 0.83452 0.39832 -0.38067
vn 0.86273 0.31743 -0.39363
vn 0.88539 0.22983 -0.40406
vn 0.90120 0.13633 -0.41139
vn 0.90900 0.03792 -0.41508
vn 0.90775 -0.06378 -0.41464
vn 0.89683 -0.16665 -0.40979
vn 0.87609 -0.26852 -0.40046
vn 0.84588 -0.36725 -0.38680
vn 0.80704 -0.46086 -0.36918
vn 0.76076 -0.54775 -0.34814
vn 0.70905 -0.62602 -0.32458
vn 0.66534 -0.68170 -0.30432
vn 0.83398 0.53850 0.12039
vn 0.84263 0.53850 0.00048
vn 0.87255 0.47202 0.12590
vn 0.88159 0.47202 0.00045
vn 0.90785 0.39832 0.13093
vn 0.91725 0.39832 0.00040
vn 0.93858 0.31743 0.13529
vn 0.94828 0.31743 0.00034
vn 0.96329 0.22983 0.13876
vn 0.97323 0.22983 0.00025
vn 0.98056 0.13633 0.14114
vn 0.99066 0.13633 0.00016
vn 0.98910 0.03792 0.14226
vn 0.99928 0.03792 0.00004
vn 0.98782 -0.06378 0.14195
vn 0.99796 -0.06378 -0.00008
vn 0.97601 -0.16665 0.14012
vn 0.98602 -0.16665 -0.00021
vn 0.95352 -0.26852 0.13676
vn 0.96327 -0.26852 -0.00033
vn 0.92072 -0.36725 0.13192
vn 0.93012 -0.36725 -0.00045
vn 0.87852 -0.46086 0.12575
vn 0.88747 -0.46086 -0.00056
vn 0.82822 -0.54775 0.11843
vn 0.83664 -0.54775 -0.00065
vn 0.77197 -0.62602 0.11028
vn 0.77981 -0.62602 -0.00070
vn 0.72424 -0.68170 0.10369
vn 0.73163 -0.68170 -0.00043
vn 0.80836 0.53850 0.23785
vn 0.84575 0.47202 0.24880
vn 0.87998 0.39832 0.25880
vn 0.90977 0.31743 0.26748
vn 0.93374 0.22983 0.27443
vn 0.95049 0.13633 0.27925
vn 0.95879 0.03792 0.28157
vn 0.95756 -0.06378 0.28108
vn 0.94613 -0.16665 0.27759
vn 0.92435 -0.26852 0.27106
vn 0.89258 -0.36725 0.26161
vn 0.85168 -0.46086 0.24949
vn 0.80293 -0.54775 0.23509
vn 0.74842 -0.62602 0.21902
vn 0.70212 -0.68170 0.20571
vn 0.22629 0.59797 -0.76891
vn 0.80863 0.53850 -0.23694
vn 0.84600 0.47202 -0.24794
vn 0.88020 0.39832 -0.25804
vn 0.90996 0.31743 -0.26684
vn 0.93388 0.22983 -0.27395
vn 0.95058 0.13633 -0.27895
vn 0.95882 0.03792 -0.28149
vn 0.95752 -0.06378 -0.28123
vn 0.94602 -0.16665 -0.27799
vn 0.92416 -0.26852 -0.27170
vn 0.89232 -0.36725 -0.26248
vn 0.85137 -0.46086 -0.25057
vn 0.80257 -0.54775 -0.23633
vn 0.74802 -0.62602 -0.22037
vn 0.70187 -0.68170 -0.20654
vn 0.83412 0.53850 -0.11944
vn 0.87268 0.47202 -0.12502
vn 0.90797 0.39832 -0.13014
vn 0.93868 0.31743 -0.13462
vn 0.96336 0.22983 -0.13825
vn 0.98060 0.13633 -0.14083
vn 0.98912 0.03792 -0.14217
vn 0.98780 -0.06378 -0.14210
vn 0.97595 -0.16665 -0.14053
vn 0.95342 -0.26852 -0.13742
vn 0.92059 -0.36725 -0.13282
vn 0.87836 -0.46086 -0.12685
vn 0.82803 -0.54775 -0.11971
vn 0.77177 -0.62602 -0.11167
vn 0.72412 -0.68170 -0.10455
vn 0.41004 0.65084 0.63896
vn 0.31493 0.65084 0.69082
vn 0.21438 0.65084 -0.72832
vn 0.31585 0.65084 -0.69039
vn 0.41089 0.65084 -0.63842
vn 0.28953 0.70065 0.65212
vn 0.38696 0.69755 0.60306
vn 0.46885 0.69755 0.54185
vn 0.54119 0.69755 0.46962
vn 0.59613 0.70065 0.39207
vn 0.11945 0.53850 0.83412
vn 0.22534 0.59797 0.76919
vn 0.11358 0.59797 0.79343
vn 0.21341 0.65084 0.72860
vn 0.10755 0.65084 0.75156
vn 0.19377 0.70065 0.68669
vn 0.09407 0.70065 0.70728
vn -0.39519 -0.68170 0.61572
vn -0.32331 -0.62602 0.70963
vn -0.42101 -0.62602 0.65640
vn -0.34696 -0.54775 0.76130
vn -0.45178 -0.54775 0.70418
vn -0.36816 -0.46086 0.80751
vn -0.47933 -0.46086 0.74689
vn -0.38598 -0.36725 0.84626
vn -0.50248 -0.36725 0.78271
vn -0.39985 -0.26852 0.87636
vn -0.52050 -0.26852 0.81054
vn -0.40942 -0.16665 0.89700
vn -0.53291 -0.16665 0.82960
vn -0.41450 -0.06378 0.90781
vn -0.53947 -0.06378 0.83958
vn -0.41516 0.03792 0.90896
vn -0.54029 0.03792 0.84062
vn -0.41168 0.13633 0.90107
vn -0.53572 0.13633 0.83331
vn -0.40453 0.22983 0.88518
vn -0.52638 0.22983 0.81860
vn -0.39424 0.31743 0.86245
vn -0.51296 0.31743 0.79756
vn -0.38140 0.39832 0.83419
vn -0.49624 0.39832 0.77142
vn -0.36663 0.47202 0.80173
vn -0.47700 0.47202 0.74140
vn -0.35047 0.53850 0.76628
vn -0.45596 0.53850 0.70861
vn -0.33342 0.59797 0.72888
vn -0.43375 0.59797 0.67401
vn -0.31585 0.65084 0.69039
vn -0.41089 0.65084 0.63842
vn -0.30324 0.70065 0.64586
vn -0.39207 0.70065 0.59613
vn -0.51014 -0.62602 0.58980
vn -0.58888 -0.62602 0.51120
vn -0.54739 -0.54775 0.63271
vn -0.63187 -0.54775 0.54837
vn -0.58075 -0.46086 0.67107
vn -0.67034 -0.46086 0.58159
vn -0.60876 -0.36725 0.70324
vn -0.70264 -0.36725 0.60944
vn -0.63056 -0.26852 0.72821
vn -0.72777 -0.26852 0.63106
vn -0.64555 -0.16665 0.74532
vn -0.74505 -0.16665 0.64586
vn -0.65347 -0.06377 0.75426
vn -0.75416 -0.06378 0.65359
vn -0.65442 0.03792 0.75518
vn -0.75524 0.03792 0.65436
vn -0.64886 0.13633 0.74859
vn -0.74880 0.13633 0.64863
vn -0.63752 0.22983 0.73535
vn -0.73568 0.22983 0.63714
vn -0.62125 0.31743 0.71644
vn -0.71688 0.31743 0.62074
vn -0.60097 0.39832 0.69295
vn -0.69347 0.39832 0.60037
vn -0.57765 0.47202 0.66597
vn -0.66655 0.47202 0.57698
vn -0.55216 0.53850 0.63650
vn -0.63713 0.53850 0.55144
vn -0.52526 0.59797 0.60542
vn -0.60607 0.59797 0.52451
vn -0.49756 0.65084 0.57344
vn -0.57411 0.65084 0.49680
vn -0.47292 0.70065 0.53426
vn -0.54414 0.70065 0.46152
vn -0.72412 -0.68170 0.10455
vn -0.74802 -0.62602 0.22037
vn -0.77177 -0.62602 0.11167
vn -0.80257 -0.54775 0.23633
vn -0.82803 -0.54775 0.11971
vn -0.85137 -0.46086 0.25057
vn -0.87836 -0.46086 0.12685
vn -0.89232 -0.36725 0.26248
vn -0.92059 -0.36725 0.13282
vn -0.92416 -0.26852 0.27171
vn -0.95342 -0.26852 0.13742
vn -0.94602 -0.16665 0.27799
vn -0.97595 -0.16665 0.14053
vn -0.95752 -0.06378 0.28123
vn -0.98780 -0.06378 0.14210
vn -0.95882 0.03792 0.28149
vn -0.98912 0.03792 0.14217
vn -0.95058 0.13633 0.27895
vn -0.98060 0.13633 0.14083
vn -0.93388 0.22983 0.27395
vn -0.96336 0.22983 0.13825
vn -0.90996 0.31743 0.26684
vn -0.93868 0.31743 0.13462
vn -0.88020 0.39832 0.25804
vn -0.90797 0.39832 0.13014
vn -0.84600 0.47202 0.24794
vn -0.87268 0.47202 0.12502
vn -0.80863 0.53850 0.23694
vn -0.83412 0.53850 0.11945
vn -0.76919 0.59797 0.22534
vn -0.79343 0.59797 0.11358
vn -0.72860 0.65084 0.21341
vn -0.75156 0.65084 0.10755
vn -0.68669 0.70065 0.19378
vn -0.70728 0.70065 0.09407
vn -0.77981 -0.62602 0.00070
vn -0.77197 -0.62602 -0.11029
vn -0.83664 -0.54775 0.00065
vn -0.82822 -0.54775 -0.11843
vn -0.88747 -0.46086 0.00056
vn -0.87852 -0.46086 -0.12575
vn -0.93012 -0.36725 0.00045
vn -0.92072 -0.36725 -0.13192
vn -0.96327 -0.26852 0.00033
vn -0.95352 -0.26852 -0.13676
vn -0.98602 -0.16665 0.00021
vn -0.97601 -0.16665 -0.14012
vn -0.99796 -0.06378 0.00008
vn -0.98782 -0.06378 -0.14195
vn -0.99928 0.03792 -0.00005
vn -0.98910 0.03792 -0.14226
vn -0.99066 0.13633 -0.00016
vn -0.98056 0.13633 -0.14114
vn -0.97323 0.22983 -0.00025
vn -0.96329 0.22983 -0.13876
vn -0.94828 0.31743 -0.00034
vn -0.93858 0.31743 -0.13529
vn -0.91725 0.39832 -0.00040
vn -0.90785 0.39832 -0.13093
vn -0.88159 0.47202 -0.00045
vn -0.87255 0.47202 -0.12590
vn -0.84263 0.53850 -0.00048
vn -0.83398 0.53850 -0.12039
vn -0.80152 0.59797 -0.00050
vn -0.79329 0.59797 -0.11456
vn -0.75921 0.65084 -0.00051
vn -0.75141 0.65084 -0.10855
vn -0.71347 0.70065 -0.00754
vn -0.70513 0.70065 -0.10900
vn -0.55321 -0.68170 -0.47879
vn -0.65640 -0.62602 -0.42101
vn -0.58980 -0.62602 -0.51014
vn -0.70418 -0.54775 -0.45178
vn -0.63271 -0.54775 -0.54739
vn -0.74689 -0.46086 -0.47934
vn -0.67107 -0.46086 -0.58075
vn -0.78271 -0.36725 -0.50248
vn -0.70324 -0.36725 -0.60876
vn -0.81054 -0.26852 -0.52050
vn -0.72821 -0.26852 -0.63056
vn -0.82960 -0.16665 -0.53291
vn -0.74532 -0.16665 -0.64555
vn -0.83958 -0.06378 -0.53947
vn -0.75426 -0.06378 -0.65347
vn -0.84062 0.03792 -0.54029
vn -0.75518 0.03792 -0.65442
vn -0.83331 0.13633 -0.53572
vn -0.74859 0.13633 -0.64886
vn -0.81860 0.22983 -0.52638
vn -0.73535 0.22983 -0.63752
vn -0.79756 0.31743 -0.51296
vn -0.71644 0.31743 -0.62125
vn -0.77142 0.39832 -0.49624
vn -0.69295 0.39832 -0.60097
vn -0.74140 0.47202 -0.47700
vn -0.66597 0.47202 -0.57765
vn -0.70860 0.53850 -0.45596
vn -0.63650 0.53850 -0.55216
vn -0.67401 0.59797 -0.43375
vn -0.60542 0.59797 -0.52526
vn -0.63842 0.65084 -0.41089
vn -0.57344 0.65084 -0.49756
vn -0.59613 0.70065 -0.39207
vn -0.53427 0.70065 -0.47292
vn -0.51120 -0.62602 -0.58888
vn -0.42219 -0.62602 -0.65564
vn -0.54837 -0.54775 -0.63187
vn -0.45287 -0.54775 -0.70348
vn -0.58159 -0.46086 -0.67034
vn -0.48028 -0.46086 -0.74629
vn -0.60944 -0.36725 -0.70264
vn -0.50324 -0.36725 -0.78223
vn -0.63106 -0.26852 -0.72777
vn -0.52107 -0.26852 -0.81018
vn -0.64586 -0.16665 -0.74505
vn -0.53325 -0.16665 -0.82938
vn -0.65359 -0.06378 -0.75416
vn -0.53961 -0.06378 -0.83950
vn -0.65436 0.03792 -0.75524
vn -0.54021 0.03792 -0.84067
vn -0.64863 0.13633 -0.74880
vn -0.53546 0.13633 -0.83348
vn -0.63714 0.22983 -0.73568
vn -0.52595 0.22983 -0.81887
vn -0.62074 0.31743 -0.71688
vn -0.51240 0.31743 -0.79793
vn -0.60037 0.39832 -0.69347
vn -0.49556 0.39832 -0.77185
vn -0.57698 0.47202 -0.66655
vn -0.47625 0.47202 -0.74188
vn -0.55144 0.53850 -0.63713
vn -0.45516 0.53850 -0.70912
vn -0.52451 0.59797 -0.60607
vn -0.43292 0.59797 -0.67455
vn -0.49680 0.65084 -0.57411
vn -0.41004 0.65084 -0.63897
vn -0.46152 0.70065 -0.54414
vn -0.37939 0.70065 -0.60428
vn -0.00119 0.31949 -0.94759
vn 0.00040 0.39832 -0.91725
vn 0.00045 0.47202 -0.88159
vn 0.12560 0.47224 -0.87248
vn 0.00048 0.53850 -0.84263
vn 0.12039 0.53850 -0.83398
vn 0.00050 0.59797 -0.80152
vn 0.11456 0.59797 -0.79329
vn 0.00051 0.65084 -0.75921
vn 0.10855 0.65084 -0.75141
vn 0.00754 0.70065 -0.71347
vn 0.10900 0.70065 -0.70513
vn 0.20824 0.70065 -0.68244
vn 0.29812 0.69755 -0.65157
vn 0.38782 0.69755 -0.60252
vn 0.46961 0.69755 -0.54119
vn 0.54414 0.70065 -0.46153
vn 0.60428 0.70065 -0.37939
vn 0.68244 0.70065 0.20824
vn 0.70513 0.70065 0.10900
vn 0.71654 0.69755 0.00051
vn 0.70932 0.69755 -0.10147
vn 0.68669 0.70065 -0.19377
vn 0.94615 0.24987 0.20583
vn 0.95710 -0.09384 0.27414
vn 0.90750 0.24878 0.33847
vn 0.90592 -0.09429 0.41281
vn 0.85011 0.24865 0.46420
vn 0.83791 0.08520 0.53912
vn 0.80286 0.08299 0.59037
vn 0.72233 0.25335 0.64347
vn 0.65675 0.08328 0.74949
vn 0.53950 0.08158 0.83802
vn 0.42109 -0.09358 0.90218
vn 0.33845 0.24900 0.90744
vn 0.28285 -0.09423 0.95452
vn 0.20589 0.24859 0.94647
vn 0.14120 0.08632 0.98621
vn 0.08094 0.08345 0.99322
vn -0.00040 0.39832 0.91725
vn -0.00045 0.47202 0.88159
vn -0.00048 0.53850 0.84263
vn -0.00050 0.59797 0.80152
vn -0.00051 0.65084 0.75921
vn -0.00051 0.69755 0.71654
vn -0.01330 0.25377 0.96717
vn -0.14114 0.13633 0.98056
vn -0.13876 0.22983 0.96329
vn -0.13529 0.31743 0.93858
vn -0.13093 0.39832 0.90785
vn -0.12590 0.47202 0.87255
vn -0.12039 0.53850 0.83398
vn -0.11456 0.59797 0.79329
vn -0.10855 0.65084 0.75141
vn -0.10248 0.69755 0.70917
vn -0.13501 0.08389 0.98729
vn -0.20571 -0.68170 0.70212
vn -0.21903 -0.62602 0.74842
vn -0.23509 -0.54775 0.80293
vn -0.24949 -0.46086 0.85168
vn -0.26161 -0.36725 0.89258
vn -0.27107 -0.26852 0.92435
vn -0.27759 -0.16665 0.94613
vn -0.28108 -0.06378 0.95756
vn -0.28157 0.03792 0.95879
vn -0.27925 0.13633 0.95049
vn -0.27443 0.22983 0.93374
vn -0.26748 0.31743 0.90977
vn -0.25880 0.39832 0.87998
vn -0.24880 0.47202 0.84575
vn -0.23785 0.53850 0.80836
vn -0.22629 0.59797 0.76891
vn -0.21438 0.65084 0.72832
vn -0.20236 0.69755 0.68737
vn -0.27872 0.08200 0.95687
vn -0.40458 -0.09325 0.90974
vn -0.46412 0.24929 0.84997
vn -0.53476 -0.09412 0.83975
vn -0.58046 0.24861 0.77541
vn -0.65284 0.08757 0.75242
vn -0.69662 0.08403 0.71250
vn -0.75337 0.08378 0.65224
vn -0.79390 0.08254 0.60242
vn -0.65564 -0.62602 0.42219
vn -0.70348 -0.54775 0.45287
vn -0.74629 -0.46086 0.48028
vn -0.78222 -0.36725 0.50324
vn -0.81018 -0.26852 0.52107
vn -0.82938 -0.16665 0.53325
vn -0.83950 -0.06378 0.53961
vn -0.84067 0.03792 0.54021
vn -0.83348 0.13633 0.53546
vn -0.81887 0.22983 0.52595
vn -0.79793 0.31743 0.51240
vn -0.77185 0.39832 0.49556
vn -0.74188 0.47202 0.47625
vn -0.70912 0.53850 0.45516
vn -0.67455 0.59797 0.43292
vn -0.63897 0.65084 0.41004
vn -0.60306 0.69755 0.38696
vn -0.82097 0.25288 0.51192
vn -0.66533 -0.68170 0.30432
vn -0.70905 -0.62602 0.32458
vn -0.76077 -0.54775 0.34814
vn -0.80704 -0.46086 0.36918
vn -0.84588 -0.36725 0.38680
vn -0.87609 -0.26852 0.40046
vn -0.89683 -0.16665 0.40979
vn -0.90775 -0.06378 0.41464
vn -0.90900 0.03792 0.41507
vn -0.90120 0.13633 0.41139
vn -0.88539 0.22983 0.40406
vn -0.86273 0.31743 0.39363
vn -0.83452 0.39832 0.38067
vn -0.80210 0.47202 0.36582
vn -0.76668 0.53850 0.34961
vn -0.72929 0.59797 0.33251
vn -0.69082 0.65084 0.31493
vn -0.65200 0.69755 0.29720
vn -0.90507 0.08247 0.41719
vn -0.95203 -0.09287 0.29156
vn -0.94620 0.24965 0.20584
vn -0.98460 -0.09395 0.14740
vn -0.96611 0.24870 0.06910
vn -0.99554 -0.09430 0.00000
vn -0.96611 0.24870 -0.06910
vn -0.98620 0.08469 -0.14228
vn -0.97543 0.08281 -0.20417
vn -0.74842 -0.62602 -0.21903
vn -0.80293 -0.54775 -0.23509
vn -0.85168 -0.46086 -0.24949
vn -0.89258 -0.36725 -0.26161
vn -0.92435 -0.26852 -0.27107
vn -0.94613 -0.16665 -0.27759
vn -0.95756 -0.06378 -0.28108
vn -0.95879 0.03792 -0.28157
vn -0.95049 0.13633 -0.27925
vn -0.93374 0.22983 -0.27443
vn -0.90977 0.31743 -0.26748
vn -0.87998 0.39832 -0.25880
vn -0.84575 0.47202 -0.24880
vn -0.80836 0.53850 -0.23785
vn -0.76891 0.59797 -0.22629
vn -0.72832 0.65084 -0.21438
vn -0.68737 0.69755 -0.20236
vn -0.92442 0.25317 -0.28524
vn -0.66569 -0.68170 -0.30354
vn -0.70963 -0.62602 -0.32331
vn -0.76130 -0.54775 -0.34696
vn -0.80751 -0.46086 -0.36816
vn -0.84626 -0.36725 -0.38598
vn -0.87636 -0.26852 -0.39985
vn -0.89700 -0.16665 -0.40942
vn -0.90781 -0.06378 -0.41450
vn -0.90896 0.03792 -0.41516
vn -0.90107 0.13633 -0.41168
vn -0.88518 0.22983 -0.40453
vn -0.86245 0.31743 -0.39424
vn -0.83419 0.39832 -0.38140
vn -0.80173 0.47202 -0.36663
vn -0.76628 0.53850 -0.35047
vn -0.72888 0.59797 -0.33342
vn -0.69039 0.65084 -0.31585
vn -0.65157 0.69755 -0.29812
vn -0.90850 0.08300 -0.40956
vn -0.84468 -0.09243 -0.52722
vn -0.77510 0.25010 -0.58024
vn -0.75727 -0.09372 -0.64635
vn -0.68486 0.24888 -0.68486
vn -0.65319 -0.09427 -0.75130
vn -0.58046 0.24861 -0.77541
vn -0.53819 0.08574 -0.83845
vn -0.48564 0.08320 -0.87019
vn -0.32458 -0.62602 -0.70905
vn -0.34814 -0.54775 -0.76077
vn -0.36918 -0.46086 -0.80704
vn -0.38680 -0.36725 -0.84588
vn -0.40046 -0.26852 -0.87609
vn -0.40979 -0.16665 -0.89683
vn -0.41464 -0.06378 -0.90775
vn -0.41507 0.03792 -0.90900
vn -0.41139 0.13633 -0.90120
vn -0.40406 0.22983 -0.88539
vn -0.39363 0.31743 -0.86273
vn -0.38067 0.39832 -0.83452
vn -0.36582 0.47202 -0.80210
vn -0.34961 0.53850 -0.76668
vn -0.33251 0.59797 -0.72929
vn -0.31493 0.65084 -0.69082
vn -0.29720 0.69755 -0.65200
vn -0.38972 0.25355 -0.88534
vn -0.22037 -0.62602 -0.74802
vn -0.23633 -0.54775 -0.80257
vn -0.25057 -0.46086 -0.85137
vn -0.26248 -0.36725 -0.89232
vn -0.27171 -0.26852 -0.92416
vn -0.27799 -0.16665 -0.94602
vn -0.28123 -0.06378 -0.95752
vn -0.28149 0.03792 -0.95882
vn -0.27895 0.13633 -0.95058
vn -0.27395 0.22983 -0.93388
vn -0.26684 0.31743 -0.90996
vn -0.25804 0.39832 -0.88020
vn -0.24794 0.47202 -0.84600
vn -0.23694 0.53850 -0.80863
vn -0.22534 0.59797 -0.76919
vn -0.21341 0.65084 -0.72860
vn -0.20139 0.69755 -0.68765
vn -0.28669 0.08358 -0.95437
vn -0.14083 0.13633 -0.98060
vn -0.13825 0.22983 -0.96336
vn -0.13462 0.31743 -0.93868
vn -0.13014 0.39832 -0.90797
vn -0.12502 0.47202 -0.87268
vn -0.11945 0.53850 -0.83412
vn -0.11358 0.59797 -0.79343
vn -0.10755 0.65084 -0.75156
vn -0.10147 0.69755 -0.70932
vn -0.14329 0.08178 -0.98630
vn -0.00907 -0.09343 -0.99558
vn 0.06909 0.24913 -0.96600
vn 0.13840 -0.09419 -0.98589
vn 0.20589 0.24859 -0.94647
vn 0.78662 0.06908 -0.61357
vn 0.28126 0.08693 -0.95569
vn 0.33833 0.08372 -0.93730
vn 0.41388 0.25401 -0.87418
vn 0.53237 0.08422 -0.84231
vn 0.65050 0.08223 -0.75504
vn 0.74540 -0.09307 -0.66008
vn 0.77523 0.24946 -0.58034
vn 0.83483 -0.09404 -0.54241
vn 0.85011 0.24865 -0.46420
vn 0.90636 0.08825 -0.41318
vn 0.92938 0.08438 -0.35934
vn 0.95622 0.08422 -0.28028
vn 0.97225 0.08265 -0.21884
vn 0.95941 0.25301 -0.12460
vn 0.99656 0.08273 -0.00418
vn 0.98724 -0.09266 0.12949
vn 0.83209 -0.54031 -0.12523
vn 0.80095 -0.54028 -0.25803
vn 0.74468 -0.54513 -0.38506
vn 0.66723 -0.53907 -0.51401
vn 0.05320 -0.53909 -0.84057
vn -0.59709 -0.53910 -0.59401
vn -0.68532 -0.53905 -0.48966
vn -0.84027 -0.53911 0.05754
vn -0.81993 -0.53906 0.19268
vn -0.78208 -0.52885 0.32964
vn -0.39549 -0.53908 0.74363
vn 0.29859 -0.53909 0.78755
vn -0.26783 0.94681 -0.17836
vn -0.15084 0.98379 -0.09694
vn -0.13229 0.98379 -0.12103
vn 0.06994 0.94681 0.31409
vn 0.04183 0.98379 0.17435
vn 0.01176 0.98379 0.17891
vn 0.00000 1.00000 0.00000
vn -0.16505 0.98379 -0.07005
vn -0.10325 0.98379 0.14659
vn -0.07699 0.98379 0.16193
vn 0.07069 0.98379 0.16478
vn 0.12202 0.94681 0.29775
vn 0.17784 0.88167 0.43706
vn 0.09752 0.98379 0.15046
vn -0.29412 0.94681 -0.13053
vn -0.43081 0.88167 -0.19249
vn -0.17451 0.98379 -0.04115
vn 0.17058 0.94681 0.27285
vn 0.24914 0.88167 0.40072
vn 0.32105 0.79291 0.51790
vn 0.12155 0.98379 0.13182
vn -0.31195 0.94681 -0.07895
vn -0.45715 0.88167 -0.11691
vn -0.59014 0.79291 -0.15176
vn -0.17896 0.98379 -0.01106
vn 0.21425 0.94681 0.24009
vn 0.31328 0.88167 0.35285
vn 0.40395 0.79291 0.45619
vn 0.48380 0.68293 0.54731
vn 0.14207 0.98379 0.10938
vn -0.32081 0.94681 -0.02509
vn -0.47033 0.88167 -0.03797
vn -0.60729 0.79291 -0.04984
vn -0.72799 0.68293 -0.06037
vn -0.17825 0.98379 0.01934
vn 0.25174 0.94681 0.20043
vn 0.36841 0.88167 0.29483
vn 0.47524 0.79291 0.38136
vn 0.56934 0.68292 0.45768
vn 0.64819 0.55467 0.52172
vn 0.15852 0.98379 0.08379
vn -0.32043 0.94681 0.02948
vn -0.46998 0.88167 0.04206
vn -0.60698 0.79291 0.05351
vn -0.72772 0.68293 0.06353
vn -0.82896 0.55467 0.07185
vn -0.17242 0.98379 0.04919
vn 0.28199 0.94681 0.15501
vn 0.41293 0.88167 0.22833
vn 0.53285 0.79291 0.29556
vn 0.63850 0.68292 0.35487
vn 0.72703 0.55467 0.40468
vn 0.79612 0.41155 0.44365
vn 0.17040 0.98379 0.05580
vn -0.31084 0.94681 0.08321
vn -0.45611 0.88167 0.12088
vn -0.58921 0.79291 0.15532
vn -0.70652 0.68293 0.18560
vn -0.80490 0.55467 0.21091
vn -0.88174 0.41155 0.23057
vn -0.16163 0.98379 0.07762
vn 0.30413 0.94681 0.10512
vn 0.44558 0.88167 0.15526
vn 0.57514 0.79291 0.20125
vn 0.68929 0.68293 0.24186
vn 0.78497 0.55467 0.27598
vn 0.85964 0.41155 0.30272
vn 0.91130 0.25741 0.32135
vn 0.17738 0.98379 0.02620
vn -0.29231 0.94681 0.13455
vn -0.42912 0.88167 0.19623
vn -0.55448 0.79291 0.25266
vn -0.66499 0.68293 0.30233
vn -0.75768 0.55467 0.34390
vn -0.83009 0.41155 0.37627
vn -0.88028 0.25741 0.39856
vn -0.14618 0.98379 0.10382
vn 0.31752 0.94681 0.05221
vn 0.46542 0.88167 0.07773
vn 0.60088 0.79291 0.10116
vn 0.72025 0.68293 0.12189
vn 0.82032 0.55467 0.13935
vn 0.89844 0.41155 0.15309
vn 0.95250 0.25741 0.16272
vn 0.98107 0.09637 0.16799
vn 0.17925 0.98379 -0.00415
vn -0.26536 0.94681 0.18201
vn -0.38979 0.88167 0.26593
vn -0.50381 0.79291 0.34274
vn -0.60433 0.68293 0.41037
vn -0.68866 0.55467 0.46700
vn -0.75456 0.41155 0.51114
vn -0.80026 0.25741 0.54160
vn -0.82453 0.09638 0.55755
vn -0.12654 0.98379 0.12703
vn 0.32178 0.94681 -0.00220
vn 0.47186 0.88167 -0.00205
vn 0.60933 0.79291 -0.00184
vn 0.73049 0.68293 -0.00158
vn 0.83207 0.55467 -0.00129
vn 0.91139 0.41155 -0.00095
vn 0.96630 0.25741 -0.00059
vn 0.99535 0.09637 -0.00022
vn 0.99774 -0.06724 0.00016
vn 0.17597 0.98379 -0.03439
vn -0.23078 0.94681 0.22424
vn -0.33924 0.88167 0.32797
vn -0.43864 0.79291 0.42295
vn -0.52628 0.68293 0.50659
vn -0.59983 0.55467 0.57667
vn -0.65732 0.41155 0.63131
vn -0.69722 0.25741 0.66905
vn -0.71844 0.09637 0.68888
vn -0.72043 -0.06724 0.69026
vn -0.90690 0.09637 0.41019
vn -0.90923 -0.06724 0.41083
vn -0.82672 -0.06724 0.55858
vn 0.31678 0.94681 -0.05655
vn 0.46472 0.88167 -0.08176
vn 0.60026 0.79291 -0.10479
vn 0.71971 0.68293 -0.12501
vn 0.81988 0.55467 -0.14189
vn 0.89812 0.41155 -0.15496
vn 0.95230 0.25741 -0.16390
vn 0.98099 0.09637 -0.16843
vn 0.98341 -0.06724 -0.16847
vn 0.95950 -0.22906 -0.16399
vn 0.16763 0.98379 -0.06363
vn -0.80678 -0.22906 0.54465
vn -0.70313 -0.22906 0.67316
vn -0.88722 -0.22906 0.40047
vn -0.76523 -0.38474 0.51613
vn 0.30266 0.94681 -0.10928
vn 0.44422 0.88167 -0.15913
vn 0.57391 0.79291 -0.20473
vn 0.68823 0.68293 -0.24484
vn 0.78411 0.55467 -0.27841
vn 0.85901 0.41155 -0.30452
vn 0.91091 0.25741 -0.32247
vn 0.93841 0.09637 -0.33180
vn 0.94080 -0.06724 -0.33224
vn 0.91799 -0.22906 -0.32378
vn 0.87060 -0.38473 -0.30666
vn 0.15446 0.98379 -0.09105
vn -0.66700 -0.38474 0.63803
vn -0.62291 -0.54036 0.56568
vn 0.27984 0.94681 -0.15885
vn 0.41094 0.88167 -0.23191
vn 0.53106 0.79291 -0.29878
vn 0.63695 0.68293 -0.35764
vn 0.72578 0.55467 -0.40692
vn 0.79519 0.41155 -0.44531
vn 0.84331 0.25741 -0.47178
vn 0.86884 0.09637 -0.48562
vn 0.87111 -0.06724 -0.48646
vn 0.85006 -0.22906 -0.47426
vn 0.80625 -0.38474 -0.44938
vn 0.87000 -0.38474 0.30834
vn 0.78907 -0.53910 0.29450
vn 0.82634 -0.53906 0.16303
vn 0.64249 -0.54051 0.54319
vn 0.72087 -0.54604 0.42683
vn 0.71759 -0.38474 0.58055
vn 0.80538 -0.38474 0.45093
vn 0.75702 -0.22906 0.61193
vn 0.84954 -0.22906 0.47519
vn 0.77618 -0.06724 0.62692
vn 0.87096 -0.06724 0.48673
vn 0.77456 0.09637 0.62512
vn 0.42828 -0.52839 0.73306
vn 0.54281 -0.52927 0.65210
vn 0.48319 -0.38474 0.78645
vn 0.60915 -0.38474 0.69348
vn 0.50992 -0.22906 0.82917
vn 0.64271 -0.22906 0.73106
vn 0.52299 -0.06724 0.84968
vn 0.65906 -0.06724 0.74908
vn 0.52206 0.09637 0.84745
vn 0.65777 0.09637 0.74703
vn 0.50715 0.25741 0.82252
vn 0.63886 0.25741 0.72498
vn 0.47866 0.41155 0.77557
vn 0.01492 -0.54066 0.84111
vn 0.15356 -0.54574 0.82377
vn 0.03828 -0.38474 0.92223
vn 0.19359 -0.38474 0.90250
vn 0.04078 -0.22906 0.97256
vn 0.20456 -0.22906 0.95168
vn 0.04219 -0.06724 0.99684
vn 0.21005 -0.06724 0.97538
vn 0.04246 0.09637 0.99444
vn 0.20992 0.09637 0.97296
vn 0.04160 0.25741 0.96541
vn 0.20416 0.25741 0.94449
vn 0.03963 0.41155 0.91052
vn 0.19294 0.41155 0.89073
vn 0.03660 0.55467 0.83127
vn 0.17656 0.55467 0.81312
vn 0.03259 0.68293 0.72976
vn 0.15545 0.68293 0.71376
vn 0.02770 0.79291 0.60870
vn -0.26829 -0.52861 0.80535
vn -0.13192 -0.52958 0.83794
vn -0.27113 -0.38474 0.88231
vn -0.11813 -0.38474 0.91544
vn -0.28554 -0.22906 0.93059
vn -0.12417 -0.22906 0.96546
vn -0.29231 -0.06724 0.95396
vn -0.12688 -0.06724 0.98964
vn -0.29125 0.09637 0.95178
vn -0.12621 0.09637 0.98731
vn -0.28239 0.25741 0.92412
vn -0.12215 0.25740 0.95855
vn -0.26597 0.41155 0.87172
vn -0.11482 0.41155 0.90413
vn -0.24242 0.55467 0.79597
vn -0.10441 0.55467 0.82549
vn -0.21239 0.68293 0.69893
vn -0.09122 0.68293 0.72477
vn -0.17666 0.79291 0.58316
vn -0.07557 0.79291 0.60463
vn -0.13621 0.88167 0.45177
vn -0.05790 0.88167 0.46829
vn -0.09212 0.94681 0.30832
vn -0.84145 -0.38474 0.37938
vn -0.70622 -0.54019 0.45766
vn -0.80950 -0.54042 -0.22947
vn -0.83274 -0.54616 -0.09083
vn -0.89302 -0.38474 -0.23344
vn -0.91962 -0.38474 -0.07917
vn -0.94187 -0.22906 -0.24579
vn -0.96986 -0.22906 -0.08308
vn -0.96550 -0.06724 -0.25156
vn -0.99413 -0.06724 -0.08477
vn -0.96328 0.09637 -0.25059
vn -0.99178 0.09637 -0.08419
vn -0.93527 0.25741 -0.24291
vn -0.96287 0.25741 -0.08135
vn -0.88222 0.41155 -0.22873
vn -0.90818 0.41155 -0.07634
vn -0.80555 0.55467 -0.20842
vn -0.82918 0.55467 -0.06928
vn -0.70731 0.68293 -0.18253
vn -0.10993 0.98379 -0.14165
vn -0.08441 0.98379 -0.15819
vn -0.19311 0.94681 -0.25740
vn -0.14683 0.94681 -0.28633
vn -0.28223 0.88167 -0.37815
vn -0.21426 0.88167 -0.42041
vn -0.36381 0.79291 -0.48881
vn -0.27597 0.79291 -0.54326
vn -0.43565 0.68293 -0.58637
vn -0.33028 0.68293 -0.65156
vn -0.49581 0.55467 -0.66822
vn -0.37575 0.55467 -0.74240
vn -0.54271 0.41155 -0.73219
vn -0.41116 0.41155 -0.81337
vn -0.57507 0.25741 -0.77655
vn -0.43556 0.25741 -0.86257
vn -0.59205 0.09637 -0.80012
vn -0.44831 0.09637 -0.88867
vn -0.59316 -0.06724 -0.80227
vn -0.44905 -0.06724 -0.89097
vn -0.57840 -0.22906 -0.78294
vn -0.43776 -0.22906 -0.86942
vn -0.54814 -0.38474 -0.74264
vn -0.41475 -0.38474 -0.82459
vn -0.48015 -0.54590 -0.68662
vn -0.36088 -0.54059 -0.75995
vn -0.08778 -0.52849 -0.84439
vn -0.22548 -0.52943 -0.81784
vn -0.11636 -0.38474 -0.91566
vn -0.26943 -0.38474 -0.88283
vn -0.12312 -0.22906 -0.96560
vn -0.28453 -0.22906 -0.93090
vn -0.12658 -0.06724 -0.98968
vn -0.29201 -0.06724 -0.95405
vn -0.12665 0.09637 -0.98726
vn -0.29167 0.09637 -0.95165
vn -0.12333 0.25741 -0.95840
vn -0.28352 0.25741 -0.92377
vn -0.11671 0.41155 -0.90388
vn -0.26779 0.41155 -0.87116
vn -0.10696 0.55467 -0.82517
vn -0.24488 0.55467 -0.79522
vn -0.09436 0.68293 -0.72437
vn -0.21542 0.68293 -0.69800
vn -0.07922 0.79291 -0.60416
vn -0.18019 0.79291 -0.58208
vn -0.06197 0.88167 -0.46777
vn -0.14013 0.88167 -0.45057
vn -0.04306 0.94681 -0.31889
vn -0.09633 0.94681 -0.30703
vn -0.02689 0.98379 -0.17727
vn -0.05646 0.98379 -0.17018
vn 0.33368 -0.54070 -0.77220
vn 0.20056 -0.54556 -0.81372
vn 0.34498 -0.38474 -0.85613
vn 0.19533 -0.38474 -0.90212
vn 0.36343 -0.22906 -0.90302
vn 0.20560 -0.22906 -0.95145
vn 0.37216 -0.06724 -0.92573
vn 0.21035 -0.06724 -0.97531
vn 0.37092 0.09637 -0.92365
vn 0.20948 0.09637 -0.97305
vn 0.35974 0.25741 -0.89684
vn 0.20300 0.25741 -0.94474
vn 0.33893 0.41155 -0.84602
vn 0.19108 0.41155 -0.89113
vn 0.30905 0.55467 -0.77255
vn 0.17404 0.55467 -0.81366
vn 0.27090 0.68293 -0.67840
vn 0.15235 0.68293 -0.71442
vn 0.22548 0.79291 -0.56608
vn 0.12657 0.79291 -0.59604
vn 0.17403 0.88167 -0.43859
vn 0.09741 0.88167 -0.46170
vn 0.11793 0.94681 -0.29940
vn 0.06564 0.94681 -0.31502
vn 0.06298 0.98379 -0.16787
vn 0.03370 0.98379 -0.17610
vn 0.57654 -0.52873 -0.62294
vn 0.46575 -0.52975 -0.70883
vn 0.61049 -0.38474 -0.69230
vn 0.48471 -0.38474 -0.78552
vn 0.64351 -0.22906 -0.73036
vn 0.51082 -0.22906 -0.82861
vn 0.65930 -0.06724 -0.74887
vn 0.52325 -0.06724 -0.84952
vn 0.65743 0.09637 -0.74732
vn 0.52168 0.09637 -0.84768
vn 0.63796 0.25741 -0.72577
vn 0.50614 0.25741 -0.82315
vn 0.60142 0.41155 -0.68478
vn 0.47704 0.41155 -0.77657
vn 0.54876 0.55467 -0.62546
vn 0.43516 0.55467 -0.70921
vn 0.48142 0.68293 -0.54940
vn 0.38165 0.68293 -0.62286
vn 0.40119 0.79291 -0.45863
vn 0.31791 0.79291 -0.51983
vn 0.31020 0.88167 -0.35556
vn 0.24565 0.88167 -0.40287
vn 0.21094 0.94681 -0.24300
vn 0.16684 0.94681 -0.27516
vn 0.11531 0.98379 -0.13730
vn 0.09045 0.98379 -0.15482
vn 0.91763 -0.22906 0.32478
vn 0.90960 -0.38474 0.15687
vn 0.84834 -0.52899 0.02229
vn 0.34333 -0.38474 0.85680
vn 0.36245 -0.22906 0.90342
vn 0.37187 -0.06724 0.92585
vn 0.37133 0.09637 0.92349
vn 0.36085 0.25741 0.89640
vn 0.34070 0.41155 0.84531
vn 0.31144 0.55467 0.77159
vn -0.41635 -0.38474 0.82379
vn -0.43871 -0.22906 0.86895
vn -0.44932 -0.06724 0.89084
vn -0.44791 0.09638 0.88887
vn -0.43450 0.25741 0.86311
vn -0.40946 0.41155 0.81423
vn -0.37345 0.55467 0.74356
vn -0.32745 0.68293 0.65298
vn -0.27268 0.79291 0.54492
vn -0.21060 0.88167 0.42225
vn -0.14290 0.94681 0.28832
vn -0.18957 0.94681 0.26002
vn -0.27893 0.88167 0.38059
vn -0.36085 0.79291 0.49100
vn -0.43310 0.68293 0.58825
vn -0.49374 0.55467 0.66975
vn -0.54117 0.41155 0.73332
vn -0.57412 0.25741 0.77726
vn -0.59169 0.09637 0.80039
vn -0.59341 -0.06724 0.80208
vn -0.57925 -0.22906 0.78231
vn -0.54958 -0.38474 0.74158
vn -0.51895 -0.54535 0.65824
vn -0.89347 -0.38474 0.23172
vn -0.94214 -0.22906 0.24477
vn -0.96558 -0.06724 0.25126
vn -0.96317 0.09637 0.25102
vn -0.93497 0.25741 0.24406
vn -0.91978 -0.38474 0.07739
vn -0.96995 -0.22906 0.08203
vn -0.99416 -0.06724 0.08446
vn -0.99174 0.09637 0.08463
vn -0.96277 0.25741 0.08254
vn -0.90802 0.41155 0.07824
vn -0.76354 -0.52912 -0.37018
vn -0.84072 -0.38474 -0.38101
vn -0.88678 -0.22906 -0.40143
vn -0.90910 -0.06724 -0.41111
vn -0.90708 0.09637 -0.40978
vn -0.88077 0.25741 -0.39748
vn -0.83087 0.41155 -0.37453
vn -0.75873 0.55467 -0.34156
vn -0.66629 0.68293 -0.29945
vn -0.55600 0.79291 -0.24931
vn -0.76424 -0.38474 -0.51761
vn -0.80618 -0.22906 -0.54553
vn -0.82655 -0.06724 -0.55884
vn -0.82478 0.09637 -0.55718
vn -0.80093 0.25741 -0.54061
vn -0.75563 0.41155 -0.50956
vn -0.69010 0.55467 -0.46487
vn -0.60610 0.68293 -0.40774
vn -0.50587 0.79291 -0.33969
vn -0.39208 0.88167 -0.26253
vn -0.66577 -0.38474 -0.63932
vn -0.70239 -0.22906 -0.67392
vn -0.72021 -0.06724 -0.69049
vn -0.71875 0.09637 -0.68856
vn -0.69804 0.25741 -0.66819
vn -0.65864 0.41155 -0.62994
vn -0.60161 0.55467 -0.57481
vn -0.52847 0.68293 -0.50431
vn -0.44119 0.79291 -0.42029
vn -0.34208 0.88167 -0.32502
vn -0.23383 0.94681 -0.22106
vn 0.04006 -0.38474 -0.92216
vn 0.04184 -0.22906 -0.97251
vn 0.04250 -0.06724 -0.99683
vn 0.04202 0.09637 -0.99446
vn 0.04042 0.25741 -0.96546
vn 0.03773 0.41155 -0.91061
vn 0.03403 0.55467 -0.83137
vn 0.02942 0.68293 -0.72989
vn 0.02402 0.79291 -0.60886
vn 0.01798 0.88167 -0.47152
vn 0.01146 0.94681 -0.32158
vn 0.00346 0.98379 -0.17927
vn 0.71871 -0.38474 -0.57917
vn 0.75768 -0.22906 -0.61111
vn 0.77637 -0.06724 -0.62668
vn 0.77427 0.09637 -0.62547
vn 0.75144 0.25741 -0.60751
vn 0.70849 0.41155 -0.57329
vn 0.64657 0.55467 -0.52372
vn 0.56735 0.68293 -0.46014
vn 0.47292 0.79291 -0.38423
vn 0.36583 0.88167 -0.29802
vn 0.24897 0.94681 -0.20386
vn 0.13685 0.98379 -0.11584
vn -0.01865 0.98379 0.17833
vn 0.01586 0.94681 0.32139
vn 0.10141 0.88167 0.46083
vn 0.22890 0.79291 0.56471
vn 0.38435 0.68292 0.62120
vn 0.55069 0.55467 0.62376
vn 0.70969 0.41155 0.57181
vn 0.84389 0.25741 0.47074
vn 0.93856 0.09637 0.33138
vn 0.98336 -0.06724 0.16877
vn 0.97341 -0.22906 0.00053
vn 0.90990 -0.38474 -0.15511
vn -0.04852 0.98379 0.17261
vn -0.03869 0.94681 0.31945
vn 0.02208 0.88167 0.47134
vn 0.13017 0.79291 0.59527
vn 0.27384 0.68292 0.67722
vn 0.43735 0.55467 0.70786
vn 0.60285 0.41155 0.68352
vn 0.75219 0.25741 0.60659
vn 0.86906 0.09637 0.48523
vn 0.94069 -0.06724 0.33253
vn 0.95932 -0.22906 0.16503
vn 0.92303 -0.38474 0.00089
vn 0.27593 -0.44914 0.84979
vn 0.15498 -0.44914 0.87992
vn 0.00000 -1.00000 0.00000
vn 0.03847 -0.46428 0.88485
vn -0.10959 -0.37931 0.91876
vn 0.59771 -0.44914 0.66409
vn 0.49947 -0.44914 0.74081
vn 0.39151 -0.44914 0.80312
vn 0.80356 -0.44799 0.39192
vn 0.74119 -0.44799 0.49994
vn 0.62198 -0.54727 0.56003
vn 0.89349 -0.44799 0.03120
vn 0.88046 -0.44799 0.15525
vn 0.85028 -0.44799 0.27627
vn 0.82894 -0.44799 -0.33491
vn 0.86748 -0.44799 -0.21629
vn 0.88914 -0.44799 -0.09345
vn 0.62105 -0.44799 -0.64312
vn 0.65953 -0.54727 -0.51528
vn 0.78801 -0.37977 -0.48459
vn 0.30578 -0.44799 -0.84012
vn 0.41973 -0.44799 -0.78939
vn 0.52550 -0.44799 -0.72329
vn -0.09010 -0.37977 -0.92068
vn 0.06237 -0.44799 -0.89186
vn 0.18588 -0.44799 -0.87450
vn -0.44658 -0.44914 -0.77385
vn -0.33453 -0.44914 -0.82847
vn -0.21598 -0.44914 -0.86697
vn -0.72272 -0.44914 -0.52531
vn -0.64258 -0.44914 -0.62078
vn -0.54993 -0.44914 -0.70417
vn -0.87390 -0.44914 -0.18593
vn -0.83952 -0.44914 -0.30575
vn -0.78880 -0.44914 -0.41961
vn -0.87398 -0.44914 0.18559
vn -0.89130 -0.44914 0.06215
vn -0.89127 -0.44914 -0.06250
vn -0.72293 -0.44914 0.52502
vn -0.78896 -0.44914 0.41930
vn -0.83964 -0.44914 0.30542
vn -0.44688 -0.44914 0.77367
vn -0.55021 -0.44914 0.70395
vn -0.64283 -0.44914 0.62053
vn -0.23070 -0.54727 0.80454
vn -0.33486 -0.44914 0.82834
vn -0.00971 0.52331 0.85208
vn -0.05653 0.69407 0.71768
vn -0.10696 0.64626 0.75558
vn -0.17770 0.54146 0.82173
vn -0.24460 0.52766 0.81348
vn -0.26619 0.62586 0.73311
vn -0.35227 0.52694 0.77346
vn -0.33319 0.68929 0.64332
vn -0.46045 0.52769 0.71381
vn -0.45914 0.62602 0.63031
vn -0.55272 0.52731 0.64533
vn -0.49949 0.68930 0.52476
vn -0.64026 0.52761 0.55829
vn -0.61605 0.62605 0.47806
vn -0.70980 0.52756 0.46677
vn -0.62608 0.68930 0.36453
vn -0.76989 0.52763 0.35899
vn -0.72463 0.62596 0.28825
vn -0.81128 0.52769 0.25174
vn -0.75669 0.62592 0.18882
vn -0.83821 0.52706 0.14007
vn -0.71974 0.68930 0.08277
vn -0.84929 0.52766 0.01705
vn -0.77926 0.62604 -0.02863
vn -0.84398 0.52739 -0.09774
vn -0.71423 0.68930 -0.12138
vn -0.82078 0.52761 -0.21897
vn -0.74069 0.62604 -0.24384
vn -0.78371 0.52761 -0.32778
vn -0.70163 0.62575 -0.34080
vn -0.73281 0.52675 -0.43073
vn -0.60091 0.68945 -0.40444
vn -0.66212 0.52770 -0.53210
vn -0.57935 0.62597 -0.52204
vn -0.58451 0.52717 -0.61680
vn -0.47052 0.68930 -0.55089
vn -0.48876 0.52763 -0.69478
vn -0.41163 0.62606 -0.66228
vn -0.39055 0.52746 -0.75449
vn -0.29809 0.68930 -0.66030
vn -0.27708 0.52761 -0.80303
vn -0.21159 0.62602 -0.75056
vn -0.16612 0.52764 -0.83306
vn -0.10936 0.62583 -0.77226
vn -0.06119 0.64538 -0.76141
vn -0.00422 0.54039 -0.84140
vn 0.05115 0.64635 -0.76132
vn 0.11751 0.54147 -0.83247
vn 0.15255 0.64582 -0.74809
vn 0.21310 0.61289 -0.76089
vn 0.26049 0.64626 -0.71729
vn 0.34360 0.54151 -0.76727
vn 0.35412 0.64613 -0.67610
vn 0.41646 0.61289 -0.67151
vn 0.44934 0.64627 -0.61679
vn 0.54283 0.54145 -0.64201
vn 0.52779 0.64630 -0.55112
vn 0.62455 0.54137 -0.56290
vn 0.67424 0.52700 -0.51736
vn 0.59642 0.68929 -0.41129
vn 0.66002 0.64631 -0.38296
vn 0.75601 0.54149 -0.36775
vn 0.70560 0.64592 -0.29140
vn 0.75017 0.61289 -0.24822
vn 0.74043 0.64625 -0.18472
vn 0.82830 0.54151 -0.14382
vn 0.75853 0.64619 -0.08404
vn 0.78961 0.61289 -0.02962
vn 0.76257 0.64630 0.02805
vn 0.83578 0.54141 0.09141
vn 0.75194 0.64633 0.12980
vn 0.81579 0.54142 0.20335
vn 0.72839 0.64565 0.22930
vn 0.73480 0.61289 0.29058
vn 0.68639 0.64628 0.33344
vn 0.72744 0.54151 0.42143
vn 0.63584 0.64601 0.42235
vn 0.62488 0.61289 0.48362
vn 0.62177 0.52761 0.57881
vn 0.53935 0.62603 0.56320
vn 0.53793 0.52763 0.65745
vn 0.45931 0.62579 0.63041
vn 0.44462 0.52682 0.72441
vn 0.34040 0.68938 0.63944
vn 0.33464 0.52771 0.78073
vn 0.26623 0.62599 0.73298
vn 0.22632 0.52722 0.81904
vn 0.15646 0.68930 0.70738
vn 0.10518 0.52763 0.84294
vn 0.06454 0.61936 0.78245
vn -0.61984 0.04145 -0.78363
vn -0.51683 0.39224 -0.76094
vn -0.46520 0.39306 -0.79316
vn -0.47864 0.03997 -0.87710
vn -0.80022 0.04157 -0.59826
vn -0.71401 0.39166 -0.58034
vn -0.67384 0.39246 -0.62603
vn -0.71101 0.03921 -0.70209
vn -0.63750 -0.31441 -0.70338
vn -0.97662 0.04137 -0.21093
vn -0.88267 0.39250 -0.25854
vn -0.93863 0.04190 -0.34238
vn -0.85105 0.39084 -0.35065
vn -0.89787 0.04068 -0.43838
vn -0.87480 0.03828 -0.48297
vn -0.83074 0.04239 -0.55504
vn -0.99598 0.04146 0.07938
vn -0.91990 0.39210 0.00623
vn -0.91793 0.39296 -0.05459
vn -0.99515 0.03977 -0.08999
vn -0.93905 -0.31429 -0.13930
vn -0.88801 0.04121 0.45798
vn -0.84556 0.39263 0.36176
vn -0.94223 0.04171 0.33236
vn -0.87952 0.39145 0.27057
vn -0.97176 0.04130 0.23233
vn -0.90445 0.38844 0.17631
vn -0.93899 -0.31447 0.13929
vn -0.71842 0.04141 0.69437
vn -0.70585 0.39241 0.58973
vn -0.74307 0.39310 0.54159
vn -0.82539 0.04025 0.56313
vn -0.81429 -0.31421 0.48806
vn -0.48792 0.04146 0.87191
vn -0.50655 0.39194 0.76798
vn -0.55600 0.39280 0.73251
vn -0.62823 0.03956 0.77702
vn -0.63752 -0.31433 0.70339
vn -0.11321 0.04128 0.99271
vn -0.16969 0.39260 0.90392
vn -0.24777 0.04181 0.96792
vn -0.26441 0.39122 0.88149
vn -0.34733 0.04108 0.93684
vn -0.35664 0.38801 0.84985
vn -0.40587 -0.31453 0.85810
vn 0.17757 0.04144 0.98323
vn 0.09746 0.39230 0.91466
vn 0.04264 0.39571 0.91738
vn 0.00355 0.04304 0.99907
vn -0.04658 -0.31424 0.94820
vn 0.42403 0.04149 0.90470
vn 0.35646 0.39176 0.84821
vn 0.29950 0.39259 0.86958
vn 0.29641 0.03933 0.95425
vn 0.23066 -0.31438 0.92085
vn 0.76209 0.04134 0.64615
vn 0.65682 0.39254 0.64382
vn 0.66665 0.04188 0.74419
vn 0.58552 0.39097 0.71014
vn 0.58547 0.04083 0.80967
vn 0.54411 0.03842 0.83813
vn 0.47101 0.04241 0.88111
vn 0.91592 0.04146 0.39920
vn 0.81436 0.39217 0.42780
vn 0.78398 0.39301 0.48053
vn 0.83540 0.03988 0.54819
vn 0.76251 -0.31427 0.56552
vn 0.99905 0.04117 0.01436
vn 0.91627 0.39264 0.07919
vn 0.98770 0.04164 0.15073
vn 0.90324 0.39156 0.17560
vn 0.88935 0.39232 0.23483
vn 0.95793 0.03909 0.28434
vn 0.89379 -0.31444 0.31980
vn 0.96083 0.04139 -0.27403
vn 0.90041 0.39246 -0.18772
vn 0.98924 0.04191 -0.14019
vn 0.91595 0.39070 -0.09157
vn 0.94821 -0.31420 -0.04658
vn 0.84114 0.04146 -0.53923
vn 0.80855 0.39202 -0.43882
vn 0.83546 0.39289 -0.38424
vn 0.92020 0.03967 -0.38944
vn 0.89383 -0.31431 -0.31982
vn 0.56753 0.04125 -0.82232
vn 0.57547 0.39262 -0.71742
vn 0.67454 0.04176 -0.73705
vn 0.64842 0.39134 -0.65299
vn 0.74772 0.04120 -0.66274
vn 0.71484 0.38823 -0.58161
vn 0.76245 -0.31450 -0.56547
vn 0.30658 0.04143 -0.95094
vn 0.34486 0.39236 -0.85272
vn 0.40036 0.39310 -0.82776
vn 0.46277 0.04016 -0.88557
vn 0.48806 -0.31423 -0.81428
vn -0.40589 -0.31426 -0.85819
vn -0.36781 0.04131 -0.92898
vn -0.27611 0.39257 -0.87730
vn -0.23744 0.04185 -0.97050
vn -0.18198 0.39110 -0.90218
vn -0.13498 0.04096 -0.99000
vn -0.08509 0.03856 -0.99563
vn 0.01959 0.04145 -0.99895
vn 0.08509 0.39185 -0.91608
vn 0.14541 0.39270 -0.90810
vn 0.18809 0.03945 -0.98136
vn 0.23066 -0.31436 -0.92086
vn 0.04753 -0.83087 0.55443
vn 0.15756 -0.81899 0.55176
vn 0.26184 -0.82584 0.49943
vn 0.35424 -0.82584 0.43875
vn 0.39554 -0.82584 0.40191
vn 0.47182 -0.81899 0.32656
vn 0.54630 -0.81899 0.17554
vn 0.56073 -0.82584 0.05976
vn 0.56161 -0.82584 -0.05078
vn 0.55393 -0.82584 -0.10559
vn 0.53366 -0.81899 -0.21088
vn 0.43875 -0.82584 -0.35424
vn 0.40191 -0.82584 -0.39554
vn 0.36121 -0.82584 -0.43303
vn 0.27874 -0.81899 -0.50156
vn 0.12114 -0.81899 -0.56088
vn -0.10559 -0.82584 -0.55393
vn -0.15937 -0.82584 -0.54091
vn -0.26217 -0.81899 -0.51042
vn -0.39905 -0.81899 -0.41234
vn -0.46635 -0.82584 -0.31703
vn -0.51924 -0.82584 -0.21995
vn -0.53830 -0.82584 -0.16800
vn -0.57005 -0.81899 -0.06559
vn -0.55393 -0.82584 0.10559
vn -0.54091 -0.82584 0.15937
vn -0.52269 -0.82584 0.21162
vn -0.48226 -0.81899 0.31094
vn -0.37124 -0.81899 0.43754
vn -0.21995 -0.82584 0.51924
vn -0.16800 -0.82584 0.53830
vn 0.06654 0.89126 0.44858
vn 0.08075 0.57885 0.81143
vn 0.01861 0.98527 0.16997
vn 0.28148 0.43420 0.85571
vn 0.22933 0.62638 0.74502
vn 0.05141 0.98527 0.16308
vn 0.21957 0.86728 0.44679
vn 0.29484 0.62614 0.72182
vn 0.06715 0.98527 0.15725
vn 0.57879 0.11787 0.80691
vn 0.42674 0.66036 0.61792
vn 0.09193 0.98677 0.13354
vn 0.70756 0.62359 0.33240
vn 0.65402 0.66445 0.36161
vn 0.15167 0.98527 0.07896
vn 0.47457 0.86423 0.16700
vn 0.71703 0.62371 0.31121
vn 0.15868 0.98527 0.06371
vn 0.92090 -0.36912 0.12532
vn 0.77762 0.60781 0.16082
vn 0.15943 0.98677 0.02942
vn 0.47457 0.86423 -0.16700
vn 0.51094 0.84435 -0.16127
vn 0.16308 0.98527 -0.05141
vn 0.56210 0.78318 -0.26585
vn 0.71703 0.62371 -0.31121
vn 0.15725 0.98527 -0.06715
vn 0.69232 0.50276 -0.51762
vn 0.64596 0.63922 -0.41729
vn 0.13354 0.98677 -0.09193
vn 0.21958 0.86727 -0.44680
vn 0.23127 0.86637 -0.44263
vn 0.07896 0.98527 -0.15167
vn 0.28148 0.43421 -0.85570
vn 0.29484 0.62614 -0.72182
vn 0.06371 0.98527 -0.15868
vn 0.07948 0.84058 -0.53583
vn 0.11508 0.76842 -0.62951
vn 0.02942 0.98677 -0.15943
vn -0.06654 0.89128 -0.44854
vn -0.08074 0.57888 -0.81141
vn -0.01861 0.98527 -0.16997
vn -0.28148 0.43421 -0.85570
vn -0.22933 0.62638 -0.74502
vn -0.05141 0.98527 -0.16308
vn -0.21959 0.86726 -0.44681
vn -0.29484 0.62614 -0.72182
vn -0.06715 0.98527 -0.15725
vn -0.57879 0.11791 -0.80691
vn -0.42674 0.66036 -0.61792
vn -0.09193 0.98677 -0.13354
vn -0.70753 0.62363 -0.33239
vn -0.65404 0.66443 -0.36162
vn -0.15167 0.98527 -0.07896
vn -0.47459 0.86422 -0.16700
vn -0.71702 0.62373 -0.31120
vn -0.15868 0.98527 -0.06371
vn -0.92090 -0.36911 -0.12532
vn -0.77763 0.60780 -0.16082
vn -0.15943 0.98677 -0.02942
vn -0.16308 0.98527 0.05141
vn -0.51096 0.84434 0.16128
vn -0.58511 0.80164 0.12259
vn -0.13354 0.98677 0.09193
vn -0.64596 0.63923 0.41728
vn -0.65599 0.67532 0.33708
vn -0.69229 0.50282 0.51760
vn -0.52080 0.45053 0.72511
vn -0.50260 0.61784 0.60471
vn -0.10703 0.98527 0.13335
vn -0.21958 0.86727 0.44680
vn -0.23127 0.86637 0.44263
vn -0.07896 0.98527 0.15167
vn -0.28148 0.43420 0.85571
vn -0.29484 0.62614 0.72182
vn -0.06371 0.98527 0.15868
vn -0.01694 0.97994 0.19857
vn -0.05901 0.86467 0.49887
vn -0.02942 0.98677 0.15943
vn -0.07949 0.84053 0.53590
vn -0.11508 0.76840 0.62954
vn -0.41263 0.81656 0.40369
vn -0.40708 0.85418 0.32351
vn -0.12830 0.98315 0.13021
vn -0.15239 0.97994 0.12844
vn -0.24251 0.93888 0.24433
vn -0.15725 0.98527 0.06715
vn -0.71702 0.62373 0.31120
vn -0.47459 0.86422 0.16700
vn -0.45890 0.88720 -0.04769
vn -0.29649 0.88569 -0.35728
vn 0.05901 0.86468 -0.49885
vn 0.40709 0.85418 -0.32351
vn 0.45890 0.88720 0.04769
vn 0.29650 0.88569 0.35728
vn -0.21739 0.93888 0.26693
vn -0.31378 0.86829 0.38422
vn -0.33705 0.80299 0.49153
vn -0.10043 0.98315 0.15273
vn -0.19018 0.93888 0.28695
vn -0.27460 0.86829 0.41312
vn -0.35133 0.77336 0.52772
vn -0.16114 0.93888 0.30421
vn -0.23279 0.86829 0.43805
vn -0.29791 0.77336 0.55961
vn -0.35469 0.65675 0.66549
vn -0.13055 0.93888 0.31854
vn -0.18873 0.86829 0.45876
vn -0.24163 0.77336 0.58612
vn -0.28775 0.65675 0.69705
vn -0.32581 0.52173 0.78844
vn -0.18390 0.77644 0.60277
vn -0.05177 0.98315 0.17531
vn -0.09869 0.93888 0.32980
vn -0.14286 0.86829 0.47505
vn -0.18301 0.77336 0.60698
vn -0.21804 0.65675 0.72190
vn -0.24696 0.52173 0.81658
vn -0.26895 0.37209 0.88838
vn -0.06589 0.93888 0.33789
vn -0.09561 0.86829 0.48676
vn -0.12264 0.77336 0.62199
vn -0.14623 0.65675 0.73979
vn -0.16573 0.52173 0.83686
vn -0.18058 0.37209 0.91046
vn -0.19037 0.21202 0.95854
vn -0.03246 0.93888 0.34272
vn -0.04743 0.86829 0.49379
vn -0.06108 0.77336 0.63102
vn -0.07302 0.65675 0.75056
vn -0.08291 0.52173 0.84907
vn -0.09047 0.37209 0.92378
vn -0.09550 0.21202 0.97259
vn -0.09785 0.04600 0.99414
vn -0.09746 -0.12131 0.98782
vn -0.19482 0.04600 0.97976
vn -0.28341 0.21202 0.93527
vn -0.35473 0.37209 0.85774
vn -0.40152 0.52173 0.75271
vn -0.41821 0.65675 0.62752
vn -0.40136 0.77336 0.49074
vn -0.34992 0.86829 0.35161
vn -0.26529 0.93888 0.21939
vn -0.09434 -0.28521 0.95381
vn -0.19381 -0.12131 0.97351
vn -0.28992 0.04600 0.95595
vn -0.37371 0.21202 0.90299
vn -0.43710 0.37209 0.81884
vn -0.47337 0.52173 0.70973
vn -0.47770 0.65675 0.58351
vn -0.44753 0.77336 0.44904
vn -0.38270 0.86829 0.31562
vn -0.28552 0.93888 0.19233
vn -0.16057 0.98315 0.08736
vn -0.56207 0.78321 0.26584
vn -0.08857 -0.44112 0.89307
vn -0.18737 -0.28521 0.93997
vn -0.28830 -0.12130 0.94983
vn -0.38222 0.04600 0.92293
vn -0.46042 0.21202 0.86201
vn -0.51525 0.37209 0.77205
vn -0.54065 0.52173 0.65992
vn -0.53260 0.65675 0.53387
vn -0.48939 0.77336 0.40301
vn -0.41180 0.86829 0.27659
vn -0.30299 0.93888 0.16342
vn -0.08032 -0.58467 0.80729
vn -0.17568 -0.44112 0.88008
vn -0.27860 -0.28521 0.91708
vn -0.38001 -0.12131 0.91699
vn -0.47084 0.04600 0.88102
vn -0.54270 0.21202 0.81273
vn -0.58845 0.37209 0.71783
vn -0.60273 0.52173 0.60375
vn -0.58236 0.65675 0.47910
vn -0.52654 0.77336 0.35310
vn -0.43692 0.86829 0.23489
vn -0.31755 0.93888 0.13293
vn -0.00703 0.78083 0.62470
vn 0.00135 0.98315 0.18279
vn 0.00129 0.93888 0.34425
vn 0.00119 0.86829 0.49606
vn 0.00106 0.77336 0.63397
vn 0.00090 0.65675 0.75411
vn 0.00072 0.52173 0.85311
vn 0.00051 0.37209 0.92820
vn 0.00029 0.21202 0.97727
vn 0.00006 0.04600 0.99894
vn -0.00017 -0.12131 0.99262
vn -0.00039 -0.28521 0.95846
vn -0.00061 -0.44112 0.89745
vn -0.00080 -0.58467 0.81127
vn -0.00098 -0.71182 0.70236
vn 0.03503 0.93888 0.34246
vn 0.04981 0.86829 0.49356
vn 0.06320 0.77336 0.63081
vn 0.07481 0.65675 0.75039
vn 0.08433 0.52173 0.84893
vn 0.09149 0.37209 0.92368
vn 0.09608 0.21202 0.97253
vn 0.09798 0.04600 0.99413
vn 0.09713 -0.12131 0.98785
vn 0.09356 -0.28521 0.95389
vn 0.08736 -0.44112 0.89319
vn 0.07872 -0.58467 0.80745
vn 0.06787 -0.71182 0.69907
vn -0.06982 -0.71182 0.69888
vn -0.05736 -0.81902 0.57089
vn -0.00940 -0.81899 0.57373
vn -0.11443 -0.82584 0.55217
vn -0.13798 -0.71182 0.68867
vn -0.15906 -0.58467 0.79553
vn -0.31499 -0.83087 0.45873
vn -0.44633 -0.71182 0.54231
vn -0.39102 -0.71182 0.58345
vn -0.51529 -0.58467 0.62661
vn -0.45139 -0.58467 0.67410
vn -0.56980 -0.44112 0.69335
vn -0.49910 -0.44112 0.74586
vn -0.60835 -0.28521 0.74065
vn -0.53282 -0.28521 0.79672
vn -0.62984 -0.12131 0.76720
vn -0.55161 -0.12130 0.82524
vn -0.63367 0.04600 0.77223
vn -0.55493 0.04600 0.83062
vn -0.61975 0.21202 0.75562
vn -0.43459 -0.83087 0.34755
vn -0.58453 -0.71182 0.38940
vn -0.54355 -0.71182 0.44482
vn -0.67500 -0.58467 0.45005
vn -0.62763 -0.58467 0.51405
vn -0.74654 -0.44112 0.49809
vn -0.69412 -0.44112 0.56887
vn -0.79715 -0.28521 0.53217
vn -0.74115 -0.28521 0.60774
vn -0.82542 -0.12131 0.55133
vn -0.76741 -0.12131 0.62958
vn -0.83055 0.04600 0.55503
vn -0.77215 0.04600 0.63377
vn -0.81241 0.21202 0.54318
vn -0.75525 0.21202 0.62020
vn -0.77148 0.37209 0.51610
vn -0.71718 0.37209 0.58924
vn -0.70894 0.52173 0.47456
vn -0.65901 0.52173 0.54176
vn -0.62652 0.65675 0.41971
vn -0.18279 0.98315 0.00135
vn -0.19857 0.97994 -0.01694
vn -0.34425 0.93888 0.00129
vn -0.34272 0.93888 -0.03246
vn -0.49606 0.86829 0.00119
vn -0.49379 0.86829 -0.04743
vn -0.63397 0.77336 0.00106
vn -0.63102 0.77336 -0.06108
vn -0.75411 0.65675 0.00090
vn -0.75056 0.65675 -0.07302
vn -0.85311 0.52173 0.00072
vn -0.84907 0.52173 -0.08291
vn -0.92820 0.37209 0.00051
vn -0.92378 0.37209 -0.09047
vn -0.97727 0.21202 0.00029
vn -0.97259 0.21202 -0.09550
vn -0.99894 0.04600 0.00006
vn -0.99414 0.04600 -0.09785
vn -0.99262 -0.12131 -0.00017
vn -0.98782 -0.12131 -0.09746
vn -0.95846 -0.28521 -0.00039
vn -0.95381 -0.28521 -0.09434
vn -0.89745 -0.44112 -0.00061
vn -0.89307 -0.44112 -0.08857
vn -0.81127 -0.58467 -0.00080
vn -0.80729 -0.58467 -0.08032
vn -0.70236 -0.71182 -0.00098
vn -0.69888 -0.71182 -0.06982
vn -0.55642 -0.83087 -0.00704
vn -0.13335 0.98527 -0.10703
vn -0.13021 0.98315 -0.12830
vn -0.26693 0.93888 -0.21739
vn -0.24433 0.93888 -0.24251
vn -0.38422 0.86829 -0.31378
vn -0.35161 0.86829 -0.34992
vn -0.49074 0.77336 -0.40136
vn -0.44904 0.77336 -0.44753
vn -0.58351 0.65675 -0.47770
vn -0.53387 0.65675 -0.53260
vn -0.65992 0.52173 -0.54065
vn -0.60375 0.52173 -0.60273
vn -0.71783 0.37209 -0.58845
vn -0.65669 0.37209 -0.65597
vn -0.75562 0.21202 -0.61975
vn -0.69124 0.21202 -0.69083
vn -0.77223 0.04600 -0.63367
vn -0.70640 0.04600 -0.70631
vn -0.76720 -0.12131 -0.62984
vn -0.70177 -0.12131 -0.70200
vn -0.74065 -0.28521 -0.60835
vn -0.67746 -0.28521 -0.67801
vn -0.69335 -0.44112 -0.56980
vn -0.63416 -0.44112 -0.63502
vn -0.62661 -0.58467 -0.51529
vn -0.57309 -0.58467 -0.57422
vn -0.54231 -0.71182 -0.44633
vn -0.49595 -0.71182 -0.49734
vn -0.42565 -0.83087 -0.35844
vn -0.19133 0.91189 -0.36312
vn -0.08736 0.98315 -0.16057
vn -0.19233 0.93888 -0.28552
vn -0.16342 0.93888 -0.30299
vn -0.27659 0.86829 -0.41180
vn -0.23489 0.86829 -0.43692
vn -0.35310 0.77336 -0.52654
vn -0.29979 0.77336 -0.55861
vn -0.41971 0.65675 -0.62652
vn -0.35628 0.65675 -0.66464
vn -0.47456 0.52173 -0.70894
vn -0.40278 0.52173 -0.75204
vn -0.51610 0.37209 -0.77148
vn -0.43800 0.37209 -0.81836
vn -0.54318 0.21202 -0.81241
vn -0.46094 0.21202 -0.86173
vn -0.55503 0.04600 -0.83055
vn -0.47095 0.04600 -0.88096
vn -0.55133 -0.12131 -0.82542
vn -0.46777 -0.12131 -0.87549
vn -0.53217 -0.28521 -0.79715
vn -0.45147 -0.28521 -0.84547
vn -0.49809 -0.44112 -0.74654
vn -0.42252 -0.44112 -0.79176
vn -0.45005 -0.58467 -0.67500
vn -0.38172 -0.58467 -0.71586
vn -0.38940 -0.71182 -0.58453
vn -0.33023 -0.71182 -0.61989
vn -0.30327 -0.83087 -0.46656
vn 0.06155 -0.83087 -0.55305
vn 0.13798 -0.71182 -0.68867
vn 0.06982 -0.71182 -0.69888
vn 0.15906 -0.58467 -0.79553
vn 0.08032 -0.58467 -0.80729
vn 0.17568 -0.44112 -0.88008
vn 0.08857 -0.44112 -0.89307
vn 0.18737 -0.28521 -0.93997
vn 0.09434 -0.28521 -0.95381
vn 0.19381 -0.12131 -0.97351
vn 0.09746 -0.12131 -0.98782
vn 0.19482 0.04600 -0.97976
vn 0.09785 0.04600 -0.99414
vn 0.19037 0.21202 -0.95854
vn 0.09550 0.21202 -0.97259
vn 0.18058 0.37209 -0.91046
vn 0.09047 0.37209 -0.92378
vn 0.16573 0.52173 -0.83686
vn 0.08291 0.52173 -0.84907
vn 0.14623 0.65675 -0.73979
vn 0.07302 0.65675 -0.75056
vn 0.12264 0.77336 -0.62200
vn 0.06108 0.77336 -0.63102
vn 0.09561 0.86829 -0.48676
vn 0.04743 0.86829 -0.49379
vn 0.06589 0.93888 -0.33789
vn 0.03246 0.93888 -0.34272
vn 0.01694 0.97994 -0.19857
vn 0.13055 0.93888 -0.31854
vn 0.16114 0.93888 -0.30421
vn 0.18873 0.86829 -0.45876
vn 0.23279 0.86829 -0.43805
vn 0.24163 0.77336 -0.58612
vn 0.29791 0.77336 -0.55961
vn 0.28775 0.65675 -0.69705
vn 0.35469 0.65675 -0.66549
vn 0.32581 0.52173 -0.78844
vn 0.40152 0.52173 -0.75271
vn 0.35473 0.37209 -0.85774
vn 0.43710 0.37209 -0.81884
vn 0.37371 0.21202 -0.90299
vn 0.46042 0.21202 -0.86201
vn 0.38222 0.04600 -0.92293
vn 0.47084 0.04600 -0.88102
vn 0.38001 -0.12131 -0.91699
vn 0.46806 -0.12131 -0.87533
vn 0.36715 -0.28521 -0.88536
vn 0.45216 -0.28521 -0.84511
vn 0.34400 -0.44112 -0.82890
vn 0.42359 -0.44112 -0.79119
vn 0.31120 -0.58467 -0.74921
vn 0.38314 -0.58467 -0.71510
vn 0.26969 -0.71182 -0.64852
vn 0.33195 -0.71182 -0.61897
vn 0.21944 -0.83087 -0.51137
vn 0.65603 0.67527 -0.33710
vn 0.16057 0.98315 -0.08736
vn 0.30299 0.93888 -0.16342
vn 0.31755 0.93888 -0.13293
vn 0.43692 0.86829 -0.23489
vn 0.45784 0.86829 -0.19094
vn 0.55861 0.77336 -0.29979
vn 0.58530 0.77336 -0.24359
vn 0.66464 0.65675 -0.35628
vn 0.69636 0.65675 -0.28942
vn 0.75204 0.52173 -0.40278
vn 0.78789 0.52173 -0.32713
vn 0.81836 0.37209 -0.43800
vn 0.85735 0.37209 -0.35568
vn 0.86173 0.21202 -0.46094
vn 0.90276 0.21202 -0.37425
vn 0.88096 0.04600 -0.47095
vn 0.92288 0.04600 -0.38234
vn 0.87549 -0.12131 -0.46777
vn 0.91712 -0.12131 -0.37970
vn 0.84547 -0.28521 -0.45147
vn 0.88566 -0.28521 -0.36643
vn 0.79176 -0.44112 -0.42252
vn 0.82936 -0.44112 -0.34288
vn 0.71586 -0.58467 -0.38172
vn 0.74983 -0.58467 -0.30972
vn 0.61989 -0.71182 -0.33023
vn 0.64927 -0.71182 -0.26788
vn 0.49404 -0.83087 -0.25608
vn 0.42304 0.89644 0.13203
vn 0.17531 0.98315 0.05177
vn 0.33789 0.93888 0.06589
vn 0.32980 0.93888 0.09869
vn 0.48676 0.86829 0.09561
vn 0.47505 0.86829 0.14286
vn 0.62199 0.77336 0.12264
vn 0.60698 0.77336 0.18301
vn 0.73979 0.65675 0.14623
vn 0.72190 0.65675 0.21804
vn 0.83686 0.52173 0.16573
vn 0.81658 0.52173 0.24696
vn 0.91046 0.37209 0.18058
vn 0.88838 0.37209 0.26895
vn 0.95854 0.21202 0.19037
vn 0.93527 0.21202 0.28341
vn 0.97976 0.04600 0.19482
vn 0.95595 0.04600 0.28992
vn 0.97351 -0.12131 0.19381
vn 0.94983 -0.12130 0.28830
vn 0.93997 -0.28521 0.18737
vn 0.91708 -0.28521 0.27860
vn 0.88008 -0.44112 0.17568
vn 0.85863 -0.44112 0.26109
vn 0.79553 -0.58467 0.15906
vn 0.77611 -0.58467 0.23627
vn 0.68867 -0.71182 0.13798
vn 0.67183 -0.71182 0.20482
vn 0.54436 -0.83087 0.11546
vn 0.56149 0.72989 0.38985
vn 0.15273 0.98315 0.10043
vn 0.30421 0.93888 0.16114
vn 0.28695 0.93888 0.19018
vn 0.43805 0.86829 0.23279
vn 0.41312 0.86829 0.27460
vn 0.55961 0.77336 0.29791
vn 0.52772 0.77336 0.35133
vn 0.66549 0.65675 0.35469
vn 0.62752 0.65675 0.41821
vn 0.75271 0.52173 0.40152
vn 0.70973 0.52173 0.47337
vn 0.81884 0.37209 0.43710
vn 0.77205 0.37209 0.51525
vn 0.86201 0.21202 0.46042
vn 0.81273 0.21202 0.54270
vn 0.88102 0.04600 0.47084
vn 0.83062 0.04600 0.55493
vn 0.87533 -0.12131 0.46806
vn 0.82524 -0.12130 0.55161
vn 0.84511 -0.28521 0.45216
vn 0.79672 -0.28521 0.53282
vn 0.79119 -0.44112 0.42359
vn 0.74586 -0.44112 0.49910
vn 0.71510 -0.58467 0.38314
vn 0.67410 -0.58467 0.45139
vn 0.61897 -0.71182 0.33195
vn 0.58345 -0.71182 0.39102
vn 0.48740 -0.83087 0.26851
vn 0.13293 0.93888 0.31755
vn 0.10117 0.93888 0.32905
vn 0.19094 0.86829 0.45784
vn 0.14514 0.86829 0.47435
vn 0.24359 0.77336 0.58530
vn 0.18505 0.77336 0.60636
vn 0.28942 0.65675 0.69636
vn 0.21977 0.65675 0.72137
vn 0.32713 0.52173 0.78789
vn 0.24833 0.52173 0.81617
vn 0.35568 0.37209 0.85735
vn 0.26993 0.37209 0.88808
vn 0.37425 0.21202 0.90276
vn 0.28396 0.21202 0.93510
vn 0.38234 0.04600 0.92288
vn 0.29004 0.04600 0.95591
vn 0.37970 -0.12131 0.91712
vn 0.28798 -0.12130 0.94992
vn 0.36643 -0.28521 0.88566
vn 0.27785 -0.28521 0.91731
vn 0.34288 -0.44112 0.82936
vn 0.25994 -0.44112 0.85898
vn 0.30972 -0.58467 0.74983
vn 0.23473 -0.58467 0.77657
vn 0.26788 -0.71182 0.64927
vn 0.20295 -0.71182 0.67240
vn 0.20643 -0.83087 0.51676
vn -0.20482 -0.71182 0.67183
vn -0.23627 -0.58467 0.77611
vn -0.26109 -0.44112 0.85863
vn -0.26969 -0.71182 0.64852
vn -0.31120 -0.58467 0.74921
vn -0.34400 -0.44112 0.82890
vn -0.36715 -0.28521 0.88536
vn -0.27147 -0.81902 0.50548
vn -0.33195 -0.71182 0.61897
vn -0.38314 -0.58467 0.71510
vn -0.42359 -0.44112 0.79119
vn -0.45216 -0.28521 0.84511
vn -0.46806 -0.12131 0.87533
vn -0.40651 -0.81902 0.40491
vn -0.49734 -0.71182 0.49595
vn -0.57423 -0.58467 0.57309
vn -0.63502 -0.44112 0.63416
vn -0.67801 -0.28521 0.67746
vn -0.70200 -0.12131 0.70177
vn -0.70631 0.04600 0.70640
vn -0.69083 0.21202 0.69124
vn -0.65597 0.37209 0.65669
vn -0.50654 -0.81902 0.26948
vn -0.61989 -0.71182 0.33023
vn -0.71586 -0.58467 0.38172
vn -0.79176 -0.44112 0.42252
vn -0.84547 -0.28521 0.45147
vn -0.87549 -0.12131 0.46777
vn -0.88096 0.04600 0.47095
vn -0.86173 0.21202 0.46094
vn -0.81836 0.37209 0.43800
vn -0.75204 0.52173 0.40278
vn -0.66464 0.65675 0.35628
vn -0.55861 0.77336 0.29979
vn -0.64927 -0.71182 0.26788
vn -0.74983 -0.58467 0.30972
vn -0.82936 -0.44112 0.34288
vn -0.88566 -0.28521 0.36643
vn -0.91712 -0.12131 0.37970
vn -0.92288 0.04600 0.38234
vn -0.90276 0.21202 0.37425
vn -0.85735 0.37209 0.35568
vn -0.78790 0.52173 0.32713
vn -0.69636 0.65675 0.28942
vn -0.58530 0.77336 0.24359
vn -0.45784 0.86829 0.19094
vn -0.67240 -0.71182 0.20295
vn -0.77657 -0.58467 0.23473
vn -0.85898 -0.44112 0.25994
vn -0.91731 -0.28521 0.27785
vn -0.94992 -0.12131 0.28798
vn -0.95591 0.04600 0.29004
vn -0.93510 0.21202 0.28396
vn -0.88808 0.37209 0.26993
vn -0.81617 0.52173 0.24833
vn -0.72137 0.65675 0.21977
vn -0.60636 0.77336 0.18505
vn -0.47435 0.86829 0.14514
vn -0.32905 0.93888 0.10117
vn -0.68906 -0.71182 0.13606
vn -0.79584 -0.58467 0.15748
vn -0.88032 -0.44112 0.17449
vn -0.94012 -0.28521 0.18660
vn -0.97357 -0.12131 0.19349
vn -0.97973 0.04600 0.19495
vn -0.95843 0.21202 0.19094
vn -0.91026 0.37209 0.18158
vn -0.83658 0.52173 0.16714
vn -0.73944 0.65675 0.14800
vn -0.62158 0.77336 0.12472
vn -0.48630 0.86829 0.09795
vn -0.33738 0.93888 0.06843
vn -0.17901 0.98315 0.03699
vn -0.57111 -0.81902 0.05512
vn -0.69907 -0.71182 0.06787
vn -0.80745 -0.58467 0.07872
vn -0.89319 -0.44112 0.08736
vn -0.95389 -0.28521 0.09356
vn -0.98785 -0.12131 0.09713
vn -0.99413 0.04600 0.09798
vn -0.97253 0.21202 0.09608
vn -0.92368 0.37209 0.09149
vn -0.84893 0.52173 0.08433
vn -0.75039 0.65675 0.07481
vn -0.63081 0.77336 0.06320
vn -0.49356 0.86829 0.04981
vn -0.34246 0.93888 0.03503
vn -0.16997 0.98527 0.01861
vn -0.97113 0.19813 0.13284
vn -0.56252 -0.81902 -0.11304
vn -0.68867 -0.71182 -0.13798
vn -0.79553 -0.58467 -0.15906
vn -0.88008 -0.44112 -0.17568
vn -0.93997 -0.28521 -0.18737
vn -0.97351 -0.12131 -0.19381
vn -0.97976 0.04600 -0.19482
vn -0.95854 0.21202 -0.19037
vn -0.91046 0.37209 -0.18058
vn -0.83686 0.52173 -0.16573
vn -0.73979 0.65675 -0.14623
vn -0.62200 0.77336 -0.12264
vn -0.48676 0.86829 -0.09561
vn -0.33789 0.93888 -0.06589
vn -0.49727 0.86759 0.00140
vn -0.77631 0.62509 0.08127
vn -0.42305 0.89643 -0.13204
vn -0.17531 0.98315 -0.05177
vn -0.32980 0.93888 -0.09869
vn -0.47505 0.86829 -0.14286
vn -0.60698 0.77336 -0.18301
vn -0.72190 0.65675 -0.21804
vn -0.81658 0.52173 -0.24696
vn -0.88838 0.37209 -0.26895
vn -0.93527 0.21202 -0.28341
vn -0.95595 0.04600 -0.28992
vn -0.94983 -0.12131 -0.28830
vn -0.91708 -0.28521 -0.27860
vn -0.85863 -0.44112 -0.26109
vn -0.77611 -0.58467 -0.23627
vn -0.67183 -0.71182 -0.20482
vn -0.64852 -0.71182 -0.26969
vn -0.74921 -0.58467 -0.31120
vn -0.82890 -0.44112 -0.34400
vn -0.88536 -0.28521 -0.36715
vn -0.91699 -0.12131 -0.38001
vn -0.92293 0.04600 -0.38222
vn -0.90299 0.21202 -0.37371
vn -0.85774 0.37209 -0.35473
vn -0.78844 0.52173 -0.32581
vn -0.69705 0.65675 -0.28775
vn -0.58612 0.77336 -0.24163
vn -0.45876 0.86829 -0.18873
vn -0.31854 0.93888 -0.13055
vn -0.50548 -0.81902 -0.27146
vn -0.61897 -0.71182 -0.33195
vn -0.71510 -0.58467 -0.38314
vn -0.79119 -0.44112 -0.42359
vn -0.84511 -0.28521 -0.45216
vn -0.87533 -0.12131 -0.46806
vn -0.88102 0.04600 -0.47084
vn -0.86201 0.21202 -0.46042
vn -0.81884 0.37209 -0.43710
vn -0.75271 0.52173 -0.40152
vn -0.66549 0.65675 -0.35469
vn -0.55961 0.77336 -0.29791
vn -0.43805 0.86829 -0.23279
vn -0.30421 0.93888 -0.16114
vn -0.56151 0.72988 -0.38986
vn -0.15273 0.98315 -0.10043
vn -0.28695 0.93888 -0.19018
vn -0.41312 0.86829 -0.27460
vn -0.52772 0.77336 -0.35133
vn -0.62752 0.65675 -0.41821
vn -0.70973 0.52173 -0.47337
vn -0.77205 0.37209 -0.51525
vn -0.81273 0.21202 -0.54270
vn -0.83062 0.04600 -0.55493
vn -0.82524 -0.12131 -0.55161
vn -0.79672 -0.28521 -0.53282
vn -0.74586 -0.44112 -0.49910
vn -0.67410 -0.58467 -0.45139
vn -0.58345 -0.71182 -0.39102
vn -0.45840 0.82115 -0.33997
vn -0.36312 -0.81902 -0.44424
vn -0.44482 -0.71182 -0.54355
vn -0.51405 -0.58467 -0.62763
vn -0.56887 -0.44112 -0.69412
vn -0.60774 -0.28521 -0.74115
vn -0.62958 -0.12131 -0.76741
vn -0.63377 0.04600 -0.77215
vn -0.62020 0.21202 -0.75525
vn -0.58924 0.37209 -0.71718
vn -0.54176 0.52173 -0.65901
vn -0.47910 0.65675 -0.58236
vn -0.40301 0.77336 -0.48939
vn -0.31562 0.86829 -0.38270
vn -0.21939 0.93888 -0.26529
vn -0.12844 0.97994 -0.15239
vn -0.57393 0.68097 -0.45484
vn -0.41445 0.81654 -0.40187
vn -0.21853 -0.81902 -0.53052
vn -0.26788 -0.71182 -0.64927
vn -0.30972 -0.58467 -0.74983
vn -0.34288 -0.44112 -0.82936
vn -0.36643 -0.28521 -0.88566
vn -0.37970 -0.12131 -0.91712
vn -0.38234 0.04600 -0.92288
vn -0.37425 0.21202 -0.90276
vn -0.35568 0.37209 -0.85735
vn -0.32713 0.52173 -0.78790
vn -0.28942 0.65675 -0.69636
vn -0.24359 0.77336 -0.58530
vn -0.19094 0.86829 -0.45784
vn -0.13293 0.93888 -0.31755
vn -0.10117 0.93888 -0.32905
vn -0.14514 0.86829 -0.47435
vn -0.18505 0.77336 -0.60636
vn -0.21977 0.65675 -0.72137
vn -0.24833 0.52173 -0.81617
vn -0.26993 0.37209 -0.88808
vn -0.28396 0.21202 -0.93510
vn -0.29004 0.04600 -0.95591
vn -0.28798 -0.12131 -0.94992
vn -0.27785 -0.28521 -0.91731
vn -0.25994 -0.44112 -0.85898
vn -0.23473 -0.58467 -0.77657
vn -0.20295 -0.71182 -0.67240
vn -0.13606 -0.71182 -0.68906
vn -0.15748 -0.58467 -0.79584
vn -0.17449 -0.44112 -0.88032
vn -0.18660 -0.28521 -0.94012
vn -0.19349 -0.12131 -0.97357
vn -0.19495 0.04600 -0.97973
vn -0.19094 0.21202 -0.95843
vn -0.18158 0.37209 -0.91026
vn -0.16714 0.52173 -0.83658
vn -0.14800 0.65675 -0.73944
vn -0.12472 0.77336 -0.62158
vn -0.09795 0.86829 -0.48630
vn -0.06843 0.93888 -0.33738
vn -0.03699 0.98315 -0.17901
vn -0.09689 0.84782 -0.52136
vn -0.05512 -0.81902 -0.57111
vn -0.06787 -0.71182 -0.69907
vn -0.07872 -0.58467 -0.80745
vn -0.08736 -0.44112 -0.89319
vn -0.09356 -0.28521 -0.95389
vn -0.09713 -0.12131 -0.98785
vn -0.09798 0.04600 -0.99413
vn -0.09608 0.21202 -0.97253
vn -0.09149 0.37209 -0.92368
vn -0.08433 0.52173 -0.84893
vn -0.07481 0.65675 -0.75039
vn -0.06320 0.77336 -0.63081
vn -0.04981 0.86829 -0.49356
vn -0.03503 0.93888 -0.34246
vn 0.00703 0.78083 -0.62470
vn -0.00135 0.98315 -0.18279
vn -0.00129 0.93888 -0.34425
vn -0.00119 0.86829 -0.49606
vn -0.00106 0.77336 -0.63397
vn -0.00090 0.65675 -0.75411
vn -0.00072 0.52173 -0.85311
vn -0.00051 0.37209 -0.92820
vn -0.00029 0.21202 -0.97727
vn -0.00006 0.04600 -0.99894
vn 0.00017 -0.12131 -0.99262
vn 0.00039 -0.28521 -0.95846
vn 0.00061 -0.44112 -0.89745
vn 0.00080 -0.58467 -0.81127
vn 0.00098 -0.71182 -0.70236
vn 0.00113 -0.81902 -0.57376
vn 0.16763 -0.81902 -0.54873
vn 0.20482 -0.71182 -0.67183
vn 0.23627 -0.58467 -0.77611
vn 0.26109 -0.44112 -0.85863
vn 0.27860 -0.28521 -0.91708
vn 0.28830 -0.12131 -0.94983
vn 0.28992 0.04600 -0.95595
vn 0.28341 0.21202 -0.93527
vn 0.26895 0.37209 -0.88838
vn 0.24696 0.52173 -0.81658
vn 0.21804 0.65675 -0.72190
vn 0.18301 0.77336 -0.60698
vn 0.14286 0.86829 -0.47505
vn 0.09869 0.93888 -0.32980
vn 0.05177 0.98315 -0.17531
vn 0.18390 0.77644 -0.60276
vn 0.31970 -0.81902 -0.47644
vn 0.39102 -0.71182 -0.58345
vn 0.45139 -0.58467 -0.67410
vn 0.49910 -0.44112 -0.74586
vn 0.53282 -0.28521 -0.79672
vn 0.55161 -0.12130 -0.82524
vn 0.55493 0.04600 -0.83062
vn 0.54270 0.21202 -0.81273
vn 0.51525 0.37209 -0.77205
vn 0.47337 0.52173 -0.70973
vn 0.41821 0.65675 -0.62752
vn 0.35133 0.77336 -0.52772
vn 0.27460 0.86829 -0.41312
vn 0.19018 0.93888 -0.28695
vn 0.10043 0.98315 -0.15273
vn 0.33705 0.80299 -0.49153
vn 0.52079 0.45055 -0.72510
vn 0.10703 0.98527 -0.13335
vn 0.21739 0.93888 -0.26693
vn 0.31378 0.86829 -0.38422
vn 0.40136 0.77336 -0.49074
vn 0.47770 0.65675 -0.58351
vn 0.54065 0.52173 -0.65992
vn 0.58845 0.37209 -0.71783
vn 0.61975 0.21202 -0.75562
vn 0.63367 0.04600 -0.77223
vn 0.62984 -0.12131 -0.76720
vn 0.60835 -0.28521 -0.74065
vn 0.56980 -0.44112 -0.69335
vn 0.51529 -0.58467 -0.62661
vn 0.44633 -0.71182 -0.54231
vn 0.49734 -0.71182 -0.49595
vn 0.57422 -0.58467 -0.57309
vn 0.63502 -0.44112 -0.63416
vn 0.67801 -0.28521 -0.67746
vn 0.70200 -0.12131 -0.70177
vn 0.70631 0.04600 -0.70640
vn 0.69083 0.21202 -0.69124
vn 0.65597 0.37209 -0.65669
vn 0.60273 0.52173 -0.60374
vn 0.53260 0.65675 -0.53387
vn 0.44753 0.77336 -0.44904
vn 0.34992 0.86829 -0.35161
vn 0.24251 0.93888 -0.24433
vn 0.12830 0.98315 -0.13021
vn 0.54355 -0.71182 -0.44482
vn 0.62763 -0.58467 -0.51405
vn 0.69412 -0.44112 -0.56887
vn 0.74115 -0.28521 -0.60774
vn 0.76741 -0.12131 -0.62958
vn 0.77215 0.04600 -0.63377
vn 0.75525 0.21202 -0.62020
vn 0.71718 0.37209 -0.58924
vn 0.65901 0.52173 -0.54176
vn 0.58236 0.65675 -0.47910
vn 0.48939 0.77336 -0.40301
vn 0.38270 0.86829 -0.31562
vn 0.26529 0.93888 -0.21939
vn 0.15239 0.97994 -0.12844
vn 0.47769 -0.81902 -0.31783
vn 0.58453 -0.71182 -0.38940
vn 0.67500 -0.58467 -0.45005
vn 0.74654 -0.44112 -0.49809
vn 0.79715 -0.28521 -0.53217
vn 0.82542 -0.12131 -0.55133
vn 0.83055 0.04600 -0.55503
vn 0.81241 0.21202 -0.54318
vn 0.77148 0.37209 -0.51610
vn 0.70894 0.52173 -0.47456
vn 0.62652 0.65675 -0.41971
vn 0.52654 0.77336 -0.35310
vn 0.41180 0.86829 -0.27659
vn 0.28552 0.93888 -0.19233
vn 0.41263 0.81656 -0.40369
vn 0.50261 0.61783 -0.60471
vn 0.54938 -0.81902 -0.16548
vn 0.67240 -0.71182 -0.20295
vn 0.77657 -0.58467 -0.23473
vn 0.85898 -0.44112 -0.25994
vn 0.91731 -0.28521 -0.27785
vn 0.94992 -0.12130 -0.28798
vn 0.95591 0.04600 -0.29004
vn 0.93510 0.21202 -0.28396
vn 0.88808 0.37209 -0.26993
vn 0.81617 0.52173 -0.24833
vn 0.72137 0.65675 -0.21977
vn 0.60636 0.77336 -0.18505
vn 0.47435 0.86829 -0.14514
vn 0.32905 0.93888 -0.10117
vn 0.58510 0.80164 -0.12259
vn 0.17901 0.98315 -0.03699
vn 0.33738 0.93888 -0.06843
vn 0.48630 0.86829 -0.09795
vn 0.62158 0.77336 -0.12472
vn 0.73944 0.65675 -0.14800
vn 0.83658 0.52173 -0.16714
vn 0.91026 0.37209 -0.18158
vn 0.95843 0.21202 -0.19094
vn 0.97973 0.04600 -0.19495
vn 0.97357 -0.12131 -0.19349
vn 0.94012 -0.28521 -0.18660
vn 0.88032 -0.44112 -0.17449
vn 0.79584 -0.58467 -0.15748
vn 0.68906 -0.71182 -0.13606
vn 0.69907 -0.71182 -0.06787
vn 0.80745 -0.58467 -0.07872
vn 0.89319 -0.44112 -0.08736
vn 0.95389 -0.28521 -0.09356
vn 0.98785 -0.12131 -0.09713
vn 0.99413 0.04600 -0.09798
vn 0.97253 0.21202 -0.09608
vn 0.92368 0.37209 -0.09149
vn 0.84893 0.52173 -0.08433
vn 0.75039 0.65675 -0.07481
vn 0.63081 0.77336 -0.06320
vn 0.49356 0.86829 -0.04981
vn 0.34246 0.93888 -0.03503
vn 0.16997 0.98527 -0.01861
vn 0.97113 0.19812 -0.13284
vn 0.57376 -0.81902 0.00113
vn 0.70236 -0.71182 0.00098
vn 0.81127 -0.58467 0.00080
vn 0.89745 -0.44112 0.00061
vn 0.95846 -0.28521 0.00039
vn 0.99262 -0.12131 0.00017
vn 0.99894 0.04600 -0.00006
vn 0.97727 0.21202 -0.00029
vn 0.92820 0.37209 -0.00051
vn 0.85311 0.52173 -0.00072
vn 0.75411 0.65675 -0.00090
vn 0.63397 0.77336 -0.00106
vn 0.49606 0.86829 -0.00119
vn 0.34425 0.93888 -0.00129
vn 0.18279 0.98315 -0.00135
vn 0.19857 0.97994 0.01694
vn 0.34272 0.93888 0.03246
vn 0.49379 0.86829 0.04743
vn 0.63102 0.77336 0.06108
vn 0.75056 0.65675 0.07302
vn 0.84907 0.52173 0.08291
vn 0.92378 0.37209 0.09047
vn 0.97259 0.21202 0.09550
vn 0.99414 0.04600 0.09785
vn 0.98782 -0.12131 0.09746
vn 0.95381 -0.28521 0.09434
vn 0.89307 -0.44112 0.08857
vn 0.80729 -0.58467 0.08032
vn 0.69888 -0.71182 0.06982
vn 0.49727 0.86760 -0.00140
vn 0.77631 0.62509 -0.08127
vn 0.52965 -0.81902 0.22061
vn 0.64852 -0.71182 0.26969
vn 0.74921 -0.58467 0.31120
vn 0.82890 -0.44112 0.34400
vn 0.88536 -0.28521 0.36715
vn 0.91699 -0.12130 0.38001
vn 0.92293 0.04600 0.38222
vn 0.90299 0.21202 0.37371
vn 0.85774 0.37209 0.35473
vn 0.78844 0.52173 0.32581
vn 0.69705 0.65675 0.28775
vn 0.58612 0.77336 0.24163
vn 0.45876 0.86829 0.18873
vn 0.31854 0.93888 0.13055
vn 0.44281 -0.81902 0.36486
vn 0.54231 -0.71182 0.44633
vn 0.62661 -0.58467 0.51529
vn 0.69335 -0.44112 0.56980
vn 0.74065 -0.28521 0.60835
vn 0.76720 -0.12131 0.62984
vn 0.77223 0.04600 0.63367
vn 0.75562 0.21202 0.61975
vn 0.71783 0.37209 0.58845
vn 0.65992 0.52173 0.54065
vn 0.58350 0.65675 0.47770
vn 0.49074 0.77336 0.40136
vn 0.38422 0.86829 0.31378
vn 0.26693 0.93888 0.21739
vn 0.13335 0.98527 0.10703
vn 0.45839 0.82116 0.33997
vn 0.13021 0.98315 0.12830
vn 0.24433 0.93888 0.24251
vn 0.35161 0.86829 0.34992
vn 0.44904 0.77336 0.44753
vn 0.53387 0.65675 0.53260
vn 0.60374 0.52173 0.60273
vn 0.65669 0.37209 0.65597
vn 0.69124 0.21202 0.69083
vn 0.70640 0.04600 0.70631
vn 0.70177 -0.12131 0.70200
vn 0.67746 -0.28521 0.67801
vn 0.63416 -0.44112 0.63502
vn 0.57309 -0.58467 0.57422
vn 0.49595 -0.71182 0.49734
vn 0.44482 -0.71182 0.54355
vn 0.51405 -0.58467 0.62763
vn 0.56887 -0.44112 0.69412
vn 0.60774 -0.28521 0.74115
vn 0.62958 -0.12131 0.76741
vn 0.63377 0.04600 0.77215
vn 0.62020 0.21202 0.75525
vn 0.58924 0.37209 0.71718
vn 0.54176 0.52173 0.65901
vn 0.47910 0.65675 0.58236
vn 0.40301 0.77336 0.48939
vn 0.31562 0.86829 0.38270
vn 0.21939 0.93888 0.26529
vn 0.12844 0.97994 0.15239
vn 0.31783 -0.81902 0.47769
vn 0.38940 -0.71182 0.58453
vn 0.45005 -0.58467 0.67500
vn 0.49809 -0.44112 0.74654
vn 0.53217 -0.28521 0.79715
vn 0.55133 -0.12130 0.82542
vn 0.55503 0.04600 0.83055
vn 0.54318 0.21202 0.81241
vn 0.51610 0.37209 0.77148
vn 0.47456 0.52173 0.70894
vn 0.41971 0.65675 0.62652
vn 0.35310 0.77336 0.52654
vn 0.27659 0.86829 0.41180
vn 0.19233 0.93888 0.28552
vn 0.41444 0.81655 0.40186
vn 0.57393 0.68098 0.45483
vn 0.19132 0.91189 0.36311
vn 0.08736 0.98315 0.16057
vn 0.16342 0.93888 0.30299
vn 0.23489 0.86829 0.43692
vn 0.29979 0.77336 0.55861
vn 0.35628 0.65675 0.66464
vn 0.40278 0.52173 0.75204
vn 0.43800 0.37209 0.81836
vn 0.46094 0.21202 0.86173
vn 0.47095 0.04600 0.88096
vn 0.46777 -0.12131 0.87549
vn 0.45147 -0.28521 0.84548
vn 0.42252 -0.44112 0.79176
vn 0.38172 -0.58467 0.71586
vn 0.33023 -0.71182 0.61989
vn 0.11083 -0.81902 0.56295
vn 0.13606 -0.71182 0.68906
vn 0.15748 -0.58467 0.79584
vn 0.17449 -0.44112 0.88032
vn 0.18660 -0.28521 0.94012
vn 0.19349 -0.12131 0.97357
vn 0.19495 0.04600 0.97973
vn 0.19094 0.21202 0.95843
vn 0.18158 0.37209 0.91026
vn 0.16714 0.52173 0.83658
vn 0.14800 0.65675 0.73944
vn 0.12472 0.77336 0.62158
vn 0.09795 0.86829 0.48630
vn 0.06843 0.93888 0.33738
vn 0.03699 0.98315 0.17901
vn 0.09689 0.84781 0.52138
vn -0.12994 -0.52946 0.83833
vn -0.18257 -0.56586 0.80403
vn -0.18384 -0.78089 0.59701
vn -0.14808 -0.87807 0.45504
vn -0.33531 -0.63122 0.69937
vn -0.43294 -0.29749 0.85092
vn -0.38381 -0.66709 0.63850
vn -0.36401 -0.77407 0.51799
vn -0.28323 -0.87769 0.38657
vn -0.54115 -0.61150 0.57725
vn -0.71276 -0.19010 0.67516
vn -0.48446 -0.76806 0.41878
vn -0.65538 -0.57160 0.49370
vn -0.58056 -0.70554 0.40640
vn -0.77687 -0.46229 0.42751
vn -0.82533 -0.41165 0.38648
vn -0.64070 -0.72673 0.24774
vn -0.90764 -0.28061 0.31217
vn -0.56573 -0.81037 0.15246
vn -0.43686 -0.89700 0.06735
vn -0.45647 -0.88798 0.05590
vn -0.51122 -0.85898 0.02828
vn -0.58966 -0.80765 0.00000
vn -0.74610 -0.66466 -0.03954
vn -0.36440 -0.93018 -0.04446
vn -0.34917 -0.93546 -0.05463
vn -0.77868 -0.59079 -0.21124
vn -0.90764 -0.28061 -0.31217
vn -0.80470 -0.50653 -0.30965
vn -0.69706 -0.63908 -0.32508
vn -0.63287 -0.70323 -0.32395
vn -0.70620 -0.53977 -0.45818
vn -0.65168 -0.58024 -0.48849
vn -0.63917 -0.53657 -0.55097
vn -0.46698 -0.76567 -0.44235
vn -0.38581 -0.82497 -0.41301
vn -0.35510 -0.79812 -0.48673
vn -0.44694 -0.62960 -0.63550
vn -0.26354 -0.86042 -0.43614
vn -0.43294 -0.29750 -0.85092
vn -0.24719 -0.81856 -0.51851
vn -0.18494 -0.79924 -0.57186
vn -0.22542 -0.64469 -0.73045
vn -0.13618 -0.79172 -0.59552
vn -0.12995 -0.52942 -0.83835
vn -0.04598 -0.89668 -0.44028
vn -0.00841 -0.62570 -0.78002
vn 0.06423 -0.64151 -0.76442
vn 0.12995 -0.52942 -0.83835
vn 0.18257 -0.56588 -0.80402
vn 0.18384 -0.78088 -0.59702
vn 0.14808 -0.87807 -0.45504
vn 0.33531 -0.63121 -0.69938
vn 0.43294 -0.29749 -0.85092
vn 0.38382 -0.66708 -0.63851
vn 0.36402 -0.77405 -0.51801
vn 0.28324 -0.87768 -0.38658
vn 0.54115 -0.61151 -0.57725
vn 0.71276 -0.19010 -0.67516
vn 0.48446 -0.76806 -0.41879
vn 0.65536 -0.57166 -0.49368
vn 0.58056 -0.70554 -0.40640
vn 0.77685 -0.46234 -0.42750
vn 0.82530 -0.41173 -0.38647
vn 0.64070 -0.72672 -0.24774
vn 0.90764 -0.28059 -0.31217
vn 0.56573 -0.81037 -0.15247
vn 0.43685 -0.89701 -0.06734
vn 0.45646 -0.88799 -0.05590
vn 0.51122 -0.85898 -0.02828
vn 0.58964 -0.80767 0.00000
vn 0.74610 -0.66465 0.03954
vn 0.36440 -0.93018 0.04445
vn 0.34917 -0.93547 0.05462
vn 0.77868 -0.59079 0.21124
vn 0.90764 -0.28059 0.31217
vn 0.80471 -0.50651 0.30965
vn 0.69703 -0.63913 0.32507
vn 0.63285 -0.70325 0.32395
vn 0.70621 -0.53974 0.45819
vn 0.65170 -0.58022 0.48850
vn 0.63917 -0.53656 0.55097
vn 0.46697 -0.76569 0.44234
vn 0.38581 -0.82496 0.41302
vn 0.35508 -0.79814 0.48672
vn 0.44692 -0.62962 0.63548
vn 0.26354 -0.86043 0.43614
vn 0.43294 -0.29748 0.85092
vn 0.24719 -0.81857 0.51850
vn 0.18494 -0.79924 0.57185
vn 0.22542 -0.64470 0.73044
vn 0.13618 -0.79170 0.59553
vn 0.12994 -0.52946 0.83833
vn -0.06423 -0.64151 0.76442
vn 0.00841 -0.62570 0.78002
vn 0.04598 -0.89669 0.44027
vn 0.02641 -0.99100 0.13124
vn 0.06694 -0.99100 0.11594
vn 0.09189 -0.99253 0.08026
vn 0.10003 -0.99253 0.06985
vn 0.11271 -0.99253 0.04671
vn 0.11710 -0.99253 0.03425
vn 0.12172 -0.99253 0.00828
vn 0.13379 -0.99100 -0.00483
vn 0.12524 -0.99100 -0.04730
vn 0.10358 -0.99100 -0.08481
vn 0.06433 -0.99253 -0.10366
vn 0.05275 -0.99253 -0.11001
vn 0.02786 -0.99253 -0.11878
vn 0.01486 -0.99253 -0.12109
vn -0.02641 -0.99100 -0.13124
vn -0.06694 -0.99100 -0.11594
vn -0.09189 -0.99253 -0.08026
vn -0.10003 -0.99253 -0.06985
vn -0.11271 -0.99253 -0.04671
vn -0.11710 -0.99253 -0.03425
vn -0.12172 -0.99253 -0.00828
vn -0.13379 -0.99100 0.00483
vn -0.12524 -0.99100 0.04730
vn -0.10358 -0.99100 0.08481
vn -0.06433 -0.99253 0.10366
vn -0.05275 -0.99253 0.11001
vn -0.02786 -0.99253 0.11878
vn -0.01486 -0.99253 0.12109
vn -0.02817 0.99913 0.03083
vn -0.03133 0.99913 0.02761
vn -0.11328 0.98608 0.12175
vn -0.12578 0.98608 0.10879
vn -0.22450 0.94469 0.23908
vn -0.24903 0.94469 0.21341
vn -0.32947 0.87700 0.34975
vn -0.36535 0.87700 0.31207
vn -0.42527 0.78488 0.45067
vn -0.47150 0.78488 0.40205
vn -0.50922 0.67091 0.53905
vn -0.56452 0.67091 0.48084
vn -0.57899 0.53825 0.61242
vn -0.64181 0.53825 0.54623
vn -0.63264 0.39061 0.66873
vn -0.70123 0.39060 0.59641
vn -0.66867 0.23208 0.70642
vn -0.74113 0.23207 0.62998
vn -0.68608 0.06708 0.72443
vn -0.76038 0.06708 0.64601
vn -0.68438 -0.09978 0.72227
vn -0.75846 -0.09978 0.64404
vn -0.66362 -0.26386 0.69999
vn -0.73541 -0.26386 0.62414
vn -0.62438 -0.42059 0.65822
vn -0.69188 -0.42059 0.58686
vn -0.56775 -0.56561 0.59812
vn -0.62909 -0.56561 0.53323
vn -0.49530 -0.69488 0.52136
vn -0.54877 -0.69488 0.46475
vn -0.40907 -0.80479 0.43008
vn -0.45317 -0.80479 0.38333
vn -0.31145 -0.89229 0.32683
vn -0.34496 -0.89229 0.29124
vn -0.20515 -0.95494 0.21448
vn -0.22714 -0.95494 0.19104
vn -0.07909 -0.99358 0.08085
vn -0.03654 0.99913 0.02022
vn -0.03851 0.99913 0.01616
vn -0.14622 0.98608 0.07921
vn -0.15393 0.98608 0.06294
vn -0.28909 0.94469 0.15488
vn -0.30414 0.94469 0.12272
vn -0.42390 0.87700 0.22624
vn -0.44587 0.87700 0.17908
vn -0.54691 0.78488 0.29129
vn -0.57519 0.78488 0.23046
vn -0.65468 0.67091 0.34824
vn -0.68850 0.67091 0.27541
vn -0.74423 0.53825 0.39549
vn -0.78263 0.53825 0.31270
vn -0.81305 0.39060 0.43172
vn -0.85496 0.39060 0.34128
vn -0.85923 0.23207 0.45593
vn -0.90348 0.23208 0.36036
vn -0.88147 0.06708 0.46744
vn -0.92685 0.06708 0.36940
vn -0.87917 -0.09978 0.46594
vn -0.92440 -0.09978 0.36815
vn -0.85239 -0.26386 0.45146
vn -0.89620 -0.26386 0.35665
vn -0.80186 -0.42059 0.42440
vn -0.84305 -0.42059 0.33522
vn -0.72901 -0.56561 0.38553
vn -0.76642 -0.56561 0.30445
vn -0.63585 -0.69488 0.33592
vn -0.66844 -0.69488 0.26520
vn -0.52498 -0.80479 0.27695
vn -0.55185 -0.80479 0.21857
vn -0.39950 -0.89229 0.21028
vn -0.41990 -0.89229 0.16585
vn -0.26290 -0.95494 0.13774
vn -0.27625 -0.95494 0.10851
vn -0.10076 -0.99358 0.05137
vn -0.04108 0.99913 0.00750
vn -0.04165 0.99913 0.00301
vn -0.16386 0.98608 0.02838
vn -0.16597 0.98608 0.01049
vn -0.32341 0.94469 0.05447
vn -0.32740 0.94469 0.01918
vn -0.47395 0.87700 0.07904
vn -0.47971 0.87700 0.02734
vn -0.61129 0.78488 0.10142
vn -0.61867 0.78488 0.03473
vn -0.73161 0.67091 0.12097
vn -0.74040 0.67091 0.04116
vn -0.83155 0.53825 0.13715
vn -0.84150 0.53825 0.04644
vn -0.90834 0.39060 0.14951
vn -0.91918 0.39060 0.05043
vn -0.95983 0.23208 0.15771
vn -0.97125 0.23207 0.05301
vn -0.98459 0.06708 0.16152
vn -0.99628 0.06708 0.05412
vn -0.98193 -0.09978 0.16083
vn -0.99356 -0.09978 0.05372
vn -0.95192 -0.26386 0.15566
vn -0.96317 -0.26386 0.05182
vn -0.89540 -0.42060 0.14615
vn -0.90595 -0.42059 0.04848
vn -0.81395 -0.56561 0.13257
vn -0.82351 -0.56561 0.04379
vn -0.70982 -0.69488 0.11531
vn -0.71813 -0.69488 0.03788
vn -0.58593 -0.80479 0.09483
vn -0.59275 -0.80479 0.03092
vn -0.44573 -0.89229 0.07171
vn -0.45087 -0.89229 0.02309
vn -0.29311 -0.95494 0.04659
vn -0.29643 -0.95494 0.01463
vn -0.11189 -0.99358 0.01650
vn -0.02587 0.99913 -0.03278
vn -0.02217 0.99913 -0.03539
vn -0.10182 0.98608 -0.13148
vn -0.08701 0.98608 -0.14172
vn -0.19961 0.94469 -0.26022
vn -0.17030 0.94469 -0.28028
vn -0.29184 0.87700 -0.38171
vn -0.24885 0.87700 -0.41103
vn -0.37594 0.78488 -0.49258
vn -0.32048 0.78488 -0.53033
vn -0.44957 0.67091 -0.58972
vn -0.38317 0.67091 -0.63487
vn -0.51068 0.53825 -0.67044
vn -0.43520 0.53825 -0.72173
vn -0.55757 0.39060 -0.73249
vn -0.47510 0.39060 -0.78848
vn -0.58893 0.23207 -0.77415
vn -0.50178 0.23208 -0.83328
vn -0.60389 0.06708 -0.79424
vn -0.51448 0.06708 -0.85487
vn -0.60203 -0.09978 -0.79221
vn -0.51285 -0.09978 -0.85266
vn -0.58341 -0.26386 -0.76812
vn -0.49694 -0.26386 -0.82670
vn -0.54854 -0.42059 -0.72264
vn -0.46719 -0.42059 -0.77771
vn -0.49839 -0.56561 -0.65703
vn -0.42443 -0.56561 -0.70707
vn -0.43436 -0.69488 -0.57313
vn -0.36985 -0.69488 -0.61673
vn -0.35824 -0.80479 -0.47326
vn -0.30497 -0.80479 -0.50922
vn -0.27214 -0.89229 -0.36022
vn -0.23160 -0.89229 -0.38753
vn -0.17846 -0.95494 -0.23715
vn -0.15177 -0.95494 -0.25505
vn -0.06699 -0.99358 -0.09112
vn -0.01405 0.99913 -0.03933
vn -0.00971 0.99913 -0.04062
vn -0.05451 0.98608 -0.15711
vn -0.03721 0.98608 -0.16208
vn -0.10607 0.94469 -0.31033
vn -0.07190 0.94469 -0.31998
vn -0.15468 0.87700 -0.45491
vn -0.10459 0.87700 -0.46897
vn -0.19898 0.78488 -0.58683
vn -0.13436 0.78488 -0.60490
vn -0.23774 0.67091 -0.70240
vn -0.16040 0.67091 -0.72398
vn -0.26987 0.53825 -0.79841
vn -0.18197 0.53825 -0.82291
vn -0.29449 0.39060 -0.87218
vn -0.19847 0.39060 -0.89891
vn -0.31092 0.23207 -0.92167
vn -0.20944 0.23207 -0.94988
vn -0.31868 0.06708 -0.94549
vn -0.21458 0.06708 -0.97440
vn -0.31757 -0.09978 -0.94297
vn -0.21375 -0.09978 -0.97178
vn -0.30761 -0.26386 -0.91420
vn -0.20696 -0.26386 -0.94210
vn -0.28908 -0.42059 -0.85996
vn -0.19441 -0.42060 -0.88617
vn -0.26251 -0.56561 -0.78177
vn -0.17645 -0.56561 -0.80557
vn -0.22862 -0.69488 -0.68182
vn -0.15357 -0.69488 -0.70254
vn -0.18837 -0.80479 -0.56287
vn -0.12641 -0.80479 -0.57994
vn -0.14287 -0.89229 -0.42826
vn -0.09573 -0.89229 -0.44120
vn -0.09340 -0.95494 -0.28172
vn -0.06239 -0.95494 -0.29016
vn -0.03439 -0.99358 -0.10774
vn 0.02817 0.99913 -0.03083
vn 0.03134 0.99913 -0.02761
vn 0.11328 0.98608 -0.12175
vn 0.12578 0.98608 -0.10879
vn 0.22450 0.94469 -0.23908
vn 0.24903 0.94469 -0.21341
vn 0.32947 0.87700 -0.34975
vn 0.36535 0.87700 -0.31207
vn 0.42527 0.78488 -0.45067
vn 0.47150 0.78488 -0.40205
vn 0.50922 0.67091 -0.53905
vn 0.56452 0.67091 -0.48083
vn 0.57899 0.53825 -0.61242
vn 0.64181 0.53825 -0.54623
vn 0.63264 0.39060 -0.66873
vn 0.70123 0.39060 -0.59641
vn 0.66867 0.23207 -0.70642
vn 0.74113 0.23207 -0.62998
vn 0.68608 0.06708 -0.72443
vn 0.76038 0.06708 -0.64601
vn 0.68438 -0.09978 -0.72227
vn 0.75846 -0.09978 -0.64404
vn 0.66362 -0.26386 -0.69999
vn 0.73541 -0.26386 -0.62414
vn 0.62438 -0.42059 -0.65822
vn 0.69188 -0.42059 -0.58686
vn 0.56775 -0.56561 -0.59812
vn 0.62909 -0.56561 -0.53323
vn 0.49530 -0.69488 -0.52136
vn 0.54877 -0.69488 -0.46475
vn 0.40907 -0.80479 -0.43008
vn 0.45317 -0.80479 -0.38333
vn 0.31145 -0.89229 -0.32683
vn 0.34496 -0.89229 -0.29124
vn 0.20515 -0.95494 -0.21448
vn 0.22714 -0.95494 -0.19104
vn 0.07909 -0.99358 -0.08085
vn 0.03654 0.99913 -0.02022
vn 0.03851 0.99913 -0.01616
vn 0.14622 0.98608 -0.07921
vn 0.15393 0.98608 -0.06294
vn 0.28909 0.94469 -0.15488
vn 0.30414 0.94469 -0.12272
vn 0.42390 0.87700 -0.22624
vn 0.44587 0.87700 -0.17908
vn 0.54691 0.78488 -0.29129
vn 0.57520 0.78488 -0.23046
vn 0.65469 0.67091 -0.34824
vn 0.68850 0.67091 -0.27541
vn 0.74423 0.53825 -0.39548
vn 0.78263 0.53825 -0.31270
vn 0.81305 0.39060 -0.43172
vn 0.85496 0.39060 -0.34128
vn 0.85923 0.23207 -0.45593
vn 0.90348 0.23208 -0.36036
vn 0.88147 0.06708 -0.46744
vn 0.92685 0.06708 -0.36940
vn 0.87917 -0.09978 -0.46594
vn 0.92440 -0.09978 -0.36815
vn 0.85239 -0.26386 -0.45146
vn 0.89620 -0.26386 -0.35665
vn 0.80186 -0.42059 -0.42440
vn 0.84305 -0.42059 -0.33522
vn 0.72901 -0.56561 -0.38553
vn 0.76642 -0.56561 -0.30445
vn 0.63585 -0.69488 -0.33592
vn 0.66844 -0.69488 -0.26520
vn 0.52498 -0.80479 -0.27695
vn 0.55185 -0.80479 -0.21857
vn 0.39950 -0.89229 -0.21028
vn 0.41990 -0.89229 -0.16585
vn 0.26290 -0.95494 -0.13774
vn 0.27625 -0.95494 -0.10851
vn 0.10076 -0.99358 -0.05137
vn 0.04108 0.99913 -0.00750
vn 0.04165 0.99913 -0.00301
vn 0.16386 0.98608 -0.02838
vn 0.16597 0.98608 -0.01049
vn 0.32341 0.94469 -0.05447
vn 0.32740 0.94469 -0.01918
vn 0.47395 0.87700 -0.07904
vn 0.47971 0.87700 -0.02734
vn 0.61129 0.78488 -0.10142
vn 0.61867 0.78488 -0.03473
vn 0.73160 0.67091 -0.12097
vn 0.74039 0.67091 -0.04116
vn 0.83155 0.53825 -0.13715
vn 0.84151 0.53825 -0.04644
vn 0.90834 0.39060 -0.14951
vn 0.91918 0.39060 -0.05043
vn 0.95983 0.23207 -0.15771
vn 0.97125 0.23207 -0.05301
vn 0.98459 0.06708 -0.16152
vn 0.99628 0.06707 -0.05412
vn 0.98193 -0.09978 -0.16083
vn 0.99356 -0.09978 -0.05372
vn 0.95192 -0.26386 -0.15566
vn 0.96317 -0.26386 -0.05182
vn 0.89540 -0.42059 -0.14615
vn 0.90595 -0.42059 -0.04848
vn 0.81395 -0.56561 -0.13257
vn 0.82351 -0.56561 -0.04379
vn 0.70982 -0.69488 -0.11531
vn 0.71813 -0.69488 -0.03788
vn 0.58594 -0.80479 -0.09483
vn 0.59275 -0.80479 -0.03092
vn 0.44573 -0.89229 -0.07171
vn 0.45087 -0.89229 -0.02309
vn 0.29311 -0.95494 -0.04659
vn 0.29643 -0.95494 -0.01463
vn 0.11189 -0.99358 -0.01650
vn 0.02587 0.99913 0.03278
vn 0.02217 0.99913 0.03539
vn 0.10182 0.98608 0.13148
vn 0.08701 0.98608 0.14172
vn 0.19961 0.94469 0.26022
vn 0.17030 0.94469 0.28028
vn 0.29184 0.87700 0.38171
vn 0.24885 0.87700 0.41103
vn 0.37594 0.78488 0.49258
vn 0.32048 0.78488 0.53034
vn 0.44957 0.67091 0.58972
vn 0.38317 0.67091 0.63487
vn 0.51068 0.53825 0.67044
vn 0.43520 0.53825 0.72173
vn 0.55757 0.39061 0.73249
vn 0.47510 0.39061 0.78848
vn 0.58893 0.23208 0.77415
vn 0.50178 0.23208 0.83328
vn 0.60389 0.06708 0.79424
vn 0.51448 0.06708 0.85488
vn 0.60203 -0.09978 0.79221
vn 0.51285 -0.09978 0.85266
vn 0.58341 -0.26386 0.76812
vn 0.49694 -0.26386 0.82670
vn 0.54854 -0.42059 0.72264
vn 0.46719 -0.42059 0.77771
vn 0.49839 -0.56561 0.65703
vn 0.42443 -0.56561 0.70707
vn 0.43436 -0.69488 0.57313
vn 0.36985 -0.69488 0.61673
vn 0.35824 -0.80479 0.47326
vn 0.30497 -0.80479 0.50922
vn 0.27214 -0.89229 0.36022
vn 0.23160 -0.89229 0.38753
vn 0.17846 -0.95494 0.23715
vn 0.15177 -0.95494 0.25505
vn 0.06699 -0.99358 0.09112
vn 0.01405 0.99913 0.03933
vn 0.00971 0.99913 0.04062
vn 0.05451 0.98608 0.15711
vn 0.03721 0.98608 0.16209
vn 0.10607 0.94469 0.31033
vn 0.07190 0.94469 0.31998
vn 0.15468 0.87700 0.45491
vn 0.10459 0.87700 0.46897
vn 0.19898 0.78488 0.58683
vn 0.13436 0.78488 0.60490
vn 0.23774 0.67091 0.70240
vn 0.16040 0.67091 0.72398
vn 0.26987 0.53826 0.79840
vn 0.18197 0.53825 0.82291
vn 0.29449 0.39061 0.87218
vn 0.19847 0.39060 0.89891
vn 0.31092 0.23207 0.92167
vn 0.20944 0.23207 0.94988
vn 0.31868 0.06708 0.94549
vn 0.21459 0.06708 0.97440
vn 0.31757 -0.09977 0.94297
vn 0.21375 -0.09977 0.97178
vn 0.30761 -0.26386 0.91420
vn 0.20696 -0.26386 0.94210
vn 0.28908 -0.42060 0.85996
vn 0.19441 -0.42060 0.88617
vn 0.26251 -0.56561 0.78177
vn 0.17645 -0.56561 0.80557
vn 0.22862 -0.69488 0.68182
vn 0.15357 -0.69488 0.70254
vn 0.18837 -0.80479 0.56287
vn 0.12641 -0.80479 0.57994
vn 0.14287 -0.89229 0.42826
vn 0.09573 -0.89229 0.44120
vn 0.09340 -0.95494 0.28172
vn 0.06239 -0.95494 0.29016
vn 0.03439 -0.99358 0.10774
vn 0.00075 0.99913 0.04175
vn -0.00376 0.99913 0.04159
vn 0.00149 0.98608 0.16629
vn -0.01650 0.98608 0.16548
vn 0.00143 0.94469 0.32796
vn -0.03404 0.94469 0.32619
vn 0.00133 0.87700 0.48049
vn -0.05063 0.87700 0.47782
vn 0.00119 0.78488 0.61964
vn -0.06582 0.78488 0.61614
vn 0.00101 0.67091 0.74154
vn -0.07917 0.67091 0.73730
vn 0.00081 0.53825 0.84279
vn -0.09031 0.53825 0.83793
vn 0.00059 0.39061 0.92056
vn -0.09894 0.39061 0.91522
vn 0.00035 0.23207 0.97270
vn -0.10482 0.23207 0.96704
vn 0.00010 0.06708 0.99775
vn -0.10778 0.06708 0.99191
vn -0.00015 -0.09978 0.99501
vn -0.10773 -0.09978 0.98916
vn -0.00040 -0.26386 0.96456
vn -0.10468 -0.26386 0.95886
vn -0.00063 -0.42060 0.90725
vn -0.09872 -0.42060 0.90186
vn -0.00085 -0.56561 0.82467
vn -0.09001 -0.56561 0.81975
vn -0.00105 -0.69487 0.71913
vn -0.07880 -0.69488 0.71480
vn -0.00122 -0.80479 0.59355
vn -0.06538 -0.80479 0.58994
vn -0.00135 -0.89229 0.45146
vn -0.05015 -0.89229 0.44867
vn -0.00144 -0.95494 0.29679
vn -0.03353 -0.95494 0.29490
vn -0.00150 -0.99100 0.13385
vn -0.00824 0.99913 0.04094
vn -0.03429 0.98608 0.16273
vn -0.06911 0.94469 0.32060
vn -0.10200 0.87700 0.46954
vn -0.13205 0.78488 0.60541
vn -0.15842 0.67091 0.72442
vn -0.18038 0.53825 0.82325
vn -0.19732 0.39060 0.89916
vn -0.20876 0.23207 0.95003
vn -0.21439 0.06708 0.97444
vn -0.21404 -0.09977 0.97172
vn -0.20774 -0.26386 0.94192
vn -0.19565 -0.42060 0.88590
vn -0.17811 -0.56561 0.80521
vn -0.15562 -0.69488 0.70209
vn -0.12878 -0.80479 0.57942
vn -0.09837 -0.89229 0.44062
vn -0.06521 -0.95494 0.28954
vn -0.04416 -0.99100 0.12637
vn -0.09614 -0.95494 0.28079
vn -0.14543 -0.89229 0.42740
vn -0.19068 -0.80479 0.56210
vn -0.23061 -0.69488 0.68115
vn -0.26413 -0.56561 0.78123
vn -0.29029 -0.42060 0.85955
vn -0.30836 -0.26386 0.91394
vn -0.31785 -0.09978 0.94288
vn -0.31849 0.06708 0.94555
vn -0.31025 0.23207 0.92189
vn -0.29338 0.39060 0.87256
vn -0.26833 0.53825 0.79892
vn -0.23581 0.67091 0.70305
vn -0.19673 0.78488 0.58759
vn -0.15216 0.87700 0.45576
vn -0.10336 0.94469 0.31125
vn -0.05168 0.98608 0.15807
vn -0.01262 0.99913 0.03981
vn -0.01685 0.99913 0.03821
vn -0.06847 0.98608 0.15155
vn -0.13641 0.94469 0.29825
vn -0.20055 0.87700 0.43664
vn -0.25911 0.78488 0.56287
vn -0.31044 0.67091 0.67343
vn -0.35314 0.53825 0.76523
vn -0.38600 0.39061 0.83572
vn -0.40811 0.23207 0.88294
vn -0.41885 0.06708 0.90557
vn -0.41793 -0.09978 0.90298
vn -0.40537 -0.26386 0.87524
vn -0.38152 -0.42060 0.82313
vn -0.34705 -0.56561 0.74809
vn -0.30291 -0.69488 0.65222
vn -0.25033 -0.80479 0.53819
vn -0.19079 -0.89229 0.40917
vn -0.12593 -0.95494 0.26875
vn -0.02088 0.99913 0.03617
vn -0.08445 0.98608 0.14326
vn -0.16786 0.94469 0.28175
vn -0.24658 0.87700 0.41239
vn -0.31844 0.78488 0.53156
vn -0.38144 0.67091 0.63592
vn -0.43380 0.53826 0.72256
vn -0.47409 0.39060 0.78909
vn -0.50118 0.23208 0.83364
vn -0.51431 0.06708 0.85498
vn -0.51311 -0.09978 0.85250
vn -0.49762 -0.26386 0.82628
vn -0.46828 -0.42059 0.77706
vn -0.42590 -0.56561 0.70619
vn -0.37165 -0.69488 0.61565
vn -0.30705 -0.80479 0.50796
vn -0.23391 -0.89229 0.38614
vn -0.15425 -0.95494 0.25356
vn -0.08220 -0.99100 0.10565
vn -0.18076 -0.95494 0.23540
vn -0.27429 -0.89229 0.35859
vn -0.36017 -0.80479 0.47179
vn -0.43603 -0.69488 0.57185
vn -0.49975 -0.56561 0.65600
vn -0.54955 -0.42059 0.72187
vn -0.58404 -0.26386 0.76764
vn -0.60227 -0.09978 0.79203
vn -0.60373 0.06708 0.79436
vn -0.58837 0.23208 0.77457
vn -0.55663 0.39060 0.73321
vn -0.50938 0.53825 0.67143
vn -0.44795 0.67091 0.59095
vn -0.37405 0.78488 0.49401
vn -0.28972 0.87700 0.38332
vn -0.19733 0.94469 0.26195
vn -0.09945 0.98608 0.13329
vn -0.02467 0.99913 0.03370
vn -0.11163 -0.99100 0.07388
vn -0.24646 -0.95494 0.16536
vn -0.37443 -0.89229 0.25224
vn -0.49196 -0.80479 0.33209
vn -0.59580 -0.69488 0.40270
vn -0.68305 -0.56561 0.46209
vn -0.75128 -0.42060 0.50861
vn -0.79858 -0.26386 0.54097
vn -0.82364 -0.09978 0.55826
vn -0.82577 0.06708 0.56001
vn -0.80490 0.23207 0.54616
vn -0.76161 0.39060 0.51709
vn -0.69711 0.53825 0.47363
vn -0.61320 0.67091 0.41698
vn -0.51221 0.78488 0.34872
vn -0.39695 0.87700 0.27074
vn -0.27065 0.94469 0.18523
vn -0.13680 0.98608 0.09456
vn -0.03414 0.99913 0.02406
vn -0.12938 -0.99100 0.03436
vn -0.28636 -0.95494 0.07801
vn -0.43537 -0.89229 0.11948
vn -0.57225 -0.80479 0.15762
vn -0.69320 -0.69488 0.19138
vn -0.79484 -0.56561 0.21980
vn -0.87435 -0.42060 0.24210
vn -0.92951 -0.26386 0.25766
vn -0.95878 -0.09978 0.26605
vn -0.96135 0.06708 0.26702
vn -0.93715 0.23207 0.26056
vn -0.88685 0.39060 0.24684
vn -0.81185 0.53825 0.22625
vn -0.71424 0.67091 0.19936
vn -0.59674 0.78488 0.16691
vn -0.46262 0.87700 0.12982
vn -0.31562 0.94469 0.08912
vn -0.15983 0.98608 0.04593
vn -0.04003 0.99913 0.01190
vn -0.29628 -0.95494 -0.01751
vn -0.45073 -0.89229 -0.02579
vn -0.59262 -0.80479 -0.03335
vn -0.71802 -0.69488 -0.03998
vn -0.82342 -0.56561 -0.04550
vn -0.90588 -0.42059 -0.04975
vn -0.96312 -0.26386 -0.05262
vn -0.99354 -0.09978 -0.05402
vn -0.99629 0.06708 -0.05392
vn -0.97129 0.23207 -0.05231
vn -0.91924 0.39060 -0.04925
vn -0.84159 0.53825 -0.04482
vn -0.74051 0.67091 -0.03913
vn -0.61880 0.78488 -0.03236
vn -0.47986 0.87700 -0.02469
vn -0.32755 0.94469 -0.01633
vn -0.16613 0.98608 -0.00751
vn -0.05008 0.99874 -0.00181
vn -0.13185 -0.99100 -0.02313
vn -0.29265 -0.95494 -0.04944
vn -0.44530 -0.89229 -0.07437
vn -0.58554 -0.80479 -0.09723
vn -0.70948 -0.69488 -0.11738
vn -0.81367 -0.56561 -0.13426
vn -0.89519 -0.42059 -0.14740
vn -0.95179 -0.26386 -0.15644
vn -0.98188 -0.09978 -0.16112
vn -0.98462 0.06708 -0.16132
vn -0.95994 0.23207 -0.15702
vn -0.90853 0.39060 -0.14835
vn -0.83181 0.53825 -0.13555
vn -0.73193 0.67091 -0.11897
vn -0.61167 0.78488 -0.09908
vn -0.47438 0.87700 -0.07643
vn -0.32387 0.94469 -0.05165
vn -0.16434 0.98608 -0.02543
vn -0.04133 0.99913 -0.00601
vn -0.04043 0.99913 -0.01044
vn -0.16063 0.98608 -0.04305
vn -0.31639 0.94469 -0.08636
vn -0.46333 0.87700 -0.12727
vn -0.59737 0.78488 -0.16463
vn -0.71478 0.67091 -0.19741
vn -0.81228 0.53825 -0.22469
vn -0.88716 0.39060 -0.24571
vn -0.93734 0.23208 -0.25989
vn -0.96141 0.06708 -0.26683
vn -0.95870 -0.09978 -0.26634
vn -0.92930 -0.26386 -0.25843
vn -0.87401 -0.42059 -0.24333
vn -0.79438 -0.56561 -0.22145
vn -0.69263 -0.69488 -0.19340
vn -0.57160 -0.80479 -0.15997
vn -0.43464 -0.89229 -0.12208
vn -0.28559 -0.95494 -0.08079
vn -0.03907 0.99913 -0.01475
vn -0.15503 0.98608 -0.06017
vn -0.30520 0.94469 -0.12006
vn -0.44685 0.87700 -0.17662
vn -0.57607 0.78488 -0.22825
vn -0.68925 0.67091 -0.27353
vn -0.78323 0.53825 -0.31119
vn -0.85540 0.39060 -0.34019
vn -0.90374 0.23208 -0.35971
vn -0.92692 0.06708 -0.36921
vn -0.92428 -0.09978 -0.36843
vn -0.89591 -0.26386 -0.35739
vn -0.84258 -0.42059 -0.33640
vn -0.76578 -0.56561 -0.30604
vn -0.66766 -0.69488 -0.26715
vn -0.55095 -0.80479 -0.22083
vn -0.41890 -0.89229 -0.16836
vn -0.27518 -0.95494 -0.11120
vn -0.11756 -0.99100 -0.06402
vn -0.26154 -0.95494 -0.14030
vn -0.39824 -0.89229 -0.21266
vn -0.52384 -0.80479 -0.27910
vn -0.63487 -0.69488 -0.33777
vn -0.72821 -0.56561 -0.38704
vn -0.80127 -0.42059 -0.42552
vn -0.85201 -0.26386 -0.45216
vn -0.87903 -0.09978 -0.46620
vn -0.88157 0.06708 -0.46726
vn -0.85955 0.23207 -0.45531
vn -0.81360 0.39060 -0.43068
vn -0.74499 0.53825 -0.39405
vn -0.65563 0.67091 -0.34645
vn -0.54802 0.78488 -0.28920
vn -0.42514 0.87700 -0.22389
vn -0.29042 0.94469 -0.15236
vn -0.14762 0.98608 -0.07658
vn -0.03724 0.99913 -0.01889
vn -0.03498 0.99913 -0.02281
vn -0.13848 0.98608 -0.09209
vn -0.27225 0.94469 -0.18286
vn -0.39844 0.87700 -0.26855
vn -0.51354 0.78488 -0.34675
vn -0.61433 0.67091 -0.41530
vn -0.69802 0.53825 -0.47229
vn -0.76227 0.39060 -0.51612
vn -0.80529 0.23207 -0.54558
vn -0.82588 0.06708 -0.55984
vn -0.82347 -0.09978 -0.55851
vn -0.79813 -0.26386 -0.54163
vn -0.75056 -0.42060 -0.50966
vn -0.68209 -0.56561 -0.46350
vn -0.59462 -0.69488 -0.40443
vn -0.49060 -0.80479 -0.33410
vn -0.37291 -0.89229 -0.25447
vn -0.24484 -0.95494 -0.16775
vn -0.03231 0.99913 -0.02646
vn -0.12771 0.98608 -0.10652
vn -0.25088 0.94469 -0.21123
vn -0.36707 0.87700 -0.31005
vn -0.47304 0.78488 -0.40024
vn -0.56583 0.67091 -0.47929
vn -0.64286 0.53825 -0.54499
vn -0.70200 0.39060 -0.59551
vn -0.74158 0.23207 -0.62944
vn -0.76051 0.06708 -0.64585
vn -0.75826 -0.09978 -0.64427
vn -0.73489 -0.26386 -0.62475
vn -0.69106 -0.42059 -0.58782
vn -0.62798 -0.56561 -0.53453
vn -0.54741 -0.69488 -0.46635
vn -0.45160 -0.80479 -0.38519
vn -0.34321 -0.89229 -0.29330
vn -0.22527 -0.95494 -0.19324
vn -0.09096 -0.99100 -0.09821
vn -0.20305 -0.95494 -0.21646
vn -0.30949 -0.89229 -0.32869
vn -0.40730 -0.80479 -0.43176
vn -0.49378 -0.69488 -0.52281
vn -0.56651 -0.56561 -0.59930
vn -0.62345 -0.42059 -0.65910
vn -0.66304 -0.26386 -0.70054
vn -0.68416 -0.09978 -0.72248
vn -0.68622 0.06708 -0.72429
vn -0.66918 0.23207 -0.70593
vn -0.63350 0.39060 -0.66792
vn -0.58017 0.53825 -0.61130
vn -0.51069 0.67091 -0.53766
vn -0.42699 0.78488 -0.44904
vn -0.33139 0.87700 -0.34792
vn -0.22657 0.94469 -0.23711
vn -0.11544 0.98608 -0.11970
vn -0.02926 0.99913 -0.02979
vn -0.05484 -0.99100 -0.12211
vn -0.12331 -0.95494 -0.26997
vn -0.18834 -0.89229 -0.41030
vn -0.24812 -0.80479 -0.53921
vn -0.30100 -0.69488 -0.65310
vn -0.34550 -0.56561 -0.74881
vn -0.38037 -0.42060 -0.82366
vn -0.40465 -0.26386 -0.87558
vn -0.41766 -0.09978 -0.90311
vn -0.41904 0.06708 -0.90549
vn -0.40874 0.23207 -0.88265
vn -0.38707 0.39060 -0.83523
vn -0.35461 0.53825 -0.76455
vn -0.31228 0.67091 -0.67258
vn -0.26126 0.78488 -0.56188
vn -0.20296 0.87700 -0.43552
vn -0.13900 0.94469 -0.29705
vn -0.07118 0.98608 -0.15030
vn -0.01822 0.99913 -0.03758
vn -0.01298 -0.99100 -0.13323
vn -0.03065 -0.95494 -0.29521
vn -0.04747 -0.89229 -0.44896
vn -0.06297 -0.80479 -0.59021
vn -0.07671 -0.69488 -0.71503
vn -0.08831 -0.56561 -0.81993
vn -0.09746 -0.42060 -0.90200
vn -0.10389 -0.26386 -0.95895
vn -0.10743 -0.09978 -0.98919
vn -0.10798 0.06708 -0.99189
vn -0.10552 0.23207 -0.96696
vn -0.10012 0.39060 -0.91510
vn -0.09193 0.53825 -0.83776
vn -0.08118 0.67091 -0.73708
vn -0.06817 0.78488 -0.61588
vn -0.05327 0.87700 -0.47753
vn -0.03688 0.94469 -0.32588
vn -0.01946 0.98608 -0.16516
vn -0.00526 0.99913 -0.04143
vn -0.00075 0.99913 -0.04175
vn -0.00149 0.98608 -0.16629
vn -0.00143 0.94469 -0.32796
vn -0.00133 0.87700 -0.48049
vn -0.00119 0.78488 -0.61964
vn -0.00101 0.67091 -0.74154
vn -0.00081 0.53825 -0.84278
vn -0.00059 0.39060 -0.92056
vn -0.00035 0.23207 -0.97270
vn -0.00010 0.06708 -0.99775
vn 0.00015 -0.09978 -0.99501
vn 0.00040 -0.26386 -0.96456
vn 0.00063 -0.42060 -0.90725
vn 0.00085 -0.56561 -0.82467
vn 0.00105 -0.69488 -0.71913
vn 0.00122 -0.80479 -0.59356
vn 0.00135 -0.89229 -0.45146
vn 0.00144 -0.95494 -0.29679
vn 0.00150 -0.99100 -0.13385
vn 0.00376 0.99913 -0.04159
vn 0.01650 0.98608 -0.16548
vn 0.03404 0.94469 -0.32619
vn 0.05063 0.87700 -0.47782
vn 0.06582 0.78488 -0.61614
vn 0.07917 0.67091 -0.73730
vn 0.09031 0.53825 -0.83793
vn 0.09894 0.39060 -0.91523
vn 0.10482 0.23207 -0.96703
vn 0.10777 0.06708 -0.99191
vn 0.10773 -0.09978 -0.98916
vn 0.10468 -0.26386 -0.95886
vn 0.09872 -0.42059 -0.90186
vn 0.09001 -0.56561 -0.81975
vn 0.07880 -0.69488 -0.71480
vn 0.06538 -0.80479 -0.58994
vn 0.05015 -0.89229 -0.44867
vn 0.03353 -0.95494 -0.29490
vn 0.00824 0.99913 -0.04094
vn 0.03429 0.98608 -0.16273
vn 0.06911 0.94469 -0.32060
vn 0.10200 0.87700 -0.46954
vn 0.13205 0.78488 -0.60541
vn 0.15842 0.67091 -0.72442
vn 0.18038 0.53825 -0.82326
vn 0.19732 0.39060 -0.89916
vn 0.20876 0.23207 -0.95003
vn 0.21439 0.06708 -0.97444
vn 0.21404 -0.09978 -0.97171
vn 0.20774 -0.26386 -0.94192
vn 0.19565 -0.42059 -0.88590
vn 0.17811 -0.56561 -0.80521
vn 0.15562 -0.69488 -0.70209
vn 0.12878 -0.80479 -0.57942
vn 0.09837 -0.89229 -0.44062
vn 0.06521 -0.95494 -0.28954
vn 0.04416 -0.99100 -0.12637
vn 0.09614 -0.95494 -0.28079
vn 0.14543 -0.89229 -0.42740
vn 0.19068 -0.80479 -0.56210
vn 0.23061 -0.69488 -0.68115
vn 0.26413 -0.56561 -0.78123
vn 0.29029 -0.42060 -0.85955
vn 0.30836 -0.26386 -0.91394
vn 0.31785 -0.09978 -0.94288
vn 0.31849 0.06708 -0.94555
vn 0.31025 0.23208 -0.92189
vn 0.29338 0.39060 -0.87256
vn 0.26833 0.53825 -0.79893
vn 0.23581 0.67091 -0.70305
vn 0.19673 0.78488 -0.58759
vn 0.15216 0.87700 -0.45576
vn 0.10336 0.94469 -0.31125
vn 0.05168 0.98608 -0.15806
vn 0.01262 0.99913 -0.03981
vn 0.01685 0.99913 -0.03821
vn 0.06847 0.98608 -0.15155
vn 0.13641 0.94469 -0.29825
vn 0.20055 0.87700 -0.43664
vn 0.25911 0.78488 -0.56287
vn 0.31044 0.67091 -0.67343
vn 0.35314 0.53825 -0.76523
vn 0.38600 0.39061 -0.83572
vn 0.40811 0.23207 -0.88294
vn 0.41885 0.06708 -0.90557
vn 0.41793 -0.09978 -0.90298
vn 0.40537 -0.26386 -0.87524
vn 0.38152 -0.42060 -0.82313
vn 0.34705 -0.56561 -0.74809
vn 0.30291 -0.69488 -0.65222
vn 0.25033 -0.80479 -0.53819
vn 0.19079 -0.89229 -0.40917
vn 0.12593 -0.95494 -0.26875
vn 0.02088 0.99913 -0.03617
vn 0.08445 0.98608 -0.14326
vn 0.16786 0.94469 -0.28175
vn 0.24658 0.87700 -0.41240
vn 0.31844 0.78488 -0.53156
vn 0.38143 0.67091 -0.63592
vn 0.43380 0.53825 -0.72256
vn 0.47409 0.39060 -0.78909
vn 0.50118 0.23207 -0.83364
vn 0.51431 0.06708 -0.85498
vn 0.51311 -0.09978 -0.85250
vn 0.49762 -0.26386 -0.82629
vn 0.46828 -0.42059 -0.77706
vn 0.42589 -0.56561 -0.70619
vn 0.37165 -0.69488 -0.61565
vn 0.30705 -0.80479 -0.50797
vn 0.23391 -0.89229 -0.38614
vn 0.15425 -0.95494 -0.25356
vn 0.08220 -0.99100 -0.10565
vn 0.18076 -0.95494 -0.23540
vn 0.27429 -0.89229 -0.35859
vn 0.36017 -0.80479 -0.47179
vn 0.43603 -0.69488 -0.57186
vn 0.49975 -0.56561 -0.65600
vn 0.54955 -0.42059 -0.72187
vn 0.58404 -0.26386 -0.76764
vn 0.60227 -0.09978 -0.79203
vn 0.60373 0.06708 -0.79436
vn 0.58837 0.23207 -0.77457
vn 0.55663 0.39060 -0.73321
vn 0.50938 0.53825 -0.67143
vn 0.44795 0.67091 -0.59095
vn 0.37405 0.78488 -0.49401
vn 0.28972 0.87700 -0.38332
vn 0.19733 0.94469 -0.26195
vn 0.09945 0.98608 -0.13329
vn 0.02467 0.99913 -0.03370
vn 0.11163 -0.99100 -0.07388
vn 0.24646 -0.95494 -0.16536
vn 0.37443 -0.89229 -0.25224
vn 0.49196 -0.80479 -0.33209
vn 0.59580 -0.69488 -0.40270
vn 0.68305 -0.56561 -0.46209
vn 0.75128 -0.42059 -0.50861
vn 0.79858 -0.26386 -0.54097
vn 0.82364 -0.09978 -0.55826
vn 0.82577 0.06708 -0.56001
vn 0.80490 0.23207 -0.54616
vn 0.76160 0.39061 -0.51709
vn 0.69711 0.53825 -0.47363
vn 0.61320 0.67091 -0.41698
vn 0.51221 0.78488 -0.34872
vn 0.39695 0.87700 -0.27074
vn 0.27065 0.94469 -0.18523
vn 0.13680 0.98608 -0.09456
vn 0.03414 0.99913 -0.02406
vn 0.12938 -0.99100 -0.03436
vn 0.28636 -0.95494 -0.07801
vn 0.43537 -0.89229 -0.11948
vn 0.57224 -0.80479 -0.15762
vn 0.69320 -0.69488 -0.19137
vn 0.79484 -0.56561 -0.21980
vn 0.87435 -0.42060 -0.24210
vn 0.92951 -0.26386 -0.25766
vn 0.95878 -0.09978 -0.26605
vn 0.96135 0.06708 -0.26702
vn 0.93715 0.23207 -0.26056
vn 0.88685 0.39060 -0.24684
vn 0.81185 0.53825 -0.22625
vn 0.71424 0.67091 -0.19936
vn 0.59674 0.78488 -0.16692
vn 0.46262 0.87700 -0.12982
vn 0.31562 0.94469 -0.08912
vn 0.15983 0.98608 -0.04593
vn 0.04003 0.99913 -0.01190
vn 0.29628 -0.95494 0.01751
vn 0.45073 -0.89229 0.02579
vn 0.59262 -0.80479 0.03335
vn 0.71802 -0.69488 0.03998
vn 0.82342 -0.56561 0.04550
vn 0.90588 -0.42059 0.04975
vn 0.96312 -0.26386 0.05262
vn 0.99354 -0.09978 0.05402
vn 0.99629 0.06708 0.05392
vn 0.97129 0.23207 0.05231
vn 0.91924 0.39060 0.04925
vn 0.84159 0.53825 0.04482
vn 0.74051 0.67091 0.03913
vn 0.61880 0.78488 0.03236
vn 0.47986 0.87700 0.02469
vn 0.32755 0.94469 0.01633
vn 0.16613 0.98608 0.00751
vn 0.05008 0.99874 0.00181
vn 0.13185 -0.99100 0.02313
vn 0.29265 -0.95494 0.04944
vn 0.44530 -0.89229 0.07437
vn 0.58554 -0.80479 0.09723
vn 0.70948 -0.69488 0.11738
vn 0.81367 -0.56561 0.13426
vn 0.89519 -0.42059 0.14740
vn 0.95179 -0.26386 0.15644
vn 0.98188 -0.09978 0.16112
vn 0.98462 0.06708 0.16132
vn 0.95994 0.23207 0.15702
vn 0.90853 0.39060 0.14835
vn 0.83181 0.53825 0.13555
vn 0.73193 0.67091 0.11897
vn 0.61167 0.78488 0.09908
vn 0.47438 0.87700 0.07643
vn 0.32387 0.94469 0.05165
vn 0.16434 0.98608 0.02543
vn 0.04133 0.99913 0.00601
vn 0.04043 0.99913 0.01044
vn 0.16063 0.98608 0.04305
vn 0.31639 0.94469 0.08636
vn 0.46333 0.87700 0.12727
vn 0.59738 0.78488 0.16463
vn 0.71478 0.67091 0.19741
vn 0.81228 0.53825 0.22469
vn 0.88716 0.39060 0.24571
vn 0.93734 0.23207 0.25989
vn 0.96141 0.06708 0.26683
vn 0.95870 -0.09978 0.26634
vn 0.92930 -0.26386 0.25843
vn 0.87401 -0.42060 0.24333
vn 0.79438 -0.56561 0.22145
vn 0.69263 -0.69488 0.19340
vn 0.57159 -0.80479 0.15997
vn 0.43465 -0.89229 0.12208
vn 0.28559 -0.95494 0.08079
vn 0.03907 0.99913 0.01475
vn 0.15503 0.98608 0.06017
vn 0.30519 0.94469 0.12006
vn 0.44686 0.87700 0.17662
vn 0.57607 0.78488 0.22825
vn 0.68925 0.67091 0.27353
vn 0.78323 0.53825 0.31119
vn 0.85540 0.39061 0.34019
vn 0.90374 0.23207 0.35971
vn 0.92692 0.06708 0.36921
vn 0.92428 -0.09978 0.36843
vn 0.89591 -0.26386 0.35739
vn 0.84258 -0.42059 0.33640
vn 0.76579 -0.56561 0.30604
vn 0.66766 -0.69488 0.26715
vn 0.55095 -0.80479 0.22083
vn 0.41890 -0.89229 0.16836
vn 0.27518 -0.95494 0.11120
vn 0.11756 -0.99100 0.06402
vn 0.26154 -0.95494 0.14030
vn 0.39824 -0.89229 0.21266
vn 0.52384 -0.80479 0.27910
vn 0.63486 -0.69488 0.33777
vn 0.72821 -0.56561 0.38704
vn 0.80127 -0.42059 0.42552
vn 0.85202 -0.26386 0.45216
vn 0.87903 -0.09978 0.46620
vn 0.88157 0.06708 0.46726
vn 0.85955 0.23207 0.45531
vn 0.81360 0.39060 0.43068
vn 0.74499 0.53825 0.39405
vn 0.65563 0.67091 0.34645
vn 0.54802 0.78488 0.28920
vn 0.42514 0.87700 0.22389
vn 0.29043 0.94469 0.15236
vn 0.14762 0.98608 0.07657
vn 0.03724 0.99913 0.01889
vn 0.03498 0.99913 0.02281
vn 0.13848 0.98608 0.09209
vn 0.27225 0.94469 0.18286
vn 0.39844 0.87700 0.26855
vn 0.51354 0.78488 0.34675
vn 0.61433 0.67091 0.41530
vn 0.69802 0.53825 0.47229
vn 0.76227 0.39060 0.51612
vn 0.80529 0.23208 0.54557
vn 0.82588 0.06708 0.55984
vn 0.82347 -0.09978 0.55851
vn 0.79813 -0.26386 0.54163
vn 0.75056 -0.42059 0.50966
vn 0.68209 -0.56561 0.46350
vn 0.59462 -0.69488 0.40443
vn 0.49060 -0.80479 0.33410
vn 0.37291 -0.89229 0.25447
vn 0.24484 -0.95494 0.16775
vn 0.03231 0.99913 0.02646
vn 0.12771 0.98608 0.10652
vn 0.25088 0.94469 0.21123
vn 0.36707 0.87700 0.31005
vn 0.47304 0.78488 0.40024
vn 0.56583 0.67091 0.47929
vn 0.64286 0.53826 0.54499
vn 0.70200 0.39060 0.59551
vn 0.74158 0.23207 0.62944
vn 0.76051 0.06707 0.64585
vn 0.75826 -0.09978 0.64427
vn 0.73489 -0.26386 0.62475
vn 0.69106 -0.42059 0.58782
vn 0.62798 -0.56561 0.53453
vn 0.54741 -0.69488 0.46635
vn 0.45160 -0.80479 0.38519
vn 0.34321 -0.89229 0.29330
vn 0.22527 -0.95494 0.19324
vn 0.09096 -0.99100 0.09821
vn 0.20305 -0.95494 0.21646
vn 0.30949 -0.89229 0.32869
vn 0.40731 -0.80479 0.43176
vn 0.49378 -0.69488 0.52280
vn 0.56651 -0.56561 0.59930
vn 0.62345 -0.42059 0.65910
vn 0.66304 -0.26386 0.70054
vn 0.68416 -0.09978 0.72248
vn 0.68622 0.06708 0.72429
vn 0.66918 0.23207 0.70593
vn 0.63350 0.39060 0.66792
vn 0.58017 0.53825 0.61130
vn 0.51069 0.67091 0.53766
vn 0.42699 0.78488 0.44904
vn 0.33139 0.87700 0.34792
vn 0.22657 0.94469 0.23711
vn 0.11544 0.98608 0.11970
vn 0.02926 0.99913 0.02979
vn 0.05484 -0.99100 0.12211
vn 0.12331 -0.95494 0.26997
vn 0.18834 -0.89229 0.41030
vn 0.24812 -0.80479 0.53921
vn 0.30100 -0.69488 0.65310
vn 0.34549 -0.56561 0.74881
vn 0.38037 -0.42060 0.82366
vn 0.40465 -0.26386 0.87558
vn 0.41766 -0.09978 0.90311
vn 0.41903 0.06707 0.90549
vn 0.40874 0.23208 0.88265
vn 0.38707 0.39061 0.83523
vn 0.35461 0.53825 0.76455
vn 0.31228 0.67091 0.67258
vn 0.26126 0.78488 0.56188
vn 0.20296 0.87700 0.43553
vn 0.13900 0.94469 0.29705
vn 0.07118 0.98608 0.15030
vn 0.01822 0.99913 0.03758
vn 0.01298 -0.99100 0.13323
vn 0.03065 -0.95494 0.29521
vn 0.04747 -0.89229 0.44896
vn 0.06297 -0.80479 0.59021
vn 0.07671 -0.69488 0.71503
vn 0.08831 -0.56561 0.81993
vn 0.09746 -0.42060 0.90200
vn 0.10389 -0.26386 0.95895
vn 0.10743 -0.09978 0.98919
vn 0.10798 0.06708 0.99189
vn 0.10552 0.23207 0.96696
vn 0.10012 0.39060 0.91510
vn 0.09193 0.53825 0.83776
vn 0.08118 0.67091 0.73708
vn 0.06817 0.78488 0.61588
vn 0.05327 0.87700 0.47753
vn 0.03688 0.94469 0.32588
vn 0.01946 0.98608 0.16516
vn 0.00526 0.99913 0.04143
vn 0.42482 0.90524 -0.00795
vn 0.49316 0.86751 -0.06493
vn 0.48279 0.86751 -0.11974
vn 0.46635 0.86751 -0.17305
vn 0.44404 0.86751 -0.22417
vn 0.41615 0.86751 -0.27248
vn 0.38302 0.86751 -0.31736
vn 0.34508 0.86751 -0.35825
vn 0.30280 0.86751 -0.39463
vn 0.25671 0.86751 -0.42605
vn 0.20740 0.86751 -0.45212
vn 0.15547 0.86751 -0.47250
vn 0.10159 0.86751 -0.48693
vn 0.04643 0.86751 -0.49525
vn -0.00931 0.86751 -0.49733
vn -0.06493 0.86751 -0.49316
vn -0.11974 0.86751 -0.48279
vn -0.17305 0.86751 -0.46635
vn -0.22417 0.86751 -0.44404
vn -0.27248 0.86751 -0.41615
vn -0.31736 0.86751 -0.38302
vn -0.35825 0.86751 -0.34508
vn -0.39463 0.86751 -0.30280
vn -0.42605 0.86751 -0.25671
vn -0.45212 0.86751 -0.20740
vn -0.47250 0.86751 -0.15547
vn -0.48693 0.86751 -0.10159
vn -0.49525 0.86751 -0.04643
vn -0.42482 0.90524 0.00795
vn -0.49316 0.86751 0.06493
vn -0.48279 0.86751 0.11974
vn -0.46635 0.86751 0.17305
vn -0.44404 0.86751 0.22417
vn -0.41615 0.86751 0.27248
vn -0.38302 0.86751 0.31736
vn -0.34508 0.86751 0.35825
vn -0.30280 0.86751 0.39463
vn -0.25671 0.86751 0.42605
vn -0.20740 0.86751 0.45212
vn -0.15547 0.86751 0.47250
vn -0.10159 0.86751 0.48693
vn -0.04643 0.86751 0.49525
vn 0.00931 0.86751 0.49733
vn 0.06493 0.86751 0.49316
vn 0.11974 0.86751 0.48279
vn 0.17305 0.86751 0.46635
vn 0.22417 0.86751 0.44404
vn 0.27248 0.86751 0.41615
vn 0.31736 0.86751 0.38302
vn 0.35825 0.86751 0.34508
vn 0.39463 0.86751 0.30280
vn 0.42605 0.86751 0.25671
vn 0.45212 0.86751 0.20740
vn 0.47250 0.86751 0.15547
vn 0.48693 0.86751 0.10159
vn 0.49525 0.86751 0.04643
vn -0.22938 -0.09192 0.96899
vn -0.11945 -0.09192 0.98858
vn -0.13181 -0.61708 0.77578
vn -0.14835 -0.74543 0.64986
vn -0.18465 -0.74493 0.64108
vn -0.32903 -0.08811 0.94020
vn -0.27358 -0.61756 0.73741
vn -0.43925 -0.09192 0.89365
vn -0.22821 -0.85044 0.47400
vn -0.38064 -0.61708 0.68871
vn -0.53654 -0.09192 0.83885
vn -0.35468 -0.74541 0.56442
vn -0.38603 -0.74493 0.54412
vn -0.62110 -0.08811 0.77876
vn -0.50178 -0.61756 0.60567
vn -0.70975 -0.09192 0.69843
vn -0.37195 -0.85043 0.37204
vn -0.58675 -0.61708 0.52435
vn -0.78349 -0.09192 0.61457
vn -0.52122 -0.74538 0.41562
vn -0.54408 -0.74491 0.38610
vn -0.84346 -0.08810 0.52993
vn -0.67367 -0.61755 0.40596
vn -0.90060 -0.09192 0.42482
vn -0.47396 -0.85043 0.22832
vn -0.72701 -0.61707 0.30114
vn -0.94250 -0.09192 0.32131
vn -0.49655 -0.85044 0.17374
vn -0.75616 -0.61706 0.21784
vn -0.97115 -0.08810 0.22161
vn -0.76995 -0.61755 0.16067
vn -0.99037 -0.09192 0.10353
vn -0.52278 -0.85043 0.05898
vn -0.78567 -0.61707 0.04412
vn -0.99573 -0.09192 -0.00801
vn -0.52606 -0.85045 0.00000
vn -0.78567 -0.61707 -0.04412
vn -0.98984 -0.08811 -0.11157
vn -0.77981 -0.61754 -0.10264
vn -0.96899 -0.09192 -0.22938
vn -0.51293 -0.85042 -0.11699
vn -0.75616 -0.61706 -0.21785
vn -0.93721 -0.09192 -0.33643
vn -0.49655 -0.85044 -0.17374
vn -0.72701 -0.61707 -0.30114
vn -0.89745 -0.08810 -0.43224
vn -0.70216 -0.61753 -0.35444
vn -0.83885 -0.09192 -0.53654
vn -0.44552 -0.85041 -0.27983
vn -0.64178 -0.61705 -0.45537
vn -0.77350 -0.09192 -0.62709
vn -0.41131 -0.85044 -0.32798
vn -0.58675 -0.61708 -0.52435
vn -0.70433 -0.08811 -0.70439
vn -0.54570 -0.61752 -0.56647
vn -0.61457 -0.09192 -0.78349
vn -0.32811 -0.85040 -0.41129
vn -0.45537 -0.61705 -0.64179
vn -0.52298 -0.09192 -0.84737
vn -0.27991 -0.85044 -0.44542
vn -0.38064 -0.61708 -0.68871
vn -0.43216 -0.08810 -0.89748
vn -0.32799 -0.61751 -0.71492
vn -0.32131 -0.09192 -0.94250
vn -0.17387 -0.85039 -0.49659
vn -0.21785 -0.61704 -0.75618
vn -0.21376 -0.09192 -0.97255
vn -0.11709 -0.85044 -0.51287
vn -0.13181 -0.61708 -0.77578
vn -0.11149 -0.08811 -0.98985
vn -0.07346 -0.61749 -0.78314
vn 0.00004 -0.08811 -0.99611
vn 0.01232 -0.74540 -0.66650
vn 0.11945 -0.09192 -0.98858
vn 0.05886 -0.85044 -0.52277
vn 0.13181 -0.61708 -0.77578
vn 0.22938 -0.09192 -0.96899
vn 0.14835 -0.74543 -0.64986
vn 0.18466 -0.74493 -0.64108
vn 0.32904 -0.08811 -0.94020
vn 0.27358 -0.61756 -0.73741
vn 0.43925 -0.09192 -0.89365
vn 0.22821 -0.85044 -0.47400
vn 0.38064 -0.61708 -0.68871
vn 0.53654 -0.09192 -0.83885
vn 0.35468 -0.74541 -0.56442
vn 0.38603 -0.74493 -0.54412
vn 0.62110 -0.08811 -0.77876
vn 0.50178 -0.61756 -0.60567
vn 0.70975 -0.09192 -0.69843
vn 0.37195 -0.85043 -0.37204
vn 0.58675 -0.61708 -0.52435
vn 0.78349 -0.09192 -0.61457
vn 0.52122 -0.74538 -0.41562
vn 0.54408 -0.74491 -0.38610
vn 0.84346 -0.08810 -0.52992
vn 0.67367 -0.61755 -0.40595
vn 0.90060 -0.09192 -0.42482
vn 0.47396 -0.85043 -0.22832
vn 0.72701 -0.61707 -0.30113
vn 0.94250 -0.09192 -0.32131
vn 0.49655 -0.85044 -0.17374
vn 0.75616 -0.61706 -0.21785
vn 0.97115 -0.08811 -0.22161
vn 0.76995 -0.61755 -0.16068
vn 0.99037 -0.09192 -0.10353
vn 0.52278 -0.85043 -0.05898
vn 0.78567 -0.61707 -0.04412
vn 0.99573 -0.09192 0.00801
vn 0.52606 -0.85044 0.00000
vn 0.78567 -0.61707 0.04412
vn 0.98984 -0.08810 0.11157
vn 0.77981 -0.61754 0.10264
vn 0.96899 -0.09192 0.22938
vn 0.51293 -0.85042 0.11699
vn 0.75616 -0.61706 0.21784
vn 0.93721 -0.09192 0.33643
vn 0.49655 -0.85044 0.17374
vn 0.72701 -0.61707 0.30113
vn 0.89745 -0.08811 0.43223
vn 0.70216 -0.61753 0.35444
vn 0.83885 -0.09192 0.53654
vn 0.44552 -0.85041 0.27984
vn 0.64178 -0.61705 0.45537
vn 0.77350 -0.09192 0.62709
vn 0.41130 -0.85044 0.32798
vn 0.58675 -0.61708 0.52435
vn 0.70433 -0.08811 0.70439
vn 0.54570 -0.61752 0.56647
vn 0.61457 -0.09192 0.78349
vn 0.32811 -0.85040 0.41129
vn 0.45537 -0.61705 0.64179
vn 0.52298 -0.09192 0.84737
vn 0.27991 -0.85044 0.44542
vn 0.38064 -0.61708 0.68871
vn 0.43216 -0.08811 0.89748
vn 0.32799 -0.61751 0.71492
vn 0.32131 -0.09192 0.94250
vn 0.17387 -0.85039 0.49659
vn 0.21785 -0.61704 0.75618
vn 0.21376 -0.09192 0.97255
vn 0.11710 -0.85044 0.51287
vn 0.13181 -0.61708 0.77578
vn 0.11149 -0.08810 0.98985
vn 0.07346 -0.61749 0.78314
vn -0.00004 -0.08810 0.99611
vn -0.01232 -0.74540 0.66650
vn -0.05886 -0.85044 0.52277
vn 0.11188 -0.03454 0.99312
vn 0.22237 -0.03454 0.97435
vn 0.33007 -0.03454 0.94333
vn 0.43361 -0.03454 0.90044
vn 0.53170 -0.03454 0.84623
vn 0.62310 -0.03454 0.78138
vn 0.70667 -0.03454 0.70670
vn 0.78135 -0.03454 0.62313
vn 0.84621 -0.03454 0.53173
vn 0.90042 -0.03454 0.43364
vn 0.94331 -0.03454 0.33010
vn 0.97434 -0.03454 0.22241
vn 0.99312 -0.03454 0.11192
vn 0.99940 -0.03454 0.00002
vn 0.99312 -0.03454 -0.11188
vn 0.97435 -0.03454 -0.22237
vn 0.94333 -0.03454 -0.33007
vn 0.90044 -0.03454 -0.43361
vn 0.84623 -0.03454 -0.53170
vn 0.78138 -0.03454 -0.62310
vn 0.70670 -0.03454 -0.70667
vn 0.62313 -0.03454 -0.78135
vn 0.53173 -0.03454 -0.84621
vn 0.43364 -0.03454 -0.90042
vn 0.33010 -0.03454 -0.94331
vn 0.22241 -0.03454 -0.97434
vn 0.11191 -0.03454 -0.99312
vn 0.00002 -0.03454 -0.99940
vn -0.11188 -0.03454 -0.99312
vn -0.22237 -0.03454 -0.97435
vn -0.33007 -0.03454 -0.94333
vn -0.43361 -0.03454 -0.90044
vn -0.53170 -0.03454 -0.84623
vn -0.62310 -0.03454 -0.78138
vn -0.70667 -0.03454 -0.70670
vn -0.78135 -0.03454 -0.62313
vn -0.84621 -0.03454 -0.53173
vn -0.90042 -0.03454 -0.43364
vn -0.94331 -0.03454 -0.33010
vn -0.97434 -0.03454 -0.22240
vn -0.99312 -0.03454 -0.11191
vn -0.99940 -0.03454 -0.00002
vn -0.99312 -0.03454 0.11188
vn -0.97435 -0.03454 0.22237
vn -0.94333 -0.03454 0.33007
vn -0.90044 -0.03454 0.43361
vn -0.84623 -0.03454 0.53170
vn -0.78138 -0.03454 0.62310
vn -0.70670 -0.03454 0.70667
vn -0.62313 -0.03454 0.78135
vn -0.53173 -0.03454 0.84621
vn -0.43364 -0.03454 0.90042
vn -0.33010 -0.03454 0.94331
vn -0.22241 -0.03454 0.97434
vn -0.11192 -0.03454 0.99312
vn -0.00002 -0.03454 0.99940
vn 0.11195 0.01913 0.99353
vn 0.22249 0.01913 0.97475
vn 0.33023 0.01913 0.94371
vn 0.43381 0.01913 0.90080
vn 0.53194 0.01913 0.84656
vn 0.62338 0.01913 0.78168
vn 0.70698 0.01913 0.70697
vn 0.78169 0.01913 0.62337
vn 0.84657 0.01913 0.53193
vn 0.90081 0.01913 0.43380
vn 0.94371 0.01913 0.33021
vn 0.97475 0.01913 0.22247
vn 0.99353 0.01913 0.11194
vn 0.99982 0.01913 -0.00001
vn 0.99353 0.01913 -0.11195
vn 0.97475 0.01913 -0.22249
vn 0.94371 0.01913 -0.33023
vn 0.90080 0.01913 -0.43381
vn 0.84656 0.01913 -0.53194
vn 0.78168 0.01913 -0.62338
vn 0.70697 0.01913 -0.70698
vn 0.62337 0.01913 -0.78169
vn 0.53193 0.01913 -0.84657
vn 0.43380 0.01913 -0.90081
vn 0.33021 0.01913 -0.94371
vn 0.22247 0.01913 -0.97475
vn 0.11193 0.01913 -0.99353
vn -0.00001 0.01913 -0.99982
vn -0.11195 0.01913 -0.99353
vn -0.22249 0.01913 -0.97475
vn -0.33023 0.01913 -0.94371
vn -0.43381 0.01913 -0.90080
vn -0.53194 0.01913 -0.84656
vn -0.62338 0.01913 -0.78168
vn -0.70698 0.01913 -0.70697
vn -0.78169 0.01913 -0.62337
vn -0.84657 0.01913 -0.53193
vn -0.90081 0.01913 -0.43380
vn -0.94371 0.01913 -0.33021
vn -0.97475 0.01913 -0.22247
vn -0.99353 0.01913 -0.11193
vn -0.99982 0.01913 0.00001
vn -0.99353 0.01913 0.11195
vn -0.97475 0.01913 0.22249
vn -0.94371 0.01913 0.33023
vn -0.90080 0.01913 0.43381
vn -0.84656 0.01913 0.53194
vn -0.78168 0.01913 0.62338
vn -0.70697 0.01913 0.70698
vn -0.62337 0.01913 0.78169
vn -0.53193 0.01913 0.84657
vn -0.43380 0.01913 0.90081
vn -0.33021 0.01913 0.94371
vn -0.22247 0.01913 0.97475
vn -0.11194 0.01913 0.99353
vn 0.00001 0.01913 0.99982
vn 0.11170 0.07274 0.99108
vn 0.22197 0.07274 0.97234
vn 0.32944 0.07274 0.94137
vn 0.43277 0.07274 0.89857
vn 0.53065 0.07274 0.84446
vn 0.62187 0.07274 0.77974
vn 0.70526 0.07274 0.70521
vn 0.77978 0.07274 0.62181
vn 0.84450 0.07274 0.53059
vn 0.89860 0.07274 0.43270
vn 0.94140 0.07274 0.32937
vn 0.97235 0.07274 0.22190
vn 0.99108 0.07274 0.11163
vn 0.99735 0.07274 -0.00004
vn 0.99108 0.07274 -0.11170
vn 0.97234 0.07274 -0.22197
vn 0.94137 0.07274 -0.32944
vn 0.89857 0.07274 -0.43277
vn 0.84446 0.07274 -0.53065
vn 0.77974 0.07274 -0.62187
vn 0.70521 0.07274 -0.70526
vn 0.62181 0.07274 -0.77978
vn 0.53059 0.07274 -0.84450
vn 0.43270 0.07274 -0.89860
vn 0.32937 0.07274 -0.94139
vn 0.22190 0.07274 -0.97235
vn 0.11163 0.07274 -0.99108
vn -0.00004 0.07274 -0.99735
vn -0.11170 0.07274 -0.99108
vn -0.22197 0.07274 -0.97234
vn -0.32944 0.07274 -0.94137
vn -0.43277 0.07274 -0.89857
vn -0.53065 0.07274 -0.84446
vn -0.62187 0.07274 -0.77974
vn -0.70526 0.07274 -0.70521
vn -0.77978 0.07274 -0.62181
vn -0.84450 0.07274 -0.53059
vn -0.89860 0.07274 -0.43270
vn -0.94139 0.07274 -0.32937
vn -0.97235 0.07274 -0.22190
vn -0.99108 0.07274 -0.11163
vn -0.99735 0.07274 0.00004
vn -0.99108 0.07274 0.11170
vn -0.97234 0.07274 0.22197
vn -0.94137 0.07274 0.32944
vn -0.89857 0.07274 0.43277
vn -0.84446 0.07274 0.53065
vn -0.77974 0.07274 0.62187
vn -0.70521 0.07274 0.70526
vn -0.62181 0.07274 0.77978
vn -0.53059 0.07274 0.84450
vn -0.43270 0.07274 0.89860
vn -0.32937 0.07274 0.94140
vn -0.22190 0.07274 0.97235
vn -0.11163 0.07274 0.99108
vn 0.00004 0.07274 0.99735
vn 0.11113 0.12614 0.98577
vn 0.22081 0.12614 0.96713
vn 0.32770 0.12614 0.93632
vn 0.43047 0.12614 0.89374
vn 0.52784 0.12614 0.83993
vn 0.61856 0.12614 0.77555
vn 0.70150 0.12614 0.70141
vn 0.77563 0.12614 0.61846
vn 0.83999 0.12614 0.52773
vn 0.89380 0.12614 0.43036
vn 0.93636 0.12614 0.32758
vn 0.96715 0.12614 0.22068
vn 0.98578 0.12614 0.11101
vn 0.99201 0.12614 -0.00006
vn 0.98577 0.12614 -0.11113
vn 0.96713 0.12614 -0.22081
vn 0.93632 0.12614 -0.32770
vn 0.89374 0.12614 -0.43047
vn 0.83993 0.12614 -0.52784
vn 0.77555 0.12614 -0.61856
vn 0.70141 0.12614 -0.70150
vn 0.61846 0.12614 -0.77563
vn 0.52773 0.12614 -0.83999
vn 0.43036 0.12614 -0.89380
vn 0.32758 0.12614 -0.93636
vn 0.22068 0.12614 -0.96715
vn 0.11101 0.12614 -0.98578
vn -0.00006 0.12614 -0.99201
vn -0.11113 0.12614 -0.98577
vn -0.22081 0.12614 -0.96713
vn -0.32770 0.12614 -0.93632
vn -0.43048 0.12614 -0.89374
vn -0.52784 0.12614 -0.83993
vn -0.61856 0.12614 -0.77555
vn -0.70150 0.12614 -0.70141
vn -0.77563 0.12614 -0.61846
vn -0.83999 0.12614 -0.52773
vn -0.89380 0.12614 -0.43036
vn -0.93636 0.12614 -0.32758
vn -0.96715 0.12614 -0.22068
vn -0.98578 0.12614 -0.11101
vn -0.99201 0.12614 0.00006
vn -0.98577 0.12614 0.11113
vn -0.96713 0.12614 0.22081
vn -0.93632 0.12614 0.32770
vn -0.89374 0.12614 0.43048
vn -0.83993 0.12614 0.52784
vn -0.77555 0.12614 0.61856
vn -0.70141 0.12614 0.70150
vn -0.61846 0.12614 0.77563
vn -0.52773 0.12614 0.83999
vn -0.43036 0.12614 0.89380
vn -0.32758 0.12614 0.93636
vn -0.22068 0.12614 0.96715
vn -0.11101 0.12614 0.98578
vn 0.00006 0.12614 0.99201
vn 0.11024 0.17918 0.97762
vn 0.21901 0.17918 0.95913
vn 0.32502 0.17918 0.92858
vn 0.42694 0.17918 0.88635
vn 0.52350 0.17918 0.83297
vn 0.61347 0.17918 0.76912
vn 0.69573 0.17918 0.69560
vn 0.76923 0.17918 0.61333
vn 0.83307 0.17918 0.52335
vn 0.88643 0.17918 0.42678
vn 0.92864 0.17918 0.32485
vn 0.95917 0.17918 0.21883
vn 0.97764 0.17918 0.11006
vn 0.98382 0.17918 -0.00009
vn 0.97762 0.17918 -0.11024
vn 0.95913 0.17918 -0.21901
vn 0.92858 0.17918 -0.32502
vn 0.88635 0.17918 -0.42694
vn 0.83297 0.17918 -0.52350
vn 0.76912 0.17918 -0.61347
vn 0.69560 0.17918 -0.69573
vn 0.61333 0.17918 -0.76923
vn 0.52335 0.17918 -0.83307
vn 0.42678 0.17918 -0.88643
vn 0.32485 0.17918 -0.92864
vn 0.21883 0.17918 -0.95917
vn 0.11006 0.17918 -0.97764
vn -0.00009 0.17918 -0.98382
vn -0.11024 0.17918 -0.97762
vn -0.21901 0.17918 -0.95913
vn -0.32502 0.17918 -0.92858
vn -0.42694 0.17918 -0.88635
vn -0.52350 0.17918 -0.83297
vn -0.61347 0.17918 -0.76912
vn -0.69573 0.17918 -0.69560
vn -0.76923 0.17918 -0.61333
vn -0.83307 0.17918 -0.52335
vn -0.88643 0.17918 -0.42678
vn -0.92864 0.17918 -0.32485
vn -0.95917 0.17918 -0.21883
vn -0.97764 0.17918 -0.11006
vn -0.98382 0.17918 0.00009
vn -0.97762 0.17918 0.11024
vn -0.95913 0.17918 0.21901
vn -0.92858 0.17918 0.32502
vn -0.88635 0.17918 0.42694
vn -0.83297 0.17918 0.52350
vn -0.76912 0.17918 0.61347
vn -0.69560 0.17918 0.69573
vn -0.61333 0.17918 0.76923
vn -0.52335 0.17918 0.83307
vn -0.42678 0.17918 0.88643
vn -0.32485 0.17918 0.92864
vn -0.21883 0.17918 0.95917
vn -0.11006 0.17918 0.97764
vn 0.00009 0.17918 0.98382
vn 0.10903 0.23170 0.96666
vn 0.21658 0.23170 0.94837
vn 0.32140 0.23170 0.91816
vn 0.42218 0.23170 0.87640
vn 0.51765 0.23170 0.82362
vn 0.60661 0.23170 0.76048
vn 0.68795 0.23170 0.68778
vn 0.76063 0.23170 0.60643
vn 0.82374 0.23170 0.51746
vn 0.87650 0.23170 0.42197
vn 0.91824 0.23170 0.32118
vn 0.94842 0.23170 0.21635
vn 0.96668 0.23170 0.10880
vn 0.97279 0.23170 -0.00012
vn 0.96666 0.23170 -0.10903
vn 0.94837 0.23170 -0.21658
vn 0.91816 0.23170 -0.32140
vn 0.87640 0.23170 -0.42218
vn 0.82362 0.23170 -0.51765
vn 0.76048 0.23170 -0.60661
vn 0.68778 0.23170 -0.68795
vn 0.60643 0.23170 -0.76063
vn 0.51746 0.23170 -0.82374
vn 0.42197 0.23170 -0.87650
vn 0.32118 0.23170 -0.91824
vn 0.21635 0.23170 -0.94842
vn 0.10880 0.23170 -0.96668
vn -0.00012 0.23170 -0.97279
vn -0.10903 0.23170 -0.96666
vn -0.21658 0.23170 -0.94837
vn -0.32140 0.23170 -0.91816
vn -0.42218 0.23170 -0.87640
vn -0.51765 0.23170 -0.82362
vn -0.60661 0.23170 -0.76048
vn -0.68795 0.23170 -0.68778
vn -0.76063 0.23170 -0.60643
vn -0.82374 0.23170 -0.51746
vn -0.87650 0.23170 -0.42197
vn -0.91824 0.23170 -0.32118
vn -0.94842 0.23170 -0.21635
vn -0.96668 0.23170 -0.10880
vn -0.97279 0.23170 0.00012
vn -0.96666 0.23170 0.10903
vn -0.94837 0.23170 0.21658
vn -0.91816 0.23170 0.32140
vn -0.87640 0.23170 0.42218
vn -0.82362 0.23170 0.51765
vn -0.76048 0.23170 0.60661
vn -0.68778 0.23170 0.68795
vn -0.60643 0.23170 0.76063
vn -0.51746 0.23170 0.82374
vn -0.42197 0.23170 0.87650
vn -0.32118 0.23170 0.91824
vn -0.21635 0.23170 0.94842
vn -0.10880 0.23170 0.96668
vn 0.00012 0.23170 0.97279
vn 0.10751 0.28356 0.95291
vn 0.21353 0.28356 0.93488
vn 0.31686 0.28356 0.90510
vn 0.41620 0.28356 0.86393
vn 0.51032 0.28356 0.81189
vn 0.59801 0.28356 0.74965
vn 0.67818 0.28356 0.67798
vn 0.74983 0.28356 0.59779
vn 0.81205 0.28356 0.51008
vn 0.86405 0.28356 0.41595
vn 0.90519 0.28356 0.31659
vn 0.93494 0.28356 0.21325
vn 0.95294 0.28356 0.10723
vn 0.95896 0.28356 -0.00014
vn 0.95291 0.28356 -0.10751
vn 0.93488 0.28356 -0.21353
vn 0.90510 0.28356 -0.31686
vn 0.86393 0.28356 -0.41620
vn 0.81189 0.28356 -0.51032
vn 0.74965 0.28356 -0.59801
vn 0.67798 0.28356 -0.67818
vn 0.59779 0.28356 -0.74983
vn 0.51007 0.28356 -0.81205
vn 0.41595 0.28356 -0.86405
vn 0.31659 0.28356 -0.90519
vn 0.21325 0.28356 -0.93494
vn 0.10723 0.28356 -0.95294
vn -0.00014 0.28356 -0.95896
vn -0.10751 0.28356 -0.95291
vn -0.21353 0.28356 -0.93488
vn -0.31686 0.28356 -0.90510
vn -0.41620 0.28356 -0.86393
vn -0.51032 0.28356 -0.81190
vn -0.59801 0.28356 -0.74965
vn -0.67818 0.28356 -0.67798
vn -0.74983 0.28356 -0.59779
vn -0.81205 0.28356 -0.51007
vn -0.86405 0.28356 -0.41595
vn -0.90519 0.28356 -0.31659
vn -0.93494 0.28356 -0.21325
vn -0.95294 0.28356 -0.10723
vn -0.95896 0.28356 0.00014
vn -0.95291 0.28356 0.10751
vn -0.93488 0.28356 0.21353
vn -0.90510 0.28356 0.31686
vn -0.86393 0.28356 0.41620
vn -0.81190 0.28356 0.51032
vn -0.74965 0.28356 0.59801
vn -0.67798 0.28356 0.67818
vn -0.59779 0.28356 0.74983
vn -0.51008 0.28356 0.81205
vn -0.41595 0.28356 0.86405
vn -0.31659 0.28356 0.90519
vn -0.21325 0.28356 0.93494
vn -0.10723 0.28356 0.95294
vn 0.00014 0.28356 0.95896
vn 0.10568 0.33460 0.93642
vn 0.20986 0.33460 0.91870
vn 0.31140 0.33460 0.88942
vn 0.40903 0.33460 0.84897
vn 0.50151 0.33460 0.79783
vn 0.58768 0.33460 0.73666
vn 0.66647 0.33460 0.66623
vn 0.73687 0.33460 0.58742
vn 0.79801 0.33460 0.50123
vn 0.84911 0.33460 0.40872
vn 0.88954 0.33460 0.31108
vn 0.91877 0.33460 0.20953
vn 0.93646 0.33460 0.10534
vn 0.94236 0.33460 -0.00017
vn 0.93642 0.33460 -0.10568
vn 0.91870 0.33460 -0.20986
vn 0.88942 0.33460 -0.31140
vn 0.84897 0.33460 -0.40903
vn 0.79783 0.33460 -0.50151
vn 0.73666 0.33460 -0.58768
vn 0.66623 0.33460 -0.66647
vn 0.58742 0.33460 -0.73687
vn 0.50123 0.33460 -0.79801
vn 0.40872 0.33460 -0.84911
vn 0.31108 0.33460 -0.88954
vn 0.20953 0.33460 -0.91877
vn 0.10534 0.33460 -0.93646
vn -0.00017 0.33460 -0.94236
vn -0.10568 0.33460 -0.93642
vn -0.20986 0.33460 -0.91870
vn -0.31140 0.33460 -0.88942
vn -0.40903 0.33460 -0.84897
vn -0.50151 0.33460 -0.79783
vn -0.58768 0.33460 -0.73666
vn -0.66647 0.33460 -0.66623
vn -0.73687 0.33460 -0.58742
vn -0.79801 0.33460 -0.50123
vn -0.84911 0.33460 -0.40872
vn -0.88954 0.33460 -0.31108
vn -0.91877 0.33460 -0.20953
vn -0.93646 0.33460 -0.10534
vn -0.94236 0.33460 0.00017
vn -0.93642 0.33460 0.10568
vn -0.91870 0.33460 0.20986
vn -0.88942 0.33460 0.31140
vn -0.84897 0.33460 0.40903
vn -0.79783 0.33460 0.50151
vn -0.73666 0.33460 0.58768
vn -0.66623 0.33460 0.66647
vn -0.58742 0.33460 0.73687
vn -0.50123 0.33460 0.79801
vn -0.40872 0.33460 0.84911
vn -0.31108 0.33460 0.88954
vn -0.20953 0.33460 0.91877
vn -0.10534 0.33460 0.93646
vn 0.00017 0.33460 0.94236
vn 0.10354 0.38467 0.91723
vn 0.20559 0.38467 0.89987
vn 0.30505 0.38467 0.87119
vn 0.40067 0.38467 0.83156
vn 0.49126 0.38467 0.78147
vn 0.57567 0.38467 0.72155
vn 0.65283 0.38467 0.65256
vn 0.72179 0.38467 0.57536
vn 0.78168 0.38467 0.49093
vn 0.83173 0.38467 0.40032
vn 0.87132 0.38467 0.30468
vn 0.89995 0.38467 0.20521
vn 0.91727 0.38467 0.10316
vn 0.92305 0.38467 -0.00019
vn 0.91723 0.38467 -0.10354
vn 0.89987 0.38467 -0.20559
vn 0.87119 0.38467 -0.30505
vn 0.83156 0.38467 -0.40067
vn 0.78147 0.38467 -0.49126
vn 0.72155 0.38467 -0.57567
vn 0.65256 0.38467 -0.65283
vn 0.57536 0.38467 -0.72179
vn 0.49093 0.38467 -0.78167
vn 0.40032 0.38467 -0.83173
vn 0.30468 0.38467 -0.87132
vn 0.20521 0.38467 -0.89995
vn 0.10316 0.38467 -0.91727
vn -0.00019 0.38467 -0.92305
vn -0.10354 0.38467 -0.91723
vn -0.20559 0.38467 -0.89987
vn -0.30505 0.38467 -0.87119
vn -0.40067 0.38467 -0.83156
vn -0.49126 0.38467 -0.78147
vn -0.57567 0.38467 -0.72155
vn -0.65283 0.38467 -0.65256
vn -0.72179 0.38467 -0.57536
vn -0.78167 0.38467 -0.49093
vn -0.83173 0.38467 -0.40032
vn -0.87132 0.38467 -0.30468
vn -0.89995 0.38467 -0.20521
vn -0.91727 0.38467 -0.10316
vn -0.92305 0.38467 0.00019
vn -0.91723 0.38467 0.10354
vn -0.89987 0.38467 0.20559
vn -0.87119 0.38467 0.30505
vn -0.83156 0.38467 0.40067
vn -0.78147 0.38467 0.49126
vn -0.72155 0.38467 0.57567
vn -0.65256 0.38467 0.65283
vn -0.57536 0.38467 0.72179
vn -0.49093 0.38467 0.78167
vn -0.40032 0.38467 0.83173
vn -0.30468 0.38467 0.87132
vn -0.20521 0.38467 0.89995
vn -0.10316 0.38467 0.91727
vn 0.00019 0.38467 0.92305
vn 0.10111 0.43364 0.89540
vn 0.20072 0.43364 0.87845
vn 0.29782 0.43364 0.85045
vn 0.39116 0.43364 0.81176
vn 0.47959 0.43364 0.76286
vn 0.56199 0.43364 0.70436
vn 0.63732 0.43364 0.63701
vn 0.70463 0.43364 0.56165
vn 0.76309 0.43364 0.47922
vn 0.81195 0.43364 0.39077
vn 0.85059 0.43364 0.29741
vn 0.87854 0.43364 0.20030
vn 0.89545 0.43364 0.10067
vn 0.90109 0.43364 -0.00022
vn 0.89540 0.43364 -0.10111
vn 0.87845 0.43364 -0.20072
vn 0.85045 0.43364 -0.29782
vn 0.81176 0.43364 -0.39116
vn 0.76286 0.43364 -0.47959
vn 0.70436 0.43364 -0.56199
vn 0.63701 0.43364 -0.63732
vn 0.56165 0.43364 -0.70463
vn 0.47922 0.43364 -0.76309
vn 0.39077 0.43364 -0.81195
vn 0.29741 0.43364 -0.85059
vn 0.20030 0.43364 -0.87854
vn 0.10067 0.43364 -0.89545
vn -0.00022 0.43364 -0.90109
vn -0.10111 0.43364 -0.89540
vn -0.20072 0.43364 -0.87845
vn -0.29782 0.43364 -0.85045
vn -0.39116 0.43364 -0.81176
vn -0.47959 0.43364 -0.76286
vn -0.56199 0.43364 -0.70436
vn -0.63732 0.43364 -0.63701
vn -0.70463 0.43364 -0.56165
vn -0.76309 0.43364 -0.47922
vn -0.81195 0.43364 -0.39077
vn -0.85059 0.43364 -0.29741
vn -0.87854 0.43364 -0.20030
vn -0.89545 0.43364 -0.10067
vn -0.90109 0.43364 0.00022
vn -0.89540 0.43364 0.10111
vn -0.87845 0.43364 0.20072
vn -0.85045 0.43364 0.29782
vn -0.81176 0.43364 0.39116
vn -0.76286 0.43364 0.47959
vn -0.70436 0.43364 0.56199
vn -0.63701 0.43364 0.63732
vn -0.56165 0.43364 0.70463
vn -0.47922 0.43364 0.76309
vn -0.39077 0.43364 0.81195
vn -0.29741 0.43364 0.85059
vn -0.20030 0.43364 0.87854
vn -0.10067 0.43364 0.89545
vn 0.00022 0.43364 0.90109
vn 0.09838 0.48135 0.87099
vn 0.19528 0.48135 0.85450
vn 0.28973 0.48135 0.82726
vn 0.38053 0.48135 0.78962
vn 0.46654 0.48135 0.74205
vn 0.54669 0.48135 0.68515
vn 0.61997 0.48135 0.61963
vn 0.68545 0.48135 0.54632
vn 0.74230 0.48135 0.46614
vn 0.78983 0.48135 0.38009
vn 0.82742 0.48135 0.28927
vn 0.85460 0.48135 0.19481
vn 0.87104 0.48135 0.09790
vn 0.87653 0.48135 -0.00024
vn 0.87099 0.48135 -0.09838
vn 0.85450 0.48135 -0.19528
vn 0.82726 0.48135 -0.28973
vn 0.78962 0.48135 -0.38053
vn 0.74205 0.48135 -0.46654
vn 0.68515 0.48135 -0.54669
vn 0.61963 0.48135 -0.61997
vn 0.54632 0.48135 -0.68545
vn 0.46614 0.48135 -0.74230
vn 0.38009 0.48135 -0.78983
vn 0.28927 0.48135 -0.82742
vn 0.19481 0.48135 -0.85460
vn 0.09790 0.48135 -0.87104
vn -0.00024 0.48135 -0.87653
vn -0.09838 0.48135 -0.87099
vn -0.19528 0.48135 -0.85450
vn -0.28973 0.48135 -0.82726
vn -0.38053 0.48135 -0.78962
vn -0.46654 0.48135 -0.74205
vn -0.54669 0.48135 -0.68515
vn -0.61997 0.48135 -0.61963
vn -0.68545 0.48135 -0.54632
vn -0.74230 0.48135 -0.46614
vn -0.78983 0.48135 -0.38009
vn -0.82742 0.48135 -0.28927
vn -0.85460 0.48135 -0.19481
vn -0.87104 0.48135 -0.09790
vn -0.87653 0.48135 0.00024
vn -0.87099 0.48135 0.09838
vn -0.85450 0.48135 0.19528
vn -0.82726 0.48135 0.28973
vn -0.78962 0.48135 0.38053
vn -0.74205 0.48135 0.46654
vn -0.68515 0.48135 0.54669
vn -0.61963 0.48135 0.61997
vn -0.54632 0.48135 0.68545
vn -0.46614 0.48135 0.74230
vn -0.38009 0.48135 0.78983
vn -0.28927 0.48135 0.82742
vn -0.19481 0.48135 0.85460
vn -0.09790 0.48135 0.87104
vn 0.00024 0.48135 0.87653
vn 0.06648 -0.99768 -0.01497
vn 0.04903 -0.99702 -0.05960
vn 0.02701 -0.99702 -0.07230
vn 0.01306 -0.99768 -0.06689
vn 0.00245 -0.99600 -0.08927
vn -0.02304 -0.99702 -0.07368
vn -0.04572 -0.99702 -0.06220
vn -0.06345 -0.99702 -0.04397
vn -0.07429 -0.99702 -0.02098
vn -0.04903 -0.99702 0.05960
vn -0.02701 -0.99702 0.07230
vn -0.08235 0.98566 -0.14731
vn -0.10547 0.98566 -0.13175
vn -0.12572 0.98566 -0.11259
vn -0.14254 0.98566 -0.09036
vn -0.15547 0.98566 -0.06567
vn -0.16416 0.98566 -0.03918
vn -0.16837 0.98566 -0.01163
vn -0.16798 0.98566 0.01624
vn -0.16302 0.98566 0.04367
vn -0.15361 0.98566 0.06991
vn -0.14001 0.98566 0.09423
vn -0.12259 0.98566 0.11599
vn -0.24325 0.94304 0.22693
vn -0.10182 0.98566 0.13459
vn -0.20258 0.94304 0.26388
vn -0.29753 0.87338 0.38559
vn -0.07828 0.98566 0.14951
vn -0.15639 0.94304 0.29362
vn -0.23000 0.87338 0.42930
vn -0.29703 0.77866 0.55269
vn -0.16028 0.94304 -0.29151
vn -0.23360 0.87338 -0.42736
vn -0.30076 0.87338 -0.38308
vn -0.05261 0.98566 0.16036
vn -0.10592 0.94304 0.31536
vn -0.15620 0.87338 0.46131
vn -0.20201 0.77866 0.59404
vn -0.24201 0.66161 0.70972
vn -0.02549 0.98566 0.16683
vn -0.05257 0.94304 0.32849
vn -0.07814 0.87338 0.48073
vn -0.10147 0.77866 0.61918
vn -0.12189 0.66161 0.73987
vn -0.13882 0.52558 0.83934
vn -0.46286 0.77866 -0.42361
vn -0.55273 0.66161 -0.50672
vn -0.62859 0.66161 -0.40883
vn 0.00231 0.98566 0.16875
vn 0.00221 0.94304 0.33266
vn 0.00205 0.87338 0.48703
vn 0.00182 0.77866 0.62744
vn 0.00155 0.66161 0.74984
vn 0.00123 0.52558 0.85074
vn 0.00087 0.37446 0.92724
vn -0.77958 0.52558 -0.34062
vn -0.84950 0.37446 -0.37167
vn -0.89909 0.37446 -0.22678
vn 0.03006 0.98566 0.16607
vn 0.05694 0.94304 0.32776
vn 0.08218 0.87338 0.48005
vn 0.10507 0.77866 0.61858
vn 0.12495 0.66161 0.73936
vn 0.14124 0.52558 0.83894
vn 0.15348 0.37446 0.91445
vn 0.16132 0.21260 0.96373
vn 0.05698 0.98566 0.15886
vn 0.11011 0.94304 0.31392
vn 0.16008 0.87338 0.45998
vn 0.20545 0.77866 0.59285
vn 0.24494 0.66161 0.70871
vn 0.27740 0.52558 0.80425
vn 0.30190 0.37446 0.87672
vn 0.31775 0.21260 0.92403
vn 0.32447 0.04465 0.94484
vn -0.97384 0.21261 -0.08020
vn -0.99560 0.04465 -0.08239
vn -0.99558 0.04465 0.08260
vn 0.08235 0.98566 0.14731
vn 0.16028 0.94304 0.29152
vn 0.23360 0.87338 0.42736
vn 0.30023 0.77866 0.55095
vn 0.35825 0.66161 0.65873
vn 0.40599 0.52558 0.74762
vn 0.44209 0.37446 0.81507
vn 0.46550 0.21260 0.85913
vn 0.47556 0.04465 0.87855
vn 0.47198 -0.12459 0.87276
vn 0.10547 0.98566 0.13175
vn 0.20607 0.94304 0.26116
vn 0.30076 0.87338 0.38308
vn 0.38682 0.77866 0.49402
vn 0.46178 0.66161 0.59078
vn 0.52351 0.52558 0.67060
vn 0.57021 0.37446 0.73119
vn 0.60056 0.21260 0.77080
vn 0.61368 0.04464 0.78829
vn 0.60920 -0.12459 0.78317
vn 0.58724 -0.29026 0.75558
vn 0.12572 0.98566 0.11259
vn 0.24625 0.94304 0.22368
vn 0.35971 0.87338 0.32835
vn 0.46286 0.77866 0.42361
vn 0.55273 0.66161 0.50672
vn 0.62674 0.52558 0.57529
vn 0.68279 0.37446 0.62736
vn 0.71924 0.21260 0.66143
vn 0.73506 0.04464 0.67653
vn 0.72979 -0.12459 0.67222
vn 0.70359 -0.29026 0.64862
vn 0.65720 -0.44760 0.60642
vn 0.14001 0.98566 -0.09423
vn 0.15361 0.98566 -0.06990
vn 0.27728 0.94304 -0.18380
vn 0.30375 0.94304 -0.13565
vn 0.40661 0.87338 -0.26809
vn 0.44519 0.87338 -0.19751
vn 0.52428 0.77866 -0.34470
vn 0.57386 0.77866 -0.25371
vn 0.62690 0.66161 -0.41142
vn 0.68607 0.66161 -0.30263
vn 0.71154 0.52558 -0.46634
vn 0.77860 0.52558 -0.34286
vn 0.77578 0.37446 -0.50789
vn 0.84879 0.37446 -0.37327
vn 0.81776 0.21260 -0.53486
vn 0.89464 0.21260 -0.39297
vn 0.83627 0.04464 -0.54649
vn 0.91482 0.04464 -0.40139
vn 0.83080 -0.12459 -0.54244
vn 0.90875 -0.12459 -0.39830
vn 0.80149 -0.29026 -0.52283
vn 0.87662 -0.29026 -0.38378
vn 0.74919 -0.44760 -0.48822
vn 0.81933 -0.44760 -0.35825
vn 0.67540 -0.59209 -0.43961
vn 0.14254 0.98566 0.09036
vn 0.27970 0.94304 0.18010
vn 0.40885 0.87338 0.26467
vn 0.52627 0.77866 0.34165
vn 0.62859 0.66161 0.40883
vn 0.71289 0.52558 0.46429
vn 0.77674 0.37446 0.50642
vn 0.81830 0.21260 0.53403
vn 0.83639 0.04464 0.54632
vn 0.83048 -0.12459 0.54293
vn 0.80075 -0.29026 0.52397
vn 0.74805 -0.44760 0.48997
vn 0.67389 -0.59209 0.44193
vn 0.12259 0.98566 -0.11599
vn 0.24325 0.94304 -0.22693
vn 0.35693 0.87338 -0.33136
vn 0.46039 0.77866 -0.42630
vn 0.55063 0.66161 -0.50899
vn 0.62508 0.52558 -0.57710
vn 0.68160 0.37446 -0.62865
vn 0.71857 0.21261 -0.66216
vn 0.73492 0.04464 -0.67668
vn 0.73019 -0.12459 -0.67179
vn 0.70451 -0.29026 -0.64762
vn 0.65862 -0.44760 -0.60488
vn 0.59383 -0.59209 -0.54478
vn 0.51202 -0.71959 -0.46906
vn 0.15547 0.98566 0.06567
vn 0.30553 0.94304 0.13160
vn 0.44683 0.87338 0.19376
vn 0.57532 0.77866 0.25037
vn 0.68731 0.66161 0.29979
vn 0.77958 0.52558 0.34062
vn 0.84950 0.37446 0.37167
vn 0.89504 0.21260 0.39206
vn 0.91490 0.04464 0.40120
vn 0.90852 -0.12459 0.39883
vn 0.87608 -0.29026 0.38502
vn 0.81849 -0.44760 0.36017
vn 0.73744 -0.59209 0.32498
vn 0.63523 -0.71959 0.28048
vn 0.10182 0.98566 -0.13459
vn 0.20258 0.94304 -0.26388
vn 0.29753 0.87338 -0.38559
vn 0.38394 0.77866 -0.49626
vn 0.45934 0.66161 -0.59268
vn 0.52157 0.52558 -0.67211
vn 0.56884 0.37446 -0.73226
vn 0.59978 0.21260 -0.77140
vn 0.61352 0.04465 -0.78842
vn 0.60966 -0.12459 -0.78281
vn 0.58830 -0.29026 -0.75475
vn 0.55007 -0.44760 -0.70503
vn 0.49607 -0.59209 -0.63509
vn 0.42783 -0.71959 -0.54694
vn 0.34732 -0.82646 -0.44309
vn 0.16416 0.98566 0.03918
vn 0.32302 0.94304 0.07952
vn 0.47263 0.87338 0.11758
vn 0.60869 0.77866 0.15226
vn 0.72728 0.66161 0.18258
vn 0.82501 0.52558 0.20765
vn 0.89908 0.37446 0.22678
vn 0.94736 0.21260 0.23939
vn 0.96846 0.04464 0.24514
vn 0.96178 -0.12459 0.24385
vn 0.92750 -0.29026 0.23557
vn 0.86661 -0.44760 0.22053
vn 0.78087 -0.59209 0.19917
vn 0.67273 -0.71959 0.17210
vn 0.54529 -0.82646 0.14008
vn 0.07828 0.98566 -0.14951
vn 0.15638 0.94304 -0.29362
vn 0.23000 0.87338 -0.42931
vn 0.29703 0.77866 -0.55269
vn 0.35553 0.66161 -0.66020
vn 0.40383 0.52558 -0.74879
vn 0.44055 0.37446 -0.81590
vn 0.46463 0.21260 -0.85960
vn 0.47538 0.04464 -0.87865
vn 0.47249 -0.12459 -0.87248
vn 0.45605 -0.29026 -0.84129
vn 0.42653 -0.44760 -0.78596
vn 0.38477 -0.59209 -0.70808
vn 0.33198 -0.71959 -0.60990
vn 0.26966 -0.82646 -0.49421
vn 0.19960 -0.90962 -0.36435
vn 0.16837 0.98566 0.01163
vn 0.33171 0.94304 0.02527
vn 0.48554 0.87338 0.03818
vn 0.62545 0.77866 0.05000
vn 0.74741 0.66161 0.06038
vn 0.84794 0.52558 0.06903
vn 0.92415 0.37446 0.07570
vn 0.97384 0.21261 0.08020
vn 0.99560 0.04464 0.08239
vn 0.98880 -0.12459 0.08223
vn 0.95362 -0.29026 0.07970
vn 0.89109 -0.44760 0.07489
vn 0.80300 -0.59209 0.06793
vn 0.69188 -0.71959 0.05902
vn 0.56091 -0.82646 0.04842
vn 0.41384 -0.90962 0.03643
vn 0.05261 0.98566 -0.16036
vn 0.10592 0.94304 -0.31536
vn 0.15620 0.87338 -0.46131
vn 0.20201 0.77866 -0.59404
vn 0.24201 0.66161 -0.70972
vn 0.27507 0.52558 -0.80505
vn 0.30025 0.37446 -0.87729
vn 0.31681 0.21260 -0.92436
vn 0.32428 0.04464 -0.94491
vn 0.32244 -0.12459 -0.93835
vn 0.31136 -0.29026 -0.90488
vn 0.29135 -0.44760 -0.84544
vn 0.26297 -0.59209 -0.76176
vn 0.22706 -0.71959 -0.65622
vn 0.18463 -0.82646 -0.53186
vn 0.13691 -0.90962 -0.39224
vn 0.08526 -0.96668 -0.24138
vn 0.16798 0.98566 -0.01624
vn 0.33134 0.94304 -0.02968
vn 0.48520 0.87338 -0.04226
vn 0.62515 0.77866 -0.05363
vn 0.74716 0.66161 -0.06346
vn 0.84773 0.52558 -0.07148
vn 0.92400 0.37446 -0.07744
vn 0.97376 0.21260 -0.08119
vn 0.99558 0.04465 -0.08260
vn 0.98884 -0.12459 -0.08165
vn 0.95374 -0.29026 -0.07835
vn 0.89126 -0.44760 -0.07280
vn 0.80323 -0.59209 -0.06517
vn 0.69216 -0.71959 -0.05566
vn 0.56123 -0.82646 -0.04456
vn 0.41419 -0.90962 -0.03218
vn 0.25530 -0.96668 -0.01888
vn 0.02549 0.98566 -0.16683
vn 0.05257 0.94304 -0.32849
vn 0.07814 0.87338 -0.48073
vn 0.10148 0.77866 -0.61918
vn 0.12189 0.66161 -0.73987
vn 0.13882 0.52558 -0.83934
vn 0.15176 0.37446 -0.91474
vn 0.16034 0.21261 -0.96389
vn 0.16433 0.04464 -0.98540
vn 0.16360 -0.12459 -0.97863
vn 0.15818 -0.29026 -0.94378
vn 0.14822 -0.44760 -0.88186
vn 0.13401 -0.59209 -0.79465
vn 0.11595 -0.71959 -0.68465
vn 0.09457 -0.82646 -0.55499
vn 0.07048 -0.90962 -0.40942
vn 0.04437 -0.96668 -0.25212
vn 0.16302 0.98566 -0.04367
vn 0.32194 0.94304 -0.08381
vn 0.47163 0.87338 -0.12154
vn 0.60779 0.77866 -0.15579
vn 0.72652 0.66161 -0.18558
vn 0.82441 0.52558 -0.21004
vn 0.89865 0.37446 -0.22847
vn 0.94712 0.21260 -0.24035
vn 0.96841 0.04464 -0.24534
vn 0.96192 -0.12459 -0.24329
vn 0.92783 -0.29026 -0.23426
vn 0.86713 -0.44760 -0.21851
vn 0.78155 -0.59209 -0.19649
vn 0.67356 -0.71959 -0.16883
vn 0.54624 -0.82646 -0.13633
vn 0.40325 -0.90962 -0.09992
vn 0.24871 -0.96668 -0.06064
vn -0.23534 -0.96668 0.10075
vn -0.07151 -0.99702 0.02909
vn -0.06572 -0.99702 0.04044
vn -0.07708 -0.99702 0.00429
vn -0.06648 -0.99768 0.01497
vn -0.25530 -0.96668 0.01888
vn -0.24871 -0.96668 0.06064
vn -0.41420 -0.90962 0.03218
vn -0.40325 -0.90962 0.09992
vn -0.56123 -0.82646 0.04456
vn -0.54624 -0.82646 0.13633
vn -0.69216 -0.71959 0.05566
vn -0.67356 -0.71959 0.16883
vn -0.80323 -0.59209 0.06517
vn -0.78155 -0.59209 0.19649
vn -0.89126 -0.44760 0.07280
vn -0.86713 -0.44760 0.21851
vn -0.95373 -0.29026 0.07835
vn -0.92783 -0.29026 0.23426
vn -0.98884 -0.12459 0.08165
vn -0.96192 -0.12460 0.24329
vn -0.03006 0.98566 -0.16607
vn -0.00231 0.98566 -0.16875
vn -0.05694 0.94304 -0.32776
vn -0.00221 0.94304 -0.33266
vn -0.08218 0.87338 -0.48005
vn -0.00205 0.87338 -0.48703
vn -0.10507 0.77866 -0.61858
vn -0.00182 0.77866 -0.62744
vn -0.12495 0.66161 -0.73936
vn -0.00155 0.66161 -0.74984
vn -0.14124 0.52558 -0.83894
vn -0.00123 0.52558 -0.85074
vn -0.15348 0.37446 -0.91445
vn -0.00087 0.37446 -0.92724
vn -0.16132 0.21261 -0.96373
vn -0.00050 0.21260 -0.97714
vn -0.16453 0.04464 -0.98536
vn -0.00010 0.04464 -0.99900
vn -0.16303 -0.12459 -0.97872
vn 0.00029 -0.12459 -0.99221
vn -0.15684 -0.29026 -0.94401
vn 0.00068 -0.29026 -0.95695
vn -0.14615 -0.44760 -0.88221
vn 0.00104 -0.44760 -0.89423
vn -0.13128 -0.59209 -0.79511
vn 0.00138 -0.59209 -0.80587
vn -0.11263 -0.71959 -0.68520
vn 0.00168 -0.71959 -0.69439
vn -0.09076 -0.82646 -0.55563
vn 0.00194 -0.82646 -0.56299
vn -0.06627 -0.90962 -0.41012
vn 0.00213 -0.90962 -0.41544
vn -0.03990 -0.96668 -0.25287
vn 0.00227 -0.96668 -0.25599
vn -0.00937 -0.99768 -0.06750
vn 0.23534 -0.96668 -0.10075
vn 0.07151 -0.99702 -0.02909
vn 0.06572 -0.99702 -0.04044
vn -0.01306 -0.99768 0.06689
vn -0.87662 -0.29026 0.38378
vn -0.81933 -0.44760 0.35825
vn -0.74919 -0.44760 0.48822
vn -0.67540 -0.59209 0.43961
vn -0.59383 -0.59209 0.54478
vn -0.51202 -0.71959 0.46906
vn -0.42784 -0.71959 0.54694
vn -0.34732 -0.82646 0.44309
vn -0.26966 -0.82646 0.49421
vn -0.19960 -0.90962 0.36435
vn -0.13691 -0.90962 0.39224
vn -0.08526 -0.96668 0.24138
vn -0.04437 -0.96668 0.25212
vn -0.00245 -0.99600 0.08927
vn -0.73855 -0.59209 0.32245
vn -0.58224 -0.71959 0.37839
vn -0.41552 -0.82646 0.37988
vn -0.25685 -0.90962 0.32653
vn -0.12383 -0.96668 0.22406
vn -0.03409 -0.99767 0.05902
vn -0.63658 -0.71959 0.27739
vn -0.47238 -0.82646 0.30631
vn -0.30709 -0.90962 0.27980
vn -0.15902 -0.96668 0.20062
vn -0.51635 -0.82646 0.22438
vn -0.34896 -0.90962 0.22544
vn -0.18987 -0.96668 0.17171
vn -0.05143 -0.99767 0.04476
vn -0.38130 -0.90962 0.16493
vn -0.21555 -0.96668 0.13811
vn -0.98879 -0.12459 -0.08223
vn -0.95362 -0.29026 -0.07970
vn -0.89109 -0.44760 -0.07489
vn -0.80300 -0.59209 -0.06793
vn -0.69188 -0.71959 -0.05902
vn -0.56091 -0.82646 -0.04842
vn -0.41384 -0.90962 -0.03643
vn -0.25493 -0.96668 -0.02340
vn -0.06773 -0.99768 -0.00744
vn -0.24760 -0.96668 -0.06504
vn -0.40220 -0.90962 -0.10405
vn -0.54529 -0.82646 -0.14008
vn -0.67273 -0.71959 -0.17210
vn -0.78087 -0.59209 -0.19917
vn -0.86661 -0.44760 -0.22053
vn -0.92750 -0.29026 -0.23557
vn -0.96177 -0.12460 -0.24385
vn -0.96846 0.04465 -0.24514
vn -0.94736 0.21261 -0.23939
vn -0.89504 0.21261 -0.39206
vn -0.91490 0.04464 -0.40120
vn -0.90852 -0.12460 -0.39883
vn -0.87608 -0.29026 -0.38502
vn -0.81849 -0.44760 -0.36017
vn -0.73744 -0.59209 -0.32498
vn -0.63523 -0.71959 -0.28048
vn -0.51479 -0.82646 -0.22792
vn -0.37959 -0.90962 -0.16883
vn -0.23352 -0.96668 -0.10491
vn -0.06164 -0.99768 -0.02904
vn -0.21306 -0.96668 -0.14191
vn -0.34662 -0.90962 -0.22901
vn -0.47026 -0.82646 -0.30955
vn -0.58040 -0.71959 -0.38121
vn -0.67389 -0.59209 -0.44193
vn -0.74805 -0.44760 -0.48997
vn -0.80075 -0.29026 -0.52397
vn -0.83048 -0.12459 -0.54293
vn -0.83639 0.04464 -0.54632
vn -0.81830 0.21261 -0.53403
vn -0.77674 0.37446 -0.50642
vn -0.71289 0.52558 -0.46428
vn -0.62674 0.52558 -0.57529
vn -0.68279 0.37446 -0.62736
vn -0.71924 0.21260 -0.66143
vn -0.73506 0.04464 -0.67653
vn -0.72979 -0.12459 -0.67222
vn -0.70359 -0.29026 -0.64862
vn -0.65720 -0.44760 -0.60642
vn -0.59196 -0.59209 -0.54682
vn -0.50974 -0.71959 -0.47154
vn -0.41289 -0.82646 -0.38273
vn -0.30420 -0.90962 -0.28294
vn -0.18680 -0.96668 -0.17504
vn -0.04887 -0.99768 -0.04749
vn -0.15544 -0.96668 -0.20340
vn -0.25348 -0.90962 -0.32915
vn -0.34427 -0.82646 -0.44547
vn -0.42518 -0.71959 -0.54901
vn -0.49388 -0.59209 -0.63679
vn -0.54842 -0.44760 -0.70632
vn -0.58723 -0.29026 -0.75558
vn -0.60920 -0.12459 -0.78317
vn -0.61368 0.04464 -0.78829
vn -0.60056 0.21261 -0.77079
vn -0.57021 0.37446 -0.73119
vn -0.52351 0.52558 -0.67060
vn -0.46178 0.66161 -0.59078
vn -0.38682 0.77866 -0.49402
vn -0.30023 0.77866 -0.55095
vn -0.35825 0.66161 -0.65873
vn -0.40599 0.52558 -0.74762
vn -0.44209 0.37446 -0.81507
vn -0.46550 0.21260 -0.85913
vn -0.47556 0.04464 -0.87855
vn -0.47198 -0.12459 -0.87276
vn -0.45486 -0.29026 -0.84193
vn -0.42469 -0.44760 -0.78695
vn -0.38233 -0.59209 -0.70940
vn -0.32901 -0.71959 -0.61150
vn -0.26625 -0.82646 -0.49606
vn -0.19585 -0.90962 -0.36638
vn -0.11984 -0.96668 -0.22621
vn -0.03079 -0.99768 -0.06079
vn -0.08097 -0.96668 -0.24285
vn -0.13288 -0.90962 -0.39362
vn -0.18097 -0.82646 -0.53312
vn -0.22388 -0.71959 -0.65732
vn -0.26036 -0.59209 -0.76265
vn -0.28937 -0.44760 -0.84612
vn -0.31008 -0.29026 -0.90532
vn -0.32189 -0.12460 -0.93854
vn -0.32447 0.04465 -0.94484
vn -0.31775 0.21260 -0.92403
vn -0.30190 0.37446 -0.87672
vn -0.27740 0.52558 -0.80425
vn -0.24494 0.66161 -0.70871
vn -0.20545 0.77866 -0.59285
vn -0.16008 0.87338 -0.45998
vn -0.11011 0.94304 -0.31392
vn -0.05698 0.98566 -0.15886
vn 0.73855 -0.59209 -0.32245
vn 0.58225 -0.71959 -0.37839
vn 0.41552 -0.82646 -0.37988
vn 0.25685 -0.90962 -0.32653
vn 0.12383 -0.96668 -0.22406
vn 0.03409 -0.99767 -0.05902
vn 0.63659 -0.71959 -0.27739
vn 0.47238 -0.82646 -0.30631
vn 0.30709 -0.90962 -0.27980
vn 0.15902 -0.96668 -0.20062
vn 0.51635 -0.82646 -0.22438
vn 0.34896 -0.90962 -0.22544
vn 0.18987 -0.96668 -0.17171
vn 0.05143 -0.99767 -0.04476
vn 0.38130 -0.90962 -0.16493
vn 0.21555 -0.96668 -0.13811
vn 0.07708 -0.99702 -0.00429
vn -0.27728 0.94304 0.18380
vn -0.35694 0.87338 0.33136
vn -0.38394 0.77866 0.49626
vn -0.35552 0.66162 0.66020
vn -0.27507 0.52558 0.80505
vn -0.15176 0.37446 0.91474
vn 0.00050 0.21260 0.97714
vn 0.16453 0.04465 0.98536
vn 0.32189 -0.12459 0.93854
vn 0.45486 -0.29026 0.84193
vn 0.54842 -0.44760 0.70632
vn 0.59196 -0.59209 0.54682
vn 0.58040 -0.71959 0.38121
vn 0.51479 -0.82646 0.22792
vn 0.40220 -0.90962 0.10405
vn 0.25493 -0.96668 0.02340
vn 0.06773 -0.99768 0.00744
vn -0.30375 0.94304 0.13566
vn -0.40661 0.87338 0.26809
vn -0.46039 0.77866 0.42629
vn -0.45934 0.66161 0.59268
vn -0.40383 0.52558 0.74879
vn -0.30025 0.37445 0.87729
vn -0.16034 0.21260 0.96389
vn 0.00010 0.04464 0.99900
vn 0.16303 -0.12459 0.97872
vn 0.31008 -0.29026 0.90532
vn 0.42469 -0.44760 0.78695
vn 0.49388 -0.59209 0.63679
vn 0.50974 -0.71959 0.47154
vn 0.47026 -0.82646 0.30955
vn 0.37959 -0.90962 0.16883
vn 0.24760 -0.96668 0.06504
vn 0.07429 -0.99702 0.02098
vn -0.32194 0.94304 0.08381
vn -0.44519 0.87338 0.19751
vn -0.52427 0.77866 0.34470
vn -0.55063 0.66161 0.50899
vn -0.52157 0.52558 0.67211
vn -0.44055 0.37446 0.81590
vn -0.31681 0.21260 0.92436
vn -0.16433 0.04465 0.98539
vn -0.00029 -0.12459 0.99221
vn 0.15684 -0.29026 0.94401
vn 0.28937 -0.44760 0.84612
vn 0.38233 -0.59209 0.70940
vn 0.42518 -0.71959 0.54901
vn 0.41290 -0.82646 0.38273
vn 0.34662 -0.90962 0.22901
vn 0.23352 -0.96668 0.10491
vn 0.06164 -0.99768 0.02904
vn -0.33134 0.94304 0.02968
vn -0.47163 0.87338 0.12154
vn -0.57386 0.77866 0.25371
vn -0.62690 0.66161 0.41142
vn -0.62508 0.52558 0.57710
vn -0.56884 0.37446 0.73226
vn -0.46463 0.21261 0.85960
vn -0.32428 0.04465 0.94491
vn -0.16360 -0.12459 0.97863
vn -0.00068 -0.29026 0.95695
vn 0.14616 -0.44760 0.88221
vn 0.26036 -0.59209 0.76265
vn 0.32901 -0.71959 0.61150
vn 0.34427 -0.82646 0.44547
vn 0.30420 -0.90962 0.28294
vn 0.21306 -0.96668 0.14191
vn 0.06345 -0.99702 0.04397
vn -0.33171 0.94304 -0.02527
vn -0.48520 0.87338 0.04226
vn -0.60779 0.77866 0.15580
vn -0.68606 0.66161 0.30262
vn -0.71154 0.52558 0.46634
vn -0.68160 0.37446 0.62865
vn -0.59978 0.21260 0.77140
vn -0.47538 0.04464 0.87865
vn -0.32244 -0.12459 0.93835
vn -0.15818 -0.29026 0.94378
vn -0.00105 -0.44760 0.89423
vn 0.13128 -0.59209 0.79511
vn 0.22388 -0.71959 0.65732
vn 0.26625 -0.82646 0.49606
vn 0.25348 -0.90962 0.32915
vn 0.18680 -0.96668 0.17504
vn 0.04887 -0.99768 0.04749
vn -0.32303 0.94304 -0.07952
vn -0.48554 0.87338 -0.03818
vn -0.62515 0.77866 0.05363
vn -0.72652 0.66161 0.18558
vn -0.77860 0.52558 0.34286
vn -0.77578 0.37446 0.50789
vn -0.71857 0.21260 0.66216
vn -0.61352 0.04464 0.78842
vn -0.47249 -0.12459 0.87248
vn -0.31136 -0.29026 0.90488
vn -0.14822 -0.44760 0.88186
vn -0.00138 -0.59209 0.80587
vn 0.11263 -0.71959 0.68520
vn 0.18097 -0.82646 0.53311
vn 0.19585 -0.90962 0.36638
vn 0.15544 -0.96668 0.20340
vn 0.04573 -0.99702 0.06220
vn -0.30553 0.94304 -0.13160
vn -0.47263 0.87338 -0.11758
vn -0.62545 0.77866 -0.05000
vn -0.74716 0.66161 0.06346
vn -0.82441 0.52558 0.21004
vn -0.84879 0.37446 0.37327
vn -0.81776 0.21261 0.53486
vn -0.73492 0.04464 0.67668
vn -0.60966 -0.12459 0.78281
vn -0.45605 -0.29026 0.84129
vn -0.29134 -0.44760 0.84544
vn -0.13401 -0.59209 0.79465
vn -0.00168 -0.71959 0.69439
vn 0.09076 -0.82646 0.55563
vn 0.13288 -0.90962 0.39362
vn 0.11984 -0.96668 0.22622
vn 0.03079 -0.99768 0.06079
vn -0.27970 0.94304 -0.18010
vn -0.44683 0.87338 -0.19376
vn -0.60869 0.77866 -0.15226
vn -0.74741 0.66161 -0.06038
vn -0.84774 0.52558 0.07148
vn -0.89866 0.37446 0.22847
vn -0.89464 0.21260 0.39297
vn -0.83627 0.04464 0.54649
vn -0.73019 -0.12459 0.67179
vn -0.58830 -0.29026 0.75475
vn -0.42653 -0.44760 0.78596
vn -0.26297 -0.59209 0.76176
vn -0.11595 -0.71959 0.68465
vn -0.00194 -0.82646 0.56299
vn 0.06628 -0.90962 0.41012
vn 0.08097 -0.96668 0.24286
vn 0.02304 -0.99702 0.07368
vn -0.24625 0.94304 -0.22368
vn -0.40885 0.87338 -0.26467
vn -0.57533 0.77866 -0.25037
vn -0.72728 0.66161 -0.18258
vn -0.84794 0.52558 -0.06903
vn -0.92400 0.37446 0.07744
vn -0.94712 0.21261 0.24035
vn -0.91482 0.04464 0.40139
vn -0.83080 -0.12459 0.54244
vn -0.70451 -0.29026 0.64763
vn -0.55007 -0.44760 0.70503
vn -0.38477 -0.59209 0.70808
vn -0.22706 -0.71959 0.65622
vn -0.09457 -0.82646 0.55499
vn -0.00213 -0.90962 0.41544
vn 0.03990 -0.96668 0.25287
vn 0.00937 -0.99768 0.06750
vn -0.20607 0.94304 -0.26116
vn -0.35971 0.87338 -0.32835
vn -0.52627 0.77866 -0.34165
vn -0.68731 0.66161 -0.29979
vn -0.82501 0.52558 -0.20765
vn -0.92415 0.37446 -0.07570
vn -0.97376 0.21261 0.08119
vn -0.96841 0.04465 0.24534
vn -0.90875 -0.12459 0.39830
vn -0.80150 -0.29026 0.52283
vn -0.65862 -0.44760 0.60488
vn -0.49607 -0.59209 0.63509
vn -0.33198 -0.71959 0.60990
vn -0.18463 -0.82646 0.53186
vn -0.07048 -0.90962 0.40942
vn -0.00227 -0.96668 0.25599

f 1//1 2//2 3//3
f 3//3 2//2 4//4
f 3//3 4//4 5//5
f 5//5 4//4 6//6
f 5//5 6//6 7//7
f 7//7 6//6 8//8
f 7//7 8//8 9//9
f 9//9 8//8 10//10
f 9//9 10//10 11//11
f 11//11 10//10 12//12
f 11//11 12//12 13//13
f 14//14 15//15 16//16
f 16//16 15//15 17//17
f 16//16 17//17 18//18
f 18//18 17//17 19//19
f 18//18 19//19 20//20
f 20//20 19//19 21//21
f 20//20 21//21 22//22
f 22//22 21//21 23//23
f 22//22 23//23 24//24
f 24//24 23//23 25//25
f 24//24 25//25 26//26
f 27//27 28//28 29//29
f 29//29 28//28 30//30
f 29//29 30//30 31//31
f 31//31 30//30 32//32
f 31//31 32//32 33//33
f 33//33 32//32 34//34
f 33//33 34//34 35//35
f 35//35 34//34 36//36
f 35//35 36//36 37//37
f 37//37 36//36 38//38
f 37//37 38//38 39//39
f 12//12 40//40 13//13
f 13//13 40//40 41//41
f 13//13 41//41 42//42
f 42//42 41//41 43//43
f 42//42 43//43 44//44
f 44//44 43//43 45//45
f 44//44 45//45 46//46
f 46//46 45//45 47//47
f 46//46 47//47 48//48
f 48//48 47//47 49//49
f 48//48 49//49 50//50
f 50//50 49//49 51//51
f 50//50 51//51 52//52
f 52//52 51//51 53//53
f 52//52 53//53 14//14
f 14//14 53//53 54//54
f 14//14 54//54 15//15
f 25//25 55//55 26//26
f 26//26 55//55 56//56
f 26//26 56//56 57//57
f 57//57 56//56 58//58
f 57//57 58//58 59//59
f 59//59 58//58 60//60
f 59//59 60//60 61//61
f 61//61 60//60 62//62
f 61//61 62//62 63//63
f 63//63 62//62 64//64
f 63//63 64//64 65//65
f 65//65 64//64 66//66
f 65//65 66//66 67//67
f 67//67 66//66 68//68
f 67//67 68//68 27//27
f 27//27 68//68 69//69
f 27//27 69//69 28//28
f 38//38 70//70 39//39
f 39//39 70//70 71//71
f 39//39 71//71 72//72
f 72//72 71//71 73//73
f 72//72 73//73 74//74
f 74//74 73//73 75//75
f 74//74 75//75 76//76
f 76//76 75//75 77//77
f 76//76 77//77 78//78
f 78//78 77//77 79//79
f 78//78 79//79 80//80
f 80//80 79//79 81//81
f 80//80 81//81 1//1
f 1//1 81//81 82//82
f 1//1 82//82 2//2
f 83//83 84//84 85//85
f 86//86 87//87 88//88
f 89//89 90//90 91//91
f 92//92 93//93 94//94
f 95//95 96//96 97//97
f 98//98 99//99 100//100
f 101//101 102//102 103//103
f 104//104 105//105 106//106
f 107//107 108//108 109//109
f 110//110 111//111 112//112
f 113//113 114//114 83//83
f 115//115 116//116 117//117
f 118//118 119//119 120//120
f 121//121 122//122 123//123
f 123//123 122//122 124//124
f 123//123 124//124 125//125
f 125//125 126//126 123//123
f 123//123 126//126 127//127
f 123//123 127//127 128//128
f 128//128 129//129 123//123
f 123//123 129//129 130//130
f 123//123 130//130 131//131
f 131//131 132//132 123//123
f 123//123 132//132 133//133
f 123//123 133//133 134//134
f 134//134 135//135 123//123
f 123//123 135//135 136//136
f 123//123 136//136 137//137
f 137//137 138//138 123//123
f 123//123 138//138 139//139
f 123//123 139//139 140//140
f 140//140 141//141 123//123
f 123//123 141//141 142//142
f 123//123 142//142 143//143
f 143//143 144//144 145//145
f 145//145 144//144 146//146
f 146//146 147//147 145//145
f 145//145 147//147 148//148
f 145//145 148//148 149//149
f 149//149 150//150 145//145
f 145//145 150//150 151//151
f 145//145 151//151 152//152
f 145//145 152//152 153//153
f 145//145 153//153 154//154
f 154//154 155//155 145//145
f 145//145 155//155 156//156
f 145//145 156//156 157//157
f 158//158 159//159 160//160
f 160//160 161//161 158//158
f 158//158 161//161 162//162
f 158//158 162//162 163//163
f 163//163 164//164 158//158
f 158//158 164//164 165//165
f 158//158 165//165 166//166
f 166//166 165//165 167//167
f 166//166 167//167 121//121
f 168//168 169//169 170//170
f 170//170 169//169 171//171
f 170//170 171//171 172//172
f 173//173 174//174 175//175
f 175//175 174//174 176//176
f 175//175 176//176 168//168
f 168//168 176//176 177//177
f 168//168 177//177 169//169
f 178//178 179//179 180//180
f 180//180 179//179 181//181
f 181//181 179//179 182//182
f 182//182 179//179 183//183
f 182//182 183//183 184//184
f 116//116 185//185 117//117
f 117//117 185//185 186//186
f 117//117 186//186 187//187
f 187//187 186//186 188//188
f 187//187 188//188 120//120
f 120//120 188//188 189//189
f 120//120 189//189 118//118
f 190//190 191//191 192//192
f 193//193 194//194 191//191
f 191//191 194//194 195//195
f 191//191 195//195 192//192
f 196//196 197//197 193//193
f 193//193 197//197 198//198
f 193//193 198//198 194//194
f 199//199 200//200 201//201
f 202//202 203//203 204//204
f 203//203 205//205 204//204
f 204//204 205//205 206//206
f 204//204 206//206 200//200
f 200//200 206//206 207//207
f 200//200 207//207 201//201
f 83//83 114//114 84//84
f 84//84 114//114 208//208
f 84//84 208//208 202//202
f 209//209 210//210 211//211
f 211//211 210//210 212//212
f 213//213 214//214 212//212
f 212//212 214//214 215//215
f 212//212 215//215 211//211
f 216//216 217//217 218//218
f 218//218 217//217 219//219
f 218//218 219//219 213//213
f 213//213 219//219 220//220
f 213//213 220//220 214//214
f 221//221 222//222 86//86
f 86//86 222//222 223//223
f 86//86 223//223 87//87
f 87//87 223//223 224//224
f 87//87 224//224 216//216
f 225//225 226//226 227//227
f 227//227 226//226 228//228
f 227//227 228//228 229//229
f 230//230 231//231 232//232
f 232//232 231//231 233//233
f 232//232 233//233 234//234
f 234//234 233//233 235//235
f 235//235 233//233 236//236
f 235//235 236//236 237//237
f 238//238 239//239 237//237
f 237//237 239//239 240//240
f 237//237 240//240 235//235
f 241//241 242//242 243//243
f 243//243 242//242 112//112
f 243//243 112//112 244//244
f 244//244 112//112 111//111
f 245//245 246//246 247//247
f 247//247 246//246 110//110
f 108//108 248//248 109//109
f 109//109 248//248 249//249
f 109//109 249//249 245//245
f 245//245 249//249 250//250
f 245//245 250//250 246//246
f 107//107 251//251 252//252
f 252//252 251//251 253//253
f 252//252 253//253 254//254
f 254//254 253//253 255//255
f 255//255 253//253 256//256
f 255//255 256//256 257//257
f 105//105 104//104 256//256
f 256//256 104//104 258//258
f 256//256 258//258 257//257
f 259//259 260//260 261//261
f 260//260 262//262 261//261
f 261//261 262//262 263//263
f 261//261 263//263 264//264
f 264//264 263//263 265//265
f 265//265 266//266 264//264
f 264//264 266//266 267//267
f 264//264 267//267 268//268
f 268//268 269//269 264//264
f 264//264 269//269 270//270
f 264//264 270//270 106//106
f 271//271 272//272 273//273
f 273//273 272//272 274//274
f 273//273 274//274 275//275
f 275//275 276//276 273//273
f 273//273 276//276 277//277
f 273//273 277//277 278//278
f 278//278 279//279 273//273
f 273//273 279//279 280//280
f 273//273 280//280 281//281
f 281//281 282//282 273//273
f 273//273 282//282 283//283
f 273//273 283//283 284//284
f 284//284 285//285 273//273
f 273//273 285//285 286//286
f 273//273 286//286 287//287
f 287//287 288//288 289//289
f 289//289 288//288 290//290
f 290//290 291//291 289//289
f 289//289 291//291 292//292
f 289//289 292//292 293//293
f 293//293 294//294 289//289
f 289//289 294//294 295//295
f 289//289 295//295 296//296
f 296//296 297//297 289//289
f 289//289 297//297 298//298
f 289//289 298//298 299//299
f 289//289 299//299 300//300
f 289//289 300//300 301//301
f 301//301 302//302 289//289
f 289//289 302//302 303//303
f 303//303 304//304 289//289
f 289//289 304//304 305//305
f 289//289 305//305 259//259
f 306//306 307//307 308//308
f 308//308 307//307 309//309
f 308//308 309//309 273//273
f 273//273 309//309 310//310
f 273//273 310//310 271//271
f 311//311 312//312 313//313
f 313//313 312//312 306//306
f 313//313 306//306 314//314
f 315//315 316//316 317//317
f 317//317 316//316 318//318
f 317//317 318//318 313//313
f 313//313 318//318 319//319
f 313//313 319//319 311//311
f 320//320 321//321 322//322
f 322//322 321//321 315//315
f 322//322 315//315 323//323
f 324//324 325//325 326//326
f 326//326 325//325 327//327
f 326//326 327//327 322//322
f 322//322 327//327 328//328
f 322//322 328//328 320//320
f 329//329 330//330 331//331
f 331//331 330//330 332//332
f 331//331 332//332 333//333
f 332//332 334//334 333//333
f 333//333 334//334 335//335
f 333//333 335//335 324//324
f 329//329 336//336 337//337
f 337//337 336//336 338//338
f 339//339 103//103 338//338
f 102//102 340//340 103//103
f 103//103 340//340 341//341
f 103//103 341//341 338//338
f 342//342 343//343 344//344
f 344//344 343//343 345//345
f 344//344 345//345 101//101
f 346//346 347//347 348//348
f 348//348 347//347 349//349
f 348//348 349//349 350//350
f 350//350 349//349 342//342
f 351//351 352//352 353//353
f 353//353 352//352 346//346
f 354//354 355//355 356//356
f 356//356 355//355 351//351
f 357//357 358//358 359//359
f 359//359 358//358 354//354
f 360//360 361//361 362//362
f 362//362 361//361 357//357
f 363//363 364//364 360//360
f 98//98 365//365 363//363
f 363//363 365//365 366//366
f 363//363 366//366 364//364
f 100//100 99//99 367//367
f 367//367 99//99 368//368
f 367//367 368//368 96//96
f 95//95 97//97 369//369
f 370//370 371//371 372//372
f 372//372 371//371 373//373
f 372//372 373//373 369//369
f 374//374 375//375 376//376
f 376//376 375//375 377//377
f 376//376 377//377 378//378
f 379//379 380//380 381//381
f 381//381 380//380 382//382
f 381//381 382//382 383//383
f 383//383 382//382 384//384
f 383//383 384//384 374//374
f 385//385 386//386 387//387
f 387//387 386//386 388//388
f 387//387 388//388 389//389
f 389//389 388//388 390//390
f 389//389 390//390 379//379
f 391//391 392//392 393//393
f 393//393 392//392 394//394
f 393//393 394//394 94//94
f 94//94 394//394 395//395
f 94//94 395//395 92//92
f 157//157 396//396 145//145
f 145//145 396//396 397//397
f 145//145 397//397 91//91
f 91//91 397//397 398//398
f 91//91 398//398 89//89
f 81//81 79//79 399//399
f 2//2 82//82 400//400
f 6//6 4//4 401//401
f 8//8 6//6 402//402
f 10//10 8//8 403//403
f 40//40 12//12 404//404
f 43//43 41//41 405//405
f 45//45 43//43 406//406
f 47//47 45//45 407//407
f 51//51 49//49 408//408
f 54//54 53//53 409//409
f 15//15 54//54 410//410
f 17//17 15//15 411//411
f 19//19 17//17 412//412
f 287//287 289//289 273//273
f 273//273 289//289 413//413
f 273//273 413//413 414//414
f 414//414 413//413 415//415
f 414//414 415//415 416//416
f 416//416 415//415 417//417
f 416//416 417//417 418//418
f 418//418 417//417 419//419
f 418//418 419//419 420//420
f 420//420 419//419 421//421
f 420//420 421//421 422//422
f 422//422 421//421 423//423
f 422//422 423//423 424//424
f 424//424 423//423 425//425
f 424//424 425//425 426//426
f 426//426 425//425 77//77
f 426//426 77//77 75//75
f 259//259 261//261 289//289
f 289//289 261//261 427//427
f 289//289 427//427 413//413
f 413//413 427//427 428//428
f 413//413 428//428 415//415
f 415//415 428//428 429//429
f 415//415 429//429 417//417
f 417//417 429//429 430//430
f 417//417 430//430 419//419
f 419//419 430//430 431//431
f 419//419 431//431 421//421
f 421//421 431//431 432//432
f 421//421 432//432 423//423
f 423//423 432//432 399//399
f 423//423 399//399 425//425
f 425//425 399//399 79//79
f 425//425 79//79 77//77
f 121//121 123//123 166//166
f 166//166 123//123 433//433
f 166//166 433//433 434//434
f 434//434 433//433 435//435
f 434//434 435//435 436//436
f 436//436 435//435 437//437
f 436//436 437//437 438//438
f 438//438 437//437 439//439
f 438//438 439//439 440//440
f 440//440 439//439 441//441
f 440//440 441//441 442//442
f 442//442 441//441 443//443
f 442//442 443//443 444//444
f 444//444 443//443 445//445
f 444//444 445//445 446//446
f 446//446 445//445 21//21
f 446//446 21//21 19//19
f 143//143 145//145 123//123
f 123//123 145//145 447//447
f 123//123 447//447 433//433
f 433//433 447//447 448//448
f 433//433 448//448 435//435
f 435//435 448//448 449//449
f 435//435 449//449 437//437
f 437//437 449//449 450//450
f 437//437 450//450 439//439
f 439//439 450//450 451//451
f 439//439 451//451 441//441
f 441//441 451//451 452//452
f 441//441 452//452 443//443
f 443//443 452//452 453//453
f 443//443 453//453 445//445
f 445//445 453//453 23//23
f 445//445 23//23 21//21
f 306//306 308//308 314//314
f 314//314 308//308 273//273
f 314//314 273//273 454//454
f 454//454 273//273 414//414
f 454//454 414//414 455//455
f 455//455 414//414 416//416
f 455//455 416//416 456//456
f 456//456 416//416 418//418
f 456//456 418//418 457//457
f 457//457 418//418 420//420
f 457//457 420//420 458//458
f 458//458 420//420 422//422
f 458//458 422//422 459//459
f 459//459 422//422 424//424
f 459//459 424//424 460//460
f 460//460 424//424 426//426
f 460//460 426//426 461//461
f 461//461 426//426 75//75
f 461//461 75//75 73//73
f 391//391 393//393 90//90
f 90//90 393//393 462//462
f 90//90 462//462 91//91
f 91//91 462//462 463//463
f 91//91 463//463 145//145
f 145//145 463//463 464//464
f 145//145 464//464 447//447
f 447//447 464//464 465//465
f 447//447 465//465 448//448
f 448//448 465//465 466//466
f 448//448 466//466 449//449
f 449//449 466//466 467//467
f 449//449 467//467 450//450
f 450//450 467//467 468//468
f 450//450 468//468 451//451
f 451//451 468//468 469//469
f 451//451 469//469 452//452
f 452//452 469//469 470//470
f 452//452 470//470 453//453
f 453//453 470//470 25//25
f 453//453 25//25 23//23
f 315//315 317//317 323//323
f 323//323 317//317 313//313
f 323//323 313//313 471//471
f 471//471 313//313 314//314
f 471//471 314//314 472//472
f 472//472 314//314 454//454
f 472//472 454//454 473//473
f 473//473 454//454 455//455
f 473//473 455//455 474//474
f 474//474 455//455 456//456
f 474//474 456//456 475//475
f 475//475 456//456 457//457
f 475//475 457//457 476//476
f 476//476 457//457 458//458
f 476//476 458//458 477//477
f 477//477 458//458 459//459
f 477//477 459//459 478//478
f 478//478 459//459 460//460
f 478//478 460//460 479//479
f 479//479 460//460 461//461
f 479//479 461//461 480//480
f 480//480 461//461 73//73
f 480//480 73//73 71//71
f 385//385 387//387 93//93
f 93//93 387//387 481//481
f 93//93 481//481 94//94
f 94//94 481//481 482//482
f 94//94 482//482 393//393
f 393//393 482//482 483//483
f 393//393 483//483 462//462
f 462//462 483//483 484//484
f 462//462 484//484 463//463
f 463//463 484//484 485//485
f 463//463 485//485 464//464
f 464//464 485//485 486//486
f 464//464 486//486 465//465
f 465//465 486//486 487//487
f 465//465 487//487 466//466
f 466//466 487//487 488//488
f 466//466 488//488 467//467
f 467//467 488//488 489//489
f 467//467 489//489 468//468
f 468//468 489//489 490//490
f 468//468 490//490 469//469
f 469//469 490//490 491//491
f 469//469 491//491 470//470
f 470//470 491//491 55//55
f 470//470 55//55 25//25
f 324//324 326//326 333//333
f 333//333 326//326 322//322
f 333//333 322//322 492//492
f 492//492 322//322 323//323
f 492//492 323//323 493//493
f 493//493 323//323 471//471
f 493//493 471//471 494//494
f 494//494 471//471 472//472
f 494//494 472//472 495//495
f 495//495 472//472 473//473
f 495//495 473//473 496//496
f 496//496 473//473 474//474
f 496//496 474//474 497//497
f 497//497 474//474 475//475
f 497//497 475//475 498//498
f 498//498 475//475 476//476
f 498//498 476//476 499//499
f 499//499 476//476 477//477
f 499//499 477//477 500//500
f 500//500 477//477 478//478
f 500//500 478//478 501//501
f 501//501 478//478 479//479
f 501//501 479//479 502//502
f 502//502 479//479 480//480
f 502//502 480//480 503//503
f 503//503 480//480 71//71
f 503//503 71//71 70//70
f 379//379 381//381 389//389
f 389//389 381//381 504//504
f 389//389 504//504 387//387
f 387//387 504//504 505//505
f 387//387 505//505 481//481
f 481//481 505//505 506//506
f 481//481 506//506 482//482
f 482//482 506//506 507//507
f 482//482 507//507 483//483
f 483//483 507//507 508//508
f 483//483 508//508 484//484
f 484//484 508//508 509//509
f 484//484 509//509 485//485
f 485//485 509//509 510//510
f 485//485 510//510 486//486
f 486//486 510//510 511//511
f 486//486 511//511 487//487
f 487//487 511//511 512//512
f 487//487 512//512 488//488
f 488//488 512//512 513//513
f 488//488 513//513 489//489
f 489//489 513//513 514//514
f 489//489 514//514 490//490
f 490//490 514//514 515//515
f 490//490 515//515 491//491
f 491//491 515//515 56//56
f 491//491 56//56 55//55
f 338//338 336//336 339//339
f 339//339 336//336 516//516
f 339//339 516//516 517//517
f 517//517 516//516 518//518
f 517//517 518//518 519//519
f 519//519 518//518 520//520
f 519//519 520//520 521//521
f 521//521 520//520 522//522
f 521//521 522//522 523//523
f 523//523 522//522 524//524
f 523//523 524//524 525//525
f 525//525 524//524 526//526
f 525//525 526//526 527//527
f 527//527 526//526 528//528
f 527//527 528//528 529//529
f 529//529 528//528 530//530
f 529//529 530//530 531//531
f 531//531 530//530 532//532
f 531//531 532//532 533//533
f 533//533 532//532 534//534
f 533//533 534//534 535//535
f 535//535 534//534 536//536
f 535//535 536//536 537//537
f 537//537 536//536 538//538
f 537//537 538//538 539//539
f 539//539 538//538 540//540
f 539//539 540//540 541//541
f 541//541 540//540 38//38
f 541//541 38//38 36//36
f 329//329 331//331 336//336
f 336//336 331//331 333//333
f 336//336 333//333 516//516
f 516//516 333//333 492//492
f 516//516 492//492 518//518
f 518//518 492//492 493//493
f 518//518 493//493 520//520
f 520//520 493//493 494//494
f 520//520 494//494 522//522
f 522//522 494//494 495//495
f 522//522 495//495 524//524
f 524//524 495//495 496//496
f 524//524 496//496 526//526
f 526//526 496//496 497//497
f 526//526 497//497 528//528
f 528//528 497//497 498//498
f 528//528 498//498 530//530
f 530//530 498//498 499//499
f 530//530 499//499 532//532
f 532//532 499//499 500//500
f 532//532 500//500 534//534
f 534//534 500//500 501//501
f 534//534 501//501 536//536
f 536//536 501//501 502//502
f 536//536 502//502 538//538
f 538//538 502//502 503//503
f 538//538 503//503 540//540
f 540//540 503//503 70//70
f 540//540 70//70 38//38
f 374//374 376//376 383//383
f 383//383 376//376 542//542
f 383//383 542//542 381//381
f 381//381 542//542 543//543
f 381//381 543//543 504//504
f 504//504 543//543 544//544
f 504//504 544//544 505//505
f 505//505 544//544 545//545
f 505//505 545//545 506//506
f 506//506 545//545 546//546
f 506//506 546//546 507//507
f 507//507 546//546 547//547
f 507//507 547//547 508//508
f 508//508 547//547 548//548
f 508//508 548//548 509//509
f 509//509 548//548 549//549
f 509//509 549//549 510//510
f 510//510 549//549 550//550
f 510//510 550//550 511//511
f 511//511 550//550 551//551
f 511//511 551//551 512//512
f 512//512 551//551 552//552
f 512//512 552//552 513//513
f 513//513 552//552 553//553
f 513//513 553//553 514//514
f 514//514 553//553 554//554
f 514//514 554//554 515//515
f 515//515 554//554 58//58
f 515//515 58//58 56//56
f 370//370 372//372 378//378
f 378//378 372//372 555//555
f 378//378 555//555 376//376
f 376//376 555//555 556//556
f 376//376 556//556 542//542
f 542//542 556//556 557//557
f 542//542 557//557 543//543
f 543//543 557//557 558//558
f 543//543 558//558 544//544
f 544//544 558//558 559//559
f 544//544 559//559 545//545
f 545//545 559//559 560//560
f 545//545 560//560 546//546
f 546//546 560//560 561//561
f 546//546 561//561 547//547
f 547//547 561//561 562//562
f 547//547 562//562 548//548
f 548//548 562//562 563//563
f 548//548 563//563 549//549
f 549//549 563//563 564//564
f 549//549 564//564 550//550
f 550//550 564//564 565//565
f 550//550 565//565 551//551
f 551//551 565//565 566//566
f 551//551 566//566 552//552
f 552//552 566//566 567//567
f 552//552 567//567 553//553
f 553//553 567//567 568//568
f 553//553 568//568 554//554
f 554//554 568//568 60//60
f 554//554 60//60 58//58
f 342//342 344//344 350//350
f 350//350 344//344 569//569
f 350//350 569//569 570//570
f 570//570 569//569 571//571
f 570//570 571//571 572//572
f 572//572 571//571 573//573
f 572//572 573//573 574//574
f 574//574 573//573 575//575
f 574//574 575//575 576//576
f 576//576 575//575 577//577
f 576//576 577//577 578//578
f 578//578 577//577 579//579
f 578//578 579//579 580//580
f 580//580 579//579 581//581
f 580//580 581//581 582//582
f 582//582 581//581 583//583
f 582//582 583//583 584//584
f 584//584 583//583 585//585
f 584//584 585//585 586//586
f 586//586 585//585 587//587
f 586//586 587//587 588//588
f 588//588 587//587 589//589
f 588//588 589//589 590//590
f 590//590 589//589 591//591
f 590//590 591//591 592//592
f 592//592 591//591 593//593
f 592//592 593//593 594//594
f 594//594 593//593 595//595
f 594//594 595//595 596//596
f 596//596 595//595 34//34
f 596//596 34//34 32//32
f 101//101 103//103 344//344
f 344//344 103//103 339//339
f 344//344 339//339 569//569
f 569//569 339//339 517//517
f 569//569 517//517 571//571
f 571//571 517//517 519//519
f 571//571 519//519 573//573
f 573//573 519//519 521//521
f 573//573 521//521 575//575
f 575//575 521//521 523//523
f 575//575 523//523 577//577
f 577//577 523//523 525//525
f 577//577 525//525 579//579
f 579//579 525//525 527//527
f 579//579 527//527 581//581
f 581//581 527//527 529//529
f 581//581 529//529 583//583
f 583//583 529//529 531//531
f 583//583 531//531 585//585
f 585//585 531//531 533//533
f 585//585 533//533 587//587
f 587//587 533//533 535//535
f 587//587 535//535 589//589
f 589//589 535//535 537//537
f 589//589 537//537 591//591
f 591//591 537//537 539//539
f 591//591 539//539 593//593
f 593//593 539//539 541//541
f 593//593 541//541 595//595
f 595//595 541//541 36//36
f 595//595 36//36 34//34
f 369//369 97//97 372//372
f 372//372 97//97 597//597
f 372//372 597//597 555//555
f 555//555 597//597 598//598
f 555//555 598//598 556//556
f 556//556 598//598 599//599
f 556//556 599//599 557//557
f 557//557 599//599 600//600
f 557//557 600//600 558//558
f 558//558 600//600 601//601
f 558//558 601//601 559//559
f 559//559 601//601 602//602
f 559//559 602//602 560//560
f 560//560 602//602 603//603
f 560//560 603//603 561//561
f 561//561 603//603 604//604
f 561//561 604//604 562//562
f 562//562 604//604 605//605
f 562//562 605//605 563//563
f 563//563 605//605 606//606
f 563//563 606//606 564//564
f 564//564 606//606 607//607
f 564//564 607//607 565//565
f 565//565 607//607 608//608
f 565//565 608//608 566//566
f 566//566 608//608 609//609
f 566//566 609//609 567//567
f 567//567 609//609 610//610
f 567//567 610//610 568//568
f 568//568 610//610 62//62
f 568//568 62//62 60//60
f 96//96 368//368 97//97
f 97//97 368//368 611//611
f 97//97 611//611 597//597
f 597//597 611//611 612//612
f 597//597 612//612 598//598
f 598//598 612//612 613//613
f 598//598 613//613 599//599
f 599//599 613//613 614//614
f 599//599 614//614 600//600
f 600//600 614//614 615//615
f 600//600 615//615 601//601
f 601//601 615//615 616//616
f 601//601 616//616 602//602
f 602//602 616//616 617//617
f 602//602 617//617 603//603
f 603//603 617//617 618//618
f 603//603 618//618 604//604
f 604//604 618//618 619//619
f 604//604 619//619 605//605
f 605//605 619//619 620//620
f 605//605 620//620 606//606
f 606//606 620//620 621//621
f 606//606 621//621 607//607
f 607//607 621//621 622//622
f 607//607 622//622 608//608
f 608//608 622//622 623//623
f 608//608 623//623 609//609
f 609//609 623//623 624//624
f 609//609 624//624 610//610
f 610//610 624//624 64//64
f 610//610 64//64 62//62
f 354//354 356//356 359//359
f 359//359 356//356 625//625
f 359//359 625//625 626//626
f 626//626 625//625 627//627
f 626//626 627//627 628//628
f 628//628 627//627 629//629
f 628//628 629//629 630//630
f 630//630 629//629 631//631
f 630//630 631//631 632//632
f 632//632 631//631 633//633
f 632//632 633//633 634//634
f 634//634 633//633 635//635
f 634//634 635//635 636//636
f 636//636 635//635 637//637
f 636//636 637//637 638//638
f 638//638 637//637 639//639
f 638//638 639//639 640//640
f 640//640 639//639 641//641
f 640//640 641//641 642//642
f 642//642 641//641 643//643
f 642//642 643//643 644//644
f 644//644 643//643 645//645
f 644//644 645//645 646//646
f 646//646 645//645 647//647
f 646//646 647//647 648//648
f 648//648 647//647 649//649
f 648//648 649//649 650//650
f 650//650 649//649 651//651
f 650//650 651//651 652//652
f 652//652 651//651 653//653
f 652//652 653//653 654//654
f 654//654 653//653 28//28
f 654//654 28//28 69//69
f 351//351 353//353 356//356
f 356//356 353//353 655//655
f 356//356 655//655 625//625
f 625//625 655//655 656//656
f 625//625 656//656 627//627
f 627//627 656//656 657//657
f 627//627 657//657 629//629
f 629//629 657//657 658//658
f 629//629 658//658 631//631
f 631//631 658//658 659//659
f 631//631 659//659 633//633
f 633//633 659//659 660//660
f 633//633 660//660 635//635
f 635//635 660//660 661//661
f 635//635 661//661 637//637
f 637//637 661//661 662//662
f 637//637 662//662 639//639
f 639//639 662//662 663//663
f 639//639 663//663 641//641
f 641//641 663//663 664//664
f 641//641 664//664 643//643
f 643//643 664//664 665//665
f 643//643 665//665 645//645
f 645//645 665//665 666//666
f 645//645 666//666 647//647
f 647//647 666//666 667//667
f 647//647 667//667 649//649
f 649//649 667//667 668//668
f 649//649 668//668 651//651
f 651//651 668//668 669//669
f 651//651 669//669 653//653
f 653//653 669//669 30//30
f 653//653 30//30 28//28
f 346//346 348//348 353//353
f 353//353 348//348 350//350
f 353//353 350//350 655//655
f 655//655 350//350 570//570
f 655//655 570//570 656//656
f 656//656 570//570 572//572
f 656//656 572//572 657//657
f 657//657 572//572 574//574
f 657//657 574//574 658//658
f 658//658 574//574 576//576
f 658//658 576//576 659//659
f 659//659 576//576 578//578
f 659//659 578//578 660//660
f 660//660 578//578 580//580
f 660//660 580//580 661//661
f 661//661 580//580 582//582
f 661//661 582//582 662//662
f 662//662 582//582 584//584
f 662//662 584//584 663//663
f 663//663 584//584 586//586
f 663//663 586//586 664//664
f 664//664 586//586 588//588
f 664//664 588//588 665//665
f 665//665 588//588 590//590
f 665//665 590//590 666//666
f 666//666 590//590 592//592
f 666//666 592//592 667//667
f 667//667 592//592 594//594
f 667//667 594//594 668//668
f 668//668 594//594 596//596
f 668//668 596//596 669//669
f 669//669 596//596 32//32
f 669//669 32//32 30//30
f 187//187 670//670 117//117
f 117//117 670//670 190//190
f 117//117 190//190 115//115
f 115//115 190//190 192//192
f 98//98 363//363 99//99
f 99//99 363//363 671//671
f 99//99 671//671 368//368
f 368//368 671//671 672//672
f 368//368 672//672 611//611
f 611//611 672//672 673//673
f 611//611 673//673 612//612
f 612//612 673//673 674//674
f 612//612 674//674 613//613
f 613//613 674//674 675//675
f 613//613 675//675 614//614
f 614//614 675//675 676//676
f 614//614 676//676 615//615
f 615//615 676//676 677//677
f 615//615 677//677 616//616
f 616//616 677//677 678//678
f 616//616 678//678 617//617
f 617//617 678//678 679//679
f 617//617 679//679 618//618
f 618//618 679//679 680//680
f 618//618 680//680 619//619
f 619//619 680//680 681//681
f 619//619 681//681 620//620
f 620//620 681//681 682//682
f 620//620 682//682 621//621
f 621//621 682//682 683//683
f 621//621 683//683 622//622
f 622//622 683//683 684//684
f 622//622 684//684 623//623
f 623//623 684//684 685//685
f 623//623 685//685 624//624
f 624//624 685//685 66//66
f 624//624 66//66 64//64
f 360//360 362//362 363//363
f 363//363 362//362 686//686
f 363//363 686//686 671//671
f 671//671 686//686 687//687
f 671//671 687//687 672//672
f 672//672 687//687 688//688
f 672//672 688//688 673//673
f 673//673 688//688 689//689
f 673//673 689//689 674//674
f 674//674 689//689 690//690
f 674//674 690//690 675//675
f 675//675 690//690 691//691
f 675//675 691//691 676//676
f 676//676 691//691 692//692
f 676//676 692//692 677//677
f 677//677 692//692 693//693
f 677//677 693//693 678//678
f 678//678 693//693 694//694
f 678//678 694//694 679//679
f 679//679 694//694 695//695
f 679//679 695//695 680//680
f 680//680 695//695 696//696
f 680//680 696//696 681//681
f 681//681 696//696 697//697
f 681//681 697//697 682//682
f 682//682 697//697 698//698
f 682//682 698//698 683//683
f 683//683 698//698 699//699
f 683//683 699//699 684//684
f 684//684 699//699 700//700
f 684//684 700//700 685//685
f 685//685 700//700 68//68
f 685//685 68//68 66//66
f 357//357 359//359 362//362
f 362//362 359//359 626//626
f 362//362 626//626 686//686
f 686//686 626//626 628//628
f 686//686 628//628 687//687
f 687//687 628//628 630//630
f 687//687 630//630 688//688
f 688//688 630//630 632//632
f 688//688 632//632 689//689
f 689//689 632//632 634//634
f 689//689 634//634 690//690
f 690//690 634//634 636//636
f 690//690 636//636 691//691
f 691//691 636//636 638//638
f 691//691 638//638 692//692
f 692//692 638//638 640//640
f 692//692 640//640 693//693
f 693//693 640//640 642//642
f 693//693 642//642 694//694
f 694//694 642//642 644//644
f 694//694 644//644 695//695
f 695//695 644//644 646//646
f 695//695 646//646 696//696
f 696//696 646//646 648//648
f 696//696 648//648 697//697
f 697//697 648//648 650//650
f 697//697 650//650 698//698
f 698//698 650//650 652//652
f 698//698 652//652 699//699
f 699//699 652//652 654//654
f 699//699 654//654 700//700
f 700//700 654//654 69//69
f 700//700 69//69 68//68
f 230//230 229//229 231//231
f 231//231 229//229 228//228
f 231//231 228//228 233//233
f 233//233 228//228 701//701
f 233//233 701//701 236//236
f 236//236 701//701 702//702
f 670//670 703//703 190//190
f 190//190 703//703 704//704
f 190//190 704//704 191//191
f 191//191 704//704 705//705
f 191//191 705//705 193//193
f 193//193 705//705 199//199
f 193//193 199//199 196//196
f 196//196 199//199 201//201
f 706//706 702//702 707//707
f 707//707 702//702 701//701
f 707//707 701//701 708//708
f 708//708 701//701 228//228
f 708//708 228//228 709//709
f 709//709 228//228 226//226
f 709//709 226//226 710//710
f 110//110 112//112 247//247
f 247//247 112//112 242//242
f 247//247 242//242 711//711
f 711//711 242//242 712//712
f 711//711 712//712 713//713
f 713//713 712//712 714//714
f 713//713 714//714 715//715
f 715//715 714//714 716//716
f 715//715 716//716 717//717
f 2//2 400//400 718//718
f 718//718 400//400 719//719
f 718//718 719//719 720//720
f 720//720 719//719 721//721
f 720//720 721//721 722//722
f 722//722 721//721 723//723
f 722//722 723//723 724//724
f 724//724 723//723 725//725
f 724//724 725//725 726//726
f 726//726 725//725 727//727
f 726//726 727//727 728//728
f 728//728 727//727 729//729
f 728//728 729//729 730//730
f 730//730 729//729 731//731
f 730//730 731//731 732//732
f 732//732 731//731 733//733
f 732//732 733//733 734//734
f 734//734 733//733 735//735
f 734//734 735//735 736//736
f 736//736 735//735 737//737
f 736//736 737//737 738//738
f 738//738 737//737 739//739
f 738//738 739//739 740//740
f 740//740 739//739 741//741
f 740//740 741//741 742//742
f 742//742 741//741 743//743
f 742//742 743//743 744//744
f 744//744 743//743 745//745
f 744//744 745//745 746//746
f 746//746 745//745 747//747
f 746//746 747//747 748//748
f 748//748 747//747 749//749
f 748//748 749//749 750//750
f 750//750 749//749 751//751
f 750//750 751//751 752//752
f 6//6 401//401 402//402
f 402//402 401//401 753//753
f 402//402 753//753 754//754
f 754//754 753//753 755//755
f 754//754 755//755 756//756
f 756//756 755//755 757//757
f 756//756 757//757 758//758
f 758//758 757//757 759//759
f 758//758 759//759 760//760
f 760//760 759//759 761//761
f 760//760 761//761 762//762
f 762//762 761//761 763//763
f 762//762 763//763 764//764
f 764//764 763//763 765//765
f 764//764 765//765 766//766
f 766//766 765//765 767//767
f 766//766 767//767 768//768
f 768//768 767//767 769//769
f 768//768 769//769 770//770
f 770//770 769//769 771//771
f 770//770 771//771 772//772
f 772//772 771//771 773//773
f 772//772 773//773 774//774
f 774//774 773//773 775//775
f 774//774 775//775 776//776
f 776//776 775//775 777//777
f 776//776 777//777 778//778
f 778//778 777//777 779//779
f 778//778 779//779 780//780
f 780//780 779//779 781//781
f 780//780 781//781 782//782
f 782//782 781//781 783//783
f 782//782 783//783 784//784
f 784//784 783//783 785//785
f 784//784 785//785 786//786
f 40//40 404//404 787//787
f 787//787 404//404 788//788
f 787//787 788//788 789//789
f 789//789 788//788 790//790
f 789//789 790//790 791//791
f 791//791 790//790 792//792
f 791//791 792//792 793//793
f 793//793 792//792 794//794
f 793//793 794//794 795//795
f 795//795 794//794 796//796
f 795//795 796//796 797//797
f 797//797 796//796 798//798
f 797//797 798//798 799//799
f 799//799 798//798 800//800
f 799//799 800//800 801//801
f 801//801 800//800 802//802
f 801//801 802//802 803//803
f 803//803 802//802 804//804
f 803//803 804//804 805//805
f 805//805 804//804 806//806
f 805//805 806//806 807//807
f 807//807 806//806 808//808
f 807//807 808//808 809//809
f 809//809 808//808 810//810
f 809//809 810//810 811//811
f 811//811 810//810 812//812
f 811//811 812//812 813//813
f 813//813 812//812 814//814
f 813//813 814//814 815//815
f 815//815 814//814 816//816
f 815//815 816//816 817//817
f 817//817 816//816 818//818
f 817//817 818//818 819//819
f 819//819 818//818 820//820
f 819//819 820//820 821//821
f 43//43 405//405 406//406
f 406//406 405//405 822//822
f 406//406 822//822 823//823
f 823//823 822//822 824//824
f 823//823 824//824 825//825
f 825//825 824//824 826//826
f 825//825 826//826 827//827
f 827//827 826//826 828//828
f 827//827 828//828 829//829
f 829//829 828//828 830//830
f 829//829 830//830 831//831
f 831//831 830//830 832//832
f 831//831 832//832 833//833
f 833//833 832//832 834//834
f 833//833 834//834 835//835
f 835//835 834//834 836//836
f 835//835 836//836 837//837
f 837//837 836//836 838//838
f 837//837 838//838 839//839
f 839//839 838//838 840//840
f 839//839 840//840 841//841
f 841//841 840//840 842//842
f 841//841 842//842 843//843
f 843//843 842//842 844//844
f 843//843 844//844 845//845
f 845//845 844//844 846//846
f 845//845 846//846 847//847
f 847//847 846//846 848//848
f 847//847 848//848 849//849
f 849//849 848//848 850//850
f 849//849 850//850 851//851
f 851//851 850//850 852//852
f 851//851 852//852 853//853
f 853//853 852//852 854//854
f 853//853 854//854 855//855
f 51//51 408//408 856//856
f 856//856 408//408 857//857
f 856//856 857//857 858//858
f 858//858 857//857 859//859
f 858//858 859//859 860//860
f 860//860 859//859 861//861
f 860//860 861//861 862//862
f 862//862 861//861 863//863
f 862//862 863//863 864//864
f 864//864 863//863 865//865
f 864//864 865//865 866//866
f 866//866 865//865 867//867
f 866//866 867//867 868//868
f 868//868 867//867 869//869
f 868//868 869//869 870//870
f 870//870 869//869 871//871
f 870//870 871//871 872//872
f 872//872 871//871 873//873
f 872//872 873//873 874//874
f 874//874 873//873 875//875
f 874//874 875//875 876//876
f 876//876 875//875 877//877
f 876//876 877//877 878//878
f 878//878 877//877 879//879
f 878//878 879//879 880//880
f 880//880 879//879 881//881
f 880//880 881//881 882//882
f 882//882 881//881 883//883
f 882//882 883//883 884//884
f 884//884 883//883 885//885
f 884//884 885//885 886//886
f 886//886 885//885 887//887
f 886//886 887//887 888//888
f 888//888 887//887 889//889
f 888//888 889//889 890//890
f 54//54 409//409 410//410
f 410//410 409//409 891//891
f 410//410 891//891 892//892
f 892//892 891//891 893//893
f 892//892 893//893 894//894
f 894//894 893//893 895//895
f 894//894 895//895 896//896
f 896//896 895//895 897//897
f 896//896 897//897 898//898
f 898//898 897//897 899//899
f 898//898 899//899 900//900
f 900//900 899//899 901//901
f 900//900 901//901 902//902
f 902//902 901//901 903//903
f 902//902 903//903 904//904
f 904//904 903//903 905//905
f 904//904 905//905 906//906
f 906//906 905//905 907//907
f 906//906 907//907 908//908
f 908//908 907//907 909//909
f 908//908 909//909 910//910
f 910//910 909//909 911//911
f 910//910 911//911 912//912
f 912//912 911//911 913//913
f 912//912 913//913 914//914
f 914//914 913//913 915//915
f 914//914 915//915 916//916
f 916//916 915//915 917//917
f 916//916 917//917 918//918
f 918//918 917//917 919//919
f 918//918 919//919 920//920
f 920//920 919//919 921//921
f 920//920 921//921 922//922
f 922//922 921//921 923//923
f 922//922 923//923 924//924
f 173//173 175//175 178//178
f 178//178 175//175 925//925
f 178//178 925//925 179//179
f 179//179 925//925 926//926
f 179//179 926//926 183//183
f 183//183 926//926 927//927
f 183//183 927//927 928//928
f 928//928 927//927 929//929
f 928//928 929//929 930//930
f 930//930 929//929 931//931
f 930//930 931//931 932//932
f 932//932 931//931 933//933
f 932//932 933//933 934//934
f 934//934 933//933 935//935
f 934//934 935//935 936//936
f 703//703 937//937 704//704
f 704//704 937//937 938//938
f 704//704 938//938 705//705
f 705//705 938//938 939//939
f 705//705 939//939 199//199
f 199//199 939//939 940//940
f 199//199 940//940 200//200
f 200//200 940//940 941//941
f 200//200 941//941 204//204
f 204//204 941//941 942//942
f 943//943 218//218 944//944
f 944//944 218//218 213//213
f 944//944 213//213 945//945
f 945//945 213//213 212//212
f 945//945 212//212 946//946
f 946//946 212//212 210//210
f 946//946 210//210 947//947
f 944//944 948//948 943//943
f 943//943 948//948 949//949
f 943//943 949//949 950//950
f 216//216 218//218 87//87
f 87//87 218//218 943//943
f 87//87 943//943 88//88
f 88//88 943//943 950//950
f 88//88 950//950 951//951
f 951//951 952//952 88//88
f 88//88 952//952 710//710
f 88//88 710//710 86//86
f 86//86 710//710 226//226
f 86//86 226//226 221//221
f 221//221 226//226 225//225
f 952//952 953//953 710//710
f 710//710 953//953 954//954
f 710//710 954//954 709//709
f 709//709 954//954 955//955
f 709//709 955//955 708//708
f 708//708 955//955 956//956
f 708//708 956//956 707//707
f 707//707 956//956 957//957
f 707//707 957//957 706//706
f 706//706 957//957 958//958
f 706//706 958//958 959//959
f 959//959 716//716 706//706
f 706//706 716//716 714//714
f 706//706 714//714 702//702
f 702//702 714//714 712//712
f 702//702 712//712 236//236
f 236//236 712//712 242//242
f 236//236 242//242 237//237
f 237//237 242//242 241//241
f 237//237 241//241 238//238
f 959//959 960//960 716//716
f 716//716 960//960 961//961
f 716//716 961//961 717//717
f 717//717 961//961 962//962
f 717//717 962//962 963//963
f 107//107 109//109 251//251
f 251//251 109//109 245//245
f 251//251 245//245 964//964
f 964//964 245//245 247//247
f 964//964 247//247 965//965
f 965//965 247//247 711//711
f 965//965 711//711 966//966
f 966//966 711//711 713//713
f 966//966 713//713 967//967
f 967//967 713//713 715//715
f 967//967 715//715 968//968
f 968//968 715//715 717//717
f 968//968 717//717 969//969
f 969//969 717//717 963//963
f 969//969 963//963 970//970
f 106//106 105//105 264//264
f 264//264 105//105 256//256
f 264//264 256//256 971//971
f 971//971 256//256 253//253
f 971//971 253//253 972//972
f 972//972 253//253 251//251
f 972//972 251//251 973//973
f 973//973 251//251 964//964
f 973//973 964//964 974//974
f 974//974 964//964 965//965
f 974//974 965//965 975//975
f 975//975 965//965 966//966
f 975//975 966//966 976//976
f 976//976 966//966 967//967
f 976//976 967//967 977//977
f 977//977 967//967 968//968
f 977//977 968//968 978//978
f 978//978 968//968 969//969
f 978//978 969//969 979//979
f 979//979 969//969 970//970
f 979//979 970//970 980//980
f 81//81 399//399 981//981
f 981//981 399//399 432//432
f 981//981 432//432 982//982
f 982//982 432//432 431//431
f 982//982 431//431 983//983
f 983//983 431//431 430//430
f 983//983 430//430 984//984
f 984//984 430//430 429//429
f 984//984 429//429 985//985
f 985//985 429//429 428//428
f 985//985 428//428 986//986
f 986//986 428//428 427//427
f 986//986 427//427 987//987
f 987//987 427//427 261//261
f 987//987 261//261 988//988
f 988//988 261//261 264//264
f 988//988 264//264 989//989
f 989//989 264//264 971//971
f 989//989 971//971 990//990
f 990//990 971//971 972//972
f 990//990 972//972 991//991
f 991//991 972//972 973//973
f 991//991 973//973 992//992
f 992//992 973//973 974//974
f 992//992 974//974 993//993
f 993//993 974//974 975//975
f 993//993 975//975 994//994
f 994//994 975//975 976//976
f 994//994 976//976 995//995
f 995//995 976//976 977//977
f 995//995 977//977 996//996
f 996//996 977//977 978//978
f 996//996 978//978 997//997
f 997//997 978//978 979//979
f 997//997 979//979 998//998
f 998//998 979//979 980//980
f 998//998 980//980 999//999
f 999//999 751//751 998//998
f 998//998 751//751 749//749
f 998//998 749//749 997//997
f 997//997 749//749 747//747
f 997//997 747//747 996//996
f 996//996 747//747 745//745
f 996//996 745//745 995//995
f 995//995 745//745 743//743
f 995//995 743//743 994//994
f 994//994 743//743 741//741
f 994//994 741//741 993//993
f 993//993 741//741 739//739
f 993//993 739//739 992//992
f 992//992 739//739 737//737
f 992//992 737//737 991//991
f 991//991 737//737 735//735
f 991//991 735//735 990//990
f 990//990 735//735 733//733
f 990//990 733//733 989//989
f 989//989 733//733 731//731
f 989//989 731//731 988//988
f 988//988 731//731 729//729
f 988//988 729//729 987//987
f 987//987 729//729 727//727
f 987//987 727//727 986//986
f 986//986 727//727 725//725
f 986//986 725//725 985//985
f 985//985 725//725 723//723
f 985//985 723//723 984//984
f 984//984 723//723 721//721
f 984//984 721//721 983//983
f 983//983 721//721 719//719
f 983//983 719//719 982//982
f 982//982 719//719 400//400
f 982//982 400//400 981//981
f 981//981 400//400 82//82
f 981//981 82//82 81//81
f 999//999 1000//1000 751//751
f 751//751 1000//1000 1001//1001
f 751//751 1001//1001 752//752
f 752//752 1001//1001 1002//1002
f 752//752 1002//1002 1003//1003
f 1003//1003 785//785 752//752
f 752//752 785//785 783//783
f 752//752 783//783 750//750
f 750//750 783//783 781//781
f 750//750 781//781 748//748
f 748//748 781//781 779//779
f 748//748 779//779 746//746
f 746//746 779//779 777//777
f 746//746 777//777 744//744
f 744//744 777//777 775//775
f 744//744 775//775 742//742
f 742//742 775//775 773//773
f 742//742 773//773 740//740
f 740//740 773//773 771//771
f 740//740 771//771 738//738
f 738//738 771//771 769//769
f 738//738 769//769 736//736
f 736//736 769//769 767//767
f 736//736 767//767 734//734
f 734//734 767//767 765//765
f 734//734 765//765 732//732
f 732//732 765//765 763//763
f 732//732 763//763 730//730
f 730//730 763//763 761//761
f 730//730 761//761 728//728
f 728//728 761//761 759//759
f 728//728 759//759 726//726
f 726//726 759//759 757//757
f 726//726 757//757 724//724
f 724//724 757//757 755//755
f 724//724 755//755 722//722
f 722//722 755//755 753//753
f 722//722 753//753 720//720
f 720//720 753//753 401//401
f 720//720 401//401 718//718
f 718//718 401//401 4//4
f 718//718 4//4 2//2
f 1003//1003 1004//1004 785//785
f 785//785 1004//1004 1005//1005
f 785//785 1005//1005 786//786
f 786//786 1005//1005 1006//1006
f 786//786 1006//1006 1007//1007
f 8//8 402//402 403//403
f 403//403 402//402 754//754
f 403//403 754//754 1008//1008
f 1008//1008 754//754 756//756
f 1008//1008 756//756 1009//1009
f 1009//1009 756//756 758//758
f 1009//1009 758//758 1010//1010
f 1010//1010 758//758 760//760
f 1010//1010 760//760 1011//1011
f 1011//1011 760//760 762//762
f 1011//1011 762//762 1012//1012
f 1012//1012 762//762 764//764
f 1012//1012 764//764 1013//1013
f 1013//1013 764//764 766//766
f 1013//1013 766//766 1014//1014
f 1014//1014 766//766 768//768
f 1014//1014 768//768 1015//1015
f 1015//1015 768//768 770//770
f 1015//1015 770//770 1016//1016
f 1016//1016 770//770 772//772
f 1016//1016 772//772 1017//1017
f 1017//1017 772//772 774//774
f 1017//1017 774//774 1018//1018
f 1018//1018 774//774 776//776
f 1018//1018 776//776 1019//1019
f 1019//1019 776//776 778//778
f 1019//1019 778//778 1020//1020
f 1020//1020 778//778 780//780
f 1020//1020 780//780 1021//1021
f 1021//1021 780//780 782//782
f 1021//1021 782//782 1022//1022
f 1022//1022 782//782 784//784
f 1022//1022 784//784 1023//1023
f 1023//1023 784//784 786//786
f 1023//1023 786//786 1024//1024
f 1024//1024 786//786 1007//1007
f 1024//1024 1007//1007 1025//1025
f 10//10 403//403 1026//1026
f 1026//1026 403//403 1008//1008
f 1026//1026 1008//1008 1027//1027
f 1027//1027 1008//1008 1009//1009
f 1027//1027 1009//1009 1028//1028
f 1028//1028 1009//1009 1010//1010
f 1028//1028 1010//1010 1029//1029
f 1029//1029 1010//1010 1011//1011
f 1029//1029 1011//1011 1030//1030
f 1030//1030 1011//1011 1012//1012
f 1030//1030 1012//1012 1031//1031
f 1031//1031 1012//1012 1013//1013
f 1031//1031 1013//1013 1032//1032
f 1032//1032 1013//1013 1014//1014
f 1032//1032 1014//1014 1033//1033
f 1033//1033 1014//1014 1015//1015
f 1033//1033 1015//1015 1034//1034
f 1034//1034 1015//1015 1016//1016
f 1034//1034 1016//1016 1035//1035
f 1035//1035 1016//1016 1017//1017
f 1035//1035 1017//1017 1036//1036
f 1036//1036 1017//1017 1018//1018
f 1036//1036 1018//1018 1037//1037
f 1037//1037 1018//1018 1019//1019
f 1037//1037 1019//1019 1038//1038
f 1038//1038 1019//1019 1020//1020
f 1038//1038 1020//1020 1039//1039
f 1039//1039 1020//1020 1021//1021
f 1039//1039 1021//1021 1040//1040
f 1040//1040 1021//1021 1022//1022
f 1040//1040 1022//1022 1041//1041
f 1041//1041 1022//1022 1023//1023
f 1041//1041 1023//1023 1042//1042
f 1042//1042 1023//1023 1024//1024
f 1042//1042 1024//1024 1043//1043
f 1043//1043 1024//1024 1025//1025
f 1043//1043 1025//1025 1044//1044
f 1044//1044 820//820 1043//1043
f 1043//1043 820//820 818//818
f 1043//1043 818//818 1042//1042
f 1042//1042 818//818 816//816
f 1042//1042 816//816 1041//1041
f 1041//1041 816//816 814//814
f 1041//1041 814//814 1040//1040
f 1040//1040 814//814 812//812
f 1040//1040 812//812 1039//1039
f 1039//1039 812//812 810//810
f 1039//1039 810//810 1038//1038
f 1038//1038 810//810 808//808
f 1038//1038 808//808 1037//1037
f 1037//1037 808//808 806//806
f 1037//1037 806//806 1036//1036
f 1036//1036 806//806 804//804
f 1036//1036 804//804 1035//1035
f 1035//1035 804//804 802//802
f 1035//1035 802//802 1034//1034
f 1034//1034 802//802 800//800
f 1034//1034 800//800 1033//1033
f 1033//1033 800//800 798//798
f 1033//1033 798//798 1032//1032
f 1032//1032 798//798 796//796
f 1032//1032 796//796 1031//1031
f 1031//1031 796//796 794//794
f 1031//1031 794//794 1030//1030
f 1030//1030 794//794 792//792
f 1030//1030 792//792 1029//1029
f 1029//1029 792//792 790//790
f 1029//1029 790//790 1028//1028
f 1028//1028 790//790 788//788
f 1028//1028 788//788 1027//1027
f 1027//1027 788//788 404//404
f 1027//1027 404//404 1026//1026
f 1026//1026 404//404 12//12
f 1026//1026 12//12 10//10
f 1044//1044 1045//1045 820//820
f 820//820 1045//1045 1046//1046
f 820//820 1046//1046 821//821
f 821//821 1046//1046 1047//1047
f 821//821 1047//1047 1048//1048
f 1048//1048 854//854 821//821
f 821//821 854//854 852//852
f 821//821 852//852 819//819
f 819//819 852//852 850//850
f 819//819 850//850 817//817
f 817//817 850//850 848//848
f 817//817 848//848 815//815
f 815//815 848//848 846//846
f 815//815 846//846 813//813
f 813//813 846//846 844//844
f 813//813 844//844 811//811
f 811//811 844//844 842//842
f 811//811 842//842 809//809
f 809//809 842//842 840//840
f 809//809 840//840 807//807
f 807//807 840//840 838//838
f 807//807 838//838 805//805
f 805//805 838//838 836//836
f 805//805 836//836 803//803
f 803//803 836//836 834//834
f 803//803 834//834 801//801
f 801//801 834//834 832//832
f 801//801 832//832 799//799
f 799//799 832//832 830//830
f 799//799 830//830 797//797
f 797//797 830//830 828//828
f 797//797 828//828 795//795
f 795//795 828//828 826//826
f 795//795 826//826 793//793
f 793//793 826//826 824//824
f 793//793 824//824 791//791
f 791//791 824//824 822//822
f 791//791 822//822 789//789
f 789//789 822//822 405//405
f 789//789 405//405 787//787
f 787//787 405//405 41//41
f 787//787 41//41 40//40
f 1048//1048 1049//1049 854//854
f 854//854 1049//1049 1050//1050
f 854//854 1050//1050 855//855
f 855//855 1050//1050 1051//1051
f 855//855 1051//1051 1052//1052
f 45//45 406//406 407//407
f 407//407 406//406 823//823
f 407//407 823//823 1053//1053
f 1053//1053 823//823 825//825
f 1053//1053 825//825 1054//1054
f 1054//1054 825//825 827//827
f 1054//1054 827//827 1055//1055
f 1055//1055 827//827 829//829
f 1055//1055 829//829 1056//1056
f 1056//1056 829//829 831//831
f 1056//1056 831//831 1057//1057
f 1057//1057 831//831 833//833
f 1057//1057 833//833 1058//1058
f 1058//1058 833//833 835//835
f 1058//1058 835//835 1059//1059
f 1059//1059 835//835 837//837
f 1059//1059 837//837 1060//1060
f 1060//1060 837//837 839//839
f 1060//1060 839//839 1061//1061
f 1061//1061 839//839 841//841
f 1061//1061 841//841 1062//1062
f 1062//1062 841//841 843//843
f 1062//1062 843//843 1063//1063
f 1063//1063 843//843 845//845
f 1063//1063 845//845 1064//1064
f 1064//1064 845//845 847//847
f 1064//1064 847//847 1065//1065
f 1065//1065 847//847 849//849
f 1065//1065 849//849 1066//1066
f 1066//1066 849//849 851//851
f 1066//1066 851//851 1067//1067
f 1067//1067 851//851 853//853
f 1067//1067 853//853 1068//1068
f 1068//1068 853//853 855//855
f 1068//1068 855//855 1069//1069
f 1069//1069 855//855 1052//1052
f 1069//1069 1052//1052 1070//1070
f 47//47 407//407 1071//1071
f 1071//1071 407//407 1053//1053
f 1071//1071 1053//1053 1072//1072
f 1072//1072 1053//1053 1054//1054
f 1072//1072 1054//1054 1073//1073
f 1073//1073 1054//1054 1055//1055
f 1073//1073 1055//1055 1074//1074
f 1074//1074 1055//1055 1056//1056
f 1074//1074 1056//1056 1075//1075
f 1075//1075 1056//1056 1057//1057
f 1075//1075 1057//1057 1076//1076
f 1076//1076 1057//1057 1058//1058
f 1076//1076 1058//1058 1077//1077
f 1077//1077 1058//1058 1059//1059
f 1077//1077 1059//1059 1078//1078
f 1078//1078 1059//1059 1060//1060
f 1078//1078 1060//1060 1079//1079
f 1079//1079 1060//1060 1061//1061
f 1079//1079 1061//1061 1080//1080
f 1080//1080 1061//1061 1062//1062
f 1080//1080 1062//1062 1081//1081
f 1081//1081 1062//1062 1063//1063
f 1081//1081 1063//1063 1082//1082
f 1082//1082 1063//1063 1064//1064
f 1082//1082 1064//1064 1083//1083
f 1083//1083 1064//1064 1065//1065
f 1083//1083 1065//1065 1084//1084
f 1084//1084 1065//1065 1066//1066
f 1084//1084 1066//1066 1085//1085
f 1085//1085 1066//1066 1067//1067
f 1085//1085 1067//1067 1086//1086
f 1086//1086 1067//1067 1068//1068
f 1086//1086 1068//1068 1087//1087
f 1087//1087 1068//1068 1069//1069
f 1087//1087 1069//1069 1088//1088
f 1088//1088 1069//1069 1070//1070
f 1088//1088 1070//1070 1089//1089
f 1089//1089 889//889 1088//1088
f 1088//1088 889//889 887//887
f 1088//1088 887//887 1087//1087
f 1087//1087 887//887 885//885
f 1087//1087 885//885 1086//1086
f 1086//1086 885//885 883//883
f 1086//1086 883//883 1085//1085
f 1085//1085 883//883 881//881
f 1085//1085 881//881 1084//1084
f 1084//1084 881//881 879//879
f 1084//1084 879//879 1083//1083
f 1083//1083 879//879 877//877
f 1083//1083 877//877 1082//1082
f 1082//1082 877//877 875//875
f 1082//1082 875//875 1081//1081
f 1081//1081 875//875 873//873
f 1081//1081 873//873 1080//1080
f 1080//1080 873//873 871//871
f 1080//1080 871//871 1079//1079
f 1079//1079 871//871 869//869
f 1079//1079 869//869 1078//1078
f 1078//1078 869//869 867//867
f 1078//1078 867//867 1077//1077
f 1077//1077 867//867 865//865
f 1077//1077 865//865 1076//1076
f 1076//1076 865//865 863//863
f 1076//1076 863//863 1075//1075
f 1075//1075 863//863 861//861
f 1075//1075 861//861 1074//1074
f 1074//1074 861//861 859//859
f 1074//1074 859//859 1073//1073
f 1073//1073 859//859 857//857
f 1073//1073 857//857 1072//1072
f 1072//1072 857//857 408//408
f 1072//1072 408//408 1071//1071
f 1071//1071 408//408 49//49
f 1071//1071 49//49 47//47
f 1089//1089 1090//1090 889//889
f 889//889 1090//1090 1091//1091
f 889//889 1091//1091 890//890
f 890//890 1091//1091 1092//1092
f 890//890 1092//1092 1093//1093
f 1093//1093 923//923 890//890
f 890//890 923//923 921//921
f 890//890 921//921 888//888
f 888//888 921//921 919//919
f 888//888 919//919 886//886
f 886//886 919//919 917//917
f 886//886 917//917 884//884
f 884//884 917//917 915//915
f 884//884 915//915 882//882
f 882//882 915//915 913//913
f 882//882 913//913 880//880
f 880//880 913//913 911//911
f 880//880 911//911 878//878
f 878//878 911//911 909//909
f 878//878 909//909 876//876
f 876//876 909//909 907//907
f 876//876 907//907 874//874
f 874//874 907//907 905//905
f 874//874 905//905 872//872
f 872//872 905//905 903//903
f 872//872 903//903 870//870
f 870//870 903//903 901//901
f 870//870 901//901 868//868
f 868//868 901//901 899//899
f 868//868 899//899 866//866
f 866//866 899//899 897//897
f 866//866 897//897 864//864
f 864//864 897//897 895//895
f 864//864 895//895 862//862
f 862//862 895//895 893//893
f 862//862 893//893 860//860
f 860//860 893//893 891//891
f 860//860 891//891 858//858
f 858//858 891//891 409//409
f 858//858 409//409 856//856
f 856//856 409//409 53//53
f 856//856 53//53 51//51
f 1093//1093 1094//1094 923//923
f 923//923 1094//1094 1095//1095
f 923//923 1095//1095 924//924
f 924//924 1095//1095 1096//1096
f 924//924 1096//1096 1097//1097
f 15//15 410//410 411//411
f 411//411 410//410 892//892
f 411//411 892//892 1098//1098
f 1098//1098 892//892 894//894
f 1098//1098 894//894 1099//1099
f 1099//1099 894//894 896//896
f 1099//1099 896//896 1100//1100
f 1100//1100 896//896 898//898
f 1100//1100 898//898 1101//1101
f 1101//1101 898//898 900//900
f 1101//1101 900//900 1102//1102
f 1102//1102 900//900 902//902
f 1102//1102 902//902 1103//1103
f 1103//1103 902//902 904//904
f 1103//1103 904//904 1104//1104
f 1104//1104 904//904 906//906
f 1104//1104 906//906 1105//1105
f 1105//1105 906//906 908//908
f 1105//1105 908//908 1106//1106
f 1106//1106 908//908 910//910
f 1106//1106 910//910 1107//1107
f 1107//1107 910//910 912//912
f 1107//1107 912//912 1108//1108
f 1108//1108 912//912 914//914
f 1108//1108 914//914 1109//1109
f 1109//1109 914//914 916//916
f 1109//1109 916//916 1110//1110
f 1110//1110 916//916 918//918
f 1110//1110 918//918 1111//1111
f 1111//1111 918//918 920//920
f 1111//1111 920//920 1112//1112
f 1112//1112 920//920 922//922
f 1112//1112 922//922 1113//1113
f 1113//1113 922//922 924//924
f 1113//1113 924//924 1114//1114
f 1114//1114 924//924 1097//1097
f 1114//1114 1097//1097 1115//1115
f 17//17 411//411 412//412
f 412//412 411//411 1098//1098
f 412//412 1098//1098 1116//1116
f 1116//1116 1098//1098 1099//1099
f 1116//1116 1099//1099 1117//1117
f 1117//1117 1099//1099 1100//1100
f 1117//1117 1100//1100 1118//1118
f 1118//1118 1100//1100 1101//1101
f 1118//1118 1101//1101 1119//1119
f 1119//1119 1101//1101 1102//1102
f 1119//1119 1102//1102 1120//1120
f 1120//1120 1102//1102 1103//1103
f 1120//1120 1103//1103 1121//1121
f 1121//1121 1103//1103 1104//1104
f 1121//1121 1104//1104 1122//1122
f 1122//1122 1104//1104 1105//1105
f 1122//1122 1105//1105 1123//1123
f 1123//1123 1105//1105 1106//1106
f 1123//1123 1106//1106 1124//1124
f 1124//1124 1106//1106 1107//1107
f 1124//1124 1107//1107 1125//1125
f 1125//1125 1107//1107 1108//1108
f 1125//1125 1108//1108 1126//1126
f 1126//1126 1108//1108 1109//1109
f 1126//1126 1109//1109 1127//1127
f 1127//1127 1109//1109 1110//1110
f 1127//1127 1110//1110 1128//1128
f 1128//1128 1110//1110 1111//1111
f 1128//1128 1111//1111 1129//1129
f 1129//1129 1111//1111 1112//1112
f 1129//1129 1112//1112 1130//1130
f 1130//1130 1112//1112 1113//1113
f 1130//1130 1113//1113 1131//1131
f 1131//1131 1113//1113 1114//1114
f 1131//1131 1114//1114 1132//1132
f 1132//1132 1114//1114 1115//1115
f 1132//1132 1115//1115 1133//1133
f 19//19 412//412 446//446
f 446//446 412//412 1116//1116
f 446//446 1116//1116 444//444
f 444//444 1116//1116 1117//1117
f 444//444 1117//1117 442//442
f 442//442 1117//1117 1118//1118
f 442//442 1118//1118 440//440
f 440//440 1118//1118 1119//1119
f 440//440 1119//1119 438//438
f 438//438 1119//1119 1120//1120
f 438//438 1120//1120 436//436
f 436//436 1120//1120 1121//1121
f 436//436 1121//1121 434//434
f 434//434 1121//1121 1122//1122
f 434//434 1122//1122 166//166
f 166//166 1122//1122 1123//1123
f 166//166 1123//1123 158//158
f 158//158 1123//1123 1124//1124
f 158//158 1124//1124 1134//1134
f 1134//1134 1124//1124 1125//1125
f 1134//1134 1125//1125 1135//1135
f 1135//1135 1125//1125 1126//1126
f 1135//1135 1126//1126 1136//1136
f 1136//1136 1126//1126 1127//1127
f 1136//1136 1127//1127 1137//1137
f 1137//1137 1127//1127 1128//1128
f 1137//1137 1128//1128 1138//1138
f 1138//1138 1128//1128 1129//1129
f 1138//1138 1129//1129 1139//1139
f 1139//1139 1129//1129 1130//1130
f 1139//1139 1130//1130 1140//1140
f 1140//1140 1130//1130 1131//1131
f 1140//1140 1131//1131 1141//1141
f 1141//1141 1131//1131 1132//1132
f 1141//1141 1132//1132 1142//1142
f 1142//1142 1132//1132 1133//1133
f 1142//1142 1133//1133 1143//1143
f 1143//1143 935//935 1142//1142
f 1142//1142 935//935 933//933
f 1142//1142 933//933 1141//1141
f 1141//1141 933//933 931//931
f 1141//1141 931//931 1140//1140
f 1140//1140 931//931 929//929
f 1140//1140 929//929 1139//1139
f 1139//1139 929//929 927//927
f 1139//1139 927//927 1138//1138
f 1138//1138 927//927 926//926
f 1138//1138 926//926 1137//1137
f 1137//1137 926//926 925//925
f 1137//1137 925//925 1136//1136
f 1136//1136 925//925 175//175
f 1136//1136 175//175 1135//1135
f 1135//1135 175//175 168//168
f 1135//1135 168//168 1134//1134
f 1134//1134 168//168 170//170
f 1134//1134 170//170 158//158
f 158//158 170//170 172//172
f 158//158 172//172 159//159
f 1143//1143 1144//1144 935//935
f 935//935 1144//1144 1145//1145
f 935//935 1145//1145 936//936
f 936//936 1145//1145 1146//1146
f 936//936 1146//1146 1147//1147
f 1147//1147 937//937 936//936
f 936//936 937//937 703//703
f 936//936 703//703 934//934
f 934//934 703//703 670//670
f 934//934 670//670 932//932
f 932//932 670//670 187//187
f 932//932 187//187 930//930
f 930//930 187//187 120//120
f 930//930 120//120 928//928
f 928//928 120//120 119//119
f 928//928 119//119 183//183
f 183//183 119//119 1148//1148
f 183//183 1148//1148 184//184
f 1147//1147 1149//1149 937//937
f 937//937 1149//1149 1150//1150
f 937//937 1150//1150 938//938
f 938//938 1150//1150 1151//1151
f 938//938 1151//1151 939//939
f 939//939 1151//1151 1152//1152
f 939//939 1152//1152 940//940
f 940//940 1152//1152 1153//1153
f 940//940 1153//1153 941//941
f 1153//1153 1154//1154 941//941
f 941//941 1154//1154 1155//1155
f 941//941 1155//1155 942//942
f 942//942 1155//1155 1156//1156
f 942//942 1156//1156 1157//1157
f 202//202 204//204 84//84
f 84//84 204//204 942//942
f 84//84 942//942 85//85
f 85//85 942//942 1157//1157
f 85//85 1157//1157 1158//1158
f 1158//1158 1159//1159 85//85
f 85//85 1159//1159 947//947
f 85//85 947//947 83//83
f 83//83 947//947 210//210
f 83//83 210//210 113//113
f 113//113 210//210 209//209
f 1159//1159 1160//1160 947//947
f 947//947 1160//1160 1161//1161
f 947//947 1161//1161 946//946
f 946//946 1161//1161 1162//1162
f 946//946 1162//1162 945//945
f 945//945 1162//1162 1163//1163
f 945//945 1163//1163 944//944
f 944//944 1163//1163 1164//1164
f 944//944 1164//1164 948//948
f 1162//1162 1161//1161 1165//1165
f 1160//1160 1159//1159 1166//1166
f 1158//1158 1157//1157 1167//1167
f 1156//1156 1155//1155 1168//1168
f 1146//1146 1145//1145 1169//1169
f 1094//1094 1093//1093 1170//1170
f 1092//1092 1091//1091 1171//1171
f 1049//1049 1048//1048 1172//1172
f 1047//1047 1046//1046 1173//1173
f 1045//1045 1044//1044 1174//1174
f 1002//1002 1001//1001 1175//1175
f 960//960 959//959 1176//1176
f 1177//1177 1178//1178 1179//1179
f 1180//1180 1181//1181 1182//1182
f 1179//1179 1178//1178 1183//1183
f 1184//1184 1183//1183 1178//1178
f 1183//1183 1185//1185 1186//1186
f 1182//1182 1181//1181 1183//1183
f 1187//1187 1183//1183 1181//1181
f 1187//1187 1181//1181 1188//1188
f 1188//1188 1181//1181 1180//1180
f 1188//1188 1180//1180 1189//1189
f 1190//1190 1183//1183 1187//1187
f 1184//1184 1178//1178 1191//1191
f 1191//1191 1178//1178 1177//1177
f 1191//1191 1177//1177 1192//1192
f 1193//1193 1183//1183 1184//1184
f 1190//1190 1187//1187 1194//1194
f 1194//1194 1187//1187 1188//1188
f 1194//1194 1188//1188 1195//1195
f 1195//1195 1188//1188 1189//1189
f 1195//1195 1189//1189 1196//1196
f 1197//1197 1183//1183 1190//1190
f 1193//1193 1184//1184 1198//1198
f 1198//1198 1184//1184 1191//1191
f 1198//1198 1191//1191 1199//1199
f 1199//1199 1191//1191 1192//1192
f 1199//1199 1192//1192 1200//1200
f 1201//1201 1183//1183 1193//1193
f 1197//1197 1190//1190 1202//1202
f 1202//1202 1190//1190 1194//1194
f 1202//1202 1194//1194 1203//1203
f 1203//1203 1194//1194 1195//1195
f 1203//1203 1195//1195 1204//1204
f 1204//1204 1195//1195 1196//1196
f 1204//1204 1196//1196 1205//1205
f 1206//1206 1183//1183 1197//1197
f 1201//1201 1193//1193 1207//1207
f 1207//1207 1193//1193 1198//1198
f 1207//1207 1198//1198 1208//1208
f 1208//1208 1198//1198 1199//1199
f 1208//1208 1199//1199 1209//1209
f 1209//1209 1199//1199 1200//1200
f 1209//1209 1200//1200 1210//1210
f 1211//1211 1183//1183 1201//1201
f 1206//1206 1197//1197 1212//1212
f 1212//1212 1197//1197 1202//1202
f 1212//1212 1202//1202 1213//1213
f 1213//1213 1202//1202 1203//1203
f 1213//1213 1203//1203 1214//1214
f 1214//1214 1203//1203 1204//1204
f 1214//1214 1204//1204 1215//1215
f 1215//1215 1204//1204 1205//1205
f 1215//1215 1205//1205 1216//1216
f 1217//1217 1183//1183 1206//1206
f 1211//1211 1201//1201 1218//1218
f 1218//1218 1201//1201 1207//1207
f 1218//1218 1207//1207 1219//1219
f 1219//1219 1207//1207 1208//1208
f 1219//1219 1208//1208 1220//1220
f 1220//1220 1208//1208 1209//1209
f 1220//1220 1209//1209 1221//1221
f 1221//1221 1209//1209 1210//1210
f 1221//1221 1210//1210 1222//1222
f 1223//1223 1183//1183 1211//1211
f 1217//1217 1206//1206 1224//1224
f 1224//1224 1206//1206 1212//1212
f 1224//1224 1212//1212 1225//1225
f 1225//1225 1212//1212 1213//1213
f 1225//1225 1213//1213 1226//1226
f 1226//1226 1213//1213 1214//1214
f 1226//1226 1214//1214 1227//1227
f 1227//1227 1214//1214 1215//1215
f 1227//1227 1215//1215 1228//1228
f 1228//1228 1215//1215 1216//1216
f 1228//1228 1216//1216 1229//1229
f 1230//1230 1183//1183 1217//1217
f 1223//1223 1211//1211 1231//1231
f 1231//1231 1211//1211 1218//1218
f 1231//1231 1218//1218 1232//1232
f 1232//1232 1218//1218 1219//1219
f 1232//1232 1219//1219 1233//1233
f 1233//1233 1219//1219 1220//1220
f 1233//1233 1220//1220 1234//1234
f 1234//1234 1220//1220 1221//1221
f 1234//1234 1221//1221 1235//1235
f 1235//1235 1221//1221 1222//1222
f 1235//1235 1222//1222 1236//1236
f 1237//1237 1183//1183 1223//1223
f 1230//1230 1217//1217 1238//1238
f 1238//1238 1217//1217 1224//1224
f 1238//1238 1224//1224 1239//1239
f 1239//1239 1224//1224 1225//1225
f 1239//1239 1225//1225 1240//1240
f 1240//1240 1225//1225 1226//1226
f 1240//1240 1226//1226 1241//1241
f 1241//1241 1226//1226 1227//1227
f 1241//1241 1227//1227 1242//1242
f 1242//1242 1227//1227 1228//1228
f 1242//1242 1228//1228 1243//1243
f 1243//1243 1228//1228 1229//1229
f 1243//1243 1229//1229 1244//1244
f 1245//1245 1183//1183 1230//1230
f 1237//1237 1223//1223 1246//1246
f 1246//1246 1223//1223 1231//1231
f 1246//1246 1231//1231 1247//1247
f 1247//1247 1231//1231 1232//1232
f 1247//1247 1232//1232 1248//1248
f 1248//1248 1232//1232 1233//1233
f 1248//1248 1233//1233 1249//1249
f 1249//1249 1233//1233 1234//1234
f 1249//1249 1234//1234 1250//1250
f 1250//1250 1234//1234 1235//1235
f 1250//1250 1235//1235 1251//1251
f 1251//1251 1235//1235 1236//1236
f 1251//1251 1236//1236 1252//1252
f 1253//1253 1183//1183 1237//1237
f 1245//1245 1230//1230 1254//1254
f 1254//1254 1230//1230 1238//1238
f 1254//1254 1238//1238 1255//1255
f 1255//1255 1238//1238 1239//1239
f 1255//1255 1239//1239 1256//1256
f 1256//1256 1239//1239 1240//1240
f 1256//1256 1240//1240 1257//1257
f 1257//1257 1240//1240 1241//1241
f 1257//1257 1241//1241 1258//1258
f 1258//1258 1241//1241 1242//1242
f 1258//1258 1242//1242 1259//1259
f 1259//1259 1242//1242 1243//1243
f 1259//1259 1243//1243 1260//1260
f 1260//1260 1243//1243 1244//1244
f 1260//1260 1244//1244 1261//1261
f 1262//1262 1183//1183 1245//1245
f 1253//1253 1237//1237 1263//1263
f 1263//1263 1237//1237 1246//1246
f 1263//1263 1246//1246 1264//1264
f 1264//1264 1246//1246 1247//1247
f 1264//1264 1247//1247 1265//1265
f 1265//1265 1247//1247 1248//1248
f 1265//1265 1248//1248 1266//1266
f 1266//1266 1248//1248 1249//1249
f 1266//1266 1249//1249 1267//1267
f 1267//1267 1249//1249 1250//1250
f 1267//1267 1250//1250 1268//1268
f 1268//1268 1250//1250 1251//1251
f 1268//1268 1251//1251 1269//1269
f 1269//1269 1251//1251 1252//1252
f 1269//1269 1252//1252 1270//1270
f 1271//1271 1183//1183 1253//1253
f 1262//1262 1245//1245 1272//1272
f 1272//1272 1245//1245 1254//1254
f 1272//1272 1254//1254 1273//1273
f 1273//1273 1254//1254 1255//1255
f 1273//1273 1255//1255 1274//1274
f 1274//1274 1255//1255 1256//1256
f 1274//1274 1256//1256 1275//1275
f 1275//1275 1256//1256 1257//1257
f 1275//1275 1257//1257 1276//1276
f 1276//1276 1257//1257 1258//1258
f 1276//1276 1258//1258 1277//1277
f 1277//1277 1258//1258 1259//1259
f 1277//1277 1259//1259 1278//1278
f 1278//1278 1259//1259 1260//1260
f 1278//1278 1260//1260 1279//1279
f 1279//1279 1260//1260 1261//1261
f 1279//1279 1261//1261 1280//1280
f 1281//1281 1183//1183 1262//1262
f 1271//1271 1253//1253 1282//1282
f 1282//1282 1253//1253 1263//1263
f 1282//1282 1263//1263 1283//1283
f 1283//1283 1263//1263 1264//1264
f 1283//1283 1264//1264 1284//1284
f 1284//1284 1264//1264 1265//1265
f 1284//1284 1265//1265 1285//1285
f 1285//1285 1265//1265 1266//1266
f 1285//1285 1266//1266 1286//1286
f 1286//1286 1266//1266 1267//1267
f 1286//1286 1267//1267 1287//1287
f 1287//1287 1267//1267 1268//1268
f 1287//1287 1268//1268 1288//1288
f 1288//1288 1268//1268 1269//1269
f 1288//1288 1269//1269 1289//1289
f 1289//1289 1269//1269 1270//1270
f 1289//1289 1270//1270 1290//1290
f 1291//1291 1292//1292 1293//1293
f 1281//1281 1262//1262 1294//1294
f 1294//1294 1262//1262 1272//1272
f 1294//1294 1272//1272 1295//1295
f 1295//1295 1272//1272 1273//1273
f 1295//1295 1273//1273 1296//1296
f 1296//1296 1273//1273 1274//1274
f 1296//1296 1274//1274 1297//1297
f 1297//1297 1274//1274 1275//1275
f 1297//1297 1275//1275 1298//1298
f 1298//1298 1275//1275 1276//1276
f 1298//1298 1276//1276 1299//1299
f 1299//1299 1276//1276 1277//1277
f 1299//1299 1277//1277 1300//1300
f 1300//1300 1277//1277 1278//1278
f 1300//1300 1278//1278 1301//1301
f 1301//1301 1278//1278 1279//1279
f 1301//1301 1279//1279 1302//1302
f 1302//1302 1279//1279 1280//1280
f 1302//1302 1280//1280 1303//1303
f 1304//1304 1183//1183 1281//1281
f 1293//1293 1305//1305 1306//1306
f 1293//1293 1292//1292 1305//1305
f 1305//1305 1292//1292 1307//1307
f 1305//1305 1307//1307 1308//1308
f 1304//1304 1281//1281 1309//1309
f 1309//1309 1281//1281 1294//1294
f 1309//1309 1294//1294 1310//1310
f 1310//1310 1294//1294 1295//1295
f 1310//1310 1295//1295 1311//1311
f 1311//1311 1295//1295 1296//1296
f 1311//1311 1296//1296 1312//1312
f 1312//1312 1296//1296 1297//1297
f 1312//1312 1297//1297 1313//1313
f 1313//1313 1297//1297 1298//1298
f 1313//1313 1298//1298 1314//1314
f 1314//1314 1298//1298 1299//1299
f 1314//1314 1299//1299 1315//1315
f 1315//1315 1299//1299 1300//1300
f 1315//1315 1300//1300 1316//1316
f 1316//1316 1300//1300 1301//1301
f 1316//1316 1301//1301 1317//1317
f 1317//1317 1301//1301 1302//1302
f 1317//1317 1302//1302 1318//1318
f 1318//1318 1302//1302 1303//1303
f 1318//1318 1303//1303 1319//1319
f 1320//1320 1183//1183 1304//1304
f 1306//1306 1305//1305 1321//1321
f 1321//1321 1305//1305 1308//1308
f 1321//1321 1308//1308 1322//1322
f 1320//1320 1304//1304 1323//1323
f 1323//1323 1304//1304 1309//1309
f 1323//1323 1309//1309 1324//1324
f 1324//1324 1309//1309 1310//1310
f 1324//1324 1310//1310 1325//1325
f 1325//1325 1310//1310 1311//1311
f 1325//1325 1311//1311 1326//1326
f 1326//1326 1311//1311 1312//1312
f 1326//1326 1312//1312 1327//1327
f 1327//1327 1312//1312 1313//1313
f 1327//1327 1313//1313 1328//1328
f 1328//1328 1313//1313 1314//1314
f 1328//1328 1314//1314 1329//1329
f 1329//1329 1314//1314 1315//1315
f 1329//1329 1315//1315 1330//1330
f 1330//1330 1315//1315 1316//1316
f 1330//1330 1316//1316 1331//1331
f 1331//1331 1316//1316 1317//1317
f 1331//1331 1317//1317 1332//1332
f 1332//1332 1317//1317 1318//1318
f 1332//1332 1318//1318 1333//1333
f 1333//1333 1318//1318 1319//1319
f 1333//1333 1319//1319 1167//1167
f 1334//1334 1335//1335 1336//1336
f 1337//1337 1338//1338 1339//1339
f 1339//1339 1338//1338 1340//1340
f 1339//1339 1340//1340 1341//1341
f 1341//1341 1340//1340 1342//1342
f 1341//1341 1342//1342 1343//1343
f 1343//1343 1342//1342 1344//1344
f 1343//1343 1344//1344 1345//1345
f 958//958 957//957 1346//1346
f 1346//1346 957//957 1347//1347
f 1346//1346 1347//1347 1348//1348
f 1348//1348 1347//1347 1349//1349
f 1348//1348 1349//1349 1350//1350
f 1350//1350 1349//1349 1351//1351
f 1350//1350 1351//1351 1352//1352
f 1352//1352 1351//1351 1353//1353
f 1352//1352 1353//1353 1354//1354
f 1354//1354 1353//1353 1355//1355
f 1354//1354 1355//1355 1356//1356
f 1356//1356 1355//1355 1357//1357
f 1356//1356 1357//1357 1358//1358
f 1359//1359 1360//1360 1361//1361
f 1361//1361 1360//1360 1362//1362
f 1361//1361 1362//1362 1363//1363
f 1363//1363 1362//1362 1364//1364
f 1363//1363 1364//1364 1365//1365
f 1365//1365 1364//1364 1366//1366
f 1365//1365 1366//1366 1367//1367
f 1367//1367 1366//1366 1368//1368
f 1367//1367 1368//1368 1369//1369
f 1369//1369 1368//1368 1370//1370
f 1369//1369 1370//1370 1371//1371
f 1371//1371 1370//1370 1372//1372
f 1371//1371 1372//1372 1373//1373
f 1373//1373 1372//1372 1374//1374
f 1373//1373 1374//1374 1375//1375
f 1375//1375 1374//1374 1376//1376
f 1375//1375 1376//1376 1377//1377
f 1000//1000 999//999 1378//1378
f 1378//1378 999//999 1379//1379
f 1378//1378 1379//1379 1380//1380
f 1380//1380 1379//1379 1381//1381
f 1380//1380 1381//1381 1382//1382
f 1382//1382 1381//1381 1383//1383
f 1382//1382 1383//1383 1384//1384
f 1384//1384 1383//1383 1385//1385
f 1384//1384 1385//1385 1386//1386
f 1386//1386 1385//1385 1387//1387
f 1386//1386 1387//1387 1388//1388
f 1388//1388 1387//1387 1389//1389
f 1388//1388 1389//1389 1390//1390
f 1390//1390 1389//1389 1391//1391
f 1390//1390 1391//1391 1392//1392
f 1392//1392 1391//1391 1393//1393
f 1392//1392 1393//1393 1394//1394
f 1394//1394 1393//1393 1395//1395
f 1394//1394 1395//1395 1396//1396
f 1396//1396 1395//1395 1397//1397
f 1396//1396 1397//1397 1398//1398
f 1398//1398 1397//1397 1399//1399
f 1398//1398 1399//1399 1400//1400
f 1401//1401 1174//1174 1402//1402
f 1403//1403 1404//1404 1405//1405
f 1405//1405 1404//1404 1406//1406
f 1405//1405 1406//1406 1407//1407
f 1407//1407 1406//1406 1408//1408
f 1407//1407 1408//1408 1409//1409
f 1409//1409 1408//1408 1410//1410
f 1409//1409 1410//1410 1411//1411
f 1411//1411 1410//1410 1412//1412
f 1411//1411 1412//1412 1413//1413
f 1413//1413 1412//1412 1414//1414
f 1413//1413 1414//1414 1415//1415
f 1415//1415 1414//1414 1416//1416
f 1415//1415 1416//1416 1417//1417
f 1417//1417 1416//1416 1418//1418
f 1417//1417 1418//1418 1419//1419
f 1420//1420 1421//1421 1422//1422
f 1422//1422 1421//1421 1423//1423
f 1422//1422 1423//1423 1424//1424
f 1424//1424 1423//1423 1425//1425
f 1424//1424 1425//1425 1426//1426
f 1426//1426 1425//1425 1427//1427
f 1426//1426 1427//1427 1428//1428
f 1428//1428 1427//1427 1429//1429
f 1428//1428 1429//1429 1430//1430
f 1430//1430 1429//1429 1431//1431
f 1430//1430 1431//1431 1432//1432
f 1432//1432 1431//1431 1433//1433
f 1432//1432 1433//1433 1434//1434
f 1434//1434 1433//1433 1435//1435
f 1434//1434 1435//1435 1436//1436
f 1436//1436 1435//1435 1437//1437
f 1436//1436 1437//1437 1438//1438
f 1438//1438 1437//1437 1439//1439
f 1438//1438 1439//1439 1440//1440
f 1440//1440 1439//1439 1441//1441
f 1440//1440 1441//1441 1442//1442
f 1442//1442 1441//1441 1443//1443
f 1442//1442 1443//1443 1444//1444
f 1444//1444 1443//1443 1445//1445
f 1144//1144 1143//1143 1446//1446
f 1446//1446 1143//1143 1447//1447
f 1446//1446 1447//1447 1448//1448
f 1448//1448 1447//1447 1449//1449
f 1448//1448 1449//1449 1450//1450
f 1450//1450 1449//1449 1451//1451
f 1450//1450 1451//1451 1452//1452
f 1452//1452 1451//1451 1453//1453
f 1452//1452 1453//1453 1454//1454
f 1454//1454 1453//1453 1455//1455
f 1454//1454 1455//1455 1456//1456
f 1456//1456 1455//1455 1457//1457
f 1456//1456 1457//1457 1458//1458
f 1458//1458 1457//1457 1459//1459
f 1458//1458 1459//1459 1460//1460
f 1460//1460 1459//1459 1461//1461
f 1460//1460 1461//1461 1462//1462
f 1462//1462 1461//1461 1463//1463
f 1462//1462 1463//1463 1464//1464
f 1464//1464 1463//1463 1465//1465
f 1464//1464 1465//1465 1466//1466
f 1466//1466 1465//1465 1467//1467
f 1466//1466 1467//1467 1468//1468
f 1468//1468 1467//1467 1469//1469
f 1468//1468 1469//1469 1470//1470
f 1470//1470 1469//1469 1471//1471
f 1470//1470 1471//1471 1183//1183
f 1472//1472 1473//1473 1474//1474
f 1474//1474 1473//1473 1475//1475
f 1474//1474 1475//1475 1476//1476
f 1476//1476 1475//1475 1477//1477
f 1476//1476 1477//1477 1478//1478
f 1478//1478 1477//1477 1479//1479
f 1478//1478 1479//1479 1480//1480
f 1480//1480 1479//1479 1481//1481
f 1480//1480 1481//1481 1482//1482
f 1482//1482 1481//1481 1483//1483
f 1482//1482 1483//1483 1484//1484
f 1484//1484 1483//1483 1485//1485
f 1484//1484 1485//1485 1486//1486
f 1486//1486 1485//1485 1487//1487
f 1486//1486 1487//1487 1488//1488
f 1488//1488 1487//1487 1489//1489
f 1488//1488 1489//1489 1490//1490
f 1490//1490 1489//1489 1491//1491
f 1490//1490 1491//1491 1492//1492
f 1492//1492 1491//1491 1493//1493
f 1492//1492 1493//1493 1494//1494
f 1494//1494 1493//1493 1495//1495
f 1494//1494 1495//1495 1496//1496
f 1496//1496 1495//1495 1497//1497
f 1496//1496 1497//1497 1183//1183
f 1154//1154 1153//1153 1498//1498
f 1498//1498 1153//1153 1499//1499
f 1498//1498 1499//1499 1500//1500
f 1500//1500 1499//1499 1501//1501
f 1500//1500 1501//1501 1502//1502
f 1502//1502 1501//1501 1503//1503
f 1502//1502 1503//1503 1504//1504
f 1504//1504 1503//1503 1505//1505
f 1504//1504 1505//1505 1506//1506
f 1506//1506 1505//1505 1507//1507
f 1506//1506 1507//1507 1508//1508
f 1508//1508 1507//1507 1509//1509
f 1508//1508 1509//1509 1510//1510
f 1510//1510 1509//1509 1511//1511
f 1510//1510 1511//1511 1512//1512
f 1512//1512 1511//1511 1513//1513
f 1512//1512 1513//1513 1514//1514
f 1514//1514 1513//1513 1515//1515
f 1514//1514 1515//1515 1516//1516
f 1516//1516 1515//1515 1517//1517
f 1516//1516 1517//1517 1518//1518
f 1518//1518 1517//1517 1519//1519
f 1518//1518 1519//1519 1520//1520
f 1520//1520 1519//1519 1521//1521
f 1520//1520 1521//1521 1522//1522
f 1522//1522 1521//1521 1523//1523
f 1522//1522 1523//1523 1183//1183
f 1524//1524 1334//1334 1525//1525
f 1525//1525 1334//1334 1336//1336
f 1525//1525 1336//1336 1526//1526
f 1526//1526 1336//1336 1164//1164
f 1526//1526 1164//1164 1163//1163
f 951//951 950//950 1335//1335
f 1335//1335 950//950 949//949
f 1335//1335 949//949 1336//1336
f 1336//1336 949//949 948//948
f 1336//1336 948//948 1164//1164
f 952//952 951//951 1338//1338
f 1338//1338 951//951 1335//1335
f 1338//1338 1335//1335 1340//1340
f 1340//1340 1335//1335 1334//1334
f 1340//1340 1334//1334 1342//1342
f 1342//1342 1334//1334 1524//1524
f 1342//1342 1524//1524 1344//1344
f 956//956 955//955 1337//1337
f 1337//1337 955//955 954//954
f 1337//1337 954//954 1338//1338
f 1338//1338 954//954 953//953
f 1338//1338 953//953 952//952
f 957//957 956//956 1347//1347
f 1347//1347 956//956 1337//1337
f 1347//1347 1337//1337 1349//1349
f 1349//1349 1337//1337 1339//1339
f 1349//1349 1339//1339 1351//1351
f 1351//1351 1339//1339 1341//1341
f 1351//1351 1341//1341 1353//1353
f 1353//1353 1341//1341 1343//1343
f 1353//1353 1343//1343 1355//1355
f 1355//1355 1343//1343 1345//1345
f 1355//1355 1345//1345 1357//1357
f 959//959 958//958 1176//1176
f 1176//1176 958//958 1346//1346
f 1176//1176 1346//1346 1527//1527
f 1527//1527 1346//1346 1348//1348
f 1527//1527 1348//1348 1528//1528
f 1528//1528 1348//1348 1350//1350
f 1528//1528 1350//1350 1529//1529
f 1529//1529 1350//1350 1352//1352
f 1529//1529 1352//1352 1530//1530
f 1530//1530 1352//1352 1354//1354
f 1530//1530 1354//1354 1531//1531
f 1531//1531 1354//1354 1356//1356
f 1531//1531 1356//1356 1532//1532
f 1532//1532 1356//1356 1358//1358
f 1532//1532 1358//1358 1533//1533
f 961//961 960//960 1360//1360
f 1360//1360 960//960 1176//1176
f 1360//1360 1176//1176 1362//1362
f 1362//1362 1176//1176 1527//1527
f 1362//1362 1527//1527 1364//1364
f 1364//1364 1527//1527 1528//1528
f 1364//1364 1528//1528 1366//1366
f 1366//1366 1528//1528 1529//1529
f 1366//1366 1529//1529 1368//1368
f 1368//1368 1529//1529 1530//1530
f 1368//1368 1530//1530 1370//1370
f 1370//1370 1530//1530 1531//1531
f 1370//1370 1531//1531 1372//1372
f 1372//1372 1531//1531 1532//1532
f 1372//1372 1532//1532 1374//1374
f 1374//1374 1532//1532 1533//1533
f 1374//1374 1533//1533 1376//1376
f 980//980 970//970 1359//1359
f 1359//1359 970//970 963//963
f 1359//1359 963//963 1360//1360
f 1360//1360 963//963 962//962
f 1360//1360 962//962 961//961
f 999//999 980//980 1379//1379
f 1379//1379 980//980 1359//1359
f 1379//1379 1359//1359 1381//1381
f 1381//1381 1359//1359 1361//1361
f 1381//1381 1361//1361 1383//1383
f 1383//1383 1361//1361 1363//1363
f 1383//1383 1363//1363 1385//1385
f 1385//1385 1363//1363 1365//1365
f 1385//1385 1365//1365 1387//1387
f 1387//1387 1365//1365 1367//1367
f 1387//1387 1367//1367 1389//1389
f 1389//1389 1367//1367 1369//1369
f 1389//1389 1369//1369 1391//1391
f 1391//1391 1369//1369 1371//1371
f 1391//1391 1371//1371 1393//1393
f 1393//1393 1371//1371 1373//1373
f 1393//1393 1373//1373 1395//1395
f 1395//1395 1373//1373 1375//1375
f 1395//1395 1375//1375 1397//1397
f 1397//1397 1375//1375 1377//1377
f 1397//1397 1377//1377 1399//1399
f 1001//1001 1000//1000 1175//1175
f 1175//1175 1000//1000 1378//1378
f 1175//1175 1378//1378 1534//1534
f 1534//1534 1378//1378 1380//1380
f 1534//1534 1380//1380 1535//1535
f 1535//1535 1380//1380 1382//1382
f 1535//1535 1382//1382 1536//1536
f 1536//1536 1382//1382 1384//1384
f 1536//1536 1384//1384 1537//1537
f 1537//1537 1384//1384 1386//1386
f 1537//1537 1386//1386 1538//1538
f 1538//1538 1386//1386 1388//1388
f 1538//1538 1388//1388 1539//1539
f 1539//1539 1388//1388 1390//1390
f 1539//1539 1390//1390 1540//1540
f 1540//1540 1390//1390 1392//1392
f 1540//1540 1392//1392 1541//1541
f 1541//1541 1392//1392 1394//1394
f 1541//1541 1394//1394 1542//1542
f 1542//1542 1394//1394 1396//1396
f 1542//1542 1396//1396 1543//1543
f 1543//1543 1396//1396 1398//1398
f 1543//1543 1398//1398 1544//1544
f 1544//1544 1398//1398 1400//1400
f 1544//1544 1400//1400 1186//1186
f 1186//1186 1185//1185 1544//1544
f 1544//1544 1185//1185 1545//1545
f 1544//1544 1545//1545 1543//1543
f 1543//1543 1545//1545 1546//1546
f 1543//1543 1546//1546 1542//1542
f 1542//1542 1546//1546 1547//1547
f 1542//1542 1547//1547 1541//1541
f 1541//1541 1547//1547 1548//1548
f 1541//1541 1548//1548 1540//1540
f 1540//1540 1548//1548 1549//1549
f 1540//1540 1549//1549 1539//1539
f 1539//1539 1549//1549 1550//1550
f 1539//1539 1550//1550 1538//1538
f 1538//1538 1550//1550 1551//1551
f 1538//1538 1551//1551 1537//1537
f 1537//1537 1551//1551 1552//1552
f 1537//1537 1552//1552 1536//1536
f 1536//1536 1552//1552 1553//1553
f 1536//1536 1553//1553 1535//1535
f 1535//1535 1553//1553 1554//1554
f 1535//1535 1554//1554 1534//1534
f 1534//1534 1554//1554 1555//1555
f 1534//1534 1555//1555 1175//1175
f 1175//1175 1555//1555 1556//1556
f 1175//1175 1556//1556 1002//1002
f 1005//1005 1004//1004 1556//1556
f 1556//1556 1004//1004 1003//1003
f 1556//1556 1003//1003 1002//1002
f 1307//1307 1401//1401 1308//1308
f 1308//1308 1401//1401 1402//1402
f 1308//1308 1402//1402 1322//1322
f 1322//1322 1402//1402 1007//1007
f 1322//1322 1007//1007 1006//1006
f 1174//1174 1044//1044 1402//1402
f 1402//1402 1044//1044 1025//1025
f 1402//1402 1025//1025 1007//1007
f 1046//1046 1045//1045 1173//1173
f 1173//1173 1045//1045 1174//1174
f 1173//1173 1174//1174 1557//1557
f 1557//1557 1174//1174 1401//1401
f 1557//1557 1401//1401 1558//1558
f 1558//1558 1401//1401 1307//1307
f 1558//1558 1307//1307 1559//1559
f 1559//1559 1307//1307 1292//1292
f 1559//1559 1292//1292 1560//1560
f 1560//1560 1292//1292 1291//1291
f 1560//1560 1291//1291 1561//1561
f 1048//1048 1047//1047 1172//1172
f 1172//1172 1047//1047 1173//1173
f 1172//1172 1173//1173 1562//1562
f 1562//1562 1173//1173 1557//1557
f 1562//1562 1557//1557 1563//1563
f 1563//1563 1557//1557 1558//1558
f 1563//1563 1558//1558 1564//1564
f 1564//1564 1558//1558 1559//1559
f 1564//1564 1559//1559 1565//1565
f 1565//1565 1559//1559 1560//1560
f 1565//1565 1560//1560 1566//1566
f 1566//1566 1560//1560 1561//1561
f 1566//1566 1561//1561 1567//1567
f 1050//1050 1049//1049 1404//1404
f 1404//1404 1049//1049 1172//1172
f 1404//1404 1172//1172 1406//1406
f 1406//1406 1172//1172 1562//1562
f 1406//1406 1562//1562 1408//1408
f 1408//1408 1562//1562 1563//1563
f 1408//1408 1563//1563 1410//1410
f 1410//1410 1563//1563 1564//1564
f 1410//1410 1564//1564 1412//1412
f 1412//1412 1564//1564 1565//1565
f 1412//1412 1565//1565 1414//1414
f 1414//1414 1565//1565 1566//1566
f 1414//1414 1566//1566 1416//1416
f 1416//1416 1566//1566 1567//1567
f 1416//1416 1567//1567 1418//1418
f 1090//1090 1089//1089 1568//1568
f 1568//1568 1089//1089 1403//1403
f 1568//1568 1403//1403 1569//1569
f 1569//1569 1403//1403 1405//1405
f 1569//1569 1405//1405 1570//1570
f 1570//1570 1405//1405 1407//1407
f 1570//1570 1407//1407 1571//1571
f 1571//1571 1407//1407 1409//1409
f 1571//1571 1409//1409 1572//1572
f 1572//1572 1409//1409 1411//1411
f 1572//1572 1411//1411 1573//1573
f 1573//1573 1411//1411 1413//1413
f 1573//1573 1413//1413 1574//1574
f 1574//1574 1413//1413 1415//1415
f 1574//1574 1415//1415 1575//1575
f 1575//1575 1415//1415 1417//1417
f 1575//1575 1417//1417 1576//1576
f 1576//1576 1417//1417 1419//1419
f 1576//1576 1419//1419 1577//1577
f 1089//1089 1070//1070 1403//1403
f 1403//1403 1070//1070 1052//1052
f 1403//1403 1052//1052 1404//1404
f 1404//1404 1052//1052 1051//1051
f 1404//1404 1051//1051 1050//1050
f 1091//1091 1090//1090 1171//1171
f 1171//1171 1090//1090 1568//1568
f 1171//1171 1568//1568 1578//1578
f 1578//1578 1568//1568 1569//1569
f 1578//1578 1569//1569 1579//1579
f 1579//1579 1569//1569 1570//1570
f 1579//1579 1570//1570 1580//1580
f 1580//1580 1570//1570 1571//1571
f 1580//1580 1571//1571 1581//1581
f 1581//1581 1571//1571 1572//1572
f 1581//1581 1572//1572 1582//1582
f 1582//1582 1572//1572 1573//1573
f 1582//1582 1573//1573 1583//1583
f 1583//1583 1573//1573 1574//1574
f 1583//1583 1574//1574 1584//1584
f 1584//1584 1574//1574 1575//1575
f 1584//1584 1575//1575 1585//1585
f 1585//1585 1575//1575 1576//1576
f 1585//1585 1576//1576 1586//1586
f 1586//1586 1576//1576 1577//1577
f 1586//1586 1577//1577 1587//1587
f 1093//1093 1092//1092 1170//1170
f 1170//1170 1092//1092 1171//1171
f 1170//1170 1171//1171 1588//1588
f 1588//1588 1171//1171 1578//1578
f 1588//1588 1578//1578 1589//1589
f 1589//1589 1578//1578 1579//1579
f 1589//1589 1579//1579 1590//1590
f 1590//1590 1579//1579 1580//1580
f 1590//1590 1580//1580 1591//1591
f 1591//1591 1580//1580 1581//1581
f 1591//1591 1581//1581 1592//1592
f 1592//1592 1581//1581 1582//1582
f 1592//1592 1582//1582 1593//1593
f 1593//1593 1582//1582 1583//1583
f 1593//1593 1583//1583 1594//1594
f 1594//1594 1583//1583 1584//1584
f 1594//1594 1584//1584 1595//1595
f 1595//1595 1584//1584 1585//1585
f 1595//1595 1585//1585 1596//1596
f 1596//1596 1585//1585 1586//1586
f 1596//1596 1586//1586 1597//1597
f 1597//1597 1586//1586 1587//1587
f 1597//1597 1587//1587 1598//1598
f 1095//1095 1094//1094 1444//1444
f 1444//1444 1094//1094 1170//1170
f 1444//1444 1170//1170 1442//1442
f 1442//1442 1170//1170 1588//1588
f 1442//1442 1588//1588 1440//1440
f 1440//1440 1588//1588 1589//1589
f 1440//1440 1589//1589 1438//1438
f 1438//1438 1589//1589 1590//1590
f 1438//1438 1590//1590 1436//1436
f 1436//1436 1590//1590 1591//1591
f 1436//1436 1591//1591 1434//1434
f 1434//1434 1591//1591 1592//1592
f 1434//1434 1592//1592 1432//1432
f 1432//1432 1592//1592 1593//1593
f 1432//1432 1593//1593 1430//1430
f 1430//1430 1593//1593 1594//1594
f 1430//1430 1594//1594 1428//1428
f 1428//1428 1594//1594 1595//1595
f 1428//1428 1595//1595 1426//1426
f 1426//1426 1595//1595 1596//1596
f 1426//1426 1596//1596 1424//1424
f 1424//1424 1596//1596 1597//1597
f 1424//1424 1597//1597 1422//1422
f 1422//1422 1597//1597 1598//1598
f 1422//1422 1598//1598 1420//1420
f 1133//1133 1115//1115 1445//1445
f 1445//1445 1115//1115 1097//1097
f 1445//1445 1097//1097 1444//1444
f 1444//1444 1097//1097 1096//1096
f 1444//1444 1096//1096 1095//1095
f 1143//1143 1133//1133 1447//1447
f 1447//1447 1133//1133 1445//1445
f 1447//1447 1445//1445 1449//1449
f 1449//1449 1445//1445 1443//1443
f 1449//1449 1443//1443 1451//1451
f 1451//1451 1443//1443 1441//1441
f 1451//1451 1441//1441 1453//1453
f 1453//1453 1441//1441 1439//1439
f 1453//1453 1439//1439 1455//1455
f 1455//1455 1439//1439 1437//1437
f 1455//1455 1437//1437 1457//1457
f 1457//1457 1437//1437 1435//1435
f 1457//1457 1435//1435 1459//1459
f 1459//1459 1435//1435 1433//1433
f 1459//1459 1433//1433 1461//1461
f 1461//1461 1433//1433 1431//1431
f 1461//1461 1431//1431 1463//1463
f 1463//1463 1431//1431 1429//1429
f 1463//1463 1429//1429 1465//1465
f 1465//1465 1429//1429 1427//1427
f 1465//1465 1427//1427 1467//1467
f 1467//1467 1427//1427 1425//1425
f 1467//1467 1425//1425 1469//1469
f 1469//1469 1425//1425 1423//1423
f 1469//1469 1423//1423 1471//1471
f 1471//1471 1423//1423 1421//1421
f 1471//1471 1421//1421 1183//1183
f 1420//1420 1183//1183 1421//1421
f 1306//1306 1290//1290 1293//1293
f 1293//1293 1290//1290 1270//1270
f 1293//1293 1270//1270 1291//1291
f 1291//1291 1270//1270 1252//1252
f 1291//1291 1252//1252 1561//1561
f 1561//1561 1252//1252 1236//1236
f 1561//1561 1236//1236 1567//1567
f 1567//1567 1236//1236 1222//1222
f 1567//1567 1222//1222 1418//1418
f 1418//1418 1222//1222 1210//1210
f 1418//1418 1210//1210 1419//1419
f 1419//1419 1210//1210 1200//1200
f 1419//1419 1200//1200 1577//1577
f 1577//1577 1200//1200 1192//1192
f 1577//1577 1192//1192 1587//1587
f 1587//1587 1192//1192 1177//1177
f 1587//1587 1177//1177 1598//1598
f 1598//1598 1177//1177 1179//1179
f 1598//1598 1179//1179 1420//1420
f 1420//1420 1179//1179 1183//1183
f 1145//1145 1144//1144 1169//1169
f 1169//1169 1144//1144 1446//1446
f 1169//1169 1446//1446 1599//1599
f 1599//1599 1446//1446 1448//1448
f 1599//1599 1448//1448 1600//1600
f 1600//1600 1448//1448 1450//1450
f 1600//1600 1450//1450 1601//1601
f 1601//1601 1450//1450 1452//1452
f 1601//1601 1452//1452 1602//1602
f 1602//1602 1452//1452 1454//1454
f 1602//1602 1454//1454 1603//1603
f 1603//1603 1454//1454 1456//1456
f 1603//1603 1456//1456 1604//1604
f 1604//1604 1456//1456 1458//1458
f 1604//1604 1458//1458 1605//1605
f 1605//1605 1458//1458 1460//1460
f 1605//1605 1460//1460 1606//1606
f 1606//1606 1460//1460 1462//1462
f 1606//1606 1462//1462 1607//1607
f 1607//1607 1462//1462 1464//1464
f 1607//1607 1464//1464 1608//1608
f 1608//1608 1464//1464 1466//1466
f 1608//1608 1466//1466 1609//1609
f 1609//1609 1466//1466 1468//1468
f 1609//1609 1468//1468 1610//1610
f 1610//1610 1468//1468 1470//1470
f 1610//1610 1470//1470 1183//1183
f 1147//1147 1146//1146 1473//1473
f 1473//1473 1146//1146 1169//1169
f 1473//1473 1169//1169 1475//1475
f 1475//1475 1169//1169 1599//1599
f 1475//1475 1599//1599 1477//1477
f 1477//1477 1599//1599 1600//1600
f 1477//1477 1600//1600 1479//1479
f 1479//1479 1600//1600 1601//1601
f 1479//1479 1601//1601 1481//1481
f 1481//1481 1601//1601 1602//1602
f 1481//1481 1602//1602 1483//1483
f 1483//1483 1602//1602 1603//1603
f 1483//1483 1603//1603 1485//1485
f 1485//1485 1603//1603 1604//1604
f 1485//1485 1604//1604 1487//1487
f 1487//1487 1604//1604 1605//1605
f 1487//1487 1605//1605 1489//1489
f 1489//1489 1605//1605 1606//1606
f 1489//1489 1606//1606 1491//1491
f 1491//1491 1606//1606 1607//1607
f 1491//1491 1607//1607 1493//1493
f 1493//1493 1607//1607 1608//1608
f 1493//1493 1608//1608 1495//1495
f 1495//1495 1608//1608 1609//1609
f 1495//1495 1609//1609 1497//1497
f 1497//1497 1609//1609 1610//1610
f 1497//1497 1610//1610 1183//1183
f 1152//1152 1151//1151 1472//1472
f 1472//1472 1151//1151 1150//1150
f 1472//1472 1150//1150 1473//1473
f 1473//1473 1150//1150 1149//1149
f 1473//1473 1149//1149 1147//1147
f 1153//1153 1152//1152 1499//1499
f 1499//1499 1152//1152 1472//1472
f 1499//1499 1472//1472 1501//1501
f 1501//1501 1472//1472 1474//1474
f 1501//1501 1474//1474 1503//1503
f 1503//1503 1474//1474 1476//1476
f 1503//1503 1476//1476 1505//1505
f 1505//1505 1476//1476 1478//1478
f 1505//1505 1478//1478 1507//1507
f 1507//1507 1478//1478 1480//1480
f 1507//1507 1480//1480 1509//1509
f 1509//1509 1480//1480 1482//1482
f 1509//1509 1482//1482 1511//1511
f 1511//1511 1482//1482 1484//1484
f 1511//1511 1484//1484 1513//1513
f 1513//1513 1484//1484 1486//1486
f 1513//1513 1486//1486 1515//1515
f 1515//1515 1486//1486 1488//1488
f 1515//1515 1488//1488 1517//1517
f 1517//1517 1488//1488 1490//1490
f 1517//1517 1490//1490 1519//1519
f 1519//1519 1490//1490 1492//1492
f 1519//1519 1492//1492 1521//1521
f 1521//1521 1492//1492 1494//1494
f 1521//1521 1494//1494 1523//1523
f 1523//1523 1494//1494 1496//1496
f 1523//1523 1496//1496 1183//1183
f 1155//1155 1154//1154 1168//1168
f 1168//1168 1154//1154 1498//1498
f 1168//1168 1498//1498 1611//1611
f 1611//1611 1498//1498 1500//1500
f 1611//1611 1500//1500 1612//1612
f 1612//1612 1500//1500 1502//1502
f 1612//1612 1502//1502 1613//1613
f 1613//1613 1502//1502 1504//1504
f 1613//1613 1504//1504 1614//1614
f 1614//1614 1504//1504 1506//1506
f 1614//1614 1506//1506 1615//1615
f 1615//1615 1506//1506 1508//1508
f 1615//1615 1508//1508 1616//1616
f 1616//1616 1508//1508 1510//1510
f 1616//1616 1510//1510 1617//1617
f 1617//1617 1510//1510 1512//1512
f 1617//1617 1512//1512 1618//1618
f 1618//1618 1512//1512 1514//1514
f 1618//1618 1514//1514 1619//1619
f 1619//1619 1514//1514 1516//1516
f 1619//1619 1516//1516 1620//1620
f 1620//1620 1516//1516 1518//1518
f 1620//1620 1518//1518 1621//1621
f 1621//1621 1518//1518 1520//1520
f 1621//1621 1520//1520 1622//1622
f 1622//1622 1520//1520 1522//1522
f 1622//1622 1522//1522 1183//1183
f 1157//1157 1156//1156 1167//1167
f 1167//1167 1156//1156 1168//1168
f 1167//1167 1168//1168 1333//1333
f 1333//1333 1168//1168 1611//1611
f 1333//1333 1611//1611 1332//1332
f 1332//1332 1611//1611 1612//1612
f 1332//1332 1612//1612 1331//1331
f 1331//1331 1612//1612 1613//1613
f 1331//1331 1613//1613 1330//1330
f 1330//1330 1613//1613 1614//1614
f 1330//1330 1614//1614 1329//1329
f 1329//1329 1614//1614 1615//1615
f 1329//1329 1615//1615 1328//1328
f 1328//1328 1615//1615 1616//1616
f 1328//1328 1616//1616 1327//1327
f 1327//1327 1616//1616 1617//1617
f 1327//1327 1617//1617 1326//1326
f 1326//1326 1617//1617 1618//1618
f 1326//1326 1618//1618 1325//1325
f 1325//1325 1618//1618 1619//1619
f 1325//1325 1619//1619 1324//1324
f 1324//1324 1619//1619 1620//1620
f 1324//1324 1620//1620 1323//1323
f 1323//1323 1620//1620 1621//1621
f 1323//1323 1621//1621 1320//1320
f 1320//1320 1621//1621 1622//1622
f 1320//1320 1622//1622 1183//1183
f 1183//1183 1623//1623 1182//1182
f 1182//1182 1623//1623 1624//1624
f 1182//1182 1624//1624 1180//1180
f 1180//1180 1624//1624 1625//1625
f 1180//1180 1625//1625 1189//1189
f 1189//1189 1625//1625 1626//1626
f 1189//1189 1626//1626 1196//1196
f 1196//1196 1626//1626 1627//1627
f 1196//1196 1627//1627 1205//1205
f 1205//1205 1627//1627 1628//1628
f 1205//1205 1628//1628 1216//1216
f 1216//1216 1628//1628 1629//1629
f 1216//1216 1629//1629 1229//1229
f 1229//1229 1629//1629 1630//1630
f 1229//1229 1630//1630 1244//1244
f 1244//1244 1630//1630 1631//1631
f 1244//1244 1631//1631 1261//1261
f 1261//1261 1631//1631 1632//1632
f 1261//1261 1632//1632 1280//1280
f 1280//1280 1632//1632 1633//1633
f 1280//1280 1633//1633 1303//1303
f 1303//1303 1633//1633 1634//1634
f 1303//1303 1634//1634 1319//1319
f 1319//1319 1634//1634 1166//1166
f 1319//1319 1166//1166 1167//1167
f 1167//1167 1166//1166 1159//1159
f 1167//1167 1159//1159 1158//1158
f 1183//1183 1635//1635 1623//1623
f 1623//1623 1635//1635 1636//1636
f 1623//1623 1636//1636 1624//1624
f 1624//1624 1636//1636 1637//1637
f 1624//1624 1637//1637 1625//1625
f 1625//1625 1637//1637 1638//1638
f 1625//1625 1638//1638 1626//1626
f 1626//1626 1638//1638 1639//1639
f 1626//1626 1639//1639 1627//1627
f 1627//1627 1639//1639 1640//1640
f 1627//1627 1640//1640 1628//1628
f 1628//1628 1640//1640 1641//1641
f 1628//1628 1641//1641 1629//1629
f 1629//1629 1641//1641 1642//1642
f 1629//1629 1642//1642 1630//1630
f 1630//1630 1642//1642 1643//1643
f 1630//1630 1643//1643 1631//1631
f 1631//1631 1643//1643 1644//1644
f 1631//1631 1644//1644 1632//1632
f 1632//1632 1644//1644 1645//1645
f 1632//1632 1645//1645 1633//1633
f 1633//1633 1645//1645 1646//1646
f 1633//1633 1646//1646 1634//1634
f 1634//1634 1646//1646 1165//1165
f 1634//1634 1165//1165 1166//1166
f 1166//1166 1165//1165 1161//1161
f 1166//1166 1161//1161 1160//1160
f 1183//1183 1186//1186 1635//1635
f 1635//1635 1186//1186 1400//1400
f 1635//1635 1400//1400 1636//1636
f 1636//1636 1400//1400 1399//1399
f 1636//1636 1399//1399 1637//1637
f 1637//1637 1399//1399 1377//1377
f 1637//1637 1377//1377 1638//1638
f 1638//1638 1377//1377 1376//1376
f 1638//1638 1376//1376 1639//1639
f 1639//1639 1376//1376 1533//1533
f 1639//1639 1533//1533 1640//1640
f 1640//1640 1533//1533 1358//1358
f 1640//1640 1358//1358 1641//1641
f 1641//1641 1358//1358 1357//1357
f 1641//1641 1357//1357 1642//1642
f 1642//1642 1357//1357 1345//1345
f 1642//1642 1345//1345 1643//1643
f 1643//1643 1345//1345 1344//1344
f 1643//1643 1344//1344 1644//1644
f 1644//1644 1344//1344 1524//1524
f 1644//1644 1524//1524 1645//1645
f 1645//1645 1524//1524 1525//1525
f 1645//1645 1525//1525 1646//1646
f 1646//1646 1525//1525 1526//1526
f 1646//1646 1526//1526 1165//1165
f 1165//1165 1526//1526 1163//1163
f 1165//1165 1163//1163 1162//1162
f 1006//1006 1005//1005 1322//1322
f 1322//1322 1005//1005 1556//1556
f 1322//1322 1556//1556 1321//1321
f 1321//1321 1556//1556 1555//1555
f 1321//1321 1555//1555 1306//1306
f 1306//1306 1555//1555 1554//1554
f 1306//1306 1554//1554 1290//1290
f 1290//1290 1554//1554 1553//1553
f 1290//1290 1553//1553 1289//1289
f 1289//1289 1553//1553 1552//1552
f 1289//1289 1552//1552 1288//1288
f 1288//1288 1552//1552 1551//1551
f 1288//1288 1551//1551 1287//1287
f 1287//1287 1551//1551 1550//1550
f 1287//1287 1550//1550 1286//1286
f 1286//1286 1550//1550 1549//1549
f 1286//1286 1549//1549 1285//1285
f 1285//1285 1549//1549 1548//1548
f 1285//1285 1548//1548 1284//1284
f 1284//1284 1548//1548 1547//1547
f 1284//1284 1547//1547 1283//1283
f 1283//1283 1547//1547 1546//1546
f 1283//1283 1546//1546 1282//1282
f 1282//1282 1546//1546 1545//1545
f 1282//1282 1545//1545 1271//1271
f 1271//1271 1545//1545 1185//1185
f 1271//1271 1185//1185 1183//1183
f 1647//1647 1648//1648 1649//1649
f 1649//1649 1648//1648 1650//1650
f 1649//1649 1650//1650 1651//1651
f 1652//1652 1653//1653 1649//1649
f 1649//1649 1653//1653 1654//1654
f 1649//1649 1654//1654 1647//1647
f 1655//1655 1656//1656 1649//1649
f 1649//1649 1656//1656 1657//1657
f 1649//1649 1657//1657 1652//1652
f 1658//1658 1659//1659 1649//1649
f 1649//1649 1659//1659 1660//1660
f 1649//1649 1660//1660 1655//1655
f 1661//1661 1662//1662 1649//1649
f 1649//1649 1662//1662 1663//1663
f 1649//1649 1663//1663 1658//1658
f 1664//1664 1665//1665 1649//1649
f 1649//1649 1665//1665 1666//1666
f 1649//1649 1666//1666 1661//1661
f 1667//1667 1668//1668 1649//1649
f 1649//1649 1668//1668 1669//1669
f 1649//1649 1669//1669 1664//1664
f 1670//1670 1671//1671 1649//1649
f 1649//1649 1671//1671 1672//1672
f 1649//1649 1672//1672 1667//1667
f 1673//1673 1674//1674 1649//1649
f 1649//1649 1674//1674 1675//1675
f 1649//1649 1675//1675 1670//1670
f 1676//1676 1677//1677 1649//1649
f 1649//1649 1677//1677 1678//1678
f 1649//1649 1678//1678 1673//1673
f 1679//1679 1680//1680 1649//1649
f 1649//1649 1680//1680 1681//1681
f 1649//1649 1681//1681 1676//1676
f 1682//1682 1683//1683 1649//1649
f 1649//1649 1683//1683 1684//1684
f 1649//1649 1684//1684 1679//1679
f 1685//1685 1686//1686 1649//1649
f 1649//1649 1686//1686 1687//1687
f 1649//1649 1687//1687 1682//1682
f 1688//1688 1689//1689 1649//1649
f 1649//1649 1689//1689 1690//1690
f 1649//1649 1690//1690 1685//1685
f 1651//1651 1691//1691 1649//1649
f 1649//1649 1691//1691 1692//1692
f 1649//1649 1692//1692 1688//1688
f 1650//1650 1693//1693 1651//1651
f 1651//1651 1693//1693 1694//1694
f 1694//1694 1695//1695 1651//1651
f 1651//1651 1695//1695 1696//1696
f 1651//1651 1696//1696 1691//1691
f 1691//1691 1696//1696 1697//1697
f 1691//1691 1697//1697 1692//1692
f 1697//1697 1698//1698 1692//1692
f 1692//1692 1698//1698 1699//1699
f 1692//1692 1699//1699 1688//1688
f 1699//1699 1700//1700 1688//1688
f 1688//1688 1700//1700 1701//1701
f 1688//1688 1701//1701 1689//1689
f 1701//1701 1702//1702 1689//1689
f 1689//1689 1702//1702 1703//1703
f 1689//1689 1703//1703 1690//1690
f 1703//1703 1704//1704 1690//1690
f 1690//1690 1704//1704 1705//1705
f 1690//1690 1705//1705 1685//1685
f 1705//1705 1706//1706 1685//1685
f 1685//1685 1706//1706 1707//1707
f 1685//1685 1707//1707 1686//1686
f 1707//1707 1708//1708 1686//1686
f 1686//1686 1708//1708 1709//1709
f 1686//1686 1709//1709 1687//1687
f 1709//1709 1710//1710 1687//1687
f 1687//1687 1710//1710 1711//1711
f 1687//1687 1711//1711 1682//1682
f 1711//1711 1712//1712 1682//1682
f 1682//1682 1712//1712 1713//1713
f 1682//1682 1713//1713 1683//1683
f 1713//1713 1714//1714 1683//1683
f 1683//1683 1714//1714 1715//1715
f 1683//1683 1715//1715 1684//1684
f 1715//1715 1716//1716 1684//1684
f 1684//1684 1716//1716 1717//1717
f 1684//1684 1717//1717 1679//1679
f 1717//1717 1718//1718 1679//1679
f 1679//1679 1718//1718 1719//1719
f 1679//1679 1719//1719 1680//1680
f 1719//1719 1720//1720 1680//1680
f 1680//1680 1720//1720 1721//1721
f 1680//1680 1721//1721 1681//1681
f 1721//1721 1722//1722 1681//1681
f 1681//1681 1722//1722 1723//1723
f 1681//1681 1723//1723 1676//1676
f 1723//1723 1724//1724 1676//1676
f 1676//1676 1724//1724 1725//1725
f 1676//1676 1725//1725 1677//1677
f 1725//1725 1726//1726 1677//1677
f 1677//1677 1726//1726 1727//1727
f 1677//1677 1727//1727 1678//1678
f 1727//1727 1728//1728 1678//1678
f 1678//1678 1728//1728 1729//1729
f 1678//1678 1729//1729 1673//1673
f 1729//1729 1730//1730 1673//1673
f 1673//1673 1730//1730 1731//1731
f 1673//1673 1731//1731 1674//1674
f 1731//1731 1732//1732 1674//1674
f 1674//1674 1732//1732 1733//1733
f 1674//1674 1733//1733 1675//1675
f 1733//1733 1734//1734 1675//1675
f 1675//1675 1734//1734 1735//1735
f 1675//1675 1735//1735 1670//1670
f 1670//1670 1735//1735 1736//1736
f 1736//1736 1737//1737 1670//1670
f 1670//1670 1737//1737 1738//1738
f 1670//1670 1738//1738 1671//1671
f 1738//1738 1739//1739 1671//1671
f 1671//1671 1739//1739 1740//1740
f 1671//1671 1740//1740 1672//1672
f 1740//1740 1741//1741 1672//1672
f 1672//1672 1741//1741 1742//1742
f 1672//1672 1742//1742 1667//1667
f 1742//1742 1743//1743 1667//1667
f 1667//1667 1743//1743 1744//1744
f 1667//1667 1744//1744 1668//1668
f 1744//1744 1745//1745 1668//1668
f 1668//1668 1745//1745 1746//1746
f 1668//1668 1746//1746 1669//1669
f 1746//1746 1747//1747 1669//1669
f 1669//1669 1747//1747 1748//1748
f 1669//1669 1748//1748 1664//1664
f 1748//1748 1749//1749 1664//1664
f 1664//1664 1749//1749 1750//1750
f 1664//1664 1750//1750 1665//1665
f 1665//1665 1750//1750 1751//1751
f 1665//1665 1751//1751 1666//1666
f 1666//1666 1751//1751 1752//1752
f 1752//1752 1753//1753 1666//1666
f 1666//1666 1753//1753 1754//1754
f 1666//1666 1754//1754 1661//1661
f 1754//1754 1755//1755 1661//1661
f 1661//1661 1755//1755 1756//1756
f 1661//1661 1756//1756 1662//1662
f 1756//1756 1757//1757 1662//1662
f 1662//1662 1757//1757 1758//1758
f 1662//1662 1758//1758 1663//1663
f 1758//1758 1759//1759 1663//1663
f 1663//1663 1759//1759 1760//1760
f 1663//1663 1760//1760 1658//1658
f 1760//1760 1761//1761 1658//1658
f 1658//1658 1761//1761 1762//1762
f 1658//1658 1762//1762 1659//1659
f 1762//1762 1763//1763 1659//1659
f 1659//1659 1763//1763 1764//1764
f 1659//1659 1764//1764 1660//1660
f 1764//1764 1765//1765 1660//1660
f 1660//1660 1765//1765 1766//1766
f 1660//1660 1766//1766 1655//1655
f 1766//1766 1767//1767 1655//1655
f 1655//1655 1767//1767 1768//1768
f 1655//1655 1768//1768 1656//1656
f 1768//1768 1769//1769 1656//1656
f 1656//1656 1769//1769 1770//1770
f 1656//1656 1770//1770 1657//1657
f 1657//1657 1770//1770 1771//1771
f 1657//1657 1771//1771 1652//1652
f 1771//1771 1772//1772 1652//1652
f 1652//1652 1772//1772 1773//1773
f 1652//1652 1773//1773 1653//1653
f 1773//1773 1774//1774 1653//1653
f 1653//1653 1774//1774 1775//1775
f 1653//1653 1775//1775 1654//1654
f 1775//1775 1776//1776 1654//1654
f 1654//1654 1776//1776 1777//1777
f 1654//1654 1777//1777 1647//1647
f 1777//1777 1778//1778 1647//1647
f 1647//1647 1778//1778 1779//1779
f 1647//1647 1779//1779 1648//1648
f 1779//1779 1780//1780 1648//1648
f 1648//1648 1780//1780 1781//1781
f 1648//1648 1781//1781 1650//1650
f 1650//1650 1781//1781 1782//1782
f 1650//1650 1782//1782 1693//1693
f 1728//1728 1783//1783 1729//1729
f 1729//1729 1783//1783 1784//1784
f 1729//1729 1784//1784 1730//1730
f 1730//1730 1784//1784 1785//1785
f 1730//1730 1785//1785 1731//1731
f 1731//1731 1785//1785 1786//1786
f 1731//1731 1786//1786 1732//1732
f 1724//1724 1787//1787 1725//1725
f 1725//1725 1787//1787 1788//1788
f 1725//1725 1788//1788 1726//1726
f 1726//1726 1788//1788 1789//1789
f 1726//1726 1789//1789 1727//1727
f 1727//1727 1789//1789 1790//1790
f 1727//1727 1790//1790 1728//1728
f 1728//1728 1790//1790 1791//1791
f 1728//1728 1791//1791 1783//1783
f 1718//1718 1792//1792 1719//1719
f 1719//1719 1792//1792 1793//1793
f 1719//1719 1793//1793 1720//1720
f 1720//1720 1793//1793 1794//1794
f 1720//1720 1794//1794 1721//1721
f 1721//1721 1794//1794 1795//1795
f 1721//1721 1795//1795 1722//1722
f 1722//1722 1795//1795 1796//1796
f 1722//1722 1796//1796 1723//1723
f 1723//1723 1796//1796 1797//1797
f 1723//1723 1797//1797 1724//1724
f 1724//1724 1797//1797 1798//1798
f 1724//1724 1798//1798 1787//1787
f 1714//1714 1799//1799 1715//1715
f 1715//1715 1799//1799 1800//1800
f 1715//1715 1800//1800 1716//1716
f 1716//1716 1800//1800 1801//1801
f 1716//1716 1801//1801 1717//1717
f 1717//1717 1801//1801 1802//1802
f 1717//1717 1802//1802 1718//1718
f 1718//1718 1802//1802 1803//1803
f 1718//1718 1803//1803 1792//1792
f 1708//1708 1804//1804 1709//1709
f 1709//1709 1804//1804 1805//1805
f 1709//1709 1805//1805 1710//1710
f 1710//1710 1805//1805 1806//1806
f 1710//1710 1806//1806 1711//1711
f 1711//1711 1806//1806 1807//1807
f 1711//1711 1807//1807 1712//1712
f 1712//1712 1807//1807 1808//1808
f 1712//1712 1808//1808 1713//1713
f 1713//1713 1808//1808 1809//1809
f 1713//1713 1809//1809 1714//1714
f 1714//1714 1809//1809 1810//1810
f 1714//1714 1810//1810 1799//1799
f 1704//1704 1811//1811 1705//1705
f 1705//1705 1811//1811 1812//1812
f 1705//1705 1812//1812 1706//1706
f 1706//1706 1812//1812 1813//1813
f 1706//1706 1813//1813 1707//1707
f 1707//1707 1813//1813 1814//1814
f 1707//1707 1814//1814 1708//1708
f 1708//1708 1814//1814 1815//1815
f 1708//1708 1815//1815 1804//1804
f 1700//1700 1816//1816 1701//1701
f 1701//1701 1816//1816 1817//1817
f 1701//1701 1817//1817 1702//1702
f 1702//1702 1817//1817 1818//1818
f 1702//1702 1818//1818 1703//1703
f 1703//1703 1818//1818 1819//1819
f 1703//1703 1819//1819 1704//1704
f 1704//1704 1819//1819 1820//1820
f 1704//1704 1820//1820 1811//1811
f 1694//1694 1821//1821 1695//1695
f 1695//1695 1821//1821 1822//1822
f 1695//1695 1822//1822 1696//1696
f 1696//1696 1822//1822 1823//1823
f 1696//1696 1823//1823 1697//1697
f 1697//1697 1823//1823 1824//1824
f 1697//1697 1824//1824 1698//1698
f 1698//1698 1824//1824 1825//1825
f 1698//1698 1825//1825 1699//1699
f 1699//1699 1825//1825 1826//1826
f 1699//1699 1826//1826 1700//1700
f 1700//1700 1826//1826 1827//1827
f 1700//1700 1827//1827 1816//1816
f 1780//1780 1828//1828 1781//1781
f 1781//1781 1828//1828 1829//1829
f 1781//1781 1829//1829 1782//1782
f 1782//1782 1829//1829 1830//1830
f 1782//1782 1830//1830 1693//1693
f 1693//1693 1830//1830 1831//1831
f 1693//1693 1831//1831 1694//1694
f 1694//1694 1831//1831 1832//1832
f 1694//1694 1832//1832 1821//1821
f 1776//1776 1833//1833 1777//1777
f 1777//1777 1833//1833 1834//1834
f 1777//1777 1834//1834 1778//1778
f 1778//1778 1834//1834 1835//1835
f 1778//1778 1835//1835 1779//1779
f 1779//1779 1835//1835 1836//1836
f 1779//1779 1836//1836 1780//1780
f 1780//1780 1836//1836 1837//1837
f 1780//1780 1837//1837 1828//1828
f 1770//1770 1838//1838 1771//1771
f 1771//1771 1838//1838 1839//1839
f 1771//1771 1839//1839 1772//1772
f 1772//1772 1839//1839 1840//1840
f 1772//1772 1840//1840 1773//1773
f 1773//1773 1840//1840 1841//1841
f 1773//1773 1841//1841 1774//1774
f 1774//1774 1841//1841 1842//1842
f 1774//1774 1842//1842 1775//1775
f 1775//1775 1842//1842 1843//1843
f 1775//1775 1843//1843 1776//1776
f 1776//1776 1843//1843 1844//1844
f 1776//1776 1844//1844 1833//1833
f 1766//1766 1845//1845 1767//1767
f 1767//1767 1845//1845 1846//1846
f 1767//1767 1846//1846 1768//1768
f 1768//1768 1846//1846 1847//1847
f 1768//1768 1847//1847 1769//1769
f 1769//1769 1847//1847 1848//1848
f 1769//1769 1848//1848 1770//1770
f 1770//1770 1848//1848 1849//1849
f 1770//1770 1849//1849 1838//1838
f 1760//1760 1850//1850 1761//1761
f 1761//1761 1850//1850 1851//1851
f 1761//1761 1851//1851 1762//1762
f 1762//1762 1851//1851 1852//1852
f 1762//1762 1852//1852 1763//1763
f 1763//1763 1852//1852 1853//1853
f 1763//1763 1853//1853 1764//1764
f 1764//1764 1853//1853 1854//1854
f 1764//1764 1854//1854 1765//1765
f 1765//1765 1854//1854 1855//1855
f 1765//1765 1855//1855 1766//1766
f 1766//1766 1855//1855 1856//1856
f 1766//1766 1856//1856 1845//1845
f 1756//1756 1857//1857 1757//1757
f 1757//1757 1857//1857 1858//1858
f 1757//1757 1858//1858 1758//1758
f 1758//1758 1858//1858 1859//1859
f 1758//1758 1859//1859 1759//1759
f 1759//1759 1859//1859 1860//1860
f 1759//1759 1860//1860 1760//1760
f 1760//1760 1860//1860 1861//1861
f 1760//1760 1861//1861 1850//1850
f 1752//1752 1862//1862 1753//1753
f 1753//1753 1862//1862 1863//1863
f 1753//1753 1863//1863 1754//1754
f 1754//1754 1863//1863 1864//1864
f 1754//1754 1864//1864 1755//1755
f 1755//1755 1864//1864 1865//1865
f 1755//1755 1865//1865 1756//1756
f 1756//1756 1865//1865 1866//1866
f 1756//1756 1866//1866 1857//1857
f 1746//1746 1867//1867 1747//1747
f 1747//1747 1867//1867 1868//1868
f 1747//1747 1868//1868 1748//1748
f 1748//1748 1868//1868 1869//1869
f 1748//1748 1869//1869 1749//1749
f 1749//1749 1869//1869 1870//1870
f 1749//1749 1870//1870 1750//1750
f 1750//1750 1870//1870 1871//1871
f 1750//1750 1871//1871 1751//1751
f 1751//1751 1871//1871 1872//1872
f 1751//1751 1872//1872 1752//1752
f 1752//1752 1872//1872 1873//1873
f 1752//1752 1873//1873 1862//1862
f 1742//1742 1874//1874 1743//1743
f 1743//1743 1874//1874 1875//1875
f 1743//1743 1875//1875 1744//1744
f 1744//1744 1875//1875 1876//1876
f 1744//1744 1876//1876 1745//1745
f 1745//1745 1876//1876 1877//1877
f 1745//1745 1877//1877 1746//1746
f 1746//1746 1877//1877 1878//1878
f 1746//1746 1878//1878 1867//1867
f 1786//1786 1879//1879 1732//1732
f 1732//1732 1879//1879 1880//1880
f 1732//1732 1880//1880 1733//1733
f 1733//1733 1880//1880 1881//1881
f 1733//1733 1881//1881 1734//1734
f 1734//1734 1881//1881 1882//1882
f 1734//1734 1882//1882 1735//1735
f 1735//1735 1882//1882 1883//1883
f 1735//1735 1883//1883 1736//1736
f 1736//1736 1883//1883 1884//1884
f 1736//1736 1884//1884 1737//1737
f 1737//1737 1884//1884 1885//1885
f 1737//1737 1885//1885 1738//1738
f 1738//1738 1885//1885 1886//1886
f 1738//1738 1886//1886 1739//1739
f 1739//1739 1886//1886 1887//1887
f 1739//1739 1887//1887 1740//1740
f 1740//1740 1887//1887 1888//1888
f 1740//1740 1888//1888 1741//1741
f 1741//1741 1888//1888 1889//1889
f 1741//1741 1889//1889 1742//1742
f 1742//1742 1889//1889 1890//1890
f 1742//1742 1890//1890 1874//1874
f 1830//1830 1829//1829 1891//1891
f 1837//1837 1836//1836 1892//1892
f 1833//1833 1844//1844 1893//1893
f 1842//1842 1841//1841 1894//1894
f 1840//1840 1839//1839 1895//1895
f 1849//1849 1848//1848 1896//1896
f 1856//1856 1855//1855 1897//1897
f 1852//1852 1851//1851 1898//1898
f 1861//1861 1860//1860 1899//1899
f 1859//1859 1858//1858 1900//1900
f 1866//1866 1865//1865 1901//1901
f 1873//1873 1872//1872 1902//1902
f 1871//1871 1870//1870 1903//1903
f 1869//1869 1868//1868 1904//1904
f 1878//1878 1877//1877 1905//1905
f 1890//1890 1889//1889 1906//1906
f 1884//1884 1883//1883 1907//1907
f 1882//1882 1881//1881 1908//1908
f 1879//1879 1786//1786 1909//1909
f 1791//1791 1790//1790 1910//1910
f 1787//1787 1798//1798 1911//1911
f 1796//1796 1795//1795 1912//1912
f 1794//1794 1793//1793 1913//1913
f 1803//1803 1802//1802 1914//1914
f 1810//1810 1809//1809 1915//1915
f 1808//1808 1807//1807 1916//1916
f 1806//1806 1805//1805 1917//1917
f 1815//1815 1814//1814 1918//1918
f 1820//1820 1819//1819 1919//1919
f 1827//1827 1826//1826 1920//1920
f 1825//1825 1824//1824 1921//1921
f 1922//1922 1923//1923 1924//1924
f 1925//1925 1926//1926 1927//1927
f 1928//1928 1929//1929 1930//1930
f 1931//1931 1932//1932 1933//1933
f 1934//1934 1935//1935 1936//1936
f 1937//1937 1938//1938 1939//1939
f 1940//1940 1941//1941 1942//1942
f 1943//1943 1944//1944 1945//1945
f 1946//1946 1947//1947 1948//1948
f 1949//1949 1950//1950 1951//1951
f 1952//1952 1953//1953 1954//1954
f 1955//1955 1956//1956 1957//1957
f 1958//1958 1959//1959 1960//1960
f 1961//1961 1962//1962 1963//1963
f 1964//1964 1965//1965 1966//1966
f 1967//1967 1968//1968 1969//1969
f 1970//1970 1971//1971 1972//1972
f 1973//1973 1974//1974 1975//1975
f 1976//1976 1977//1977 1978//1978
f 1979//1979 1980//1980 1981//1981
f 1982//1982 1983//1983 1984//1984
f 1985//1985 1986//1986 1987//1987
f 1986//1986 1985//1985 1988//1988
f 1989//1989 1990//1990 1991//1991
f 1992//1992 1993//1993 1994//1994
f 1995//1995 1996//1996 1997//1997
f 1998//1998 1999//1999 2000//2000
f 2000//2000 1999//1999 2001//2001
f 2000//2000 2001//2001 2002//2002
f 2003//2003 2004//2004 2005//2005
f 2005//2005 2004//2004 2006//2006
f 2005//2005 2006//2006 2007//2007
f 2008//2008 2009//2009 2010//2010
f 1979//1979 1981//1981 2011//2011
f 1970//1970 1972//1972 2012//2012
f 1958//1958 1960//1960 2013//2013
f 1949//1949 1951//1951 2014//2014
f 1940//1940 1942//1942 2015//2015
f 1931//1931 1933//1933 2016//2016
f 1990//1990 2003//2003 1991//1991
f 1991//1991 2003//2003 2005//2005
f 1991//1991 2005//2005 2017//2017
f 2017//2017 2005//2005 2007//2007
f 2017//2017 2007//2007 2018//2018
f 2019//2019 1989//1989 2020//2020
f 2020//2020 1989//1989 1991//1991
f 2020//2020 1991//1991 2021//2021
f 2021//2021 1991//1991 2017//2017
f 2021//2021 2017//2017 2022//2022
f 2022//2022 2017//2017 2018//2018
f 2022//2022 2018//2018 2023//2023
f 1993//1993 2019//2019 1994//1994
f 1994//1994 2019//2019 2020//2020
f 1994//1994 2020//2020 2024//2024
f 2024//2024 2020//2020 2021//2021
f 2024//2024 2021//2021 2025//2025
f 2025//2025 2021//2021 2022//2022
f 2025//2025 2022//2022 2026//2026
f 2026//2026 2022//2022 2023//2023
f 2026//2026 2023//2023 2027//2027
f 1996//1996 1992//1992 1997//1997
f 1997//1997 1992//1992 1994//1994
f 1997//1997 1994//1994 2028//2028
f 2028//2028 1994//1994 2024//2024
f 2028//2028 2024//2024 2029//2029
f 2029//2029 2024//2024 2025//2025
f 2029//2029 2025//2025 2030//2030
f 2030//2030 2025//2025 2026//2026
f 2030//2030 2026//2026 2031//2031
f 2031//2031 2026//2026 2027//2027
f 2031//2031 2027//2027 2032//2032
f 2033//2033 1995//1995 2034//2034
f 2034//2034 1995//1995 1997//1997
f 2034//2034 1997//1997 2035//2035
f 2035//2035 1997//1997 2028//2028
f 2035//2035 2028//2028 2036//2036
f 2036//2036 2028//2028 2029//2029
f 2036//2036 2029//2029 2037//2037
f 2037//2037 2029//2029 2030//2030
f 2037//2037 2030//2030 2038//2038
f 2038//2038 2030//2030 2031//2031
f 2038//2038 2031//2031 2039//2039
f 2039//2039 2031//2031 2032//2032
f 2039//2039 2032//2032 2040//2040
f 2002//2002 2033//2033 2000//2000
f 2000//2000 2033//2033 2034//2034
f 2000//2000 2034//2034 2041//2041
f 2041//2041 2034//2034 2035//2035
f 2041//2041 2035//2035 2042//2042
f 2042//2042 2035//2035 2036//2036
f 2042//2042 2036//2036 2043//2043
f 2043//2043 2036//2036 2037//2037
f 2043//2043 2037//2037 2044//2044
f 2044//2044 2037//2037 2038//2038
f 2044//2044 2038//2038 2045//2045
f 2045//2045 2038//2038 2039//2039
f 2045//2045 2039//2039 2046//2046
f 2046//2046 2039//2039 2040//2040
f 2046//2046 2040//2040 2047//2047
f 1998//1998 2000//2000 2048//2048
f 2048//2048 2000//2000 2041//2041
f 2048//2048 2041//2041 2049//2049
f 2049//2049 2041//2041 2042//2042
f 2049//2049 2042//2042 2050//2050
f 2050//2050 2042//2042 2043//2043
f 2050//2050 2043//2043 2051//2051
f 2051//2051 2043//2043 2044//2044
f 2051//2051 2044//2044 2052//2052
f 2052//2052 2044//2044 2045//2045
f 2052//2052 2045//2045 2053//2053
f 2053//2053 2045//2045 2046//2046
f 2053//2053 2046//2046 2054//2054
f 2054//2054 2046//2046 2047//2047
f 2054//2054 2047//2047 2055//2055
f 2056//2056 2055//2055 2057//2057
f 2057//2057 2055//2055 2047//2047
f 2057//2057 2047//2047 2058//2058
f 2058//2058 2047//2047 2040//2040
f 2058//2058 2040//2040 2059//2059
f 2059//2059 2040//2040 2032//2032
f 2059//2059 2032//2032 2060//2060
f 2060//2060 2032//2032 2027//2027
f 2060//2060 2027//2027 2061//2061
f 2061//2061 2027//2027 2023//2023
f 2061//2061 2023//2023 2062//2062
f 2062//2062 2023//2023 2018//2018
f 2062//2062 2018//2018 2063//2063
f 2063//2063 2018//2018 2007//2007
f 2063//2063 2007//2007 2064//2064
f 2064//2064 2007//2007 2006//2006
f 2064//2064 2006//2006 1985//1985
f 1985//1985 2006//2006 2004//2004
f 1985//1985 2004//2004 1988//1988
f 2065//2065 2056//2056 2066//2066
f 2066//2066 2056//2056 2057//2057
f 2066//2066 2057//2057 2067//2067
f 2067//2067 2057//2057 2058//2058
f 2067//2067 2058//2058 2068//2068
f 2068//2068 2058//2058 2059//2059
f 2068//2068 2059//2059 2069//2069
f 2069//2069 2059//2059 2060//2060
f 2069//2069 2060//2060 2070//2070
f 2070//2070 2060//2060 2061//2061
f 2070//2070 2061//2061 2071//2071
f 2071//2071 2061//2061 2062//2062
f 2071//2071 2062//2062 2072//2072
f 2072//2072 2062//2062 2063//2063
f 2072//2072 2063//2063 2073//2073
f 2073//2073 2063//2063 2064//2064
f 2073//2073 2064//2064 2074//2074
f 2074//2074 2064//2064 1985//1985
f 2074//2074 1985//1985 2075//2075
f 2075//2075 1985//1985 1987//1987
f 2075//2075 1987//1987 2076//2076
f 2077//2077 2065//2065 2078//2078
f 2078//2078 2065//2065 2066//2066
f 2078//2078 2066//2066 2079//2079
f 2079//2079 2066//2066 2067//2067
f 2079//2079 2067//2067 2080//2080
f 2080//2080 2067//2067 2068//2068
f 2080//2080 2068//2068 2081//2081
f 2081//2081 2068//2068 2069//2069
f 2081//2081 2069//2069 2082//2082
f 2082//2082 2069//2069 2070//2070
f 2082//2082 2070//2070 2083//2083
f 2083//2083 2070//2070 2071//2071
f 2083//2083 2071//2071 2084//2084
f 2084//2084 2071//2071 2072//2072
f 2084//2084 2072//2072 2085//2085
f 2085//2085 2072//2072 2073//2073
f 2085//2085 2073//2073 2086//2086
f 2086//2086 2073//2073 2074//2074
f 2086//2086 2074//2074 2087//2087
f 2087//2087 2074//2074 2075//2075
f 2087//2087 2075//2075 2008//2008
f 2008//2008 2075//2075 2076//2076
f 2008//2008 2076//2076 2009//2009
f 2088//2088 2077//2077 2089//2089
f 2089//2089 2077//2077 2078//2078
f 2089//2089 2078//2078 2090//2090
f 2090//2090 2078//2078 2079//2079
f 2090//2090 2079//2079 2091//2091
f 2091//2091 2079//2079 2080//2080
f 2091//2091 2080//2080 2092//2092
f 2092//2092 2080//2080 2081//2081
f 2092//2092 2081//2081 2093//2093
f 2093//2093 2081//2081 2082//2082
f 2093//2093 2082//2082 2094//2094
f 2094//2094 2082//2082 2083//2083
f 2094//2094 2083//2083 2095//2095
f 2095//2095 2083//2083 2084//2084
f 2095//2095 2084//2084 2096//2096
f 2096//2096 2084//2084 2085//2085
f 2096//2096 2085//2085 2097//2097
f 2097//2097 2085//2085 2086//2086
f 2097//2097 2086//2086 2098//2098
f 2098//2098 2086//2086 2087//2087
f 2098//2098 2087//2087 2099//2099
f 2099//2099 2087//2087 2008//2008
f 2099//2099 2008//2008 1982//1982
f 1982//1982 2008//2008 2010//2010
f 1982//1982 2010//2010 1983//1983
f 2100//2100 1999//1999 2101//2101
f 2101//2101 1999//1999 1998//1998
f 2101//2101 1998//1998 2102//2102
f 2102//2102 1998//1998 2048//2048
f 2102//2102 2048//2048 2103//2103
f 2103//2103 2048//2048 2049//2049
f 2103//2103 2049//2049 2104//2104
f 2104//2104 2049//2049 2050//2050
f 2104//2104 2050//2050 2105//2105
f 2105//2105 2050//2050 2051//2051
f 2105//2105 2051//2051 2106//2106
f 2106//2106 2051//2051 2052//2052
f 2106//2106 2052//2052 2107//2107
f 2107//2107 2052//2052 2053//2053
f 2107//2107 2053//2053 2108//2108
f 2108//2108 2053//2053 2054//2054
f 2108//2108 2054//2054 2109//2109
f 2109//2109 2054//2054 2055//2055
f 2109//2109 2055//2055 2110//2110
f 2110//2110 2055//2055 2056//2056
f 2110//2110 2056//2056 2111//2111
f 2111//2111 2056//2056 2065//2065
f 2111//2111 2065//2065 2112//2112
f 2112//2112 2065//2065 2077//2077
f 2112//2112 2077//2077 2113//2113
f 2113//2113 2077//2077 2088//2088
f 2113//2113 2088//2088 2114//2114
f 1923//1923 2100//2100 1924//1924
f 1924//1924 2100//2100 2101//2101
f 1924//1924 2101//2101 2115//2115
f 2115//2115 2101//2101 2102//2102
f 2115//2115 2102//2102 2116//2116
f 2116//2116 2102//2102 2103//2103
f 2116//2116 2103//2103 2117//2117
f 2117//2117 2103//2103 2104//2104
f 2117//2117 2104//2104 2118//2118
f 2118//2118 2104//2104 2105//2105
f 2118//2118 2105//2105 2119//2119
f 2119//2119 2105//2105 2106//2106
f 2119//2119 2106//2106 2120//2120
f 2120//2120 2106//2106 2107//2107
f 2120//2120 2107//2107 2121//2121
f 2121//2121 2107//2107 2108//2108
f 2121//2121 2108//2108 2122//2122
f 2122//2122 2108//2108 2109//2109
f 2122//2122 2109//2109 2123//2123
f 2123//2123 2109//2109 2110//2110
f 2123//2123 2110//2110 2124//2124
f 2124//2124 2110//2110 2111//2111
f 2124//2124 2111//2111 2125//2125
f 2125//2125 2111//2111 2112//2112
f 2125//2125 2112//2112 2126//2126
f 2126//2126 2112//2112 2113//2113
f 2126//2126 2113//2113 2127//2127
f 2127//2127 2113//2113 2114//2114
f 2127//2127 2114//2114 1891//1891
f 2128//2128 2129//2129 2130//2130
f 2131//2131 2129//2129 2132//2132
f 2132//2132 2129//2129 2128//2128
f 2132//2132 2128//2128 2133//2133
f 1919//1919 2134//2134 2135//2135
f 2135//2135 2134//2134 2136//2136
f 2135//2135 2136//2136 2137//2137
f 2137//2137 2136//2136 2138//2138
f 2137//2137 2138//2138 2139//2139
f 2139//2139 2138//2138 2140//2140
f 2139//2139 2140//2140 2141//2141
f 2141//2141 2140//2140 2142//2142
f 2141//2141 2142//2142 2143//2143
f 2143//2143 2142//2142 2144//2144
f 2143//2143 2144//2144 2145//2145
f 2145//2145 2144//2144 2146//2146
f 2145//2145 2146//2146 2147//2147
f 1918//1918 2148//2148 2149//2149
f 2149//2149 2148//2148 2150//2150
f 2149//2149 2150//2150 2151//2151
f 2151//2151 2150//2150 2152//2152
f 2151//2151 2152//2152 2153//2153
f 2153//2153 2152//2152 2154//2154
f 2153//2153 2154//2154 2155//2155
f 2155//2155 2154//2154 2156//2156
f 2155//2155 2156//2156 2157//2157
f 2157//2157 2156//2156 2158//2158
f 2157//2157 2158//2158 2159//2159
f 2159//2159 2158//2158 2160//2160
f 2159//2159 2160//2160 2161//2161
f 2161//2161 2160//2160 2162//2162
f 2161//2161 2162//2162 2163//2163
f 2163//2163 2162//2162 2164//2164
f 2163//2163 2164//2164 2165//2165
f 2165//2165 2164//2164 2166//2166
f 2165//2165 2166//2166 2167//2167
f 2168//2168 2169//2169 2170//2170
f 2170//2170 2169//2169 2171//2171
f 2170//2170 2171//2171 2172//2172
f 2172//2172 2171//2171 2173//2173
f 2172//2172 2173//2173 2174//2174
f 2174//2174 2173//2173 2175//2175
f 2174//2174 2175//2175 2176//2176
f 2176//2176 2175//2175 2177//2177
f 2176//2176 2177//2177 2178//2178
f 2178//2178 2177//2177 2179//2179
f 2178//2178 2179//2179 2180//2180
f 2180//2180 2179//2179 2181//2181
f 2180//2180 2181//2181 2182//2182
f 2182//2182 2181//2181 2183//2183
f 2182//2182 2183//2183 2184//2184
f 2184//2184 2183//2183 2185//2185
f 2184//2184 2185//2185 2186//2186
f 2186//2186 2185//2185 2187//2187
f 2186//2186 2187//2187 2188//2188
f 2188//2188 2187//2187 2189//2189
f 2188//2188 2189//2189 2190//2190
f 2190//2190 2189//2189 2191//2191
f 2190//2190 2191//2191 2192//2192
f 2192//2192 2191//2191 2193//2193
f 2192//2192 2193//2193 2194//2194
f 2194//2194 2193//2193 2195//2195
f 2194//2194 2195//2195 2196//2196
f 2196//2196 2195//2195 1914//1914
f 2197//2197 2198//2198 2199//2199
f 2199//2199 2198//2198 2200//2200
f 2199//2199 2200//2200 2201//2201
f 2201//2201 2200//2200 2202//2202
f 2201//2201 2202//2202 2203//2203
f 2203//2203 2202//2202 2204//2204
f 2203//2203 2204//2204 2205//2205
f 2205//2205 2204//2204 2206//2206
f 2205//2205 2206//2206 2207//2207
f 2207//2207 2206//2206 2208//2208
f 2207//2207 2208//2208 2209//2209
f 2209//2209 2208//2208 2210//2210
f 2209//2209 2210//2210 2211//2211
f 2211//2211 2210//2210 2212//2212
f 2211//2211 2212//2212 2213//2213
f 2213//2213 2212//2212 2214//2214
f 2213//2213 2214//2214 2215//2215
f 2215//2215 2214//2214 2216//2216
f 2215//2215 2216//2216 2217//2217
f 2217//2217 2216//2216 2218//2218
f 2217//2217 2218//2218 2219//2219
f 2219//2219 2218//2218 2220//2220
f 2219//2219 2220//2220 2221//2221
f 2221//2221 2220//2220 2222//2222
f 2221//2221 2222//2222 2223//2223
f 2223//2223 2222//2222 2224//2224
f 2223//2223 2224//2224 2225//2225
f 2225//2225 2224//2224 1910//1910
f 1971//1971 2226//2226 1972//1972
f 1972//1972 2226//2226 2227//2227
f 1972//1972 2227//2227 2228//2228
f 2228//2228 2227//2227 2229//2229
f 2228//2228 2229//2229 2230//2230
f 2230//2230 2229//2229 2231//2231
f 2230//2230 2231//2231 2232//2232
f 2232//2232 2231//2231 2233//2233
f 2232//2232 2233//2233 2234//2234
f 2234//2234 2233//2233 2235//2235
f 2234//2234 2235//2235 2236//2236
f 2236//2236 2235//2235 2237//2237
f 2236//2236 2237//2237 2238//2238
f 2238//2238 2237//2237 2239//2239
f 2238//2238 2239//2239 2240//2240
f 2240//2240 2239//2239 2241//2241
f 2240//2240 2241//2241 2242//2242
f 2242//2242 2241//2241 2243//2243
f 2242//2242 2243//2243 2244//2244
f 2244//2244 2243//2243 2245//2245
f 2244//2244 2245//2245 2246//2246
f 2246//2246 2245//2245 2247//2247
f 2246//2246 2247//2247 2248//2248
f 2248//2248 2247//2247 2249//2249
f 2248//2248 2249//2249 2250//2250
f 2250//2250 2249//2249 2251//2251
f 2250//2250 2251//2251 2252//2252
f 2252//2252 2251//2251 2253//2253
f 2252//2252 2253//2253 2254//2254
f 2254//2254 2253//2253 1909//1909
f 1906//1906 2255//2255 2256//2256
f 2256//2256 2255//2255 2257//2257
f 2256//2256 2257//2257 2258//2258
f 2258//2258 2257//2257 2259//2259
f 2258//2258 2259//2259 2260//2260
f 2260//2260 2259//2259 2261//2261
f 2260//2260 2261//2261 2262//2262
f 2262//2262 2261//2261 2263//2263
f 2262//2262 2263//2263 2264//2264
f 2264//2264 2263//2263 2265//2265
f 2264//2264 2265//2265 2266//2266
f 2266//2266 2265//2265 2267//2267
f 2266//2266 2267//2267 2268//2268
f 2268//2268 2267//2267 2269//2269
f 2268//2268 2269//2269 2270//2270
f 2270//2270 2269//2269 2271//2271
f 2270//2270 2271//2271 2272//2272
f 2272//2272 2271//2271 2273//2273
f 2272//2272 2273//2273 2274//2274
f 2274//2274 2273//2273 2275//2275
f 2274//2274 2275//2275 2276//2276
f 2276//2276 2275//2275 2277//2277
f 2276//2276 2277//2277 2278//2278
f 2278//2278 2277//2277 2279//2279
f 2278//2278 2279//2279 2280//2280
f 2280//2280 2279//2279 2281//2281
f 2280//2280 2281//2281 1960//1960
f 1960//1960 2281//2281 2282//2282
f 1960//1960 2282//2282 2013//2013
f 1956//1956 1952//1952 1957//1957
f 1957//1957 1952//1952 1954//1954
f 1957//1957 1954//1954 2283//2283
f 2283//2283 1954//1954 2284//2284
f 2283//2283 2284//2284 2285//2285
f 2285//2285 2284//2284 2286//2286
f 2285//2285 2286//2286 2287//2287
f 2287//2287 2286//2286 2288//2288
f 2287//2287 2288//2288 2289//2289
f 2289//2289 2288//2288 2290//2290
f 2289//2289 2290//2290 2291//2291
f 2291//2291 2290//2290 2292//2292
f 2291//2291 2292//2292 2293//2293
f 2293//2293 2292//2292 2294//2294
f 2293//2293 2294//2294 2295//2295
f 2295//2295 2294//2294 2296//2296
f 2295//2295 2296//2296 2297//2297
f 2297//2297 2296//2296 2298//2298
f 2297//2297 2298//2298 2299//2299
f 2299//2299 2298//2298 2300//2300
f 2299//2299 2300//2300 2301//2301
f 2301//2301 2300//2300 2302//2302
f 2301//2301 2302//2302 2303//2303
f 2303//2303 2302//2302 2304//2304
f 2303//2303 2304//2304 2305//2305
f 2305//2305 2304//2304 2306//2306
f 2305//2305 2306//2306 2307//2307
f 2307//2307 2306//2306 2308//2308
f 2307//2307 2308//2308 2309//2309
f 2309//2309 2308//2308 1905//1905
f 2310//2310 1946//1946 2311//2311
f 2311//2311 1946//1946 1948//1948
f 2311//2311 1948//1948 2312//2312
f 2312//2312 1948//1948 2313//2313
f 2312//2312 2313//2313 2314//2314
f 2314//2314 2313//2313 2315//2315
f 2314//2314 2315//2315 2316//2316
f 2316//2316 2315//2315 2317//2317
f 2316//2316 2317//2317 2318//2318
f 2318//2318 2317//2317 2319//2319
f 2318//2318 2319//2319 2320//2320
f 2320//2320 2319//2319 2321//2321
f 2320//2320 2321//2321 2322//2322
f 2322//2322 2321//2321 2323//2323
f 2322//2322 2323//2323 2324//2324
f 2324//2324 2323//2323 2325//2325
f 2324//2324 2325//2325 2326//2326
f 2326//2326 2325//2325 2327//2327
f 2326//2326 2327//2327 2328//2328
f 2328//2328 2327//2327 2329//2329
f 2328//2328 2329//2329 2330//2330
f 2330//2330 2329//2329 2331//2331
f 2330//2330 2331//2331 2332//2332
f 2332//2332 2331//2331 2333//2333
f 2332//2332 2333//2333 2334//2334
f 2334//2334 2333//2333 2335//2335
f 2334//2334 2335//2335 2336//2336
f 2336//2336 2335//2335 2337//2337
f 2336//2336 2337//2337 2338//2338
f 2338//2338 2337//2337 1901//1901
f 1941//1941 2339//2339 1942//1942
f 1942//1942 2339//2339 2340//2340
f 1942//1942 2340//2340 2341//2341
f 2341//2341 2340//2340 2342//2342
f 2341//2341 2342//2342 2343//2343
f 2343//2343 2342//2342 2344//2344
f 2343//2343 2344//2344 2345//2345
f 2345//2345 2344//2344 2346//2346
f 2345//2345 2346//2346 2347//2347
f 2347//2347 2346//2346 2348//2348
f 2347//2347 2348//2348 2349//2349
f 2349//2349 2348//2348 2350//2350
f 2349//2349 2350//2350 2351//2351
f 2351//2351 2350//2350 2352//2352
f 2351//2351 2352//2352 2353//2353
f 2353//2353 2352//2352 2354//2354
f 2353//2353 2354//2354 2355//2355
f 2355//2355 2354//2354 2356//2356
f 2355//2355 2356//2356 2357//2357
f 2357//2357 2356//2356 2358//2358
f 2357//2357 2358//2358 2359//2359
f 2359//2359 2358//2358 2360//2360
f 2359//2359 2360//2360 2361//2361
f 2361//2361 2360//2360 2362//2362
f 2361//2361 2362//2362 2363//2363
f 2363//2363 2362//2362 2364//2364
f 2363//2363 2364//2364 2365//2365
f 2365//2365 2364//2364 2366//2366
f 2365//2365 2366//2366 2367//2367
f 2367//2367 2366//2366 1897//1897
f 1935//1935 2368//2368 1936//1936
f 1936//1936 2368//2368 2369//2369
f 1936//1936 2369//2369 2370//2370
f 2370//2370 2369//2369 2371//2371
f 2370//2370 2371//2371 2372//2372
f 2372//2372 2371//2371 2373//2373
f 2372//2372 2373//2373 2374//2374
f 2374//2374 2373//2373 2375//2375
f 2374//2374 2375//2375 2376//2376
f 2376//2376 2375//2375 2377//2377
f 2376//2376 2377//2377 2378//2378
f 2378//2378 2377//2377 2379//2379
f 2378//2378 2379//2379 2380//2380
f 2380//2380 2379//2379 2381//2381
f 2380//2380 2381//2381 2382//2382
f 2382//2382 2381//2381 2383//2383
f 2382//2382 2383//2383 2384//2384
f 2384//2384 2383//2383 2385//2385
f 2384//2384 2385//2385 2386//2386
f 2386//2386 2385//2385 2387//2387
f 2386//2386 2387//2387 2388//2388
f 2388//2388 2387//2387 2389//2389
f 2388//2388 2389//2389 2390//2390
f 2390//2390 2389//2389 2391//2391
f 2390//2390 2391//2391 2392//2392
f 2392//2392 2391//2391 2393//2393
f 2392//2392 2393//2393 2394//2394
f 2394//2394 2393//2393 2395//2395
f 2394//2394 2395//2395 2396//2396
f 2396//2396 2395//2395 1896//1896
f 1929//1929 1925//1925 1930//1930
f 1930//1930 1925//1925 1927//1927
f 1930//1930 1927//1927 2397//2397
f 2397//2397 1927//1927 2398//2398
f 2397//2397 2398//2398 2399//2399
f 2399//2399 2398//2398 2400//2400
f 2399//2399 2400//2400 2401//2401
f 2401//2401 2400//2400 2402//2402
f 2401//2401 2402//2402 2403//2403
f 2403//2403 2402//2402 2404//2404
f 2403//2403 2404//2404 2405//2405
f 2405//2405 2404//2404 2406//2406
f 2405//2405 2406//2406 2407//2407
f 2407//2407 2406//2406 2408//2408
f 2407//2407 2408//2408 2409//2409
f 2409//2409 2408//2408 2410//2410
f 2409//2409 2410//2410 2411//2411
f 2411//2411 2410//2410 2412//2412
f 2411//2411 2412//2412 2413//2413
f 2413//2413 2412//2412 2414//2414
f 2413//2413 2414//2414 2415//2415
f 2415//2415 2414//2414 2416//2416
f 2415//2415 2416//2416 2417//2417
f 2417//2417 2416//2416 2418//2418
f 2417//2417 2418//2418 2419//2419
f 2419//2419 2418//2418 2420//2420
f 2419//2419 2420//2420 2421//2421
f 2421//2421 2420//2420 2422//2422
f 2421//2421 2422//2422 2423//2423
f 2423//2423 2422//2422 1892//1892
f 1823//1823 1822//1822 2131//2131
f 2131//2131 1822//1822 1821//1821
f 2131//2131 1821//1821 2129//2129
f 2129//2129 1821//1821 1832//1832
f 2129//2129 1832//1832 2130//2130
f 2130//2130 1832//1832 1831//1831
f 1824//1824 1823//1823 1921//1921
f 1921//1921 1823//1823 2131//2131
f 1921//1921 2131//2131 2424//2424
f 2424//2424 2131//2131 2132//2132
f 2424//2424 2132//2132 2425//2425
f 2425//2425 2132//2132 2133//2133
f 2425//2425 2133//2133 2426//2426
f 1826//1826 1825//1825 1920//1920
f 1920//1920 1825//1825 1921//1921
f 1920//1920 1921//1921 2427//2427
f 2427//2427 1921//1921 2424//2424
f 2427//2427 2424//2424 2428//2428
f 2428//2428 2424//2424 2425//2425
f 2428//2428 2425//2425 2429//2429
f 2429//2429 2425//2425 2426//2426
f 2429//2429 2426//2426 2430//2430
f 1816//1816 1827//1827 2431//2431
f 2431//2431 1827//1827 1920//1920
f 2431//2431 1920//1920 2432//2432
f 2432//2432 1920//1920 2427//2427
f 2432//2432 2427//2427 2433//2433
f 2433//2433 2427//2427 2428//2428
f 2433//2433 2428//2428 2434//2434
f 2434//2434 2428//2428 2429//2429
f 2434//2434 2429//2429 2435//2435
f 2435//2435 2429//2429 2430//2430
f 2435//2435 2430//2430 2436//2436
f 1817//1817 1816//1816 2134//2134
f 2134//2134 1816//1816 2431//2431
f 2134//2134 2431//2431 2136//2136
f 2136//2136 2431//2431 2432//2432
f 2136//2136 2432//2432 2138//2138
f 2138//2138 2432//2432 2433//2433
f 2138//2138 2433//2433 2140//2140
f 2140//2140 2433//2433 2434//2434
f 2140//2140 2434//2434 2142//2142
f 2142//2142 2434//2434 2435//2435
f 2142//2142 2435//2435 2144//2144
f 2144//2144 2435//2435 2436//2436
f 2144//2144 2436//2436 2146//2146
f 1919//1919 1819//1819 2134//2134
f 2134//2134 1819//1819 1818//1818
f 2134//2134 1818//1818 1817//1817
f 1811//1811 1820//1820 2437//2437
f 2437//2437 1820//1820 1919//1919
f 2437//2437 1919//1919 2438//2438
f 2438//2438 1919//1919 2135//2135
f 2438//2438 2135//2135 2439//2439
f 2439//2439 2135//2135 2137//2137
f 2439//2439 2137//2137 2440//2440
f 2440//2440 2137//2137 2139//2139
f 2440//2440 2139//2139 2441//2441
f 2441//2441 2139//2139 2141//2141
f 2441//2441 2141//2141 2442//2442
f 2442//2442 2141//2141 2143//2143
f 2442//2442 2143//2143 2443//2443
f 2443//2443 2143//2143 2145//2145
f 2443//2443 2145//2145 2444//2444
f 2444//2444 2145//2145 2147//2147
f 2444//2444 2147//2147 2445//2445
f 1812//1812 1811//1811 2148//2148
f 2148//2148 1811//1811 2437//2437
f 2148//2148 2437//2437 2150//2150
f 2150//2150 2437//2437 2438//2438
f 2150//2150 2438//2438 2152//2152
f 2152//2152 2438//2438 2439//2439
f 2152//2152 2439//2439 2154//2154
f 2154//2154 2439//2439 2440//2440
f 2154//2154 2440//2440 2156//2156
f 2156//2156 2440//2440 2441//2441
f 2156//2156 2441//2441 2158//2158
f 2158//2158 2441//2441 2442//2442
f 2158//2158 2442//2442 2160//2160
f 2160//2160 2442//2442 2443//2443
f 2160//2160 2443//2443 2162//2162
f 2162//2162 2443//2443 2444//2444
f 2162//2162 2444//2444 2164//2164
f 2164//2164 2444//2444 2445//2445
f 2164//2164 2445//2445 2166//2166
f 1918//1918 1814//1814 2148//2148
f 2148//2148 1814//1814 1813//1813
f 2148//2148 1813//1813 1812//1812
f 1804//1804 1815//1815 2446//2446
f 2446//2446 1815//1815 1918//1918
f 2446//2446 1918//1918 2447//2447
f 2447//2447 1918//1918 2149//2149
f 2447//2447 2149//2149 2448//2448
f 2448//2448 2149//2149 2151//2151
f 2448//2448 2151//2151 2449//2449
f 2449//2449 2151//2151 2153//2153
f 2449//2449 2153//2153 2450//2450
f 2450//2450 2153//2153 2155//2155
f 2450//2450 2155//2155 2451//2451
f 2451//2451 2155//2155 2157//2157
f 2451//2451 2157//2157 2452//2452
f 2452//2452 2157//2157 2159//2159
f 2452//2452 2159//2159 2453//2453
f 2453//2453 2159//2159 2161//2161
f 2453//2453 2161//2161 2454//2454
f 2454//2454 2161//2161 2163//2163
f 2454//2454 2163//2163 2455//2455
f 2455//2455 2163//2163 2165//2165
f 2455//2455 2165//2165 2456//2456
f 2456//2456 2165//2165 2167//2167
f 2456//2456 2167//2167 2457//2457
f 1805//1805 1804//1804 1917//1917
f 1917//1917 1804//1804 2446//2446
f 1917//1917 2446//2446 2458//2458
f 2458//2458 2446//2446 2447//2447
f 2458//2458 2447//2447 2459//2459
f 2459//2459 2447//2447 2448//2448
f 2459//2459 2448//2448 2460//2460
f 2460//2460 2448//2448 2449//2449
f 2460//2460 2449//2449 2461//2461
f 2461//2461 2449//2449 2450//2450
f 2461//2461 2450//2450 2462//2462
f 2462//2462 2450//2450 2451//2451
f 2462//2462 2451//2451 2463//2463
f 2463//2463 2451//2451 2452//2452
f 2463//2463 2452//2452 2464//2464
f 2464//2464 2452//2452 2453//2453
f 2464//2464 2453//2453 2465//2465
f 2465//2465 2453//2453 2454//2454
f 2465//2465 2454//2454 2466//2466
f 2466//2466 2454//2454 2455//2455
f 2466//2466 2455//2455 2467//2467
f 2467//2467 2455//2455 2456//2456
f 2467//2467 2456//2456 2468//2468
f 2468//2468 2456//2456 2457//2457
f 2468//2468 2457//2457 2469//2469
f 1807//1807 1806//1806 1916//1916
f 1916//1916 1806//1806 1917//1917
f 1916//1916 1917//1917 2470//2470
f 2470//2470 1917//1917 2458//2458
f 2470//2470 2458//2458 2471//2471
f 2471//2471 2458//2458 2459//2459
f 2471//2471 2459//2459 2472//2472
f 2472//2472 2459//2459 2460//2460
f 2472//2472 2460//2460 2473//2473
f 2473//2473 2460//2460 2461//2461
f 2473//2473 2461//2461 2474//2474
f 2474//2474 2461//2461 2462//2462
f 2474//2474 2462//2462 2475//2475
f 2475//2475 2462//2462 2463//2463
f 2475//2475 2463//2463 2476//2476
f 2476//2476 2463//2463 2464//2464
f 2476//2476 2464//2464 2477//2477
f 2477//2477 2464//2464 2465//2465
f 2477//2477 2465//2465 2478//2478
f 2478//2478 2465//2465 2466//2466
f 2478//2478 2466//2466 2479//2479
f 2479//2479 2466//2466 2467//2467
f 2479//2479 2467//2467 2480//2480
f 2480//2480 2467//2467 2468//2468
f 2480//2480 2468//2468 2481//2481
f 2481//2481 2468//2468 2469//2469
f 2481//2481 2469//2469 2482//2482
f 1809//1809 1808//1808 1915//1915
f 1915//1915 1808//1808 1916//1916
f 1915//1915 1916//1916 2483//2483
f 2483//2483 1916//1916 2470//2470
f 2483//2483 2470//2470 2484//2484
f 2484//2484 2470//2470 2471//2471
f 2484//2484 2471//2471 2485//2485
f 2485//2485 2471//2471 2472//2472
f 2485//2485 2472//2472 2486//2486
f 2486//2486 2472//2472 2473//2473
f 2486//2486 2473//2473 2487//2487
f 2487//2487 2473//2473 2474//2474
f 2487//2487 2474//2474 2488//2488
f 2488//2488 2474//2474 2475//2475
f 2488//2488 2475//2475 2489//2489
f 2489//2489 2475//2475 2476//2476
f 2489//2489 2476//2476 2490//2490
f 2490//2490 2476//2476 2477//2477
f 2490//2490 2477//2477 2491//2491
f 2491//2491 2477//2477 2478//2478
f 2491//2491 2478//2478 2492//2492
f 2492//2492 2478//2478 2479//2479
f 2492//2492 2479//2479 2493//2493
f 2493//2493 2479//2479 2480//2480
f 2493//2493 2480//2480 2494//2494
f 2494//2494 2480//2480 2481//2481
f 2494//2494 2481//2481 2495//2495
f 2495//2495 2481//2481 2482//2482
f 2495//2495 2482//2482 2496//2496
f 1799//1799 1810//1810 2497//2497
f 2497//2497 1810//1810 1915//1915
f 2497//2497 1915//1915 2498//2498
f 2498//2498 1915//1915 2483//2483
f 2498//2498 2483//2483 2499//2499
f 2499//2499 2483//2483 2484//2484
f 2499//2499 2484//2484 2500//2500
f 2500//2500 2484//2484 2485//2485
f 2500//2500 2485//2485 2501//2501
f 2501//2501 2485//2485 2486//2486
f 2501//2501 2486//2486 2502//2502
f 2502//2502 2486//2486 2487//2487
f 2502//2502 2487//2487 2503//2503
f 2503//2503 2487//2487 2488//2488
f 2503//2503 2488//2488 2504//2504
f 2504//2504 2488//2488 2489//2489
f 2504//2504 2489//2489 2505//2505
f 2505//2505 2489//2489 2490//2490
f 2505//2505 2490//2490 2506//2506
f 2506//2506 2490//2490 2491//2491
f 2506//2506 2491//2491 2507//2507
f 2507//2507 2491//2491 2492//2492
f 2507//2507 2492//2492 2508//2508
f 2508//2508 2492//2492 2493//2493
f 2508//2508 2493//2493 2509//2509
f 2509//2509 2493//2493 2494//2494
f 2509//2509 2494//2494 2510//2510
f 2510//2510 2494//2494 2495//2495
f 2510//2510 2495//2495 2511//2511
f 2511//2511 2495//2495 2496//2496
f 2511//2511 2496//2496 2512//2512
f 2512//2512 2496//2496 1984//1984
f 2511//2511 2168//2168 2510//2510
f 2510//2510 2168//2168 2170//2170
f 2510//2510 2170//2170 2509//2509
f 2509//2509 2170//2170 2172//2172
f 2509//2509 2172//2172 2508//2508
f 2508//2508 2172//2172 2174//2174
f 2508//2508 2174//2174 2507//2507
f 2507//2507 2174//2174 2176//2176
f 2507//2507 2176//2176 2506//2506
f 2506//2506 2176//2176 2178//2178
f 2506//2506 2178//2178 2505//2505
f 2505//2505 2178//2178 2180//2180
f 2505//2505 2180//2180 2504//2504
f 2504//2504 2180//2180 2182//2182
f 2504//2504 2182//2182 2503//2503
f 2503//2503 2182//2182 2184//2184
f 2503//2503 2184//2184 2502//2502
f 2502//2502 2184//2184 2186//2186
f 2502//2502 2186//2186 2501//2501
f 2501//2501 2186//2186 2188//2188
f 2501//2501 2188//2188 2500//2500
f 2500//2500 2188//2188 2190//2190
f 2500//2500 2190//2190 2499//2499
f 2499//2499 2190//2190 2192//2192
f 2499//2499 2192//2192 2498//2498
f 2498//2498 2192//2192 2194//2194
f 2498//2498 2194//2194 2497//2497
f 2497//2497 2194//2194 2196//2196
f 2497//2497 2196//2196 1799//1799
f 1799//1799 2196//2196 1800//1800
f 1914//1914 1802//1802 2196//2196
f 2196//2196 1802//1802 1801//1801
f 2196//2196 1801//1801 1800//1800
f 1792//1792 1803//1803 2513//2513
f 2513//2513 1803//1803 1914//1914
f 2513//2513 1914//1914 2514//2514
f 2514//2514 1914//1914 2195//2195
f 2514//2514 2195//2195 2515//2515
f 2515//2515 2195//2195 2193//2193
f 2515//2515 2193//2193 2516//2516
f 2516//2516 2193//2193 2191//2191
f 2516//2516 2191//2191 2517//2517
f 2517//2517 2191//2191 2189//2189
f 2517//2517 2189//2189 2518//2518
f 2518//2518 2189//2189 2187//2187
f 2518//2518 2187//2187 2519//2519
f 2519//2519 2187//2187 2185//2185
f 2519//2519 2185//2185 2520//2520
f 2520//2520 2185//2185 2183//2183
f 2520//2520 2183//2183 2521//2521
f 2521//2521 2183//2183 2181//2181
f 2521//2521 2181//2181 2522//2522
f 2522//2522 2181//2181 2179//2179
f 2522//2522 2179//2179 2523//2523
f 2523//2523 2179//2179 2177//2177
f 2523//2523 2177//2177 2524//2524
f 2524//2524 2177//2177 2175//2175
f 2524//2524 2175//2175 2525//2525
f 2525//2525 2175//2175 2173//2173
f 2525//2525 2173//2173 2526//2526
f 2526//2526 2173//2173 2171//2171
f 2526//2526 2171//2171 1981//1981
f 1981//1981 2171//2171 2169//2169
f 1981//1981 2169//2169 2011//2011
f 2011//2011 2169//2169 2168//2168
f 2011//2011 2168//2168 2527//2527
f 2527//2527 2168//2168 2511//2511
f 2527//2527 2511//2511 2528//2528
f 2528//2528 2511//2511 2512//2512
f 1980//1980 2529//2529 1981//1981
f 1981//1981 2529//2529 2530//2530
f 1981//1981 2530//2530 2526//2526
f 2526//2526 2530//2530 2531//2531
f 2526//2526 2531//2531 2525//2525
f 2525//2525 2531//2531 2532//2532
f 2525//2525 2532//2532 2524//2524
f 2524//2524 2532//2532 2533//2533
f 2524//2524 2533//2533 2523//2523
f 2523//2523 2533//2533 2534//2534
f 2523//2523 2534//2534 2522//2522
f 2522//2522 2534//2534 2535//2535
f 2522//2522 2535//2535 2521//2521
f 2521//2521 2535//2535 2536//2536
f 2521//2521 2536//2536 2520//2520
f 2520//2520 2536//2536 2537//2537
f 2520//2520 2537//2537 2519//2519
f 2519//2519 2537//2537 2538//2538
f 2519//2519 2538//2538 2518//2518
f 2518//2518 2538//2538 2539//2539
f 2518//2518 2539//2539 2517//2517
f 2517//2517 2539//2539 2540//2540
f 2517//2517 2540//2540 2516//2516
f 2516//2516 2540//2540 2541//2541
f 2516//2516 2541//2541 2515//2515
f 2515//2515 2541//2541 2542//2542
f 2515//2515 2542//2542 2514//2514
f 2514//2514 2542//2542 2543//2543
f 2514//2514 2543//2543 2513//2513
f 2513//2513 2543//2543 1913//1913
f 2513//2513 1913//1913 1792//1792
f 1792//1792 1913//1913 1793//1793
f 1795//1795 1794//1794 1912//1912
f 1912//1912 1794//1794 1913//1913
f 1912//1912 1913//1913 2544//2544
f 2544//2544 1913//1913 2543//2543
f 2544//2544 2543//2543 2545//2545
f 2545//2545 2543//2543 2542//2542
f 2545//2545 2542//2542 2546//2546
f 2546//2546 2542//2542 2541//2541
f 2546//2546 2541//2541 2547//2547
f 2547//2547 2541//2541 2540//2540
f 2547//2547 2540//2540 2548//2548
f 2548//2548 2540//2540 2539//2539
f 2548//2548 2539//2539 2549//2549
f 2549//2549 2539//2539 2538//2538
f 2549//2549 2538//2538 2550//2550
f 2550//2550 2538//2538 2537//2537
f 2550//2550 2537//2537 2551//2551
f 2551//2551 2537//2537 2536//2536
f 2551//2551 2536//2536 2552//2552
f 2552//2552 2536//2536 2535//2535
f 2552//2552 2535//2535 2553//2553
f 2553//2553 2535//2535 2534//2534
f 2553//2553 2534//2534 2554//2554
f 2554//2554 2534//2534 2533//2533
f 2554//2554 2533//2533 2555//2555
f 2555//2555 2533//2533 2532//2532
f 2555//2555 2532//2532 2556//2556
f 2556//2556 2532//2532 2531//2531
f 2556//2556 2531//2531 1978//1978
f 1978//1978 2531//2531 2530//2530
f 1978//1978 2530//2530 1976//1976
f 1976//1976 2530//2530 2529//2529
f 1797//1797 1796//1796 2557//2557
f 2557//2557 1796//1796 1912//1912
f 2557//2557 1912//1912 2558//2558
f 2558//2558 1912//1912 2544//2544
f 2558//2558 2544//2544 2559//2559
f 2559//2559 2544//2544 2545//2545
f 2559//2559 2545//2545 2560//2560
f 2560//2560 2545//2545 2546//2546
f 2560//2560 2546//2546 2561//2561
f 2561//2561 2546//2546 2547//2547
f 2561//2561 2547//2547 2562//2562
f 2562//2562 2547//2547 2548//2548
f 2562//2562 2548//2548 2563//2563
f 2563//2563 2548//2548 2549//2549
f 2563//2563 2549//2549 2564//2564
f 2564//2564 2549//2549 2550//2550
f 2564//2564 2550//2550 2565//2565
f 2565//2565 2550//2550 2551//2551
f 2565//2565 2551//2551 2566//2566
f 2566//2566 2551//2551 2552//2552
f 2566//2566 2552//2552 2567//2567
f 2567//2567 2552//2552 2553//2553
f 2567//2567 2553//2553 2568//2568
f 2568//2568 2553//2553 2554//2554
f 2568//2568 2554//2554 2569//2569
f 2569//2569 2554//2554 2555//2555
f 2569//2569 2555//2555 2570//2570
f 2570//2570 2555//2555 2556//2556
f 2570//2570 2556//2556 1975//1975
f 1975//1975 2556//2556 1978//1978
f 1975//1975 1978//1978 1973//1973
f 1973//1973 1978//1978 1977//1977
f 1974//1974 2571//2571 1975//1975
f 1975//1975 2571//2571 2572//2572
f 1975//1975 2572//2572 2570//2570
f 2570//2570 2572//2572 2573//2573
f 2570//2570 2573//2573 2569//2569
f 2569//2569 2573//2573 2574//2574
f 2569//2569 2574//2574 2568//2568
f 2568//2568 2574//2574 2575//2575
f 2568//2568 2575//2575 2567//2567
f 2567//2567 2575//2575 2576//2576
f 2567//2567 2576//2576 2566//2566
f 2566//2566 2576//2576 2577//2577
f 2566//2566 2577//2577 2565//2565
f 2565//2565 2577//2577 2578//2578
f 2565//2565 2578//2578 2564//2564
f 2564//2564 2578//2578 2579//2579
f 2564//2564 2579//2579 2563//2563
f 2563//2563 2579//2579 2580//2580
f 2563//2563 2580//2580 2562//2562
f 2562//2562 2580//2580 2581//2581
f 2562//2562 2581//2581 2561//2561
f 2561//2561 2581//2581 2582//2582
f 2561//2561 2582//2582 2560//2560
f 2560//2560 2582//2582 2583//2583
f 2560//2560 2583//2583 2559//2559
f 2559//2559 2583//2583 2584//2584
f 2559//2559 2584//2584 2558//2558
f 2558//2558 2584//2584 2585//2585
f 2558//2558 2585//2585 2557//2557
f 2557//2557 2585//2585 1911//1911
f 2557//2557 1911//1911 1797//1797
f 1797//1797 1911//1911 1798//1798
f 1788//1788 1787//1787 2225//2225
f 2225//2225 1787//1787 1911//1911
f 2225//2225 1911//1911 2223//2223
f 2223//2223 1911//1911 2585//2585
f 2223//2223 2585//2585 2221//2221
f 2221//2221 2585//2585 2584//2584
f 2221//2221 2584//2584 2219//2219
f 2219//2219 2584//2584 2583//2583
f 2219//2219 2583//2583 2217//2217
f 2217//2217 2583//2583 2582//2582
f 2217//2217 2582//2582 2215//2215
f 2215//2215 2582//2582 2581//2581
f 2215//2215 2581//2581 2213//2213
f 2213//2213 2581//2581 2580//2580
f 2213//2213 2580//2580 2211//2211
f 2211//2211 2580//2580 2579//2579
f 2211//2211 2579//2579 2209//2209
f 2209//2209 2579//2579 2578//2578
f 2209//2209 2578//2578 2207//2207
f 2207//2207 2578//2578 2577//2577
f 2207//2207 2577//2577 2205//2205
f 2205//2205 2577//2577 2576//2576
f 2205//2205 2576//2576 2203//2203
f 2203//2203 2576//2576 2575//2575
f 2203//2203 2575//2575 2201//2201
f 2201//2201 2575//2575 2574//2574
f 2201//2201 2574//2574 2199//2199
f 2199//2199 2574//2574 2573//2573
f 2199//2199 2573//2573 2197//2197
f 2197//2197 2573//2573 2572//2572
f 2197//2197 2572//2572 2586//2586
f 2586//2586 2572//2572 2571//2571
f 1910//1910 1790//1790 2225//2225
f 2225//2225 1790//1790 1789//1789
f 2225//2225 1789//1789 1788//1788
f 1783//1783 1791//1791 2587//2587
f 2587//2587 1791//1791 1910//1910
f 2587//2587 1910//1910 2588//2588
f 2588//2588 1910//1910 2224//2224
f 2588//2588 2224//2224 2589//2589
f 2589//2589 2224//2224 2222//2222
f 2589//2589 2222//2222 2590//2590
f 2590//2590 2222//2222 2220//2220
f 2590//2590 2220//2220 2591//2591
f 2591//2591 2220//2220 2218//2218
f 2591//2591 2218//2218 2592//2592
f 2592//2592 2218//2218 2216//2216
f 2592//2592 2216//2216 2593//2593
f 2593//2593 2216//2216 2214//2214
f 2593//2593 2214//2214 2594//2594
f 2594//2594 2214//2214 2212//2212
f 2594//2594 2212//2212 2595//2595
f 2595//2595 2212//2212 2210//2210
f 2595//2595 2210//2210 2596//2596
f 2596//2596 2210//2210 2208//2208
f 2596//2596 2208//2208 2597//2597
f 2597//2597 2208//2208 2206//2206
f 2597//2597 2206//2206 2598//2598
f 2598//2598 2206//2206 2204//2204
f 2598//2598 2204//2204 2599//2599
f 2599//2599 2204//2204 2202//2202
f 2599//2599 2202//2202 2600//2600
f 2600//2600 2202//2202 2200//2200
f 2600//2600 2200//2200 2601//2601
f 2601//2601 2200//2200 2198//2198
f 2586//2586 2602//2602 2197//2197
f 2197//2197 2602//2602 2603//2603
f 2197//2197 2603//2603 2198//2198
f 2198//2198 2603//2603 2012//2012
f 2198//2198 2012//2012 2601//2601
f 2601//2601 2012//2012 1972//1972
f 2601//2601 1972//1972 2600//2600
f 2600//2600 1972//1972 2228//2228
f 2600//2600 2228//2228 2599//2599
f 2599//2599 2228//2228 2230//2230
f 2599//2599 2230//2230 2598//2598
f 2598//2598 2230//2230 2232//2232
f 2598//2598 2232//2232 2597//2597
f 2597//2597 2232//2232 2234//2234
f 2597//2597 2234//2234 2596//2596
f 2596//2596 2234//2234 2236//2236
f 2596//2596 2236//2236 2595//2595
f 2595//2595 2236//2236 2238//2238
f 2595//2595 2238//2238 2594//2594
f 2594//2594 2238//2238 2240//2240
f 2594//2594 2240//2240 2593//2593
f 2593//2593 2240//2240 2242//2242
f 2593//2593 2242//2242 2592//2592
f 2592//2592 2242//2242 2244//2244
f 2592//2592 2244//2244 2591//2591
f 2591//2591 2244//2244 2246//2246
f 2591//2591 2246//2246 2590//2590
f 2590//2590 2246//2246 2248//2248
f 2590//2590 2248//2248 2589//2589
f 2589//2589 2248//2248 2250//2250
f 2589//2589 2250//2250 2588//2588
f 2588//2588 2250//2250 2252//2252
f 2588//2588 2252//2252 2587//2587
f 2587//2587 2252//2252 2254//2254
f 2587//2587 2254//2254 1783//1783
f 1783//1783 2254//2254 1784//1784
f 1909//1909 1786//1786 2254//2254
f 2254//2254 1786//1786 1785//1785
f 2254//2254 1785//1785 1784//1784
f 1880//1880 1879//1879 2604//2604
f 2604//2604 1879//1879 1909//1909
f 2604//2604 1909//1909 2605//2605
f 2605//2605 1909//1909 2253//2253
f 2605//2605 2253//2253 2606//2606
f 2606//2606 2253//2253 2251//2251
f 2606//2606 2251//2251 2607//2607
f 2607//2607 2251//2251 2249//2249
f 2607//2607 2249//2249 2608//2608
f 2608//2608 2249//2249 2247//2247
f 2608//2608 2247//2247 2609//2609
f 2609//2609 2247//2247 2245//2245
f 2609//2609 2245//2245 2610//2610
f 2610//2610 2245//2245 2243//2243
f 2610//2610 2243//2243 2611//2611
f 2611//2611 2243//2243 2241//2241
f 2611//2611 2241//2241 2612//2612
f 2612//2612 2241//2241 2239//2239
f 2612//2612 2239//2239 2613//2613
f 2613//2613 2239//2239 2237//2237
f 2613//2613 2237//2237 2614//2614
f 2614//2614 2237//2237 2235//2235
f 2614//2614 2235//2235 2615//2615
f 2615//2615 2235//2235 2233//2233
f 2615//2615 2233//2233 2616//2616
f 2616//2616 2233//2233 2231//2231
f 2616//2616 2231//2231 2617//2617
f 2617//2617 2231//2231 2229//2229
f 2617//2617 2229//2229 1969//1969
f 1969//1969 2229//2229 2227//2227
f 1969//1969 2227//2227 1967//1967
f 1967//1967 2227//2227 2226//2226
f 1968//1968 1964//1964 1969//1969
f 1969//1969 1964//1964 1966//1966
f 1969//1969 1966//1966 2617//2617
f 2617//2617 1966//1966 2618//2618
f 2617//2617 2618//2618 2616//2616
f 2616//2616 2618//2618 2619//2619
f 2616//2616 2619//2619 2615//2615
f 2615//2615 2619//2619 2620//2620
f 2615//2615 2620//2620 2614//2614
f 2614//2614 2620//2620 2621//2621
f 2614//2614 2621//2621 2613//2613
f 2613//2613 2621//2621 2622//2622
f 2613//2613 2622//2622 2612//2612
f 2612//2612 2622//2622 2623//2623
f 2612//2612 2623//2623 2611//2611
f 2611//2611 2623//2623 2624//2624
f 2611//2611 2624//2624 2610//2610
f 2610//2610 2624//2624 2625//2625
f 2610//2610 2625//2625 2609//2609
f 2609//2609 2625//2625 2626//2626
f 2609//2609 2626//2626 2608//2608
f 2608//2608 2626//2626 2627//2627
f 2608//2608 2627//2627 2607//2607
f 2607//2607 2627//2627 2628//2628
f 2607//2607 2628//2628 2606//2606
f 2606//2606 2628//2628 2629//2629
f 2606//2606 2629//2629 2605//2605
f 2605//2605 2629//2629 2630//2630
f 2605//2605 2630//2630 2604//2604
f 2604//2604 2630//2630 1908//1908
f 2604//2604 1908//1908 1880//1880
f 1880//1880 1908//1908 1881//1881
f 1883//1883 1882//1882 1907//1907
f 1907//1907 1882//1882 1908//1908
f 1907//1907 1908//1908 2631//2631
f 2631//2631 1908//1908 2630//2630
f 2631//2631 2630//2630 2632//2632
f 2632//2632 2630//2630 2629//2629
f 2632//2632 2629//2629 2633//2633
f 2633//2633 2629//2629 2628//2628
f 2633//2633 2628//2628 2634//2634
f 2634//2634 2628//2628 2627//2627
f 2634//2634 2627//2627 2635//2635
f 2635//2635 2627//2627 2626//2626
f 2635//2635 2626//2626 2636//2636
f 2636//2636 2626//2626 2625//2625
f 2636//2636 2625//2625 2637//2637
f 2637//2637 2625//2625 2624//2624
f 2637//2637 2624//2624 2638//2638
f 2638//2638 2624//2624 2623//2623
f 2638//2638 2623//2623 2639//2639
f 2639//2639 2623//2623 2622//2622
f 2639//2639 2622//2622 2640//2640
f 2640//2640 2622//2622 2621//2621
f 2640//2640 2621//2621 2641//2641
f 2641//2641 2621//2621 2620//2620
f 2641//2641 2620//2620 2642//2642
f 2642//2642 2620//2620 2619//2619
f 2642//2642 2619//2619 2643//2643
f 2643//2643 2619//2619 2618//2618
f 2643//2643 2618//2618 2644//2644
f 2644//2644 2618//2618 1966//1966
f 2644//2644 1966//1966 2645//2645
f 2645//2645 1966//1966 1965//1965
f 1885//1885 1884//1884 2646//2646
f 2646//2646 1884//1884 1907//1907
f 2646//2646 1907//1907 2647//2647
f 2647//2647 1907//1907 2631//2631
f 2647//2647 2631//2631 2648//2648
f 2648//2648 2631//2631 2632//2632
f 2648//2648 2632//2632 2649//2649
f 2649//2649 2632//2632 2633//2633
f 2649//2649 2633//2633 2650//2650
f 2650//2650 2633//2633 2634//2634
f 2650//2650 2634//2634 2651//2651
f 2651//2651 2634//2634 2635//2635
f 2651//2651 2635//2635 2652//2652
f 2652//2652 2635//2635 2636//2636
f 2652//2652 2636//2636 2653//2653
f 2653//2653 2636//2636 2637//2637
f 2653//2653 2637//2637 2654//2654
f 2654//2654 2637//2637 2638//2638
f 2654//2654 2638//2638 2655//2655
f 2655//2655 2638//2638 2639//2639
f 2655//2655 2639//2639 2656//2656
f 2656//2656 2639//2639 2640//2640
f 2656//2656 2640//2640 2657//2657
f 2657//2657 2640//2640 2641//2641
f 2657//2657 2641//2641 2658//2658
f 2658//2658 2641//2641 2642//2642
f 2658//2658 2642//2642 2659//2659
f 2659//2659 2642//2642 2643//2643
f 2659//2659 2643//2643 1963//1963
f 1963//1963 2643//2643 2644//2644
f 1963//1963 2644//2644 1961//1961
f 1961//1961 2644//2644 2645//2645
f 1962//1962 2660//2660 1963//1963
f 1963//1963 2660//2660 2661//2661
f 1963//1963 2661//2661 2659//2659
f 2659//2659 2661//2661 2662//2662
f 2659//2659 2662//2662 2658//2658
f 2658//2658 2662//2662 2663//2663
f 2658//2658 2663//2663 2657//2657
f 2657//2657 2663//2663 2664//2664
f 2657//2657 2664//2664 2656//2656
f 2656//2656 2664//2664 2665//2665
f 2656//2656 2665//2665 2655//2655
f 2655//2655 2665//2665 2666//2666
f 2655//2655 2666//2666 2654//2654
f 2654//2654 2666//2666 2667//2667
f 2654//2654 2667//2667 2653//2653
f 2653//2653 2667//2667 2668//2668
f 2653//2653 2668//2668 2652//2652
f 2652//2652 2668//2668 2669//2669
f 2652//2652 2669//2669 2651//2651
f 2651//2651 2669//2669 2670//2670
f 2651//2651 2670//2670 2650//2650
f 2650//2650 2670//2670 2671//2671
f 2650//2650 2671//2671 2649//2649
f 2649//2649 2671//2671 2672//2672
f 2649//2649 2672//2672 2648//2648
f 2648//2648 2672//2672 2673//2673
f 2648//2648 2673//2673 2647//2647
f 2647//2647 2673//2673 2674//2674
f 2647//2647 2674//2674 2646//2646
f 2646//2646 2674//2674 2675//2675
f 2646//2646 2675//2675 1885//1885
f 1885//1885 2675//2675 1886//1886
f 2660//2660 2013//2013 2661//2661
f 2661//2661 2013//2013 2282//2282
f 2661//2661 2282//2282 2662//2662
f 2662//2662 2282//2282 2281//2281
f 2662//2662 2281//2281 2663//2663
f 2663//2663 2281//2281 2279//2279
f 2663//2663 2279//2279 2664//2664
f 2664//2664 2279//2279 2277//2277
f 2664//2664 2277//2277 2665//2665
f 2665//2665 2277//2277 2275//2275
f 2665//2665 2275//2275 2666//2666
f 2666//2666 2275//2275 2273//2273
f 2666//2666 2273//2273 2667//2667
f 2667//2667 2273//2273 2271//2271
f 2667//2667 2271//2271 2668//2668
f 2668//2668 2271//2271 2269//2269
f 2668//2668 2269//2269 2669//2669
f 2669//2669 2269//2269 2267//2267
f 2669//2669 2267//2267 2670//2670
f 2670//2670 2267//2267 2265//2265
f 2670//2670 2265//2265 2671//2671
f 2671//2671 2265//2265 2263//2263
f 2671//2671 2263//2263 2672//2672
f 2672//2672 2263//2263 2261//2261
f 2672//2672 2261//2261 2673//2673
f 2673//2673 2261//2261 2259//2259
f 2673//2673 2259//2259 2674//2674
f 2674//2674 2259//2259 2257//2257
f 2674//2674 2257//2257 2675//2675
f 2675//2675 2257//2257 2255//2255
f 2675//2675 2255//2255 1886//1886
f 1886//1886 2255//2255 1887//1887
f 1906//1906 1889//1889 2255//2255
f 2255//2255 1889//1889 1888//1888
f 2255//2255 1888//1888 1887//1887
f 1874//1874 1890//1890 2676//2676
f 2676//2676 1890//1890 1906//1906
f 2676//2676 1906//1906 2677//2677
f 2677//2677 1906//1906 2256//2256
f 2677//2677 2256//2256 2678//2678
f 2678//2678 2256//2256 2258//2258
f 2678//2678 2258//2258 2679//2679
f 2679//2679 2258//2258 2260//2260
f 2679//2679 2260//2260 2680//2680
f 2680//2680 2260//2260 2262//2262
f 2680//2680 2262//2262 2681//2681
f 2681//2681 2262//2262 2264//2264
f 2681//2681 2264//2264 2682//2682
f 2682//2682 2264//2264 2266//2266
f 2682//2682 2266//2266 2683//2683
f 2683//2683 2266//2266 2268//2268
f 2683//2683 2268//2268 2684//2684
f 2684//2684 2268//2268 2270//2270
f 2684//2684 2270//2270 2685//2685
f 2685//2685 2270//2270 2272//2272
f 2685//2685 2272//2272 2686//2686
f 2686//2686 2272//2272 2274//2274
f 2686//2686 2274//2274 2687//2687
f 2687//2687 2274//2274 2276//2276
f 2687//2687 2276//2276 2688//2688
f 2688//2688 2276//2276 2278//2278
f 2688//2688 2278//2278 2689//2689
f 2689//2689 2278//2278 2280//2280
f 2689//2689 2280//2280 2690//2690
f 2690//2690 2280//2280 1960//1960
f 2690//2690 1960//1960 2691//2691
f 2691//2691 1960//1960 1959//1959
f 2691//2691 1955//1955 2690//2690
f 2690//2690 1955//1955 1957//1957
f 2690//2690 1957//1957 2689//2689
f 2689//2689 1957//1957 2283//2283
f 2689//2689 2283//2283 2688//2688
f 2688//2688 2283//2283 2285//2285
f 2688//2688 2285//2285 2687//2687
f 2687//2687 2285//2285 2287//2287
f 2687//2687 2287//2287 2686//2686
f 2686//2686 2287//2287 2289//2289
f 2686//2686 2289//2289 2685//2685
f 2685//2685 2289//2289 2291//2291
f 2685//2685 2291//2291 2684//2684
f 2684//2684 2291//2291 2293//2293
f 2684//2684 2293//2293 2683//2683
f 2683//2683 2293//2293 2295//2295
f 2683//2683 2295//2295 2682//2682
f 2682//2682 2295//2295 2297//2297
f 2682//2682 2297//2297 2681//2681
f 2681//2681 2297//2297 2299//2299
f 2681//2681 2299//2299 2680//2680
f 2680//2680 2299//2299 2301//2301
f 2680//2680 2301//2301 2679//2679
f 2679//2679 2301//2301 2303//2303
f 2679//2679 2303//2303 2678//2678
f 2678//2678 2303//2303 2305//2305
f 2678//2678 2305//2305 2677//2677
f 2677//2677 2305//2305 2307//2307
f 2677//2677 2307//2307 2676//2676
f 2676//2676 2307//2307 2309//2309
f 2676//2676 2309//2309 1874//1874
f 1874//1874 2309//2309 1875//1875
f 1905//1905 1877//1877 2309//2309
f 2309//2309 1877//1877 1876//1876
f 2309//2309 1876//1876 1875//1875
f 1867//1867 1878//1878 2692//2692
f 2692//2692 1878//1878 1905//1905
f 2692//2692 1905//1905 2693//2693
f 2693//2693 1905//1905 2308//2308
f 2693//2693 2308//2308 2694//2694
f 2694//2694 2308//2308 2306//2306
f 2694//2694 2306//2306 2695//2695
f 2695//2695 2306//2306 2304//2304
f 2695//2695 2304//2304 2696//2696
f 2696//2696 2304//2304 2302//2302
f 2696//2696 2302//2302 2697//2697
f 2697//2697 2302//2302 2300//2300
f 2697//2697 2300//2300 2698//2698
f 2698//2698 2300//2300 2298//2298
f 2698//2698 2298//2298 2699//2699
f 2699//2699 2298//2298 2296//2296
f 2699//2699 2296//2296 2700//2700
f 2700//2700 2296//2296 2294//2294
f 2700//2700 2294//2294 2701//2701
f 2701//2701 2294//2294 2292//2292
f 2701//2701 2292//2292 2702//2702
f 2702//2702 2292//2292 2290//2290
f 2702//2702 2290//2290 2703//2703
f 2703//2703 2290//2290 2288//2288
f 2703//2703 2288//2288 2704//2704
f 2704//2704 2288//2288 2286//2286
f 2704//2704 2286//2286 2705//2705
f 2705//2705 2286//2286 2284//2284
f 2705//2705 2284//2284 2706//2706
f 2706//2706 2284//2284 1954//1954
f 2706//2706 1954//1954 2707//2707
f 2707//2707 1954//1954 1953//1953
f 2707//2707 2708//2708 2706//2706
f 2706//2706 2708//2708 2709//2709
f 2706//2706 2709//2709 2705//2705
f 2705//2705 2709//2709 2710//2710
f 2705//2705 2710//2710 2704//2704
f 2704//2704 2710//2710 2711//2711
f 2704//2704 2711//2711 2703//2703
f 2703//2703 2711//2711 2712//2712
f 2703//2703 2712//2712 2702//2702
f 2702//2702 2712//2712 2713//2713
f 2702//2702 2713//2713 2701//2701
f 2701//2701 2713//2713 2714//2714
f 2701//2701 2714//2714 2700//2700
f 2700//2700 2714//2714 2715//2715
f 2700//2700 2715//2715 2699//2699
f 2699//2699 2715//2715 2716//2716
f 2699//2699 2716//2716 2698//2698
f 2698//2698 2716//2716 2717//2717
f 2698//2698 2717//2717 2697//2697
f 2697//2697 2717//2717 2718//2718
f 2697//2697 2718//2718 2696//2696
f 2696//2696 2718//2718 2719//2719
f 2696//2696 2719//2719 2695//2695
f 2695//2695 2719//2719 2720//2720
f 2695//2695 2720//2720 2694//2694
f 2694//2694 2720//2720 2721//2721
f 2694//2694 2721//2721 2693//2693
f 2693//2693 2721//2721 2722//2722
f 2693//2693 2722//2722 2692//2692
f 2692//2692 2722//2722 1904//1904
f 2692//2692 1904//1904 1867//1867
f 1867//1867 1904//1904 1868//1868
f 1870//1870 1869//1869 1903//1903
f 1903//1903 1869//1869 1904//1904
f 1903//1903 1904//1904 2723//2723
f 2723//2723 1904//1904 2722//2722
f 2723//2723 2722//2722 2724//2724
f 2724//2724 2722//2722 2721//2721
f 2724//2724 2721//2721 2725//2725
f 2725//2725 2721//2721 2720//2720
f 2725//2725 2720//2720 2726//2726
f 2726//2726 2720//2720 2719//2719
f 2726//2726 2719//2719 2727//2727
f 2727//2727 2719//2719 2718//2718
f 2727//2727 2718//2718 2728//2728
f 2728//2728 2718//2718 2717//2717
f 2728//2728 2717//2717 2729//2729
f 2729//2729 2717//2717 2716//2716
f 2729//2729 2716//2716 2730//2730
f 2730//2730 2716//2716 2715//2715
f 2730//2730 2715//2715 2731//2731
f 2731//2731 2715//2715 2714//2714
f 2731//2731 2714//2714 2732//2732
f 2732//2732 2714//2714 2713//2713
f 2732//2732 2713//2713 2733//2733
f 2733//2733 2713//2713 2712//2712
f 2733//2733 2712//2712 2734//2734
f 2734//2734 2712//2712 2711//2711
f 2734//2734 2711//2711 2735//2735
f 2735//2735 2711//2711 2710//2710
f 2735//2735 2710//2710 2736//2736
f 2736//2736 2710//2710 2709//2709
f 1872//1872 1871//1871 1902//1902
f 1902//1902 1871//1871 1903//1903
f 1902//1902 1903//1903 2737//2737
f 2737//2737 1903//1903 2723//2723
f 2737//2737 2723//2723 2738//2738
f 2738//2738 2723//2723 2724//2724
f 2738//2738 2724//2724 2739//2739
f 2739//2739 2724//2724 2725//2725
f 2739//2739 2725//2725 2740//2740
f 2740//2740 2725//2725 2726//2726
f 2740//2740 2726//2726 2741//2741
f 2741//2741 2726//2726 2727//2727
f 2741//2741 2727//2727 2742//2742
f 2742//2742 2727//2727 2728//2728
f 2742//2742 2728//2728 2743//2743
f 2743//2743 2728//2728 2729//2729
f 2743//2743 2729//2729 2744//2744
f 2744//2744 2729//2729 2730//2730
f 2744//2744 2730//2730 2745//2745
f 2745//2745 2730//2730 2731//2731
f 2745//2745 2731//2731 2746//2746
f 2746//2746 2731//2731 2732//2732
f 2746//2746 2732//2732 2747//2747
f 2747//2747 2732//2732 2733//2733
f 2747//2747 2733//2733 2748//2748
f 2748//2748 2733//2733 2734//2734
f 2748//2748 2734//2734 2749//2749
f 2749//2749 2734//2734 2735//2735
f 2749//2749 2735//2735 2750//2750
f 2750//2750 2735//2735 2736//2736
f 1862//1862 1873//1873 2751//2751
f 2751//2751 1873//1873 1902//1902
f 2751//2751 1902//1902 2752//2752
f 2752//2752 1902//1902 2737//2737
f 2752//2752 2737//2737 2753//2753
f 2753//2753 2737//2737 2738//2738
f 2753//2753 2738//2738 2754//2754
f 2754//2754 2738//2738 2739//2739
f 2754//2754 2739//2739 2755//2755
f 2755//2755 2739//2739 2740//2740
f 2755//2755 2740//2740 2756//2756
f 2756//2756 2740//2740 2741//2741
f 2756//2756 2741//2741 2757//2757
f 2757//2757 2741//2741 2742//2742
f 2757//2757 2742//2742 2758//2758
f 2758//2758 2742//2742 2743//2743
f 2758//2758 2743//2743 2759//2759
f 2759//2759 2743//2743 2744//2744
f 2759//2759 2744//2744 2760//2760
f 2760//2760 2744//2744 2745//2745
f 2760//2760 2745//2745 2761//2761
f 2761//2761 2745//2745 2746//2746
f 2761//2761 2746//2746 2762//2762
f 2762//2762 2746//2746 2747//2747
f 2762//2762 2747//2747 2763//2763
f 2763//2763 2747//2747 2748//2748
f 2763//2763 2748//2748 2764//2764
f 2764//2764 2748//2748 2749//2749
f 2764//2764 2749//2749 1951//1951
f 1951//1951 2749//2749 2750//2750
f 1951//1951 2750//2750 2014//2014
f 2014//2014 2750//2750 2736//2736
f 2014//2014 2736//2736 2765//2765
f 2765//2765 2736//2736 2709//2709
f 2765//2765 2709//2709 2766//2766
f 2766//2766 2709//2709 2708//2708
f 1950//1950 2310//2310 1951//1951
f 1951//1951 2310//2310 2311//2311
f 1951//1951 2311//2311 2764//2764
f 2764//2764 2311//2311 2312//2312
f 2764//2764 2312//2312 2763//2763
f 2763//2763 2312//2312 2314//2314
f 2763//2763 2314//2314 2762//2762
f 2762//2762 2314//2314 2316//2316
f 2762//2762 2316//2316 2761//2761
f 2761//2761 2316//2316 2318//2318
f 2761//2761 2318//2318 2760//2760
f 2760//2760 2318//2318 2320//2320
f 2760//2760 2320//2320 2759//2759
f 2759//2759 2320//2320 2322//2322
f 2759//2759 2322//2322 2758//2758
f 2758//2758 2322//2322 2324//2324
f 2758//2758 2324//2324 2757//2757
f 2757//2757 2324//2324 2326//2326
f 2757//2757 2326//2326 2756//2756
f 2756//2756 2326//2326 2328//2328
f 2756//2756 2328//2328 2755//2755
f 2755//2755 2328//2328 2330//2330
f 2755//2755 2330//2330 2754//2754
f 2754//2754 2330//2330 2332//2332
f 2754//2754 2332//2332 2753//2753
f 2753//2753 2332//2332 2334//2334
f 2753//2753 2334//2334 2752//2752
f 2752//2752 2334//2334 2336//2336
f 2752//2752 2336//2336 2751//2751
f 2751//2751 2336//2336 2338//2338
f 2751//2751 2338//2338 1862//1862
f 1862//1862 2338//2338 1863//1863
f 1901//1901 1865//1865 2338//2338
f 2338//2338 1865//1865 1864//1864
f 2338//2338 1864//1864 1863//1863
f 1857//1857 1866//1866 2767//2767
f 2767//2767 1866//1866 1901//1901
f 2767//2767 1901//1901 2768//2768
f 2768//2768 1901//1901 2337//2337
f 2768//2768 2337//2337 2769//2769
f 2769//2769 2337//2337 2335//2335
f 2769//2769 2335//2335 2770//2770
f 2770//2770 2335//2335 2333//2333
f 2770//2770 2333//2333 2771//2771
f 2771//2771 2333//2333 2331//2331
f 2771//2771 2331//2331 2772//2772
f 2772//2772 2331//2331 2329//2329
f 2772//2772 2329//2329 2773//2773
f 2773//2773 2329//2329 2327//2327
f 2773//2773 2327//2327 2774//2774
f 2774//2774 2327//2327 2325//2325
f 2774//2774 2325//2325 2775//2775
f 2775//2775 2325//2325 2323//2323
f 2775//2775 2323//2323 2776//2776
f 2776//2776 2323//2323 2321//2321
f 2776//2776 2321//2321 2777//2777
f 2777//2777 2321//2321 2319//2319
f 2777//2777 2319//2319 2778//2778
f 2778//2778 2319//2319 2317//2317
f 2778//2778 2317//2317 2779//2779
f 2779//2779 2317//2317 2315//2315
f 2779//2779 2315//2315 2780//2780
f 2780//2780 2315//2315 2313//2313
f 2780//2780 2313//2313 1945//1945
f 1945//1945 2313//2313 1948//1948
f 1945//1945 1948//1948 1943//1943
f 1943//1943 1948//1948 1947//1947
f 1944//1944 2781//2781 1945//1945
f 1945//1945 2781//2781 2782//2782
f 1945//1945 2782//2782 2780//2780
f 2780//2780 2782//2782 2783//2783
f 2780//2780 2783//2783 2779//2779
f 2779//2779 2783//2783 2784//2784
f 2779//2779 2784//2784 2778//2778
f 2778//2778 2784//2784 2785//2785
f 2778//2778 2785//2785 2777//2777
f 2777//2777 2785//2785 2786//2786
f 2777//2777 2786//2786 2776//2776
f 2776//2776 2786//2786 2787//2787
f 2776//2776 2787//2787 2775//2775
f 2775//2775 2787//2787 2788//2788
f 2775//2775 2788//2788 2774//2774
f 2774//2774 2788//2788 2789//2789
f 2774//2774 2789//2789 2773//2773
f 2773//2773 2789//2789 2790//2790
f 2773//2773 2790//2790 2772//2772
f 2772//2772 2790//2790 2791//2791
f 2772//2772 2791//2791 2771//2771
f 2771//2771 2791//2791 2792//2792
f 2771//2771 2792//2792 2770//2770
f 2770//2770 2792//2792 2793//2793
f 2770//2770 2793//2793 2769//2769
f 2769//2769 2793//2793 2794//2794
f 2769//2769 2794//2794 2768//2768
f 2768//2768 2794//2794 2795//2795
f 2768//2768 2795//2795 2767//2767
f 2767//2767 2795//2795 1900//1900
f 2767//2767 1900//1900 1857//1857
f 1857//1857 1900//1900 1858//1858
f 1860//1860 1859//1859 1899//1899
f 1899//1899 1859//1859 1900//1900
f 1899//1899 1900//1900 2796//2796
f 2796//2796 1900//1900 2795//2795
f 2796//2796 2795//2795 2797//2797
f 2797//2797 2795//2795 2794//2794
f 2797//2797 2794//2794 2798//2798
f 2798//2798 2794//2794 2793//2793
f 2798//2798 2793//2793 2799//2799
f 2799//2799 2793//2793 2792//2792
f 2799//2799 2792//2792 2800//2800
f 2800//2800 2792//2792 2791//2791
f 2800//2800 2791//2791 2801//2801
f 2801//2801 2791//2791 2790//2790
f 2801//2801 2790//2790 2802//2802
f 2802//2802 2790//2790 2789//2789
f 2802//2802 2789//2789 2803//2803
f 2803//2803 2789//2789 2788//2788
f 2803//2803 2788//2788 2804//2804
f 2804//2804 2788//2788 2787//2787
f 2804//2804 2787//2787 2805//2805
f 2805//2805 2787//2787 2786//2786
f 2805//2805 2786//2786 2806//2806
f 2806//2806 2786//2786 2785//2785
f 2806//2806 2785//2785 2807//2807
f 2807//2807 2785//2785 2784//2784
f 2807//2807 2784//2784 2808//2808
f 2808//2808 2784//2784 2783//2783
f 2808//2808 2783//2783 2809//2809
f 2809//2809 2783//2783 2782//2782
f 2809//2809 2782//2782 2810//2810
f 2810//2810 2782//2782 2781//2781
f 1850//1850 1861//1861 2811//2811
f 2811//2811 1861//1861 1899//1899
f 2811//2811 1899//1899 2812//2812
f 2812//2812 1899//1899 2796//2796
f 2812//2812 2796//2796 2813//2813
f 2813//2813 2796//2796 2797//2797
f 2813//2813 2797//2797 2814//2814
f 2814//2814 2797//2797 2798//2798
f 2814//2814 2798//2798 2815//2815
f 2815//2815 2798//2798 2799//2799
f 2815//2815 2799//2799 2816//2816
f 2816//2816 2799//2799 2800//2800
f 2816//2816 2800//2800 2817//2817
f 2817//2817 2800//2800 2801//2801
f 2817//2817 2801//2801 2818//2818
f 2818//2818 2801//2801 2802//2802
f 2818//2818 2802//2802 2819//2819
f 2819//2819 2802//2802 2803//2803
f 2819//2819 2803//2803 2820//2820
f 2820//2820 2803//2803 2804//2804
f 2820//2820 2804//2804 2821//2821
f 2821//2821 2804//2804 2805//2805
f 2821//2821 2805//2805 2822//2822
f 2822//2822 2805//2805 2806//2806
f 2822//2822 2806//2806 2823//2823
f 2823//2823 2806//2806 2807//2807
f 2823//2823 2807//2807 2824//2824
f 2824//2824 2807//2807 2808//2808
f 2824//2824 2808//2808 2825//2825
f 2825//2825 2808//2808 2809//2809
f 2825//2825 2826//2826 2824//2824
f 2824//2824 2826//2826 2827//2827
f 2824//2824 2827//2827 2823//2823
f 2823//2823 2827//2827 2828//2828
f 2823//2823 2828//2828 2822//2822
f 2822//2822 2828//2828 2829//2829
f 2822//2822 2829//2829 2821//2821
f 2821//2821 2829//2829 2830//2830
f 2821//2821 2830//2830 2820//2820
f 2820//2820 2830//2830 2831//2831
f 2820//2820 2831//2831 2819//2819
f 2819//2819 2831//2831 2832//2832
f 2819//2819 2832//2832 2818//2818
f 2818//2818 2832//2832 2833//2833
f 2818//2818 2833//2833 2817//2817
f 2817//2817 2833//2833 2834//2834
f 2817//2817 2834//2834 2816//2816
f 2816//2816 2834//2834 2835//2835
f 2816//2816 2835//2835 2815//2815
f 2815//2815 2835//2835 2836//2836
f 2815//2815 2836//2836 2814//2814
f 2814//2814 2836//2836 2837//2837
f 2814//2814 2837//2837 2813//2813
f 2813//2813 2837//2837 2838//2838
f 2813//2813 2838//2838 2812//2812
f 2812//2812 2838//2838 2839//2839
f 2812//2812 2839//2839 2811//2811
f 2811//2811 2839//2839 1898//1898
f 2811//2811 1898//1898 1850//1850
f 1850//1850 1898//1898 1851//1851
f 1853//1853 1852//1852 2367//2367
f 2367//2367 1852//1852 1898//1898
f 2367//2367 1898//1898 2365//2365
f 2365//2365 1898//1898 2839//2839
f 2365//2365 2839//2839 2363//2363
f 2363//2363 2839//2839 2838//2838
f 2363//2363 2838//2838 2361//2361
f 2361//2361 2838//2838 2837//2837
f 2361//2361 2837//2837 2359//2359
f 2359//2359 2837//2837 2836//2836
f 2359//2359 2836//2836 2357//2357
f 2357//2357 2836//2836 2835//2835
f 2357//2357 2835//2835 2355//2355
f 2355//2355 2835//2835 2834//2834
f 2355//2355 2834//2834 2353//2353
f 2353//2353 2834//2834 2833//2833
f 2353//2353 2833//2833 2351//2351
f 2351//2351 2833//2833 2832//2832
f 2351//2351 2832//2832 2349//2349
f 2349//2349 2832//2832 2831//2831
f 2349//2349 2831//2831 2347//2347
f 2347//2347 2831//2831 2830//2830
f 2347//2347 2830//2830 2345//2345
f 2345//2345 2830//2830 2829//2829
f 2345//2345 2829//2829 2343//2343
f 2343//2343 2829//2829 2828//2828
f 2343//2343 2828//2828 2341//2341
f 2341//2341 2828//2828 2827//2827
f 2341//2341 2827//2827 1942//1942
f 1942//1942 2827//2827 2826//2826
f 1942//1942 2826//2826 2015//2015
f 2015//2015 2826//2826 2825//2825
f 2015//2015 2825//2825 2840//2840
f 2840//2840 2825//2825 2809//2809
f 2840//2840 2809//2809 2841//2841
f 2841//2841 2809//2809 2810//2810
f 1897//1897 1855//1855 2367//2367
f 2367//2367 1855//1855 1854//1854
f 2367//2367 1854//1854 1853//1853
f 1845//1845 1856//1856 2842//2842
f 2842//2842 1856//1856 1897//1897
f 2842//2842 1897//1897 2843//2843
f 2843//2843 1897//1897 2366//2366
f 2843//2843 2366//2366 2844//2844
f 2844//2844 2366//2366 2364//2364
f 2844//2844 2364//2364 2845//2845
f 2845//2845 2364//2364 2362//2362
f 2845//2845 2362//2362 2846//2846
f 2846//2846 2362//2362 2360//2360
f 2846//2846 2360//2360 2847//2847
f 2847//2847 2360//2360 2358//2358
f 2847//2847 2358//2358 2848//2848
f 2848//2848 2358//2358 2356//2356
f 2848//2848 2356//2356 2849//2849
f 2849//2849 2356//2356 2354//2354
f 2849//2849 2354//2354 2850//2850
f 2850//2850 2354//2354 2352//2352
f 2850//2850 2352//2352 2851//2851
f 2851//2851 2352//2352 2350//2350
f 2851//2851 2350//2350 2852//2852
f 2852//2852 2350//2350 2348//2348
f 2852//2852 2348//2348 2853//2853
f 2853//2853 2348//2348 2346//2346
f 2853//2853 2346//2346 2854//2854
f 2854//2854 2346//2346 2344//2344
f 2854//2854 2344//2344 2855//2855
f 2855//2855 2344//2344 2342//2342
f 2855//2855 2342//2342 1939//1939
f 1939//1939 2342//2342 2340//2340
f 1939//1939 2340//2340 1937//1937
f 1937//1937 2340//2340 2339//2339
f 1938//1938 1934//1934 1939//1939
f 1939//1939 1934//1934 1936//1936
f 1939//1939 1936//1936 2855//2855
f 2855//2855 1936//1936 2370//2370
f 2855//2855 2370//2370 2854//2854
f 2854//2854 2370//2370 2372//2372
f 2854//2854 2372//2372 2853//2853
f 2853//2853 2372//2372 2374//2374
f 2853//2853 2374//2374 2852//2852
f 2852//2852 2374//2374 2376//2376
f 2852//2852 2376//2376 2851//2851
f 2851//2851 2376//2376 2378//2378
f 2851//2851 2378//2378 2850//2850
f 2850//2850 2378//2378 2380//2380
f 2850//2850 2380//2380 2849//2849
f 2849//2849 2380//2380 2382//2382
f 2849//2849 2382//2382 2848//2848
f 2848//2848 2382//2382 2384//2384
f 2848//2848 2384//2384 2847//2847
f 2847//2847 2384//2384 2386//2386
f 2847//2847 2386//2386 2846//2846
f 2846//2846 2386//2386 2388//2388
f 2846//2846 2388//2388 2845//2845
f 2845//2845 2388//2388 2390//2390
f 2845//2845 2390//2390 2844//2844
f 2844//2844 2390//2390 2392//2392
f 2844//2844 2392//2392 2843//2843
f 2843//2843 2392//2392 2394//2394
f 2843//2843 2394//2394 2842//2842
f 2842//2842 2394//2394 2396//2396
f 2842//2842 2396//2396 1845//1845
f 1845//1845 2396//2396 1846//1846
f 1896//1896 1848//1848 2396//2396
f 2396//2396 1848//1848 1847//1847
f 2396//2396 1847//1847 1846//1846
f 1838//1838 1849//1849 2856//2856
f 2856//2856 1849//1849 1896//1896
f 2856//2856 1896//1896 2857//2857
f 2857//2857 1896//1896 2395//2395
f 2857//2857 2395//2395 2858//2858
f 2858//2858 2395//2395 2393//2393
f 2858//2858 2393//2393 2859//2859
f 2859//2859 2393//2393 2391//2391
f 2859//2859 2391//2391 2860//2860
f 2860//2860 2391//2391 2389//2389
f 2860//2860 2389//2389 2861//2861
f 2861//2861 2389//2389 2387//2387
f 2861//2861 2387//2387 2862//2862
f 2862//2862 2387//2387 2385//2385
f 2862//2862 2385//2385 2863//2863
f 2863//2863 2385//2385 2383//2383
f 2863//2863 2383//2383 2864//2864
f 2864//2864 2383//2383 2381//2381
f 2864//2864 2381//2381 2865//2865
f 2865//2865 2381//2381 2379//2379
f 2865//2865 2379//2379 2866//2866
f 2866//2866 2379//2379 2377//2377
f 2866//2866 2377//2377 2867//2867
f 2867//2867 2377//2377 2375//2375
f 2867//2867 2375//2375 2868//2868
f 2868//2868 2375//2375 2373//2373
f 2868//2868 2373//2373 2869//2869
f 2869//2869 2373//2373 2371//2371
f 2869//2869 2371//2371 2870//2870
f 2870//2870 2371//2371 2369//2369
f 2870//2870 2369//2369 2871//2871
f 2871//2871 2369//2369 2368//2368
f 2870//2870 2872//2872 2869//2869
f 2869//2869 2872//2872 2873//2873
f 2869//2869 2873//2873 2868//2868
f 2868//2868 2873//2873 2874//2874
f 2868//2868 2874//2874 2867//2867
f 2867//2867 2874//2874 2875//2875
f 2867//2867 2875//2875 2866//2866
f 2866//2866 2875//2875 2876//2876
f 2866//2866 2876//2876 2865//2865
f 2865//2865 2876//2876 2877//2877
f 2865//2865 2877//2877 2864//2864
f 2864//2864 2877//2877 2878//2878
f 2864//2864 2878//2878 2863//2863
f 2863//2863 2878//2878 2879//2879
f 2863//2863 2879//2879 2862//2862
f 2862//2862 2879//2879 2880//2880
f 2862//2862 2880//2880 2861//2861
f 2861//2861 2880//2880 2881//2881
f 2861//2861 2881//2881 2860//2860
f 2860//2860 2881//2881 2882//2882
f 2860//2860 2882//2882 2859//2859
f 2859//2859 2882//2882 2883//2883
f 2859//2859 2883//2883 2858//2858
f 2858//2858 2883//2883 2884//2884
f 2858//2858 2884//2884 2857//2857
f 2857//2857 2884//2884 2885//2885
f 2857//2857 2885//2885 2856//2856
f 2856//2856 2885//2885 1895//1895
f 2856//2856 1895//1895 1838//1838
f 1838//1838 1895//1895 1839//1839
f 1841//1841 1840//1840 1894//1894
f 1894//1894 1840//1840 1895//1895
f 1894//1894 1895//1895 2886//2886
f 2886//2886 1895//1895 2885//2885
f 2886//2886 2885//2885 2887//2887
f 2887//2887 2885//2885 2884//2884
f 2887//2887 2884//2884 2888//2888
f 2888//2888 2884//2884 2883//2883
f 2888//2888 2883//2883 2889//2889
f 2889//2889 2883//2883 2882//2882
f 2889//2889 2882//2882 2890//2890
f 2890//2890 2882//2882 2881//2881
f 2890//2890 2881//2881 2891//2891
f 2891//2891 2881//2881 2880//2880
f 2891//2891 2880//2880 2892//2892
f 2892//2892 2880//2880 2879//2879
f 2892//2892 2879//2879 2893//2893
f 2893//2893 2879//2879 2878//2878
f 2893//2893 2878//2878 2894//2894
f 2894//2894 2878//2878 2877//2877
f 2894//2894 2877//2877 2895//2895
f 2895//2895 2877//2877 2876//2876
f 2895//2895 2876//2876 2896//2896
f 2896//2896 2876//2876 2875//2875
f 2896//2896 2875//2875 2897//2897
f 2897//2897 2875//2875 2874//2874
f 2897//2897 2874//2874 2898//2898
f 2898//2898 2874//2874 2873//2873
f 2898//2898 2873//2873 2899//2899
f 2899//2899 2873//2873 2872//2872
f 1843//1843 1842//1842 2900//2900
f 2900//2900 1842//1842 1894//1894
f 2900//2900 1894//1894 2901//2901
f 2901//2901 1894//1894 2886//2886
f 2901//2901 2886//2886 2902//2902
f 2902//2902 2886//2886 2887//2887
f 2902//2902 2887//2887 2903//2903
f 2903//2903 2887//2887 2888//2888
f 2903//2903 2888//2888 2904//2904
f 2904//2904 2888//2888 2889//2889
f 2904//2904 2889//2889 2905//2905
f 2905//2905 2889//2889 2890//2890
f 2905//2905 2890//2890 2906//2906
f 2906//2906 2890//2890 2891//2891
f 2906//2906 2891//2891 2907//2907
f 2907//2907 2891//2891 2892//2892
f 2907//2907 2892//2892 2908//2908
f 2908//2908 2892//2892 2893//2893
f 2908//2908 2893//2893 2909//2909
f 2909//2909 2893//2893 2894//2894
f 2909//2909 2894//2894 2910//2910
f 2910//2910 2894//2894 2895//2895
f 2910//2910 2895//2895 2911//2911
f 2911//2911 2895//2895 2896//2896
f 2911//2911 2896//2896 2912//2912
f 2912//2912 2896//2896 2897//2897
f 2912//2912 2897//2897 2913//2913
f 2913//2913 2897//2897 2898//2898
f 2913//2913 2898//2898 1933//1933
f 1933//1933 2898//2898 2899//2899
f 1933//1933 2899//2899 2016//2016
f 2016//2016 2899//2899 2872//2872
f 2016//2016 2872//2872 2914//2914
f 2914//2914 2872//2872 2870//2870
f 2914//2914 2870//2870 2915//2915
f 2915//2915 2870//2870 2871//2871
f 1932//1932 2916//2916 1933//1933
f 1933//1933 2916//2916 2917//2917
f 1933//1933 2917//2917 2913//2913
f 2913//2913 2917//2917 2918//2918
f 2913//2913 2918//2918 2912//2912
f 2912//2912 2918//2918 2919//2919
f 2912//2912 2919//2919 2911//2911
f 2911//2911 2919//2919 2920//2920
f 2911//2911 2920//2920 2910//2910
f 2910//2910 2920//2920 2921//2921
f 2910//2910 2921//2921 2909//2909
f 2909//2909 2921//2921 2922//2922
f 2909//2909 2922//2922 2908//2908
f 2908//2908 2922//2922 2923//2923
f 2908//2908 2923//2923 2907//2907
f 2907//2907 2923//2923 2924//2924
f 2907//2907 2924//2924 2906//2906
f 2906//2906 2924//2924 2925//2925
f 2906//2906 2925//2925 2905//2905
f 2905//2905 2925//2925 2926//2926
f 2905//2905 2926//2926 2904//2904
f 2904//2904 2926//2926 2927//2927
f 2904//2904 2927//2927 2903//2903
f 2903//2903 2927//2927 2928//2928
f 2903//2903 2928//2928 2902//2902
f 2902//2902 2928//2928 2929//2929
f 2902//2902 2929//2929 2901//2901
f 2901//2901 2929//2929 2930//2930
f 2901//2901 2930//2930 2900//2900
f 2900//2900 2930//2930 1893//1893
f 2900//2900 1893//1893 1843//1843
f 1843//1843 1893//1893 1844//1844
f 1834//1834 1833//1833 2423//2423
f 2423//2423 1833//1833 1893//1893
f 2423//2423 1893//1893 2421//2421
f 2421//2421 1893//1893 2930//2930
f 2421//2421 2930//2930 2419//2419
f 2419//2419 2930//2930 2929//2929
f 2419//2419 2929//2929 2417//2417
f 2417//2417 2929//2929 2928//2928
f 2417//2417 2928//2928 2415//2415
f 2415//2415 2928//2928 2927//2927
f 2415//2415 2927//2927 2413//2413
f 2413//2413 2927//2927 2926//2926
f 2413//2413 2926//2926 2411//2411
f 2411//2411 2926//2926 2925//2925
f 2411//2411 2925//2925 2409//2409
f 2409//2409 2925//2925 2924//2924
f 2409//2409 2924//2924 2407//2407
f 2407//2407 2924//2924 2923//2923
f 2407//2407 2923//2923 2405//2405
f 2405//2405 2923//2923 2922//2922
f 2405//2405 2922//2922 2403//2403
f 2403//2403 2922//2922 2921//2921
f 2403//2403 2921//2921 2401//2401
f 2401//2401 2921//2921 2920//2920
f 2401//2401 2920//2920 2399//2399
f 2399//2399 2920//2920 2919//2919
f 2399//2399 2919//2919 2397//2397
f 2397//2397 2919//2919 2918//2918
f 2397//2397 2918//2918 1930//1930
f 1930//1930 2918//2918 2917//2917
f 1930//1930 2917//2917 1928//1928
f 1928//1928 2917//2917 2916//2916
f 1892//1892 1836//1836 2423//2423
f 2423//2423 1836//1836 1835//1835
f 2423//2423 1835//1835 1834//1834
f 1828//1828 1837//1837 2931//2931
f 2931//2931 1837//1837 1892//1892
f 2931//2931 1892//1892 2932//2932
f 2932//2932 1892//1892 2422//2422
f 2932//2932 2422//2422 2933//2933
f 2933//2933 2422//2422 2420//2420
f 2933//2933 2420//2420 2934//2934
f 2934//2934 2420//2420 2418//2418
f 2934//2934 2418//2418 2935//2935
f 2935//2935 2418//2418 2416//2416
f 2935//2935 2416//2416 2936//2936
f 2936//2936 2416//2416 2414//2414
f 2936//2936 2414//2414 2937//2937
f 2937//2937 2414//2414 2412//2412
f 2937//2937 2412//2412 2938//2938
f 2938//2938 2412//2412 2410//2410
f 2938//2938 2410//2410 2939//2939
f 2939//2939 2410//2410 2408//2408
f 2939//2939 2408//2408 2940//2940
f 2940//2940 2408//2408 2406//2406
f 2940//2940 2406//2406 2941//2941
f 2941//2941 2406//2406 2404//2404
f 2941//2941 2404//2404 2942//2942
f 2942//2942 2404//2404 2402//2402
f 2942//2942 2402//2402 2943//2943
f 2943//2943 2402//2402 2400//2400
f 2943//2943 2400//2400 2944//2944
f 2944//2944 2400//2400 2398//2398
f 2944//2944 2398//2398 2945//2945
f 2945//2945 2398//2398 1927//1927
f 2945//2945 1927//1927 2946//2946
f 2946//2946 1927//1927 1926//1926
f 2946//2946 1922//1922 2945//2945
f 2945//2945 1922//1922 1924//1924
f 2945//2945 1924//1924 2944//2944
f 2944//2944 1924//1924 2115//2115
f 2944//2944 2115//2115 2943//2943
f 2943//2943 2115//2115 2116//2116
f 2943//2943 2116//2116 2942//2942
f 2942//2942 2116//2116 2117//2117
f 2942//2942 2117//2117 2941//2941
f 2941//2941 2117//2117 2118//2118
f 2941//2941 2118//2118 2940//2940
f 2940//2940 2118//2118 2119//2119
f 2940//2940 2119//2119 2939//2939
f 2939//2939 2119//2119 2120//2120
f 2939//2939 2120//2120 2938//2938
f 2938//2938 2120//2120 2121//2121
f 2938//2938 2121//2121 2937//2937
f 2937//2937 2121//2121 2122//2122
f 2937//2937 2122//2122 2936//2936
f 2936//2936 2122//2122 2123//2123
f 2936//2936 2123//2123 2935//2935
f 2935//2935 2123//2123 2124//2124
f 2935//2935 2124//2124 2934//2934
f 2934//2934 2124//2124 2125//2125
f 2934//2934 2125//2125 2933//2933
f 2933//2933 2125//2125 2126//2126
f 2933//2933 2126//2126 2932//2932
f 2932//2932 2126//2126 2127//2127
f 2932//2932 2127//2127 2931//2931
f 2931//2931 2127//2127 1891//1891
f 2931//2931 1891//1891 1828//1828
f 1828//1828 1891//1891 1829//1829
f 1984//1984 2496//2496 1982//1982
f 1982//1982 2496//2496 2482//2482
f 1982//1982 2482//2482 2099//2099
f 2099//2099 2482//2482 2469//2469
f 2099//2099 2469//2469 2098//2098
f 2098//2098 2469//2469 2457//2457
f 2098//2098 2457//2457 2097//2097
f 2097//2097 2457//2457 2167//2167
f 2097//2097 2167//2167 2096//2096
f 2096//2096 2167//2167 2166//2166
f 2096//2096 2166//2166 2095//2095
f 2095//2095 2166//2166 2445//2445
f 2095//2095 2445//2445 2094//2094
f 2094//2094 2445//2445 2147//2147
f 2094//2094 2147//2147 2093//2093
f 2093//2093 2147//2147 2146//2146
f 2093//2093 2146//2146 2092//2092
f 2092//2092 2146//2146 2436//2436
f 2092//2092 2436//2436 2091//2091
f 2091//2091 2436//2436 2430//2430
f 2091//2091 2430//2430 2090//2090
f 2090//2090 2430//2430 2426//2426
f 2090//2090 2426//2426 2089//2089
f 2089//2089 2426//2426 2133//2133
f 2089//2089 2133//2133 2088//2088
f 2088//2088 2133//2133 2128//2128
f 2088//2088 2128//2128 2114//2114
f 2114//2114 2128//2128 2130//2130
f 2114//2114 2130//2130 1891//1891
f 1891//1891 2130//2130 1831//1831
f 1891//1891 1831//1831 1830//1830
f 2002//2002 2947//2947 2948//2948
f 2002//2002 2948//2948 2033//2033
f 2033//2033 2948//2948 2949//2949
f 2033//2033 2949//2949 1995//1995
f 1995//1995 2949//2949 2950//2950
f 1995//1995 2950//2950 1996//1996
f 1996//1996 2950//2950 2951//2951
f 1996//1996 2951//2951 1992//1992
f 1992//1992 2951//2951 2952//2952
f 1992//1992 2952//2952 1993//1993
f 1993//1993 2952//2952 2953//2953
f 1993//1993 2953//2953 2019//2019
f 2019//2019 2953//2953 2954//2954
f 2019//2019 2954//2954 1989//1989
f 1989//1989 2954//2954 2955//2955
f 1989//1989 2955//2955 1990//1990
f 1990//1990 2955//2955 2956//2956
f 1990//1990 2956//2956 2003//2003
f 2956//2956 2957//2957 2003//2003
f 2003//2003 2957//2957 2958//2958
f 2003//2003 2958//2958 2004//2004
f 2004//2004 2958//2958 2959//2959
f 2004//2004 2959//2959 1988//1988
f 1988//1988 2959//2959 2960//2960
f 1988//1988 2960//2960 1986//1986
f 1986//1986 2960//2960 2961//2961
f 1986//1986 2961//2961 1987//1987
f 1987//1987 2961//2961 2962//2962
f 1987//1987 2962//2962 2076//2076
f 2076//2076 2962//2962 2009//2009
f 2009//2009 2962//2962 2963//2963
f 2009//2009 2963//2963 2010//2010
f 2010//2010 2963//2963 2964//2964
f 2010//2010 2964//2964 1983//1983
f 1983//1983 2964//2964 2965//2965
f 1983//1983 2965//2965 1984//1984
f 1984//1984 2965//2965 2966//2966
f 1984//1984 2966//2966 2512//2512
f 2512//2512 2966//2966 2967//2967
f 2512//2512 2967//2967 2528//2528
f 2528//2528 2967//2967 2968//2968
f 2528//2528 2968//2968 2527//2527
f 2968//2968 2969//2969 2527//2527
f 2527//2527 2969//2969 2970//2970
f 2527//2527 2970//2970 2011//2011
f 2011//2011 2970//2970 2971//2971
f 2011//2011 2971//2971 1979//1979
f 1979//1979 2971//2971 2972//2972
f 1979//1979 2972//2972 1980//1980
f 1980//1980 2972//2972 2973//2973
f 1980//1980 2973//2973 2529//2529
f 2529//2529 2973//2973 2974//2974
f 2529//2529 2974//2974 1976//1976
f 1976//1976 2974//2974 2975//2975
f 1976//1976 2975//2975 1977//1977
f 1977//1977 2975//2975 2976//2976
f 1977//1977 2976//2976 1973//1973
f 1973//1973 2976//2976 2977//2977
f 1973//1973 2977//2977 1974//1974
f 1974//1974 2977//2977 2978//2978
f 1974//1974 2978//2978 2571//2571
f 2571//2571 2978//2978 2979//2979
f 2571//2571 2979//2979 2586//2586
f 2586//2586 2979//2979 2602//2602
f 2602//2602 2979//2979 2980//2980
f 2602//2602 2980//2980 2603//2603
f 2980//2980 2981//2981 2603//2603
f 2603//2603 2981//2981 2982//2982
f 2603//2603 2982//2982 2012//2012
f 2012//2012 2982//2982 2983//2983
f 2012//2012 2983//2983 1970//1970
f 1970//1970 2983//2983 2984//2984
f 1970//1970 2984//2984 1971//1971
f 1971//1971 2984//2984 2985//2985
f 1971//1971 2985//2985 2226//2226
f 2226//2226 2985//2985 2986//2986
f 2226//2226 2986//2986 1967//1967
f 1967//1967 2986//2986 2987//2987
f 1967//1967 2987//2987 1968//1968
f 1968//1968 2987//2987 2988//2988
f 1968//1968 2988//2988 1964//1964
f 1964//1964 2988//2988 2989//2989
f 1964//1964 2989//2989 1965//1965
f 1965//1965 2989//2989 2990//2990
f 1965//1965 2990//2990 2645//2645
f 2645//2645 2990//2990 2991//2991
f 2645//2645 2991//2991 1961//1961
f 1961//1961 2991//2991 1962//1962
f 2991//2991 2992//2992 1962//1962
f 1962//1962 2992//2992 2993//2993
f 1962//1962 2993//2993 2660//2660
f 2660//2660 2993//2993 2994//2994
f 2660//2660 2994//2994 2013//2013
f 2013//2013 2994//2994 2995//2995
f 2013//2013 2995//2995 1958//1958
f 1958//1958 2995//2995 1959//1959
f 1959//1959 2995//2995 2996//2996
f 1959//1959 2996//2996 2691//2691
f 2691//2691 2996//2996 2997//2997
f 2691//2691 2997//2997 1955//1955
f 1955//1955 2997//2997 2998//2998
f 1955//1955 2998//2998 1956//1956
f 1956//1956 2998//2998 2999//2999
f 1956//1956 2999//2999 1952//1952
f 1952//1952 2999//2999 3000//3000
f 1952//1952 3000//3000 1953//1953
f 1953//1953 3000//3000 3001//3001
f 1953//1953 3001//3001 2707//2707
f 2707//2707 3001//3001 3002//3002
f 2707//2707 3002//3002 2708//2708
f 2708//2708 3002//3002 3003//3003
f 2708//2708 3003//3003 2766//2766
f 2766//2766 3003//3003 3004//3004
f 2766//2766 3004//3004 2765//2765
f 3004//3004 3005//3005 2765//2765
f 2765//2765 3005//3005 3006//3006
f 2765//2765 3006//3006 2014//2014
f 2014//2014 3006//3006 3007//3007
f 2014//2014 3007//3007 1949//1949
f 1949//1949 3007//3007 3008//3008
f 1949//1949 3008//3008 1950//1950
f 1950//1950 3008//3008 3009//3009
f 1950//1950 3009//3009 2310//2310
f 2310//2310 3009//3009 3010//3010
f 2310//2310 3010//3010 1946//1946
f 1946//1946 3010//3010 1947//1947
f 1947//1947 3010//3010 3011//3011
f 1947//1947 3011//3011 1943//1943
f 1943//1943 3011//3011 3012//3012
f 1943//1943 3012//3012 1944//1944
f 1944//1944 3012//3012 3013//3013
f 1944//1944 3013//3013 2781//2781
f 2781//2781 3013//3013 3014//3014
f 2781//2781 3014//3014 2810//2810
f 2810//2810 3014//3014 3015//3015
f 2810//2810 3015//3015 2841//2841
f 2841//2841 3015//3015 3016//3016
f 2841//2841 3016//3016 2840//2840
f 3016//3016 3017//3017 2840//2840
f 2840//2840 3017//3017 3018//3018
f 2840//2840 3018//3018 2015//2015
f 2015//2015 3018//3018 3019//3019
f 2015//2015 3019//3019 1940//1940
f 1940//1940 3019//3019 3020//3020
f 1940//1940 3020//3020 1941//1941
f 1941//1941 3020//3020 3021//3021
f 1941//1941 3021//3021 2339//2339
f 2339//2339 3021//3021 3022//3022
f 2339//2339 3022//3022 1937//1937
f 1937//1937 3022//3022 3023//3023
f 1937//1937 3023//3023 1938//1938
f 1938//1938 3023//3023 3024//3024
f 1938//1938 3024//3024 1934//1934
f 1934//1934 3024//3024 3025//3025
f 1934//1934 3025//3025 1935//1935
f 1935//1935 3025//3025 3026//3026
f 1935//1935 3026//3026 2368//2368
f 2368//2368 3026//3026 3027//3027
f 2368//2368 3027//3027 2871//2871
f 2871//2871 3027//3027 2915//2915
f 2915//2915 3027//3027 3028//3028
f 2915//2915 3028//3028 2914//2914
f 3028//3028 3029//3029 2914//2914
f 2914//2914 3029//3029 3030//3030
f 2914//2914 3030//3030 2016//2016
f 2016//2016 3030//3030 3031//3031
f 2016//2016 3031//3031 1931//1931
f 1931//1931 3031//3031 3032//3032
f 1931//1931 3032//3032 1932//1932
f 1932//1932 3032//3032 3033//3033
f 1932//1932 3033//3033 2916//2916
f 2916//2916 3033//3033 3034//3034
f 2916//2916 3034//3034 1928//1928
f 1928//1928 3034//3034 3035//3035
f 1928//1928 3035//3035 1929//1929
f 1929//1929 3035//3035 3036//3036
f 1929//1929 3036//3036 1925//1925
f 1925//1925 3036//3036 3037//3037
f 1925//1925 3037//3037 1926//1926
f 1926//1926 3037//3037 3038//3038
f 1926//1926 3038//3038 2946//2946
f 2946//2946 3038//3038 3039//3039
f 2946//2946 3039//3039 1922//1922
f 1922//1922 3039//3039 1923//1923
f 2002//2002 2001//2001 2947//2947
f 2947//2947 2001//2001 1999//1999
f 2947//2947 1999//1999 3040//3040
f 3040//3040 1999//1999 2100//2100
f 3040//3040 2100//2100 3041//3041
f 3041//3041 2100//2100 1923//1923
f 3041//3041 1923//1923 3042//3042
f 3042//3042 1923//1923 3039//3039
f 3039//3039 3038//3038 3043//3043
f 3034//3034 3033//3033 3044//3044
f 3029//3029 3028//3028 3045//3045
f 3027//3027 3026//3026 3046//3046
f 3024//3024 3023//3023 3047//3047
f 3022//3022 3021//3021 3048//3048
f 3019//3019 3018//3018 3049//3049
f 3017//3017 3016//3016 3050//3050
f 3012//3012 3011//3011 3051//3051
f 3007//3007 3006//3006 3052//3052
f 3002//3002 3001//3001 3053//3053
f 3000//3000 2999//2999 3054//3054
f 2997//2997 2996//2996 3055//3055
f 2995//2995 2994//2994 3056//3056
f 2991//2991 2990//2990 3057//3057
f 2986//2986 2985//2985 3058//3058
f 2981//2981 2980//2980 3059//3059
f 2979//2979 2978//2978 3060//3060
f 2976//2976 2975//2975 3061//3061
f 2974//2974 2973//2973 3062//3062
f 2971//2971 2970//2970 3063//3063
f 2969//2969 2968//2968 3064//3064
f 2964//2964 2963//2963 3065//3065
f 2959//2959 2958//2958 3066//3066
f 2954//2954 2953//2953 3067//3067
f 2952//2952 2951//2951 3068//3068
f 2949//2949 2948//2948 3069//3069
f 2947//2947 3040//3040 3070//3070
f 3071//3071 3072//3072 3073//3073
f 3073//3073 3072//3072 3074//3074
f 3073//3073 3074//3074 3075//3075
f 3075//3075 3074//3074 3076//3076
f 3075//3075 3076//3076 3077//3077
f 3077//3077 3076//3076 3078//3078
f 3077//3077 3078//3078 3079//3079
f 3079//3079 3078//3078 3080//3080
f 3079//3079 3080//3080 3081//3081
f 3081//3081 3080//3080 3082//3082
f 3081//3081 3082//3082 3083//3083
f 3083//3083 3082//3082 3084//3084
f 3083//3083 3084//3084 3085//3085
f 3085//3085 3084//3084 3086//3086
f 3085//3085 3086//3086 3087//3087
f 3087//3087 3086//3086 3088//3088
f 3087//3087 3088//3088 3089//3089
f 3089//3089 3088//3088 3090//3090
f 3089//3089 3090//3090 3091//3091
f 3091//3091 3090//3090 3092//3092
f 3091//3091 3092//3092 3093//3093
f 3093//3093 3092//3092 3094//3094
f 3093//3093 3094//3094 3095//3095
f 3095//3095 3094//3094 3096//3096
f 3095//3095 3096//3096 3097//3097
f 3097//3097 3096//3096 3098//3098
f 3097//3097 3098//3098 3099//3099
f 3099//3099 3098//3098 3100//3100
f 3099//3099 3100//3100 3101//3101
f 3101//3101 3100//3100 3102//3102
f 3101//3101 3102//3102 3103//3103
f 3103//3103 3102//3102 3104//3104
f 3103//3103 3104//3104 3105//3105
f 3105//3105 3104//3104 3106//3106
f 3105//3105 3106//3106 3107//3107
f 3107//3107 3106//3106 3066//3066
f 3108//3108 3109//3109 3110//3110
f 3110//3110 3109//3109 3111//3111
f 3110//3110 3111//3111 3112//3112
f 3112//3112 3111//3111 3113//3113
f 3112//3112 3113//3113 3114//3114
f 3114//3114 3113//3113 3115//3115
f 3114//3114 3115//3115 3116//3116
f 3116//3116 3115//3115 3117//3117
f 3116//3116 3117//3117 3118//3118
f 3118//3118 3117//3117 3119//3119
f 3118//3118 3119//3119 3120//3120
f 3120//3120 3119//3119 3121//3121
f 3120//3120 3121//3121 3122//3122
f 3122//3122 3121//3121 3123//3123
f 3122//3122 3123//3123 3124//3124
f 3124//3124 3123//3123 3125//3125
f 3124//3124 3125//3125 3126//3126
f 3126//3126 3125//3125 3127//3127
f 3126//3126 3127//3127 3128//3128
f 3128//3128 3127//3127 3129//3129
f 3128//3128 3129//3129 3130//3130
f 3130//3130 3129//3129 3131//3131
f 3130//3130 3131//3131 3132//3132
f 3132//3132 3131//3131 3133//3133
f 3132//3132 3133//3133 3134//3134
f 3134//3134 3133//3133 3135//3135
f 3134//3134 3135//3135 3136//3136
f 3136//3136 3135//3135 3137//3137
f 3136//3136 3137//3137 3138//3138
f 3138//3138 3137//3137 3139//3139
f 3138//3138 3139//3139 3140//3140
f 3140//3140 3139//3139 3141//3141
f 3140//3140 3141//3141 3142//3142
f 3142//3142 3141//3141 3143//3143
f 3142//3142 3143//3143 3144//3144
f 3144//3144 3143//3143 3065//3065
f 3145//3145 3146//3146 3147//3147
f 3147//3147 3146//3146 3148//3148
f 3147//3147 3148//3148 3149//3149
f 3149//3149 3148//3148 3150//3150
f 3149//3149 3150//3150 3151//3151
f 3151//3151 3150//3150 3152//3152
f 3151//3151 3152//3152 3153//3153
f 3153//3153 3152//3152 3154//3154
f 3153//3153 3154//3154 3155//3155
f 3155//3155 3154//3154 3156//3156
f 3155//3155 3156//3156 3157//3157
f 3157//3157 3156//3156 3158//3158
f 3157//3157 3158//3158 3159//3159
f 3159//3159 3158//3158 3160//3160
f 3159//3159 3160//3160 3161//3161
f 3161//3161 3160//3160 3162//3162
f 3161//3161 3162//3162 3163//3163
f 3163//3163 3162//3162 3164//3164
f 3163//3163 3164//3164 3165//3165
f 3165//3165 3164//3164 3166//3166
f 3165//3165 3166//3166 3167//3167
f 3167//3167 3166//3166 3168//3168
f 3167//3167 3168//3168 3169//3169
f 3169//3169 3168//3168 3170//3170
f 3169//3169 3170//3170 3171//3171
f 3171//3171 3170//3170 3172//3172
f 3171//3171 3172//3172 3173//3173
f 3173//3173 3172//3172 3174//3174
f 3173//3173 3174//3174 3175//3175
f 3175//3175 3174//3174 3176//3176
f 3175//3175 3176//3176 3177//3177
f 3177//3177 3176//3176 3178//3178
f 3177//3177 3178//3178 3179//3179
f 3179//3179 3178//3178 3180//3180
f 3179//3179 3180//3180 3181//3181
f 3181//3181 3180//3180 3064//3064
f 3182//3182 3183//3183 3184//3184
f 3184//3184 3183//3183 3185//3185
f 3184//3184 3185//3185 3186//3186
f 3186//3186 3185//3185 3187//3187
f 3186//3186 3187//3187 3188//3188
f 3188//3188 3187//3187 3189//3189
f 3188//3188 3189//3189 3190//3190
f 3190//3190 3189//3189 3191//3191
f 3190//3190 3191//3191 3192//3192
f 3192//3192 3191//3191 3193//3193
f 3192//3192 3193//3193 3194//3194
f 3194//3194 3193//3193 3195//3195
f 3194//3194 3195//3195 3196//3196
f 3196//3196 3195//3195 3197//3197
f 3196//3196 3197//3197 3198//3198
f 3198//3198 3197//3197 3199//3199
f 3198//3198 3199//3199 3200//3200
f 3200//3200 3199//3199 3201//3201
f 3200//3200 3201//3201 3202//3202
f 3202//3202 3201//3201 3203//3203
f 3202//3202 3203//3203 3204//3204
f 3204//3204 3203//3203 3205//3205
f 3204//3204 3205//3205 3206//3206
f 3206//3206 3205//3205 3207//3207
f 3206//3206 3207//3207 3208//3208
f 3208//3208 3207//3207 3209//3209
f 3208//3208 3209//3209 3210//3210
f 3210//3210 3209//3209 3211//3211
f 3210//3210 3211//3211 3212//3212
f 3212//3212 3211//3211 3213//3213
f 3212//3212 3213//3213 3214//3214
f 3214//3214 3213//3213 3215//3215
f 3214//3214 3215//3215 3216//3216
f 3216//3216 3215//3215 3217//3217
f 3216//3216 3217//3217 3218//3218
f 3218//3218 3217//3217 3058//3058
f 3219//3219 3220//3220 3221//3221
f 3221//3221 3220//3220 3222//3222
f 3221//3221 3222//3222 3223//3223
f 3223//3223 3222//3222 3224//3224
f 3223//3223 3224//3224 3225//3225
f 3225//3225 3224//3224 3226//3226
f 3225//3225 3226//3226 3227//3227
f 3227//3227 3226//3226 3228//3228
f 3227//3227 3228//3228 3229//3229
f 3229//3229 3228//3228 3230//3230
f 3229//3229 3230//3230 3231//3231
f 3231//3231 3230//3230 3232//3232
f 3231//3231 3232//3232 3233//3233
f 3233//3233 3232//3232 3234//3234
f 3233//3233 3234//3234 3235//3235
f 3235//3235 3234//3234 3236//3236
f 3235//3235 3236//3236 3237//3237
f 3237//3237 3236//3236 3238//3238
f 3237//3237 3238//3238 3239//3239
f 3239//3239 3238//3238 3240//3240
f 3239//3239 3240//3240 3241//3241
f 3241//3241 3240//3240 3242//3242
f 3241//3241 3242//3242 3243//3243
f 3243//3243 3242//3242 3244//3244
f 3243//3243 3244//3244 3245//3245
f 3245//3245 3244//3244 3246//3246
f 3245//3245 3246//3246 3247//3247
f 3247//3247 3246//3246 3248//3248
f 3247//3247 3248//3248 3249//3249
f 3249//3249 3248//3248 3250//3250
f 3249//3249 3250//3250 3251//3251
f 3251//3251 3250//3250 3252//3252
f 3251//3251 3252//3252 3253//3253
f 3253//3253 3252//3252 3254//3254
f 3253//3253 3254//3254 3255//3255
f 3255//3255 3254//3254 3057//3057
f 3256//3256 3257//3257 3258//3258
f 3258//3258 3257//3257 3259//3259
f 3258//3258 3259//3259 3260//3260
f 3260//3260 3259//3259 3261//3261
f 3260//3260 3261//3261 3262//3262
f 3262//3262 3261//3261 3263//3263
f 3262//3262 3263//3263 3264//3264
f 3264//3264 3263//3263 3265//3265
f 3264//3264 3265//3265 3266//3266
f 3266//3266 3265//3265 3267//3267
f 3266//3266 3267//3267 3268//3268
f 3268//3268 3267//3267 3269//3269
f 3268//3268 3269//3269 3270//3270
f 3270//3270 3269//3269 3271//3271
f 3270//3270 3271//3271 3272//3272
f 3272//3272 3271//3271 3273//3273
f 3272//3272 3273//3273 3274//3274
f 3274//3274 3273//3273 3275//3275
f 3274//3274 3275//3275 3276//3276
f 3276//3276 3275//3275 3277//3277
f 3276//3276 3277//3277 3278//3278
f 3278//3278 3277//3277 3279//3279
f 3278//3278 3279//3279 3280//3280
f 3280//3280 3279//3279 3281//3281
f 3280//3280 3281//3281 3282//3282
f 3282//3282 3281//3281 3283//3283
f 3282//3282 3283//3283 3284//3284
f 3284//3284 3283//3283 3285//3285
f 3284//3284 3285//3285 3286//3286
f 3286//3286 3285//3285 3287//3287
f 3286//3286 3287//3287 3288//3288
f 3288//3288 3287//3287 3289//3289
f 3288//3288 3289//3289 3290//3290
f 3290//3290 3289//3289 3291//3291
f 3290//3290 3291//3291 3292//3292
f 3292//3292 3291//3291 3052//3052
f 3293//3293 3294//3294 3295//3295
f 3295//3295 3294//3294 3296//3296
f 3295//3295 3296//3296 3297//3297
f 3297//3297 3296//3296 3298//3298
f 3297//3297 3298//3298 3299//3299
f 3299//3299 3298//3298 3300//3300
f 3299//3299 3300//3300 3301//3301
f 3301//3301 3300//3300 3302//3302
f 3301//3301 3302//3302 3303//3303
f 3303//3303 3302//3302 3304//3304
f 3303//3303 3304//3304 3305//3305
f 3305//3305 3304//3304 3306//3306
f 3305//3305 3306//3306 3307//3307
f 3307//3307 3306//3306 3308//3308
f 3307//3307 3308//3308 3309//3309
f 3309//3309 3308//3308 3310//3310
f 3309//3309 3310//3310 3311//3311
f 3311//3311 3310//3310 3312//3312
f 3311//3311 3312//3312 3313//3313
f 3313//3313 3312//3312 3314//3314
f 3313//3313 3314//3314 3315//3315
f 3315//3315 3314//3314 3316//3316
f 3315//3315 3316//3316 3317//3317
f 3317//3317 3316//3316 3318//3318
f 3317//3317 3318//3318 3319//3319
f 3319//3319 3318//3318 3320//3320
f 3319//3319 3320//3320 3321//3321
f 3321//3321 3320//3320 3322//3322
f 3321//3321 3322//3322 3323//3323
f 3323//3323 3322//3322 3324//3324
f 3323//3323 3324//3324 3325//3325
f 3325//3325 3324//3324 3326//3326
f 3325//3325 3326//3326 3327//3327
f 3327//3327 3326//3326 3328//3328
f 3327//3327 3328//3328 3329//3329
f 3329//3329 3328//3328 3051//3051
f 3330//3330 3331//3331 3332//3332
f 3332//3332 3331//3331 3333//3333
f 3332//3332 3333//3333 3334//3334
f 3334//3334 3333//3333 3335//3335
f 3334//3334 3335//3335 3336//3336
f 3336//3336 3335//3335 3337//3337
f 3336//3336 3337//3337 3338//3338
f 3338//3338 3337//3337 3339//3339
f 3338//3338 3339//3339 3340//3340
f 3340//3340 3339//3339 3341//3341
f 3340//3340 3341//3341 3342//3342
f 3342//3342 3341//3341 3343//3343
f 3342//3342 3343//3343 3344//3344
f 3344//3344 3343//3343 3345//3345
f 3344//3344 3345//3345 3346//3346
f 3346//3346 3345//3345 3347//3347
f 3346//3346 3347//3347 3348//3348
f 3348//3348 3347//3347 3349//3349
f 3348//3348 3349//3349 3350//3350
f 3350//3350 3349//3349 3351//3351
f 3350//3350 3351//3351 3352//3352
f 3352//3352 3351//3351 3353//3353
f 3352//3352 3353//3353 3354//3354
f 3354//3354 3353//3353 3355//3355
f 3354//3354 3355//3355 3356//3356
f 3356//3356 3355//3355 3357//3357
f 3356//3356 3357//3357 3358//3358
f 3358//3358 3357//3357 3359//3359
f 3358//3358 3359//3359 3360//3360
f 3360//3360 3359//3359 3361//3361
f 3360//3360 3361//3361 3362//3362
f 3362//3362 3361//3361 3363//3363
f 3362//3362 3363//3363 3364//3364
f 3364//3364 3363//3363 3365//3365
f 3364//3364 3365//3365 3366//3366
f 3366//3366 3365//3365 3050//3050
f 3367//3367 3368//3368 3369//3369
f 3369//3369 3368//3368 3370//3370
f 3369//3369 3370//3370 3371//3371
f 3371//3371 3370//3370 3372//3372
f 3371//3371 3372//3372 3373//3373
f 3373//3373 3372//3372 3374//3374
f 3373//3373 3374//3374 3375//3375
f 3375//3375 3374//3374 3376//3376
f 3375//3375 3376//3376 3377//3377
f 3377//3377 3376//3376 3378//3378
f 3377//3377 3378//3378 3379//3379
f 3379//3379 3378//3378 3380//3380
f 3379//3379 3380//3380 3381//3381
f 3381//3381 3380//3380 3382//3382
f 3381//3381 3382//3382 3383//3383
f 3383//3383 3382//3382 3384//3384
f 3383//3383 3384//3384 3385//3385
f 3385//3385 3384//3384 3386//3386
f 3385//3385 3386//3386 3387//3387
f 3387//3387 3386//3386 3388//3388
f 3387//3387 3388//3388 3389//3389
f 3389//3389 3388//3388 3390//3390
f 3389//3389 3390//3390 3391//3391
f 3391//3391 3390//3390 3392//3392
f 3391//3391 3392//3392 3393//3393
f 3393//3393 3392//3392 3394//3394
f 3393//3393 3394//3394 3395//3395
f 3395//3395 3394//3394 3396//3396
f 3395//3395 3396//3396 3397//3397
f 3397//3397 3396//3396 3398//3398
f 3397//3397 3398//3398 3399//3399
f 3399//3399 3398//3398 3400//3400
f 3399//3399 3400//3400 3401//3401
f 3401//3401 3400//3400 3402//3402
f 3401//3401 3402//3402 3403//3403
f 3403//3403 3402//3402 3044//3044
f 3404//3404 3405//3405 3406//3406
f 3406//3406 3405//3405 3407//3407
f 3406//3406 3407//3407 3408//3408
f 3408//3408 3407//3407 3409//3409
f 3408//3408 3409//3409 3410//3410
f 3410//3410 3409//3409 3411//3411
f 3410//3410 3411//3411 3412//3412
f 3412//3412 3411//3411 3413//3413
f 3412//3412 3413//3413 3414//3414
f 3414//3414 3413//3413 3415//3415
f 3414//3414 3415//3415 3416//3416
f 3416//3416 3415//3415 3417//3417
f 3416//3416 3417//3417 3418//3418
f 3418//3418 3417//3417 3419//3419
f 3418//3418 3419//3419 3420//3420
f 3420//3420 3419//3419 3421//3421
f 3420//3420 3421//3421 3422//3422
f 3422//3422 3421//3421 3423//3423
f 3422//3422 3423//3423 3424//3424
f 3424//3424 3423//3423 3425//3425
f 3424//3424 3425//3425 3426//3426
f 3426//3426 3425//3425 3427//3427
f 3426//3426 3427//3427 3428//3428
f 3428//3428 3427//3427 3429//3429
f 3428//3428 3429//3429 3430//3430
f 3430//3430 3429//3429 3431//3431
f 3430//3430 3431//3431 3432//3432
f 3432//3432 3431//3431 3433//3433
f 3432//3432 3433//3433 3434//3434
f 3434//3434 3433//3433 3435//3435
f 3434//3434 3435//3435 3436//3436
f 3436//3436 3435//3435 3437//3437
f 3436//3436 3437//3437 3438//3438
f 3438//3438 3437//3437 3439//3439
f 3438//3438 3439//3439 3440//3440
f 3440//3440 3439//3439 3043//3043
f 3441//3441 3442//3442 3443//3443
f 3443//3443 3442//3442 3444//3444
f 3443//3443 3444//3444 3445//3445
f 3445//3445 3444//3444 3446//3446
f 3445//3445 3446//3446 3447//3447
f 3447//3447 3446//3446 3448//3448
f 3447//3447 3448//3448 3449//3449
f 3449//3449 3448//3448 3450//3450
f 3449//3449 3450//3450 3451//3451
f 3451//3451 3450//3450 3452//3452
f 3451//3451 3452//3452 3453//3453
f 3453//3453 3452//3452 3454//3454
f 3453//3453 3454//3454 3455//3455
f 3455//3455 3454//3454 3456//3456
f 3455//3455 3456//3456 3457//3457
f 3457//3457 3456//3456 3458//3458
f 3457//3457 3458//3458 3459//3459
f 3459//3459 3458//3458 3460//3460
f 3459//3459 3460//3460 3461//3461
f 3461//3461 3460//3460 3462//3462
f 3461//3461 3462//3462 3463//3463
f 3463//3463 3462//3462 3464//3464
f 3463//3463 3464//3464 3465//3465
f 3465//3465 3464//3464 3466//3466
f 3465//3465 3466//3466 3467//3467
f 3467//3467 3466//3466 3468//3468
f 3467//3467 3468//3468 3469//3469
f 3469//3469 3468//3468 3470//3470
f 3469//3469 3470//3470 3471//3471
f 3471//3471 3470//3470 3472//3472
f 3471//3471 3472//3472 3473//3473
f 3473//3473 3472//3472 3474//3474
f 3473//3473 3474//3474 3475//3475
f 3475//3475 3474//3474 3476//3476
f 3475//3475 3476//3476 3477//3477
f 3477//3477 3476//3476 3070//3070
f 3477//3477 3070//3070 3041//3041
f 3041//3041 3070//3070 3040//3040
f 3442//3442 3478//3478 3444//3444
f 3444//3444 3478//3478 3479//3479
f 3444//3444 3479//3479 3446//3446
f 3446//3446 3479//3479 3480//3480
f 3446//3446 3480//3480 3448//3448
f 3448//3448 3480//3480 3481//3481
f 3448//3448 3481//3481 3450//3450
f 3450//3450 3481//3481 3482//3482
f 3450//3450 3482//3482 3452//3452
f 3452//3452 3482//3482 3483//3483
f 3452//3452 3483//3483 3454//3454
f 3454//3454 3483//3483 3484//3484
f 3454//3454 3484//3484 3456//3456
f 3456//3456 3484//3484 3485//3485
f 3456//3456 3485//3485 3458//3458
f 3458//3458 3485//3485 3486//3486
f 3458//3458 3486//3486 3460//3460
f 3460//3460 3486//3486 3487//3487
f 3460//3460 3487//3487 3462//3462
f 3462//3462 3487//3487 3488//3488
f 3462//3462 3488//3488 3464//3464
f 3464//3464 3488//3488 3489//3489
f 3464//3464 3489//3489 3466//3466
f 3466//3466 3489//3489 3490//3490
f 3466//3466 3490//3490 3468//3468
f 3468//3468 3490//3490 3491//3491
f 3468//3468 3491//3491 3470//3470
f 3470//3470 3491//3491 3492//3492
f 3470//3470 3492//3492 3472//3472
f 3472//3472 3492//3492 3493//3493
f 3472//3472 3493//3493 3474//3474
f 3474//3474 3493//3493 3494//3494
f 3474//3474 3494//3494 3476//3476
f 3476//3476 3494//3494 3495//3495
f 3476//3476 3495//3495 3070//3070
f 3070//3070 3495//3495 3069//3069
f 3070//3070 3069//3069 2947//2947
f 2947//2947 3069//3069 2948//2948
f 2950//2950 2949//2949 3496//3496
f 3496//3496 2949//2949 3069//3069
f 3496//3496 3069//3069 3497//3497
f 3497//3497 3069//3069 3495//3495
f 3497//3497 3495//3495 3498//3498
f 3498//3498 3495//3495 3494//3494
f 3498//3498 3494//3494 3499//3499
f 3499//3499 3494//3494 3493//3493
f 3499//3499 3493//3493 3500//3500
f 3500//3500 3493//3493 3492//3492
f 3500//3500 3492//3492 3501//3501
f 3501//3501 3492//3492 3491//3491
f 3501//3501 3491//3491 3502//3502
f 3502//3502 3491//3491 3490//3490
f 3502//3502 3490//3490 3503//3503
f 3503//3503 3490//3490 3489//3489
f 3503//3503 3489//3489 3504//3504
f 3504//3504 3489//3489 3488//3488
f 3504//3504 3488//3488 3505//3505
f 3505//3505 3488//3488 3487//3487
f 3505//3505 3487//3487 3506//3506
f 3506//3506 3487//3487 3486//3486
f 3506//3506 3486//3486 3507//3507
f 3507//3507 3486//3486 3485//3485
f 3507//3507 3485//3485 3508//3508
f 3508//3508 3485//3485 3484//3484
f 3508//3508 3484//3484 3509//3509
f 3509//3509 3484//3484 3483//3483
f 3509//3509 3483//3483 3510//3510
f 3510//3510 3483//3483 3482//3482
f 3510//3510 3482//3482 3511//3511
f 3511//3511 3482//3482 3481//3481
f 3511//3511 3481//3481 3512//3512
f 3512//3512 3481//3481 3480//3480
f 3512//3512 3480//3480 3513//3513
f 3513//3513 3480//3480 3479//3479
f 3513//3513 3479//3479 3514//3514
f 3514//3514 3479//3479 3478//3478
f 3514//3514 3515//3515 3513//3513
f 3513//3513 3515//3515 3516//3516
f 3513//3513 3516//3516 3512//3512
f 3512//3512 3516//3516 3517//3517
f 3512//3512 3517//3517 3511//3511
f 3511//3511 3517//3517 3518//3518
f 3511//3511 3518//3518 3510//3510
f 3510//3510 3518//3518 3519//3519
f 3510//3510 3519//3519 3509//3509
f 3509//3509 3519//3519 3520//3520
f 3509//3509 3520//3520 3508//3508
f 3508//3508 3520//3520 3521//3521
f 3508//3508 3521//3521 3507//3507
f 3507//3507 3521//3521 3522//3522
f 3507//3507 3522//3522 3506//3506
f 3506//3506 3522//3522 3523//3523
f 3506//3506 3523//3523 3505//3505
f 3505//3505 3523//3523 3524//3524
f 3505//3505 3524//3524 3504//3504
f 3504//3504 3524//3524 3525//3525
f 3504//3504 3525//3525 3503//3503
f 3503//3503 3525//3525 3526//3526
f 3503//3503 3526//3526 3502//3502
f 3502//3502 3526//3526 3527//3527
f 3502//3502 3527//3527 3501//3501
f 3501//3501 3527//3527 3528//3528
f 3501//3501 3528//3528 3500//3500
f 3500//3500 3528//3528 3529//3529
f 3500//3500 3529//3529 3499//3499
f 3499//3499 3529//3529 3530//3530
f 3499//3499 3530//3530 3498//3498
f 3498//3498 3530//3530 3531//3531
f 3498//3498 3531//3531 3497//3497
f 3497//3497 3531//3531 3532//3532
f 3497//3497 3532//3532 3496//3496
f 3496//3496 3532//3532 3068//3068
f 3496//3496 3068//3068 2950//2950
f 2950//2950 3068//3068 2951//2951
f 3515//3515 3533//3533 3516//3516
f 3516//3516 3533//3533 3534//3534
f 3516//3516 3534//3534 3517//3517
f 3517//3517 3534//3534 3535//3535
f 3517//3517 3535//3535 3518//3518
f 3518//3518 3535//3535 3536//3536
f 3518//3518 3536//3536 3519//3519
f 3519//3519 3536//3536 3537//3537
f 3519//3519 3537//3537 3520//3520
f 3520//3520 3537//3537 3538//3538
f 3520//3520 3538//3538 3521//3521
f 3521//3521 3538//3538 3539//3539
f 3521//3521 3539//3539 3522//3522
f 3522//3522 3539//3539 3540//3540
f 3522//3522 3540//3540 3523//3523
f 3523//3523 3540//3540 3541//3541
f 3523//3523 3541//3541 3524//3524
f 3524//3524 3541//3541 3542//3542
f 3524//3524 3542//3542 3525//3525
f 3525//3525 3542//3542 3543//3543
f 3525//3525 3543//3543 3526//3526
f 3526//3526 3543//3543 3544//3544
f 3526//3526 3544//3544 3527//3527
f 3527//3527 3544//3544 3545//3545
f 3527//3527 3545//3545 3528//3528
f 3528//3528 3545//3545 3546//3546
f 3528//3528 3546//3546 3529//3529
f 3529//3529 3546//3546 3547//3547
f 3529//3529 3547//3547 3530//3530
f 3530//3530 3547//3547 3548//3548
f 3530//3530 3548//3548 3531//3531
f 3531//3531 3548//3548 3549//3549
f 3531//3531 3549//3549 3532//3532
f 3532//3532 3549//3549 3550//3550
f 3532//3532 3550//3550 3068//3068
f 3068//3068 3550//3550 3067//3067
f 3068//3068 3067//3067 2952//2952
f 2952//2952 3067//3067 2953//2953
f 2955//2955 2954//2954 3551//3551
f 3551//3551 2954//2954 3067//3067
f 3551//3551 3067//3067 3552//3552
f 3552//3552 3067//3067 3550//3550
f 3552//3552 3550//3550 3553//3553
f 3553//3553 3550//3550 3549//3549
f 3553//3553 3549//3549 3554//3554
f 3554//3554 3549//3549 3548//3548
f 3554//3554 3548//3548 3555//3555
f 3555//3555 3548//3548 3547//3547
f 3555//3555 3547//3547 3556//3556
f 3556//3556 3547//3547 3546//3546
f 3556//3556 3546//3546 3557//3557
f 3557//3557 3546//3546 3545//3545
f 3557//3557 3545//3545 3558//3558
f 3558//3558 3545//3545 3544//3544
f 3558//3558 3544//3544 3559//3559
f 3559//3559 3544//3544 3543//3543
f 3559//3559 3543//3543 3560//3560
f 3560//3560 3543//3543 3542//3542
f 3560//3560 3542//3542 3561//3561
f 3561//3561 3542//3542 3541//3541
f 3561//3561 3541//3541 3562//3562
f 3562//3562 3541//3541 3540//3540
f 3562//3562 3540//3540 3563//3563
f 3563//3563 3540//3540 3539//3539
f 3563//3563 3539//3539 3564//3564
f 3564//3564 3539//3539 3538//3538
f 3564//3564 3538//3538 3565//3565
f 3565//3565 3538//3538 3537//3537
f 3565//3565 3537//3537 3566//3566
f 3566//3566 3537//3537 3536//3536
f 3566//3566 3536//3536 3567//3567
f 3567//3567 3536//3536 3535//3535
f 3567//3567 3535//3535 3568//3568
f 3568//3568 3535//3535 3534//3534
f 3568//3568 3534//3534 3569//3569
f 3569//3569 3534//3534 3533//3533
f 3569//3569 3071//3071 3568//3568
f 3568//3568 3071//3071 3073//3073
f 3568//3568 3073//3073 3567//3567
f 3567//3567 3073//3073 3075//3075
f 3567//3567 3075//3075 3566//3566
f 3566//3566 3075//3075 3077//3077
f 3566//3566 3077//3077 3565//3565
f 3565//3565 3077//3077 3079//3079
f 3565//3565 3079//3079 3564//3564
f 3564//3564 3079//3079 3081//3081
f 3564//3564 3081//3081 3563//3563
f 3563//3563 3081//3081 3083//3083
f 3563//3563 3083//3083 3562//3562
f 3562//3562 3083//3083 3085//3085
f 3562//3562 3085//3085 3561//3561
f 3561//3561 3085//3085 3087//3087
f 3561//3561 3087//3087 3560//3560
f 3560//3560 3087//3087 3089//3089
f 3560//3560 3089//3089 3559//3559
f 3559//3559 3089//3089 3091//3091
f 3559//3559 3091//3091 3558//3558
f 3558//3558 3091//3091 3093//3093
f 3558//3558 3093//3093 3557//3557
f 3557//3557 3093//3093 3095//3095
f 3557//3557 3095//3095 3556//3556
f 3556//3556 3095//3095 3097//3097
f 3556//3556 3097//3097 3555//3555
f 3555//3555 3097//3097 3099//3099
f 3555//3555 3099//3099 3554//3554
f 3554//3554 3099//3099 3101//3101
f 3554//3554 3101//3101 3553//3553
f 3553//3553 3101//3101 3103//3103
f 3553//3553 3103//3103 3552//3552
f 3552//3552 3103//3103 3105//3105
f 3552//3552 3105//3105 3551//3551
f 3551//3551 3105//3105 3107//3107
f 3551//3551 3107//3107 2955//2955
f 2955//2955 3107//3107 2956//2956
f 3066//3066 2958//2958 3107//3107
f 3107//3107 2958//2958 2957//2957
f 3107//3107 2957//2957 2956//2956
f 2960//2960 2959//2959 3570//3570
f 3570//3570 2959//2959 3066//3066
f 3570//3570 3066//3066 3571//3571
f 3571//3571 3066//3066 3106//3106
f 3571//3571 3106//3106 3572//3572
f 3572//3572 3106//3106 3104//3104
f 3572//3572 3104//3104 3573//3573
f 3573//3573 3104//3104 3102//3102
f 3573//3573 3102//3102 3574//3574
f 3574//3574 3102//3102 3100//3100
f 3574//3574 3100//3100 3575//3575
f 3575//3575 3100//3100 3098//3098
f 3575//3575 3098//3098 3576//3576
f 3576//3576 3098//3098 3096//3096
f 3576//3576 3096//3096 3577//3577
f 3577//3577 3096//3096 3094//3094
f 3577//3577 3094//3094 3578//3578
f 3578//3578 3094//3094 3092//3092
f 3578//3578 3092//3092 3579//3579
f 3579//3579 3092//3092 3090//3090
f 3579//3579 3090//3090 3580//3580
f 3580//3580 3090//3090 3088//3088
f 3580//3580 3088//3088 3581//3581
f 3581//3581 3088//3088 3086//3086
f 3581//3581 3086//3086 3582//3582
f 3582//3582 3086//3086 3084//3084
f 3582//3582 3084//3084 3583//3583
f 3583//3583 3084//3084 3082//3082
f 3583//3583 3082//3082 3584//3584
f 3584//3584 3082//3082 3080//3080
f 3584//3584 3080//3080 3585//3585
f 3585//3585 3080//3080 3078//3078
f 3585//3585 3078//3078 3586//3586
f 3586//3586 3078//3078 3076//3076
f 3586//3586 3076//3076 3587//3587
f 3587//3587 3076//3076 3074//3074
f 3587//3587 3074//3074 3588//3588
f 3588//3588 3074//3074 3072//3072
f 3588//3588 3108//3108 3587//3587
f 3587//3587 3108//3108 3110//3110
f 3587//3587 3110//3110 3586//3586
f 3586//3586 3110//3110 3112//3112
f 3586//3586 3112//3112 3585//3585
f 3585//3585 3112//3112 3114//3114
f 3585//3585 3114//3114 3584//3584
f 3584//3584 3114//3114 3116//3116
f 3584//3584 3116//3116 3583//3583
f 3583//3583 3116//3116 3118//3118
f 3583//3583 3118//3118 3582//3582
f 3582//3582 3118//3118 3120//3120
f 3582//3582 3120//3120 3581//3581
f 3581//3581 3120//3120 3122//3122
f 3581//3581 3122//3122 3580//3580
f 3580//3580 3122//3122 3124//3124
f 3580//3580 3124//3124 3579//3579
f 3579//3579 3124//3124 3126//3126
f 3579//3579 3126//3126 3578//3578
f 3578//3578 3126//3126 3128//3128
f 3578//3578 3128//3128 3577//3577
f 3577//3577 3128//3128 3130//3130
f 3577//3577 3130//3130 3576//3576
f 3576//3576 3130//3130 3132//3132
f 3576//3576 3132//3132 3575//3575
f 3575//3575 3132//3132 3134//3134
f 3575//3575 3134//3134 3574//3574
f 3574//3574 3134//3134 3136//3136
f 3574//3574 3136//3136 3573//3573
f 3573//3573 3136//3136 3138//3138
f 3573//3573 3138//3138 3572//3572
f 3572//3572 3138//3138 3140//3140
f 3572//3572 3140//3140 3571//3571
f 3571//3571 3140//3140 3142//3142
f 3571//3571 3142//3142 3570//3570
f 3570//3570 3142//3142 3144//3144
f 3570//3570 3144//3144 2960//2960
f 2960//2960 3144//3144 2961//2961
f 3065//3065 2963//2963 3144//3144
f 3144//3144 2963//2963 2962//2962
f 3144//3144 2962//2962 2961//2961
f 2965//2965 2964//2964 3589//3589
f 3589//3589 2964//2964 3065//3065
f 3589//3589 3065//3065 3590//3590
f 3590//3590 3065//3065 3143//3143
f 3590//3590 3143//3143 3591//3591
f 3591//3591 3143//3143 3141//3141
f 3591//3591 3141//3141 3592//3592
f 3592//3592 3141//3141 3139//3139
f 3592//3592 3139//3139 3593//3593
f 3593//3593 3139//3139 3137//3137
f 3593//3593 3137//3137 3594//3594
f 3594//3594 3137//3137 3135//3135
f 3594//3594 3135//3135 3595//3595
f 3595//3595 3135//3135 3133//3133
f 3595//3595 3133//3133 3596//3596
f 3596//3596 3133//3133 3131//3131
f 3596//3596 3131//3131 3597//3597
f 3597//3597 3131//3131 3129//3129
f 3597//3597 3129//3129 3598//3598
f 3598//3598 3129//3129 3127//3127
f 3598//3598 3127//3127 3599//3599
f 3599//3599 3127//3127 3125//3125
f 3599//3599 3125//3125 3600//3600
f 3600//3600 3125//3125 3123//3123
f 3600//3600 3123//3123 3601//3601
f 3601//3601 3123//3123 3121//3121
f 3601//3601 3121//3121 3602//3602
f 3602//3602 3121//3121 3119//3119
f 3602//3602 3119//3119 3603//3603
f 3603//3603 3119//3119 3117//3117
f 3603//3603 3117//3117 3604//3604
f 3604//3604 3117//3117 3115//3115
f 3604//3604 3115//3115 3605//3605
f 3605//3605 3115//3115 3113//3113
f 3605//3605 3113//3113 3606//3606
f 3606//3606 3113//3113 3111//3111
f 3606//3606 3111//3111 3607//3607
f 3607//3607 3111//3111 3109//3109
f 3607//3607 3145//3145 3606//3606
f 3606//3606 3145//3145 3147//3147
f 3606//3606 3147//3147 3605//3605
f 3605//3605 3147//3147 3149//3149
f 3605//3605 3149//3149 3604//3604
f 3604//3604 3149//3149 3151//3151
f 3604//3604 3151//3151 3603//3603
f 3603//3603 3151//3151 3153//3153
f 3603//3603 3153//3153 3602//3602
f 3602//3602 3153//3153 3155//3155
f 3602//3602 3155//3155 3601//3601
f 3601//3601 3155//3155 3157//3157
f 3601//3601 3157//3157 3600//3600
f 3600//3600 3157//3157 3159//3159
f 3600//3600 3159//3159 3599//3599
f 3599//3599 3159//3159 3161//3161
f 3599//3599 3161//3161 3598//3598
f 3598//3598 3161//3161 3163//3163
f 3598//3598 3163//3163 3597//3597
f 3597//3597 3163//3163 3165//3165
f 3597//3597 3165//3165 3596//3596
f 3596//3596 3165//3165 3167//3167
f 3596//3596 3167//3167 3595//3595
f 3595//3595 3167//3167 3169//3169
f 3595//3595 3169//3169 3594//3594
f 3594//3594 3169//3169 3171//3171
f 3594//3594 3171//3171 3593//3593
f 3593//3593 3171//3171 3173//3173
f 3593//3593 3173//3173 3592//3592
f 3592//3592 3173//3173 3175//3175
f 3592//3592 3175//3175 3591//3591
f 3591//3591 3175//3175 3177//3177
f 3591//3591 3177//3177 3590//3590
f 3590//3590 3177//3177 3179//3179
f 3590//3590 3179//3179 3589//3589
f 3589//3589 3179//3179 3181//3181
f 3589//3589 3181//3181 2965//2965
f 2965//2965 3181//3181 2966//2966
f 3064//3064 2968//2968 3181//3181
f 3181//3181 2968//2968 2967//2967
f 3181//3181 2967//2967 2966//2966
f 2970//2970 2969//2969 3063//3063
f 3063//3063 2969//2969 3064//3064
f 3063//3063 3064//3064 3608//3608
f 3608//3608 3064//3064 3180//3180
f 3608//3608 3180//3180 3609//3609
f 3609//3609 3180//3180 3178//3178
f 3609//3609 3178//3178 3610//3610
f 3610//3610 3178//3178 3176//3176
f 3610//3610 3176//3176 3611//3611
f 3611//3611 3176//3176 3174//3174
f 3611//3611 3174//3174 3612//3612
f 3612//3612 3174//3174 3172//3172
f 3612//3612 3172//3172 3613//3613
f 3613//3613 3172//3172 3170//3170
f 3613//3613 3170//3170 3614//3614
f 3614//3614 3170//3170 3168//3168
f 3614//3614 3168//3168 3615//3615
f 3615//3615 3168//3168 3166//3166
f 3615//3615 3166//3166 3616//3616
f 3616//3616 3166//3166 3164//3164
f 3616//3616 3164//3164 3617//3617
f 3617//3617 3164//3164 3162//3162
f 3617//3617 3162//3162 3618//3618
f 3618//3618 3162//3162 3160//3160
f 3618//3618 3160//3160 3619//3619
f 3619//3619 3160//3160 3158//3158
f 3619//3619 3158//3158 3620//3620
f 3620//3620 3158//3158 3156//3156
f 3620//3620 3156//3156 3621//3621
f 3621//3621 3156//3156 3154//3154
f 3621//3621 3154//3154 3622//3622
f 3622//3622 3154//3154 3152//3152
f 3622//3622 3152//3152 3623//3623
f 3623//3623 3152//3152 3150//3150
f 3623//3623 3150//3150 3624//3624
f 3624//3624 3150//3150 3148//3148
f 3624//3624 3148//3148 3625//3625
f 3625//3625 3148//3148 3146//3146
f 2972//2972 2971//2971 3626//3626
f 3626//3626 2971//2971 3063//3063
f 3626//3626 3063//3063 3627//3627
f 3627//3627 3063//3063 3608//3608
f 3627//3627 3608//3608 3628//3628
f 3628//3628 3608//3608 3609//3609
f 3628//3628 3609//3609 3629//3629
f 3629//3629 3609//3609 3610//3610
f 3629//3629 3610//3610 3630//3630
f 3630//3630 3610//3610 3611//3611
f 3630//3630 3611//3611 3631//3631
f 3631//3631 3611//3611 3612//3612
f 3631//3631 3612//3612 3632//3632
f 3632//3632 3612//3612 3613//3613
f 3632//3632 3613//3613 3633//3633
f 3633//3633 3613//3613 3614//3614
f 3633//3633 3614//3614 3634//3634
f 3634//3634 3614//3614 3615//3615
f 3634//3634 3615//3615 3635//3635
f 3635//3635 3615//3615 3616//3616
f 3635//3635 3616//3616 3636//3636
f 3636//3636 3616//3616 3617//3617
f 3636//3636 3617//3617 3637//3637
f 3637//3637 3617//3617 3618//3618
f 3637//3637 3618//3618 3638//3638
f 3638//3638 3618//3618 3619//3619
f 3638//3638 3619//3619 3639//3639
f 3639//3639 3619//3619 3620//3620
f 3639//3639 3620//3620 3640//3640
f 3640//3640 3620//3620 3621//3621
f 3640//3640 3621//3621 3641//3641
f 3641//3641 3621//3621 3622//3622
f 3641//3641 3622//3622 3642//3642
f 3642//3642 3622//3622 3623//3623
f 3642//3642 3623//3623 3643//3643
f 3643//3643 3623//3623 3624//3624
f 3643//3643 3624//3624 3644//3644
f 3644//3644 3624//3624 3625//3625
f 3644//3644 3645//3645 3643//3643
f 3643//3643 3645//3645 3646//3646
f 3643//3643 3646//3646 3642//3642
f 3642//3642 3646//3646 3647//3647
f 3642//3642 3647//3647 3641//3641
f 3641//3641 3647//3647 3648//3648
f 3641//3641 3648//3648 3640//3640
f 3640//3640 3648//3648 3649//3649
f 3640//3640 3649//3649 3639//3639
f 3639//3639 3649//3649 3650//3650
f 3639//3639 3650//3650 3638//3638
f 3638//3638 3650//3650 3651//3651
f 3638//3638 3651//3651 3637//3637
f 3637//3637 3651//3651 3652//3652
f 3637//3637 3652//3652 3636//3636
f 3636//3636 3652//3652 3653//3653
f 3636//3636 3653//3653 3635//3635
f 3635//3635 3653//3653 3654//3654
f 3635//3635 3654//3654 3634//3634
f 3634//3634 3654//3654 3655//3655
f 3634//3634 3655//3655 3633//3633
f 3633//3633 3655//3655 3656//3656
f 3633//3633 3656//3656 3632//3632
f 3632//3632 3656//3656 3657//3657
f 3632//3632 3657//3657 3631//3631
f 3631//3631 3657//3657 3658//3658
f 3631//3631 3658//3658 3630//3630
f 3630//3630 3658//3658 3659//3659
f 3630//3630 3659//3659 3629//3629
f 3629//3629 3659//3659 3660//3660
f 3629//3629 3660//3660 3628//3628
f 3628//3628 3660//3660 3661//3661
f 3628//3628 3661//3661 3627//3627
f 3627//3627 3661//3661 3662//3662
f 3627//3627 3662//3662 3626//3626
f 3626//3626 3662//3662 3062//3062
f 3626//3626 3062//3062 2972//2972
f 2972//2972 3062//3062 2973//2973
f 3645//3645 3663//3663 3646//3646
f 3646//3646 3663//3663 3664//3664
f 3646//3646 3664//3664 3647//3647
f 3647//3647 3664//3664 3665//3665
f 3647//3647 3665//3665 3648//3648
f 3648//3648 3665//3665 3666//3666
f 3648//3648 3666//3666 3649//3649
f 3649//3649 3666//3666 3667//3667
f 3649//3649 3667//3667 3650//3650
f 3650//3650 3667//3667 3668//3668
f 3650//3650 3668//3668 3651//3651
f 3651//3651 3668//3668 3669//3669
f 3651//3651 3669//3669 3652//3652
f 3652//3652 3669//3669 3670//3670
f 3652//3652 3670//3670 3653//3653
f 3653//3653 3670//3670 3671//3671
f 3653//3653 3671//3671 3654//3654
f 3654//3654 3671//3671 3672//3672
f 3654//3654 3672//3672 3655//3655
f 3655//3655 3672//3672 3673//3673
f 3655//3655 3673//3673 3656//3656
f 3656//3656 3673//3673 3674//3674
f 3656//3656 3674//3674 3657//3657
f 3657//3657 3674//3674 3675//3675
f 3657//3657 3675//3675 3658//3658
f 3658//3658 3675//3675 3676//3676
f 3658//3658 3676//3676 3659//3659
f 3659//3659 3676//3676 3677//3677
f 3659//3659 3677//3677 3660//3660
f 3660//3660 3677//3677 3678//3678
f 3660//3660 3678//3678 3661//3661
f 3661//3661 3678//3678 3679//3679
f 3661//3661 3679//3679 3662//3662
f 3662//3662 3679//3679 3680//3680
f 3662//3662 3680//3680 3062//3062
f 3062//3062 3680//3680 3061//3061
f 3062//3062 3061//3061 2974//2974
f 2974//2974 3061//3061 2975//2975
f 2977//2977 2976//2976 3681//3681
f 3681//3681 2976//2976 3061//3061
f 3681//3681 3061//3061 3682//3682
f 3682//3682 3061//3061 3680//3680
f 3682//3682 3680//3680 3683//3683
f 3683//3683 3680//3680 3679//3679
f 3683//3683 3679//3679 3684//3684
f 3684//3684 3679//3679 3678//3678
f 3684//3684 3678//3678 3685//3685
f 3685//3685 3678//3678 3677//3677
f 3685//3685 3677//3677 3686//3686
f 3686//3686 3677//3677 3676//3676
f 3686//3686 3676//3676 3687//3687
f 3687//3687 3676//3676 3675//3675
f 3687//3687 3675//3675 3688//3688
f 3688//3688 3675//3675 3674//3674
f 3688//3688 3674//3674 3689//3689
f 3689//3689 3674//3674 3673//3673
f 3689//3689 3673//3673 3690//3690
f 3690//3690 3673//3673 3672//3672
f 3690//3690 3672//3672 3691//3691
f 3691//3691 3672//3672 3671//3671
f 3691//3691 3671//3671 3692//3692
f 3692//3692 3671//3671 3670//3670
f 3692//3692 3670//3670 3693//3693
f 3693//3693 3670//3670 3669//3669
f 3693//3693 3669//3669 3694//3694
f 3694//3694 3669//3669 3668//3668
f 3694//3694 3668//3668 3695//3695
f 3695//3695 3668//3668 3667//3667
f 3695//3695 3667//3667 3696//3696
f 3696//3696 3667//3667 3666//3666
f 3696//3696 3666//3666 3697//3697
f 3697//3697 3666//3666 3665//3665
f 3697//3697 3665//3665 3698//3698
f 3698//3698 3665//3665 3664//3664
f 3698//3698 3664//3664 3699//3699
f 3699//3699 3664//3664 3663//3663
f 3699//3699 3700//3700 3698//3698
f 3698//3698 3700//3700 3701//3701
f 3698//3698 3701//3701 3697//3697
f 3697//3697 3701//3701 3702//3702
f 3697//3697 3702//3702 3696//3696
f 3696//3696 3702//3702 3703//3703
f 3696//3696 3703//3703 3695//3695
f 3695//3695 3703//3703 3704//3704
f 3695//3695 3704//3704 3694//3694
f 3694//3694 3704//3704 3705//3705
f 3694//3694 3705//3705 3693//3693
f 3693//3693 3705//3705 3706//3706
f 3693//3693 3706//3706 3692//3692
f 3692//3692 3706//3706 3707//3707
f 3692//3692 3707//3707 3691//3691
f 3691//3691 3707//3707 3708//3708
f 3691//3691 3708//3708 3690//3690
f 3690//3690 3708//3708 3709//3709
f 3690//3690 3709//3709 3689//3689
f 3689//3689 3709//3709 3710//3710
f 3689//3689 3710//3710 3688//3688
f 3688//3688 3710//3710 3711//3711
f 3688//3688 3711//3711 3687//3687
f 3687//3687 3711//3711 3712//3712
f 3687//3687 3712//3712 3686//3686
f 3686//3686 3712//3712 3713//3713
f 3686//3686 3713//3713 3685//3685
f 3685//3685 3713//3713 3714//3714
f 3685//3685 3714//3714 3684//3684
f 3684//3684 3714//3714 3715//3715
f 3684//3684 3715//3715 3683//3683
f 3683//3683 3715//3715 3716//3716
f 3683//3683 3716//3716 3682//3682
f 3682//3682 3716//3716 3717//3717
f 3682//3682 3717//3717 3681//3681
f 3681//3681 3717//3717 3060//3060
f 3681//3681 3060//3060 2977//2977
f 2977//2977 3060//3060 2978//2978
f 3700//3700 3718//3718 3701//3701
f 3701//3701 3718//3718 3719//3719
f 3701//3701 3719//3719 3702//3702
f 3702//3702 3719//3719 3720//3720
f 3702//3702 3720//3720 3703//3703
f 3703//3703 3720//3720 3721//3721
f 3703//3703 3721//3721 3704//3704
f 3704//3704 3721//3721 3722//3722
f 3704//3704 3722//3722 3705//3705
f 3705//3705 3722//3722 3723//3723
f 3705//3705 3723//3723 3706//3706
f 3706//3706 3723//3723 3724//3724
f 3706//3706 3724//3724 3707//3707
f 3707//3707 3724//3724 3725//3725
f 3707//3707 3725//3725 3708//3708
f 3708//3708 3725//3725 3726//3726
f 3708//3708 3726//3726 3709//3709
f 3709//3709 3726//3726 3727//3727
f 3709//3709 3727//3727 3710//3710
f 3710//3710 3727//3727 3728//3728
f 3710//3710 3728//3728 3711//3711
f 3711//3711 3728//3728 3729//3729
f 3711//3711 3729//3729 3712//3712
f 3712//3712 3729//3729 3730//3730
f 3712//3712 3730//3730 3713//3713
f 3713//3713 3730//3730 3731//3731
f 3713//3713 3731//3731 3714//3714
f 3714//3714 3731//3731 3732//3732
f 3714//3714 3732//3732 3715//3715
f 3715//3715 3732//3732 3733//3733
f 3715//3715 3733//3733 3716//3716
f 3716//3716 3733//3733 3734//3734
f 3716//3716 3734//3734 3717//3717
f 3717//3717 3734//3734 3735//3735
f 3717//3717 3735//3735 3060//3060
f 3060//3060 3735//3735 3059//3059
f 3060//3060 3059//3059 2979//2979
f 2979//2979 3059//3059 2980//2980
f 2982//2982 2981//2981 3736//3736
f 3736//3736 2981//2981 3059//3059
f 3736//3736 3059//3059 3737//3737
f 3737//3737 3059//3059 3735//3735
f 3737//3737 3735//3735 3738//3738
f 3738//3738 3735//3735 3734//3734
f 3738//3738 3734//3734 3739//3739
f 3739//3739 3734//3734 3733//3733
f 3739//3739 3733//3733 3740//3740
f 3740//3740 3733//3733 3732//3732
f 3740//3740 3732//3732 3741//3741
f 3741//3741 3732//3732 3731//3731
f 3741//3741 3731//3731 3742//3742
f 3742//3742 3731//3731 3730//3730
f 3742//3742 3730//3730 3743//3743
f 3743//3743 3730//3730 3729//3729
f 3743//3743 3729//3729 3744//3744
f 3744//3744 3729//3729 3728//3728
f 3744//3744 3728//3728 3745//3745
f 3745//3745 3728//3728 3727//3727
f 3745//3745 3727//3727 3746//3746
f 3746//3746 3727//3727 3726//3726
f 3746//3746 3726//3726 3747//3747
f 3747//3747 3726//3726 3725//3725
f 3747//3747 3725//3725 3748//3748
f 3748//3748 3725//3725 3724//3724
f 3748//3748 3724//3724 3749//3749
f 3749//3749 3724//3724 3723//3723
f 3749//3749 3723//3723 3750//3750
f 3750//3750 3723//3723 3722//3722
f 3750//3750 3722//3722 3751//3751
f 3751//3751 3722//3722 3721//3721
f 3751//3751 3721//3721 3752//3752
f 3752//3752 3721//3721 3720//3720
f 3752//3752 3720//3720 3753//3753
f 3753//3753 3720//3720 3719//3719
f 3753//3753 3719//3719 3754//3754
f 3754//3754 3719//3719 3718//3718
f 3754//3754 3182//3182 3753//3753
f 3753//3753 3182//3182 3184//3184
f 3753//3753 3184//3184 3752//3752
f 3752//3752 3184//3184 3186//3186
f 3752//3752 3186//3186 3751//3751
f 3751//3751 3186//3186 3188//3188
f 3751//3751 3188//3188 3750//3750
f 3750//3750 3188//3188 3190//3190
f 3750//3750 3190//3190 3749//3749
f 3749//3749 3190//3190 3192//3192
f 3749//3749 3192//3192 3748//3748
f 3748//3748 3192//3192 3194//3194
f 3748//3748 3194//3194 3747//3747
f 3747//3747 3194//3194 3196//3196
f 3747//3747 3196//3196 3746//3746
f 3746//3746 3196//3196 3198//3198
f 3746//3746 3198//3198 3745//3745
f 3745//3745 3198//3198 3200//3200
f 3745//3745 3200//3200 3744//3744
f 3744//3744 3200//3200 3202//3202
f 3744//3744 3202//3202 3743//3743
f 3743//3743 3202//3202 3204//3204
f 3743//3743 3204//3204 3742//3742
f 3742//3742 3204//3204 3206//3206
f 3742//3742 3206//3206 3741//3741
f 3741//3741 3206//3206 3208//3208
f 3741//3741 3208//3208 3740//3740
f 3740//3740 3208//3208 3210//3210
f 3740//3740 3210//3210 3739//3739
f 3739//3739 3210//3210 3212//3212
f 3739//3739 3212//3212 3738//3738
f 3738//3738 3212//3212 3214//3214
f 3738//3738 3214//3214 3737//3737
f 3737//3737 3214//3214 3216//3216
f 3737//3737 3216//3216 3736//3736
f 3736//3736 3216//3216 3218//3218
f 3736//3736 3218//3218 2982//2982
f 2982//2982 3218//3218 2983//2983
f 3058//3058 2985//2985 3218//3218
f 3218//3218 2985//2985 2984//2984
f 3218//3218 2984//2984 2983//2983
f 2987//2987 2986//2986 3755//3755
f 3755//3755 2986//2986 3058//3058
f 3755//3755 3058//3058 3756//3756
f 3756//3756 3058//3058 3217//3217
f 3756//3756 3217//3217 3757//3757
f 3757//3757 3217//3217 3215//3215
f 3757//3757 3215//3215 3758//3758
f 3758//3758 3215//3215 3213//3213
f 3758//3758 3213//3213 3759//3759
f 3759//3759 3213//3213 3211//3211
f 3759//3759 3211//3211 3760//3760
f 3760//3760 3211//3211 3209//3209
f 3760//3760 3209//3209 3761//3761
f 3761//3761 3209//3209 3207//3207
f 3761//3761 3207//3207 3762//3762
f 3762//3762 3207//3207 3205//3205
f 3762//3762 3205//3205 3763//3763
f 3763//3763 3205//3205 3203//3203
f 3763//3763 3203//3203 3764//3764
f 3764//3764 3203//3203 3201//3201
f 3764//3764 3201//3201 3765//3765
f 3765//3765 3201//3201 3199//3199
f 3765//3765 3199//3199 3766//3766
f 3766//3766 3199//3199 3197//3197
f 3766//3766 3197//3197 3767//3767
f 3767//3767 3197//3197 3195//3195
f 3767//3767 3195//3195 3768//3768
f 3768//3768 3195//3195 3193//3193
f 3768//3768 3193//3193 3769//3769
f 3769//3769 3193//3193 3191//3191
f 3769//3769 3191//3191 3770//3770
f 3770//3770 3191//3191 3189//3189
f 3770//3770 3189//3189 3771//3771
f 3771//3771 3189//3189 3187//3187
f 3771//3771 3187//3187 3772//3772
f 3772//3772 3187//3187 3185//3185
f 3772//3772 3185//3185 3773//3773
f 3773//3773 3185//3185 3183//3183
f 3773//3773 3219//3219 3772//3772
f 3772//3772 3219//3219 3221//3221
f 3772//3772 3221//3221 3771//3771
f 3771//3771 3221//3221 3223//3223
f 3771//3771 3223//3223 3770//3770
f 3770//3770 3223//3223 3225//3225
f 3770//3770 3225//3225 3769//3769
f 3769//3769 3225//3225 3227//3227
f 3769//3769 3227//3227 3768//3768
f 3768//3768 3227//3227 3229//3229
f 3768//3768 3229//3229 3767//3767
f 3767//3767 3229//3229 3231//3231
f 3767//3767 3231//3231 3766//3766
f 3766//3766 3231//3231 3233//3233
f 3766//3766 3233//3233 3765//3765
f 3765//3765 3233//3233 3235//3235
f 3765//3765 3235//3235 3764//3764
f 3764//3764 3235//3235 3237//3237
f 3764//3764 3237//3237 3763//3763
f 3763//3763 3237//3237 3239//3239
f 3763//3763 3239//3239 3762//3762
f 3762//3762 3239//3239 3241//3241
f 3762//3762 3241//3241 3761//3761
f 3761//3761 3241//3241 3243//3243
f 3761//3761 3243//3243 3760//3760
f 3760//3760 3243//3243 3245//3245
f 3760//3760 3245//3245 3759//3759
f 3759//3759 3245//3245 3247//3247
f 3759//3759 3247//3247 3758//3758
f 3758//3758 3247//3247 3249//3249
f 3758//3758 3249//3249 3757//3757
f 3757//3757 3249//3249 3251//3251
f 3757//3757 3251//3251 3756//3756
f 3756//3756 3251//3251 3253//3253
f 3756//3756 3253//3253 3755//3755
f 3755//3755 3253//3253 3255//3255
f 3755//3755 3255//3255 2987//2987
f 2987//2987 3255//3255 2988//2988
f 3057//3057 2990//2990 3255//3255
f 3255//3255 2990//2990 2989//2989
f 3255//3255 2989//2989 2988//2988
f 2992//2992 2991//2991 3774//3774
f 3774//3774 2991//2991 3057//3057
f 3774//3774 3057//3057 3775//3775
f 3775//3775 3057//3057 3254//3254
f 3775//3775 3254//3254 3776//3776
f 3776//3776 3254//3254 3252//3252
f 3776//3776 3252//3252 3777//3777
f 3777//3777 3252//3252 3250//3250
f 3777//3777 3250//3250 3778//3778
f 3778//3778 3250//3250 3248//3248
f 3778//3778 3248//3248 3779//3779
f 3779//3779 3248//3248 3246//3246
f 3779//3779 3246//3246 3780//3780
f 3780//3780 3246//3246 3244//3244
f 3780//3780 3244//3244 3781//3781
f 3781//3781 3244//3244 3242//3242
f 3781//3781 3242//3242 3782//3782
f 3782//3782 3242//3242 3240//3240
f 3782//3782 3240//3240 3783//3783
f 3783//3783 3240//3240 3238//3238
f 3783//3783 3238//3238 3784//3784
f 3784//3784 3238//3238 3236//3236
f 3784//3784 3236//3236 3785//3785
f 3785//3785 3236//3236 3234//3234
f 3785//3785 3234//3234 3786//3786
f 3786//3786 3234//3234 3232//3232
f 3786//3786 3232//3232 3787//3787
f 3787//3787 3232//3232 3230//3230
f 3787//3787 3230//3230 3788//3788
f 3788//3788 3230//3230 3228//3228
f 3788//3788 3228//3228 3789//3789
f 3789//3789 3228//3228 3226//3226
f 3789//3789 3226//3226 3790//3790
f 3790//3790 3226//3226 3224//3224
f 3790//3790 3224//3224 3791//3791
f 3791//3791 3224//3224 3222//3222
f 3791//3791 3222//3222 3792//3792
f 3792//3792 3222//3222 3220//3220
f 3792//3792 3793//3793 3791//3791
f 3791//3791 3793//3793 3794//3794
f 3791//3791 3794//3794 3790//3790
f 3790//3790 3794//3794 3795//3795
f 3790//3790 3795//3795 3789//3789
f 3789//3789 3795//3795 3796//3796
f 3789//3789 3796//3796 3788//3788
f 3788//3788 3796//3796 3797//3797
f 3788//3788 3797//3797 3787//3787
f 3787//3787 3797//3797 3798//3798
f 3787//3787 3798//3798 3786//3786
f 3786//3786 3798//3798 3799//3799
f 3786//3786 3799//3799 3785//3785
f 3785//3785 3799//3799 3800//3800
f 3785//3785 3800//3800 3784//3784
f 3784//3784 3800//3800 3801//3801
f 3784//3784 3801//3801 3783//3783
f 3783//3783 3801//3801 3802//3802
f 3783//3783 3802//3802 3782//3782
f 3782//3782 3802//3802 3803//3803
f 3782//3782 3803//3803 3781//3781
f 3781//3781 3803//3803 3804//3804
f 3781//3781 3804//3804 3780//3780
f 3780//3780 3804//3804 3805//3805
f 3780//3780 3805//3805 3779//3779
f 3779//3779 3805//3805 3806//3806
f 3779//3779 3806//3806 3778//3778
f 3778//3778 3806//3806 3807//3807
f 3778//3778 3807//3807 3777//3777
f 3777//3777 3807//3807 3808//3808
f 3777//3777 3808//3808 3776//3776
f 3776//3776 3808//3808 3809//3809
f 3776//3776 3809//3809 3775//3775
f 3775//3775 3809//3809 3810//3810
f 3775//3775 3810//3810 3774//3774
f 3774//3774 3810//3810 3811//3811
f 3774//3774 3811//3811 2992//2992
f 2992//2992 3811//3811 2993//2993
f 3793//3793 3812//3812 3794//3794
f 3794//3794 3812//3812 3813//3813
f 3794//3794 3813//3813 3795//3795
f 3795//3795 3813//3813 3814//3814
f 3795//3795 3814//3814 3796//3796
f 3796//3796 3814//3814 3815//3815
f 3796//3796 3815//3815 3797//3797
f 3797//3797 3815//3815 3816//3816
f 3797//3797 3816//3816 3798//3798
f 3798//3798 3816//3816 3817//3817
f 3798//3798 3817//3817 3799//3799
f 3799//3799 3817//3817 3818//3818
f 3799//3799 3818//3818 3800//3800
f 3800//3800 3818//3818 3819//3819
f 3800//3800 3819//3819 3801//3801
f 3801//3801 3819//3819 3820//3820
f 3801//3801 3820//3820 3802//3802
f 3802//3802 3820//3820 3821//3821
f 3802//3802 3821//3821 3803//3803
f 3803//3803 3821//3821 3822//3822
f 3803//3803 3822//3822 3804//3804
f 3804//3804 3822//3822 3823//3823
f 3804//3804 3823//3823 3805//3805
f 3805//3805 3823//3823 3824//3824
f 3805//3805 3824//3824 3806//3806
f 3806//3806 3824//3824 3825//3825
f 3806//3806 3825//3825 3807//3807
f 3807//3807 3825//3825 3826//3826
f 3807//3807 3826//3826 3808//3808
f 3808//3808 3826//3826 3827//3827
f 3808//3808 3827//3827 3809//3809
f 3809//3809 3827//3827 3828//3828
f 3809//3809 3828//3828 3810//3810
f 3810//3810 3828//3828 3829//3829
f 3810//3810 3829//3829 3811//3811
f 3811//3811 3829//3829 3056//3056
f 3811//3811 3056//3056 2993//2993
f 2993//2993 3056//3056 2994//2994
f 3812//3812 3830//3830 3813//3813
f 3813//3813 3830//3830 3831//3831
f 3813//3813 3831//3831 3814//3814
f 3814//3814 3831//3831 3832//3832
f 3814//3814 3832//3832 3815//3815
f 3815//3815 3832//3832 3833//3833
f 3815//3815 3833//3833 3816//3816
f 3816//3816 3833//3833 3834//3834
f 3816//3816 3834//3834 3817//3817
f 3817//3817 3834//3834 3835//3835
f 3817//3817 3835//3835 3818//3818
f 3818//3818 3835//3835 3836//3836
f 3818//3818 3836//3836 3819//3819
f 3819//3819 3836//3836 3837//3837
f 3819//3819 3837//3837 3820//3820
f 3820//3820 3837//3837 3838//3838
f 3820//3820 3838//3838 3821//3821
f 3821//3821 3838//3838 3839//3839
f 3821//3821 3839//3839 3822//3822
f 3822//3822 3839//3839 3840//3840
f 3822//3822 3840//3840 3823//3823
f 3823//3823 3840//3840 3841//3841
f 3823//3823 3841//3841 3824//3824
f 3824//3824 3841//3841 3842//3842
f 3824//3824 3842//3842 3825//3825
f 3825//3825 3842//3842 3843//3843
f 3825//3825 3843//3843 3826//3826
f 3826//3826 3843//3843 3844//3844
f 3826//3826 3844//3844 3827//3827
f 3827//3827 3844//3844 3845//3845
f 3827//3827 3845//3845 3828//3828
f 3828//3828 3845//3845 3846//3846
f 3828//3828 3846//3846 3829//3829
f 3829//3829 3846//3846 3847//3847
f 3829//3829 3847//3847 3056//3056
f 3056//3056 3847//3847 3055//3055
f 3056//3056 3055//3055 2995//2995
f 2995//2995 3055//3055 2996//2996
f 2998//2998 2997//2997 3848//3848
f 3848//3848 2997//2997 3055//3055
f 3848//3848 3055//3055 3849//3849
f 3849//3849 3055//3055 3847//3847
f 3849//3849 3847//3847 3850//3850
f 3850//3850 3847//3847 3846//3846
f 3850//3850 3846//3846 3851//3851
f 3851//3851 3846//3846 3845//3845
f 3851//3851 3845//3845 3852//3852
f 3852//3852 3845//3845 3844//3844
f 3852//3852 3844//3844 3853//3853
f 3853//3853 3844//3844 3843//3843
f 3853//3853 3843//3843 3854//3854
f 3854//3854 3843//3843 3842//3842
f 3854//3854 3842//3842 3855//3855
f 3855//3855 3842//3842 3841//3841
f 3855//3855 3841//3841 3856//3856
f 3856//3856 3841//3841 3840//3840
f 3856//3856 3840//3840 3857//3857
f 3857//3857 3840//3840 3839//3839
f 3857//3857 3839//3839 3858//3858
f 3858//3858 3839//3839 3838//3838
f 3858//3858 3838//3838 3859//3859
f 3859//3859 3838//3838 3837//3837
f 3859//3859 3837//3837 3860//3860
f 3860//3860 3837//3837 3836//3836
f 3860//3860 3836//3836 3861//3861
f 3861//3861 3836//3836 3835//3835
f 3861//3861 3835//3835 3862//3862
f 3862//3862 3835//3835 3834//3834
f 3862//3862 3834//3834 3863//3863
f 3863//3863 3834//3834 3833//3833
f 3863//3863 3833//3833 3864//3864
f 3864//3864 3833//3833 3832//3832
f 3864//3864 3832//3832 3865//3865
f 3865//3865 3832//3832 3831//3831
f 3865//3865 3831//3831 3866//3866
f 3866//3866 3831//3831 3830//3830
f 3866//3866 3867//3867 3865//3865
f 3865//3865 3867//3867 3868//3868
f 3865//3865 3868//3868 3864//3864
f 3864//3864 3868//3868 3869//3869
f 3864//3864 3869//3869 3863//3863
f 3863//3863 3869//3869 3870//3870
f 3863//3863 3870//3870 3862//3862
f 3862//3862 3870//3870 3871//3871
f 3862//3862 3871//3871 3861//3861
f 3861//3861 3871//3871 3872//3872
f 3861//3861 3872//3872 3860//3860
f 3860//3860 3872//3872 3873//3873
f 3860//3860 3873//3873 3859//3859
f 3859//3859 3873//3873 3874//3874
f 3859//3859 3874//3874 3858//3858
f 3858//3858 3874//3874 3875//3875
f 3858//3858 3875//3875 3857//3857
f 3857//3857 3875//3875 3876//3876
f 3857//3857 3876//3876 3856//3856
f 3856//3856 3876//3876 3877//3877
f 3856//3856 3877//3877 3855//3855
f 3855//3855 3877//3877 3878//3878
f 3855//3855 3878//3878 3854//3854
f 3854//3854 3878//3878 3879//3879
f 3854//3854 3879//3879 3853//3853
f 3853//3853 3879//3879 3880//3880
f 3853//3853 3880//3880 3852//3852
f 3852//3852 3880//3880 3881//3881
f 3852//3852 3881//3881 3851//3851
f 3851//3851 3881//3881 3882//3882
f 3851//3851 3882//3882 3850//3850
f 3850//3850 3882//3882 3883//3883
f 3850//3850 3883//3883 3849//3849
f 3849//3849 3883//3883 3884//3884
f 3849//3849 3884//3884 3848//3848
f 3848//3848 3884//3884 3054//3054
f 3848//3848 3054//3054 2998//2998
f 2998//2998 3054//3054 2999//2999
f 3867//3867 3885//3885 3868//3868
f 3868//3868 3885//3885 3886//3886
f 3868//3868 3886//3886 3869//3869
f 3869//3869 3886//3886 3887//3887
f 3869//3869 3887//3887 3870//3870
f 3870//3870 3887//3887 3888//3888
f 3870//3870 3888//3888 3871//3871
f 3871//3871 3888//3888 3889//3889
f 3871//3871 3889//3889 3872//3872
f 3872//3872 3889//3889 3890//3890
f 3872//3872 3890//3890 3873//3873
f 3873//3873 3890//3890 3891//3891
f 3873//3873 3891//3891 3874//3874
f 3874//3874 3891//3891 3892//3892
f 3874//3874 3892//3892 3875//3875
f 3875//3875 3892//3892 3893//3893
f 3875//3875 3893//3893 3876//3876
f 3876//3876 3893//3893 3894//3894
f 3876//3876 3894//3894 3877//3877
f 3877//3877 3894//3894 3895//3895
f 3877//3877 3895//3895 3878//3878
f 3878//3878 3895//3895 3896//3896
f 3878//3878 3896//3896 3879//3879
f 3879//3879 3896//3896 3897//3897
f 3879//3879 3897//3897 3880//3880
f 3880//3880 3897//3897 3898//3898
f 3880//3880 3898//3898 3881//3881
f 3881//3881 3898//3898 3899//3899
f 3881//3881 3899//3899 3882//3882
f 3882//3882 3899//3899 3900//3900
f 3882//3882 3900//3900 3883//3883
f 3883//3883 3900//3900 3901//3901
f 3883//3883 3901//3901 3884//3884
f 3884//3884 3901//3901 3902//3902
f 3884//3884 3902//3902 3054//3054
f 3054//3054 3902//3902 3053//3053
f 3054//3054 3053//3053 3000//3000
f 3000//3000 3053//3053 3001//3001
f 3003//3003 3002//3002 3903//3903
f 3903//3903 3002//3002 3053//3053
f 3903//3903 3053//3053 3904//3904
f 3904//3904 3053//3053 3902//3902
f 3904//3904 3902//3902 3905//3905
f 3905//3905 3902//3902 3901//3901
f 3905//3905 3901//3901 3906//3906
f 3906//3906 3901//3901 3900//3900
f 3906//3906 3900//3900 3907//3907
f 3907//3907 3900//3900 3899//3899
f 3907//3907 3899//3899 3908//3908
f 3908//3908 3899//3899 3898//3898
f 3908//3908 3898//3898 3909//3909
f 3909//3909 3898//3898 3897//3897
f 3909//3909 3897//3897 3910//3910
f 3910//3910 3897//3897 3896//3896
f 3910//3910 3896//3896 3911//3911
f 3911//3911 3896//3896 3895//3895
f 3911//3911 3895//3895 3912//3912
f 3912//3912 3895//3895 3894//3894
f 3912//3912 3894//3894 3913//3913
f 3913//3913 3894//3894 3893//3893
f 3913//3913 3893//3893 3914//3914
f 3914//3914 3893//3893 3892//3892
f 3914//3914 3892//3892 3915//3915
f 3915//3915 3892//3892 3891//3891
f 3915//3915 3891//3891 3916//3916
f 3916//3916 3891//3891 3890//3890
f 3916//3916 3890//3890 3917//3917
f 3917//3917 3890//3890 3889//3889
f 3917//3917 3889//3889 3918//3918
f 3918//3918 3889//3889 3888//3888
f 3918//3918 3888//3888 3919//3919
f 3919//3919 3888//3888 3887//3887
f 3919//3919 3887//3887 3920//3920
f 3920//3920 3887//3887 3886//3886
f 3920//3920 3886//3886 3921//3921
f 3921//3921 3886//3886 3885//3885
f 3921//3921 3256//3256 3920//3920
f 3920//3920 3256//3256 3258//3258
f 3920//3920 3258//3258 3919//3919
f 3919//3919 3258//3258 3260//3260
f 3919//3919 3260//3260 3918//3918
f 3918//3918 3260//3260 3262//3262
f 3918//3918 3262//3262 3917//3917
f 3917//3917 3262//3262 3264//3264
f 3917//3917 3264//3264 3916//3916
f 3916//3916 3264//3264 3266//3266
f 3916//3916 3266//3266 3915//3915
f 3915//3915 3266//3266 3268//3268
f 3915//3915 3268//3268 3914//3914
f 3914//3914 3268//3268 3270//3270
f 3914//3914 3270//3270 3913//3913
f 3913//3913 3270//3270 3272//3272
f 3913//3913 3272//3272 3912//3912
f 3912//3912 3272//3272 3274//3274
f 3912//3912 3274//3274 3911//3911
f 3911//3911 3274//3274 3276//3276
f 3911//3911 3276//3276 3910//3910
f 3910//3910 3276//3276 3278//3278
f 3910//3910 3278//3278 3909//3909
f 3909//3909 3278//3278 3280//3280
f 3909//3909 3280//3280 3908//3908
f 3908//3908 3280//3280 3282//3282
f 3908//3908 3282//3282 3907//3907
f 3907//3907 3282//3282 3284//3284
f 3907//3907 3284//3284 3906//3906
f 3906//3906 3284//3284 3286//3286
f 3906//3906 3286//3286 3905//3905
f 3905//3905 3286//3286 3288//3288
f 3905//3905 3288//3288 3904//3904
f 3904//3904 3288//3288 3290//3290
f 3904//3904 3290//3290 3903//3903
f 3903//3903 3290//3290 3292//3292
f 3903//3903 3292//3292 3003//3003
f 3003//3003 3292//3292 3004//3004
f 3052//3052 3006//3006 3292//3292
f 3292//3292 3006//3006 3005//3005
f 3292//3292 3005//3005 3004//3004
f 3008//3008 3007//3007 3922//3922
f 3922//3922 3007//3007 3052//3052
f 3922//3922 3052//3052 3923//3923
f 3923//3923 3052//3052 3291//3291
f 3923//3923 3291//3291 3924//3924
f 3924//3924 3291//3291 3289//3289
f 3924//3924 3289//3289 3925//3925
f 3925//3925 3289//3289 3287//3287
f 3925//3925 3287//3287 3926//3926
f 3926//3926 3287//3287 3285//3285
f 3926//3926 3285//3285 3927//3927
f 3927//3927 3285//3285 3283//3283
f 3927//3927 3283//3283 3928//3928
f 3928//3928 3283//3283 3281//3281
f 3928//3928 3281//3281 3929//3929
f 3929//3929 3281//3281 3279//3279
f 3929//3929 3279//3279 3930//3930
f 3930//3930 3279//3279 3277//3277
f 3930//3930 3277//3277 3931//3931
f 3931//3931 3277//3277 3275//3275
f 3931//3931 3275//3275 3932//3932
f 3932//3932 3275//3275 3273//3273
f 3932//3932 3273//3273 3933//3933
f 3933//3933 3273//3273 3271//3271
f 3933//3933 3271//3271 3934//3934
f 3934//3934 3271//3271 3269//3269
f 3934//3934 3269//3269 3935//3935
f 3935//3935 3269//3269 3267//3267
f 3935//3935 3267//3267 3936//3936
f 3936//3936 3267//3267 3265//3265
f 3936//3936 3265//3265 3937//3937
f 3937//3937 3265//3265 3263//3263
f 3937//3937 3263//3263 3938//3938
f 3938//3938 3263//3263 3261//3261
f 3938//3938 3261//3261 3939//3939
f 3939//3939 3261//3261 3259//3259
f 3939//3939 3259//3259 3940//3940
f 3940//3940 3259//3259 3257//3257
f 3940//3940 3293//3293 3939//3939
f 3939//3939 3293//3293 3295//3295
f 3939//3939 3295//3295 3938//3938
f 3938//3938 3295//3295 3297//3297
f 3938//3938 3297//3297 3937//3937
f 3937//3937 3297//3297 3299//3299
f 3937//3937 3299//3299 3936//3936
f 3936//3936 3299//3299 3301//3301
f 3936//3936 3301//3301 3935//3935
f 3935//3935 3301//3301 3303//3303
f 3935//3935 3303//3303 3934//3934
f 3934//3934 3303//3303 3305//3305
f 3934//3934 3305//3305 3933//3933
f 3933//3933 3305//3305 3307//3307
f 3933//3933 3307//3307 3932//3932
f 3932//3932 3307//3307 3309//3309
f 3932//3932 3309//3309 3931//3931
f 3931//3931 3309//3309 3311//3311
f 3931//3931 3311//3311 3930//3930
f 3930//3930 3311//3311 3313//3313
f 3930//3930 3313//3313 3929//3929
f 3929//3929 3313//3313 3315//3315
f 3929//3929 3315//3315 3928//3928
f 3928//3928 3315//3315 3317//3317
f 3928//3928 3317//3317 3927//3927
f 3927//3927 3317//3317 3319//3319
f 3927//3927 3319//3319 3926//3926
f 3926//3926 3319//3319 3321//3321
f 3926//3926 3321//3321 3925//3925
f 3925//3925 3321//3321 3323//3323
f 3925//3925 3323//3323 3924//3924
f 3924//3924 3323//3323 3325//3325
f 3924//3924 3325//3325 3923//3923
f 3923//3923 3325//3325 3327//3327
f 3923//3923 3327//3327 3922//3922
f 3922//3922 3327//3327 3329//3329
f 3922//3922 3329//3329 3008//3008
f 3008//3008 3329//3329 3009//3009
f 3051//3051 3011//3011 3329//3329
f 3329//3329 3011//3011 3010//3010
f 3329//3329 3010//3010 3009//3009
f 3013//3013 3012//3012 3941//3941
f 3941//3941 3012//3012 3051//3051
f 3941//3941 3051//3051 3942//3942
f 3942//3942 3051//3051 3328//3328
f 3942//3942 3328//3328 3943//3943
f 3943//3943 3328//3328 3326//3326
f 3943//3943 3326//3326 3944//3944
f 3944//3944 3326//3326 3324//3324
f 3944//3944 3324//3324 3945//3945
f 3945//3945 3324//3324 3322//3322
f 3945//3945 3322//3322 3946//3946
f 3946//3946 3322//3322 3320//3320
f 3946//3946 3320//3320 3947//3947
f 3947//3947 3320//3320 3318//3318
f 3947//3947 3318//3318 3948//3948
f 3948//3948 3318//3318 3316//3316
f 3948//3948 3316//3316 3949//3949
f 3949//3949 3316//3316 3314//3314
f 3949//3949 3314//3314 3950//3950
f 3950//3950 3314//3314 3312//3312
f 3950//3950 3312//3312 3951//3951
f 3951//3951 3312//3312 3310//3310
f 3951//3951 3310//3310 3952//3952
f 3952//3952 3310//3310 3308//3308
f 3952//3952 3308//3308 3953//3953
f 3953//3953 3308//3308 3306//3306
f 3953//3953 3306//3306 3954//3954
f 3954//3954 3306//3306 3304//3304
f 3954//3954 3304//3304 3955//3955
f 3955//3955 3304//3304 3302//3302
f 3955//3955 3302//3302 3956//3956
f 3956//3956 3302//3302 3300//3300
f 3956//3956 3300//3300 3957//3957
f 3957//3957 3300//3300 3298//3298
f 3957//3957 3298//3298 3958//3958
f 3958//3958 3298//3298 3296//3296
f 3958//3958 3296//3296 3959//3959
f 3959//3959 3296//3296 3294//3294
f 3959//3959 3330//3330 3958//3958
f 3958//3958 3330//3330 3332//3332
f 3958//3958 3332//3332 3957//3957
f 3957//3957 3332//3332 3334//3334
f 3957//3957 3334//3334 3956//3956
f 3956//3956 3334//3334 3336//3336
f 3956//3956 3336//3336 3955//3955
f 3955//3955 3336//3336 3338//3338
f 3955//3955 3338//3338 3954//3954
f 3954//3954 3338//3338 3340//3340
f 3954//3954 3340//3340 3953//3953
f 3953//3953 3340//3340 3342//3342
f 3953//3953 3342//3342 3952//3952
f 3952//3952 3342//3342 3344//3344
f 3952//3952 3344//3344 3951//3951
f 3951//3951 3344//3344 3346//3346
f 3951//3951 3346//3346 3950//3950
f 3950//3950 3346//3346 3348//3348
f 3950//3950 3348//3348 3949//3949
f 3949//3949 3348//3348 3350//3350
f 3949//3949 3350//3350 3948//3948
f 3948//3948 3350//3350 3352//3352
f 3948//3948 3352//3352 3947//3947
f 3947//3947 3352//3352 3354//3354
f 3947//3947 3354//3354 3946//3946
f 3946//3946 3354//3354 3356//3356
f 3946//3946 3356//3356 3945//3945
f 3945//3945 3356//3356 3358//3358
f 3945//3945 3358//3358 3944//3944
f 3944//3944 3358//3358 3360//3360
f 3944//3944 3360//3360 3943//3943
f 3943//3943 3360//3360 3362//3362
f 3943//3943 3362//3362 3942//3942
f 3942//3942 3362//3362 3364//3364
f 3942//3942 3364//3364 3941//3941
f 3941//3941 3364//3364 3366//3366
f 3941//3941 3366//3366 3013//3013
f 3013//3013 3366//3366 3014//3014
f 3050//3050 3016//3016 3366//3366
f 3366//3366 3016//3016 3015//3015
f 3366//3366 3015//3015 3014//3014
f 3018//3018 3017//3017 3049//3049
f 3049//3049 3017//3017 3050//3050
f 3049//3049 3050//3050 3960//3960
f 3960//3960 3050//3050 3365//3365
f 3960//3960 3365//3365 3961//3961
f 3961//3961 3365//3365 3363//3363
f 3961//3961 3363//3363 3962//3962
f 3962//3962 3363//3363 3361//3361
f 3962//3962 3361//3361 3963//3963
f 3963//3963 3361//3361 3359//3359
f 3963//3963 3359//3359 3964//3964
f 3964//3964 3359//3359 3357//3357
f 3964//3964 3357//3357 3965//3965
f 3965//3965 3357//3357 3355//3355
f 3965//3965 3355//3355 3966//3966
f 3966//3966 3355//3355 3353//3353
f 3966//3966 3353//3353 3967//3967
f 3967//3967 3353//3353 3351//3351
f 3967//3967 3351//3351 3968//3968
f 3968//3968 3351//3351 3349//3349
f 3968//3968 3349//3349 3969//3969
f 3969//3969 3349//3349 3347//3347
f 3969//3969 3347//3347 3970//3970
f 3970//3970 3347//3347 3345//3345
f 3970//3970 3345//3345 3971//3971
f 3971//3971 3345//3345 3343//3343
f 3971//3971 3343//3343 3972//3972
f 3972//3972 3343//3343 3341//3341
f 3972//3972 3341//3341 3973//3973
f 3973//3973 3341//3341 3339//3339
f 3973//3973 3339//3339 3974//3974
f 3974//3974 3339//3339 3337//3337
f 3974//3974 3337//3337 3975//3975
f 3975//3975 3337//3337 3335//3335
f 3975//3975 3335//3335 3976//3976
f 3976//3976 3335//3335 3333//3333
f 3976//3976 3333//3333 3977//3977
f 3977//3977 3333//3333 3331//3331
f 3020//3020 3019//3019 3978//3978
f 3978//3978 3019//3019 3049//3049
f 3978//3978 3049//3049 3979//3979
f 3979//3979 3049//3049 3960//3960
f 3979//3979 3960//3960 3980//3980
f 3980//3980 3960//3960 3961//3961
f 3980//3980 3961//3961 3981//3981
f 3981//3981 3961//3961 3962//3962
f 3981//3981 3962//3962 3982//3982
f 3982//3982 3962//3962 3963//3963
f 3982//3982 3963//3963 3983//3983
f 3983//3983 3963//3963 3964//3964
f 3983//3983 3964//3964 3984//3984
f 3984//3984 3964//3964 3965//3965
f 3984//3984 3965//3965 3985//3985
f 3985//3985 3965//3965 3966//3966
f 3985//3985 3966//3966 3986//3986
f 3986//3986 3966//3966 3967//3967
f 3986//3986 3967//3967 3987//3987
f 3987//3987 3967//3967 3968//3968
f 3987//3987 3968//3968 3988//3988
f 3988//3988 3968//3968 3969//3969
f 3988//3988 3969//3969 3989//3989
f 3989//3989 3969//3969 3970//3970
f 3989//3989 3970//3970 3990//3990
f 3990//3990 3970//3970 3971//3971
f 3990//3990 3971//3971 3991//3991
f 3991//3991 3971//3971 3972//3972
f 3991//3991 3972//3972 3992//3992
f 3992//3992 3972//3972 3973//3973
f 3992//3992 3973//3973 3993//3993
f 3993//3993 3973//3973 3974//3974
f 3993//3993 3974//3974 3994//3994
f 3994//3994 3974//3974 3975//3975
f 3994//3994 3975//3975 3995//3995
f 3995//3995 3975//3975 3976//3976
f 3995//3995 3976//3976 3996//3996
f 3996//3996 3976//3976 3977//3977
f 3996//3996 3997//3997 3995//3995
f 3995//3995 3997//3997 3998//3998
f 3995//3995 3998//3998 3994//3994
f 3994//3994 3998//3998 3999//3999
f 3994//3994 3999//3999 3993//3993
f 3993//3993 3999//3999 4000//4000
f 3993//3993 4000//4000 3992//3992
f 3992//3992 4000//4000 4001//4001
f 3992//3992 4001//4001 3991//3991
f 3991//3991 4001//4001 4002//4002
f 3991//3991 4002//4002 3990//3990
f 3990//3990 4002//4002 4003//4003
f 3990//3990 4003//4003 3989//3989
f 3989//3989 4003//4003 4004//4004
f 3989//3989 4004//4004 3988//3988
f 3988//3988 4004//4004 4005//4005
f 3988//3988 4005//4005 3987//3987
f 3987//3987 4005//4005 4006//4006
f 3987//3987 4006//4006 3986//3986
f 3986//3986 4006//4006 4007//4007
f 3986//3986 4007//4007 3985//3985
f 3985//3985 4007//4007 4008//4008
f 3985//3985 4008//4008 3984//3984
f 3984//3984 4008//4008 4009//4009
f 3984//3984 4009//4009 3983//3983
f 3983//3983 4009//4009 4010//4010
f 3983//3983 4010//4010 3982//3982
f 3982//3982 4010//4010 4011//4011
f 3982//3982 4011//4011 3981//3981
f 3981//3981 4011//4011 4012//4012
f 3981//3981 4012//4012 3980//3980
f 3980//3980 4012//4012 4013//4013
f 3980//3980 4013//4013 3979//3979
f 3979//3979 4013//4013 4014//4014
f 3979//3979 4014//4014 3978//3978
f 3978//3978 4014//4014 3048//3048
f 3978//3978 3048//3048 3020//3020
f 3020//3020 3048//3048 3021//3021
f 3997//3997 4015//4015 3998//3998
f 3998//3998 4015//4015 4016//4016
f 3998//3998 4016//4016 3999//3999
f 3999//3999 4016//4016 4017//4017
f 3999//3999 4017//4017 4000//4000
f 4000//4000 4017//4017 4018//4018
f 4000//4000 4018//4018 4001//4001
f 4001//4001 4018//4018 4019//4019
f 4001//4001 4019//4019 4002//4002
f 4002//4002 4019//4019 4020//4020
f 4002//4002 4020//4020 4003//4003
f 4003//4003 4020//4020 4021//4021
f 4003//4003 4021//4021 4004//4004
f 4004//4004 4021//4021 4022//4022
f 4004//4004 4022//4022 4005//4005
f 4005//4005 4022//4022 4023//4023
f 4005//4005 4023//4023 4006//4006
f 4006//4006 4023//4023 4024//4024
f 4006//4006 4024//4024 4007//4007
f 4007//4007 4024//4024 4025//4025
f 4007//4007 4025//4025 4008//4008
f 4008//4008 4025//4025 4026//4026
f 4008//4008 4026//4026 4009//4009
f 4009//4009 4026//4026 4027//4027
f 4009//4009 4027//4027 4010//4010
f 4010//4010 4027//4027 4028//4028
f 4010//4010 4028//4028 4011//4011
f 4011//4011 4028//4028 4029//4029
f 4011//4011 4029//4029 4012//4012
f 4012//4012 4029//4029 4030//4030
f 4012//4012 4030//4030 4013//4013
f 4013//4013 4030//4030 4031//4031
f 4013//4013 4031//4031 4014//4014
f 4014//4014 4031//4031 4032//4032
f 4014//4014 4032//4032 3048//3048
f 3048//3048 4032//4032 3047//3047
f 3048//3048 3047//3047 3022//3022
f 3022//3022 3047//3047 3023//3023
f 3025//3025 3024//3024 4033//4033
f 4033//4033 3024//3024 3047//3047
f 4033//4033 3047//3047 4034//4034
f 4034//4034 3047//3047 4032//4032
f 4034//4034 4032//4032 4035//4035
f 4035//4035 4032//4032 4031//4031
f 4035//4035 4031//4031 4036//4036
f 4036//4036 4031//4031 4030//4030
f 4036//4036 4030//4030 4037//4037
f 4037//4037 4030//4030 4029//4029
f 4037//4037 4029//4029 4038//4038
f 4038//4038 4029//4029 4028//4028
f 4038//4038 4028//4028 4039//4039
f 4039//4039 4028//4028 4027//4027
f 4039//4039 4027//4027 4040//4040
f 4040//4040 4027//4027 4026//4026
f 4040//4040 4026//4026 4041//4041
f 4041//4041 4026//4026 4025//4025
f 4041//4041 4025//4025 4042//4042
f 4042//4042 4025//4025 4024//4024
f 4042//4042 4024//4024 4043//4043
f 4043//4043 4024//4024 4023//4023
f 4043//4043 4023//4023 4044//4044
f 4044//4044 4023//4023 4022//4022
f 4044//4044 4022//4022 4045//4045
f 4045//4045 4022//4022 4021//4021
f 4045//4045 4021//4021 4046//4046
f 4046//4046 4021//4021 4020//4020
f 4046//4046 4020//4020 4047//4047
f 4047//4047 4020//4020 4019//4019
f 4047//4047 4019//4019 4048//4048
f 4048//4048 4019//4019 4018//4018
f 4048//4048 4018//4018 4049//4049
f 4049//4049 4018//4018 4017//4017
f 4049//4049 4017//4017 4050//4050
f 4050//4050 4017//4017 4016//4016
f 4050//4050 4016//4016 4051//4051
f 4051//4051 4016//4016 4015//4015
f 4051//4051 4052//4052 4050//4050
f 4050//4050 4052//4052 4053//4053
f 4050//4050 4053//4053 4049//4049
f 4049//4049 4053//4053 4054//4054
f 4049//4049 4054//4054 4048//4048
f 4048//4048 4054//4054 4055//4055
f 4048//4048 4055//4055 4047//4047
f 4047//4047 4055//4055 4056//4056
f 4047//4047 4056//4056 4046//4046
f 4046//4046 4056//4056 4057//4057
f 4046//4046 4057//4057 4045//4045
f 4045//4045 4057//4057 4058//4058
f 4045//4045 4058//4058 4044//4044
f 4044//4044 4058//4058 4059//4059
f 4044//4044 4059//4059 4043//4043
f 4043//4043 4059//4059 4060//4060
f 4043//4043 4060//4060 4042//4042
f 4042//4042 4060//4060 4061//4061
f 4042//4042 4061//4061 4041//4041
f 4041//4041 4061//4061 4062//4062
f 4041//4041 4062//4062 4040//4040
f 4040//4040 4062//4062 4063//4063
f 4040//4040 4063//4063 4039//4039
f 4039//4039 4063//4063 4064//4064
f 4039//4039 4064//4064 4038//4038
f 4038//4038 4064//4064 4065//4065
f 4038//4038 4065//4065 4037//4037
f 4037//4037 4065//4065 4066//4066
f 4037//4037 4066//4066 4036//4036
f 4036//4036 4066//4066 4067//4067
f 4036//4036 4067//4067 4035//4035
f 4035//4035 4067//4067 4068//4068
f 4035//4035 4068//4068 4034//4034
f 4034//4034 4068//4068 4069//4069
f 4034//4034 4069//4069 4033//4033
f 4033//4033 4069//4069 3046//3046
f 4033//4033 3046//3046 3025//3025
f 3025//3025 3046//3046 3026//3026
f 4052//4052 4070//4070 4053//4053
f 4053//4053 4070//4070 4071//4071
f 4053//4053 4071//4071 4054//4054
f 4054//4054 4071//4071 4072//4072
f 4054//4054 4072//4072 4055//4055
f 4055//4055 4072//4072 4073//4073
f 4055//4055 4073//4073 4056//4056
f 4056//4056 4073//4073 4074//4074
f 4056//4056 4074//4074 4057//4057
f 4057//4057 4074//4074 4075//4075
f 4057//4057 4075//4075 4058//4058
f 4058//4058 4075//4075 4076//4076
f 4058//4058 4076//4076 4059//4059
f 4059//4059 4076//4076 4077//4077
f 4059//4059 4077//4077 4060//4060
f 4060//4060 4077//4077 4078//4078
f 4060//4060 4078//4078 4061//4061
f 4061//4061 4078//4078 4079//4079
f 4061//4061 4079//4079 4062//4062
f 4062//4062 4079//4079 4080//4080
f 4062//4062 4080//4080 4063//4063
f 4063//4063 4080//4080 4081//4081
f 4063//4063 4081//4081 4064//4064
f 4064//4064 4081//4081 4082//4082
f 4064//4064 4082//4082 4065//4065
f 4065//4065 4082//4082 4083//4083
f 4065//4065 4083//4083 4066//4066
f 4066//4066 4083//4083 4084//4084
f 4066//4066 4084//4084 4067//4067
f 4067//4067 4084//4084 4085//4085
f 4067//4067 4085//4085 4068//4068
f 4068//4068 4085//4085 4086//4086
f 4068//4068 4086//4086 4069//4069
f 4069//4069 4086//4086 4087//4087
f 4069//4069 4087//4087 3046//3046
f 3046//3046 4087//4087 3045//3045
f 3046//3046 3045//3045 3027//3027
f 3027//3027 3045//3045 3028//3028
f 3030//3030 3029//3029 4088//4088
f 4088//4088 3029//3029 3045//3045
f 4088//4088 3045//3045 4089//4089
f 4089//4089 3045//3045 4087//4087
f 4089//4089 4087//4087 4090//4090
f 4090//4090 4087//4087 4086//4086
f 4090//4090 4086//4086 4091//4091
f 4091//4091 4086//4086 4085//4085
f 4091//4091 4085//4085 4092//4092
f 4092//4092 4085//4085 4084//4084
f 4092//4092 4084//4084 4093//4093
f 4093//4093 4084//4084 4083//4083
f 4093//4093 4083//4083 4094//4094
f 4094//4094 4083//4083 4082//4082
f 4094//4094 4082//4082 4095//4095
f 4095//4095 4082//4082 4081//4081
f 4095//4095 4081//4081 4096//4096
f 4096//4096 4081//4081 4080//4080
f 4096//4096 4080//4080 4097//4097
f 4097//4097 4080//4080 4079//4079
f 4097//4097 4079//4079 4098//4098
f 4098//4098 4079//4079 4078//4078
f 4098//4098 4078//4078 4099//4099
f 4099//4099 4078//4078 4077//4077
f 4099//4099 4077//4077 4100//4100
f 4100//4100 4077//4077 4076//4076
f 4100//4100 4076//4076 4101//4101
f 4101//4101 4076//4076 4075//4075
f 4101//4101 4075//4075 4102//4102
f 4102//4102 4075//4075 4074//4074
f 4102//4102 4074//4074 4103//4103
f 4103//4103 4074//4074 4073//4073
f 4103//4103 4073//4073 4104//4104
f 4104//4104 4073//4073 4072//4072
f 4104//4104 4072//4072 4105//4105
f 4105//4105 4072//4072 4071//4071
f 4105//4105 4071//4071 4106//4106
f 4106//4106 4071//4071 4070//4070
f 4106//4106 3367//3367 4105//4105
f 4105//4105 3367//3367 3369//3369
f 4105//4105 3369//3369 4104//4104
f 4104//4104 3369//3369 3371//3371
f 4104//4104 3371//3371 4103//4103
f 4103//4103 3371//3371 3373//3373
f 4103//4103 3373//3373 4102//4102
f 4102//4102 3373//3373 3375//3375
f 4102//4102 3375//3375 4101//4101
f 4101//4101 3375//3375 3377//3377
f 4101//4101 3377//3377 4100//4100
f 4100//4100 3377//3377 3379//3379
f 4100//4100 3379//3379 4099//4099
f 4099//4099 3379//3379 3381//3381
f 4099//4099 3381//3381 4098//4098
f 4098//4098 3381//3381 3383//3383
f 4098//4098 3383//3383 4097//4097
f 4097//4097 3383//3383 3385//3385
f 4097//4097 3385//3385 4096//4096
f 4096//4096 3385//3385 3387//3387
f 4096//4096 3387//3387 4095//4095
f 4095//4095 3387//3387 3389//3389
f 4095//4095 3389//3389 4094//4094
f 4094//4094 3389//3389 3391//3391
f 4094//4094 3391//3391 4093//4093
f 4093//4093 3391//3391 3393//3393
f 4093//4093 3393//3393 4092//4092
f 4092//4092 3393//3393 3395//3395
f 4092//4092 3395//3395 4091//4091
f 4091//4091 3395//3395 3397//3397
f 4091//4091 3397//3397 4090//4090
f 4090//4090 3397//3397 3399//3399
f 4090//4090 3399//3399 4089//4089
f 4089//4089 3399//3399 3401//3401
f 4089//4089 3401//3401 4088//4088
f 4088//4088 3401//3401 3403//3403
f 4088//4088 3403//3403 3030//3030
f 3030//3030 3403//3403 3031//3031
f 3044//3044 3033//3033 3403//3403
f 3403//3403 3033//3033 3032//3032
f 3403//3403 3032//3032 3031//3031
f 3035//3035 3034//3034 4107//4107
f 4107//4107 3034//3034 3044//3044
f 4107//4107 3044//3044 4108//4108
f 4108//4108 3044//3044 3402//3402
f 4108//4108 3402//3402 4109//4109
f 4109//4109 3402//3402 3400//3400
f 4109//4109 3400//3400 4110//4110
f 4110//4110 3400//3400 3398//3398
f 4110//4110 3398//3398 4111//4111
f 4111//4111 3398//3398 3396//3396
f 4111//4111 3396//3396 4112//4112
f 4112//4112 3396//3396 3394//3394
f 4112//4112 3394//3394 4113//4113
f 4113//4113 3394//3394 3392//3392
f 4113//4113 3392//3392 4114//4114
f 4114//4114 3392//3392 3390//3390
f 4114//4114 3390//3390 4115//4115
f 4115//4115 3390//3390 3388//3388
f 4115//4115 3388//3388 4116//4116
f 4116//4116 3388//3388 3386//3386
f 4116//4116 3386//3386 4117//4117
f 4117//4117 3386//3386 3384//3384
f 4117//4117 3384//3384 4118//4118
f 4118//4118 3384//3384 3382//3382
f 4118//4118 3382//3382 4119//4119
f 4119//4119 3382//3382 3380//3380
f 4119//4119 3380//3380 4120//4120
f 4120//4120 3380//3380 3378//3378
f 4120//4120 3378//3378 4121//4121
f 4121//4121 3378//3378 3376//3376
f 4121//4121 3376//3376 4122//4122
f 4122//4122 3376//3376 3374//3374
f 4122//4122 3374//3374 4123//4123
f 4123//4123 3374//3374 3372//3372
f 4123//4123 3372//3372 4124//4124
f 4124//4124 3372//3372 3370//3370
f 4124//4124 3370//3370 4125//4125
f 4125//4125 3370//3370 3368//3368
f 4125//4125 3404//3404 4124//4124
f 4124//4124 3404//3404 3406//3406
f 4124//4124 3406//3406 4123//4123
f 4123//4123 3406//3406 3408//3408
f 4123//4123 3408//3408 4122//4122
f 4122//4122 3408//3408 3410//3410
f 4122//4122 3410//3410 4121//4121
f 4121//4121 3410//3410 3412//3412
f 4121//4121 3412//3412 4120//4120
f 4120//4120 3412//3412 3414//3414
f 4120//4120 3414//3414 4119//4119
f 4119//4119 3414//3414 3416//3416
f 4119//4119 3416//3416 4118//4118
f 4118//4118 3416//3416 3418//3418
f 4118//4118 3418//3418 4117//4117
f 4117//4117 3418//3418 3420//3420
f 4117//4117 3420//3420 4116//4116
f 4116//4116 3420//3420 3422//3422
f 4116//4116 3422//3422 4115//4115
f 4115//4115 3422//3422 3424//3424
f 4115//4115 3424//3424 4114//4114
f 4114//4114 3424//3424 3426//3426
f 4114//4114 3426//3426 4113//4113
f 4113//4113 3426//3426 3428//3428
f 4113//4113 3428//3428 4112//4112
f 4112//4112 3428//3428 3430//3430
f 4112//4112 3430//3430 4111//4111
f 4111//4111 3430//3430 3432//3432
f 4111//4111 3432//3432 4110//4110
f 4110//4110 3432//3432 3434//3434
f 4110//4110 3434//3434 4109//4109
f 4109//4109 3434//3434 3436//3436
f 4109//4109 3436//3436 4108//4108
f 4108//4108 3436//3436 3438//3438
f 4108//4108 3438//3438 4107//4107
f 4107//4107 3438//3438 3440//3440
f 4107//4107 3440//3440 3035//3035
f 3035//3035 3440//3440 3036//3036
f 3043//3043 3038//3038 3440//3440
f 3440//3440 3038//3038 3037//3037
f 3440//3440 3037//3037 3036//3036
f 3042//3042 3039//3039 4126//4126
f 4126//4126 3039//3039 3043//3043
f 4126//4126 3043//3043 4127//4127
f 4127//4127 3043//3043 3439//3439
f 4127//4127 3439//3439 4128//4128
f 4128//4128 3439//3439 3437//3437
f 4128//4128 3437//3437 4129//4129
f 4129//4129 3437//3437 3435//3435
f 4129//4129 3435//3435 4130//4130
f 4130//4130 3435//3435 3433//3433
f 4130//4130 3433//3433 4131//4131
f 4131//4131 3433//3433 3431//3431
f 4131//4131 3431//3431 4132//4132
f 4132//4132 3431//3431 3429//3429
f 4132//4132 3429//3429 4133//4133
f 4133//4133 3429//3429 3427//3427
f 4133//4133 3427//3427 4134//4134
f 4134//4134 3427//3427 3425//3425
f 4134//4134 3425//3425 4135//4135
f 4135//4135 3425//3425 3423//3423
f 4135//4135 3423//3423 4136//4136
f 4136//4136 3423//3423 3421//3421
f 4136//4136 3421//3421 4137//4137
f 4137//4137 3421//3421 3419//3419
f 4137//4137 3419//3419 4138//4138
f 4138//4138 3419//3419 3417//3417
f 4138//4138 3417//3417 4139//4139
f 4139//4139 3417//3417 3415//3415
f 4139//4139 3415//3415 4140//4140
f 4140//4140 3415//3415 3413//3413
f 4140//4140 3413//3413 4141//4141
f 4141//4141 3413//3413 3411//3411
f 4141//4141 3411//3411 4142//4142
f 4142//4142 3411//3411 3409//3409
f 4142//4142 3409//3409 4143//4143
f 4143//4143 3409//3409 3407//3407
f 4143//4143 3407//3407 4144//4144
f 4144//4144 3407//3407 3405//3405
f 4144//4144 3441//3441 4143//4143
f 4143//4143 3441//3441 3443//3443
f 4143//4143 3443//3443 4142//4142
f 4142//4142 3443//3443 3445//3445
f 4142//4142 3445//3445 4141//4141
f 4141//4141 3445//3445 3447//3447
f 4141//4141 3447//3447 4140//4140
f 4140//4140 3447//3447 3449//3449
f 4140//4140 3449//3449 4139//4139
f 4139//4139 3449//3449 3451//3451
f 4139//4139 3451//3451 4138//4138
f 4138//4138 3451//3451 3453//3453
f 4138//4138 3453//3453 4137//4137
f 4137//4137 3453//3453 3455//3455
f 4137//4137 3455//3455 4136//4136
f 4136//4136 3455//3455 3457//3457
f 4136//4136 3457//3457 4135//4135
f 4135//4135 3457//3457 3459//3459
f 4135//4135 3459//3459 4134//4134
f 4134//4134 3459//3459 3461//3461
f 4134//4134 3461//3461 4133//4133
f 4133//4133 3461//3461 3463//3463
f 4133//4133 3463//3463 4132//4132
f 4132//4132 3463//3463 3465//3465
f 4132//4132 3465//3465 4131//4131
f 4131//4131 3465//3465 3467//3467
f 4131//4131 3467//3467 4130//4130
f 4130//4130 3467//3467 3469//3469
f 4130//4130 3469//3469 4129//4129
f 4129//4129 3469//3469 3471//3471
f 4129//4129 3471//3471 4128//4128
f 4128//4128 3471//3471 3473//3473
f 4128//4128 3473//3473 4127//4127
f 4127//4127 3473//3473 3475//3475
f 4127//4127 3475//3475 4126//4126
f 4126//4126 3475//3475 3477//3477
f 4126//4126 3477//3477 3042//3042
f 3042//3042 3477//3477 3041//3041
f 4145//4145 3331//3331 4146//4146
f 4146//4146 3331//3331 3330//3330
f 4146//4146 3330//3330 4147//4147
f 4147//4147 3330//3330 3959//3959
f 4147//4147 3959//3959 4148//4148
f 4148//4148 3959//3959 3294//3294
f 4148//4148 3294//3294 4149//4149
f 4149//4149 3294//3294 3293//3293
f 4149//4149 3293//3293 4150//4150
f 4150//4150 3293//3293 3940//3940
f 4150//4150 3940//3940 4151//4151
f 4151//4151 3940//3940 3257//3257
f 4151//4151 3257//3257 4152//4152
f 4152//4152 3257//3257 3256//3256
f 4152//4152 3256//3256 4153//4153
f 4153//4153 3256//3256 3921//3921
f 4153//4153 3921//3921 4154//4154
f 4154//4154 3921//3921 3885//3885
f 4154//4154 3885//3885 4155//4155
f 4155//4155 3885//3885 3867//3867
f 4155//4155 3867//3867 4156//4156
f 4156//4156 3867//3867 3866//3866
f 4156//4156 3866//3866 4157//4157
f 4157//4157 3866//3866 3830//3830
f 4157//4157 3830//3830 4158//4158
f 4158//4158 3830//3830 3812//3812
f 4158//4158 3812//3812 4159//4159
f 4159//4159 3812//3812 3793//3793
f 4159//4159 3793//3793 4160//4160
f 4160//4160 3793//3793 3792//3792
f 4160//4160 3792//3792 4161//4161
f 4161//4161 3792//3792 3220//3220
f 4161//4161 3220//3220 4162//4162
f 4162//4162 3220//3220 3219//3219
f 4162//4162 3219//3219 4163//4163
f 4163//4163 3219//3219 3773//3773
f 4163//4163 3773//3773 4164//4164
f 4164//4164 3773//3773 3183//3183
f 4164//4164 3183//3183 4165//4165
f 4165//4165 3183//3183 3182//3182
f 4165//4165 3182//3182 4166//4166
f 4166//4166 3182//3182 3754//3754
f 4166//4166 3754//3754 4167//4167
f 4167//4167 3754//3754 3718//3718
f 4167//4167 3718//3718 4168//4168
f 4168//4168 3718//3718 3700//3700
f 4168//4168 3700//3700 4169//4169
f 4169//4169 3700//3700 3699//3699
f 4169//4169 3699//3699 4170//4170
f 4170//4170 3699//3699 3663//3663
f 4170//4170 3663//3663 4171//4171
f 4171//4171 3663//3663 3645//3645
f 4171//4171 3645//3645 4172//4172
f 4172//4172 3645//3645 3644//3644
f 4172//4172 3644//3644 4173//4173
f 3644//3644 3625//3625 4173//4173
f 4173//4173 3625//3625 3146//3146
f 4173//4173 3146//3146 4174//4174
f 4174//4174 3146//3146 3145//3145
f 4174//4174 3145//3145 4175//4175
f 4175//4175 3145//3145 3607//3607
f 4175//4175 3607//3607 4176//4176
f 4176//4176 3607//3607 3109//3109
f 4176//4176 3109//3109 4177//4177
f 4177//4177 3109//3109 3108//3108
f 4177//4177 3108//3108 4178//4178
f 4178//4178 3108//3108 3588//3588
f 4178//4178 3588//3588 4179//4179
f 4179//4179 3588//3588 3072//3072
f 4179//4179 3072//3072 4180//4180
f 4180//4180 3072//3072 3071//3071
f 4180//4180 3071//3071 4181//4181
f 4181//4181 3071//3071 3569//3569
f 4181//4181 3569//3569 4182//4182
f 4182//4182 3569//3569 3533//3533
f 4182//4182 3533//3533 4183//4183
f 4183//4183 3533//3533 3515//3515
f 4183//4183 3515//3515 4184//4184
f 4184//4184 3515//3515 3514//3514
f 4184//4184 3514//3514 4185//4185
f 4185//4185 3514//3514 3478//3478
f 4185//4185 3478//3478 4186//4186
f 4186//4186 3478//3478 3442//3442
f 4186//4186 3442//3442 4187//4187
f 4187//4187 3442//3442 3441//3441
f 4187//4187 3441//3441 4188//4188
f 4188//4188 3441//3441 4144//4144
f 4188//4188 4144//4144 4189//4189
f 4189//4189 4144//4144 3405//3405
f 4189//4189 3405//3405 4190//4190
f 4190//4190 3405//3405 3404//3404
f 4190//4190 3404//3404 4191//4191
f 4191//4191 3404//3404 4125//4125
f 4191//4191 4125//4125 4192//4192
f 4192//4192 4125//4125 3368//3368
f 4192//4192 3368//3368 4193//4193
f 4193//4193 3368//3368 3367//3367
f 4193//4193 3367//3367 4194//4194
f 4194//4194 3367//3367 4106//4106
f 4194//4194 4106//4106 4195//4195
f 4195//4195 4106//4106 4070//4070
f 4195//4195 4070//4070 4196//4196
f 4196//4196 4070//4070 4052//4052
f 4196//4196 4052//4052 4197//4197
f 4197//4197 4052//4052 4051//4051
f 4197//4197 4051//4051 4198//4198
f 4198//4198 4051//4051 4015//4015
f 4198//4198 4015//4015 4199//4199
f 4199//4199 4015//4015 3997//3997
f 4199//4199 3997//3997 4200//4200
f 4200//4200 3997//3997 3996//3996
f 4200//4200 3996//3996 4145//4145
f 4145//4145 3996//3996 3977//3977
f 4145//4145 3977//3977 3331//3331
f 4201//4201 4202//4202 4203//4203
f 4203//4203 4204//4204 4201//4201
f 4201//4201 4204//4204 4205//4205
f 4201//4201 4205//4205 4206//4206
f 4206//4206 4205//4205 4207//4207
f 4206//4206 4207//4207 4208//4208
f 4207//4207 4209//4209 4208//4208
f 4208//4208 4209//4209 4210//4210
f 4208//4208 4210//4210 4211//4211
f 4210//4210 4212//4212 4211//4211
f 4211//4211 4212//4212 4213//4213
f 4211//4211 4213//4213 4214//4214
f 4214//4214 4213//4213 4215//4215
f 4214//4214 4215//4215 4216//4216
f 4215//4215 4217//4217 4216//4216
f 4216//4216 4217//4217 4218//4218
f 4216//4216 4218//4218 4219//4219
f 4218//4218 4220//4220 4219//4219
f 4219//4219 4220//4220 4221//4221
f 4219//4219 4221//4221 4222//4222
f 4222//4222 4221//4221 4223//4223
f 4222//4222 4223//4223 4224//4224
f 4223//4223 4225//4225 4224//4224
f 4224//4224 4225//4225 4226//4226
f 4224//4224 4226//4226 4227//4227
f 4226//4226 4228//4228 4227//4227
f 4227//4227 4228//4228 4229//4229
f 4227//4227 4229//4229 4230//4230
f 4230//4230 4229//4229 4231//4231
f 4230//4230 4231//4231 4232//4232
f 4231//4231 4233//4233 4232//4232
f 4232//4232 4233//4233 4234//4234
f 4232//4232 4234//4234 4235//4235
f 4234//4234 4236//4236 4235//4235
f 4235//4235 4236//4236 4237//4237
f 4235//4235 4237//4237 4238//4238
f 4238//4238 4237//4237 4239//4239
f 4238//4238 4239//4239 4240//4240
f 4239//4239 4241//4241 4240//4240
f 4240//4240 4241//4241 4242//4242
f 4240//4240 4242//4242 4243//4243
f 4242//4242 4244//4244 4243//4243
f 4243//4243 4244//4244 4245//4245
f 4243//4243 4245//4245 4246//4246
f 4246//4246 4245//4245 4247//4247
f 4246//4246 4247//4247 4248//4248
f 4247//4247 4249//4249 4248//4248
f 4248//4248 4249//4249 4250//4250
f 4248//4248 4250//4250 4251//4251
f 4250//4250 4252//4252 4251//4251
f 4251//4251 4252//4252 4253//4253
f 4251//4251 4253//4253 4254//4254
f 4254//4254 4253//4253 4255//4255
f 4254//4254 4255//4255 4256//4256
f 4255//4255 4257//4257 4256//4256
f 4256//4256 4257//4257 4258//4258
f 4256//4256 4258//4258 4259//4259
f 4258//4258 4260//4260 4259//4259
f 4259//4259 4260//4260 4261//4261
f 4259//4259 4261//4261 4262//4262
f 4262//4262 4261//4261 4263//4263
f 4262//4262 4263//4263 4264//4264
f 4263//4263 4265//4265 4264//4264
f 4264//4264 4265//4265 4266//4266
f 4264//4264 4266//4266 4267//4267
f 4266//4266 4268//4268 4267//4267
f 4267//4267 4268//4268 4269//4269
f 4267//4267 4269//4269 4270//4270
f 4270//4270 4269//4269 4271//4271
f 4270//4270 4271//4271 4272//4272
f 4272//4272 4271//4271 4273//4273
f 4272//4272 4273//4273 4274//4274
f 4273//4273 4275//4275 4274//4274
f 4274//4274 4275//4275 4276//4276
f 4274//4274 4276//4276 4277//4277
f 4276//4276 4278//4278 4277//4277
f 4277//4277 4278//4278 4279//4279
f 4277//4277 4279//4279 4280//4280
f 4280//4280 4279//4279 4281//4281
f 4280//4280 4281//4281 4282//4282
f 4281//4281 4283//4283 4282//4282
f 4282//4282 4283//4283 4284//4284
f 4282//4282 4284//4284 4285//4285
f 4284//4284 4286//4286 4285//4285
f 4285//4285 4286//4286 4287//4287
f 4285//4285 4287//4287 4288//4288
f 4288//4288 4287//4287 4289//4289
f 4288//4288 4289//4289 4290//4290
f 4289//4289 4291//4291 4290//4290
f 4290//4290 4291//4291 4292//4292
f 4290//4290 4292//4292 4293//4293
f 4292//4292 4294//4294 4293//4293
f 4293//4293 4294//4294 4295//4295
f 4293//4293 4295//4295 4296//4296
f 4296//4296 4295//4295 4297//4297
f 4296//4296 4297//4297 4298//4298
f 4297//4297 4299//4299 4298//4298
f 4298//4298 4299//4299 4300//4300
f 4298//4298 4300//4300 4301//4301
f 4300//4300 4302//4302 4301//4301
f 4301//4301 4302//4302 4303//4303
f 4301//4301 4303//4303 4304//4304
f 4304//4304 4303//4303 4305//4305
f 4304//4304 4305//4305 4306//4306
f 4305//4305 4307//4307 4306//4306
f 4306//4306 4307//4307 4308//4308
f 4306//4306 4308//4308 4309//4309
f 4308//4308 4310//4310 4309//4309
f 4309//4309 4310//4310 4311//4311
f 4309//4309 4311//4311 4312//4312
f 4312//4312 4311//4311 4313//4313
f 4312//4312 4313//4313 4314//4314
f 4313//4313 4315//4315 4314//4314
f 4314//4314 4315//4315 4316//4316
f 4314//4314 4316//4316 4317//4317
f 4316//4316 4318//4318 4317//4317
f 4317//4317 4318//4318 4319//4319
f 4317//4317 4319//4319 4320//4320
f 4320//4320 4319//4319 4321//4321
f 4320//4320 4321//4321 4322//4322
f 4321//4321 4323//4323 4322//4322
f 4322//4322 4323//4323 4324//4324
f 4322//4322 4324//4324 4325//4325
f 4324//4324 4326//4326 4325//4325
f 4325//4325 4326//4326 4327//4327
f 4325//4325 4327//4327 4328//4328
f 4328//4328 4327//4327 4329//4329
f 4328//4328 4329//4329 4330//4330
f 4329//4329 4331//4331 4330//4330
f 4330//4330 4331//4331 4332//4332
f 4330//4330 4332//4332 4333//4333
f 4332//4332 4334//4334 4333//4333
f 4333//4333 4334//4334 4335//4335
f 4333//4333 4335//4335 4336//4336
f 4336//4336 4335//4335 4337//4337
f 4336//4336 4337//4337 4338//4338
f 4337//4337 4339//4339 4338//4338
f 4338//4338 4339//4339 4340//4340
f 4338//4338 4340//4340 4341//4341
f 4340//4340 4342//4342 4341//4341
f 4341//4341 4342//4342 4343//4343
f 4341//4341 4343//4343 4344//4344
f 4344//4344 4343//4343 4345//4345
f 4344//4344 4345//4345 4346//4346
f 4346//4346 4345//4345 4347//4347
f 4346//4346 4347//4347 4202//4202
f 4202//4202 4347//4347 4348//4348
f 4202//4202 4348//4348 4203//4203
f 4344//4344 4349//4349 4341//4341
f 4341//4341 4349//4349 4350//4350
f 4341//4341 4350//4350 4338//4338
f 4338//4338 4350//4350 4351//4351
f 4338//4338 4351//4351 4336//4336
f 4336//4336 4351//4351 4352//4352
f 4336//4336 4352//4352 4333//4333
f 4333//4333 4352//4352 4353//4353
f 4333//4333 4353//4353 4330//4330
f 4330//4330 4353//4353 4354//4354
f 4330//4330 4354//4354 4328//4328
f 4328//4328 4354//4354 4355//4355
f 4328//4328 4355//4355 4325//4325
f 4325//4325 4355//4355 4356//4356
f 4325//4325 4356//4356 4322//4322
f 4322//4322 4356//4356 4357//4357
f 4322//4322 4357//4357 4320//4320
f 4320//4320 4357//4357 4358//4358
f 4320//4320 4358//4358 4317//4317
f 4317//4317 4358//4358 4359//4359
f 4317//4317 4359//4359 4314//4314
f 4314//4314 4359//4359 4360//4360
f 4314//4314 4360//4360 4312//4312
f 4312//4312 4360//4360 4361//4361
f 4312//4312 4361//4361 4309//4309
f 4309//4309 4361//4361 4362//4362
f 4309//4309 4362//4362 4306//4306
f 4306//4306 4362//4362 4363//4363
f 4306//4306 4363//4363 4304//4304
f 4304//4304 4363//4363 4364//4364
f 4304//4304 4364//4364 4301//4301
f 4301//4301 4364//4364 4365//4365
f 4301//4301 4365//4365 4298//4298
f 4298//4298 4365//4365 4366//4366
f 4298//4298 4366//4366 4296//4296
f 4296//4296 4366//4366 4367//4367
f 4296//4296 4367//4367 4293//4293
f 4293//4293 4367//4367 4368//4368
f 4293//4293 4368//4368 4290//4290
f 4290//4290 4368//4368 4369//4369
f 4290//4290 4369//4369 4288//4288
f 4288//4288 4369//4369 4370//4370
f 4288//4288 4370//4370 4285//4285
f 4285//4285 4370//4370 4371//4371
f 4285//4285 4371//4371 4282//4282
f 4282//4282 4371//4371 4372//4372
f 4282//4282 4372//4372 4280//4280
f 4280//4280 4372//4372 4373//4373
f 4280//4280 4373//4373 4277//4277
f 4277//4277 4373//4373 4374//4374
f 4277//4277 4374//4374 4274//4274
f 4274//4274 4374//4374 4375//4375
f 4274//4274 4375//4375 4272//4272
f 4272//4272 4375//4375 4376//4376
f 4272//4272 4376//4376 4270//4270
f 4270//4270 4376//4376 4377//4377
f 4270//4270 4377//4377 4267//4267
f 4267//4267 4377//4377 4378//4378
f 4267//4267 4378//4378 4264//4264
f 4264//4264 4378//4378 4379//4379
f 4264//4264 4379//4379 4262//4262
f 4262//4262 4379//4379 4380//4380
f 4262//4262 4380//4380 4259//4259
f 4259//4259 4380//4380 4381//4381
f 4259//4259 4381//4381 4256//4256
f 4256//4256 4381//4381 4382//4382
f 4256//4256 4382//4382 4254//4254
f 4254//4254 4382//4382 4383//4383
f 4254//4254 4383//4383 4251//4251
f 4251//4251 4383//4383 4384//4384
f 4251//4251 4384//4384 4248//4248
f 4248//4248 4384//4384 4385//4385
f 4248//4248 4385//4385 4246//4246
f 4246//4246 4385//4385 4386//4386
f 4246//4246 4386//4386 4243//4243
f 4243//4243 4386//4386 4387//4387
f 4243//4243 4387//4387 4240//4240
f 4240//4240 4387//4387 4388//4388
f 4240//4240 4388//4388 4238//4238
f 4238//4238 4388//4388 4389//4389
f 4238//4238 4389//4389 4235//4235
f 4235//4235 4389//4389 4390//4390
f 4235//4235 4390//4390 4232//4232
f 4232//4232 4390//4390 4391//4391
f 4232//4232 4391//4391 4230//4230
f 4230//4230 4391//4391 4392//4392
f 4230//4230 4392//4392 4227//4227
f 4227//4227 4392//4392 4393//4393
f 4227//4227 4393//4393 4224//4224
f 4224//4224 4393//4393 4394//4394
f 4224//4224 4394//4394 4222//4222
f 4222//4222 4394//4394 4395//4395
f 4222//4222 4395//4395 4219//4219
f 4219//4219 4395//4395 4396//4396
f 4219//4219 4396//4396 4216//4216
f 4216//4216 4396//4396 4397//4397
f 4216//4216 4397//4397 4214//4214
f 4214//4214 4397//4397 4398//4398
f 4214//4214 4398//4398 4211//4211
f 4211//4211 4398//4398 4399//4399
f 4211//4211 4399//4399 4208//4208
f 4208//4208 4399//4399 4400//4400
f 4208//4208 4400//4400 4206//4206
f 4206//4206 4400//4400 4401//4401
f 4206//4206 4401//4401 4201//4201
f 4201//4201 4401//4401 4402//4402
f 4201//4201 4402//4402 4202//4202
f 4202//4202 4402//4402 4403//4403
f 4202//4202 4403//4403 4346//4346
f 4346//4346 4403//4403 4404//4404
f 4346//4346 4404//4404 4344//4344
f 4344//4344 4404//4404 4349//4349
f 4349//4349 4405//4405 4350//4350
f 4350//4350 4405//4405 4406//4406
f 4350//4350 4406//4406 4351//4351
f 4351//4351 4406//4406 4407//4407
f 4351//4351 4407//4407 4352//4352
f 4352//4352 4407//4407 4408//4408
f 4352//4352 4408//4408 4353//4353
f 4353//4353 4408//4408 4409//4409
f 4353//4353 4409//4409 4354//4354
f 4354//4354 4409//4409 4410//4410
f 4354//4354 4410//4410 4355//4355
f 4355//4355 4410//4410 4411//4411
f 4355//4355 4411//4411 4356//4356
f 4356//4356 4411//4411 4412//4412
f 4356//4356 4412//4412 4357//4357
f 4357//4357 4412//4412 4413//4413
f 4357//4357 4413//4413 4358//4358
f 4358//4358 4413//4413 4414//4414
f 4358//4358 4414//4414 4359//4359
f 4359//4359 4414//4414 4415//4415
f 4359//4359 4415//4415 4360//4360
f 4360//4360 4415//4415 4416//4416
f 4360//4360 4416//4416 4361//4361
f 4361//4361 4416//4416 4417//4417
f 4361//4361 4417//4417 4362//4362
f 4362//4362 4417//4417 4418//4418
f 4362//4362 4418//4418 4363//4363
f 4363//4363 4418//4418 4419//4419
f 4363//4363 4419//4419 4364//4364
f 4364//4364 4419//4419 4420//4420
f 4364//4364 4420//4420 4365//4365
f 4365//4365 4420//4420 4421//4421
f 4365//4365 4421//4421 4366//4366
f 4366//4366 4421//4421 4422//4422
f 4366//4366 4422//4422 4367//4367
f 4367//4367 4422//4422 4423//4423
f 4367//4367 4423//4423 4368//4368
f 4368//4368 4423//4423 4424//4424
f 4368//4368 4424//4424 4369//4369
f 4369//4369 4424//4424 4425//4425
f 4369//4369 4425//4425 4370//4370
f 4370//4370 4425//4425 4426//4426
f 4370//4370 4426//4426 4371//4371
f 4371//4371 4426//4426 4427//4427
f 4371//4371 4427//4427 4372//4372
f 4372//4372 4427//4427 4428//4428
f 4372//4372 4428//4428 4373//4373
f 4373//4373 4428//4428 4429//4429
f 4373//4373 4429//4429 4374//4374
f 4374//4374 4429//4429 4430//4430
f 4374//4374 4430//4430 4375//4375
f 4375//4375 4430//4430 4431//4431
f 4375//4375 4431//4431 4376//4376
f 4376//4376 4431//4431 4432//4432
f 4376//4376 4432//4432 4377//4377
f 4377//4377 4432//4432 4433//4433
f 4377//4377 4433//4433 4378//4378
f 4378//4378 4433//4433 4434//4434
f 4378//4378 4434//4434 4379//4379
f 4379//4379 4434//4434 4435//4435
f 4379//4379 4435//4435 4380//4380
f 4380//4380 4435//4435 4436//4436
f 4380//4380 4436//4436 4381//4381
f 4381//4381 4436//4436 4437//4437
f 4381//4381 4437//4437 4382//4382
f 4382//4382 4437//4437 4438//4438
f 4382//4382 4438//4438 4383//4383
f 4383//4383 4438//4438 4439//4439
f 4383//4383 4439//4439 4384//4384
f 4384//4384 4439//4439 4440//4440
f 4384//4384 4440//4440 4385//4385
f 4385//4385 4440//4440 4441//4441
f 4385//4385 4441//4441 4386//4386
f 4386//4386 4441//4441 4442//4442
f 4386//4386 4442//4442 4387//4387
f 4387//4387 4442//4442 4443//4443
f 4387//4387 4443//4443 4388//4388
f 4388//4388 4443//4443 4444//4444
f 4388//4388 4444//4444 4389//4389
f 4389//4389 4444//4444 4445//4445
f 4389//4389 4445//4445 4390//4390
f 4390//4390 4445//4445 4446//4446
f 4390//4390 4446//4446 4391//4391
f 4391//4391 4446//4446 4447//4447
f 4391//4391 4447//4447 4392//4392
f 4392//4392 4447//4447 4448//4448
f 4392//4392 4448//4448 4393//4393
f 4393//4393 4448//4448 4449//4449
f 4393//4393 4449//4449 4394//4394
f 4394//4394 4449//4449 4450//4450
f 4394//4394 4450//4450 4395//4395
f 4395//4395 4450//4450 4451//4451
f 4395//4395 4451//4451 4396//4396
f 4396//4396 4451//4451 4452//4452
f 4396//4396 4452//4452 4397//4397
f 4397//4397 4452//4452 4453//4453
f 4397//4397 4453//4453 4398//4398
f 4398//4398 4453//4453 4454//4454
f 4398//4398 4454//4454 4399//4399
f 4399//4399 4454//4454 4455//4455
f 4399//4399 4455//4455 4400//4400
f 4400//4400 4455//4455 4456//4456
f 4400//4400 4456//4456 4401//4401
f 4401//4401 4456//4456 4457//4457
f 4401//4401 4457//4457 4402//4402
f 4402//4402 4457//4457 4458//4458
f 4402//4402 4458//4458 4403//4403
f 4403//4403 4458//4458 4459//4459
f 4403//4403 4459//4459 4404//4404
f 4404//4404 4459//4459 4460//4460
f 4404//4404 4460//4460 4349//4349
f 4349//4349 4460//4460 4405//4405
f 4405//4405 4461//4461 4406//4406
f 4406//4406 4461//4461 4462//4462
f 4406//4406 4462//4462 4407//4407
f 4407//4407 4462//4462 4463//4463
f 4407//4407 4463//4463 4408//4408
f 4408//4408 4463//4463 4464//4464
f 4408//4408 4464//4464 4409//4409
f 4409//4409 4464//4464 4465//4465
f 4409//4409 4465//4465 4410//4410
f 4410//4410 4465//4465 4466//4466
f 4410//4410 4466//4466 4411//4411
f 4411//4411 4466//4466 4467//4467
f 4411//4411 4467//4467 4412//4412
f 4412//4412 4467//4467 4468//4468
f 4412//4412 4468//4468 4413//4413
f 4413//4413 4468//4468 4469//4469
f 4413//4413 4469//4469 4414//4414
f 4414//4414 4469//4469 4470//4470
f 4414//4414 4470//4470 4415//4415
f 4415//4415 4470//4470 4471//4471
f 4415//4415 4471//4471 4416//4416
f 4416//4416 4471//4471 4472//4472
f 4416//4416 4472//4472 4417//4417
f 4417//4417 4472//4472 4473//4473
f 4417//4417 4473//4473 4418//4418
f 4418//4418 4473//4473 4474//4474
f 4418//4418 4474//4474 4419//4419
f 4419//4419 4474//4474 4475//4475
f 4419//4419 4475//4475 4420//4420
f 4420//4420 4475//4475 4476//4476
f 4420//4420 4476//4476 4421//4421
f 4421//4421 4476//4476 4477//4477
f 4421//4421 4477//4477 4422//4422
f 4422//4422 4477//4477 4478//4478
f 4422//4422 4478//4478 4423//4423
f 4423//4423 4478//4478 4479//4479
f 4423//4423 4479//4479 4424//4424
f 4424//4424 4479//4479 4480//4480
f 4424//4424 4480//4480 4425//4425
f 4425//4425 4480//4480 4481//4481
f 4425//4425 4481//4481 4426//4426
f 4426//4426 4481//4481 4482//4482
f 4426//4426 4482//4482 4427//4427
f 4427//4427 4482//4482 4483//4483
f 4427//4427 4483//4483 4428//4428
f 4428//4428 4483//4483 4484//4484
f 4428//4428 4484//4484 4429//4429
f 4429//4429 4484//4484 4485//4485
f 4429//4429 4485//4485 4430//4430
f 4430//4430 4485//4485 4486//4486
f 4430//4430 4486//4486 4431//4431
f 4431//4431 4486//4486 4487//4487
f 4431//4431 4487//4487 4432//4432
f 4432//4432 4487//4487 4488//4488
f 4432//4432 4488//4488 4433//4433
f 4433//4433 4488//4488 4489//4489
f 4433//4433 4489//4489 4434//4434
f 4434//4434 4489//4489 4490//4490
f 4434//4434 4490//4490 4435//4435
f 4435//4435 4490//4490 4491//4491
f 4435//4435 4491//4491 4436//4436
f 4436//4436 4491//4491 4492//4492
f 4436//4436 4492//4492 4437//4437
f 4437//4437 4492//4492 4493//4493
f 4437//4437 4493//4493 4438//4438
f 4438//4438 4493//4493 4494//4494
f 4438//4438 4494//4494 4439//4439
f 4439//4439 4494//4494 4495//4495
f 4439//4439 4495//4495 4440//4440
f 4440//4440 4495//4495 4496//4496
f 4440//4440 4496//4496 4441//4441
f 4441//4441 4496//4496 4497//4497
f 4441//4441 4497//4497 4442//4442
f 4442//4442 4497//4497 4498//4498
f 4442//4442 4498//4498 4443//4443
f 4443//4443 4498//4498 4499//4499
f 4443//4443 4499//4499 4444//4444
f 4444//4444 4499//4499 4500//4500
f 4444//4444 4500//4500 4445//4445
f 4445//4445 4500//4500 4501//4501
f 4445//4445 4501//4501 4446//4446
f 4446//4446 4501//4501 4502//4502
f 4446//4446 4502//4502 4447//4447
f 4447//4447 4502//4502 4503//4503
f 4447//4447 4503//4503 4448//4448
f 4448//4448 4503//4503 4504//4504
f 4448//4448 4504//4504 4449//4449
f 4449//4449 4504//4504 4505//4505
f 4449//4449 4505//4505 4450//4450
f 4450//4450 4505//4505 4506//4506
f 4450//4450 4506//4506 4451//4451
f 4451//4451 4506//4506 4507//4507
f 4451//4451 4507//4507 4452//4452
f 4452//4452 4507//4507 4508//4508
f 4452//4452 4508//4508 4453//4453
f 4453//4453 4508//4508 4509//4509
f 4453//4453 4509//4509 4454//4454
f 4454//4454 4509//4509 4510//4510
f 4454//4454 4510//4510 4455//4455
f 4455//4455 4510//4510 4511//4511
f 4455//4455 4511//4511 4456//4456
f 4456//4456 4511//4511 4512//4512
f 4456//4456 4512//4512 4457//4457
f 4457//4457 4512//4512 4513//4513
f 4457//4457 4513//4513 4458//4458
f 4458//4458 4513//4513 4514//4514
f 4458//4458 4514//4514 4459//4459
f 4459//4459 4514//4514 4515//4515
f 4459//4459 4515//4515 4460//4460
f 4460//4460 4515//4515 4516//4516
f 4460//4460 4516//4516 4405//4405
f 4405//4405 4516//4516 4461//4461
f 4461//4461 4517//4517 4462//4462
f 4462//4462 4517//4517 4518//4518
f 4462//4462 4518//4518 4463//4463
f 4463//4463 4518//4518 4519//4519
f 4463//4463 4519//4519 4464//4464
f 4464//4464 4519//4519 4520//4520
f 4464//4464 4520//4520 4465//4465
f 4465//4465 4520//4520 4521//4521
f 4465//4465 4521//4521 4466//4466
f 4466//4466 4521//4521 4522//4522
f 4466//4466 4522//4522 4467//4467
f 4467//4467 4522//4522 4523//4523
f 4467//4467 4523//4523 4468//4468
f 4468//4468 4523//4523 4524//4524
f 4468//4468 4524//4524 4469//4469
f 4469//4469 4524//4524 4525//4525
f 4469//4469 4525//4525 4470//4470
f 4470//4470 4525//4525 4526//4526
f 4470//4470 4526//4526 4471//4471
f 4471//4471 4526//4526 4527//4527
f 4471//4471 4527//4527 4472//4472
f 4472//4472 4527//4527 4528//4528
f 4472//4472 4528//4528 4473//4473
f 4473//4473 4528//4528 4529//4529
f 4473//4473 4529//4529 4474//4474
f 4474//4474 4529//4529 4530//4530
f 4474//4474 4530//4530 4475//4475
f 4475//4475 4530//4530 4531//4531
f 4475//4475 4531//4531 4476//4476
f 4476//4476 4531//4531 4532//4532
f 4476//4476 4532//4532 4477//4477
f 4477//4477 4532//4532 4533//4533
f 4477//4477 4533//4533 4478//4478
f 4478//4478 4533//4533 4534//4534
f 4478//4478 4534//4534 4479//4479
f 4479//4479 4534//4534 4535//4535
f 4479//4479 4535//4535 4480//4480
f 4480//4480 4535//4535 4536//4536
f 4480//4480 4536//4536 4481//4481
f 4481//4481 4536//4536 4537//4537
f 4481//4481 4537//4537 4482//4482
f 4482//4482 4537//4537 4538//4538
f 4482//4482 4538//4538 4483//4483
f 4483//4483 4538//4538 4539//4539
f 4483//4483 4539//4539 4484//4484
f 4484//4484 4539//4539 4540//4540
f 4484//4484 4540//4540 4485//4485
f 4485//4485 4540//4540 4541//4541
f 4485//4485 4541//4541 4486//4486
f 4486//4486 4541//4541 4542//4542
f 4486//4486 4542//4542 4487//4487
f 4487//4487 4542//4542 4543//4543
f 4487//4487 4543//4543 4488//4488
f 4488//4488 4543//4543 4544//4544
f 4488//4488 4544//4544 4489//4489
f 4489//4489 4544//4544 4545//4545
f 4489//4489 4545//4545 4490//4490
f 4490//4490 4545//4545 4546//4546
f 4490//4490 4546//4546 4491//4491
f 4491//4491 4546//4546 4547//4547
f 4491//4491 4547//4547 4492//4492
f 4492//4492 4547//4547 4548//4548
f 4492//4492 4548//4548 4493//4493
f 4493//4493 4548//4548 4549//4549
f 4493//4493 4549//4549 4494//4494
f 4494//4494 4549//4549 4550//4550
f 4494//4494 4550//4550 4495//4495
f 4495//4495 4550//4550 4551//4551
f 4495//4495 4551//4551 4496//4496
f 4496//4496 4551//4551 4552//4552
f 4496//4496 4552//4552 4497//4497
f 4497//4497 4552//4552 4553//4553
f 4497//4497 4553//4553 4498//4498
f 4498//4498 4553//4553 4554//4554
f 4498//4498 4554//4554 4499//4499
f 4499//4499 4554//4554 4555//4555
f 4499//4499 4555//4555 4500//4500
f 4500//4500 4555//4555 4556//4556
f 4500//4500 4556//4556 4501//4501
f 4501//4501 4556//4556 4557//4557
f 4501//4501 4557//4557 4502//4502
f 4502//4502 4557//4557 4558//4558
f 4502//4502 4558//4558 4503//4503
f 4503//4503 4558//4558 4559//4559
f 4503//4503 4559//4559 4504//4504
f 4504//4504 4559//4559 4560//4560
f 4504//4504 4560//4560 4505//4505
f 4505//4505 4560//4560 4561//4561
f 4505//4505 4561//4561 4506//4506
f 4506//4506 4561//4561 4562//4562
f 4506//4506 4562//4562 4507//4507
f 4507//4507 4562//4562 4563//4563
f 4507//4507 4563//4563 4508//4508
f 4508//4508 4563//4563 4564//4564
f 4508//4508 4564//4564 4509//4509
f 4509//4509 4564//4564 4565//4565
f 4509//4509 4565//4565 4510//4510
f 4510//4510 4565//4565 4566//4566
f 4510//4510 4566//4566 4511//4511
f 4511//4511 4566//4566 4567//4567
f 4511//4511 4567//4567 4512//4512
f 4512//4512 4567//4567 4568//4568
f 4512//4512 4568//4568 4513//4513
f 4513//4513 4568//4568 4569//4569
f 4513//4513 4569//4569 4514//4514
f 4514//4514 4569//4569 4570//4570
f 4514//4514 4570//4570 4515//4515
f 4515//4515 4570//4570 4571//4571
f 4515//4515 4571//4571 4516//4516
f 4516//4516 4571//4571 4572//4572
f 4516//4516 4572//4572 4461//4461
f 4461//4461 4572//4572 4517//4517
f 4517//4517 4573//4573 4518//4518
f 4518//4518 4573//4573 4574//4574
f 4518//4518 4574//4574 4519//4519
f 4519//4519 4574//4574 4575//4575
f 4519//4519 4575//4575 4520//4520
f 4520//4520 4575//4575 4576//4576
f 4520//4520 4576//4576 4521//4521
f 4521//4521 4576//4576 4577//4577
f 4521//4521 4577//4577 4522//4522
f 4522//4522 4577//4577 4578//4578
f 4522//4522 4578//4578 4523//4523
f 4523//4523 4578//4578 4579//4579
f 4523//4523 4579//4579 4524//4524
f 4524//4524 4579//4579 4580//4580
f 4524//4524 4580//4580 4525//4525
f 4525//4525 4580//4580 4581//4581
f 4525//4525 4581//4581 4526//4526
f 4526//4526 4581//4581 4582//4582
f 4526//4526 4582//4582 4527//4527
f 4527//4527 4582//4582 4583//4583
f 4527//4527 4583//4583 4528//4528
f 4528//4528 4583//4583 4584//4584
f 4528//4528 4584//4584 4529//4529
f 4529//4529 4584//4584 4585//4585
f 4529//4529 4585//4585 4530//4530
f 4530//4530 4585//4585 4586//4586
f 4530//4530 4586//4586 4531//4531
f 4531//4531 4586//4586 4587//4587
f 4531//4531 4587//4587 4532//4532
f 4532//4532 4587//4587 4588//4588
f 4532//4532 4588//4588 4533//4533
f 4533//4533 4588//4588 4589//4589
f 4533//4533 4589//4589 4534//4534
f 4534//4534 4589//4589 4590//4590
f 4534//4534 4590//4590 4535//4535
f 4535//4535 4590//4590 4591//4591
f 4535//4535 4591//4591 4536//4536
f 4536//4536 4591//4591 4592//4592
f 4536//4536 4592//4592 4537//4537
f 4537//4537 4592//4592 4593//4593
f 4537//4537 4593//4593 4538//4538
f 4538//4538 4593//4593 4594//4594
f 4538//4538 4594//4594 4539//4539
f 4539//4539 4594//4594 4595//4595
f 4539//4539 4595//4595 4540//4540
f 4540//4540 4595//4595 4596//4596
f 4540//4540 4596//4596 4541//4541
f 4541//4541 4596//4596 4597//4597
f 4541//4541 4597//4597 4542//4542
f 4542//4542 4597//4597 4598//4598
f 4542//4542 4598//4598 4543//4543
f 4543//4543 4598//4598 4599//4599
f 4543//4543 4599//4599 4544//4544
f 4544//4544 4599//4599 4600//4600
f 4544//4544 4600//4600 4545//4545
f 4545//4545 4600//4600 4601//4601
f 4545//4545 4601//4601 4546//4546
f 4546//4546 4601//4601 4602//4602
f 4546//4546 4602//4602 4547//4547
f 4547//4547 4602//4602 4603//4603
f 4547//4547 4603//4603 4548//4548
f 4548//4548 4603//4603 4604//4604
f 4548//4548 4604//4604 4549//4549
f 4549//4549 4604//4604 4605//4605
f 4549//4549 4605//4605 4550//4550
f 4550//4550 4605//4605 4606//4606
f 4550//4550 4606//4606 4551//4551
f 4551//4551 4606//4606 4607//4607
f 4551//4551 4607//4607 4552//4552
f 4552//4552 4607//4607 4608//4608
f 4552//4552 4608//4608 4553//4553
f 4553//4553 4608//4608 4609//4609
f 4553//4553 4609//4609 4554//4554
f 4554//4554 4609//4609 4610//4610
f 4554//4554 4610//4610 4555//4555
f 4555//4555 4610//4610 4611//4611
f 4555//4555 4611//4611 4556//4556
f 4556//4556 4611//4611 4612//4612
f 4556//4556 4612//4612 4557//4557
f 4557//4557 4612//4612 4613//4613
f 4557//4557 4613//4613 4558//4558
f 4558//4558 4613//4613 4614//4614
f 4558//4558 4614//4614 4559//4559
f 4559//4559 4614//4614 4615//4615
f 4559//4559 4615//4615 4560//4560
f 4560//4560 4615//4615 4616//4616
f 4560//4560 4616//4616 4561//4561
f 4561//4561 4616//4616 4617//4617
f 4561//4561 4617//4617 4562//4562
f 4562//4562 4617//4617 4618//4618
f 4562//4562 4618//4618 4563//4563
f 4563//4563 4618//4618 4619//4619
f 4563//4563 4619//4619 4564//4564
f 4564//4564 4619//4619 4620//4620
f 4564//4564 4620//4620 4565//4565
f 4565//4565 4620//4620 4621//4621
f 4565//4565 4621//4621 4566//4566
f 4566//4566 4621//4621 4622//4622
f 4566//4566 4622//4622 4567//4567
f 4567//4567 4622//4622 4623//4623
f 4567//4567 4623//4623 4568//4568
f 4568//4568 4623//4623 4624//4624
f 4568//4568 4624//4624 4569//4569
f 4569//4569 4624//4624 4625//4625
f 4569//4569 4625//4625 4570//4570
f 4570//4570 4625//4625 4626//4626
f 4570//4570 4626//4626 4571//4571
f 4571//4571 4626//4626 4627//4627
f 4571//4571 4627//4627 4572//4572
f 4572//4572 4627//4627 4628//4628
f 4572//4572 4628//4628 4517//4517
f 4517//4517 4628//4628 4573//4573
f 4573//4573 4629//4629 4574//4574
f 4574//4574 4629//4629 4630//4630
f 4574//4574 4630//4630 4575//4575
f 4575//4575 4630//4630 4631//4631
f 4575//4575 4631//4631 4576//4576
f 4576//4576 4631//4631 4632//4632
f 4576//4576 4632//4632 4577//4577
f 4577//4577 4632//4632 4633//4633
f 4577//4577 4633//4633 4578//4578
f 4578//4578 4633//4633 4634//4634
f 4578//4578 4634//4634 4579//4579
f 4579//4579 4634//4634 4635//4635
f 4579//4579 4635//4635 4580//4580
f 4580//4580 4635//4635 4636//4636
f 4580//4580 4636//4636 4581//4581
f 4581//4581 4636//4636 4637//4637
f 4581//4581 4637//4637 4582//4582
f 4582//4582 4637//4637 4638//4638
f 4582//4582 4638//4638 4583//4583
f 4583//4583 4638//4638 4639//4639
f 4583//4583 4639//4639 4584//4584
f 4584//4584 4639//4639 4640//4640
f 4584//4584 4640//4640 4585//4585
f 4585//4585 4640//4640 4641//4641
f 4585//4585 4641//4641 4586//4586
f 4586//4586 4641//4641 4642//4642
f 4586//4586 4642//4642 4587//4587
f 4587//4587 4642//4642 4643//4643
f 4587//4587 4643//4643 4588//4588
f 4588//4588 4643//4643 4644//4644
f 4588//4588 4644//4644 4589//4589
f 4589//4589 4644//4644 4645//4645
f 4589//4589 4645//4645 4590//4590
f 4590//4590 4645//4645 4646//4646
f 4590//4590 4646//4646 4591//4591
f 4591//4591 4646//4646 4647//4647
f 4591//4591 4647//4647 4592//4592
f 4592//4592 4647//4647 4648//4648
f 4592//4592 4648//4648 4593//4593
f 4593//4593 4648//4648 4649//4649
f 4593//4593 4649//4649 4594//4594
f 4594//4594 4649//4649 4650//4650
f 4594//4594 4650//4650 4595//4595
f 4595//4595 4650//4650 4651//4651
f 4595//4595 4651//4651 4596//4596
f 4596//4596 4651//4651 4652//4652
f 4596//4596 4652//4652 4597//4597
f 4597//4597 4652//4652 4653//4653
f 4597//4597 4653//4653 4598//4598
f 4598//4598 4653//4653 4654//4654
f 4598//4598 4654//4654 4599//4599
f 4599//4599 4654//4654 4655//4655
f 4599//4599 4655//4655 4600//4600
f 4600//4600 4655//4655 4656//4656
f 4600//4600 4656//4656 4601//4601
f 4601//4601 4656//4656 4657//4657
f 4601//4601 4657//4657 4602//4602
f 4602//4602 4657//4657 4658//4658
f 4602//4602 4658//4658 4603//4603
f 4603//4603 4658//4658 4659//4659
f 4603//4603 4659//4659 4604//4604
f 4604//4604 4659//4659 4660//4660
f 4604//4604 4660//4660 4605//4605
f 4605//4605 4660//4660 4661//4661
f 4605//4605 4661//4661 4606//4606
f 4606//4606 4661//4661 4662//4662
f 4606//4606 4662//4662 4607//4607
f 4607//4607 4662//4662 4663//4663
f 4607//4607 4663//4663 4608//4608
f 4608//4608 4663//4663 4664//4664
f 4608//4608 4664//4664 4609//4609
f 4609//4609 4664//4664 4665//4665
f 4609//4609 4665//4665 4610//4610
f 4610//4610 4665//4665 4666//4666
f 4610//4610 4666//4666 4611//4611
f 4611//4611 4666//4666 4667//4667
f 4611//4611 4667//4667 4612//4612
f 4612//4612 4667//4667 4668//4668
f 4612//4612 4668//4668 4613//4613
f 4613//4613 4668//4668 4669//4669
f 4613//4613 4669//4669 4614//4614
f 4614//4614 4669//4669 4670//4670
f 4614//4614 4670//4670 4615//4615
f 4615//4615 4670//4670 4671//4671
f 4615//4615 4671//4671 4616//4616
f 4616//4616 4671//4671 4672//4672
f 4616//4616 4672//4672 4617//4617
f 4617//4617 4672//4672 4673//4673
f 4617//4617 4673//4673 4618//4618
f 4618//4618 4673//4673 4674//4674
f 4618//4618 4674//4674 4619//4619
f 4619//4619 4674//4674 4675//4675
f 4619//4619 4675//4675 4620//4620
f 4620//4620 4675//4675 4676//4676
f 4620//4620 4676//4676 4621//4621
f 4621//4621 4676//4676 4677//4677
f 4621//4621 4677//4677 4622//4622
f 4622//4622 4677//4677 4678//4678
f 4622//4622 4678//4678 4623//4623
f 4623//4623 4678//4678 4679//4679
f 4623//4623 4679//4679 4624//4624
f 4624//4624 4679//4679 4680//4680
f 4624//4624 4680//4680 4625//4625
f 4625//4625 4680//4680 4681//4681
f 4625//4625 4681//4681 4626//4626
f 4626//4626 4681//4681 4682//4682
f 4626//4626 4682//4682 4627//4627
f 4627//4627 4682//4682 4683//4683
f 4627//4627 4683//4683 4628//4628
f 4628//4628 4683//4683 4684//4684
f 4628//4628 4684//4684 4573//4573
f 4573//4573 4684//4684 4629//4629
f 4629//4629 4685//4685 4630//4630
f 4630//4630 4685//4685 4686//4686
f 4630//4630 4686//4686 4631//4631
f 4631//4631 4686//4686 4687//4687
f 4631//4631 4687//4687 4632//4632
f 4632//4632 4687//4687 4688//4688
f 4632//4632 4688//4688 4633//4633
f 4633//4633 4688//4688 4689//4689
f 4633//4633 4689//4689 4634//4634
f 4634//4634 4689//4689 4690//4690
f 4634//4634 4690//4690 4635//4635
f 4635//4635 4690//4690 4691//4691
f 4635//4635 4691//4691 4636//4636
f 4636//4636 4691//4691 4692//4692
f 4636//4636 4692//4692 4637//4637
f 4637//4637 4692//4692 4693//4693
f 4637//4637 4693//4693 4638//4638
f 4638//4638 4693//4693 4694//4694
f 4638//4638 4694//4694 4639//4639
f 4639//4639 4694//4694 4695//4695
f 4639//4639 4695//4695 4640//4640
f 4640//4640 4695//4695 4696//4696
f 4640//4640 4696//4696 4641//4641
f 4641//4641 4696//4696 4697//4697
f 4641//4641 4697//4697 4642//4642
f 4642//4642 4697//4697 4698//4698
f 4642//4642 4698//4698 4643//4643
f 4643//4643 4698//4698 4699//4699
f 4643//4643 4699//4699 4644//4644
f 4644//4644 4699//4699 4700//4700
f 4644//4644 4700//4700 4645//4645
f 4645//4645 4700//4700 4701//4701
f 4645//4645 4701//4701 4646//4646
f 4646//4646 4701//4701 4702//4702
f 4646//4646 4702//4702 4647//4647
f 4647//4647 4702//4702 4703//4703
f 4647//4647 4703//4703 4648//4648
f 4648//4648 4703//4703 4704//4704
f 4648//4648 4704//4704 4649//4649
f 4649//4649 4704//4704 4705//4705
f 4649//4649 4705//4705 4650//4650
f 4650//4650 4705//4705 4706//4706
f 4650//4650 4706//4706 4651//4651
f 4651//4651 4706//4706 4707//4707
f 4651//4651 4707//4707 4652//4652
f 4652//4652 4707//4707 4708//4708
f 4652//4652 4708//4708 4653//4653
f 4653//4653 4708//4708 4709//4709
f 4653//4653 4709//4709 4654//4654
f 4654//4654 4709//4709 4710//4710
f 4654//4654 4710//4710 4655//4655
f 4655//4655 4710//4710 4711//4711
f 4655//4655 4711//4711 4656//4656
f 4656//4656 4711//4711 4712//4712
f 4656//4656 4712//4712 4657//4657
f 4657//4657 4712//4712 4713//4713
f 4657//4657 4713//4713 4658//4658
f 4658//4658 4713//4713 4714//4714
f 4658//4658 4714//4714 4659//4659
f 4659//4659 4714//4714 4715//4715
f 4659//4659 4715//4715 4660//4660
f 4660//4660 4715//4715 4716//4716
f 4660//4660 4716//4716 4661//4661
f 4661//4661 4716//4716 4717//4717
f 4661//4661 4717//4717 4662//4662
f 4662//4662 4717//4717 4718//4718
f 4662//4662 4718//4718 4663//4663
f 4663//4663 4718//4718 4719//4719
f 4663//4663 4719//4719 4664//4664
f 4664//4664 4719//4719 4720//4720
f 4664//4664 4720//4720 4665//4665
f 4665//4665 4720//4720 4721//4721
f 4665//4665 4721//4721 4666//4666
f 4666//4666 4721//4721 4722//4722
f 4666//4666 4722//4722 4667//4667
f 4667//4667 4722//4722 4723//4723
f 4667//4667 4723//4723 4668//4668
f 4668//4668 4723//4723 4724//4724
f 4668//4668 4724//4724 4669//4669
f 4669//4669 4724//4724 4725//4725
f 4669//4669 4725//4725 4670//4670
f 4670//4670 4725//4725 4726//4726
f 4670//4670 4726//4726 4671//4671
f 4671//4671 4726//4726 4727//4727
f 4671//4671 4727//4727 4672//4672
f 4672//4672 4727//4727 4728//4728
f 4672//4672 4728//4728 4673//4673
f 4673//4673 4728//4728 4729//4729
f 4673//4673 4729//4729 4674//4674
f 4674//4674 4729//4729 4730//4730
f 4674//4674 4730//4730 4675//4675
f 4675//4675 4730//4730 4731//4731
f 4675//4675 4731//4731 4676//4676
f 4676//4676 4731//4731 4732//4732
f 4676//4676 4732//4732 4677//4677
f 4677//4677 4732//4732 4733//4733
f 4677//4677 4733//4733 4678//4678
f 4678//4678 4733//4733 4734//4734
f 4678//4678 4734//4734 4679//4679
f 4679//4679 4734//4734 4735//4735
f 4679//4679 4735//4735 4680//4680
f 4680//4680 4735//4735 4736//4736
f 4680//4680 4736//4736 4681//4681
f 4681//4681 4736//4736 4737//4737
f 4681//4681 4737//4737 4682//4682
f 4682//4682 4737//4737 4738//4738
f 4682//4682 4738//4738 4683//4683
f 4683//4683 4738//4738 4739//4739
f 4683//4683 4739//4739 4684//4684
f 4684//4684 4739//4739 4740//4740
f 4684//4684 4740//4740 4629//4629
f 4629//4629 4740//4740 4685//4685
f 4685//4685 4741//4741 4686//4686
f 4686//4686 4741//4741 4742//4742
f 4686//4686 4742//4742 4687//4687
f 4687//4687 4742//4742 4743//4743
f 4687//4687 4743//4743 4688//4688
f 4688//4688 4743//4743 4744//4744
f 4688//4688 4744//4744 4689//4689
f 4689//4689 4744//4744 4745//4745
f 4689//4689 4745//4745 4690//4690
f 4690//4690 4745//4745 4746//4746
f 4690//4690 4746//4746 4691//4691
f 4691//4691 4746//4746 4747//4747
f 4691//4691 4747//4747 4692//4692
f 4692//4692 4747//4747 4748//4748
f 4692//4692 4748//4748 4693//4693
f 4693//4693 4748//4748 4749//4749
f 4693//4693 4749//4749 4694//4694
f 4694//4694 4749//4749 4750//4750
f 4694//4694 4750//4750 4695//4695
f 4695//4695 4750//4750 4751//4751
f 4695//4695 4751//4751 4696//4696
f 4696//4696 4751//4751 4752//4752
f 4696//4696 4752//4752 4697//4697
f 4697//4697 4752//4752 4753//4753
f 4697//4697 4753//4753 4698//4698
f 4698//4698 4753//4753 4754//4754
f 4698//4698 4754//4754 4699//4699
f 4699//4699 4754//4754 4755//4755
f 4699//4699 4755//4755 4700//4700
f 4700//4700 4755//4755 4756//4756
f 4700//4700 4756//4756 4701//4701
f 4701//4701 4756//4756 4757//4757
f 4701//4701 4757//4757 4702//4702
f 4702//4702 4757//4757 4758//4758
f 4702//4702 4758//4758 4703//4703
f 4703//4703 4758//4758 4759//4759
f 4703//4703 4759//4759 4704//4704
f 4704//4704 4759//4759 4760//4760
f 4704//4704 4760//4760 4705//4705
f 4705//4705 4760//4760 4761//4761
f 4705//4705 4761//4761 4706//4706
f 4706//4706 4761//4761 4762//4762
f 4706//4706 4762//4762 4707//4707
f 4707//4707 4762//4762 4763//4763
f 4707//4707 4763//4763 4708//4708
f 4708//4708 4763//4763 4764//4764
f 4708//4708 4764//4764 4709//4709
f 4709//4709 4764//4764 4765//4765
f 4709//4709 4765//4765 4710//4710
f 4710//4710 4765//4765 4766//4766
f 4710//4710 4766//4766 4711//4711
f 4711//4711 4766//4766 4767//4767
f 4711//4711 4767//4767 4712//4712
f 4712//4712 4767//4767 4768//4768
f 4712//4712 4768//4768 4713//4713
f 4713//4713 4768//4768 4769//4769
f 4713//4713 4769//4769 4714//4714
f 4714//4714 4769//4769 4770//4770
f 4714//4714 4770//4770 4715//4715
f 4715//4715 4770//4770 4771//4771
f 4715//4715 4771//4771 4716//4716
f 4716//4716 4771//4771 4772//4772
f 4716//4716 4772//4772 4717//4717
f 4717//4717 4772//4772 4773//4773
f 4717//4717 4773//4773 4718//4718
f 4718//4718 4773//4773 4774//4774
f 4718//4718 4774//4774 4719//4719
f 4719//4719 4774//4774 4775//4775
f 4719//4719 4775//4775 4720//4720
f 4720//4720 4775//4775 4776//4776
f 4720//4720 4776//4776 4721//4721
f 4721//4721 4776//4776 4777//4777
f 4721//4721 4777//4777 4722//4722
f 4722//4722 4777//4777 4778//4778
f 4722//4722 4778//4778 4723//4723
f 4723//4723 4778//4778 4779//4779
f 4723//4723 4779//4779 4724//4724
f 4724//4724 4779//4779 4780//4780
f 4724//4724 4780//4780 4725//4725
f 4725//4725 4780//4780 4781//4781
f 4725//4725 4781//4781 4726//4726
f 4726//4726 4781//4781 4782//4782
f 4726//4726 4782//4782 4727//4727
f 4727//4727 4782//4782 4783//4783
f 4727//4727 4783//4783 4728//4728
f 4728//4728 4783//4783 4784//4784
f 4728//4728 4784//4784 4729//4729
f 4729//4729 4784//4784 4785//4785
f 4729//4729 4785//4785 4730//4730
f 4730//4730 4785//4785 4786//4786
f 4730//4730 4786//4786 4731//4731
f 4731//4731 4786//4786 4787//4787
f 4731//4731 4787//4787 4732//4732
f 4732//4732 4787//4787 4788//4788
f 4732//4732 4788//4788 4733//4733
f 4733//4733 4788//4788 4789//4789
f 4733//4733 4789//4789 4734//4734
f 4734//4734 4789//4789 4790//4790
f 4734//4734 4790//4790 4735//4735
f 4735//4735 4790//4790 4791//4791
f 4735//4735 4791//4791 4736//4736
f 4736//4736 4791//4791 4792//4792
f 4736//4736 4792//4792 4737//4737
f 4737//4737 4792//4792 4793//4793
f 4737//4737 4793//4793 4738//4738
f 4738//4738 4793//4793 4794//4794
f 4738//4738 4794//4794 4739//4739
f 4739//4739 4794//4794 4795//4795
f 4739//4739 4795//4795 4740//4740
f 4740//4740 4795//4795 4796//4796
f 4740//4740 4796//4796 4685//4685
f 4685//4685 4796//4796 4741//4741
f 4741//4741 4797//4797 4742//4742
f 4742//4742 4797//4797 4798//4798
f 4742//4742 4798//4798 4743//4743
f 4743//4743 4798//4798 4799//4799
f 4743//4743 4799//4799 4744//4744
f 4744//4744 4799//4799 4800//4800
f 4744//4744 4800//4800 4745//4745
f 4745//4745 4800//4800 4801//4801
f 4745//4745 4801//4801 4746//4746
f 4746//4746 4801//4801 4802//4802
f 4746//4746 4802//4802 4747//4747
f 4747//4747 4802//4802 4803//4803
f 4747//4747 4803//4803 4748//4748
f 4748//4748 4803//4803 4804//4804
f 4748//4748 4804//4804 4749//4749
f 4749//4749 4804//4804 4805//4805
f 4749//4749 4805//4805 4750//4750
f 4750//4750 4805//4805 4806//4806
f 4750//4750 4806//4806 4751//4751
f 4751//4751 4806//4806 4807//4807
f 4751//4751 4807//4807 4752//4752
f 4752//4752 4807//4807 4808//4808
f 4752//4752 4808//4808 4753//4753
f 4753//4753 4808//4808 4809//4809
f 4753//4753 4809//4809 4754//4754
f 4754//4754 4809//4809 4810//4810
f 4754//4754 4810//4810 4755//4755
f 4755//4755 4810//4810 4811//4811
f 4755//4755 4811//4811 4756//4756
f 4756//4756 4811//4811 4812//4812
f 4756//4756 4812//4812 4757//4757
f 4757//4757 4812//4812 4813//4813
f 4757//4757 4813//4813 4758//4758
f 4758//4758 4813//4813 4814//4814
f 4758//4758 4814//4814 4759//4759
f 4759//4759 4814//4814 4815//4815
f 4759//4759 4815//4815 4760//4760
f 4760//4760 4815//4815 4816//4816
f 4760//4760 4816//4816 4761//4761
f 4761//4761 4816//4816 4817//4817
f 4761//4761 4817//4817 4762//4762
f 4762//4762 4817//4817 4818//4818
f 4762//4762 4818//4818 4763//4763
f 4763//4763 4818//4818 4819//4819
f 4763//4763 4819//4819 4764//4764
f 4764//4764 4819//4819 4820//4820
f 4764//4764 4820//4820 4765//4765
f 4765//4765 4820//4820 4821//4821
f 4765//4765 4821//4821 4766//4766
f 4766//4766 4821//4821 4822//4822
f 4766//4766 4822//4822 4767//4767
f 4767//4767 4822//4822 4823//4823
f 4767//4767 4823//4823 4768//4768
f 4768//4768 4823//4823 4824//4824
f 4768//4768 4824//4824 4769//4769
f 4769//4769 4824//4824 4825//4825
f 4769//4769 4825//4825 4770//4770
f 4770//4770 4825//4825 4826//4826
f 4770//4770 4826//4826 4771//4771
f 4771//4771 4826//4826 4827//4827
f 4771//4771 4827//4827 4772//4772
f 4772//4772 4827//4827 4828//4828
f 4772//4772 4828//4828 4773//4773
f 4773//4773 4828//4828 4829//4829
f 4773//4773 4829//4829 4774//4774
f 4774//4774 4829//4829 4830//4830
f 4774//4774 4830//4830 4775//4775
f 4775//4775 4830//4830 4831//4831
f 4775//4775 4831//4831 4776//4776
f 4776//4776 4831//4831 4832//4832
f 4776//4776 4832//4832 4777//4777
f 4777//4777 4832//4832 4833//4833
f 4777//4777 4833//4833 4778//4778
f 4778//4778 4833//4833 4834//4834
f 4778//4778 4834//4834 4779//4779
f 4779//4779 4834//4834 4835//4835
f 4779//4779 4835//4835 4780//4780
f 4780//4780 4835//4835 4836//4836
f 4780//4780 4836//4836 4781//4781
f 4781//4781 4836//4836 4837//4837
f 4781//4781 4837//4837 4782//4782
f 4782//4782 4837//4837 4838//4838
f 4782//4782 4838//4838 4783//4783
f 4783//4783 4838//4838 4839//4839
f 4783//4783 4839//4839 4784//4784
f 4784//4784 4839//4839 4840//4840
f 4784//4784 4840//4840 4785//4785
f 4785//4785 4840//4840 4841//4841
f 4785//4785 4841//4841 4786//4786
f 4786//4786 4841//4841 4842//4842
f 4786//4786 4842//4842 4787//4787
f 4787//4787 4842//4842 4843//4843
f 4787//4787 4843//4843 4788//4788
f 4788//4788 4843//4843 4844//4844
f 4788//4788 4844//4844 4789//4789
f 4789//4789 4844//4844 4845//4845
f 4789//4789 4845//4845 4790//4790
f 4790//4790 4845//4845 4846//4846
f 4790//4790 4846//4846 4791//4791
f 4791//4791 4846//4846 4847//4847
f 4791//4791 4847//4847 4792//4792
f 4792//4792 4847//4847 4848//4848
f 4792//4792 4848//4848 4793//4793
f 4793//4793 4848//4848 4849//4849
f 4793//4793 4849//4849 4794//4794
f 4794//4794 4849//4849 4850//4850
f 4794//4794 4850//4850 4795//4795
f 4795//4795 4850//4850 4851//4851
f 4795//4795 4851//4851 4796//4796
f 4796//4796 4851//4851 4852//4852
f 4796//4796 4852//4852 4741//4741
f 4741//4741 4852//4852 4797//4797
f 4797//4797 4853//4853 4798//4798
f 4798//4798 4853//4853 4854//4854
f 4798//4798 4854//4854 4799//4799
f 4799//4799 4854//4854 4855//4855
f 4799//4799 4855//4855 4800//4800
f 4800//4800 4855//4855 4856//4856
f 4800//4800 4856//4856 4801//4801
f 4801//4801 4856//4856 4857//4857
f 4801//4801 4857//4857 4802//4802
f 4802//4802 4857//4857 4858//4858
f 4802//4802 4858//4858 4803//4803
f 4803//4803 4858//4858 4859//4859
f 4803//4803 4859//4859 4804//4804
f 4804//4804 4859//4859 4860//4860
f 4804//4804 4860//4860 4805//4805
f 4805//4805 4860//4860 4861//4861
f 4805//4805 4861//4861 4806//4806
f 4806//4806 4861//4861 4862//4862
f 4806//4806 4862//4862 4807//4807
f 4807//4807 4862//4862 4863//4863
f 4807//4807 4863//4863 4808//4808
f 4808//4808 4863//4863 4864//4864
f 4808//4808 4864//4864 4809//4809
f 4809//4809 4864//4864 4865//4865
f 4809//4809 4865//4865 4810//4810
f 4810//4810 4865//4865 4866//4866
f 4810//4810 4866//4866 4811//4811
f 4811//4811 4866//4866 4867//4867
f 4811//4811 4867//4867 4812//4812
f 4812//4812 4867//4867 4868//4868
f 4812//4812 4868//4868 4813//4813
f 4813//4813 4868//4868 4869//4869
f 4813//4813 4869//4869 4814//4814
f 4814//4814 4869//4869 4870//4870
f 4814//4814 4870//4870 4815//4815
f 4815//4815 4870//4870 4871//4871
f 4815//4815 4871//4871 4816//4816
f 4816//4816 4871//4871 4872//4872
f 4816//4816 4872//4872 4817//4817
f 4817//4817 4872//4872 4873//4873
f 4817//4817 4873//4873 4818//4818
f 4818//4818 4873//4873 4874//4874
f 4818//4818 4874//4874 4819//4819
f 4819//4819 4874//4874 4875//4875
f 4819//4819 4875//4875 4820//4820
f 4820//4820 4875//4875 4876//4876
f 4820//4820 4876//4876 4821//4821
f 4821//4821 4876//4876 4877//4877
f 4821//4821 4877//4877 4822//4822
f 4822//4822 4877//4877 4878//4878
f 4822//4822 4878//4878 4823//4823
f 4823//4823 4878//4878 4879//4879
f 4823//4823 4879//4879 4824//4824
f 4824//4824 4879//4879 4880//4880
f 4824//4824 4880//4880 4825//4825
f 4825//4825 4880//4880 4881//4881
f 4825//4825 4881//4881 4826//4826
f 4826//4826 4881//4881 4882//4882
f 4826//4826 4882//4882 4827//4827
f 4827//4827 4882//4882 4883//4883
f 4827//4827 4883//4883 4828//4828
f 4828//4828 4883//4883 4884//4884
f 4828//4828 4884//4884 4829//4829
f 4829//4829 4884//4884 4885//4885
f 4829//4829 4885//4885 4830//4830
f 4830//4830 4885//4885 4886//4886
f 4830//4830 4886//4886 4831//4831
f 4831//4831 4886//4886 4887//4887
f 4831//4831 4887//4887 4832//4832
f 4832//4832 4887//4887 4888//4888
f 4832//4832 4888//4888 4833//4833
f 4833//4833 4888//4888 4889//4889
f 4833//4833 4889//4889 4834//4834
f 4834//4834 4889//4889 4890//4890
f 4834//4834 4890//4890 4835//4835
f 4835//4835 4890//4890 4891//4891
f 4835//4835 4891//4891 4836//4836
f 4836//4836 4891//4891 4892//4892
f 4836//4836 4892//4892 4837//4837
f 4837//4837 4892//4892 4893//4893
f 4837//4837 4893//4893 4838//4838
f 4838//4838 4893//4893 4894//4894
f 4838//4838 4894//4894 4839//4839
f 4839//4839 4894//4894 4895//4895
f 4839//4839 4895//4895 4840//4840
f 4840//4840 4895//4895 4896//4896
f 4840//4840 4896//4896 4841//4841
f 4841//4841 4896//4896 4897//4897
f 4841//4841 4897//4897 4842//4842
f 4842//4842 4897//4897 4898//4898
f 4842//4842 4898//4898 4843//4843
f 4843//4843 4898//4898 4899//4899
f 4843//4843 4899//4899 4844//4844
f 4844//4844 4899//4899 4900//4900
f 4844//4844 4900//4900 4845//4845
f 4845//4845 4900//4900 4901//4901
f 4845//4845 4901//4901 4846//4846
f 4846//4846 4901//4901 4902//4902
f 4846//4846 4902//4902 4847//4847
f 4847//4847 4902//4902 4903//4903
f 4847//4847 4903//4903 4848//4848
f 4848//4848 4903//4903 4904//4904
f 4848//4848 4904//4904 4849//4849
f 4849//4849 4904//4904 4905//4905
f 4849//4849 4905//4905 4850//4850
f 4850//4850 4905//4905 4906//4906
f 4850//4850 4906//4906 4851//4851
f 4851//4851 4906//4906 4907//4907
f 4851//4851 4907//4907 4852//4852
f 4852//4852 4907//4907 4908//4908
f 4852//4852 4908//4908 4797//4797
f 4797//4797 4908//4908 4853//4853
f 4853//4853 4909//4909 4854//4854
f 4854//4854 4909//4909 4910//4910
f 4854//4854 4910//4910 4855//4855
f 4855//4855 4910//4910 4911//4911
f 4855//4855 4911//4911 4856//4856
f 4856//4856 4911//4911 4912//4912
f 4856//4856 4912//4912 4857//4857
f 4857//4857 4912//4912 4913//4913
f 4857//4857 4913//4913 4858//4858
f 4858//4858 4913//4913 4914//4914
f 4858//4858 4914//4914 4859//4859
f 4859//4859 4914//4914 4915//4915
f 4859//4859 4915//4915 4860//4860
f 4860//4860 4915//4915 4916//4916
f 4860//4860 4916//4916 4861//4861
f 4861//4861 4916//4916 4917//4917
f 4861//4861 4917//4917 4862//4862
f 4862//4862 4917//4917 4918//4918
f 4862//4862 4918//4918 4863//4863
f 4863//4863 4918//4918 4919//4919
f 4863//4863 4919//4919 4864//4864
f 4864//4864 4919//4919 4920//4920
f 4864//4864 4920//4920 4865//4865
f 4865//4865 4920//4920 4921//4921
f 4865//4865 4921//4921 4866//4866
f 4866//4866 4921//4921 4922//4922
f 4866//4866 4922//4922 4867//4867
f 4867//4867 4922//4922 4923//4923
f 4867//4867 4923//4923 4868//4868
f 4868//4868 4923//4923 4924//4924
f 4868//4868 4924//4924 4869//4869
f 4869//4869 4924//4924 4925//4925
f 4869//4869 4925//4925 4870//4870
f 4870//4870 4925//4925 4926//4926
f 4870//4870 4926//4926 4871//4871
f 4871//4871 4926//4926 4927//4927
f 4871//4871 4927//4927 4872//4872
f 4872//4872 4927//4927 4928//4928
f 4872//4872 4928//4928 4873//4873
f 4873//4873 4928//4928 4929//4929
f 4873//4873 4929//4929 4874//4874
f 4874//4874 4929//4929 4930//4930
f 4874//4874 4930//4930 4875//4875
f 4875//4875 4930//4930 4931//4931
f 4875//4875 4931//4931 4876//4876
f 4876//4876 4931//4931 4932//4932
f 4876//4876 4932//4932 4877//4877
f 4877//4877 4932//4932 4933//4933
f 4877//4877 4933//4933 4878//4878
f 4878//4878 4933//4933 4934//4934
f 4878//4878 4934//4934 4879//4879
f 4879//4879 4934//4934 4935//4935
f 4879//4879 4935//4935 4880//4880
f 4880//4880 4935//4935 4936//4936
f 4880//4880 4936//4936 4881//4881
f 4881//4881 4936//4936 4937//4937
f 4881//4881 4937//4937 4882//4882
f 4882//4882 4937//4937 4938//4938
f 4882//4882 4938//4938 4883//4883
f 4883//4883 4938//4938 4939//4939
f 4883//4883 4939//4939 4884//4884
f 4884//4884 4939//4939 4940//4940
f 4884//4884 4940//4940 4885//4885
f 4885//4885 4940//4940 4941//4941
f 4885//4885 4941//4941 4886//4886
f 4886//4886 4941//4941 4942//4942
f 4886//4886 4942//4942 4887//4887
f 4887//4887 4942//4942 4943//4943
f 4887//4887 4943//4943 4888//4888
f 4888//4888 4943//4943 4944//4944
f 4888//4888 4944//4944 4889//4889
f 4889//4889 4944//4944 4945//4945
f 4889//4889 4945//4945 4890//4890
f 4890//4890 4945//4945 4946//4946
f 4890//4890 4946//4946 4891//4891
f 4891//4891 4946//4946 4947//4947
f 4891//4891 4947//4947 4892//4892
f 4892//4892 4947//4947 4948//4948
f 4892//4892 4948//4948 4893//4893
f 4893//4893 4948//4948 4949//4949
f 4893//4893 4949//4949 4894//4894
f 4894//4894 4949//4949 4950//4950
f 4894//4894 4950//4950 4895//4895
f 4895//4895 4950//4950 4951//4951
f 4895//4895 4951//4951 4896//4896
f 4896//4896 4951//4951 4952//4952
f 4896//4896 4952//4952 4897//4897
f 4897//4897 4952//4952 4953//4953
f 4897//4897 4953//4953 4898//4898
f 4898//4898 4953//4953 4954//4954
f 4898//4898 4954//4954 4899//4899
f 4899//4899 4954//4954 4955//4955
f 4899//4899 4955//4955 4900//4900
f 4900//4900 4955//4955 4956//4956
f 4900//4900 4956//4956 4901//4901
f 4901//4901 4956//4956 4957//4957
f 4901//4901 4957//4957 4902//4902
f 4902//4902 4957//4957 4958//4958
f 4902//4902 4958//4958 4903//4903
f 4903//4903 4958//4958 4959//4959
f 4903//4903 4959//4959 4904//4904
f 4904//4904 4959//4959 4960//4960
f 4904//4904 4960//4960 4905//4905
f 4905//4905 4960//4960 4961//4961
f 4905//4905 4961//4961 4906//4906
f 4906//4906 4961//4961 4962//4962
f 4906//4906 4962//4962 4907//4907
f 4907//4907 4962//4962 4963//4963
f 4907//4907 4963//4963 4908//4908
f 4908//4908 4963//4963 4964//4964
f 4908//4908 4964//4964 4853//4853
f 4853//4853 4964//4964 4909//4909
f 4909//4909 4188//4188 4910//4910
f 4910//4910 4188//4188 4189//4189
f 4910//4910 4189//4189 4911//4911
f 4911//4911 4189//4189 4190//4190
f 4911//4911 4190//4190 4912//4912
f 4912//4912 4190//4190 4191//4191
f 4912//4912 4191//4191 4913//4913
f 4913//4913 4191//4191 4192//4192
f 4913//4913 4192//4192 4914//4914
f 4914//4914 4192//4192 4193//4193
f 4914//4914 4193//4193 4915//4915
f 4915//4915 4193//4193 4194//4194
f 4915//4915 4194//4194 4916//4916
f 4916//4916 4194//4194 4195//4195
f 4916//4916 4195//4195 4917//4917
f 4917//4917 4195//4195 4196//4196
f 4917//4917 4196//4196 4918//4918
f 4918//4918 4196//4196 4197//4197
f 4918//4918 4197//4197 4919//4919
f 4919//4919 4197//4197 4198//4198
f 4919//4919 4198//4198 4920//4920
f 4920//4920 4198//4198 4199//4199
f 4920//4920 4199//4199 4921//4921
f 4921//4921 4199//4199 4200//4200
f 4921//4921 4200//4200 4922//4922
f 4922//4922 4200//4200 4145//4145
f 4922//4922 4145//4145 4923//4923
f 4923//4923 4145//4145 4146//4146
f 4923//4923 4146//4146 4924//4924
f 4924//4924 4146//4146 4147//4147
f 4924//4924 4147//4147 4925//4925
f 4925//4925 4147//4147 4148//4148
f 4925//4925 4148//4148 4926//4926
f 4926//4926 4148//4148 4149//4149
f 4926//4926 4149//4149 4927//4927
f 4927//4927 4149//4149 4150//4150
f 4927//4927 4150//4150 4928//4928
f 4928//4928 4150//4150 4151//4151
f 4928//4928 4151//4151 4929//4929
f 4929//4929 4151//4151 4152//4152
f 4929//4929 4152//4152 4930//4930
f 4930//4930 4152//4152 4153//4153
f 4930//4930 4153//4153 4931//4931
f 4931//4931 4153//4153 4154//4154
f 4931//4931 4154//4154 4932//4932
f 4932//4932 4154//4154 4155//4155
f 4932//4932 4155//4155 4933//4933
f 4933//4933 4155//4155 4156//4156
f 4933//4933 4156//4156 4934//4934
f 4934//4934 4156//4156 4157//4157
f 4934//4934 4157//4157 4935//4935
f 4935//4935 4157//4157 4158//4158
f 4935//4935 4158//4158 4936//4936
f 4936//4936 4158//4158 4159//4159
f 4936//4936 4159//4159 4937//4937
f 4937//4937 4159//4159 4160//4160
f 4937//4937 4160//4160 4938//4938
f 4938//4938 4160//4160 4161//4161
f 4938//4938 4161//4161 4939//4939
f 4939//4939 4161//4161 4162//4162
f 4939//4939 4162//4162 4940//4940
f 4940//4940 4162//4162 4163//4163
f 4940//4940 4163//4163 4941//4941
f 4941//4941 4163//4163 4164//4164
f 4941//4941 4164//4164 4942//4942
f 4942//4942 4164//4164 4165//4165
f 4942//4942 4165//4165 4943//4943
f 4943//4943 4165//4165 4166//4166
f 4943//4943 4166//4166 4944//4944
f 4944//4944 4166//4166 4167//4167
f 4944//4944 4167//4167 4945//4945
f 4945//4945 4167//4167 4168//4168
f 4945//4945 4168//4168 4946//4946
f 4946//4946 4168//4168 4169//4169
f 4946//4946 4169//4169 4947//4947
f 4947//4947 4169//4169 4170//4170
f 4947//4947 4170//4170 4948//4948
f 4948//4948 4170//4170 4171//4171
f 4948//4948 4171//4171 4949//4949
f 4949//4949 4171//4171 4172//4172
f 4949//4949 4172//4172 4950//4950
f 4950//4950 4172//4172 4173//4173
f 4950//4950 4173//4173 4951//4951
f 4951//4951 4173//4173 4174//4174
f 4951//4951 4174//4174 4952//4952
f 4952//4952 4174//4174 4175//4175
f 4952//4952 4175//4175 4953//4953
f 4953//4953 4175//4175 4176//4176
f 4953//4953 4176//4176 4954//4954
f 4954//4954 4176//4176 4177//4177
f 4954//4954 4177//4177 4955//4955
f 4955//4955 4177//4177 4178//4178
f 4955//4955 4178//4178 4956//4956
f 4956//4956 4178//4178 4179//4179
f 4956//4956 4179//4179 4957//4957
f 4957//4957 4179//4179 4180//4180
f 4957//4957 4180//4180 4958//4958
f 4958//4958 4180//4180 4181//4181
f 4958//4958 4181//4181 4959//4959
f 4959//4959 4181//4181 4182//4182
f 4959//4959 4182//4182 4960//4960
f 4960//4960 4182//4182 4183//4183
f 4960//4960 4183//4183 4961//4961
f 4961//4961 4183//4183 4184//4184
f 4961//4961 4184//4184 4962//4962
f 4962//4962 4184//4184 4185//4185
f 4962//4962 4185//4185 4963//4963
f 4963//4963 4185//4185 4186//4186
f 4963//4963 4186//4186 4964//4964
f 4964//4964 4186//4186 4187//4187
f 4964//4964 4187//4187 4909//4909
f 4909//4909 4187//4187 4188//4188
f 4305//4305 4303//4303 4965//4965
f 4289//4289 4287//4287 4966//4966
f 4281//4281 4279//4279 4967//4967
f 4278//4278 4276//4276 4968//4968
f 4275//4275 4273//4273 4969//4969
f 4268//4268 4266//4266 4970//4970
f 4260//4260 4258//4258 4971//4971
f 4252//4252 4250//4250 4972//4972
f 4244//4244 4242//4242 4973//4973
f 4215//4215 4213//4213 4974//4974
f 4207//4207 4205//4205 4975//4975
f 4976//4976 14//14 16//16
f 4977//4977 52//52 14//14
f 4978//4978 50//50 52//52
f 4979//4979 48//48 50//50
f 4980//4980 46//46 48//48
f 4981//4981 44//44 46//46
f 4982//4982 42//42 44//44
f 4983//4983 13//13 42//42
f 4984//4984 11//11 13//13
f 4985//4985 9//9 11//11
f 4986//4986 7//7 9//9
f 5//5 7//7 4987//4987
f 4987//4987 7//7 4986//4986
f 4987//4987 4986//4986 4988//4988
f 3//3 5//5 4989//4989
f 4989//4989 5//5 4987//4987
f 4989//4989 4987//4987 4990//4990
f 4990//4990 4987//4987 4988//4988
f 4990//4990 4988//4988 4991//4991
f 1//1 3//3 4992//4992
f 4992//4992 3//3 4989//4989
f 4992//4992 4989//4989 4993//4993
f 4993//4993 4989//4989 4990//4990
f 4993//4993 4990//4990 4994//4994
f 4994//4994 4990//4990 4991//4991
f 4994//4994 4991//4991 4995//4995
f 4996//4996 4997//4997 4998//4998
f 80//80 1//1 4999//4999
f 4999//4999 1//1 4992//4992
f 4999//4999 4992//4992 5000//5000
f 5000//5000 4992//4992 4993//4993
f 5000//5000 4993//4993 5001//5001
f 5001//5001 4993//4993 4994//4994
f 5001//5001 4994//4994 5002//5002
f 5002//5002 4994//4994 4995//4995
f 5002//5002 4995//4995 5003//5003
f 78//78 80//80 5004//5004
f 5004//5004 80//80 4999//4999
f 5004//5004 4999//4999 5005//5005
f 5005//5005 4999//4999 5000//5000
f 5005//5005 5000//5000 5006//5006
f 5006//5006 5000//5000 5001//5001
f 5006//5006 5001//5001 5007//5007
f 5007//5007 5001//5001 5002//5002
f 5007//5007 5002//5002 5008//5008
f 5008//5008 5002//5002 5003//5003
f 5008//5008 5003//5003 5009//5009
f 5010//5010 5011//5011 5012//5012
f 76//76 78//78 5013//5013
f 5013//5013 78//78 5004//5004
f 5013//5013 5004//5004 5014//5014
f 5014//5014 5004//5004 5005//5005
f 5014//5014 5005//5005 5015//5015
f 5015//5015 5005//5005 5006//5006
f 5015//5015 5006//5006 5016//5016
f 5016//5016 5006//5006 5007//5007
f 5016//5016 5007//5007 5017//5017
f 5017//5017 5007//5007 5008//5008
f 5017//5017 5008//5008 5018//5018
f 5018//5018 5008//5008 5009//5009
f 5018//5018 5009//5009 5019//5019
f 5020//5020 5021//5021 5022//5022
f 74//74 76//76 5023//5023
f 5023//5023 76//76 5013//5013
f 5023//5023 5013//5013 5024//5024
f 5024//5024 5013//5013 5014//5014
f 5024//5024 5014//5014 5025//5025
f 5025//5025 5014//5014 5015//5015
f 5025//5025 5015//5015 5026//5026
f 5026//5026 5015//5015 5016//5016
f 5026//5026 5016//5016 5027//5027
f 5027//5027 5016//5016 5017//5017
f 5027//5027 5017//5017 5028//5028
f 5028//5028 5017//5017 5018//5018
f 5028//5028 5018//5018 5029//5029
f 5029//5029 5018//5018 5019//5019
f 5029//5029 5019//5019 5030//5030
f 72//72 74//74 5031//5031
f 5031//5031 74//74 5023//5023
f 5031//5031 5023//5023 5032//5032
f 5032//5032 5023//5023 5024//5024
f 5032//5032 5024//5024 5033//5033
f 5033//5033 5024//5024 5025//5025
f 5033//5033 5025//5025 5034//5034
f 5034//5034 5025//5025 5026//5026
f 5034//5034 5026//5026 5035//5035
f 5035//5035 5026//5026 5027//5027
f 5035//5035 5027//5027 5036//5036
f 5036//5036 5027//5027 5028//5028
f 5036//5036 5028//5028 5037//5037
f 5037//5037 5028//5028 5029//5029
f 5037//5037 5029//5029 5038//5038
f 5038//5038 5029//5029 5030//5030
f 5038//5038 5030//5030 5039//5039
f 5040//5040 5041//5041 5042//5042
f 39//39 72//72 5043//5043
f 5043//5043 72//72 5031//5031
f 5043//5043 5031//5031 5044//5044
f 5044//5044 5031//5031 5032//5032
f 5044//5044 5032//5032 5045//5045
f 5045//5045 5032//5032 5033//5033
f 5045//5045 5033//5033 5046//5046
f 5046//5046 5033//5033 5034//5034
f 5046//5046 5034//5034 5047//5047
f 5047//5047 5034//5034 5035//5035
f 5047//5047 5035//5035 5048//5048
f 5048//5048 5035//5035 5036//5036
f 5048//5048 5036//5036 5049//5049
f 5049//5049 5036//5036 5037//5037
f 5049//5049 5037//5037 5050//5050
f 5050//5050 5037//5037 5038//5038
f 5050//5050 5038//5038 5051//5051
f 5051//5051 5038//5038 5039//5039
f 5051//5051 5039//5039 5052//5052
f 37//37 39//39 5053//5053
f 5053//5053 39//39 5043//5043
f 5053//5053 5043//5043 5054//5054
f 5054//5054 5043//5043 5044//5044
f 5054//5054 5044//5044 5055//5055
f 5055//5055 5044//5044 5045//5045
f 5055//5055 5045//5045 5056//5056
f 5056//5056 5045//5045 5046//5046
f 5056//5056 5046//5046 5057//5057
f 5057//5057 5046//5046 5047//5047
f 5057//5057 5047//5047 5058//5058
f 5058//5058 5047//5047 5048//5048
f 5058//5058 5048//5048 5059//5059
f 5059//5059 5048//5048 5049//5049
f 5059//5059 5049//5049 5060//5060
f 5060//5060 5049//5049 5050//5050
f 5060//5060 5050//5050 5061//5061
f 5061//5061 5050//5050 5051//5051
f 5061//5061 5051//5051 5062//5062
f 5062//5062 5051//5051 5052//5052
f 5062//5062 5052//5052 5063//5063
f 35//35 37//37 5064//5064
f 5064//5064 37//37 5053//5053
f 5064//5064 5053//5053 5065//5065
f 5065//5065 5053//5053 5054//5054
f 5065//5065 5054//5054 5066//5066
f 5066//5066 5054//5054 5055//5055
f 5066//5066 5055//5055 5067//5067
f 5067//5067 5055//5055 5056//5056
f 5067//5067 5056//5056 5068//5068
f 5068//5068 5056//5056 5057//5057
f 5068//5068 5057//5057 5069//5069
f 5069//5069 5057//5057 5058//5058
f 5069//5069 5058//5058 5070//5070
f 5070//5070 5058//5058 5059//5059
f 5070//5070 5059//5059 5071//5071
f 5071//5071 5059//5059 5060//5060
f 5071//5071 5060//5060 5072//5072
f 5072//5072 5060//5060 5061//5061
f 5072//5072 5061//5061 5073//5073
f 5073//5073 5061//5061 5062//5062
f 5073//5073 5062//5062 5074//5074
f 5074//5074 5062//5062 5063//5063
f 5074//5074 5063//5063 5075//5075
f 61//61 63//63 5076//5076
f 5076//5076 63//63 5077//5077
f 5076//5076 5077//5077 5078//5078
f 5078//5078 5077//5077 5079//5079
f 5078//5078 5079//5079 5080//5080
f 5080//5080 5079//5079 5081//5081
f 5080//5080 5081//5081 5082//5082
f 5082//5082 5081//5081 5083//5083
f 5082//5082 5083//5083 5084//5084
f 5084//5084 5083//5083 5085//5085
f 5084//5084 5085//5085 5086//5086
f 5086//5086 5085//5085 5087//5087
f 5086//5086 5087//5087 5088//5088
f 5088//5088 5087//5087 5089//5089
f 5088//5088 5089//5089 5090//5090
f 5090//5090 5089//5089 5091//5091
f 5090//5090 5091//5091 5092//5092
f 5092//5092 5091//5091 5093//5093
f 5092//5092 5093//5093 5094//5094
f 5094//5094 5093//5093 5095//5095
f 5094//5094 5095//5095 5096//5096
f 5096//5096 5095//5095 5097//5097
f 5096//5096 5097//5097 5098//5098
f 5098//5098 5097//5097 5099//5099
f 5098//5098 5099//5099 5100//5100
f 33//33 35//35 5101//5101
f 5101//5101 35//35 5064//5064
f 5101//5101 5064//5064 5102//5102
f 5102//5102 5064//5064 5065//5065
f 5102//5102 5065//5065 5103//5103
f 5103//5103 5065//5065 5066//5066
f 5103//5103 5066//5066 5104//5104
f 5104//5104 5066//5066 5067//5067
f 5104//5104 5067//5067 5105//5105
f 5105//5105 5067//5067 5068//5068
f 5105//5105 5068//5068 5106//5106
f 5106//5106 5068//5068 5069//5069
f 5106//5106 5069//5069 5107//5107
f 5107//5107 5069//5069 5070//5070
f 5107//5107 5070//5070 5108//5108
f 5108//5108 5070//5070 5071//5071
f 5108//5108 5071//5071 5109//5109
f 5109//5109 5071//5071 5072//5072
f 5109//5109 5072//5072 5110//5110
f 5110//5110 5072//5072 5073//5073
f 5110//5110 5073//5073 5111//5111
f 5111//5111 5073//5073 5074//5074
f 5111//5111 5074//5074 5112//5112
f 5112//5112 5074//5074 5075//5075
f 5112//5112 5075//5075 5113//5113
f 59//59 61//61 5114//5114
f 5114//5114 61//61 5076//5076
f 5114//5114 5076//5076 5115//5115
f 5115//5115 5076//5076 5078//5078
f 5115//5115 5078//5078 5116//5116
f 5116//5116 5078//5078 5080//5080
f 5116//5116 5080//5080 5117//5117
f 5117//5117 5080//5080 5082//5082
f 5117//5117 5082//5082 5118//5118
f 5118//5118 5082//5082 5084//5084
f 5118//5118 5084//5084 5119//5119
f 5119//5119 5084//5084 5086//5086
f 5119//5119 5086//5086 5120//5120
f 5120//5120 5086//5086 5088//5088
f 5120//5120 5088//5088 5121//5121
f 5121//5121 5088//5088 5090//5090
f 5121//5121 5090//5090 5122//5122
f 5122//5122 5090//5090 5092//5092
f 5122//5122 5092//5092 5123//5123
f 5123//5123 5092//5092 5094//5094
f 5123//5123 5094//5094 5124//5124
f 5124//5124 5094//5094 5096//5096
f 5124//5124 5096//5096 5125//5125
f 5125//5125 5096//5096 5098//5098
f 5125//5125 5098//5098 5126//5126
f 5126//5126 5098//5098 5100//5100
f 5126//5126 5100//5100 5127//5127
f 31//31 33//33 5128//5128
f 5128//5128 33//33 5101//5101
f 5128//5128 5101//5101 5129//5129
f 5129//5129 5101//5101 5102//5102
f 5129//5129 5102//5102 5130//5130
f 5130//5130 5102//5102 5103//5103
f 5130//5130 5103//5103 5131//5131
f 5131//5131 5103//5103 5104//5104
f 5131//5131 5104//5104 5132//5132
f 5132//5132 5104//5104 5105//5105
f 5132//5132 5105//5105 5133//5133
f 5133//5133 5105//5105 5106//5106
f 5133//5133 5106//5106 5134//5134
f 5134//5134 5106//5106 5107//5107
f 5134//5134 5107//5107 5135//5135
f 5135//5135 5107//5107 5108//5108
f 5135//5135 5108//5108 5136//5136
f 5136//5136 5108//5108 5109//5109
f 5136//5136 5109//5109 5137//5137
f 5137//5137 5109//5109 5110//5110
f 5137//5137 5110//5110 5138//5138
f 5138//5138 5110//5110 5111//5111
f 5138//5138 5111//5111 5139//5139
f 5139//5139 5111//5111 5112//5112
f 5139//5139 5112//5112 5140//5140
f 5140//5140 5112//5112 5113//5113
f 5140//5140 5113//5113 5141//5141
f 57//57 59//59 5142//5142
f 5142//5142 59//59 5114//5114
f 5142//5142 5114//5114 5143//5143
f 5143//5143 5114//5114 5115//5115
f 5143//5143 5115//5115 5144//5144
f 5144//5144 5115//5115 5116//5116
f 5144//5144 5116//5116 5145//5145
f 5145//5145 5116//5116 5117//5117
f 5145//5145 5117//5117 5146//5146
f 5146//5146 5117//5117 5118//5118
f 5146//5146 5118//5118 5147//5147
f 5147//5147 5118//5118 5119//5119
f 5147//5147 5119//5119 5148//5148
f 5148//5148 5119//5119 5120//5120
f 5148//5148 5120//5120 5149//5149
f 5149//5149 5120//5120 5121//5121
f 5149//5149 5121//5121 5150//5150
f 5150//5150 5121//5121 5122//5122
f 5150//5150 5122//5122 5151//5151
f 5151//5151 5122//5122 5123//5123
f 5151//5151 5123//5123 5152//5152
f 5152//5152 5123//5123 5124//5124
f 5152//5152 5124//5124 5153//5153
f 5153//5153 5124//5124 5125//5125
f 5153//5153 5125//5125 5154//5154
f 5154//5154 5125//5125 5126//5126
f 5154//5154 5126//5126 5155//5155
f 5155//5155 5126//5126 5127//5127
f 5155//5155 5127//5127 5156//5156
f 29//29 31//31 5157//5157
f 5157//5157 31//31 5128//5128
f 5157//5157 5128//5128 5158//5158
f 5158//5158 5128//5128 5129//5129
f 5158//5158 5129//5129 5159//5159
f 5159//5159 5129//5129 5130//5130
f 5159//5159 5130//5130 5160//5160
f 5160//5160 5130//5130 5131//5131
f 5160//5160 5131//5131 5161//5161
f 5161//5161 5131//5131 5132//5132
f 5161//5161 5132//5132 5162//5162
f 5162//5162 5132//5132 5133//5133
f 5162//5162 5133//5133 5163//5163
f 5163//5163 5133//5133 5134//5134
f 5163//5163 5134//5134 5164//5164
f 5164//5164 5134//5134 5135//5135
f 5164//5164 5135//5135 5165//5165
f 5165//5165 5135//5135 5136//5136
f 5165//5165 5136//5136 5166//5166
f 5166//5166 5136//5136 5137//5137
f 5166//5166 5137//5137 5167//5167
f 5167//5167 5137//5137 5138//5138
f 5167//5167 5138//5138 5168//5168
f 5168//5168 5138//5138 5139//5139
f 5168//5168 5139//5139 5169//5169
f 5169//5169 5139//5139 5140//5140
f 5169//5169 5140//5140 5170//5170
f 5170//5170 5140//5140 5141//5141
f 5170//5170 5141//5141 5171//5171
f 26//26 57//57 5172//5172
f 5172//5172 57//57 5142//5142
f 5172//5172 5142//5142 5173//5173
f 5173//5173 5142//5142 5143//5143
f 5173//5173 5143//5143 5174//5174
f 5174//5174 5143//5143 5144//5144
f 5174//5174 5144//5144 5175//5175
f 5175//5175 5144//5144 5145//5145
f 5175//5175 5145//5145 5176//5176
f 5176//5176 5145//5145 5146//5146
f 5176//5176 5146//5146 5177//5177
f 5177//5177 5146//5146 5147//5147
f 5177//5177 5147//5147 5178//5178
f 5178//5178 5147//5147 5148//5148
f 5178//5178 5148//5148 5179//5179
f 5179//5179 5148//5148 5149//5149
f 5179//5179 5149//5149 5180//5180
f 5180//5180 5149//5149 5150//5150
f 5180//5180 5150//5150 5181//5181
f 5181//5181 5150//5150 5151//5151
f 5181//5181 5151//5151 5182//5182
f 5182//5182 5151//5151 5152//5152
f 5182//5182 5152//5152 5183//5183
f 5183//5183 5152//5152 5153//5153
f 5183//5183 5153//5153 5184//5184
f 5184//5184 5153//5153 5154//5154
f 5184//5184 5154//5154 5185//5185
f 5185//5185 5154//5154 5155//5155
f 5185//5185 5155//5155 5186//5186
f 5186//5186 5155//5155 5156//5156
f 5186//5186 5156//5156 5187//5187
f 27//27 29//29 5188//5188
f 5188//5188 29//29 5157//5157
f 5188//5188 5157//5157 5189//5189
f 5189//5189 5157//5157 5158//5158
f 5189//5189 5158//5158 5190//5190
f 5190//5190 5158//5158 5159//5159
f 5190//5190 5159//5159 5191//5191
f 5191//5191 5159//5159 5160//5160
f 5191//5191 5160//5160 5192//5192
f 5192//5192 5160//5160 5161//5161
f 5192//5192 5161//5161 5193//5193
f 5193//5193 5161//5161 5162//5162
f 5193//5193 5162//5162 5194//5194
f 5194//5194 5162//5162 5163//5163
f 5194//5194 5163//5163 5195//5195
f 5195//5195 5163//5163 5164//5164
f 5195//5195 5164//5164 5196//5196
f 5196//5196 5164//5164 5165//5165
f 5196//5196 5165//5165 5197//5197
f 5197//5197 5165//5165 5166//5166
f 5197//5197 5166//5166 5198//5198
f 5198//5198 5166//5166 5167//5167
f 5198//5198 5167//5167 5199//5199
f 5199//5199 5167//5167 5168//5168
f 5199//5199 5168//5168 5200//5200
f 5200//5200 5168//5168 5169//5169
f 5200//5200 5169//5169 5201//5201
f 5201//5201 5169//5169 5170//5170
f 5201//5201 5170//5170 5202//5202
f 5202//5202 5170//5170 5171//5171
f 5202//5202 5171//5171 5203//5203
f 24//24 26//26 5204//5204
f 5204//5204 26//26 5172//5172
f 5204//5204 5172//5172 5205//5205
f 5205//5205 5172//5172 5173//5173
f 5205//5205 5173//5173 5206//5206
f 5206//5206 5173//5173 5174//5174
f 5206//5206 5174//5174 5207//5207
f 5207//5207 5174//5174 5175//5175
f 5207//5207 5175//5175 5208//5208
f 5208//5208 5175//5175 5176//5176
f 5208//5208 5176//5176 5209//5209
f 5209//5209 5176//5176 5177//5177
f 5209//5209 5177//5177 5210//5210
f 5210//5210 5177//5177 5178//5178
f 5210//5210 5178//5178 5211//5211
f 5211//5211 5178//5178 5179//5179
f 5211//5211 5179//5179 5212//5212
f 5212//5212 5179//5179 5180//5180
f 5212//5212 5180//5180 5213//5213
f 5213//5213 5180//5180 5181//5181
f 5213//5213 5181//5181 5214//5214
f 5214//5214 5181//5181 5182//5182
f 5214//5214 5182//5182 5215//5215
f 5215//5215 5182//5182 5183//5183
f 5215//5215 5183//5183 5216//5216
f 5216//5216 5183//5183 5184//5184
f 5216//5216 5184//5184 5217//5217
f 5217//5217 5184//5184 5185//5185
f 5217//5217 5185//5185 5218//5218
f 5218//5218 5185//5185 5186//5186
f 5218//5218 5186//5186 5219//5219
f 5219//5219 5186//5186 5187//5187
f 5219//5219 5187//5187 5220//5220
f 67//67 27//27 5221//5221
f 5221//5221 27//27 5188//5188
f 5221//5221 5188//5188 5222//5222
f 5222//5222 5188//5188 5189//5189
f 5222//5222 5189//5189 5223//5223
f 5223//5223 5189//5189 5190//5190
f 5223//5223 5190//5190 5224//5224
f 5224//5224 5190//5190 5191//5191
f 5224//5224 5191//5191 5225//5225
f 5225//5225 5191//5191 5192//5192
f 5225//5225 5192//5192 5226//5226
f 5226//5226 5192//5192 5193//5193
f 5226//5226 5193//5193 5227//5227
f 5227//5227 5193//5193 5194//5194
f 5227//5227 5194//5194 5228//5228
f 5228//5228 5194//5194 5195//5195
f 5228//5228 5195//5195 5229//5229
f 5229//5229 5195//5195 5196//5196
f 5229//5229 5196//5196 5230//5230
f 5230//5230 5196//5196 5197//5197
f 5230//5230 5197//5197 5231//5231
f 5231//5231 5197//5197 5198//5198
f 5231//5231 5198//5198 5232//5232
f 5232//5232 5198//5198 5199//5199
f 5232//5232 5199//5199 5233//5233
f 5233//5233 5199//5199 5200//5200
f 5233//5233 5200//5200 5234//5234
f 5234//5234 5200//5200 5201//5201
f 5234//5234 5201//5201 5235//5235
f 5235//5235 5201//5201 5202//5202
f 5235//5235 5202//5202 5236//5236
f 5236//5236 5202//5202 5203//5203
f 5236//5236 5203//5203 5237//5237
f 22//22 24//24 5238//5238
f 5238//5238 24//24 5204//5204
f 5238//5238 5204//5204 5239//5239
f 5239//5239 5204//5204 5205//5205
f 5239//5239 5205//5205 5240//5240
f 5240//5240 5205//5205 5206//5206
f 5240//5240 5206//5206 5241//5241
f 5241//5241 5206//5206 5207//5207
f 5241//5241 5207//5207 5242//5242
f 5242//5242 5207//5207 5208//5208
f 5242//5242 5208//5208 5243//5243
f 5243//5243 5208//5208 5209//5209
f 5243//5243 5209//5209 5244//5244
f 5244//5244 5209//5209 5210//5210
f 5244//5244 5210//5210 5245//5245
f 5245//5245 5210//5210 5211//5211
f 5245//5245 5211//5211 5246//5246
f 5246//5246 5211//5211 5212//5212
f 5246//5246 5212//5212 5247//5247
f 5247//5247 5212//5212 5213//5213
f 5247//5247 5213//5213 5248//5248
f 5248//5248 5213//5213 5214//5214
f 5248//5248 5214//5214 5249//5249
f 5249//5249 5214//5214 5215//5215
f 5249//5249 5215//5215 5250//5250
f 5250//5250 5215//5215 5216//5216
f 5250//5250 5216//5216 5251//5251
f 5251//5251 5216//5216 5217//5217
f 5251//5251 5217//5217 5252//5252
f 5252//5252 5217//5217 5218//5218
f 5252//5252 5218//5218 5253//5253
f 5253//5253 5218//5218 5219//5219
f 5253//5253 5219//5219 5254//5254
f 5254//5254 5219//5219 5220//5220
f 5254//5254 5220//5220 4968//4968
f 65//65 67//67 5255//5255
f 5255//5255 67//67 5221//5221
f 5255//5255 5221//5221 5256//5256
f 5256//5256 5221//5221 5222//5222
f 5256//5256 5222//5222 5257//5257
f 5257//5257 5222//5222 5223//5223
f 5257//5257 5223//5223 5258//5258
f 5258//5258 5223//5223 5224//5224
f 5258//5258 5224//5224 5259//5259
f 5259//5259 5224//5224 5225//5225
f 5259//5259 5225//5225 5260//5260
f 5260//5260 5225//5225 5226//5226
f 5260//5260 5226//5226 5261//5261
f 5261//5261 5226//5226 5227//5227
f 5261//5261 5227//5227 5262//5262
f 5262//5262 5227//5227 5228//5228
f 5262//5262 5228//5228 5263//5263
f 5263//5263 5228//5228 5229//5229
f 5263//5263 5229//5229 5264//5264
f 5264//5264 5229//5229 5230//5230
f 5264//5264 5230//5230 5265//5265
f 5265//5265 5230//5230 5231//5231
f 5265//5265 5231//5231 5266//5266
f 5266//5266 5231//5231 5232//5232
f 5266//5266 5232//5232 5267//5267
f 5267//5267 5232//5232 5233//5233
f 5267//5267 5233//5233 5268//5268
f 5268//5268 5233//5233 5234//5234
f 5268//5268 5234//5234 5269//5269
f 5269//5269 5234//5234 5235//5235
f 5269//5269 5235//5235 5270//5270
f 5270//5270 5235//5235 5236//5236
f 5270//5270 5236//5236 5271//5271
f 5271//5271 5236//5236 5237//5237
f 5271//5271 5237//5237 4965//4965
f 5272//5272 5273//5273 5274//5274
f 5275//5275 5276//5276 5277//5277
f 5277//5277 5276//5276 5278//5278
f 5277//5277 5278//5278 5279//5279
f 5279//5279 5278//5278 5280//5280
f 5279//5279 5280//5280 5281//5281
f 5281//5281 5280//5280 5282//5282
f 5281//5281 5282//5282 5283//5283
f 5283//5283 5282//5282 5284//5284
f 5283//5283 5284//5284 5285//5285
f 5285//5285 5284//5284 5286//5286
f 5285//5285 5286//5286 5287//5287
f 5287//5287 5286//5286 5288//5288
f 5287//5287 5288//5288 5289//5289
f 5289//5289 5288//5288 5290//5290
f 5289//5289 5290//5290 5291//5291
f 5291//5291 5290//5290 5292//5292
f 5291//5291 5292//5292 5042//5042
f 18//18 20//20 5293//5293
f 5293//5293 20//20 5294//5294
f 5293//5293 5294//5294 5295//5295
f 5295//5295 5294//5294 5296//5296
f 5295//5295 5296//5296 5297//5297
f 5297//5297 5296//5296 5298//5298
f 5297//5297 5298//5298 5299//5299
f 5299//5299 5298//5298 5300//5300
f 5299//5299 5300//5300 5301//5301
f 5301//5301 5300//5300 5302//5302
f 5301//5301 5302//5302 5303//5303
f 5303//5303 5302//5302 5304//5304
f 5303//5303 5304//5304 5305//5305
f 5305//5305 5304//5304 5306//5306
f 5305//5305 5306//5306 5307//5307
f 5307//5307 5306//5306 5308//5308
f 5307//5307 5308//5308 5309//5309
f 5309//5309 5308//5308 5310//5310
f 5309//5309 5310//5310 5311//5311
f 5311//5311 5310//5310 5312//5312
f 5311//5311 5312//5312 5313//5313
f 5313//5313 5312//5312 5314//5314
f 5313//5313 5314//5314 5315//5315
f 5315//5315 5314//5314 5316//5316
f 5315//5315 5316//5316 5317//5317
f 5317//5317 5316//5316 5318//5318
f 5317//5317 5318//5318 5319//5319
f 5319//5319 5318//5318 5320//5320
f 5319//5319 5320//5320 5321//5321
f 5321//5321 5320//5320 5322//5322
f 5321//5321 5322//5322 5323//5323
f 5323//5323 5322//5322 5324//5324
f 5323//5323 5324//5324 5325//5325
f 5325//5325 5324//5324 5326//5326
f 5325//5325 5326//5326 5327//5327
f 5327//5327 5326//5326 4969//4969
f 5328//5328 5329//5329 5330//5330
f 4204//4204 4203//4203 5331//5331
f 5331//5331 4203//4203 4348//4348
f 5332//5332 5333//5333 5334//5334
f 5334//5334 5333//5333 5335//5335
f 5334//5334 5335//5335 5336//5336
f 5336//5336 5335//5335 5337//5337
f 5336//5336 5337//5337 5338//5338
f 5338//5338 5337//5337 5339//5339
f 5338//5338 5339//5339 5340//5340
f 5340//5340 5339//5339 5341//5341
f 5340//5340 5341//5341 5342//5342
f 5342//5342 5341//5341 5343//5343
f 5342//5342 5343//5343 5344//5344
f 5344//5344 5343//5343 5331//5331
f 5344//5344 5331//5331 5345//5345
f 5345//5345 5331//5331 4348//4348
f 5345//5345 4348//4348 4347//4347
f 5333//5333 5346//5346 5335//5335
f 5335//5335 5346//5346 5347//5347
f 5335//5335 5347//5347 5337//5337
f 5337//5337 5347//5347 5348//5348
f 5337//5337 5348//5348 5339//5339
f 5339//5339 5348//5348 5349//5349
f 5339//5339 5349//5349 5341//5341
f 5341//5341 5349//5349 5350//5350
f 5341//5341 5350//5350 5343//5343
f 5343//5343 5350//5350 4975//4975
f 5343//5343 4975//4975 5331//5331
f 5331//5331 4975//4975 4205//4205
f 5331//5331 4205//4205 4204//4204
f 4212//4212 4210//4210 5351//5351
f 5351//5351 4210//4210 4209//4209
f 5346//5346 5352//5352 5347//5347
f 5347//5347 5352//5352 5353//5353
f 5347//5347 5353//5353 5348//5348
f 5348//5348 5353//5353 5354//5354
f 5348//5348 5354//5354 5349//5349
f 5349//5349 5354//5354 5355//5355
f 5349//5349 5355//5355 5350//5350
f 5350//5350 5355//5355 5351//5351
f 5350//5350 5351//5351 4975//4975
f 4975//4975 5351//5351 4209//4209
f 4975//4975 4209//4209 4207//4207
f 5352//5352 5356//5356 5353//5353
f 5353//5353 5356//5356 5357//5357
f 5353//5353 5357//5357 5354//5354
f 5354//5354 5357//5357 5358//5358
f 5354//5354 5358//5358 5355//5355
f 5355//5355 5358//5358 4974//4974
f 5355//5355 4974//4974 5351//5351
f 5351//5351 4974//4974 4213//4213
f 5351//5351 4213//4213 4212//4212
f 4220//4220 4218//4218 5359//5359
f 5359//5359 4218//4218 4217//4217
f 5356//5356 5360//5360 5357//5357
f 5357//5357 5360//5360 5361//5361
f 5357//5357 5361//5361 5358//5358
f 5358//5358 5361//5361 5359//5359
f 5358//5358 5359//5359 4974//4974
f 4974//4974 5359//5359 4217//4217
f 4974//4974 4217//4217 4215//4215
f 5360//5360 5272//5272 5361//5361
f 5361//5361 5272//5272 5274//5274
f 5361//5361 5274//5274 5359//5359
f 5359//5359 5274//5274 4221//4221
f 5359//5359 4221//4221 4220//4220
f 4228//4228 4226//4226 5273//5273
f 5273//5273 4226//4226 4225//4225
f 5273//5273 4225//4225 5274//5274
f 5274//5274 4225//4225 4223//4223
f 5274//5274 4223//4223 4221//4221
f 4229//4229 4228//4228 5276//5276
f 5276//5276 4228//4228 5273//5273
f 5276//5276 5273//5273 5278//5278
f 5278//5278 5273//5273 5272//5272
f 5278//5278 5272//5272 5280//5280
f 5280//5280 5272//5272 5360//5360
f 5280//5280 5360//5360 5282//5282
f 5282//5282 5360//5360 5356//5356
f 5282//5282 5356//5356 5284//5284
f 5284//5284 5356//5356 5352//5352
f 5284//5284 5352//5352 5286//5286
f 5286//5286 5352//5352 5346//5346
f 5286//5286 5346//5346 5288//5288
f 5288//5288 5346//5346 5333//5333
f 5288//5288 5333//5333 5290//5290
f 5290//5290 5333//5333 5332//5332
f 5290//5290 5332//5332 5292//5292
f 4236//4236 4234//4234 5275//5275
f 5275//5275 4234//4234 4233//4233
f 5275//5275 4233//4233 5276//5276
f 5276//5276 4233//4233 4231//4231
f 5276//5276 4231//4231 4229//4229
f 5042//5042 5041//5041 5291//5291
f 5291//5291 5041//5041 5362//5362
f 5291//5291 5362//5362 5289//5289
f 5289//5289 5362//5362 5363//5363
f 5289//5289 5363//5363 5287//5287
f 5287//5287 5363//5363 5364//5364
f 5287//5287 5364//5364 5285//5285
f 5285//5285 5364//5364 5365//5365
f 5285//5285 5365//5365 5283//5283
f 5283//5283 5365//5365 5366//5366
f 5283//5283 5366//5366 5281//5281
f 5281//5281 5366//5366 5367//5367
f 5281//5281 5367//5367 5279//5279
f 5279//5279 5367//5367 5368//5368
f 5279//5279 5368//5368 5277//5277
f 5277//5277 5368//5368 5369//5369
f 5277//5277 5369//5369 5275//5275
f 5275//5275 5369//5369 5370//5370
f 5275//5275 5370//5370 4236//4236
f 4241//4241 4239//4239 5370//5370
f 5370//5370 4239//4239 4237//4237
f 5370//5370 4237//4237 4236//4236
f 4242//4242 4241//4241 4973//4973
f 4973//4973 4241//4241 5370//5370
f 4973//4973 5370//5370 5371//5371
f 5371//5371 5370//5370 5369//5369
f 5371//5371 5369//5369 5372//5372
f 5372//5372 5369//5369 5368//5368
f 5372//5372 5368//5368 5373//5373
f 5373//5373 5368//5368 5367//5367
f 5373//5373 5367//5367 5374//5374
f 5374//5374 5367//5367 5366//5366
f 5374//5374 5366//5366 5375//5375
f 5375//5375 5366//5366 5365//5365
f 5375//5375 5365//5365 5376//5376
f 5376//5376 5365//5365 5364//5364
f 5376//5376 5364//5364 5377//5377
f 5377//5377 5364//5364 5363//5363
f 5377//5377 5363//5363 5378//5378
f 5378//5378 5363//5363 5362//5362
f 5378//5378 5362//5362 5379//5379
f 5379//5379 5362//5362 5041//5041
f 5379//5379 5041//5041 5380//5380
f 5380//5380 5041//5041 5040//5040
f 5380//5380 5040//5040 5022//5022
f 5022//5022 5021//5021 5380//5380
f 5380//5380 5021//5021 5381//5381
f 5380//5380 5381//5381 5379//5379
f 5379//5379 5381//5381 5382//5382
f 5379//5379 5382//5382 5378//5378
f 5378//5378 5382//5382 5383//5383
f 5378//5378 5383//5383 5377//5377
f 5377//5377 5383//5383 5384//5384
f 5377//5377 5384//5384 5376//5376
f 5376//5376 5384//5384 5385//5385
f 5376//5376 5385//5385 5375//5375
f 5375//5375 5385//5385 5386//5386
f 5375//5375 5386//5386 5374//5374
f 5374//5374 5386//5386 5387//5387
f 5374//5374 5387//5387 5373//5373
f 5373//5373 5387//5387 5388//5388
f 5373//5373 5388//5388 5372//5372
f 5372//5372 5388//5388 5389//5389
f 5372//5372 5389//5389 5371//5371
f 5371//5371 5389//5389 5390//5390
f 5371//5371 5390//5390 4973//4973
f 4973//4973 5390//5390 5391//5391
f 4973//4973 5391//5391 4244//4244
f 4249//4249 4247//4247 5391//5391
f 5391//5391 4247//4247 4245//4245
f 5391//5391 4245//4245 4244//4244
f 4250//4250 4249//4249 4972//4972
f 4972//4972 4249//4249 5391//5391
f 4972//4972 5391//5391 5392//5392
f 5392//5392 5391//5391 5390//5390
f 5392//5392 5390//5390 5393//5393
f 5393//5393 5390//5390 5389//5389
f 5393//5393 5389//5389 5394//5394
f 5394//5394 5389//5389 5388//5388
f 5394//5394 5388//5388 5395//5395
f 5395//5395 5388//5388 5387//5387
f 5395//5395 5387//5387 5396//5396
f 5396//5396 5387//5387 5386//5386
f 5396//5396 5386//5386 5397//5397
f 5397//5397 5386//5386 5385//5385
f 5397//5397 5385//5385 5398//5398
f 5398//5398 5385//5385 5384//5384
f 5398//5398 5384//5384 5399//5399
f 5399//5399 5384//5384 5383//5383
f 5399//5399 5383//5383 5400//5400
f 5400//5400 5383//5383 5382//5382
f 5400//5400 5382//5382 5401//5401
f 5401//5401 5382//5382 5381//5381
f 5401//5401 5381//5381 5402//5402
f 5402//5402 5381//5381 5021//5021
f 5402//5402 5021//5021 5403//5403
f 5403//5403 5021//5021 5020//5020
f 5403//5403 5020//5020 5012//5012
f 5012//5012 5011//5011 5403//5403
f 5403//5403 5011//5011 5404//5404
f 5403//5403 5404//5404 5402//5402
f 5402//5402 5404//5404 5405//5405
f 5402//5402 5405//5405 5401//5401
f 5401//5401 5405//5405 5406//5406
f 5401//5401 5406//5406 5400//5400
f 5400//5400 5406//5406 5407//5407
f 5400//5400 5407//5407 5399//5399
f 5399//5399 5407//5407 5408//5408
f 5399//5399 5408//5408 5398//5398
f 5398//5398 5408//5408 5409//5409
f 5398//5398 5409//5409 5397//5397
f 5397//5397 5409//5409 5410//5410
f 5397//5397 5410//5410 5396//5396
f 5396//5396 5410//5410 5411//5411
f 5396//5396 5411//5411 5395//5395
f 5395//5395 5411//5411 5412//5412
f 5395//5395 5412//5412 5394//5394
f 5394//5394 5412//5412 5413//5413
f 5394//5394 5413//5413 5393//5393
f 5393//5393 5413//5413 5414//5414
f 5393//5393 5414//5414 5392//5392
f 5392//5392 5414//5414 5415//5415
f 5392//5392 5415//5415 4972//4972
f 4972//4972 5415//5415 5416//5416
f 4972//4972 5416//5416 4252//4252
f 4257//4257 4255//4255 5416//5416
f 5416//5416 4255//4255 4253//4253
f 5416//5416 4253//4253 4252//4252
f 4258//4258 4257//4257 4971//4971
f 4971//4971 4257//4257 5416//5416
f 4971//4971 5416//5416 5417//5417
f 5417//5417 5416//5416 5415//5415
f 5417//5417 5415//5415 5418//5418
f 5418//5418 5415//5415 5414//5414
f 5418//5418 5414//5414 5419//5419
f 5419//5419 5414//5414 5413//5413
f 5419//5419 5413//5413 5420//5420
f 5420//5420 5413//5413 5412//5412
f 5420//5420 5412//5412 5421//5421
f 5421//5421 5412//5412 5411//5411
f 5421//5421 5411//5411 5422//5422
f 5422//5422 5411//5411 5410//5410
f 5422//5422 5410//5410 5423//5423
f 5423//5423 5410//5410 5409//5409
f 5423//5423 5409//5409 5424//5424
f 5424//5424 5409//5409 5408//5408
f 5424//5424 5408//5408 5425//5425
f 5425//5425 5408//5408 5407//5407
f 5425//5425 5407//5407 5426//5426
f 5426//5426 5407//5407 5406//5406
f 5426//5426 5406//5406 5427//5427
f 5427//5427 5406//5406 5405//5405
f 5427//5427 5405//5405 5428//5428
f 5428//5428 5405//5405 5404//5404
f 5428//5428 5404//5404 5429//5429
f 5429//5429 5404//5404 5011//5011
f 5429//5429 5011//5011 5430//5430
f 5430//5430 5011//5011 5010//5010
f 5430//5430 5010//5010 4998//4998
f 4998//4998 4997//4997 5430//5430
f 5430//5430 4997//4997 5431//5431
f 5430//5430 5431//5431 5429//5429
f 5429//5429 5431//5431 5432//5432
f 5429//5429 5432//5432 5428//5428
f 5428//5428 5432//5432 5433//5433
f 5428//5428 5433//5433 5427//5427
f 5427//5427 5433//5433 5434//5434
f 5427//5427 5434//5434 5426//5426
f 5426//5426 5434//5434 5435//5435
f 5426//5426 5435//5435 5425//5425
f 5425//5425 5435//5435 5436//5436
f 5425//5425 5436//5436 5424//5424
f 5424//5424 5436//5436 5437//5437
f 5424//5424 5437//5437 5423//5423
f 5423//5423 5437//5437 5438//5438
f 5423//5423 5438//5438 5422//5422
f 5422//5422 5438//5438 5439//5439
f 5422//5422 5439//5439 5421//5421
f 5421//5421 5439//5439 5440//5440
f 5421//5421 5440//5440 5420//5420
f 5420//5420 5440//5440 5441//5441
f 5420//5420 5441//5441 5419//5419
f 5419//5419 5441//5441 5442//5442
f 5419//5419 5442//5442 5418//5418
f 5418//5418 5442//5442 5443//5443
f 5418//5418 5443//5443 5417//5417
f 5417//5417 5443//5443 5444//5444
f 5417//5417 5444//5444 4971//4971
f 4971//4971 5444//5444 5445//5445
f 4971//4971 5445//5445 4260//4260
f 4265//4265 4263//4263 5445//5445
f 5445//5445 4263//4263 4261//4261
f 5445//5445 4261//4261 4260//4260
f 4266//4266 4265//4265 4970//4970
f 4970//4970 4265//4265 5445//5445
f 4970//4970 5445//5445 5446//5446
f 5446//5446 5445//5445 5444//5444
f 5446//5446 5444//5444 5447//5447
f 5447//5447 5444//5444 5443//5443
f 5447//5447 5443//5443 5448//5448
f 5448//5448 5443//5443 5442//5442
f 5448//5448 5442//5442 5449//5449
f 5449//5449 5442//5442 5441//5441
f 5449//5449 5441//5441 5450//5450
f 5450//5450 5441//5441 5440//5440
f 5450//5450 5440//5440 5451//5451
f 5451//5451 5440//5440 5439//5439
f 5451//5451 5439//5439 5452//5452
f 5452//5452 5439//5439 5438//5438
f 5452//5452 5438//5438 5453//5453
f 5453//5453 5438//5438 5437//5437
f 5453//5453 5437//5437 5454//5454
f 5454//5454 5437//5437 5436//5436
f 5454//5454 5436//5436 5455//5455
f 5455//5455 5436//5436 5435//5435
f 5455//5455 5435//5435 5456//5456
f 5456//5456 5435//5435 5434//5434
f 5456//5456 5434//5434 5457//5457
f 5457//5457 5434//5434 5433//5433
f 5457//5457 5433//5433 5458//5458
f 5458//5458 5433//5433 5432//5432
f 5458//5458 5432//5432 5459//5459
f 5459//5459 5432//5432 5431//5431
f 5459//5459 5431//5431 5460//5460
f 5460//5460 5431//5431 4997//4997
f 5460//5460 4997//4997 5461//5461
f 5461//5461 4997//4997 4996//4996
f 5461//5461 4996//4996 5462//5462
f 4269//4269 4268//4268 5327//5327
f 5327//5327 4268//4268 4970//4970
f 5327//5327 4970//4970 5325//5325
f 5325//5325 4970//4970 5446//5446
f 5325//5325 5446//5446 5323//5323
f 5323//5323 5446//5446 5447//5447
f 5323//5323 5447//5447 5321//5321
f 5321//5321 5447//5447 5448//5448
f 5321//5321 5448//5448 5319//5319
f 5319//5319 5448//5448 5449//5449
f 5319//5319 5449//5449 5317//5317
f 5317//5317 5449//5449 5450//5450
f 5317//5317 5450//5450 5315//5315
f 5315//5315 5450//5450 5451//5451
f 5315//5315 5451//5451 5313//5313
f 5313//5313 5451//5451 5452//5452
f 5313//5313 5452//5452 5311//5311
f 5311//5311 5452//5452 5453//5453
f 5311//5311 5453//5453 5309//5309
f 5309//5309 5453//5453 5454//5454
f 5309//5309 5454//5454 5307//5307
f 5307//5307 5454//5454 5455//5455
f 5307//5307 5455//5455 5305//5305
f 5305//5305 5455//5455 5456//5456
f 5305//5305 5456//5456 5303//5303
f 5303//5303 5456//5456 5457//5457
f 5303//5303 5457//5457 5301//5301
f 5301//5301 5457//5457 5458//5458
f 5301//5301 5458//5458 5299//5299
f 5299//5299 5458//5458 5459//5459
f 5299//5299 5459//5459 5297//5297
f 5297//5297 5459//5459 5460//5460
f 5297//5297 5460//5460 5295//5295
f 5295//5295 5460//5460 5461//5461
f 5295//5295 5461//5461 5293//5293
f 5293//5293 5461//5461 5462//5462
f 5293//5293 5462//5462 18//18
f 18//18 5462//5462 16//16
f 4969//4969 4273//4273 5327//5327
f 5327//5327 4273//4273 4271//4271
f 5327//5327 4271//4271 4269//4269
f 4276//4276 4275//4275 4968//4968
f 4968//4968 4275//4275 4969//4969
f 4968//4968 4969//4969 5254//5254
f 5254//5254 4969//4969 5326//5326
f 5254//5254 5326//5326 5253//5253
f 5253//5253 5326//5326 5324//5324
f 5253//5253 5324//5324 5252//5252
f 5252//5252 5324//5324 5322//5322
f 5252//5252 5322//5322 5251//5251
f 5251//5251 5322//5322 5320//5320
f 5251//5251 5320//5320 5250//5250
f 5250//5250 5320//5320 5318//5318
f 5250//5250 5318//5318 5249//5249
f 5249//5249 5318//5318 5316//5316
f 5249//5249 5316//5316 5248//5248
f 5248//5248 5316//5316 5314//5314
f 5248//5248 5314//5314 5247//5247
f 5247//5247 5314//5314 5312//5312
f 5247//5247 5312//5312 5246//5246
f 5246//5246 5312//5312 5310//5310
f 5246//5246 5310//5310 5245//5245
f 5245//5245 5310//5310 5308//5308
f 5245//5245 5308//5308 5244//5244
f 5244//5244 5308//5308 5306//5306
f 5244//5244 5306//5306 5243//5243
f 5243//5243 5306//5306 5304//5304
f 5243//5243 5304//5304 5242//5242
f 5242//5242 5304//5304 5302//5302
f 5242//5242 5302//5302 5241//5241
f 5241//5241 5302//5302 5300//5300
f 5241//5241 5300//5300 5240//5240
f 5240//5240 5300//5300 5298//5298
f 5240//5240 5298//5298 5239//5239
f 5239//5239 5298//5298 5296//5296
f 5239//5239 5296//5296 5238//5238
f 5238//5238 5296//5296 5294//5294
f 5238//5238 5294//5294 22//22
f 22//22 5294//5294 20//20
f 5099//5099 5463//5463 5100//5100
f 5100//5100 5463//5463 5464//5464
f 5100//5100 5464//5464 5127//5127
f 5127//5127 5464//5464 5465//5465
f 5127//5127 5465//5465 5156//5156
f 5156//5156 5465//5465 5466//5466
f 5156//5156 5466//5466 5187//5187
f 5187//5187 5466//5466 5467//5467
f 5187//5187 5467//5467 5220//5220
f 5220//5220 5467//5467 4967//4967
f 5220//5220 4967//4967 4968//4968
f 4968//4968 4967//4967 4279//4279
f 4968//4968 4279//4279 4278//4278
f 4286//4286 4284//4284 5468//5468
f 5468//5468 4284//4284 4283//4283
f 5463//5463 5469//5469 5464//5464
f 5464//5464 5469//5469 5470//5470
f 5464//5464 5470//5470 5465//5465
f 5465//5465 5470//5470 5471//5471
f 5465//5465 5471//5471 5466//5466
f 5466//5466 5471//5471 5472//5472
f 5466//5466 5472//5472 5467//5467
f 5467//5467 5472//5472 5468//5468
f 5467//5467 5468//5468 4967//4967
f 4967//4967 5468//5468 4283//4283
f 4967//4967 4283//4283 4281//4281
f 5469//5469 5473//5473 5470//5470
f 5470//5470 5473//5473 5474//5474
f 5470//5470 5474//5474 5471//5471
f 5471//5471 5474//5474 5475//5475
f 5471//5471 5475//5475 5472//5472
f 5472//5472 5475//5475 4966//4966
f 5472//5472 4966//4966 5468//5468
f 5468//5468 4966//4966 4287//4287
f 5468//5468 4287//4287 4286//4286
f 4294//4294 4292//4292 5476//5476
f 5476//5476 4292//4292 4291//4291
f 5473//5473 5477//5477 5474//5474
f 5474//5474 5477//5477 5478//5478
f 5474//5474 5478//5478 5475//5475
f 5475//5475 5478//5478 5476//5476
f 5475//5475 5476//5476 4966//4966
f 4966//4966 5476//5476 4291//4291
f 4966//4966 4291//4291 4289//4289
f 5477//5477 5328//5328 5478//5478
f 5478//5478 5328//5328 5330//5330
f 5478//5478 5330//5330 5476//5476
f 5476//5476 5330//5330 4295//4295
f 5476//5476 4295//4295 4294//4294
f 4302//4302 4300//4300 5329//5329
f 5329//5329 4300//4300 4299//4299
f 5329//5329 4299//4299 5330//5330
f 5330//5330 4299//4299 4297//4297
f 5330//5330 4297//4297 4295//4295
f 63//63 65//65 5077//5077
f 5077//5077 65//65 5255//5255
f 5077//5077 5255//5255 5079//5079
f 5079//5079 5255//5255 5256//5256
f 5079//5079 5256//5256 5081//5081
f 5081//5081 5256//5256 5257//5257
f 5081//5081 5257//5257 5083//5083
f 5083//5083 5257//5257 5258//5258
f 5083//5083 5258//5258 5085//5085
f 5085//5085 5258//5258 5259//5259
f 5085//5085 5259//5259 5087//5087
f 5087//5087 5259//5259 5260//5260
f 5087//5087 5260//5260 5089//5089
f 5089//5089 5260//5260 5261//5261
f 5089//5089 5261//5261 5091//5091
f 5091//5091 5261//5261 5262//5262
f 5091//5091 5262//5262 5093//5093
f 5093//5093 5262//5262 5263//5263
f 5093//5093 5263//5263 5095//5095
f 5095//5095 5263//5263 5264//5264
f 5095//5095 5264//5264 5097//5097
f 5097//5097 5264//5264 5265//5265
f 5097//5097 5265//5265 5099//5099
f 5099//5099 5265//5265 5266//5266
f 5099//5099 5266//5266 5463//5463
f 5463//5463 5266//5266 5267//5267
f 5463//5463 5267//5267 5469//5469
f 5469//5469 5267//5267 5268//5268
f 5469//5469 5268//5268 5473//5473
f 5473//5473 5268//5268 5269//5269
f 5473//5473 5269//5269 5477//5477
f 5477//5477 5269//5269 5270//5270
f 5477//5477 5270//5270 5328//5328
f 5328//5328 5270//5270 5271//5271
f 5328//5328 5271//5271 5329//5329
f 5329//5329 5271//5271 4965//4965
f 5329//5329 4965//4965 4302//4302
f 4302//4302 4965//4965 4303//4303
f 5479//5479 4308//4308 4307//4307
f 9//9 4985//4985 4986//4986
f 4986//4986 4985//4985 5480//5480
f 4986//4986 5480//5480 4988//4988
f 4988//4988 5480//5480 5481//5481
f 4988//4988 5481//5481 4991//4991
f 4991//4991 5481//5481 5482//5482
f 4991//4991 5482//5482 4995//4995
f 4995//4995 5482//5482 5483//5483
f 4995//4995 5483//5483 5003//5003
f 5003//5003 5483//5483 5484//5484
f 5003//5003 5484//5484 5009//5009
f 5009//5009 5484//5484 5485//5485
f 5009//5009 5485//5485 5019//5019
f 5019//5019 5485//5485 5486//5486
f 5019//5019 5486//5486 5030//5030
f 5030//5030 5486//5486 5487//5487
f 5030//5030 5487//5487 5039//5039
f 5039//5039 5487//5487 5488//5488
f 5039//5039 5488//5488 5052//5052
f 5052//5052 5488//5488 5489//5489
f 5052//5052 5489//5489 5063//5063
f 5063//5063 5489//5489 5490//5490
f 5063//5063 5490//5490 5075//5075
f 5075//5075 5490//5490 5491//5491
f 5075//5075 5491//5491 5113//5113
f 5113//5113 5491//5491 5492//5492
f 5113//5113 5492//5492 5141//5141
f 5141//5141 5492//5492 5493//5493
f 5141//5141 5493//5493 5171//5171
f 5171//5171 5493//5493 5494//5494
f 5171//5171 5494//5494 5203//5203
f 5203//5203 5494//5494 5495//5495
f 5203//5203 5495//5495 5237//5237
f 5237//5237 5495//5495 5479//5479
f 5237//5237 5479//5479 4965//4965
f 4965//4965 5479//5479 4307//4307
f 4965//4965 4307//4307 4305//4305
f 4313//4313 4311//4311 5496//5496
f 5496//5496 4311//4311 4310//4310
f 11//11 4984//4984 4985//4985
f 4985//4985 4984//4984 5497//5497
f 4985//4985 5497//5497 5480//5480
f 5480//5480 5497//5497 5498//5498
f 5480//5480 5498//5498 5481//5481
f 5481//5481 5498//5498 5499//5499
f 5481//5481 5499//5499 5482//5482
f 5482//5482 5499//5499 5500//5500
f 5482//5482 5500//5500 5483//5483
f 5483//5483 5500//5500 5501//5501
f 5483//5483 5501//5501 5484//5484
f 5484//5484 5501//5501 5502//5502
f 5484//5484 5502//5502 5485//5485
f 5485//5485 5502//5502 5503//5503
f 5485//5485 5503//5503 5486//5486
f 5486//5486 5503//5503 5504//5504
f 5486//5486 5504//5504 5487//5487
f 5487//5487 5504//5504 5505//5505
f 5487//5487 5505//5505 5488//5488
f 5488//5488 5505//5505 5506//5506
f 5488//5488 5506//5506 5489//5489
f 5489//5489 5506//5506 5507//5507
f 5489//5489 5507//5507 5490//5490
f 5490//5490 5507//5507 5508//5508
f 5490//5490 5508//5508 5491//5491
f 5491//5491 5508//5508 5509//5509
f 5491//5491 5509//5509 5492//5492
f 5492//5492 5509//5509 5510//5510
f 5492//5492 5510//5510 5493//5493
f 5493//5493 5510//5510 5511//5511
f 5493//5493 5511//5511 5494//5494
f 5494//5494 5511//5511 5512//5512
f 5494//5494 5512//5512 5495//5495
f 5495//5495 5512//5512 5496//5496
f 5495//5495 5496//5496 5479//5479
f 5479//5479 5496//5496 4310//4310
f 5479//5479 4310//4310 4308//4308
f 5513//5513 4316//4316 4315//4315
f 13//13 4983//4983 4984//4984
f 4984//4984 4983//4983 5514//5514
f 4984//4984 5514//5514 5497//5497
f 5497//5497 5514//5514 5515//5515
f 5497//5497 5515//5515 5498//5498
f 5498//5498 5515//5515 5516//5516
f 5498//5498 5516//5516 5499//5499
f 5499//5499 5516//5516 5517//5517
f 5499//5499 5517//5517 5500//5500
f 5500//5500 5517//5517 5518//5518
f 5500//5500 5518//5518 5501//5501
f 5501//5501 5518//5518 5519//5519
f 5501//5501 5519//5519 5502//5502
f 5502//5502 5519//5519 5520//5520
f 5502//5502 5520//5520 5503//5503
f 5503//5503 5520//5520 5521//5521
f 5503//5503 5521//5521 5504//5504
f 5504//5504 5521//5521 5522//5522
f 5504//5504 5522//5522 5505//5505
f 5505//5505 5522//5522 5523//5523
f 5505//5505 5523//5523 5506//5506
f 5506//5506 5523//5523 5524//5524
f 5506//5506 5524//5524 5507//5507
f 5507//5507 5524//5524 5525//5525
f 5507//5507 5525//5525 5508//5508
f 5508//5508 5525//5525 5526//5526
f 5508//5508 5526//5526 5509//5509
f 5509//5509 5526//5526 5527//5527
f 5509//5509 5527//5527 5510//5510
f 5510//5510 5527//5527 5528//5528
f 5510//5510 5528//5528 5511//5511
f 5511//5511 5528//5528 5529//5529
f 5511//5511 5529//5529 5512//5512
f 5512//5512 5529//5529 5513//5513
f 5512//5512 5513//5513 5496//5496
f 5496//5496 5513//5513 4315//4315
f 5496//5496 4315//4315 4313//4313
f 4321//4321 4319//4319 5530//5530
f 5530//5530 4319//4319 4318//4318
f 42//42 4982//4982 4983//4983
f 4983//4983 4982//4982 5531//5531
f 4983//4983 5531//5531 5514//5514
f 5514//5514 5531//5531 5532//5532
f 5514//5514 5532//5532 5515//5515
f 5515//5515 5532//5532 5533//5533
f 5515//5515 5533//5533 5516//5516
f 5516//5516 5533//5533 5534//5534
f 5516//5516 5534//5534 5517//5517
f 5517//5517 5534//5534 5535//5535
f 5517//5517 5535//5535 5518//5518
f 5518//5518 5535//5535 5536//5536
f 5518//5518 5536//5536 5519//5519
f 5519//5519 5536//5536 5537//5537
f 5519//5519 5537//5537 5520//5520
f 5520//5520 5537//5537 5538//5538
f 5520//5520 5538//5538 5521//5521
f 5521//5521 5538//5538 5539//5539
f 5521//5521 5539//5539 5522//5522
f 5522//5522 5539//5539 5540//5540
f 5522//5522 5540//5540 5523//5523
f 5523//5523 5540//5540 5541//5541
f 5523//5523 5541//5541 5524//5524
f 5524//5524 5541//5541 5542//5542
f 5524//5524 5542//5542 5525//5525
f 5525//5525 5542//5542 5543//5543
f 5525//5525 5543//5543 5526//5526
f 5526//5526 5543//5543 5544//5544
f 5526//5526 5544//5544 5527//5527
f 5527//5527 5544//5544 5545//5545
f 5527//5527 5545//5545 5528//5528
f 5528//5528 5545//5545 5546//5546
f 5528//5528 5546//5546 5529//5529
f 5529//5529 5546//5546 5530//5530
f 5529//5529 5530//5530 5513//5513
f 5513//5513 5530//5530 4318//4318
f 5513//5513 4318//4318 4316//4316
f 5547//5547 4324//4324 4323//4323
f 44//44 4981//4981 4982//4982
f 4982//4982 4981//4981 5548//5548
f 4982//4982 5548//5548 5531//5531
f 5531//5531 5548//5548 5549//5549
f 5531//5531 5549//5549 5532//5532
f 5532//5532 5549//5549 5550//5550
f 5532//5532 5550//5550 5533//5533
f 5533//5533 5550//5550 5551//5551
f 5533//5533 5551//5551 5534//5534
f 5534//5534 5551//5551 5552//5552
f 5534//5534 5552//5552 5535//5535
f 5535//5535 5552//5552 5553//5553
f 5535//5535 5553//5553 5536//5536
f 5536//5536 5553//5553 5554//5554
f 5536//5536 5554//5554 5537//5537
f 5537//5537 5554//5554 5555//5555
f 5537//5537 5555//5555 5538//5538
f 5538//5538 5555//5555 5556//5556
f 5538//5538 5556//5556 5539//5539
f 5539//5539 5556//5556 5557//5557
f 5539//5539 5557//5557 5540//5540
f 5540//5540 5557//5557 5558//5558
f 5540//5540 5558//5558 5541//5541
f 5541//5541 5558//5558 5559//5559
f 5541//5541 5559//5559 5542//5542
f 5542//5542 5559//5559 5560//5560
f 5542//5542 5560//5560 5543//5543
f 5543//5543 5560//5560 5561//5561
f 5543//5543 5561//5561 5544//5544
f 5544//5544 5561//5561 5562//5562
f 5544//5544 5562//5562 5545//5545
f 5545//5545 5562//5562 5563//5563
f 5545//5545 5563//5563 5546//5546
f 5546//5546 5563//5563 5547//5547
f 5546//5546 5547//5547 5530//5530
f 5530//5530 5547//5547 4323//4323
f 5530//5530 4323//4323 4321//4321
f 4329//4329 4327//4327 5564//5564
f 5564//5564 4327//4327 4326//4326
f 46//46 4980//4980 4981//4981
f 4981//4981 4980//4980 5565//5565
f 4981//4981 5565//5565 5548//5548
f 5548//5548 5565//5565 5566//5566
f 5548//5548 5566//5566 5549//5549
f 5549//5549 5566//5566 5567//5567
f 5549//5549 5567//5567 5550//5550
f 5550//5550 5567//5567 5568//5568
f 5550//5550 5568//5568 5551//5551
f 5551//5551 5568//5568 5569//5569
f 5551//5551 5569//5569 5552//5552
f 5552//5552 5569//5569 5570//5570
f 5552//5552 5570//5570 5553//5553
f 5553//5553 5570//5570 5571//5571
f 5553//5553 5571//5571 5554//5554
f 5554//5554 5571//5571 5572//5572
f 5554//5554 5572//5572 5555//5555
f 5555//5555 5572//5572 5573//5573
f 5555//5555 5573//5573 5556//5556
f 5556//5556 5573//5573 5574//5574
f 5556//5556 5574//5574 5557//5557
f 5557//5557 5574//5574 5575//5575
f 5557//5557 5575//5575 5558//5558
f 5558//5558 5575//5575 5576//5576
f 5558//5558 5576//5576 5559//5559
f 5559//5559 5576//5576 5577//5577
f 5559//5559 5577//5577 5560//5560
f 5560//5560 5577//5577 5578//5578
f 5560//5560 5578//5578 5561//5561
f 5561//5561 5578//5578 5579//5579
f 5561//5561 5579//5579 5562//5562
f 5562//5562 5579//5579 5580//5580
f 5562//5562 5580//5580 5563//5563
f 5563//5563 5580//5580 5564//5564
f 5563//5563 5564//5564 5547//5547
f 5547//5547 5564//5564 4326//4326
f 5547//5547 4326//4326 4324//4324
f 5581//5581 4332//4332 4331//4331
f 48//48 4979//4979 4980//4980
f 4980//4980 4979//4979 5582//5582
f 4980//4980 5582//5582 5565//5565
f 5565//5565 5582//5582 5583//5583
f 5565//5565 5583//5583 5566//5566
f 5566//5566 5583//5583 5584//5584
f 5566//5566 5584//5584 5567//5567
f 5567//5567 5584//5584 5585//5585
f 5567//5567 5585//5585 5568//5568
f 5568//5568 5585//5585 5586//5586
f 5568//5568 5586//5586 5569//5569
f 5569//5569 5586//5586 5587//5587
f 5569//5569 5587//5587 5570//5570
f 5570//5570 5587//5587 5588//5588
f 5570//5570 5588//5588 5571//5571
f 5571//5571 5588//5588 5589//5589
f 5571//5571 5589//5589 5572//5572
f 5572//5572 5589//5589 5590//5590
f 5572//5572 5590//5590 5573//5573
f 5573//5573 5590//5590 5591//5591
f 5573//5573 5591//5591 5574//5574
f 5574//5574 5591//5591 5592//5592
f 5574//5574 5592//5592 5575//5575
f 5575//5575 5592//5592 5593//5593
f 5575//5575 5593//5593 5576//5576
f 5576//5576 5593//5593 5594//5594
f 5576//5576 5594//5594 5577//5577
f 5577//5577 5594//5594 5595//5595
f 5577//5577 5595//5595 5578//5578
f 5578//5578 5595//5595 5596//5596
f 5578//5578 5596//5596 5579//5579
f 5579//5579 5596//5596 5597//5597
f 5579//5579 5597//5597 5580//5580
f 5580//5580 5597//5597 5581//5581
f 5580//5580 5581//5581 5564//5564
f 5564//5564 5581//5581 4331//4331
f 5564//5564 4331//4331 4329//4329
f 4337//4337 4335//4335 5598//5598
f 5598//5598 4335//4335 4334//4334
f 50//50 4978//4978 4979//4979
f 4979//4979 4978//4978 5599//5599
f 4979//4979 5599//5599 5582//5582
f 5582//5582 5599//5599 5600//5600
f 5582//5582 5600//5600 5583//5583
f 5583//5583 5600//5600 5601//5601
f 5583//5583 5601//5601 5584//5584
f 5584//5584 5601//5601 5602//5602
f 5584//5584 5602//5602 5585//5585
f 5585//5585 5602//5602 5603//5603
f 5585//5585 5603//5603 5586//5586
f 5586//5586 5603//5603 5604//5604
f 5586//5586 5604//5604 5587//5587
f 5587//5587 5604//5604 5605//5605
f 5587//5587 5605//5605 5588//5588
f 5588//5588 5605//5605 5606//5606
f 5588//5588 5606//5606 5589//5589
f 5589//5589 5606//5606 5607//5607
f 5589//5589 5607//5607 5590//5590
f 5590//5590 5607//5607 5608//5608
f 5590//5590 5608//5608 5591//5591
f 5591//5591 5608//5608 5609//5609
f 5591//5591 5609//5609 5592//5592
f 5592//5592 5609//5609 5610//5610
f 5592//5592 5610//5610 5593//5593
f 5593//5593 5610//5610 5611//5611
f 5593//5593 5611//5611 5594//5594
f 5594//5594 5611//5611 5612//5612
f 5594//5594 5612//5612 5595//5595
f 5595//5595 5612//5612 5613//5613
f 5595//5595 5613//5613 5596//5596
f 5596//5596 5613//5613 5614//5614
f 5596//5596 5614//5614 5597//5597
f 5597//5597 5614//5614 5598//5598
f 5597//5597 5598//5598 5581//5581
f 5581//5581 5598//5598 4334//4334
f 5581//5581 4334//4334 4332//4332
f 5615//5615 4340//4340 4339//4339
f 52//52 4977//4977 4978//4978
f 4978//4978 4977//4977 5616//5616
f 4978//4978 5616//5616 5599//5599
f 5599//5599 5616//5616 5617//5617
f 5599//5599 5617//5617 5600//5600
f 5600//5600 5617//5617 5618//5618
f 5600//5600 5618//5618 5601//5601
f 5601//5601 5618//5618 5619//5619
f 5601//5601 5619//5619 5602//5602
f 5602//5602 5619//5619 5620//5620
f 5602//5602 5620//5620 5603//5603
f 5603//5603 5620//5620 5621//5621
f 5603//5603 5621//5621 5604//5604
f 5604//5604 5621//5621 5622//5622
f 5604//5604 5622//5622 5605//5605
f 5605//5605 5622//5622 5623//5623
f 5605//5605 5623//5623 5606//5606
f 5606//5606 5623//5623 5624//5624
f 5606//5606 5624//5624 5607//5607
f 5607//5607 5624//5624 5625//5625
f 5607//5607 5625//5625 5608//5608
f 5608//5608 5625//5625 5626//5626
f 5608//5608 5626//5626 5609//5609
f 5609//5609 5626//5626 5627//5627
f 5609//5609 5627//5627 5610//5610
f 5610//5610 5627//5627 5628//5628
f 5610//5610 5628//5628 5611//5611
f 5611//5611 5628//5628 5629//5629
f 5611//5611 5629//5629 5612//5612
f 5612//5612 5629//5629 5630//5630
f 5612//5612 5630//5630 5613//5613
f 5613//5613 5630//5630 5631//5631
f 5613//5613 5631//5631 5614//5614
f 5614//5614 5631//5631 5615//5615
f 5614//5614 5615//5615 5598//5598
f 5598//5598 5615//5615 4339//4339
f 5598//5598 4339//4339 4337//4337
f 4345//4345 4343//4343 5632//5632
f 5632//5632 4343//4343 4342//4342
f 14//14 4976//4976 4977//4977
f 4977//4977 4976//4976 5633//5633
f 4977//4977 5633//5633 5616//5616
f 5616//5616 5633//5633 5634//5634
f 5616//5616 5634//5634 5617//5617
f 5617//5617 5634//5634 5635//5635
f 5617//5617 5635//5635 5618//5618
f 5618//5618 5635//5635 5636//5636
f 5618//5618 5636//5636 5619//5619
f 5619//5619 5636//5636 5637//5637
f 5619//5619 5637//5637 5620//5620
f 5620//5620 5637//5637 5638//5638
f 5620//5620 5638//5638 5621//5621
f 5621//5621 5638//5638 5639//5639
f 5621//5621 5639//5639 5622//5622
f 5622//5622 5639//5639 5640//5640
f 5622//5622 5640//5640 5623//5623
f 5623//5623 5640//5640 5641//5641
f 5623//5623 5641//5641 5624//5624
f 5624//5624 5641//5641 5642//5642
f 5624//5624 5642//5642 5625//5625
f 5625//5625 5642//5642 5643//5643
f 5625//5625 5643//5643 5626//5626
f 5626//5626 5643//5643 5644//5644
f 5626//5626 5644//5644 5627//5627
f 5627//5627 5644//5644 5645//5645
f 5627//5627 5645//5645 5628//5628
f 5628//5628 5645//5645 5646//5646
f 5628//5628 5646//5646 5629//5629
f 5629//5629 5646//5646 5647//5647
f 5629//5629 5647//5647 5630//5630
f 5630//5630 5647//5647 5648//5648
f 5630//5630 5648//5648 5631//5631
f 5631//5631 5648//5648 5632//5632
f 5631//5631 5632//5632 5615//5615
f 5615//5615 5632//5632 4342//4342
f 5615//5615 4342//4342 4340//4340
f 16//16 5462//5462 4976//4976
f 4976//4976 5462//5462 4996//4996
f 4976//4976 4996//4996 5633//5633
f 5633//5633 4996//4996 4998//4998
f 5633//5633 4998//4998 5634//5634
f 5634//5634 4998//4998 5010//5010
f 5634//5634 5010//5010 5635//5635
f 5635//5635 5010//5010 5012//5012
f 5635//5635 5012//5012 5636//5636
f 5636//5636 5012//5012 5020//5020
f 5636//5636 5020//5020 5637//5637
f 5637//5637 5020//5020 5022//5022
f 5637//5637 5022//5022 5638//5638
f 5638//5638 5022//5022 5040//5040
f 5638//5638 5040//5040 5639//5639
f 5639//5639 5040//5040 5042//5042
f 5639//5639 5042//5042 5640//5640
f 5640//5640 5042//5042 5292//5292
f 5640//5640 5292//5292 5641//5641
f 5641//5641 5292//5292 5332//5332
f 5641//5641 5332//5332 5642//5642
f 5642//5642 5332//5332 5334//5334
f 5642//5642 5334//5334 5643//5643
f 5643//5643 5334//5334 5336//5336
f 5643//5643 5336//5336 5644//5644
f 5644//5644 5336//5336 5338//5338
f 5644//5644 5338//5338 5645//5645
f 5645//5645 5338//5338 5340//5340
f 5645//5645 5340//5340 5646//5646
f 5646//5646 5340//5340 5342//5342
f 5646//5646 5342//5342 5647//5647
f 5647//5647 5342//5342 5344//5344
f 5647//5647 5344//5344 5648//5648
f 5648//5648 5344//5344 5345//5345
f 5648//5648 5345//5345 5632//5632
f 5632//5632 5345//5345 4347//4347
f 5632//5632 4347//4347 4345//4345
f 397//397 396//396 325//325
f 325//325 396//396 327//327
f 365//365 98//98 325//325
f 396//396 310//310 309//309
f 321//321 320//320 396//396
f 396//396 320//320 328//328
f 396//396 328//328 327//327
f 335//335 334//334 366//366
f 342//342 349//349 366//366
f 309//309 307//307 396//396
f 396//396 307//307 306//306
f 396//396 306//306 312//312
f 312//312 311//311 396//396
f 396//396 311//311 319//319
f 396//396 319//319 318//318
f 318//318 316//316 396//396
f 396//396 316//316 315//315
f 396//396 315//315 321//321
f 349//349 347//347 366//366
f 366//366 347//347 346//346
f 366//366 346//346 352//352
f 365//365 325//325 366//366
f 366//366 325//325 324//324
f 366//366 324//324 335//335
f 341//341 340//340 366//366
f 366//366 340//340 102//102
f 366//366 102//102 101//101
f 379//379 390//390 325//325
f 325//325 390//390 388//388
f 395//395 325//325 92//92
f 92//92 325//325 93//93
f 325//325 391//391 90//90
f 334//334 332//332 366//366
f 366//366 332//332 330//330
f 366//366 330//330 329//329
f 101//101 345//345 366//366
f 366//366 345//345 343//343
f 366//366 343//343 342//342
f 352//352 351//351 366//366
f 366//366 351//351 355//355
f 366//366 355//355 354//354
f 358//358 357//357 361//361
f 354//354 358//358 366//366
f 366//366 358//358 361//361
f 366//366 361//361 364//364
f 364//364 361//361 360//360
f 98//98 100//100 325//325
f 325//325 100//100 367//367
f 325//325 367//367 96//96
f 325//325 374//374 384//384
f 388//388 386//386 325//325
f 325//325 386//386 385//385
f 325//325 385//385 93//93
f 395//395 394//394 325//325
f 325//325 394//394 392//392
f 325//325 392//392 391//391
f 90//90 89//89 325//325
f 325//325 89//89 398//398
f 325//325 398//398 397//397
f 329//329 337//337 366//366
f 366//366 337//337 338//338
f 366//366 338//338 341//341
f 96//96 95//95 325//325
f 325//325 95//95 369//369
f 325//325 369//369 373//373
f 378//378 377//377 325//325
f 325//325 377//377 375//375
f 325//325 375//375 374//374
f 373//373 371//371 325//325
f 325//325 371//371 370//370
f 325//325 370//370 378//378
f 384//384 382//382 325//325
f 325//325 382//382 380//380
f 325//325 380//380 379//379
f 139//139 138//138 293//293
f 274//274 272//272 396//396
f 396//396 272//272 271//271
f 396//396 271//271 310//310
f 396//396 157//157 274//274
f 274//274 157//157 156//156
f 274//274 156//156 275//275
f 275//275 156//156 276//276
f 276//276 156//156 155//155
f 276//276 155//155 154//154
f 279//279 278//278 154//154
f 154//154 278//278 277//277
f 154//154 277//277 276//276
f 154//154 153//153 279//279
f 279//279 153//153 152//152
f 279//279 152//152 280//280
f 280//280 152//152 281//281
f 152//152 151//151 281//281
f 281//281 151//151 150//150
f 281//281 150//150 282//282
f 282//282 150//150 149//149
f 146//146 286//286 147//147
f 147//147 286//286 285//285
f 147//147 285//285 148//148
f 148//148 285//285 284//284
f 148//148 284//284 149//149
f 149//149 284//284 283//283
f 149//149 283//283 282//282
f 143//143 287//287 144//144
f 144//144 287//287 286//286
f 144//144 286//286 146//146
f 139//139 293//293 140//140
f 140//140 293//293 292//292
f 140//140 292//292 141//141
f 141//141 292//292 291//291
f 141//141 291//291 142//142
f 142//142 291//291 290//290
f 142//142 290//290 143//143
f 143//143 290//290 288//288
f 143//143 288//288 287//287
f 134//134 133//133 298//298
f 298//298 133//133 299//299
f 134//134 298//298 135//135
f 135//135 298//298 297//297
f 135//135 297//297 136//136
f 136//136 297//297 296//296
f 136//136 296//296 137//137
f 137//137 296//296 295//295
f 137//137 295//295 138//138
f 138//138 295//295 294//294
f 138//138 294//294 293//293
f 299//299 133//133 132//132
f 299//299 132//132 300//300
f 300//300 132//132 131//131
f 300//300 131//131 301//301
f 301//301 131//131 130//130
f 301//301 130//130 302//302
f 130//130 129//129 302//302
f 302//302 129//129 128//128
f 302//302 128//128 303//303
f 303//303 128//128 127//127
f 303//303 127//127 126//126
f 303//303 126//126 304//304
f 260//260 259//259 126//126
f 126//126 259//259 305//305
f 126//126 305//305 304//304
f 126//126 125//125 260//260
f 260//260 125//125 124//124
f 260//260 124//124 262//262
f 262//262 124//124 122//122
f 262//262 122//122 121//121
f 165//165 265//265 167//167
f 167//167 265//265 121//121
f 121//121 265//265 263//263
f 121//121 263//263 262//262
f 165//165 164//164 265//265
f 265//265 164//164 163//163
f 265//265 163//163 266//266
f 266//266 163//163 162//162
f 266//266 162//162 267//267
f 267//267 162//162 268//268
f 268//268 162//162 161//161
f 268//268 161//161 269//269
f 161//161 160//160 269//269
f 269//269 160//160 159//159
f 269//269 159//159 270//270
f 270//270 159//159 172//172
f 270//270 172//172 106//106
f 171//171 169//169 177//177
f 198//198 197//197 106//106
f 106//106 197//197 196//196
f 106//106 196//196 201//201
f 205//205 203//203 106//106
f 106//106 203//203 202//202
f 106//106 202//202 208//208
f 214//214 220//220 106//106
f 106//106 220//220 219//219
f 106//106 219//219 217//217
f 217//217 216//216 106//106
f 106//106 216//216 224//224
f 106//106 224//224 104//104
f 246//246 250//250 249//249
f 106//106 172//172 171//171
f 106//106 174//174 173//173
f 115//115 192//192 106//106
f 201//201 207//207 106//106
f 106//106 207//207 206//206
f 106//106 206//206 205//205
f 173//173 178//178 106//106
f 106//106 178//178 180//180
f 106//106 180//180 181//181
f 192//192 195//195 106//106
f 106//106 195//195 194//194
f 106//106 194//194 198//198
f 208//208 114//114 106//106
f 106//106 114//114 113//113
f 106//106 113//113 209//209
f 209//209 211//211 106//106
f 106//106 211//211 215//215
f 106//106 215//215 214//214
f 223//223 257//257 224//224
f 224//224 257//257 258//258
f 224//224 258//258 104//104
f 248//248 108//108 240//240
f 171//171 177//177 106//106
f 106//106 177//177 176//176
f 106//106 176//176 174//174
f 1148//1148 119//119 106//106
f 106//106 119//119 118//118
f 223//223 222//222 257//257
f 257//257 222//222 221//221
f 257//257 221//221 225//225
f 225//225 227//227 257//257
f 257//257 227//227 229//229
f 257//257 229//229 230//230
f 110//110 246//246 111//111
f 111//111 246//246 249//249
f 111//111 249//249 244//244
f 108//108 107//107 240//240
f 240//240 107//107 252//252
f 240//240 252//252 254//254
f 254//254 255//255 240//240
f 240//240 255//255 257//257
f 240//240 257//257 235//235
f 181//181 182//182 106//106
f 106//106 182//182 184//184
f 106//106 184//184 1148//1148
f 230//230 232//232 257//257
f 257//257 232//232 234//234
f 257//257 234//234 235//235
f 248//248 240//240 249//249
f 249//249 240//240 239//239
f 249//249 239//239 238//238
f 238//238 241//241 249//249
f 249//249 241//241 243//243
f 249//249 243//243 244//244
f 118//118 189//189 106//106
f 106//106 189//189 188//188
f 106//106 188//188 186//186
f 186//186 185//185 106//106
f 106//106 185//185 116//116
f 106//106 116//116 115//115
