# Chess piece OBJ — converted from king 2.STL
# 16004 triangles, 7997 unique vertices

v -2.29451 76.65889 -0.17915
v -2.29279 76.65889 -0.19370
v -1.83598 76.70949 -0.15484
v -2.27325 76.65889 -0.35874
v -2.26753 76.65889 -0.38749
v -1.81610 76.70949 -0.31011
v -2.23797 76.65889 -0.53611
v -2.22603 76.65889 -0.57844
v -1.78312 76.70949 -0.46314
v -2.18888 76.65889 -0.71016
v -2.16859 76.65889 -0.76518
v -1.73728 76.70949 -0.61281
v -2.12629 76.65889 -0.87983
v -2.09560 76.65889 -0.94640
v -1.67891 76.70949 -0.75806
v -2.05058 76.65889 -1.04406
v -2.00759 76.65889 -1.12082
v -1.60844 76.70949 -0.89784
v -1.96222 76.65889 -1.20184
v -1.90519 76.65889 -1.28719
v -1.52636 76.70949 -1.03114
v -1.86174 76.65889 -1.35221
v -1.78912 76.65889 -1.44434
v -1.43328 76.70949 -1.15700
v -1.74979 76.65889 -1.49423
v -1.66020 76.65889 -1.59114
v -1.32986 76.70949 -1.27450
v -1.62703 76.65889 -1.62703
v -1.51935 76.65889 -1.72657
v -1.21685 76.70949 -1.38282
v -1.49423 76.65889 -1.74979
v -1.36756 76.65889 -1.84965
v -1.09506 76.70949 -1.48116
v -1.35221 76.65889 -1.86174
v -1.20591 76.65889 -1.95950
v -0.96536 76.70949 -1.56882
v -0.87983 76.65889 -2.12629
v -0.85691 76.65889 -2.13475
v -0.68606 76.70949 -1.70964
v -0.71016 76.65889 -2.18888
v -0.67254 76.65889 -2.19950
v -0.53846 76.70949 -1.76179
v -0.53611 76.65889 -2.23797
v -0.48338 76.65889 -2.24846
v -0.38697 76.70949 -1.80123
v 0.00156 76.65889 -2.30161
v 0.09923 76.65889 -2.29777
v 0.07982 76.70949 -1.84096
v 0.18226 76.65889 -2.29451
v 0.29390 76.65889 -2.28130
v 0.23580 76.70949 -1.82769
v 0.36185 76.65889 -2.27325
v 0.48649 76.65889 -2.24846
v 0.39009 76.70949 -1.80123
v 0.53922 76.65889 -2.23797
v 0.67565 76.65889 -2.19950
v 0.54157 76.70949 -1.76179
v 0.71327 76.65889 -2.18888
v 0.86002 76.65889 -2.13475
v 0.68917 76.70949 -1.70964
v 1.20496 76.65889 -1.96222
v 1.20902 76.65889 -1.95950
v 0.96847 76.70949 -1.56882
v 1.35532 76.65889 -1.86174
v 1.37067 76.65889 -1.84965
v 1.09817 76.70949 -1.48116
v 1.49734 76.65889 -1.74979
v 1.52246 76.65889 -1.72657
v 1.21996 76.70949 -1.38282
v 1.63014 76.65889 -1.62703
v 1.66331 76.65889 -1.59114
v 1.33297 76.70949 -1.27450
v 1.75290 76.65889 -1.49423
v 1.79223 76.65889 -1.44434
v 1.43639 76.70949 -1.15700
v 1.86486 76.65889 -1.35221
v 1.90830 76.65889 -1.28719
v 1.52948 76.70949 -1.03114
v 1.96533 76.65889 -1.20184
v 2.01070 76.65889 -1.12082
v 1.61155 76.70949 -0.89784
v 2.05369 76.65889 -1.04406
v 2.09871 76.65889 -0.94640
v 1.68202 76.70949 -0.75806
v 2.12940 76.65889 -0.87983
v 2.17170 76.65889 -0.76518
v 1.74039 76.70949 -0.61281
v 2.19200 76.65889 -0.71016
v 2.22915 76.65889 -0.57844
v 1.78623 76.70949 -0.46314
v 2.24108 76.65889 -0.53611
v 2.27065 76.65889 -0.38749
v 1.81921 76.70949 -0.31011
v 2.27637 76.65889 -0.35874
v 2.29590 76.65889 -0.19370
v 1.83909 76.70949 -0.15484
v 2.29762 76.65889 -0.17915
v 2.30472 76.65889 0.00156
v 1.84573 76.70949 0.00156
v 2.29762 76.65889 0.18226
v 2.29590 76.65889 0.19682
v 1.83909 76.70949 0.15795
v 2.27637 76.65889 0.36185
v 2.27065 76.65889 0.39060
v 1.81921 76.70949 0.31322
v 2.24108 76.65889 0.53922
v 2.22915 76.65889 0.58155
v 1.78623 76.70949 0.46625
v 2.19200 76.65889 0.71327
v 2.17170 76.65889 0.76829
v 1.74039 76.70949 0.61593
v 2.12940 76.65889 0.88294
v 2.09871 76.65889 0.94951
v 1.68202 76.70949 0.76118
v 2.05369 76.65889 1.04717
v 2.01070 76.65889 1.12393
v 1.61155 76.70949 0.90095
v 1.96533 76.65889 1.20496
v 1.90830 76.65889 1.29030
v 1.52948 76.70949 1.03425
v 1.86486 76.65889 1.35532
v 1.79223 76.65889 1.44745
v 1.43639 76.70949 1.16011
v 1.75290 76.65889 1.49734
v 1.66331 76.65889 1.59425
v 1.33297 76.70949 1.27761
v 1.63014 76.65889 1.63014
v 1.52246 76.65889 1.72968
v 1.21996 76.70949 1.38593
v 1.49734 76.65889 1.75290
v 1.37067 76.65889 1.85275
v 1.09817 76.70949 1.48427
v 1.35532 76.65889 1.86486
v 1.20902 76.65889 1.96261
v 0.96847 76.70949 1.57193
v 0.88294 76.65889 2.12940
v 0.86002 76.65889 2.13786
v 0.68917 76.70949 1.71275
v 0.71327 76.65889 2.19200
v 0.67565 76.65889 2.20261
v 0.54157 76.70949 1.76490
v 0.53922 76.65889 2.24108
v 0.48649 76.65889 2.25157
v 0.39009 76.70949 1.80434
v 0.00156 76.65889 2.30472
v -0.09612 76.65889 2.30088
v -0.07671 76.70949 1.84407
v -0.17915 76.65889 2.29762
v -0.29079 76.65889 2.28441
v -0.23269 76.70949 1.83080
v -0.35874 76.65889 2.27637
v -0.48338 76.65889 2.25157
v -0.38697 76.70949 1.80434
v -0.53611 76.65889 2.24108
v -0.67254 76.65889 2.20261
v -0.53846 76.70949 1.76490
v -0.71016 76.65889 2.19200
v -0.85691 76.65889 2.13786
v -0.68606 76.70949 1.71275
v -1.20184 76.65889 1.96533
v -1.20591 76.65889 1.96261
v -0.96536 76.70949 1.57193
v -1.35221 76.65889 1.86486
v -1.36756 76.65889 1.85275
v -1.09506 76.70949 1.48427
v -1.49423 76.65889 1.75290
v -1.51935 76.65889 1.72968
v -1.21685 76.70949 1.38593
v -1.62703 76.65889 1.63014
v -1.66020 76.65889 1.59425
v -1.32986 76.70949 1.27761
v -1.74979 76.65889 1.49734
v -1.78912 76.65889 1.44745
v -1.43328 76.70949 1.16011
v -1.86174 76.65889 1.35532
v -1.90519 76.65889 1.29030
v -1.52636 76.70949 1.03425
v -1.96222 76.65889 1.20496
v -2.00759 76.65889 1.12393
v -1.60844 76.70949 0.90095
v -2.05058 76.65889 1.04717
v -2.09560 76.65889 0.94951
v -1.67891 76.70949 0.76118
v -2.12629 76.65889 0.88294
v -2.16859 76.65889 0.76829
v -1.73728 76.70949 0.61593
v -2.18888 76.65889 0.71327
v -2.22603 76.65889 0.58155
v -1.78312 76.70949 0.46625
v -2.23797 76.65889 0.53922
v -2.26753 76.65889 0.39060
v -1.81610 76.70949 0.31322
v -2.27325 76.65889 0.36185
v -2.29279 76.65889 0.19682
v -1.83598 76.70949 0.15795
v -2.29451 76.65889 0.18226
v -2.30161 76.65889 0.00156
v -1.84262 76.70949 0.00156
v 0.13676 76.79393 -0.43994
v 0.09883 76.79393 -0.44981
v 0.19605 76.77703 -0.90091
v -0.13365 76.79393 0.44305
v -0.09572 76.79393 0.45292
v -0.19294 76.77703 0.90402
v 0.00156 76.79956 0.00156
v -0.09572 76.79393 -0.44981
v -0.05709 76.79393 -0.45644
v 0.09883 76.79393 0.45292
v 0.06020 76.79393 0.45955
v -0.17425 76.74887 1.37444
v -0.11571 76.77703 0.91727
v -0.05709 76.79393 0.45955
v 0.17736 76.74887 -1.37133
v 0.11882 76.77703 -0.91416
v 0.06020 76.79393 -0.45644
v -0.05719 76.74887 1.38440
v -0.03763 76.77703 0.92391
v -0.01804 76.79393 0.46287
v 0.06030 76.74887 -1.38129
v 0.04074 76.77703 -0.92080
v 0.02115 76.79393 -0.45976
v 0.23580 76.70949 1.83080
v 0.07982 76.70949 1.84407
v 0.06030 76.74887 1.38440
v -0.23269 76.70949 -1.82769
v -0.07671 76.70949 -1.84096
v -0.05719 76.74887 -1.38129
v -1.38254 76.74887 0.00156
v -1.37755 76.74887 -0.11582
v -0.91831 76.77703 -0.07674
v -0.90835 76.77703 -0.15446
v -0.45353 76.79393 -0.07648
v -0.44528 76.79393 -0.11479
v -1.37755 76.74887 0.11894
v -0.92163 76.77703 0.00156
v -0.45851 76.79393 -0.03760
v -1.36263 76.74887 0.23547
v -0.91831 76.77703 0.07985
v -0.46018 76.79393 0.00156
v -1.33788 76.74887 0.35032
v -0.90835 76.77703 0.15758
v -0.45851 76.79393 0.04071
v -1.30348 76.74887 0.46265
v -0.89184 76.77703 0.23418
v -0.45353 76.79393 0.07959
v -1.25967 76.74887 0.57167
v -0.86890 76.77703 0.30911
v -0.44528 76.79393 0.11790
v -1.20678 76.74887 0.67657
v -0.83968 76.77703 0.38182
v -0.43380 76.79393 0.15538
v -1.14518 76.74887 0.77661
v -0.80440 76.77703 0.45179
v -0.41919 76.79393 0.19174
v -1.07532 76.74887 0.87107
v -0.76332 76.77703 0.51852
v -0.40154 76.79393 0.22674
v -0.99770 76.74887 0.95927
v -0.71672 76.77703 0.58152
v -0.38099 76.79393 0.26011
v -0.91288 76.74887 1.04056
v -0.66495 76.77703 0.64035
v -0.35769 76.79393 0.29162
v -0.82147 76.74887 1.11437
v -0.60837 76.77703 0.69457
v -0.33179 76.79393 0.32105
v -0.87983 76.65889 2.12940
v -1.03519 76.65889 2.05778
v -0.82870 76.70949 1.64827
v -1.04406 76.65889 2.05369
v -0.72414 76.74887 1.18015
v -0.54740 76.77703 0.74380
v -0.30350 76.79393 0.34816
v -0.62157 76.74887 1.23745
v -0.48248 76.77703 0.78768
v -0.27301 76.79393 0.37279
v -0.51451 76.74887 1.28584
v -0.41407 76.77703 0.82589
v -0.24053 76.79393 0.39473
v -0.40374 76.74887 1.32498
v -0.34266 76.77703 0.85817
v -0.20632 76.79393 0.41385
v -0.29005 76.74887 1.35459
v -0.26878 76.77703 0.88428
v -0.17060 76.79393 0.42999
v 0.36185 76.65889 2.27637
v 0.29390 76.65889 2.28441
v 0.18226 76.65889 2.29762
v 0.09923 76.65889 2.30088
v 0.17736 76.74887 1.37444
v 0.04074 76.77703 0.92391
v 0.29316 76.74887 1.35459
v 0.11882 76.77703 0.91727
v 0.02115 76.79393 0.46287
v 0.40685 76.74887 1.32498
v 0.19605 76.77703 0.90402
v 0.27189 76.77703 0.88428
v 0.51762 76.74887 1.28584
v 0.83181 76.70949 1.64827
v 1.20496 76.65889 1.96533
v 1.04717 76.65889 2.05369
v 1.03830 76.65889 2.05778
v 0.62468 76.74887 1.23745
v 0.34577 76.77703 0.85817
v 0.13676 76.79393 0.44305
v 0.72725 76.74887 1.18015
v 0.41718 76.77703 0.82589
v 0.17372 76.79393 0.42999
v 0.82459 76.74887 1.11437
v 0.48559 76.77703 0.78768
v 0.20943 76.79393 0.41385
v 0.91599 76.74887 1.04056
v 0.55051 76.77703 0.74380
v 0.24365 76.79393 0.39473
v 1.00081 76.74887 0.95927
v 0.61148 76.77703 0.69457
v 0.27612 76.79393 0.37279
v 1.07843 76.74887 0.87107
v 0.66806 76.77703 0.64035
v 0.30661 76.79393 0.34816
v 1.14829 76.74887 0.77661
v 0.71983 76.77703 0.58152
v 0.33491 76.79393 0.32105
v 1.20989 76.74887 0.67657
v 0.76643 76.77703 0.51852
v 0.36080 76.79393 0.29162
v 1.26278 76.74887 0.57167
v 0.80751 76.77703 0.45179
v 0.38410 76.79393 0.26011
v 1.30659 76.74887 0.46265
v 0.84279 76.77703 0.38182
v 0.40465 76.79393 0.22674
v 1.34099 76.74887 0.35032
v 0.87201 76.77703 0.30911
v 0.42230 76.79393 0.19174
v 1.36574 76.74887 0.23547
v 0.89496 76.77703 0.23418
v 0.43691 76.79393 0.15538
v 1.38067 76.74887 0.11894
v 0.91147 76.77703 0.15758
v 0.44839 76.79393 0.11790
v 1.38565 76.74887 0.00156
v 0.92142 76.77703 0.07985
v 0.45665 76.79393 0.07959
v 1.38067 76.74887 -0.11582
v 0.92474 76.77703 0.00156
v 0.46162 76.79393 0.04071
v 1.36574 76.74887 -0.23236
v 0.92142 76.77703 -0.07674
v 0.46329 76.79393 0.00156
v 1.34099 76.74887 -0.34721
v 0.91147 76.77703 -0.15446
v 0.46162 76.79393 -0.03760
v 1.30659 76.74887 -0.45954
v 0.89496 76.77703 -0.23107
v 0.45665 76.79393 -0.07648
v 1.26278 76.74887 -0.56856
v 0.87201 76.77703 -0.30600
v 0.44839 76.79393 -0.11479
v 1.20989 76.74887 -0.67346
v 0.84279 76.77703 -0.37871
v 0.43691 76.79393 -0.15227
v 1.14829 76.74887 -0.77350
v 0.80751 76.77703 -0.44868
v 0.42230 76.79393 -0.18863
v 1.07843 76.74887 -0.86796
v 0.76643 76.77703 -0.51541
v 0.40465 76.79393 -0.22363
v 1.00081 76.74887 -0.95615
v 0.71983 76.77703 -0.57841
v 0.38410 76.79393 -0.25700
v 0.91599 76.74887 -1.03745
v 0.66806 76.77703 -0.63724
v 0.36080 76.79393 -0.28851
v 0.82459 76.74887 -1.11125
v 0.61148 76.77703 -0.69146
v 0.33491 76.79393 -0.31793
v 0.88294 76.65889 -2.12629
v 1.03830 76.65889 -2.05467
v 0.83181 76.70949 -1.64516
v 1.04717 76.65889 -2.05058
v 0.72725 76.74887 -1.17704
v 0.55051 76.77703 -0.74069
v 0.30661 76.79393 -0.34505
v 0.62468 76.74887 -1.23434
v 0.48559 76.77703 -0.78457
v 0.27612 76.79393 -0.36968
v 0.51762 76.74887 -1.28273
v 0.41718 76.77703 -0.82278
v 0.24365 76.79393 -0.39162
v 0.40685 76.74887 -1.32187
v 0.34577 76.77703 -0.85506
v 0.20943 76.79393 -0.41074
v 0.29316 76.74887 -1.35148
v 0.27189 76.77703 -0.88117
v 0.17372 76.79393 -0.42688
v -0.35874 76.65889 -2.27325
v -0.29079 76.65889 -2.28130
v -0.17915 76.65889 -2.29451
v -0.09612 76.65889 -2.29777
v -0.17425 76.74887 -1.37133
v -0.03763 76.77703 -0.92080
v -0.29005 76.74887 -1.35148
v -0.11571 76.77703 -0.91416
v -0.01804 76.79393 -0.45976
v -0.40374 76.74887 -1.32187
v -0.19294 76.77703 -0.90091
v -0.26878 76.77703 -0.88117
v -0.51451 76.74887 -1.28273
v -0.82870 76.70949 -1.64516
v -1.20184 76.65889 -1.96222
v -1.04406 76.65889 -2.05058
v -1.03519 76.65889 -2.05467
v -0.62157 76.74887 -1.23434
v -0.34266 76.77703 -0.85506
v -0.13365 76.79393 -0.43994
v -0.72414 76.74887 -1.17704
v -0.41407 76.77703 -0.82278
v -0.17060 76.79393 -0.42688
v -0.82147 76.74887 -1.11125
v -0.48248 76.77703 -0.78457
v -0.20632 76.79393 -0.41074
v -0.91288 76.74887 -1.03745
v -0.54740 76.77703 -0.74069
v -0.24053 76.79393 -0.39162
v -0.99770 76.74887 -0.95615
v -0.60837 76.77703 -0.69146
v -0.27301 76.79393 -0.36968
v -1.07532 76.74887 -0.86796
v -0.66495 76.77703 -0.63724
v -0.30350 76.79393 -0.34505
v -1.14518 76.74887 -0.77350
v -0.71672 76.77703 -0.57841
v -0.33179 76.79393 -0.31793
v -1.20678 76.74887 -0.67346
v -0.76332 76.77703 -0.51541
v -0.35769 76.79393 -0.28851
v -1.25967 76.74887 -0.56856
v -0.80440 76.77703 -0.44868
v -0.38099 76.79393 -0.25700
v -1.30348 76.74887 -0.45954
v -0.83968 76.77703 -0.37871
v -0.40154 76.79393 -0.22363
v -1.33788 76.74887 -0.34721
v -0.86890 76.77703 -0.30600
v -0.41919 76.79393 -0.18863
v -1.36263 76.74887 -0.23236
v -0.89184 76.77703 -0.23107
v -0.43380 76.79393 -0.15227
v 0.20784 80.86067 0.03423
v 0.20977 80.86067 0.01794
v 0.00156 80.86866 0.00156
v 0.20464 80.86067 0.05031
v 0.20019 80.86067 0.06610
v 0.19452 80.86067 0.08148
v 0.18765 80.86067 0.09637
v 0.17964 80.86067 0.11068
v 0.17052 80.86067 0.12432
v 0.16037 80.86067 0.13720
v 0.14924 80.86067 0.14924
v 0.13720 80.86067 0.16037
v 0.12432 80.86067 0.17052
v 0.11068 80.86067 0.17964
v 0.09637 80.86067 0.18765
v 0.08148 80.86067 0.19452
v 0.06610 80.86067 0.20019
v 0.05031 80.86067 0.20464
v 0.03423 80.86067 0.20784
v 0.01794 80.86067 0.20977
v 0.00156 80.86067 0.21041
v -0.01483 80.86067 0.20977
v -0.03112 80.86067 0.20784
v -0.04720 80.86067 0.20464
v -0.06299 80.86067 0.20019
v -0.07837 80.86067 0.19452
v -0.09326 80.86067 0.18765
v -0.10757 80.86067 0.17964
v -0.12121 80.86067 0.17052
v -0.13409 80.86067 0.16037
v -0.14613 80.86067 0.14924
v -0.15726 80.86067 0.13720
v -0.16741 80.86067 0.12432
v -0.17652 80.86067 0.11068
v -0.18454 80.86067 0.09637
v -0.19140 80.86067 0.08148
v -0.19708 80.86067 0.06610
v -0.20153 80.86067 0.05031
v -0.20473 80.86067 0.03423
v -0.20666 80.86067 0.01794
v -0.20730 80.86067 0.00156
v -0.20666 80.86067 -0.01483
v -0.20473 80.86067 -0.03112
v -0.20153 80.86067 -0.04720
v -0.19708 80.86067 -0.06299
v -0.19140 80.86067 -0.07837
v -0.18454 80.86067 -0.09326
v -0.17652 80.86067 -0.10757
v -0.16741 80.86067 -0.12121
v -0.15726 80.86067 -0.13409
v -0.14613 80.86067 -0.14613
v -0.13409 80.86067 -0.15726
v -0.12121 80.86067 -0.16741
v -0.10757 80.86067 -0.17652
v -0.09326 80.86067 -0.18454
v -0.07837 80.86067 -0.19140
v -0.06299 80.86067 -0.19708
v -0.04720 80.86067 -0.20153
v -0.03112 80.86067 -0.20473
v -0.01483 80.86067 -0.20666
v 0.00156 80.86067 -0.20730
v 0.01794 80.86067 -0.20666
v 0.03423 80.86067 -0.20473
v 0.05031 80.86067 -0.20153
v 0.06610 80.86067 -0.19708
v 0.08148 80.86067 -0.19140
v 0.09637 80.86067 -0.18454
v 0.11068 80.86067 -0.17652
v 0.12432 80.86067 -0.16741
v 0.13720 80.86067 -0.15726
v 0.14924 80.86067 -0.14613
v 0.16037 80.86067 -0.13409
v 0.17052 80.86067 -0.12121
v 0.17964 80.86067 -0.10757
v 0.18765 80.86067 -0.09326
v 0.19452 80.86067 -0.07837
v 0.20019 80.86067 -0.06299
v 0.20464 80.86067 -0.04720
v 0.20784 80.86067 -0.03112
v 0.20977 80.86067 -0.01483
v 0.21041 80.86067 0.00156
v 2.34406 76.83909 -0.56083
v 2.38096 76.83909 -0.37531
v 2.29272 76.83909 -0.74289
v 2.22725 76.83909 -0.92036
v 2.14805 76.83909 -1.09214
v 2.05562 76.83909 -1.25718
v 1.95053 76.83909 -1.41446
v 1.83343 76.83909 -1.56301
v 1.70503 76.83909 -1.70191
v 1.56612 76.83909 -1.83032
v 1.41757 76.83909 -1.94742
v 1.26029 76.83909 -2.05251
v 1.09525 76.83909 -2.14494
v 0.92347 76.83909 -2.22414
v 0.74600 76.83909 -2.28961
v 0.56394 76.83909 -2.34095
v 0.37842 76.83909 -2.37785
v 0.19057 76.83909 -2.40009
v 0.00156 76.83909 -2.40751
v -0.18746 76.83909 -2.40009
v -0.37531 76.83909 -2.37785
v -0.56083 76.83909 -2.34095
v -0.74289 76.83909 -2.28961
v -0.92036 76.83909 -2.22414
v -1.09214 76.83909 -2.14494
v -1.25718 76.83909 -2.05251
v -1.41446 76.83909 -1.94742
v -1.56301 76.83909 -1.83032
v -1.70191 76.83909 -1.70191
v -1.83032 76.83909 -1.56301
v -1.94742 76.83909 -1.41446
v -2.05251 76.83909 -1.25718
v -2.14494 76.83909 -1.09214
v -2.22414 76.83909 -0.92036
v -2.28961 76.83909 -0.74289
v -2.34095 76.83909 -0.56083
v -2.37785 76.83909 -0.37531
v -2.40009 76.83909 -0.18746
v -2.40751 76.83909 0.00156
v -2.40009 76.83909 0.19057
v -2.37785 76.83909 0.37842
v -2.34095 76.83909 0.56394
v -2.28961 76.83909 0.74600
v -2.22414 76.83909 0.92347
v -2.14494 76.83909 1.09525
v -2.05251 76.83909 1.26029
v -1.94742 76.83909 1.41757
v -1.83032 76.83909 1.56612
v -1.70191 76.83909 1.70503
v -1.56301 76.83909 1.83343
v -1.41446 76.83909 1.95053
v -1.25718 76.83909 2.05562
v -1.09214 76.83909 2.14805
v -0.92036 76.83909 2.22725
v -0.74289 76.83909 2.29272
v -0.56083 76.83909 2.34406
v -0.37531 76.83909 2.38096
v -0.18746 76.83909 2.40320
v 0.00156 76.83909 2.41063
v 0.19057 76.83909 2.40320
v 0.37842 76.83909 2.38096
v 0.56394 76.83909 2.34406
v 0.74600 76.83909 2.29272
v 0.92347 76.83909 2.22725
v 1.09525 76.83909 2.14805
v 1.26029 76.83909 2.05562
v 1.41757 76.83909 1.95053
v 1.56612 76.83909 1.83343
v 1.70503 76.83909 1.70503
v 1.83343 76.83909 1.56612
v 1.95053 76.83909 1.41757
v 2.05562 76.83909 1.26029
v 2.14805 76.83909 1.09525
v 2.22725 76.83909 0.92347
v 2.29272 76.83909 0.74600
v 2.34406 76.83909 0.56394
v 2.38096 76.83909 0.37842
v 2.40320 76.83909 0.19057
v 2.41063 76.83909 0.00156
v 2.40320 76.83909 -0.18746
v 2.49475 77.02684 0.19777
v 2.47167 77.02684 0.39278
v 2.43336 77.02684 0.58538
v 2.38006 77.02684 0.77438
v 2.31209 77.02684 0.95861
v 2.22988 77.02684 1.13694
v 2.13393 77.02684 1.30827
v 2.02483 77.02684 1.47155
v 1.90326 77.02684 1.62576
v 1.76996 77.02684 1.76996
v 1.62576 77.02684 1.90326
v 1.47155 77.02684 2.02483
v 1.30827 77.02684 2.13393
v 1.13694 77.02684 2.22988
v 0.95861 77.02684 2.31209
v 0.77438 77.02684 2.38006
v 0.58538 77.02684 2.43336
v 0.39278 77.02684 2.47167
v 0.19777 77.02684 2.49475
v 0.00156 77.02684 2.50246
v -0.19466 77.02684 2.49475
v -0.38967 77.02684 2.47167
v -0.58227 77.02684 2.43336
v -0.77127 77.02684 2.38006
v -0.95550 77.02684 2.31209
v -1.13383 77.02684 2.22988
v -1.30516 77.02684 2.13393
v -1.46844 77.02684 2.02483
v -1.62265 77.02684 1.90326
v -1.76685 77.02684 1.76996
v -1.90015 77.02684 1.62576
v -2.02172 77.02684 1.47155
v -2.13082 77.02684 1.30827
v -2.22677 77.02684 1.13694
v -2.30898 77.02684 0.95861
v -2.37695 77.02684 0.77438
v -2.43025 77.02684 0.58538
v -2.46856 77.02684 0.39278
v -2.49164 77.02684 0.19777
v -2.49935 77.02684 0.00156
v -2.49164 77.02684 -0.19466
v -2.46856 77.02684 -0.38967
v -2.43025 77.02684 -0.58227
v -2.37695 77.02684 -0.77127
v -2.30898 77.02684 -0.95550
v -2.22677 77.02684 -1.13383
v -2.13082 77.02684 -1.30516
v -2.02172 77.02684 -1.46844
v -1.90015 77.02684 -1.62265
v -1.76685 77.02684 -1.76685
v -1.62265 77.02684 -1.90015
v -1.46844 77.02684 -2.02172
v -1.30516 77.02684 -2.13082
v -1.13383 77.02684 -2.22677
v -0.95550 77.02684 -2.30898
v -0.77127 77.02684 -2.37695
v -0.58227 77.02684 -2.43025
v -0.38967 77.02684 -2.46856
v -0.19466 77.02684 -2.49164
v 0.00156 77.02684 -2.49935
v 0.19777 77.02684 -2.49164
v 0.39278 77.02684 -2.46856
v 0.58538 77.02684 -2.43025
v 0.77438 77.02684 -2.37695
v 0.95861 77.02684 -2.30898
v 1.13694 77.02684 -2.22677
v 1.30827 77.02684 -2.13082
v 1.47155 77.02684 -2.02172
v 1.62576 77.02684 -1.90015
v 1.76996 77.02684 -1.76685
v 1.90326 77.02684 -1.62265
v 2.02483 77.02684 -1.46844
v 2.13393 77.02684 -1.30516
v 2.22988 77.02684 -1.13383
v 2.31209 77.02684 -0.95550
v 2.38006 77.02684 -0.77127
v 2.43336 77.02684 -0.58227
v 2.47167 77.02684 -0.38967
v 2.49475 77.02684 -0.19466
v 2.50246 77.02684 0.00156
v 2.57174 77.22106 0.20383
v 2.54795 77.22106 0.40486
v 2.50845 77.22106 0.60341
v 2.45350 77.22106 0.79824
v 2.38344 77.22106 0.98816
v 2.29869 77.22106 1.17200
v 2.19977 77.22106 1.34863
v 2.08731 77.22106 1.51694
v 1.96198 77.22106 1.67592
v 1.82457 77.22106 1.82457
v 1.67592 77.22106 1.96198
v 1.51694 77.22106 2.08731
v 1.34863 77.22106 2.19977
v 1.17200 77.22106 2.29869
v 0.98816 77.22106 2.38344
v 0.79824 77.22106 2.45350
v 0.60341 77.22106 2.50845
v 0.40486 77.22106 2.54795
v 0.20383 77.22106 2.57174
v 0.00156 77.22106 2.57969
v -0.20072 77.22106 2.57174
v -0.40175 77.22106 2.54795
v -0.60030 77.22106 2.50845
v -0.79513 77.22106 2.45350
v -0.98505 77.22106 2.38344
v -1.16889 77.22106 2.29869
v -1.34551 77.22106 2.19977
v -1.51383 77.22106 2.08731
v -1.67281 77.22106 1.96198
v -1.82146 77.22106 1.82457
v -1.95887 77.22106 1.67592
v -2.08420 77.22106 1.51694
v -2.19666 77.22106 1.34863
v -2.29558 77.22106 1.17200
v -2.38033 77.22106 0.98816
v -2.45039 77.22106 0.79824
v -2.50534 77.22106 0.60341
v -2.54484 77.22106 0.40486
v -2.56863 77.22106 0.20383
v -2.57658 77.22106 0.00156
v -2.56863 77.22106 -0.20072
v -2.54484 77.22106 -0.40175
v -2.50534 77.22106 -0.60030
v -2.45039 77.22106 -0.79513
v -2.38033 77.22106 -0.98505
v -2.29558 77.22106 -1.16889
v -2.19666 77.22106 -1.34551
v -2.08420 77.22106 -1.51383
v -1.95887 77.22106 -1.67281
v -1.82146 77.22106 -1.82146
v -1.67281 77.22106 -1.95887
v -1.51383 77.22106 -2.08420
v -1.34551 77.22106 -2.19666
v -1.16889 77.22106 -2.29558
v -0.98505 77.22106 -2.38033
v -0.79513 77.22106 -2.45039
v -0.60030 77.22106 -2.50534
v -0.40175 77.22106 -2.54484
v -0.20072 77.22106 -2.56863
v 0.00156 77.22106 -2.57658
v 0.20383 77.22106 -2.56863
v 0.40486 77.22106 -2.54484
v 0.60341 77.22106 -2.50534
v 0.79824 77.22106 -2.45039
v 0.98816 77.22106 -2.38033
v 1.17200 77.22106 -2.29558
v 1.34863 77.22106 -2.19666
v 1.51694 77.22106 -2.08420
v 1.67592 77.22106 -1.95887
v 1.82457 77.22106 -1.82146
v 1.96198 77.22106 -1.67281
v 2.08731 77.22106 -1.51383
v 2.19977 77.22106 -1.34551
v 2.29869 77.22106 -1.16889
v 2.38344 77.22106 -0.98505
v 2.45350 77.22106 -0.79513
v 2.50845 77.22106 -0.60030
v 2.54795 77.22106 -0.40175
v 2.57174 77.22106 -0.20072
v 2.57969 77.22106 0.00156
v 2.63372 77.42061 0.20871
v 2.60935 77.42061 0.41459
v 2.56891 77.42061 0.61792
v 2.51263 77.42061 0.81745
v 2.44088 77.42061 1.01196
v 2.35408 77.42061 1.20023
v 2.25278 77.42061 1.38111
v 2.13760 77.42061 1.55349
v 2.00926 77.42061 1.71630
v 1.86853 77.42061 1.86853
v 1.71630 77.42061 2.00926
v 1.55349 77.42061 2.13760
v 1.38111 77.42061 2.25278
v 1.20023 77.42061 2.35408
v 1.01196 77.42061 2.44088
v 0.81745 77.42061 2.51263
v 0.61792 77.42061 2.56891
v 0.41459 77.42061 2.60935
v 0.20871 77.42061 2.63372
v 0.00156 77.42061 2.64186
v -0.20560 77.42061 2.63372
v -0.41148 77.42061 2.60935
v -0.61481 77.42061 2.56891
v -0.81434 77.42061 2.51263
v -1.00884 77.42061 2.44088
v -1.19712 77.42061 2.35408
v -1.37800 77.42061 2.25278
v -1.55038 77.42061 2.13760
v -1.71318 77.42061 2.00926
v -1.86542 77.42061 1.86853
v -2.00615 77.42061 1.71630
v -2.13449 77.42061 1.55349
v -2.24967 77.42061 1.38111
v -2.35097 77.42061 1.20023
v -2.43777 77.42061 1.01196
v -2.50952 77.42061 0.81745
v -2.56580 77.42061 0.61792
v -2.60624 77.42061 0.41459
v -2.63061 77.42061 0.20871
v -2.63875 77.42061 0.00156
v -2.63061 77.42061 -0.20560
v -2.60624 77.42061 -0.41148
v -2.56580 77.42061 -0.61481
v -2.50952 77.42061 -0.81434
v -2.43777 77.42061 -1.00884
v -2.35097 77.42061 -1.19712
v -2.24967 77.42061 -1.37800
v -2.13449 77.42061 -1.55038
v -2.00615 77.42061 -1.71318
v -1.86542 77.42061 -1.86542
v -1.71318 77.42061 -2.00615
v -1.55038 77.42061 -2.13449
v -1.37800 77.42061 -2.24967
v -1.19712 77.42061 -2.35097
v -1.00884 77.42061 -2.43777
v -0.81434 77.42061 -2.50952
v -0.61481 77.42061 -2.56580
v -0.41148 77.42061 -2.60624
v -0.20560 77.42061 -2.63061
v 0.00156 77.42061 -2.63875
v 0.20871 77.42061 -2.63061
v 0.41459 77.42061 -2.60624
v 0.61792 77.42061 -2.56580
v 0.81745 77.42061 -2.50952
v 1.01196 77.42061 -2.43777
v 1.20023 77.42061 -2.35097
v 1.38111 77.42061 -2.24967
v 1.55349 77.42061 -2.13449
v 1.71630 77.42061 -2.00615
v 1.86853 77.42061 -1.86542
v 2.00926 77.42061 -1.71318
v 2.13760 77.42061 -1.55038
v 2.25278 77.42061 -1.37800
v 2.35408 77.42061 -1.19712
v 2.44088 77.42061 -1.00884
v 2.51263 77.42061 -0.81434
v 2.56891 77.42061 -0.61481
v 2.60935 77.42061 -0.41148
v 2.63372 77.42061 -0.20560
v 2.64186 77.42061 0.00156
v 2.68032 77.62432 0.21238
v 2.65553 77.62432 0.42190
v 2.61437 77.62432 0.62884
v 2.55709 77.62432 0.83190
v 2.48407 77.62432 1.02985
v 2.39574 77.62432 1.22145
v 2.29264 77.62432 1.40554
v 2.17543 77.62432 1.58097
v 2.04481 77.62432 1.74666
v 1.90159 77.62432 1.90159
v 1.74666 77.62432 2.04481
v 1.58097 77.62432 2.17543
v 1.40554 77.62432 2.29264
v 1.22145 77.62432 2.39574
v 1.02985 77.62432 2.48407
v 0.83190 77.62432 2.55709
v 0.62884 77.62432 2.61437
v 0.42190 77.62432 2.65553
v 0.21238 77.62432 2.68032
v 0.00156 77.62432 2.68861
v -0.20927 77.62432 2.68032
v -0.41879 77.62432 2.65553
v -0.62572 77.62432 2.61437
v -0.82879 77.62432 2.55709
v -1.02673 77.62432 2.48407
v -1.21834 77.62432 2.39574
v -1.40243 77.62432 2.29264
v -1.57785 77.62432 2.17543
v -1.74355 77.62432 2.04481
v -1.89848 77.62432 1.90159
v -2.04170 77.62432 1.74666
v -2.17232 77.62432 1.58097
v -2.28953 77.62432 1.40554
v -2.39263 77.62432 1.22145
v -2.48096 77.62432 1.02985
v -2.55398 77.62432 0.83190
v -2.61125 77.62432 0.62884
v -2.65241 77.62432 0.42190
v -2.67721 77.62432 0.21238
v -2.68550 77.62432 0.00156
v -2.67721 77.62432 -0.20927
v -2.65241 77.62432 -0.41879
v -2.61125 77.62432 -0.62572
v -2.55398 77.62432 -0.82879
v -2.48096 77.62432 -1.02673
v -2.39263 77.62432 -1.21834
v -2.28953 77.62432 -1.40243
v -2.17232 77.62432 -1.57785
v -2.04170 77.62432 -1.74355
v -1.89848 77.62432 -1.89848
v -1.74355 77.62432 -2.04170
v -1.57785 77.62432 -2.17232
v -1.40243 77.62432 -2.28953
v -1.21834 77.62432 -2.39263
v -1.02673 77.62432 -2.48096
v -0.82879 77.62432 -2.55398
v -0.62572 77.62432 -2.61125
v -0.41879 77.62432 -2.65241
v -0.20927 77.62432 -2.67721
v 0.00156 77.62432 -2.68550
v 0.21238 77.62432 -2.67721
v 0.42190 77.62432 -2.65241
v 0.62884 77.62432 -2.61125
v 0.83190 77.62432 -2.55398
v 1.02985 77.62432 -2.48096
v 1.22145 77.62432 -2.39263
v 1.40554 77.62432 -2.28953
v 1.58097 77.62432 -2.17232
v 1.74666 77.62432 -2.04170
v 1.90159 77.62432 -1.89848
v 2.04481 77.62432 -1.74355
v 2.17543 77.62432 -1.57785
v 2.29264 77.62432 -1.40243
v 2.39574 77.62432 -1.21834
v 2.48407 77.62432 -1.02673
v 2.55709 77.62432 -0.82879
v 2.61437 77.62432 -0.62572
v 2.65553 77.62432 -0.41879
v 2.68032 77.62432 -0.20927
v 2.68861 77.62432 0.00156
v 2.71129 77.83101 0.21482
v 2.68620 77.83101 0.42676
v 2.64456 77.83101 0.63609
v 2.58663 77.83101 0.84150
v 2.51276 77.83101 1.04173
v 2.42341 77.83101 1.23555
v 2.31912 77.83101 1.42176
v 2.20055 77.83101 1.59922
v 2.06842 77.83101 1.76683
v 1.92355 77.83101 1.92355
v 1.76683 77.83101 2.06842
v 1.59922 77.83101 2.20055
v 1.42176 77.83101 2.31912
v 1.23555 77.83101 2.42341
v 1.04173 77.83101 2.51276
v 0.84150 77.83101 2.58663
v 0.63609 77.83101 2.64456
v 0.42676 77.83101 2.68620
v 0.21482 77.83101 2.71129
v 0.00156 77.83101 2.71966
v -0.21170 77.83101 2.71129
v -0.42365 77.83101 2.68620
v -0.63297 77.83101 2.64456
v -0.83839 77.83101 2.58663
v -1.03862 77.83101 2.51276
v -1.23244 77.83101 2.42341
v -1.41865 77.83101 2.31912
v -1.59611 77.83101 2.20055
v -1.76372 77.83101 2.06842
v -1.92044 77.83101 1.92355
v -2.06531 77.83101 1.76683
v -2.19744 77.83101 1.59922
v -2.31601 77.83101 1.42176
v -2.42030 77.83101 1.23555
v -2.50965 77.83101 1.04173
v -2.58352 77.83101 0.84150
v -2.64145 77.83101 0.63609
v -2.68309 77.83101 0.42676
v -2.70817 77.83101 0.21482
v -2.71655 77.83101 0.00156
v -2.70817 77.83101 -0.21170
v -2.68309 77.83101 -0.42365
v -2.64145 77.83101 -0.63297
v -2.58352 77.83101 -0.83839
v -2.50965 77.83101 -1.03862
v -2.42030 77.83101 -1.23244
v -2.31601 77.83101 -1.41865
v -2.19744 77.83101 -1.59611
v -2.06531 77.83101 -1.76372
v -1.92044 77.83101 -1.92044
v -1.76372 77.83101 -2.06531
v -1.59611 77.83101 -2.19744
v -1.41865 77.83101 -2.31601
v -1.23244 77.83101 -2.42030
v -1.03862 77.83101 -2.50965
v -0.83839 77.83101 -2.58352
v -0.63297 77.83101 -2.64145
v -0.42365 77.83101 -2.68309
v -0.21170 77.83101 -2.70817
v 0.00156 77.83101 -2.71655
v 0.21482 77.83101 -2.70817
v 0.42676 77.83101 -2.68309
v 0.63609 77.83101 -2.64145
v 0.84150 77.83101 -2.58352
v 1.04173 77.83101 -2.50965
v 1.23555 77.83101 -2.42030
v 1.42176 77.83101 -2.31601
v 1.59922 77.83101 -2.19744
v 1.76683 77.83101 -2.06531
v 1.92355 77.83101 -1.92044
v 2.06842 77.83101 -1.76372
v 2.20055 77.83101 -1.59611
v 2.31912 77.83101 -1.41865
v 2.42341 77.83101 -1.23244
v 2.51276 77.83101 -1.03862
v 2.58663 77.83101 -0.83839
v 2.64456 77.83101 -0.63297
v 2.68620 77.83101 -0.42365
v 2.71129 77.83101 -0.21170
v 2.71966 77.83101 0.00156
v 2.72642 78.03947 0.21601
v 2.70119 78.03947 0.42914
v 2.65933 78.03947 0.63963
v 2.60107 78.03947 0.84619
v 2.52679 78.03947 1.04754
v 2.43693 78.03947 1.24244
v 2.33207 78.03947 1.42970
v 2.21283 78.03947 1.60814
v 2.07997 78.03947 1.77669
v 1.93428 78.03947 1.93428
v 1.77669 78.03947 2.07997
v 1.60814 78.03947 2.21283
v 1.42970 78.03947 2.33207
v 1.24244 78.03947 2.43693
v 1.04754 78.03947 2.52679
v 0.84619 78.03947 2.60107
v 0.63963 78.03947 2.65933
v 0.42914 78.03947 2.70119
v 0.21601 78.03947 2.72642
v 0.00156 78.03947 2.73484
v -0.21290 78.03947 2.72642
v -0.42603 78.03947 2.70119
v -0.63652 78.03947 2.65933
v -0.84308 78.03947 2.60107
v -1.04443 78.03947 2.52679
v -1.23933 78.03947 2.43693
v -1.42658 78.03947 2.33207
v -1.60503 78.03947 2.21283
v -1.77357 78.03947 2.07997
v -1.93117 78.03947 1.93428
v -2.07685 78.03947 1.77669
v -2.20972 78.03947 1.60814
v -2.32896 78.03947 1.42970
v -2.43382 78.03947 1.24244
v -2.52368 78.03947 1.04754
v -2.59796 78.03947 0.84619
v -2.65621 78.03947 0.63963
v -2.69808 78.03947 0.42914
v -2.72331 78.03947 0.21601
v -2.73173 78.03947 0.00156
v -2.72331 78.03947 -0.21290
v -2.69808 78.03947 -0.42603
v -2.65621 78.03947 -0.63652
v -2.59796 78.03947 -0.84308
v -2.52368 78.03947 -1.04443
v -2.43382 78.03947 -1.23933
v -2.32896 78.03947 -1.42658
v -2.20972 78.03947 -1.60503
v -2.07685 78.03947 -1.77357
v -1.93117 78.03947 -1.93117
v -1.77357 78.03947 -2.07685
v -1.60503 78.03947 -2.20972
v -1.42658 78.03947 -2.32896
v -1.23933 78.03947 -2.43382
v -1.04443 78.03947 -2.52368
v -0.84308 78.03947 -2.59796
v -0.63652 78.03947 -2.65621
v -0.42603 78.03947 -2.69808
v -0.21290 78.03947 -2.72331
v 0.00156 78.03947 -2.73173
v 0.21601 78.03947 -2.72331
v 0.42914 78.03947 -2.69808
v 0.63963 78.03947 -2.65621
v 0.84619 78.03947 -2.59796
v 1.04754 78.03947 -2.52368
v 1.24244 78.03947 -2.43382
v 1.42970 78.03947 -2.32896
v 1.60814 78.03947 -2.20972
v 1.77669 78.03947 -2.07685
v 1.93428 78.03947 -1.93117
v 2.07997 78.03947 -1.77357
v 2.21283 78.03947 -1.60503
v 2.33207 78.03947 -1.42658
v 2.43693 78.03947 -1.23933
v 2.52679 78.03947 -1.04443
v 2.60107 78.03947 -0.84308
v 2.65933 78.03947 -0.63652
v 2.70119 78.03947 -0.42603
v 2.72642 78.03947 -0.21290
v 2.73484 78.03947 0.00156
v 2.72564 78.24848 0.21594
v 2.70042 78.24848 0.42901
v 2.65856 78.24848 0.63945
v 2.60033 78.24848 0.84595
v 2.52606 78.24848 1.04724
v 2.43624 78.24848 1.24209
v 2.33140 78.24848 1.42929
v 2.21220 78.24848 1.60768
v 2.07937 78.24848 1.77618
v 1.93373 78.24848 1.93373
v 1.77618 78.24848 2.07937
v 1.60768 78.24848 2.21220
v 1.42929 78.24848 2.33140
v 1.24209 78.24848 2.43624
v 1.04724 78.24848 2.52606
v 0.84595 78.24848 2.60033
v 0.63945 78.24848 2.65856
v 0.42901 78.24848 2.70042
v 0.21594 78.24848 2.72564
v 0.00156 78.24848 2.73406
v -0.21283 78.24848 2.72564
v -0.42590 78.24848 2.70042
v -0.63634 78.24848 2.65856
v -0.84284 78.24848 2.60033
v -1.04413 78.24848 2.52606
v -1.23898 78.24848 2.43624
v -1.42618 78.24848 2.33140
v -1.60457 78.24848 2.21220
v -1.77307 78.24848 2.07937
v -1.93062 78.24848 1.93373
v -2.07626 78.24848 1.77618
v -2.20909 78.24848 1.60768
v -2.32829 78.24848 1.42929
v -2.43313 78.24848 1.24209
v -2.52295 78.24848 1.04724
v -2.59721 78.24848 0.84595
v -2.65545 78.24848 0.63945
v -2.69731 78.24848 0.42901
v -2.72253 78.24848 0.21594
v -2.73095 78.24848 0.00156
v -2.72253 78.24848 -0.21283
v -2.69731 78.24848 -0.42590
v -2.65545 78.24848 -0.63634
v -2.59721 78.24848 -0.84284
v -2.52295 78.24848 -1.04413
v -2.43313 78.24848 -1.23898
v -2.32829 78.24848 -1.42618
v -2.20909 78.24848 -1.60457
v -2.07626 78.24848 -1.77307
v -1.93062 78.24848 -1.93062
v -1.77307 78.24848 -2.07626
v -1.60457 78.24848 -2.20909
v -1.42618 78.24848 -2.32829
v -1.23898 78.24848 -2.43313
v -1.04413 78.24848 -2.52295
v -0.84284 78.24848 -2.59721
v -0.63634 78.24848 -2.65545
v -0.42590 78.24848 -2.69731
v -0.21283 78.24848 -2.72253
v 0.00156 78.24848 -2.73095
v 0.21594 78.24848 -2.72253
v 0.42901 78.24848 -2.69731
v 0.63945 78.24848 -2.65545
v 0.84595 78.24848 -2.59721
v 1.04724 78.24848 -2.52295
v 1.24209 78.24848 -2.43313
v 1.42929 78.24848 -2.32829
v 1.60768 78.24848 -2.20909
v 1.77618 78.24848 -2.07626
v 1.93373 78.24848 -1.93062
v 2.07937 78.24848 -1.77307
v 2.21220 78.24848 -1.60457
v 2.33140 78.24848 -1.42618
v 2.43624 78.24848 -1.23898
v 2.52606 78.24848 -1.04413
v 2.60033 78.24848 -0.84284
v 2.65856 78.24848 -0.63634
v 2.70042 78.24848 -0.42590
v 2.72564 78.24848 -0.21283
v 2.73406 78.24848 0.00156
v 2.70895 78.45683 0.21463
v 2.68389 78.45683 0.42639
v 2.64228 78.45683 0.63554
v 2.58440 78.45683 0.84077
v 2.51060 78.45683 1.04083
v 2.42132 78.45683 1.23449
v 2.31713 78.45683 1.42054
v 2.19866 78.45683 1.59784
v 2.06664 78.45683 1.76530
v 1.92189 78.45683 1.92189
v 1.76530 78.45683 2.06664
v 1.59784 78.45683 2.19866
v 1.42054 78.45683 2.31713
v 1.23449 78.45683 2.42132
v 1.04083 78.45683 2.51060
v 0.84077 78.45683 2.58440
v 0.63554 78.45683 2.64228
v 0.42639 78.45683 2.68389
v 0.21463 78.45683 2.70895
v 0.00156 78.45683 2.71732
v -0.21152 78.45683 2.70895
v -0.42328 78.45683 2.68389
v -0.63243 78.45683 2.64228
v -0.83766 78.45683 2.58440
v -1.03772 78.45683 2.51060
v -1.23138 78.45683 2.42132
v -1.41743 78.45683 2.31713
v -1.59473 78.45683 2.19866
v -1.76219 78.45683 2.06664
v -1.91878 78.45683 1.92189
v -2.06353 78.45683 1.76530
v -2.19554 78.45683 1.59784
v -2.31402 78.45683 1.42054
v -2.41821 78.45683 1.23449
v -2.50749 78.45683 1.04083
v -2.58129 78.45683 0.84077
v -2.63917 78.45683 0.63554
v -2.68077 78.45683 0.42639
v -2.70584 78.45683 0.21463
v -2.71421 78.45683 0.00156
v -2.70584 78.45683 -0.21152
v -2.68077 78.45683 -0.42328
v -2.63917 78.45683 -0.63243
v -2.58129 78.45683 -0.83766
v -2.50749 78.45683 -1.03772
v -2.41821 78.45683 -1.23138
v -2.31402 78.45683 -1.41743
v -2.19554 78.45683 -1.59473
v -2.06353 78.45683 -1.76219
v -1.91878 78.45683 -1.91878
v -1.76219 78.45683 -2.06353
v -1.59473 78.45683 -2.19554
v -1.41743 78.45683 -2.31402
v -1.23138 78.45683 -2.41821
v -1.03772 78.45683 -2.50749
v -0.83766 78.45683 -2.58129
v -0.63243 78.45683 -2.63917
v -0.42328 78.45683 -2.68077
v -0.21152 78.45683 -2.70584
v 0.00156 78.45683 -2.71421
v 0.21463 78.45683 -2.70584
v 0.42639 78.45683 -2.68077
v 0.63554 78.45683 -2.63917
v 0.84077 78.45683 -2.58129
v 1.04083 78.45683 -2.50749
v 1.23449 78.45683 -2.41821
v 1.42054 78.45683 -2.31402
v 1.59784 78.45683 -2.19554
v 1.76530 78.45683 -2.06353
v 1.92189 78.45683 -1.91878
v 2.06664 78.45683 -1.76219
v 2.19866 78.45683 -1.59473
v 2.31713 78.45683 -1.41743
v 2.42132 78.45683 -1.23138
v 2.51060 78.45683 -1.03772
v 2.58440 78.45683 -0.83766
v 2.64228 78.45683 -0.63243
v 2.68389 78.45683 -0.42328
v 2.70895 78.45683 -0.21152
v 2.71732 78.45683 0.00156
v 2.67645 78.66327 0.21207
v 2.65168 78.66327 0.42129
v 2.61058 78.66327 0.62793
v 2.55339 78.66327 0.83070
v 2.48047 78.66327 1.02836
v 2.39227 78.66327 1.21968
v 2.28933 78.66327 1.40350
v 2.17228 78.66327 1.57868
v 2.04185 78.66327 1.74413
v 1.89884 78.66327 1.89884
v 1.74413 78.66327 2.04185
v 1.57868 78.66327 2.17228
v 1.40350 78.66327 2.28933
v 1.21968 78.66327 2.39227
v 1.02836 78.66327 2.48047
v 0.83070 78.66327 2.55339
v 0.62793 78.66327 2.61058
v 0.42129 78.66327 2.65168
v 0.21207 78.66327 2.67645
v 0.00156 78.66327 2.68472
v -0.20896 78.66327 2.67645
v -0.41818 78.66327 2.65168
v -0.62482 78.66327 2.61058
v -0.82759 78.66327 2.55339
v -1.02525 78.66327 2.48047
v -1.21658 78.66327 2.39227
v -1.40039 78.66327 2.28933
v -1.57557 78.66327 2.17228
v -1.74102 78.66327 2.04185
v -1.89573 78.66327 1.89884
v -2.03874 78.66327 1.74413
v -2.16917 78.66327 1.57868
v -2.28622 78.66327 1.40350
v -2.38916 78.66327 1.21968
v -2.47736 78.66327 1.02836
v -2.55028 78.66327 0.83070
v -2.60747 78.66327 0.62793
v -2.64857 78.66327 0.42129
v -2.67334 78.66327 0.21207
v -2.68161 78.66327 0.00156
v -2.67334 78.66327 -0.20896
v -2.64857 78.66327 -0.41818
v -2.60747 78.66327 -0.62482
v -2.55028 78.66327 -0.82759
v -2.47736 78.66327 -1.02525
v -2.38916 78.66327 -1.21658
v -2.28622 78.66327 -1.40039
v -2.16917 78.66327 -1.57557
v -2.03874 78.66327 -1.74102
v -1.89573 78.66327 -1.89573
v -1.74102 78.66327 -2.03874
v -1.57557 78.66327 -2.16917
v -1.40039 78.66327 -2.28622
v -1.21658 78.66327 -2.38916
v -1.02525 78.66327 -2.47736
v -0.82759 78.66327 -2.55028
v -0.62482 78.66327 -2.60747
v -0.41818 78.66327 -2.64857
v -0.20896 78.66327 -2.67334
v 0.00156 78.66327 -2.68161
v 0.21207 78.66327 -2.67334
v 0.42129 78.66327 -2.64857
v 0.62793 78.66327 -2.60747
v 0.83070 78.66327 -2.55028
v 1.02836 78.66327 -2.47736
v 1.21968 78.66327 -2.38916
v 1.40350 78.66327 -2.28622
v 1.57868 78.66327 -2.16917
v 1.74413 78.66327 -2.03874
v 1.89884 78.66327 -1.89573
v 2.04185 78.66327 -1.74102
v 2.17228 78.66327 -1.57557
v 2.28933 78.66327 -1.40039
v 2.39227 78.66327 -1.21658
v 2.48047 78.66327 -1.02525
v 2.55339 78.66327 -0.82759
v 2.61058 78.66327 -0.62482
v 2.65168 78.66327 -0.41818
v 2.67645 78.66327 -0.20896
v 2.68472 78.66327 0.00156
v 2.62832 78.86663 0.20829
v 2.60400 78.86663 0.41374
v 2.56364 78.86663 0.61666
v 2.50748 78.86663 0.81578
v 2.43588 78.86663 1.00988
v 2.34926 78.86663 1.19777
v 2.24817 78.86663 1.37828
v 2.13322 78.86663 1.55030
v 2.00514 78.86663 1.71278
v 1.86470 78.86663 1.86470
v 1.71278 78.86663 2.00514
v 1.55030 78.86663 2.13322
v 1.37828 78.86663 2.24817
v 1.19777 78.86663 2.34926
v 1.00988 78.86663 2.43588
v 0.81578 78.86663 2.50748
v 0.61666 78.86663 2.56364
v 0.41374 78.86663 2.60400
v 0.20829 78.86663 2.62832
v 0.00156 78.86663 2.63644
v -0.20518 78.86663 2.62832
v -0.41063 78.86663 2.60400
v -0.61355 78.86663 2.56364
v -0.81267 78.86663 2.50748
v -1.00677 78.86663 2.43588
v -1.19466 78.86663 2.34926
v -1.37517 78.86663 2.24817
v -1.54719 78.86663 2.13322
v -1.70967 78.86663 2.00514
v -1.86159 78.86663 1.86470
v -2.00203 78.86663 1.71278
v -2.13011 78.86663 1.55030
v -2.24506 78.86663 1.37828
v -2.34615 78.86663 1.19777
v -2.43276 78.86663 1.00988
v -2.50437 78.86663 0.81578
v -2.56053 78.86663 0.61666
v -2.60089 78.86663 0.41374
v -2.62521 78.86663 0.20829
v -2.63333 78.86663 0.00156
v -2.62521 78.86663 -0.20518
v -2.60089 78.86663 -0.41063
v -2.56053 78.86663 -0.61355
v -2.50437 78.86663 -0.81267
v -2.43276 78.86663 -1.00677
v -2.34615 78.86663 -1.19466
v -2.24506 78.86663 -1.37517
v -2.13011 78.86663 -1.54719
v -2.00203 78.86663 -1.70967
v -1.86159 78.86663 -1.86159
v -1.70967 78.86663 -2.00203
v -1.54719 78.86663 -2.13011
v -1.37517 78.86663 -2.24506
v -1.19466 78.86663 -2.34615
v -1.00677 78.86663 -2.43276
v -0.81267 78.86663 -2.50437
v -0.61355 78.86663 -2.56053
v -0.41063 78.86663 -2.60089
v -0.20518 78.86663 -2.62521
v 0.00156 78.86663 -2.63333
v 0.20829 78.86663 -2.62521
v 0.41374 78.86663 -2.60089
v 0.61666 78.86663 -2.56053
v 0.81578 78.86663 -2.50437
v 1.00988 78.86663 -2.43276
v 1.19777 78.86663 -2.34615
v 1.37828 78.86663 -2.24506
v 1.55030 78.86663 -2.13011
v 1.71278 78.86663 -2.00203
v 1.86470 78.86663 -1.86159
v 2.00514 78.86663 -1.70967
v 2.13322 78.86663 -1.54719
v 2.24817 78.86663 -1.37517
v 2.34926 78.86663 -1.19466
v 2.43588 78.86663 -1.00677
v 2.50748 78.86663 -0.81267
v 2.56364 78.86663 -0.61355
v 2.60400 78.86663 -0.41063
v 2.62832 78.86663 -0.20518
v 2.63644 78.86663 0.00156
v 2.56486 79.06570 0.20329
v 2.54112 79.06570 0.40378
v 2.50174 79.06570 0.60180
v 2.44694 79.06570 0.79611
v 2.37706 79.06570 0.98552
v 2.29253 79.06570 1.16887
v 2.19389 79.06570 1.34502
v 2.08172 79.06570 1.51288
v 1.95673 79.06570 1.67143
v 1.81969 79.06570 1.81969
v 1.67143 79.06570 1.95673
v 1.51288 79.06570 2.08172
v 1.34502 79.06570 2.19389
v 1.16887 79.06570 2.29253
v 0.98552 79.06570 2.37706
v 0.79611 79.06570 2.44694
v 0.60180 79.06570 2.50174
v 0.40378 79.06570 2.54112
v 0.20329 79.06570 2.56486
v 0.00156 79.06570 2.57278
v -0.20018 79.06570 2.56486
v -0.40067 79.06570 2.54112
v -0.59869 79.06570 2.50174
v -0.79300 79.06570 2.44694
v -0.98241 79.06570 2.37706
v -1.16576 79.06570 2.29253
v -1.34191 79.06570 2.19389
v -1.50977 79.06570 2.08172
v -1.66832 79.06570 1.95673
v -1.81658 79.06570 1.81969
v -1.95362 79.06570 1.67143
v -2.07861 79.06570 1.51288
v -2.19078 79.06570 1.34502
v -2.28942 79.06570 1.16887
v -2.37395 79.06570 0.98552
v -2.44383 79.06570 0.79611
v -2.49863 79.06570 0.60180
v -2.53801 79.06570 0.40378
v -2.56174 79.06570 0.20329
v -2.56967 79.06570 0.00156
v -2.56174 79.06570 -0.20018
v -2.53801 79.06570 -0.40067
v -2.49863 79.06570 -0.59869
v -2.44383 79.06570 -0.79300
v -2.37395 79.06570 -0.98241
v -2.28942 79.06570 -1.16576
v -2.19078 79.06570 -1.34191
v -2.07861 79.06570 -1.50977
v -1.95362 79.06570 -1.66832
v -1.81658 79.06570 -1.81658
v -1.66832 79.06570 -1.95362
v -1.50977 79.06570 -2.07861
v -1.34191 79.06570 -2.19078
v -1.16576 79.06570 -2.28942
v -0.98241 79.06570 -2.37395
v -0.79300 79.06570 -2.44383
v -0.59869 79.06570 -2.49863
v -0.40067 79.06570 -2.53801
v -0.20018 79.06570 -2.56174
v 0.00156 79.06570 -2.56967
v 0.20329 79.06570 -2.56174
v 0.40378 79.06570 -2.53801
v 0.60180 79.06570 -2.49863
v 0.79611 79.06570 -2.44383
v 0.98552 79.06570 -2.37395
v 1.16887 79.06570 -2.28942
v 1.34502 79.06570 -2.19078
v 1.51288 79.06570 -2.07861
v 1.67143 79.06570 -1.95362
v 1.81969 79.06570 -1.81658
v 1.95673 79.06570 -1.66832
v 2.08172 79.06570 -1.50977
v 2.19389 79.06570 -1.34191
v 2.29253 79.06570 -1.16576
v 2.37706 79.06570 -0.98241
v 2.44694 79.06570 -0.79300
v 2.50174 79.06570 -0.59869
v 2.54112 79.06570 -0.40067
v 2.56486 79.06570 -0.20018
v 2.57278 79.06570 0.00156
v 2.48642 79.25935 0.19712
v 2.46341 79.25935 0.39148
v 2.42523 79.25935 0.58343
v 2.37211 79.25935 0.77179
v 2.30437 79.25935 0.95541
v 2.22243 79.25935 1.13315
v 2.12680 79.25935 1.30391
v 2.01807 79.25935 1.46664
v 1.89690 79.25935 1.62034
v 1.76405 79.25935 1.76405
v 1.62034 79.25935 1.89690
v 1.46664 79.25935 2.01807
v 1.30391 79.25935 2.12680
v 1.13315 79.25935 2.22243
v 0.95541 79.25935 2.30437
v 0.77179 79.25935 2.37211
v 0.58343 79.25935 2.42523
v 0.39148 79.25935 2.46341
v 0.19712 79.25935 2.48642
v 0.00156 79.25935 2.49410
v -0.19401 79.25935 2.48642
v -0.38836 79.25935 2.46341
v -0.58032 79.25935 2.42523
v -0.76868 79.25935 2.37211
v -0.95230 79.25935 2.30437
v -1.13004 79.25935 2.22243
v -1.30080 79.25935 2.12680
v -1.46353 79.25935 2.01807
v -1.61722 79.25935 1.89690
v -1.76094 79.25935 1.76405
v -1.89379 79.25935 1.62034
v -2.01496 79.25935 1.46664
v -2.12369 79.25935 1.30391
v -2.21932 79.25935 1.13315
v -2.30126 79.25935 0.95541
v -2.36900 79.25935 0.77179
v -2.42212 79.25935 0.58343
v -2.46030 79.25935 0.39148
v -2.48331 79.25935 0.19712
v -2.49099 79.25935 0.00156
v -2.48331 79.25935 -0.19401
v -2.46030 79.25935 -0.38836
v -2.42212 79.25935 -0.58032
v -2.36900 79.25935 -0.76868
v -2.30126 79.25935 -0.95230
v -2.21932 79.25935 -1.13004
v -2.12369 79.25935 -1.30080
v -2.01496 79.25935 -1.46353
v -1.89379 79.25935 -1.61722
v -1.76094 79.25935 -1.76094
v -1.61722 79.25935 -1.89379
v -1.46353 79.25935 -2.01496
v -1.30080 79.25935 -2.12369
v -1.13004 79.25935 -2.21932
v -0.95230 79.25935 -2.30126
v -0.76868 79.25935 -2.36900
v -0.58032 79.25935 -2.42212
v -0.38836 79.25935 -2.46030
v -0.19401 79.25935 -2.48331
v 0.00156 79.25935 -2.49099
v 0.19712 79.25935 -2.48331
v 0.39148 79.25935 -2.46030
v 0.58343 79.25935 -2.42212
v 0.77179 79.25935 -2.36900
v 0.95541 79.25935 -2.30126
v 1.13315 79.25935 -2.21932
v 1.30391 79.25935 -2.12369
v 1.46664 79.25935 -2.01496
v 1.62034 79.25935 -1.89379
v 1.76405 79.25935 -1.76094
v 1.89690 79.25935 -1.61722
v 2.01807 79.25935 -1.46353
v 2.12680 79.25935 -1.30080
v 2.22243 79.25935 -1.13004
v 2.30437 79.25935 -0.95230
v 2.37211 79.25935 -0.76868
v 2.42523 79.25935 -0.58032
v 2.46341 79.25935 -0.38836
v 2.48642 79.25935 -0.19401
v 2.49410 79.25935 0.00156
v 2.39347 79.44641 0.18980
v 2.37132 79.44641 0.37689
v 2.33457 79.44641 0.56166
v 2.28343 79.44641 0.74298
v 2.21823 79.44641 0.91973
v 2.13936 79.44641 1.09082
v 2.04730 79.44641 1.25519
v 1.94264 79.44641 1.41183
v 1.82600 79.44641 1.55978
v 1.69812 79.44641 1.69812
v 1.55978 79.44641 1.82600
v 1.41183 79.44641 1.94264
v 1.25519 79.44641 2.04730
v 1.09082 79.44641 2.13936
v 0.91973 79.44641 2.21823
v 0.74298 79.44641 2.28343
v 0.56166 79.44641 2.33457
v 0.37689 79.44641 2.37132
v 0.18980 79.44641 2.39347
v 0.00156 79.44641 2.40086
v -0.18669 79.44641 2.39347
v -0.37378 79.44641 2.37132
v -0.55855 79.44641 2.33457
v -0.73987 79.44641 2.28343
v -0.91662 79.44641 2.21823
v -1.08771 79.44641 2.13936
v -1.25208 79.44641 2.04730
v -1.40872 79.44641 1.94264
v -1.55667 79.44641 1.82600
v -1.69501 79.44641 1.69812
v -1.82289 79.44641 1.55978
v -1.93953 79.44641 1.41183
v -2.04419 79.44641 1.25519
v -2.13624 79.44641 1.09082
v -2.21512 79.44641 0.91973
v -2.28032 79.44641 0.74298
v -2.33146 79.44641 0.56166
v -2.36821 79.44641 0.37689
v -2.39036 79.44641 0.18980
v -2.39775 79.44641 0.00156
v -2.39036 79.44641 -0.18669
v -2.36821 79.44641 -0.37378
v -2.33146 79.44641 -0.55855
v -2.28032 79.44641 -0.73987
v -2.21512 79.44641 -0.91662
v -2.13624 79.44641 -1.08771
v -2.04419 79.44641 -1.25208
v -1.93953 79.44641 -1.40872
v -1.82289 79.44641 -1.55667
v -1.69501 79.44641 -1.69501
v -1.55667 79.44641 -1.82289
v -1.40872 79.44641 -1.93953
v -1.25208 79.44641 -2.04419
v -1.08771 79.44641 -2.13624
v -0.91662 79.44641 -2.21512
v -0.73987 79.44641 -2.28032
v -0.55855 79.44641 -2.33146
v -0.37378 79.44641 -2.36821
v -0.18669 79.44641 -2.39036
v 0.00156 79.44641 -2.39775
v 0.18980 79.44641 -2.39036
v 0.37689 79.44641 -2.36821
v 0.56166 79.44641 -2.33146
v 0.74298 79.44641 -2.28032
v 0.91973 79.44641 -2.21512
v 1.09082 79.44641 -2.13624
v 1.25519 79.44641 -2.04419
v 1.41183 79.44641 -1.93953
v 1.55978 79.44641 -1.82289
v 1.69812 79.44641 -1.69501
v 1.82600 79.44641 -1.55667
v 1.94264 79.44641 -1.40872
v 2.04730 79.44641 -1.25208
v 2.13936 79.44641 -1.08771
v 2.21823 79.44641 -0.91662
v 2.28343 79.44641 -0.73987
v 2.33457 79.44641 -0.55855
v 2.37132 79.44641 -0.37378
v 2.39347 79.44641 -0.18669
v 2.40086 79.44641 0.00156
v 2.28655 79.62580 0.18139
v 2.26539 79.62580 0.36011
v 2.23028 79.62580 0.53663
v 2.18143 79.62580 0.70984
v 2.11914 79.62580 0.87869
v 2.04379 79.62580 1.04213
v 1.95585 79.62580 1.19915
v 1.85587 79.62580 1.34879
v 1.74445 79.62580 1.49013
v 1.62228 79.62580 1.62228
v 1.49013 79.62580 1.74445
v 1.34879 79.62580 1.85587
v 1.19915 79.62580 1.95585
v 1.04213 79.62580 2.04379
v 0.87869 79.62580 2.11914
v 0.70984 79.62580 2.18143
v 0.53663 79.62580 2.23028
v 0.36011 79.62580 2.26539
v 0.18139 79.62580 2.28655
v 0.00156 79.62580 2.29361
v -0.17828 79.62580 2.28655
v -0.35700 79.62580 2.26539
v -0.53351 79.62580 2.23028
v -0.70673 79.62580 2.18143
v -0.87558 79.62580 2.11914
v -1.03902 79.62580 2.04379
v -1.19604 79.62580 1.95585
v -1.34568 79.62580 1.85587
v -1.48702 79.62580 1.74445
v -1.61917 79.62580 1.62228
v -1.74134 79.62580 1.49013
v -1.85276 79.62580 1.34879
v -1.95275 79.62580 1.19915
v -2.04068 79.62580 1.04213
v -2.11603 79.62580 0.87869
v -2.17832 79.62580 0.70984
v -2.22717 79.62580 0.53663
v -2.26228 79.62580 0.36011
v -2.28344 79.62580 0.18139
v -2.29050 79.62580 0.00156
v -2.28344 79.62580 -0.17828
v -2.26228 79.62580 -0.35700
v -2.22717 79.62580 -0.53351
v -2.17832 79.62580 -0.70673
v -2.11603 79.62580 -0.87558
v -2.04068 79.62580 -1.03902
v -1.95275 79.62580 -1.19604
v -1.85276 79.62580 -1.34568
v -1.74134 79.62580 -1.48702
v -1.61917 79.62580 -1.61917
v -1.48702 79.62580 -1.74134
v -1.34568 79.62580 -1.85276
v -1.19604 79.62580 -1.95275
v -1.03902 79.62580 -2.04068
v -0.87558 79.62580 -2.11603
v -0.70673 79.62580 -2.17832
v -0.53351 79.62580 -2.22717
v -0.35700 79.62580 -2.26228
v -0.17828 79.62580 -2.28344
v 0.00156 79.62580 -2.29050
v 0.18139 79.62580 -2.28344
v 0.36011 79.62580 -2.26228
v 0.53663 79.62580 -2.22717
v 0.70984 79.62580 -2.17832
v 0.87869 79.62580 -2.11603
v 1.04213 79.62580 -2.04068
v 1.19915 79.62580 -1.95275
v 1.34879 79.62580 -1.85276
v 1.49013 79.62580 -1.74134
v 1.62228 79.62580 -1.61917
v 1.74445 79.62580 -1.48702
v 1.85587 79.62580 -1.34568
v 1.95585 79.62580 -1.19604
v 2.04379 79.62580 -1.03902
v 2.11914 79.62580 -0.87558
v 2.18143 79.62580 -0.70673
v 2.23028 79.62580 -0.53351
v 2.26539 79.62580 -0.35700
v 2.28655 79.62580 -0.17828
v 2.29361 79.62580 0.00156
v 2.16628 79.79648 0.17192
v 2.14624 79.79648 0.34124
v 2.11298 79.79648 0.50846
v 2.06670 79.79648 0.67256
v 2.00769 79.79648 0.83252
v 1.93630 79.79648 0.98736
v 1.85300 79.79648 1.13612
v 1.75827 79.79648 1.27788
v 1.65272 79.79648 1.41178
v 1.53698 79.79648 1.53698
v 1.41178 79.79648 1.65272
v 1.27788 79.79648 1.75827
v 1.13612 79.79648 1.85300
v 0.98736 79.79648 1.93630
v 0.83252 79.79648 2.00769
v 0.67256 79.79648 2.06670
v 0.50846 79.79648 2.11298
v 0.34124 79.79648 2.14624
v 0.17192 79.79648 2.16628
v 0.00156 79.79648 2.17298
v -0.16881 79.79648 2.16628
v -0.33813 79.79648 2.14624
v -0.50535 79.79648 2.11298
v -0.66945 79.79648 2.06670
v -0.82941 79.79648 2.00769
v -0.98425 79.79648 1.93630
v -1.13301 79.79648 1.85300
v -1.27477 79.79648 1.75827
v -1.40867 79.79648 1.65272
v -1.53387 79.79648 1.53698
v -1.64961 79.79648 1.41178
v -1.75516 79.79648 1.27788
v -1.84988 79.79648 1.13612
v -1.93319 79.79648 0.98736
v -2.00458 79.79648 0.83252
v -2.06359 79.79648 0.67256
v -2.10987 79.79648 0.50846
v -2.14313 79.79648 0.34124
v -2.16317 79.79648 0.17192
v -2.16986 79.79648 0.00156
v -2.16317 79.79648 -0.16881
v -2.14313 79.79648 -0.33813
v -2.10987 79.79648 -0.50535
v -2.06359 79.79648 -0.66945
v -2.00458 79.79648 -0.82941
v -1.93319 79.79648 -0.98425
v -1.84988 79.79648 -1.13301
v -1.75516 79.79648 -1.27477
v -1.64961 79.79648 -1.40867
v -1.53387 79.79648 -1.53387
v -1.40867 79.79648 -1.64961
v -1.27477 79.79648 -1.75516
v -1.13301 79.79648 -1.84988
v -0.98425 79.79648 -1.93319
v -0.82941 79.79648 -2.00458
v -0.66945 79.79648 -2.06359
v -0.50535 79.79648 -2.10987
v -0.33813 79.79648 -2.14313
v -0.16881 79.79648 -2.16317
v 0.00156 79.79648 -2.16986
v 0.17192 79.79648 -2.16317
v 0.34124 79.79648 -2.14313
v 0.50846 79.79648 -2.10987
v 0.67256 79.79648 -2.06359
v 0.83252 79.79648 -2.00458
v 0.98736 79.79648 -1.93319
v 1.13612 79.79648 -1.84988
v 1.27788 79.79648 -1.75516
v 1.41178 79.79648 -1.64961
v 1.53698 79.79648 -1.53387
v 1.65272 79.79648 -1.40867
v 1.75827 79.79648 -1.27477
v 1.85300 79.79648 -1.13301
v 1.93630 79.79648 -0.98425
v 2.00769 79.79648 -0.82941
v 2.06670 79.79648 -0.66945
v 2.11298 79.79648 -0.50535
v 2.14624 79.79648 -0.33813
v 2.16628 79.79648 -0.16881
v 2.17298 79.79648 0.00156
v 2.03337 79.95745 0.16146
v 2.01456 79.95745 0.32039
v 1.98334 79.95745 0.47734
v 1.93990 79.95745 0.63136
v 1.88451 79.95745 0.78150
v 1.81752 79.95745 0.92683
v 1.73932 79.95745 1.06646
v 1.65041 79.95745 1.19952
v 1.55134 79.95745 1.32520
v 1.44271 79.95745 1.44271
v 1.32520 79.95745 1.55134
v 1.19952 79.95745 1.65041
v 1.06646 79.95745 1.73932
v 0.92683 79.95745 1.81752
v 0.78150 79.95745 1.88451
v 0.63136 79.95745 1.93990
v 0.47734 79.95745 1.98334
v 0.32039 79.95745 2.01456
v 0.16146 79.95745 2.03337
v 0.00156 79.95745 2.03966
v -0.15835 79.95745 2.03337
v -0.31727 79.95745 2.01456
v -0.47423 79.95745 1.98334
v -0.62825 79.95745 1.93990
v -0.77839 79.95745 1.88451
v -0.92372 79.95745 1.81752
v -1.06335 79.95745 1.73932
v -1.19641 79.95745 1.65041
v -1.32208 79.95745 1.55134
v -1.43960 79.95745 1.44271
v -1.54823 79.95745 1.32520
v -1.64730 79.95745 1.19952
v -1.73621 79.95745 1.06646
v -1.81441 79.95745 0.92683
v -1.88140 79.95745 0.78150
v -1.93679 79.95745 0.63136
v -1.98023 79.95745 0.47734
v -2.01145 79.95745 0.32039
v -2.03026 79.95745 0.16146
v -2.03654 79.95745 0.00156
v -2.03026 79.95745 -0.15835
v -2.01145 79.95745 -0.31727
v -1.98023 79.95745 -0.47423
v -1.93679 79.95745 -0.62825
v -1.88140 79.95745 -0.77839
v -1.81441 79.95745 -0.92372
v -1.73621 79.95745 -1.06335
v -1.64730 79.95745 -1.19641
v -1.54823 79.95745 -1.32208
v -1.43960 79.95745 -1.43960
v -1.32208 79.95745 -1.54823
v -1.19641 79.95745 -1.64730
v -1.06335 79.95745 -1.73621
v -0.92372 79.95745 -1.81441
v -0.77839 79.95745 -1.88140
v -0.62825 79.95745 -1.93679
v -0.47423 79.95745 -1.98023
v -0.31727 79.95745 -2.01145
v -0.15835 79.95745 -2.03026
v 0.00156 79.95745 -2.03654
v 0.16146 79.95745 -2.03026
v 0.32039 79.95745 -2.01145
v 0.47734 79.95745 -1.98023
v 0.63136 79.95745 -1.93679
v 0.78150 79.95745 -1.88140
v 0.92683 79.95745 -1.81441
v 1.06646 79.95745 -1.73621
v 1.19952 79.95745 -1.64730
v 1.32520 79.95745 -1.54823
v 1.44271 79.95745 -1.43960
v 1.55134 79.95745 -1.32208
v 1.65041 79.95745 -1.19641
v 1.73932 79.95745 -1.06335
v 1.81752 79.95745 -0.92372
v 1.88451 79.95745 -0.77839
v 1.93990 79.95745 -0.62825
v 1.98334 79.95745 -0.47423
v 2.01456 79.95745 -0.31727
v 2.03337 79.95745 -0.15835
v 2.03966 79.95745 0.00156
v 1.88860 80.10777 0.15007
v 1.87113 80.10777 0.29767
v 1.84213 80.10777 0.44344
v 1.80179 80.10777 0.58649
v 1.75035 80.10777 0.72593
v 1.68812 80.10777 0.86090
v 1.61550 80.10777 0.99058
v 1.53293 80.10777 1.11416
v 1.44091 80.10777 1.23088
v 1.34002 80.10777 1.34002
v 1.23088 80.10777 1.44091
v 1.11416 80.10777 1.53293
v 0.99058 80.10777 1.61550
v 0.86090 80.10777 1.68812
v 0.72593 80.10777 1.75035
v 0.58649 80.10777 1.80179
v 0.44344 80.10777 1.84213
v 0.29767 80.10777 1.87113
v 0.15007 80.10777 1.88860
v 0.00156 80.10777 1.89443
v -0.14696 80.10777 1.88860
v -0.29456 80.10777 1.87113
v -0.44033 80.10777 1.84213
v -0.58338 80.10777 1.80179
v -0.72282 80.10777 1.75035
v -0.85779 80.10777 1.68812
v -0.98747 80.10777 1.61550
v -1.11105 80.10777 1.53293
v -1.22777 80.10777 1.44091
v -1.33691 80.10777 1.34002
v -1.43780 80.10777 1.23088
v -1.52981 80.10777 1.11416
v -1.61239 80.10777 0.99058
v -1.68501 80.10777 0.86090
v -1.74723 80.10777 0.72593
v -1.79868 80.10777 0.58649
v -1.83902 80.10777 0.44344
v -1.86802 80.10777 0.29767
v -1.88549 80.10777 0.15007
v -1.89132 80.10777 0.00156
v -1.88549 80.10777 -0.14696
v -1.86802 80.10777 -0.29456
v -1.83902 80.10777 -0.44033
v -1.79868 80.10777 -0.58338
v -1.74723 80.10777 -0.72282
v -1.68501 80.10777 -0.85779
v -1.61239 80.10777 -0.98747
v -1.52981 80.10777 -1.11105
v -1.43780 80.10777 -1.22777
v -1.33691 80.10777 -1.33691
v -1.22777 80.10777 -1.43780
v -1.11105 80.10777 -1.52981
v -0.98747 80.10777 -1.61239
v -0.85779 80.10777 -1.68501
v -0.72282 80.10777 -1.74723
v -0.58338 80.10777 -1.79868
v -0.44033 80.10777 -1.83902
v -0.29456 80.10777 -1.86802
v -0.14696 80.10777 -1.88549
v 0.00156 80.10777 -1.89132
v 0.15007 80.10777 -1.88549
v 0.29767 80.10777 -1.86802
v 0.44344 80.10777 -1.83902
v 0.58649 80.10777 -1.79868
v 0.72593 80.10777 -1.74723
v 0.86090 80.10777 -1.68501
v 0.99058 80.10777 -1.61239
v 1.11416 80.10777 -1.52981
v 1.23088 80.10777 -1.43780
v 1.34002 80.10777 -1.33691
v 1.44091 80.10777 -1.22777
v 1.53293 80.10777 -1.11105
v 1.61550 80.10777 -0.98747
v 1.68812 80.10777 -0.85779
v 1.75035 80.10777 -0.72282
v 1.80179 80.10777 -0.58338
v 1.84213 80.10777 -0.44033
v 1.87113 80.10777 -0.29456
v 1.88860 80.10777 -0.14696
v 1.89443 80.10777 0.00156
v 1.73280 80.24656 0.13781
v 1.71677 80.24656 0.27322
v 1.69017 80.24656 0.40696
v 1.65316 80.24656 0.53819
v 1.60596 80.24656 0.66612
v 1.54888 80.24656 0.78996
v 1.48225 80.24656 0.90893
v 1.40649 80.24656 1.02230
v 1.32208 80.24656 1.12939
v 1.22952 80.24656 1.22952
v 1.12939 80.24656 1.32208
v 1.02230 80.24656 1.40649
v 0.90893 80.24656 1.48225
v 0.78996 80.24656 1.54888
v 0.66612 80.24656 1.60596
v 0.53819 80.24656 1.65316
v 0.40696 80.24656 1.69017
v 0.27322 80.24656 1.71677
v 0.13781 80.24656 1.73280
v 0.00156 80.24656 1.73815
v -0.13470 80.24656 1.73280
v -0.27011 80.24656 1.71677
v -0.40385 80.24656 1.69017
v -0.53508 80.24656 1.65316
v -0.66301 80.24656 1.60596
v -0.78684 80.24656 1.54888
v -0.90581 80.24656 1.48225
v -1.01919 80.24656 1.40649
v -1.12628 80.24656 1.32208
v -1.22641 80.24656 1.22952
v -1.31896 80.24656 1.12939
v -1.40338 80.24656 1.02230
v -1.47914 80.24656 0.90893
v -1.54577 80.24656 0.78996
v -1.60285 80.24656 0.66612
v -1.65005 80.24656 0.53819
v -1.68706 80.24656 0.40696
v -1.71366 80.24656 0.27322
v -1.72969 80.24656 0.13781
v -1.73504 80.24656 0.00156
v -1.72969 80.24656 -0.13470
v -1.71366 80.24656 -0.27011
v -1.68706 80.24656 -0.40385
v -1.65005 80.24656 -0.53508
v -1.60285 80.24656 -0.66301
v -1.54577 80.24656 -0.78684
v -1.47914 80.24656 -0.90581
v -1.40338 80.24656 -1.01919
v -1.31896 80.24656 -1.12628
v -1.22641 80.24656 -1.22641
v -1.12628 80.24656 -1.31896
v -1.01919 80.24656 -1.40338
v -0.90581 80.24656 -1.47914
v -0.78684 80.24656 -1.54577
v -0.66301 80.24656 -1.60285
v -0.53508 80.24656 -1.65005
v -0.40385 80.24656 -1.68706
v -0.27011 80.24656 -1.71366
v -0.13470 80.24656 -1.72969
v 0.00156 80.24656 -1.73504
v 0.13781 80.24656 -1.72969
v 0.27322 80.24656 -1.71366
v 0.40696 80.24656 -1.68706
v 0.53819 80.24656 -1.65005
v 0.66612 80.24656 -1.60285
v 0.78996 80.24656 -1.54577
v 0.90893 80.24656 -1.47914
v 1.02230 80.24656 -1.40338
v 1.12939 80.24656 -1.31896
v 1.22952 80.24656 -1.22641
v 1.32208 80.24656 -1.12628
v 1.40649 80.24656 -1.01919
v 1.48225 80.24656 -0.90581
v 1.54888 80.24656 -0.78684
v 1.60596 80.24656 -0.66301
v 1.65316 80.24656 -0.53508
v 1.69017 80.24656 -0.40385
v 1.71677 80.24656 -0.27011
v 1.73280 80.24656 -0.13470
v 1.73815 80.24656 0.00156
v 1.56689 80.37301 0.12475
v 1.55240 80.37301 0.24719
v 1.52835 80.37301 0.36811
v 1.49488 80.37301 0.48677
v 1.45221 80.37301 0.60244
v 1.40059 80.37301 0.71440
v 1.34035 80.37301 0.82197
v 1.27186 80.37301 0.92448
v 1.19553 80.37301 1.02130
v 1.11184 80.37301 1.11184
v 1.02130 80.37301 1.19553
v 0.92448 80.37301 1.27186
v 0.82197 80.37301 1.34035
v 0.71440 80.37301 1.40059
v 0.60244 80.37301 1.45221
v 0.48677 80.37301 1.49488
v 0.36811 80.37301 1.52835
v 0.24719 80.37301 1.55240
v 0.12475 80.37301 1.56689
v 0.00156 80.37301 1.57173
v -0.12164 80.37301 1.56689
v -0.24407 80.37301 1.55240
v -0.36500 80.37301 1.52835
v -0.48366 80.37301 1.49488
v -0.59933 80.37301 1.45221
v -0.71129 80.37301 1.40059
v -0.81886 80.37301 1.34035
v -0.92137 80.37301 1.27186
v -1.01819 80.37301 1.19553
v -1.10873 80.37301 1.11184
v -1.19242 80.37301 1.02130
v -1.26875 80.37301 0.92448
v -1.33724 80.37301 0.82197
v -1.39748 80.37301 0.71440
v -1.44910 80.37301 0.60244
v -1.49177 80.37301 0.48677
v -1.52524 80.37301 0.36811
v -1.54929 80.37301 0.24719
v -1.56378 80.37301 0.12475
v -1.56862 80.37301 0.00156
v -1.56378 80.37301 -0.12164
v -1.54929 80.37301 -0.24407
v -1.52524 80.37301 -0.36500
v -1.49177 80.37301 -0.48366
v -1.44910 80.37301 -0.59933
v -1.39748 80.37301 -0.71129
v -1.33724 80.37301 -0.81886
v -1.26875 80.37301 -0.92137
v -1.19242 80.37301 -1.01819
v -1.10873 80.37301 -1.10873
v -1.01819 80.37301 -1.19242
v -0.92137 80.37301 -1.26875
v -0.81886 80.37301 -1.33724
v -0.71129 80.37301 -1.39748
v -0.59933 80.37301 -1.44910
v -0.48366 80.37301 -1.49177
v -0.36500 80.37301 -1.52524
v -0.24407 80.37301 -1.54929
v -0.12164 80.37301 -1.56378
v 0.00156 80.37301 -1.56862
v 0.12475 80.37301 -1.56378
v 0.24719 80.37301 -1.54929
v 0.36811 80.37301 -1.52524
v 0.48677 80.37301 -1.49177
v 0.60244 80.37301 -1.44910
v 0.71440 80.37301 -1.39748
v 0.82197 80.37301 -1.33724
v 0.92448 80.37301 -1.26875
v 1.02130 80.37301 -1.19242
v 1.11184 80.37301 -1.10873
v 1.19553 80.37301 -1.01819
v 1.27186 80.37301 -0.92137
v 1.34035 80.37301 -0.81886
v 1.40059 80.37301 -0.71129
v 1.45221 80.37301 -0.59933
v 1.49488 80.37301 -0.48366
v 1.52835 80.37301 -0.36500
v 1.55240 80.37301 -0.24407
v 1.56689 80.37301 -0.12164
v 1.57173 80.37301 0.00156
v 1.39184 80.48637 0.11097
v 1.37897 80.48637 0.21972
v 1.35761 80.48637 0.32711
v 1.32789 80.48637 0.43251
v 1.28999 80.48637 0.53524
v 1.24414 80.48637 0.63468
v 1.19064 80.48637 0.73022
v 1.12980 80.48637 0.82127
v 1.06201 80.48637 0.90727
v 0.98768 80.48637 0.98768
v 0.90727 80.48637 1.06201
v 0.82127 80.48637 1.12980
v 0.73022 80.48637 1.19064
v 0.63468 80.48637 1.24414
v 0.53524 80.48637 1.28999
v 0.43251 80.48637 1.32789
v 0.32711 80.48637 1.35761
v 0.21972 80.48637 1.37897
v 0.11097 80.48637 1.39184
v 0.00156 80.48637 1.39614
v -0.10786 80.48637 1.39184
v -0.21661 80.48637 1.37897
v -0.32400 80.48637 1.35761
v -0.42940 80.48637 1.32789
v -0.53213 80.48637 1.28999
v -0.63157 80.48637 1.24414
v -0.72711 80.48637 1.19064
v -0.81816 80.48637 1.12980
v -0.90416 80.48637 1.06201
v -0.98457 80.48637 0.98768
v -1.05890 80.48637 0.90727
v -1.12669 80.48637 0.82127
v -1.18753 80.48637 0.73022
v -1.24103 80.48637 0.63468
v -1.28687 80.48637 0.53524
v -1.32478 80.48637 0.43251
v -1.35450 80.48637 0.32711
v -1.37586 80.48637 0.21972
v -1.38873 80.48637 0.11097
v -1.39303 80.48637 0.00156
v -1.38873 80.48637 -0.10786
v -1.37586 80.48637 -0.21661
v -1.35450 80.48637 -0.32400
v -1.32478 80.48637 -0.42940
v -1.28687 80.48637 -0.53213
v -1.24103 80.48637 -0.63157
v -1.18753 80.48637 -0.72711
v -1.12669 80.48637 -0.81816
v -1.05890 80.48637 -0.90416
v -0.98457 80.48637 -0.98457
v -0.90416 80.48637 -1.05890
v -0.81816 80.48637 -1.12669
v -0.72711 80.48637 -1.18753
v -0.63157 80.48637 -1.24103
v -0.53213 80.48637 -1.28687
v -0.42940 80.48637 -1.32478
v -0.32400 80.48637 -1.35450
v -0.21661 80.48637 -1.37586
v -0.10786 80.48637 -1.38873
v 0.00156 80.48637 -1.39303
v 0.11097 80.48637 -1.38873
v 0.21972 80.48637 -1.37586
v 0.32711 80.48637 -1.35450
v 0.43251 80.48637 -1.32478
v 0.53524 80.48637 -1.28687
v 0.63468 80.48637 -1.24103
v 0.73022 80.48637 -1.18753
v 0.82127 80.48637 -1.12669
v 0.90727 80.48637 -1.05890
v 0.98768 80.48637 -0.98457
v 1.06201 80.48637 -0.90416
v 1.12980 80.48637 -0.81816
v 1.19064 80.48637 -0.72711
v 1.24414 80.48637 -0.63157
v 1.28999 80.48637 -0.53213
v 1.32789 80.48637 -0.42940
v 1.35761 80.48637 -0.32400
v 1.37897 80.48637 -0.21661
v 1.39184 80.48637 -0.10786
v 1.39614 80.48637 0.00156
v 1.20867 80.58601 0.09656
v 1.19750 80.58601 0.19097
v 1.17895 80.58601 0.28422
v 1.15314 80.58601 0.37573
v 1.12023 80.58601 0.46493
v 1.08043 80.58601 0.55127
v 1.03397 80.58601 0.63422
v 0.98115 80.58601 0.71327
v 0.92229 80.58601 0.78794
v 0.85776 80.58601 0.85776
v 0.78794 80.58601 0.92229
v 0.71327 80.58601 0.98115
v 0.63422 80.58601 1.03397
v 0.55127 80.58601 1.08043
v 0.46493 80.58601 1.12023
v 0.37573 80.58601 1.15314
v 0.28422 80.58601 1.17895
v 0.19097 80.58601 1.19750
v 0.09656 80.58601 1.20867
v 0.00156 80.58601 1.21240
v -0.09345 80.58601 1.20867
v -0.18786 80.58601 1.19750
v -0.28111 80.58601 1.17895
v -0.37262 80.58601 1.15314
v -0.46182 80.58601 1.12023
v -0.54816 80.58601 1.08043
v -0.63111 80.58601 1.03397
v -0.71016 80.58601 0.98115
v -0.78483 80.58601 0.92229
v -0.85464 80.58601 0.85776
v -0.91918 80.58601 0.78794
v -0.97804 80.58601 0.71327
v -1.03086 80.58601 0.63422
v -1.07732 80.58601 0.55127
v -1.11712 80.58601 0.46493
v -1.15003 80.58601 0.37573
v -1.17584 80.58601 0.28422
v -1.19439 80.58601 0.19097
v -1.20556 80.58601 0.09656
v -1.20929 80.58601 0.00156
v -1.20556 80.58601 -0.09345
v -1.19439 80.58601 -0.18786
v -1.17584 80.58601 -0.28111
v -1.15003 80.58601 -0.37262
v -1.11712 80.58601 -0.46182
v -1.07732 80.58601 -0.54816
v -1.03086 80.58601 -0.63111
v -0.97804 80.58601 -0.71016
v -0.91918 80.58601 -0.78483
v -0.85464 80.58601 -0.85464
v -0.78483 80.58601 -0.91918
v -0.71016 80.58601 -0.97804
v -0.63111 80.58601 -1.03086
v -0.54816 80.58601 -1.07732
v -0.46182 80.58601 -1.11712
v -0.37262 80.58601 -1.15003
v -0.28111 80.58601 -1.17584
v -0.18786 80.58601 -1.19439
v -0.09345 80.58601 -1.20556
v 0.00156 80.58601 -1.20929
v 0.09656 80.58601 -1.20556
v 0.19097 80.58601 -1.19439
v 0.28422 80.58601 -1.17584
v 0.37573 80.58601 -1.15003
v 0.46493 80.58601 -1.11712
v 0.55127 80.58601 -1.07732
v 0.63422 80.58601 -1.03086
v 0.71327 80.58601 -0.97804
v 0.78794 80.58601 -0.91918
v 0.85776 80.58601 -0.85464
v 0.92229 80.58601 -0.78483
v 0.98115 80.58601 -0.71016
v 1.03397 80.58601 -0.63111
v 1.08043 80.58601 -0.54816
v 1.12023 80.58601 -0.46182
v 1.15314 80.58601 -0.37262
v 1.17895 80.58601 -0.28111
v 1.19750 80.58601 -0.18786
v 1.20867 80.58601 -0.09345
v 1.21240 80.58601 0.00156
v 1.01845 80.67131 0.08159
v 1.00904 80.67131 0.16113
v 0.99341 80.67131 0.23968
v 0.97167 80.67131 0.31677
v 0.94395 80.67131 0.39191
v 0.91042 80.67131 0.46464
v 0.87128 80.67131 0.53453
v 0.82679 80.67131 0.60112
v 0.77720 80.67131 0.66402
v 0.72283 80.67131 0.72283
v 0.66402 80.67131 0.77720
v 0.60112 80.67131 0.82679
v 0.53453 80.67131 0.87128
v 0.46464 80.67131 0.91042
v 0.39191 80.67131 0.94395
v 0.31677 80.67131 0.97167
v 0.23968 80.67131 0.99341
v 0.16113 80.67131 1.00904
v 0.08159 80.67131 1.01845
v 0.00156 80.67131 1.02160
v -0.07848 80.67131 1.01845
v -0.15801 80.67131 1.00904
v -0.23657 80.67131 0.99341
v -0.31365 80.67131 0.97167
v -0.38880 80.67131 0.94395
v -0.46153 80.67131 0.91042
v -0.53141 80.67131 0.87128
v -0.59801 80.67131 0.82679
v -0.66091 80.67131 0.77720
v -0.71972 80.67131 0.72283
v -0.77409 80.67131 0.66402
v -0.82368 80.67131 0.60112
v -0.86817 80.67131 0.53453
v -0.90731 80.67131 0.46464
v -0.94084 80.67131 0.39191
v -0.96856 80.67131 0.31677
v -0.99030 80.67131 0.23968
v -1.00593 80.67131 0.16113
v -1.01534 80.67131 0.08159
v -1.01849 80.67131 0.00156
v -1.01534 80.67131 -0.07848
v -1.00593 80.67131 -0.15801
v -0.99030 80.67131 -0.23657
v -0.96856 80.67131 -0.31365
v -0.94084 80.67131 -0.38880
v -0.90731 80.67131 -0.46153
v -0.86817 80.67131 -0.53141
v -0.82368 80.67131 -0.59801
v -0.77409 80.67131 -0.66091
v -0.71972 80.67131 -0.71972
v -0.66091 80.67131 -0.77409
v -0.59801 80.67131 -0.82368
v -0.53141 80.67131 -0.86817
v -0.46153 80.67131 -0.90731
v -0.38880 80.67131 -0.94084
v -0.31365 80.67131 -0.96856
v -0.23657 80.67131 -0.99030
v -0.15801 80.67131 -1.00593
v -0.07848 80.67131 -1.01534
v 0.00156 80.67131 -1.01849
v 0.08159 80.67131 -1.01534
v 0.16113 80.67131 -1.00593
v 0.23968 80.67131 -0.99030
v 0.31677 80.67131 -0.96856
v 0.39191 80.67131 -0.94084
v 0.46464 80.67131 -0.90731
v 0.53453 80.67131 -0.86817
v 0.60112 80.67131 -0.82368
v 0.66402 80.67131 -0.77409
v 0.72283 80.67131 -0.71972
v 0.77720 80.67131 -0.66091
v 0.82679 80.67131 -0.59801
v 0.87128 80.67131 -0.53141
v 0.91042 80.67131 -0.46153
v 0.94395 80.67131 -0.38880
v 0.97167 80.67131 -0.31365
v 0.99341 80.67131 -0.23657
v 1.00904 80.67131 -0.15801
v 1.01845 80.67131 -0.07848
v 1.02160 80.67131 0.00156
v 0.82229 80.74181 0.06615
v 0.81469 80.74181 0.13034
v 0.80208 80.74181 0.19375
v 0.78454 80.74181 0.25596
v 0.76216 80.74181 0.31661
v 0.73510 80.74181 0.37532
v 0.70351 80.74181 0.43172
v 0.66760 80.74181 0.48546
v 0.62758 80.74181 0.53623
v 0.58370 80.74181 0.58370
v 0.53623 80.74181 0.62758
v 0.48546 80.74181 0.66760
v 0.43172 80.74181 0.70351
v 0.37532 80.74181 0.73510
v 0.31661 80.74181 0.76216
v 0.25596 80.74181 0.78454
v 0.19375 80.74181 0.80208
v 0.13034 80.74181 0.81469
v 0.06615 80.74181 0.82229
v 0.00156 80.74181 0.82483
v -0.06304 80.74181 0.82229
v -0.12723 80.74181 0.81469
v -0.19063 80.74181 0.80208
v -0.25285 80.74181 0.78454
v -0.31350 80.74181 0.76216
v -0.37220 80.74181 0.73510
v -0.42860 80.74181 0.70351
v -0.48235 80.74181 0.66760
v -0.53312 80.74181 0.62758
v -0.58059 80.74181 0.58370
v -0.62447 80.74181 0.53623
v -0.66449 80.74181 0.48546
v -0.70040 80.74181 0.43172
v -0.73199 80.74181 0.37532
v -0.75905 80.74181 0.31661
v -0.78143 80.74181 0.25596
v -0.79897 80.74181 0.19375
v -0.81158 80.74181 0.13034
v -0.81918 80.74181 0.06615
v -0.82172 80.74181 0.00156
v -0.81918 80.74181 -0.06304
v -0.81158 80.74181 -0.12723
v -0.79897 80.74181 -0.19063
v -0.78143 80.74181 -0.25285
v -0.75905 80.74181 -0.31350
v -0.73199 80.74181 -0.37220
v -0.70040 80.74181 -0.42860
v -0.66449 80.74181 -0.48235
v -0.62447 80.74181 -0.53312
v -0.58059 80.74181 -0.58059
v -0.53312 80.74181 -0.62447
v -0.48235 80.74181 -0.66449
v -0.42860 80.74181 -0.70040
v -0.37220 80.74181 -0.73199
v -0.31350 80.74181 -0.75905
v -0.25285 80.74181 -0.78143
v -0.19063 80.74181 -0.79897
v -0.12723 80.74181 -0.81158
v -0.06304 80.74181 -0.81918
v 0.00156 80.74181 -0.82172
v 0.06615 80.74181 -0.81918
v 0.13034 80.74181 -0.81158
v 0.19375 80.74181 -0.79897
v 0.25596 80.74181 -0.78143
v 0.31661 80.74181 -0.75905
v 0.37532 80.74181 -0.73199
v 0.43172 80.74181 -0.70040
v 0.48546 80.74181 -0.66449
v 0.53623 80.74181 -0.62447
v 0.58370 80.74181 -0.58059
v 0.62758 80.74181 -0.53312
v 0.66760 80.74181 -0.48235
v 0.70351 80.74181 -0.42860
v 0.73510 80.74181 -0.37220
v 0.76216 80.74181 -0.31350
v 0.78454 80.74181 -0.25285
v 0.80208 80.74181 -0.19063
v 0.81469 80.74181 -0.12723
v 0.82229 80.74181 -0.06304
v 0.82483 80.74181 0.00156
v 0.62134 80.79706 0.05033
v 0.61560 80.79706 0.09881
v 0.60608 80.79706 0.14669
v 0.59283 80.79706 0.19367
v 0.57593 80.79706 0.23947
v 0.55549 80.79706 0.28380
v 0.53164 80.79706 0.32639
v 0.50452 80.79706 0.36698
v 0.47430 80.79706 0.40532
v 0.44116 80.79706 0.44116
v 0.40532 80.79706 0.47430
v 0.36698 80.79706 0.50452
v 0.32639 80.79706 0.53164
v 0.28380 80.79706 0.55549
v 0.23947 80.79706 0.57593
v 0.19367 80.79706 0.59283
v 0.14669 80.79706 0.60608
v 0.09881 80.79706 0.61560
v 0.05033 80.79706 0.62134
v 0.00156 80.79706 0.62326
v -0.04722 80.79706 0.62134
v -0.09570 80.79706 0.61560
v -0.14358 80.79706 0.60608
v -0.19056 80.79706 0.59283
v -0.23636 80.79706 0.57593
v -0.28069 80.79706 0.55549
v -0.32328 80.79706 0.53164
v -0.36387 80.79706 0.50452
v -0.40221 80.79706 0.47430
v -0.43805 80.79706 0.44116
v -0.47119 80.79706 0.40532
v -0.50141 80.79706 0.36698
v -0.52853 80.79706 0.32639
v -0.55238 80.79706 0.28380
v -0.57282 80.79706 0.23947
v -0.58972 80.79706 0.19367
v -0.60297 80.79706 0.14669
v -0.61249 80.79706 0.09881
v -0.61823 80.79706 0.05033
v -0.62015 80.79706 0.00156
v -0.61823 80.79706 -0.04722
v -0.61249 80.79706 -0.09570
v -0.60297 80.79706 -0.14358
v -0.58972 80.79706 -0.19056
v -0.57282 80.79706 -0.23636
v -0.55238 80.79706 -0.28069
v -0.52853 80.79706 -0.32328
v -0.50141 80.79706 -0.36387
v -0.47119 80.79706 -0.40221
v -0.43805 80.79706 -0.43805
v -0.40221 80.79706 -0.47119
v -0.36387 80.79706 -0.50141
v -0.32328 80.79706 -0.52853
v -0.28069 80.79706 -0.55238
v -0.23636 80.79706 -0.57282
v -0.19056 80.79706 -0.58972
v -0.14358 80.79706 -0.60297
v -0.09570 80.79706 -0.61249
v -0.04722 80.79706 -0.61823
v 0.00156 80.79706 -0.62015
v 0.05033 80.79706 -0.61823
v 0.09881 80.79706 -0.61249
v 0.14669 80.79706 -0.60297
v 0.19367 80.79706 -0.58972
v 0.23947 80.79706 -0.57282
v 0.28380 80.79706 -0.55238
v 0.32639 80.79706 -0.52853
v 0.36698 80.79706 -0.50141
v 0.40532 80.79706 -0.47119
v 0.44116 80.79706 -0.43805
v 0.47430 80.79706 -0.40221
v 0.50452 80.79706 -0.36387
v 0.53164 80.79706 -0.32328
v 0.55549 80.79706 -0.28069
v 0.57593 80.79706 -0.23636
v 0.59283 80.79706 -0.19056
v 0.60608 80.79706 -0.14358
v 0.61560 80.79706 -0.09570
v 0.62134 80.79706 -0.04722
v 0.62326 80.79706 0.00156
v 0.41677 80.83676 0.03423
v 0.41292 80.83676 0.06671
v 0.40654 80.83676 0.09878
v 0.39767 80.83676 0.13026
v 0.38635 80.83676 0.16094
v 0.37266 80.83676 0.19064
v 0.35668 80.83676 0.21917
v 0.33851 80.83676 0.24636
v 0.31826 80.83676 0.27205
v 0.29606 80.83676 0.29606
v 0.27205 80.83676 0.31826
v 0.24636 80.83676 0.33851
v 0.21917 80.83676 0.35668
v 0.19064 80.83676 0.37266
v 0.16094 80.83676 0.38635
v 0.13026 80.83676 0.39767
v 0.09878 80.83676 0.40654
v 0.06671 80.83676 0.41292
v 0.03423 80.83676 0.41677
v 0.00156 80.83676 0.41805
v -0.03112 80.83676 0.41677
v -0.06360 80.83676 0.41292
v -0.09567 80.83676 0.40654
v -0.12715 80.83676 0.39767
v -0.15783 80.83676 0.38635
v -0.18753 80.83676 0.37266
v -0.21606 80.83676 0.35668
v -0.24325 80.83676 0.33851
v -0.26894 80.83676 0.31826
v -0.29295 80.83676 0.29606
v -0.31515 80.83676 0.27205
v -0.33540 80.83676 0.24636
v -0.35357 80.83676 0.21917
v -0.36954 80.83676 0.19064
v -0.38324 80.83676 0.16094
v -0.39456 80.83676 0.13026
v -0.40343 80.83676 0.09878
v -0.40981 80.83676 0.06671
v -0.41366 80.83676 0.03423
v -0.41494 80.83676 0.00156
v -0.41366 80.83676 -0.03112
v -0.40981 80.83676 -0.06360
v -0.40343 80.83676 -0.09567
v -0.39456 80.83676 -0.12715
v -0.38324 80.83676 -0.15783
v -0.36954 80.83676 -0.18753
v -0.35357 80.83676 -0.21606
v -0.33540 80.83676 -0.24325
v -0.31515 80.83676 -0.26894
v -0.29295 80.83676 -0.29295
v -0.26894 80.83676 -0.31515
v -0.24325 80.83676 -0.33540
v -0.21606 80.83676 -0.35357
v -0.18753 80.83676 -0.36954
v -0.15783 80.83676 -0.38324
v -0.12715 80.83676 -0.39456
v -0.09567 80.83676 -0.40343
v -0.06360 80.83676 -0.40981
v -0.03112 80.83676 -0.41366
v 0.00156 80.83676 -0.41494
v 0.03423 80.83676 -0.41366
v 0.06671 80.83676 -0.40981
v 0.09878 80.83676 -0.40343
v 0.13026 80.83676 -0.39456
v 0.16094 80.83676 -0.38324
v 0.19064 80.83676 -0.36954
v 0.21917 80.83676 -0.35357
v 0.24636 80.83676 -0.33540
v 0.27205 80.83676 -0.31515
v 0.29606 80.83676 -0.29295
v 0.31826 80.83676 -0.26894
v 0.33851 80.83676 -0.24325
v 0.35668 80.83676 -0.21606
v 0.37266 80.83676 -0.18753
v 0.38635 80.83676 -0.15783
v 0.39767 80.83676 -0.12715
v 0.40654 80.83676 -0.09567
v 0.41292 80.83676 -0.06360
v 0.41677 80.83676 -0.03112
v 0.41805 80.83676 0.00156
v -1.90712 80.09250 1.27156
v -1.90712 80.09250 -1.26844
v -1.61413 80.34039 1.27156
v -1.61413 80.34039 -1.26844
v -1.28932 80.54484 1.27156
v -1.28932 80.54484 -1.26844
v -0.93910 80.70181 1.27156
v -0.93910 80.70181 -1.26844
v -0.57035 80.80820 1.27156
v -0.57035 80.80820 -1.26844
v -0.19034 80.86192 1.27156
v -0.19034 80.86192 -1.26844
v 0.19345 80.86192 1.27156
v 0.19345 80.86192 -1.26844
v 0.57346 80.80820 1.27156
v 0.57346 80.80820 -1.26844
v 0.94221 80.70181 1.27156
v 0.94221 80.70181 -1.26844
v 1.29244 80.54484 1.27156
v 1.29244 80.54484 -1.26844
v 1.61724 80.34039 1.27156
v 1.61724 80.34039 -1.26844
v 1.91023 80.09250 1.27156
v 1.91023 80.09250 -1.26844
v 1.63600 80.40363 1.27156
v 1.63600 80.40363 -1.26844
v 1.41197 80.75262 1.27156
v 1.41197 80.75262 -1.26844
v 1.24329 81.13149 1.27156
v 1.24329 81.13149 -1.26844
v 1.13383 81.53151 1.27156
v 1.13383 81.53151 -1.26844
v 1.08611 81.94348 1.27156
v 1.08611 81.94348 -1.26844
v 1.10123 82.35793 1.27156
v 1.10123 82.35793 -1.26844
v 1.17885 82.76531 1.27156
v 1.17885 82.76531 -1.26844
v 1.31717 83.15629 1.27156
v 1.31717 83.15629 -1.26844
v 1.51302 83.52186 1.27156
v 1.51302 83.52186 -1.26844
v 1.76189 83.85361 1.27156
v 1.76189 83.85361 -1.26844
v 2.05806 84.14391 1.27156
v 2.05806 84.14391 -1.26844
v 2.39472 84.38610 1.27156
v 2.39472 84.38610 -1.26844
v 2.76413 84.57459 1.27156
v 2.76413 84.57459 -1.26844
v 3.15779 84.70506 1.27156
v 3.15779 84.70506 -1.26844
v 3.56666 84.77452 1.27156
v 3.56666 84.77452 -1.26844
v 3.98133 84.78134 1.27156
v 3.98133 84.78134 -1.26844
v 4.39226 84.72540 1.27156
v 4.39226 84.72540 -1.26844
v 4.79000 84.60796 1.27156
v 4.79000 84.60796 -1.26844
v 5.16542 84.43173 1.27156
v 5.16542 84.43173 -1.26844
v 5.50987 84.20077 1.27156
v 5.50987 84.20077 -1.26844
v 5.81545 83.92037 1.27156
v 5.81545 83.92037 -1.26844
v 5.55779 84.24082 1.27156
v 5.55779 84.24082 -1.26844
v 5.35109 84.59628 1.27156
v 5.35109 84.59628 -1.26844
v 5.20002 84.97871 1.27156
v 5.20002 84.97871 -1.26844
v 5.10798 85.37946 1.27156
v 5.10798 85.37946 -1.26844
v 5.07707 85.78947 1.27156
v 5.07707 85.78947 -1.26844
v 5.10798 86.19950 1.27156
v 5.10798 86.19950 -1.26844
v 5.20002 86.60026 1.27156
v 5.20002 86.60026 -1.26844
v 5.35109 86.98268 1.27156
v 5.35109 86.98268 -1.26844
v 5.55779 87.33813 1.27156
v 5.55779 87.33813 -1.26844
v 5.81545 87.65858 1.27156
v 5.81545 87.65858 -1.26844
v 5.50987 87.37819 1.27156
v 5.50987 87.37819 -1.26844
v 5.16542 87.14722 1.27156
v 5.16542 87.14722 -1.26844
v 4.79000 86.97099 1.27156
v 4.79000 86.97099 -1.26844
v 4.39226 86.85356 1.27156
v 4.39226 86.85356 -1.26844
v 3.98133 86.79761 1.27156
v 3.98133 86.79761 -1.26844
v 3.56666 86.80444 1.27156
v 3.56666 86.80444 -1.26844
v 3.15779 86.87389 1.27156
v 3.15779 86.87389 -1.26844
v 2.76413 87.00436 1.27156
v 2.76413 87.00436 -1.26844
v 2.39472 87.19286 1.27156
v 2.39472 87.19286 -1.26844
v 2.05806 87.43504 1.27156
v 2.05806 87.43504 -1.26844
v 1.76189 87.72534 1.27156
v 1.76189 87.72534 -1.26844
v 1.51302 88.05710 1.27156
v 1.51302 88.05710 -1.26844
v 1.31717 88.42266 1.27156
v 1.31717 88.42266 -1.26844
v 1.17885 88.81364 1.27156
v 1.17885 88.81364 -1.26844
v 1.10123 89.22103 1.27156
v 1.10123 89.22103 -1.26844
v 1.08611 89.63548 1.27156
v 1.08611 89.63548 -1.26844
v 1.13383 90.04745 1.27156
v 1.13383 90.04745 -1.26844
v 1.24329 90.44746 1.27156
v 1.24329 90.44746 -1.26844
v 1.41197 90.82633 1.27156
v 1.41197 90.82633 -1.26844
v 1.63600 91.17534 1.27156
v 1.63600 91.17534 -1.26844
v 1.91023 91.48645 1.27156
v 1.91023 91.48645 -1.26844
v 1.61724 91.23856 1.27156
v 1.61724 91.23856 -1.26844
v 1.29244 91.03411 1.27156
v 1.29244 91.03411 -1.26844
v 0.94221 90.87715 1.27156
v 0.94221 90.87715 -1.26844
v 0.57346 90.77076 1.27156
v 0.57346 90.77076 -1.26844
v 0.19345 90.71703 1.27156
v 0.19345 90.71703 -1.26844
v -0.19034 90.71703 1.27156
v -0.19034 90.71703 -1.26844
v -0.57035 90.77076 1.27156
v -0.57035 90.77076 -1.26844
v -0.93910 90.87715 1.27156
v -0.93910 90.87715 -1.26844
v -1.28932 91.03411 1.27156
v -1.28932 91.03411 -1.26844
v -1.61413 91.23856 1.27156
v -1.61413 91.23856 -1.26844
v -1.90712 91.48645 1.27156
v -1.90712 91.48645 -1.26844
v -1.63289 91.17534 1.27156
v -1.63289 91.17534 -1.26844
v -1.40886 90.82633 1.27156
v -1.40886 90.82633 -1.26844
v -1.24017 90.44746 1.27156
v -1.24017 90.44746 -1.26844
v -1.13072 90.04745 1.27156
v -1.13072 90.04745 -1.26844
v -1.08300 89.63548 1.27156
v -1.08300 89.63548 -1.26844
v -1.09812 89.22103 1.27156
v -1.09812 89.22103 -1.26844
v -1.17574 88.81364 1.27156
v -1.17574 88.81364 -1.26844
v -1.31406 88.42266 1.27156
v -1.31406 88.42266 -1.26844
v -1.50991 88.05710 1.27156
v -1.50991 88.05710 -1.26844
v -1.75878 87.72534 1.27156
v -1.75878 87.72534 -1.26844
v -2.05495 87.43504 1.27156
v -2.05495 87.43504 -1.26844
v -2.39161 87.19286 1.27156
v -2.39161 87.19286 -1.26844
v -2.76102 87.00436 1.27156
v -2.76102 87.00436 -1.26844
v -3.15468 86.87389 1.27156
v -3.15468 86.87389 -1.26844
v -3.56355 86.80444 1.27156
v -3.56355 86.80444 -1.26844
v -3.97821 86.79761 1.27156
v -3.97821 86.79761 -1.26844
v -4.38915 86.85356 1.27156
v -4.38915 86.85356 -1.26844
v -4.78689 86.97099 1.27156
v -4.78689 86.97099 -1.26844
v -5.16231 87.14722 1.27156
v -5.16231 87.14722 -1.26844
v -5.50676 87.37819 1.27156
v -5.50676 87.37819 -1.26844
v -5.81233 87.65858 1.27156
v -5.81233 87.65858 -1.26844
v -5.55468 87.33813 1.27156
v -5.55468 87.33813 -1.26844
v -5.34798 86.98268 1.27156
v -5.34798 86.98268 -1.26844
v -5.19691 86.60026 1.27156
v -5.19691 86.60026 -1.26844
v -5.10487 86.19950 1.27156
v -5.10487 86.19950 -1.26844
v -5.07396 85.78947 1.27156
v -5.07396 85.78947 -1.26844
v -5.10487 85.37946 1.27156
v -5.10487 85.37946 -1.26844
v -5.19691 84.97871 1.27156
v -5.19691 84.97871 -1.26844
v -5.34798 84.59628 1.27156
v -5.34798 84.59628 -1.26844
v -5.55468 84.24082 1.27156
v -5.55468 84.24082 -1.26844
v -5.81233 83.92037 1.27156
v -5.81233 83.92037 -1.26844
v -5.50676 84.20077 1.27156
v -5.50676 84.20077 -1.26844
v -5.16231 84.43173 1.27156
v -5.16231 84.43173 -1.26844
v -4.78689 84.60796 1.27156
v -4.78689 84.60796 -1.26844
v -4.38915 84.72540 1.27156
v -4.38915 84.72540 -1.26844
v -3.97821 84.78134 1.27156
v -3.97821 84.78134 -1.26844
v -3.56355 84.77452 1.27156
v -3.56355 84.77452 -1.26844
v -3.15468 84.70506 1.27156
v -3.15468 84.70506 -1.26844
v -2.76102 84.57459 1.27156
v -2.76102 84.57459 -1.26844
v -2.39161 84.38610 1.27156
v -2.39161 84.38610 -1.26844
v -2.05495 84.14391 1.27156
v -2.05495 84.14391 -1.26844
v -1.75878 83.85361 1.27156
v -1.75878 83.85361 -1.26844
v -1.50991 83.52186 1.27156
v -1.50991 83.52186 -1.26844
v -1.31406 83.15629 1.27156
v -1.31406 83.15629 -1.26844
v -1.17574 82.76531 1.27156
v -1.17574 82.76531 -1.26844
v -1.09812 82.35793 1.27156
v -1.09812 82.35793 -1.26844
v -1.08300 81.94348 1.27156
v -1.08300 81.94348 -1.26844
v -1.13072 81.53151 1.27156
v -1.13072 81.53151 -1.26844
v -1.24017 81.13149 1.27156
v -1.24017 81.13149 -1.26844
v -1.40886 80.75262 1.27156
v -1.40886 80.75262 -1.26844
v -1.63289 80.40363 1.27156
v -1.63289 80.40363 -1.26844
v 9.29838 1.60419 -10.32361
v 9.44520 1.60419 -10.17679
v 10.51050 1.09182 -11.32440
v 13.59182 1.60419 2.89026
v 13.53808 1.60419 3.09082
v 15.06459 1.09182 3.43959
v 4.29500 1.60419 13.21542
v 4.09444 1.60419 13.26917
v 4.55564 1.09182 14.76555
v -9.29527 1.60419 10.32672
v -9.44209 1.60419 10.17990
v -10.50739 1.09182 11.32751
v -13.58871 1.60419 -2.88715
v -13.53497 1.60419 -3.08771
v -15.06148 1.09182 -3.43648
v -2.88715 1.60419 -13.58871
v -2.30121 1.09182 -15.27629
v -4.09133 1.60419 -13.26605
v -4.55253 1.09182 -14.76244
v -4.29189 1.60419 -13.21231
v -5.64960 1.60419 -12.69114
v -6.70213 1.09182 -13.91878
v -6.01972 1.60419 -12.50255
v -6.94539 1.60419 -12.03090
v -8.70197 1.09182 -12.76417
v -7.81668 1.60419 -11.46507
v -10.50739 1.09182 -11.32440
v -9.29527 1.60419 -10.32361
v -8.16506 1.60419 -11.23883
v -11.23883 1.60419 -8.16506
v -10.84662 1.60419 -8.64940
v -12.07806 1.09182 -9.63162
v -10.32361 1.60419 -9.29527
v -9.44209 1.60419 -10.17679
v -12.03090 1.60419 -6.94539
v -13.37889 1.09182 -7.72365
v -12.69114 1.60419 -5.64960
v -14.38083 1.09182 -5.64311
v -12.91448 1.60419 -5.06777
v -13.21231 1.60419 -4.29189
v -13.81622 1.60419 -1.45075
v -15.40565 1.09182 -1.15305
v -13.83796 1.60419 -1.03592
v -15.40565 1.09182 1.15617
v -15.06148 1.09182 3.43959
v -13.58871 1.60419 2.89026
v -13.81622 1.60419 1.45386
v -13.83796 1.60419 1.03903
v -13.89233 1.60419 0.00156
v -12.69114 1.60419 5.65271
v -12.91448 1.60419 5.07088
v -14.38083 1.09182 5.64622
v -13.21231 1.60419 4.29500
v -13.53497 1.60419 3.09082
v -12.03090 1.60419 6.94850
v -13.37889 1.09182 7.72676
v -11.23883 1.60419 8.16818
v -12.07806 1.09182 9.63473
v -10.84662 1.60419 8.65251
v -10.32361 1.60419 9.29838
v -8.16506 1.60419 11.24194
v -8.70197 1.09182 12.76728
v -7.81668 1.60419 11.46819
v -6.70213 1.09182 13.92189
v -4.55253 1.09182 14.76555
v -4.29189 1.60419 13.21542
v -5.64960 1.60419 12.69425
v -6.01972 1.60419 12.50566
v -6.94539 1.60419 12.03401
v -1.45075 1.60419 13.81933
v -2.06630 1.60419 13.72183
v -2.30121 1.09182 15.27940
v -2.88715 1.60419 13.59182
v -4.09133 1.60419 13.26917
v 0.00156 1.60419 13.89544
v 0.00156 1.09182 15.45197
v 1.45386 1.60419 13.81933
v 2.30432 1.09182 15.27940
v 2.06941 1.60419 13.72183
v 2.89026 1.60419 13.59182
v 5.65271 1.60419 12.69425
v 6.70524 1.09182 13.92189
v 6.02283 1.60419 12.50566
v 8.70508 1.09182 12.76728
v 10.51050 1.09182 11.32751
v 9.29838 1.60419 10.32672
v 8.16818 1.60419 11.24194
v 7.81979 1.60419 11.46819
v 6.94850 1.60419 12.03401
v 11.24194 1.60419 8.16818
v 10.84974 1.60419 8.65251
v 12.08117 1.09182 9.63473
v 10.32672 1.60419 9.29838
v 9.44520 1.60419 10.17990
v 12.03401 1.60419 6.94850
v 13.38200 1.09182 7.72676
v 12.69425 1.60419 5.65271
v 14.38394 1.09182 5.64622
v 12.91759 1.60419 5.07088
v 13.21542 1.60419 4.29500
v 13.81933 1.60419 1.45386
v 15.40876 1.09182 1.15617
v 13.84107 1.60419 1.03903
v 15.40876 1.09182 -1.15305
v 15.06459 1.09182 -3.43648
v 13.59182 1.60419 -2.88715
v 13.81933 1.60419 -1.45075
v 13.84107 1.60419 -1.03592
v 13.89544 1.60419 0.00156
v 12.69425 1.60419 -5.64960
v 12.91759 1.60419 -5.06777
v 14.38394 1.09182 -5.64311
v 13.21542 1.60419 -4.29189
v 13.53808 1.60419 -3.08771
v 12.03401 1.60419 -6.94539
v 13.38200 1.09182 -7.72365
v 11.24194 1.60419 -8.16506
v 12.08117 1.09182 -9.63162
v 10.84974 1.60419 -8.64940
v 10.32672 1.60419 -9.29527
v 8.16818 1.60419 -11.23883
v 8.70508 1.09182 -12.76417
v 7.81979 1.60419 -11.46507
v 6.94850 1.60419 -12.03090
v 6.70524 1.09182 -13.91878
v 6.02283 1.60419 -12.50255
v 4.55564 1.09182 -14.76244
v 4.09444 1.60419 -13.26605
v 4.29500 1.60419 -13.21231
v 5.65271 1.60419 -12.69114
v 2.89026 1.60419 -13.58871
v 2.30432 1.09182 -15.27629
v 2.06941 1.60419 -13.71872
v -2.06630 1.60419 -13.71872
v -1.45075 1.60419 -13.81622
v 0.00156 1.09182 -15.44886
v 0.00156 1.60419 -13.89233
v 1.45386 1.60419 -13.81622
v 2.99340 1.89307 14.07710
v 4.44831 1.89307 13.68726
v 7.19656 1.89307 12.46366
v 10.69541 1.89307 9.63035
v 13.68726 1.89307 4.44831
v 14.07710 1.89307 2.99340
v 14.39156 1.89307 0.00156
v 13.68726 1.89307 -4.44520
v 10.69541 1.89307 -9.62724
v 9.63035 1.89307 -10.69230
v 7.19656 1.89307 -12.46055
v 2.99340 1.89307 -14.07399
v -2.99029 1.89307 -14.07399
v -4.44520 1.89307 -13.68415
v -7.19344 1.89307 -12.46055
v -10.69230 1.89307 -9.62724
v -13.68415 1.89307 -4.44520
v -14.07399 1.89307 -2.99029
v -14.38845 1.89307 0.00156
v -13.68415 1.89307 4.44831
v -10.69230 1.89307 9.63035
v -9.62724 1.89307 10.69541
v -7.19344 1.89307 12.46366
v -2.99029 1.89307 14.07710
v 2.05278 8.13003 12.29303
v 1.30587 8.13003 12.41132
v 1.36558 8.07271 12.97942
v 4.04994 8.13003 11.79509
v 3.85751 8.13003 11.86896
v 4.03403 8.07271 12.41222
v 5.93447 8.13003 10.96392
v 5.07687 8.13003 11.40089
v 5.30920 8.07271 11.92273
v 7.65648 8.13003 9.83706
v 7.33601 8.13003 10.09657
v 7.67177 8.07271 10.55870
v 10.43352 8.13003 6.81715
v 10.09657 8.13003 7.33601
v 10.55870 8.07271 7.67177
v 12.08248 8.13003 3.06063
v 11.86896 8.13003 3.85751
v 12.41222 8.07271 4.03403
v 12.42571 8.13003 1.03140
v 12.41132 8.13003 1.30587
v 12.97942 8.07271 1.36558
v 12.42571 8.13003 -1.02828
v 12.47968 8.13003 0.00156
v 13.05091 8.07271 0.00156
v 12.08248 8.13003 -3.05752
v 12.20700 8.13003 -2.59279
v 12.76575 8.07271 -2.71156
v 10.43352 8.13003 -6.81404
v 10.80793 8.13003 -6.23751
v 11.30262 8.07271 -6.52312
v 9.17746 8.13003 -8.44509
v 9.27461 8.13003 -8.34794
v 9.69911 8.07271 -8.73016
v 7.65648 8.13003 -9.83395
v 8.35105 8.13003 -9.27150
v 8.73327 8.07271 -9.69600
v 5.93447 8.13003 -10.96081
v 6.24062 8.13003 -10.80482
v 6.52623 8.07271 -11.29951
v 2.05278 8.13003 -12.28992
v 2.59590 8.13003 -12.20389
v 2.71467 8.07271 -12.76263
v -2.04967 8.13003 -12.28992
v -1.30276 8.13003 -12.40821
v -1.36247 8.07271 -12.97631
v -4.04683 8.13003 -11.79198
v -3.85440 8.13003 -11.86585
v -4.03092 8.07271 -12.40911
v -5.93135 8.13003 -10.96081
v -5.07376 8.13003 -11.39778
v -5.30609 8.07271 -11.91962
v -7.65337 8.13003 -9.83395
v -7.33290 8.13003 -10.09346
v -7.66866 8.07271 -10.55559
v -10.43041 8.13003 -6.81404
v -10.09346 8.13003 -7.33290
v -10.55559 8.07271 -7.66866
v -12.07937 8.13003 -3.05752
v -11.86585 8.13003 -3.85440
v -12.40911 8.07271 -4.03092
v -12.42260 8.13003 -1.02828
v -12.40821 8.13003 -1.30276
v -12.97631 8.07271 -1.36247
v -12.42260 8.13003 1.03140
v -12.47657 8.13003 0.00156
v -13.04779 8.07271 0.00156
v -12.07937 8.13003 3.06063
v -12.20389 8.13003 2.59590
v -12.76263 8.07271 2.71467
v -10.43041 8.13003 6.81715
v -10.80482 8.13003 6.24062
v -11.29951 8.07271 6.52623
v -9.17435 8.13003 8.44820
v -9.27150 8.13003 8.35105
v -9.69600 8.07271 8.73327
v -7.65337 8.13003 9.83706
v -8.34794 8.13003 9.27461
v -8.73016 8.07271 9.69911
v -5.93135 8.13003 10.96392
v -6.23751 8.13003 10.80793
v -6.52312 8.07271 11.30262
v -2.04967 8.13003 12.29303
v -2.59279 8.13003 12.20700
v -2.71156 8.07271 12.76575
v -1.30276 8.13003 12.41132
v -5.07376 8.13003 11.40089
v -11.86585 8.13003 3.85751
v -10.80482 8.13003 -6.23751
v -8.34794 8.13003 -9.27150
v 1.30587 8.13003 -12.40821
v 5.07687 8.13003 -11.39778
v 11.86896 8.13003 -3.85440
v 10.80793 8.13003 6.24062
v 8.35105 8.13003 9.27461
v -1.50261 1.89307 14.31273
v -3.08198 2.26067 14.50843
v -1.54870 2.26067 14.75128
v -3.15962 2.69669 14.87373
v -1.58774 2.69669 15.12269
v -3.22106 3.18890 15.16276
v -1.61863 3.18890 15.41656
v -3.26456 3.72351 15.36741
v -1.64050 3.72351 15.62463
v -3.28890 4.28554 15.48195
v -1.65274 4.28554 15.74109
v -3.29341 4.85922 15.50317
v -1.65500 4.85922 15.76267
v -3.27796 5.42848 15.43047
v -1.64724 5.42848 15.68875
v -3.24298 5.97737 15.26589
v -1.62965 5.97737 15.52142
v -3.18945 6.49049 15.01405
v -1.60274 6.49049 15.26536
v -3.11887 6.95346 14.68200
v -1.56725 6.95346 14.92775
v -3.03322 7.35331 14.27905
v -1.52419 7.35331 14.51805
v -2.93490 7.67883 13.81649
v -1.47476 7.67883 14.04776
v -2.82667 7.92089 13.30730
v -1.42035 7.92089 13.53004
v -1.36247 8.07271 12.97942
v -4.04683 8.13003 11.79509
v -5.30609 8.07271 11.92273
v -5.53128 7.92089 12.42852
v -6.79995 7.92089 11.78210
v -5.74302 7.67883 12.90408
v -7.06023 7.67883 12.23293
v -5.93536 7.35331 13.33608
v -7.29667 7.35331 12.64246
v -6.10291 6.95346 13.71242
v -7.50265 6.95346 12.99922
v -6.24099 6.49049 14.02254
v -7.67238 6.49049 13.29321
v -6.34571 5.97737 14.25775
v -7.80112 5.97737 13.51618
v -6.41415 5.42848 14.41146
v -7.88525 5.42848 13.66190
v -6.44438 4.85922 14.47936
v -7.92241 4.85922 13.72626
v -6.43555 4.28554 14.45954
v -7.91156 4.28554 13.70748
v -6.38793 3.72351 14.35256
v -7.85301 3.72351 13.60607
v -6.30283 3.18890 14.16143
v -7.74840 3.18890 13.42487
v -6.18264 2.69669 13.89149
v -7.60066 2.69669 13.16898
v -6.03074 2.26067 13.55032
v -7.41393 2.26067 12.84555
v -5.85139 1.89307 13.14747
v -11.39778 8.13003 5.07687
v -11.42240 8.13003 5.01274
v -11.91962 8.07271 5.30920
v -12.40911 8.07271 4.03403
v -12.42541 7.92089 5.53440
v -12.93567 7.92089 4.20511
v -12.90097 7.67883 5.74613
v -13.43076 7.67883 4.36598
v -13.33297 7.35331 5.93847
v -13.88050 7.35331 4.51211
v -13.70931 6.95346 6.10603
v -14.27229 6.95346 4.63941
v -14.01943 6.49049 6.24410
v -14.59514 6.49049 4.74431
v -14.25464 5.97737 6.34882
v -14.84001 5.97737 4.82387
v -14.40835 5.42848 6.41726
v -15.00003 5.42848 4.87587
v -14.47625 4.85922 6.44749
v -15.07072 4.85922 4.89883
v -14.45643 4.28554 6.43866
v -15.05009 4.28554 4.89213
v -14.34945 3.72351 6.39104
v -14.93872 3.72351 4.85595
v -14.15832 3.18890 6.30594
v -14.73974 3.18890 4.79129
v -13.88838 2.69669 6.18576
v -14.45872 2.69669 4.69998
v -13.54721 2.26067 6.03385
v -14.10354 2.26067 4.58458
v -13.14436 1.89307 5.85450
v -12.40821 8.13003 1.30587
v -12.97631 8.07271 1.36558
v -13.52693 7.92089 1.42346
v -13.60145 7.92089 0.00156
v -14.04465 7.67883 1.47787
v -14.12202 7.67883 0.00156
v -14.51494 7.35331 1.52730
v -14.59490 7.35331 0.00156
v -14.92464 6.95346 1.57036
v -15.00686 6.95346 0.00156
v -15.26225 6.49049 1.60584
v -15.34632 6.49049 0.00156
v -15.51830 5.97737 1.63276
v -15.60379 5.97737 0.00156
v -15.68564 5.42848 1.65035
v -15.77205 5.42848 0.00156
v -15.75955 4.85922 1.65811
v -15.84637 4.85922 0.00156
v -15.73798 4.28554 1.65585
v -15.82468 4.28554 0.00156
v -15.62152 3.72351 1.64361
v -15.70758 3.72351 0.00156
v -15.41345 3.18890 1.62174
v -15.49836 3.18890 0.00156
v -15.11958 2.69669 1.59085
v -15.20288 2.69669 0.00156
v -14.74817 2.26067 1.55181
v -14.82941 2.26067 0.00156
v -14.30962 1.89307 1.50572
v -9.27150 8.13003 -8.34794
v -9.69600 8.07271 -8.73016
v -11.00351 7.92089 -7.99409
v -10.10745 7.92089 -9.10063
v -11.42466 7.67883 -8.30007
v -10.49430 7.67883 -9.44896
v -11.80723 7.35331 -8.57803
v -10.84573 7.35331 -9.76538
v -12.14050 6.95346 -8.82017
v -11.15187 6.95346 -10.04103
v -12.41514 6.49049 -9.01970
v -11.40414 6.49049 -10.26818
v -12.62344 5.97737 -9.17104
v -11.59548 5.97737 -10.44046
v -12.75956 5.42848 -9.26994
v -11.72052 5.42848 -10.55304
v -12.81969 4.85922 -9.31362
v -11.77575 4.85922 -10.60278
v -12.80214 4.28554 -9.30087
v -11.75963 4.28554 -10.58826
v -12.70740 3.72351 -9.23204
v -11.67261 3.72351 -10.50991
v -12.53814 3.18890 -9.10906
v -11.51713 3.18890 -10.36991
v -12.29909 2.69669 -8.93538
v -11.29754 2.69669 -10.17219
v -11.99695 2.26067 -8.71587
v -11.02000 2.26067 -9.92230
v -11.64020 1.89307 -8.45668
v -6.23751 8.13003 -10.80482
v -6.52312 8.07271 -11.29951
v -7.99409 7.92089 -11.00351
v -6.79995 7.92089 -11.77899
v -8.30007 7.67883 -11.42466
v -7.06023 7.67883 -12.22982
v -8.57803 7.35331 -11.80723
v -7.29667 7.35331 -12.63935
v -8.82017 6.95346 -12.14050
v -7.50265 6.95346 -12.99611
v -9.01970 6.49049 -12.41514
v -7.67238 6.49049 -13.29010
v -9.17104 5.97737 -12.62344
v -7.80112 5.97737 -13.51307
v -9.26994 5.42848 -12.75956
v -7.88525 5.42848 -13.65879
v -9.31362 4.85922 -12.81969
v -7.92241 4.85922 -13.72315
v -9.30087 4.28554 -12.80214
v -7.91156 4.28554 -13.70437
v -9.23204 3.72351 -12.70740
v -7.85301 3.72351 -13.60296
v -9.10906 3.18890 -12.53814
v -7.74840 3.18890 -13.42176
v -8.93538 2.69669 -12.29909
v -7.60066 2.69669 -13.16587
v -8.71587 2.26067 -11.99695
v -7.41393 2.26067 -12.84244
v -8.45668 1.89307 -11.64020
v 1.50572 1.89307 -14.30962
v 3.08509 2.26067 -14.50532
v 1.55181 2.26067 -14.74817
v 3.16273 2.69669 -14.87062
v 1.59085 2.69669 -15.11958
v 3.22417 3.18890 -15.15965
v 1.62174 3.18890 -15.41345
v 3.26767 3.72351 -15.36430
v 1.64361 3.72351 -15.62152
v 3.29201 4.28554 -15.47884
v 1.65585 4.28554 -15.73798
v 3.29652 4.85922 -15.50006
v 1.65811 4.85922 -15.75955
v 3.28107 5.42848 -15.42736
v 1.65035 5.42848 -15.68564
v 3.24609 5.97737 -15.26278
v 1.63276 5.97737 -15.51830
v 3.19256 6.49049 -15.01094
v 1.60584 6.49049 -15.26225
v 3.12198 6.95346 -14.67889
v 1.57036 6.95346 -14.92464
v 3.03633 7.35331 -14.27594
v 1.52730 7.35331 -14.51494
v 2.93801 7.67883 -13.81338
v 1.47787 7.67883 -14.04465
v 2.82978 7.92089 -13.30419
v 1.42346 7.92089 -13.52693
v 1.36558 8.07271 -12.97631
v 4.04994 8.13003 -11.79198
v 5.30920 8.07271 -11.91962
v 5.53440 7.92089 -12.42541
v 6.80306 7.92089 -11.77899
v 5.74613 7.67883 -12.90097
v 7.06334 7.67883 -12.22982
v 5.93847 7.35331 -13.33297
v 7.29979 7.35331 -12.63935
v 6.10603 6.95346 -13.70931
v 7.50576 6.95346 -12.99611
v 6.24410 6.49049 -14.01943
v 7.67550 6.49049 -13.29010
v 6.34882 5.97737 -14.25464
v 7.80423 5.97737 -13.51307
v 6.41726 5.42848 -14.40835
v 7.88836 5.42848 -13.65879
v 6.44749 4.85922 -14.47625
v 7.92552 4.85922 -13.72315
v 6.43866 4.28554 -14.45643
v 7.91467 4.28554 -13.70437
v 6.39104 3.72351 -14.34945
v 7.85612 3.72351 -13.60296
v 6.30594 3.18890 -14.15832
v 7.75151 3.18890 -13.42176
v 6.18576 2.69669 -13.88838
v 7.60377 2.69669 -13.16587
v 6.03385 2.26067 -13.54721
v 7.41704 2.26067 -12.84244
v 5.85450 1.89307 -13.14436
v 11.40089 8.13003 -5.07376
v 11.42551 8.13003 -5.00963
v 11.92273 8.07271 -5.30609
v 12.41222 8.07271 -4.03092
v 12.42852 7.92089 -5.53128
v 12.93878 7.92089 -4.20200
v 12.90408 7.67883 -5.74302
v 13.43387 7.67883 -4.36287
v 13.33608 7.35331 -5.93536
v 13.88361 7.35331 -4.50900
v 13.71242 6.95346 -6.10291
v 14.27540 6.95346 -4.63630
v 14.02254 6.49049 -6.24099
v 14.59826 6.49049 -4.74120
v 14.25775 5.97737 -6.34571
v 14.84312 5.97737 -4.82076
v 14.41146 5.42848 -6.41415
v 15.00314 5.42848 -4.87276
v 14.47936 4.85922 -6.44438
v 15.07383 4.85922 -4.89572
v 14.45954 4.28554 -6.43555
v 15.05320 4.28554 -4.88902
v 14.35256 3.72351 -6.38793
v 14.94183 3.72351 -4.85283
v 14.16143 3.18890 -6.30283
v 14.74285 3.18890 -4.78818
v 13.89149 2.69669 -6.18264
v 14.46183 2.69669 -4.69687
v 13.55032 2.26067 -6.03074
v 14.10665 2.26067 -4.58147
v 13.14747 1.89307 -5.85139
v 12.41132 8.13003 -1.30276
v 12.97942 8.07271 -1.36247
v 13.53004 7.92089 -1.42035
v 13.60456 7.92089 0.00156
v 14.04776 7.67883 -1.47476
v 14.12513 7.67883 0.00156
v 14.51805 7.35331 -1.52419
v 14.59802 7.35331 0.00156
v 14.92775 6.95346 -1.56725
v 15.00997 6.95346 0.00156
v 15.26536 6.49049 -1.60274
v 15.34943 6.49049 0.00156
v 15.52142 5.97737 -1.62965
v 15.60690 5.97737 0.00156
v 15.68875 5.42848 -1.64724
v 15.77516 5.42848 0.00156
v 15.76267 4.85922 -1.65500
v 15.84948 4.85922 0.00156
v 15.74109 4.28554 -1.65274
v 15.82779 4.28554 0.00156
v 15.62463 3.72351 -1.64050
v 15.71069 3.72351 0.00156
v 15.41656 3.18890 -1.61863
v 15.50147 3.18890 0.00156
v 15.12269 2.69669 -1.58774
v 15.20599 2.69669 0.00156
v 14.75128 2.26067 -1.54870
v 14.83253 2.26067 0.00156
v 14.31273 1.89307 -1.50261
v 9.27461 8.13003 8.35105
v 9.69911 8.07271 8.73327
v 11.00662 7.92089 7.99720
v 10.11056 7.92089 9.10374
v 11.42777 7.67883 8.30318
v 10.49742 7.67883 9.45207
v 11.81034 7.35331 8.58114
v 10.84884 7.35331 9.76849
v 12.14361 6.95346 8.82328
v 11.15498 6.95346 10.04414
v 12.41825 6.49049 9.02281
v 11.40725 6.49049 10.27129
v 12.62655 5.97737 9.17415
v 11.59859 5.97737 10.44357
v 12.76267 5.42848 9.27305
v 11.72363 5.42848 10.55616
v 12.82280 4.85922 9.31673
v 11.77886 4.85922 10.60589
v 12.80525 4.28554 9.30398
v 11.76274 4.28554 10.59137
v 12.71051 3.72351 9.23515
v 11.67572 3.72351 10.51302
v 12.54125 3.18890 9.11218
v 11.52024 3.18890 10.37302
v 12.30220 2.69669 8.93850
v 11.30065 2.69669 10.17530
v 12.00006 2.26067 8.71898
v 11.02311 2.26067 9.92541
v 11.64331 1.89307 8.45979
v 6.24062 8.13003 10.80793
v 6.52623 8.07271 11.30262
v 7.99720 7.92089 11.00662
v 6.80306 7.92089 11.78210
v 8.30318 7.67883 11.42777
v 7.06334 7.67883 12.23293
v 8.58114 7.35331 11.81034
v 7.29979 7.35331 12.64246
v 8.82328 6.95346 12.14361
v 7.50576 6.95346 12.99922
v 9.02281 6.49049 12.41825
v 7.67550 6.49049 13.29321
v 9.17415 5.97737 12.62655
v 7.80423 5.97737 13.51618
v 9.27305 5.42848 12.76267
v 7.88836 5.42848 13.66190
v 9.31673 4.85922 12.82280
v 7.92552 4.85922 13.72626
v 9.30398 4.28554 12.80525
v 7.91467 4.28554 13.70748
v 9.23515 3.72351 12.71051
v 7.85612 3.72351 13.60607
v 9.11218 3.18890 12.54125
v 7.75151 3.18890 13.42487
v 8.93850 2.69669 12.30220
v 7.60377 2.69669 13.16898
v 8.71898 2.26067 12.00006
v 7.41704 2.26067 12.84555
v 8.45979 1.89307 11.64331
v 0.00156 8.13003 12.47968
v 0.00156 8.07271 13.05091
v 0.00156 7.92089 13.60456
v 0.00156 7.67883 14.12513
v 0.00156 7.35331 14.59802
v 0.00156 6.95346 15.00997
v 0.00156 6.49049 15.34943
v 0.00156 5.97737 15.60690
v 0.00156 5.42848 15.77516
v 0.00156 4.85922 15.84948
v 0.00156 4.28554 15.82779
v 0.00156 3.72351 15.71069
v 0.00156 3.18890 15.50147
v 0.00156 2.69669 15.20599
v 0.00156 2.26067 14.83253
v 0.00156 1.89307 14.39156
v -4.44520 1.89307 13.68726
v -4.58147 2.26067 14.10665
v -4.69687 2.69669 14.46183
v -4.78818 3.18890 14.74285
v -4.85283 3.72351 14.94183
v -4.88902 4.28554 15.05320
v -4.89572 4.85922 15.07383
v -4.87276 5.42848 15.00314
v -4.82076 5.97737 14.84312
v -4.74120 6.49049 14.59826
v -4.63630 6.95346 14.27540
v -4.50900 7.35331 13.88361
v -4.36287 7.67883 13.43387
v -4.20200 7.92089 12.93878
v -4.03092 8.07271 12.41222
v -3.85440 8.13003 11.86896
v -8.45668 1.89307 11.64331
v -8.71587 2.26067 12.00006
v -8.93538 2.69669 12.30220
v -9.10906 3.18890 12.54125
v -9.23204 3.72351 12.71051
v -9.30087 4.28554 12.80525
v -9.31362 4.85922 12.82280
v -9.26994 5.42848 12.76267
v -9.17104 5.97737 12.62655
v -9.01970 6.49049 12.41825
v -8.82017 6.95346 12.14361
v -8.57803 7.35331 11.81034
v -8.30007 7.67883 11.42777
v -7.99409 7.92089 11.00662
v -7.66866 8.07271 10.55870
v -7.33290 8.13003 10.09657
v -9.10063 7.92089 10.11056
v -9.44896 7.67883 10.49742
v -9.76538 7.35331 10.84884
v -10.04103 6.95346 11.15498
v -10.26818 6.49049 11.40725
v -10.44046 5.97737 11.59859
v -10.55304 5.42848 11.72363
v -10.60278 4.85922 11.77886
v -10.58826 4.28554 11.76274
v -10.50991 3.72351 11.67572
v -10.36991 3.18890 11.52024
v -10.17219 2.69669 11.30065
v -9.92230 2.26067 11.02311
v -11.02000 2.26067 9.92541
v -11.29754 2.69669 10.17530
v -11.51713 3.18890 10.37302
v -11.67261 3.72351 10.51302
v -11.75963 4.28554 10.59137
v -11.77575 4.85922 10.60589
v -11.72052 5.42848 10.55616
v -11.59548 5.97737 10.44357
v -11.40414 6.49049 10.27129
v -11.15187 6.95346 10.04414
v -10.84573 7.35331 9.76849
v -10.49430 7.67883 9.45207
v -10.10745 7.92089 9.10374
v -11.64020 1.89307 8.45979
v -11.99695 2.26067 8.71898
v -12.29909 2.69669 8.93850
v -12.53814 3.18890 9.11218
v -12.70740 3.72351 9.23515
v -12.80214 4.28554 9.30398
v -12.81969 4.85922 9.31673
v -12.75956 5.42848 9.27305
v -12.62344 5.97737 9.17415
v -12.41514 6.49049 9.02281
v -12.14050 6.95346 8.82328
v -11.80723 7.35331 8.58114
v -11.42466 7.67883 8.30318
v -11.00351 7.92089 7.99720
v -10.55559 8.07271 7.67177
v -10.09346 8.13003 7.33601
v -11.77899 7.92089 6.80306
v -12.22982 7.67883 7.06334
v -12.63935 7.35331 7.29979
v -12.99611 6.95346 7.50576
v -13.29010 6.49049 7.67550
v -13.51307 5.97737 7.80423
v -13.65879 5.42848 7.88836
v -13.72315 4.85922 7.92552
v -13.70437 4.28554 7.91467
v -13.60296 3.72351 7.85612
v -13.42176 3.18890 7.75151
v -13.16587 2.69669 7.60377
v -12.84244 2.26067 7.41704
v -12.46055 1.89307 7.19656
v -14.07399 1.89307 2.99340
v -14.50532 2.26067 3.08509
v -14.87062 2.69669 3.16273
v -15.15965 3.18890 3.22417
v -15.36430 3.72351 3.26767
v -15.47884 4.28554 3.29201
v -15.50006 4.85922 3.29652
v -15.42736 5.42848 3.28107
v -15.26278 5.97737 3.24609
v -15.01094 6.49049 3.19256
v -14.67889 6.95346 3.12198
v -14.27594 7.35331 3.03633
v -13.81338 7.67883 2.93801
v -13.30419 7.92089 2.82978
v -14.30962 1.89307 -1.50261
v -14.74817 2.26067 -1.54870
v -15.11958 2.69669 -1.58774
v -15.41345 3.18890 -1.61863
v -15.62152 3.72351 -1.64050
v -15.73798 4.28554 -1.65274
v -15.75955 4.85922 -1.65500
v -15.68564 5.42848 -1.64724
v -15.51830 5.97737 -1.62965
v -15.26225 6.49049 -1.60274
v -14.92464 6.95346 -1.56725
v -14.51494 7.35331 -1.52419
v -14.04465 7.67883 -1.47476
v -13.52693 7.92089 -1.42035
v -12.20389 8.13003 -2.59279
v -12.76263 8.07271 -2.71156
v -13.30419 7.92089 -2.82667
v -13.81338 7.67883 -2.93490
v -14.27594 7.35331 -3.03322
v -14.67889 6.95346 -3.11887
v -15.01094 6.49049 -3.18945
v -15.26278 5.97737 -3.24298
v -15.42736 5.42848 -3.27796
v -15.50006 4.85922 -3.29341
v -15.47884 4.28554 -3.28890
v -15.36430 3.72351 -3.26456
v -15.15965 3.18890 -3.22106
v -14.87062 2.69669 -3.15962
v -14.50532 2.26067 -3.08198
v -14.10354 2.26067 -4.58147
v -14.45872 2.69669 -4.69687
v -14.73974 3.18890 -4.78818
v -14.93872 3.72351 -4.85283
v -15.05009 4.28554 -4.88902
v -15.07072 4.85922 -4.89572
v -15.00003 5.42848 -4.87276
v -14.84001 5.97737 -4.82076
v -14.59514 6.49049 -4.74120
v -14.27229 6.95346 -4.63630
v -13.88050 7.35331 -4.50900
v -13.43076 7.67883 -4.36287
v -12.93567 7.92089 -4.20200
v -13.14436 1.89307 -5.85139
v -13.54721 2.26067 -6.03074
v -13.88838 2.69669 -6.18264
v -14.15832 3.18890 -6.30283
v -14.34945 3.72351 -6.38793
v -14.45643 4.28554 -6.43555
v -14.47625 4.85922 -6.44438
v -14.40835 5.42848 -6.41415
v -14.25464 5.97737 -6.34571
v -14.01943 6.49049 -6.24099
v -13.70931 6.95346 -6.10291
v -13.33297 7.35331 -5.93536
v -12.90097 7.67883 -5.74302
v -12.42541 7.92089 -5.53128
v -11.91962 8.07271 -5.30609
v -11.42240 8.13003 -5.00963
v -11.29951 8.07271 -6.52312
v -11.77899 7.92089 -6.79995
v -12.22982 7.67883 -7.06023
v -12.63935 7.35331 -7.29667
v -12.99611 6.95346 -7.50265
v -13.29010 6.49049 -7.67238
v -13.51307 5.97737 -7.80112
v -13.65879 5.42848 -7.88525
v -13.72315 4.85922 -7.92241
v -13.70437 4.28554 -7.91156
v -13.60296 3.72351 -7.85301
v -13.42176 3.18890 -7.74840
v -13.16587 2.69669 -7.60066
v -12.84244 2.26067 -7.41393
v -12.46055 1.89307 -7.19344
v -11.39778 8.13003 -5.07376
v -9.62724 1.89307 -10.69230
v -9.92230 2.26067 -11.02000
v -10.17219 2.69669 -11.29754
v -10.36991 3.18890 -11.51713
v -10.50991 3.72351 -11.67261
v -10.58826 4.28554 -11.75963
v -10.60278 4.85922 -11.77575
v -10.55304 5.42848 -11.72052
v -10.44046 5.97737 -11.59548
v -10.26818 6.49049 -11.40414
v -10.04103 6.95346 -11.15187
v -9.76538 7.35331 -10.84573
v -9.44896 7.67883 -10.49430
v -9.10063 7.92089 -10.10745
v -8.73016 8.07271 -9.69600
v -9.17435 8.13003 -8.44509
v -5.85139 1.89307 -13.14436
v -6.03074 2.26067 -13.54721
v -6.18264 2.69669 -13.88838
v -6.30283 3.18890 -14.15832
v -6.38793 3.72351 -14.34945
v -6.43555 4.28554 -14.45643
v -6.44438 4.85922 -14.47625
v -6.41415 5.42848 -14.40835
v -6.34571 5.97737 -14.25464
v -6.24099 6.49049 -14.01943
v -6.10291 6.95346 -13.70931
v -5.93536 7.35331 -13.33297
v -5.74302 7.67883 -12.90097
v -5.53128 7.92089 -12.42541
v -4.20200 7.92089 -12.93567
v -4.36287 7.67883 -13.43076
v -4.50900 7.35331 -13.88050
v -4.63630 6.95346 -14.27229
v -4.74120 6.49049 -14.59514
v -4.82076 5.97737 -14.84001
v -4.87276 5.42848 -15.00003
v -4.89572 4.85922 -15.07072
v -4.88902 4.28554 -15.05009
v -4.85283 3.72351 -14.93872
v -4.78818 3.18890 -14.73974
v -4.69687 2.69669 -14.45872
v -4.58147 2.26067 -14.10354
v -3.08198 2.26067 -14.50532
v -3.15962 2.69669 -14.87062
v -3.22106 3.18890 -15.15965
v -3.26456 3.72351 -15.36430
v -3.28890 4.28554 -15.47884
v -3.29341 4.85922 -15.50006
v -3.27796 5.42848 -15.42736
v -3.24298 5.97737 -15.26278
v -3.18945 6.49049 -15.01094
v -3.11887 6.95346 -14.67889
v -3.03322 7.35331 -14.27594
v -2.93490 7.67883 -13.81338
v -2.82667 7.92089 -13.30419
v -2.71156 8.07271 -12.76263
v -2.59279 8.13003 -12.20389
v -1.50261 1.89307 -14.30962
v -1.54870 2.26067 -14.74817
v -1.58774 2.69669 -15.11958
v -1.61863 3.18890 -15.41345
v -1.64050 3.72351 -15.62152
v -1.65274 4.28554 -15.73798
v -1.65500 4.85922 -15.75955
v -1.64724 5.42848 -15.68564
v -1.62965 5.97737 -15.51830
v -1.60274 6.49049 -15.26225
v -1.56725 6.95346 -14.92464
v -1.52419 7.35331 -14.51494
v -1.47476 7.67883 -14.04465
v -1.42035 7.92089 -13.52693
v 0.00156 8.13003 -12.47657
v 0.00156 8.07271 -13.04779
v 0.00156 7.92089 -13.60145
v 0.00156 7.67883 -14.12202
v 0.00156 7.35331 -14.59490
v 0.00156 6.95346 -15.00686
v 0.00156 6.49049 -15.34632
v 0.00156 5.97737 -15.60379
v 0.00156 5.42848 -15.77205
v 0.00156 4.85922 -15.84637
v 0.00156 4.28554 -15.82468
v 0.00156 3.72351 -15.70758
v 0.00156 3.18890 -15.49836
v 0.00156 2.69669 -15.20288
v 0.00156 2.26067 -14.82941
v 0.00156 1.89307 -14.38845
v 4.44831 1.89307 -13.68415
v 4.58458 2.26067 -14.10354
v 4.69998 2.69669 -14.45872
v 4.79129 3.18890 -14.73974
v 4.85595 3.72351 -14.93872
v 4.89213 4.28554 -15.05009
v 4.89883 4.85922 -15.07072
v 4.87587 5.42848 -15.00003
v 4.82387 5.97737 -14.84001
v 4.74431 6.49049 -14.59514
v 4.63941 6.95346 -14.27229
v 4.51211 7.35331 -13.88050
v 4.36598 7.67883 -13.43076
v 4.20511 7.92089 -12.93567
v 4.03403 8.07271 -12.40911
v 3.85751 8.13003 -11.86585
v 8.45979 1.89307 -11.64020
v 8.71898 2.26067 -11.99695
v 8.93850 2.69669 -12.29909
v 9.11218 3.18890 -12.53814
v 9.23515 3.72351 -12.70740
v 9.30398 4.28554 -12.80214
v 9.31673 4.85922 -12.81969
v 9.27305 5.42848 -12.75956
v 9.17415 5.97737 -12.62344
v 9.02281 6.49049 -12.41514
v 8.82328 6.95346 -12.14050
v 8.58114 7.35331 -11.80723
v 8.30318 7.67883 -11.42466
v 7.99720 7.92089 -11.00351
v 7.67177 8.07271 -10.55559
v 7.33601 8.13003 -10.09346
v 9.10374 7.92089 -10.10745
v 9.45207 7.67883 -10.49430
v 9.76849 7.35331 -10.84573
v 10.04414 6.95346 -11.15187
v 10.27129 6.49049 -11.40414
v 10.44357 5.97737 -11.59548
v 10.55616 5.42848 -11.72052
v 10.60589 4.85922 -11.77575
v 10.59137 4.28554 -11.75963
v 10.51302 3.72351 -11.67261
v 10.37302 3.18890 -11.51713
v 10.17530 2.69669 -11.29754
v 9.92541 2.26067 -11.02000
v 11.02311 2.26067 -9.92230
v 11.30065 2.69669 -10.17219
v 11.52024 3.18890 -10.36991
v 11.67572 3.72351 -10.50991
v 11.76274 4.28554 -10.58826
v 11.77886 4.85922 -10.60278
v 11.72363 5.42848 -10.55304
v 11.59859 5.97737 -10.44046
v 11.40725 6.49049 -10.26818
v 11.15498 6.95346 -10.04103
v 10.84884 7.35331 -9.76538
v 10.49742 7.67883 -9.44896
v 10.11056 7.92089 -9.10063
v 11.64331 1.89307 -8.45668
v 12.00006 2.26067 -8.71587
v 12.30220 2.69669 -8.93538
v 12.54125 3.18890 -9.10906
v 12.71051 3.72351 -9.23204
v 12.80525 4.28554 -9.30087
v 12.82280 4.85922 -9.31362
v 12.76267 5.42848 -9.26994
v 12.62655 5.97737 -9.17104
v 12.41825 6.49049 -9.01970
v 12.14361 6.95346 -8.82017
v 11.81034 7.35331 -8.57803
v 11.42777 7.67883 -8.30007
v 11.00662 7.92089 -7.99409
v 10.55870 8.07271 -7.66866
v 10.09657 8.13003 -7.33290
v 11.78210 7.92089 -6.79995
v 12.23293 7.67883 -7.06023
v 12.64246 7.35331 -7.29667
v 12.99922 6.95346 -7.50265
v 13.29321 6.49049 -7.67238
v 13.51618 5.97737 -7.80112
v 13.66190 5.42848 -7.88525
v 13.72626 4.85922 -7.92241
v 13.70748 4.28554 -7.91156
v 13.60607 3.72351 -7.85301
v 13.42487 3.18890 -7.74840
v 13.16898 2.69669 -7.60066
v 12.84555 2.26067 -7.41393
v 12.46366 1.89307 -7.19344
v 14.07710 1.89307 -2.99029
v 14.50843 2.26067 -3.08198
v 14.87373 2.69669 -3.15962
v 15.16276 3.18890 -3.22106
v 15.36741 3.72351 -3.26456
v 15.48195 4.28554 -3.28890
v 15.50317 4.85922 -3.29341
v 15.43047 5.42848 -3.27796
v 15.26589 5.97737 -3.24298
v 15.01405 6.49049 -3.18945
v 14.68200 6.95346 -3.11887
v 14.27905 7.35331 -3.03322
v 13.81649 7.67883 -2.93490
v 13.30730 7.92089 -2.82667
v 14.31273 1.89307 1.50572
v 14.75128 2.26067 1.55181
v 15.12269 2.69669 1.59085
v 15.41656 3.18890 1.62174
v 15.62463 3.72351 1.64361
v 15.74109 4.28554 1.65585
v 15.76267 4.85922 1.65811
v 15.68875 5.42848 1.65035
v 15.52142 5.97737 1.63276
v 15.26536 6.49049 1.60584
v 14.92775 6.95346 1.57036
v 14.51805 7.35331 1.52730
v 14.04776 7.67883 1.47787
v 13.53004 7.92089 1.42346
v 12.20700 8.13003 2.59590
v 12.76575 8.07271 2.71467
v 13.30730 7.92089 2.82978
v 13.81649 7.67883 2.93801
v 14.27905 7.35331 3.03633
v 14.68200 6.95346 3.12198
v 15.01405 6.49049 3.19256
v 15.26589 5.97737 3.24609
v 15.43047 5.42848 3.28107
v 15.50317 4.85922 3.29652
v 15.48195 4.28554 3.29201
v 15.36741 3.72351 3.26767
v 15.16276 3.18890 3.22417
v 14.87373 2.69669 3.16273
v 14.50843 2.26067 3.08509
v 14.10665 2.26067 4.58458
v 14.46183 2.69669 4.69998
v 14.74285 3.18890 4.79129
v 14.94183 3.72351 4.85595
v 15.05320 4.28554 4.89213
v 15.07383 4.85922 4.89883
v 15.00314 5.42848 4.87587
v 14.84312 5.97737 4.82387
v 14.59826 6.49049 4.74431
v 14.27540 6.95346 4.63941
v 13.88361 7.35331 4.51211
v 13.43387 7.67883 4.36598
v 12.93878 7.92089 4.20511
v 13.14747 1.89307 5.85450
v 13.55032 2.26067 6.03385
v 13.89149 2.69669 6.18576
v 14.16143 3.18890 6.30594
v 14.35256 3.72351 6.39104
v 14.45954 4.28554 6.43866
v 14.47936 4.85922 6.44749
v 14.41146 5.42848 6.41726
v 14.25775 5.97737 6.34882
v 14.02254 6.49049 6.24410
v 13.71242 6.95346 6.10603
v 13.33608 7.35331 5.93847
v 12.90408 7.67883 5.74613
v 12.42852 7.92089 5.53440
v 11.92273 8.07271 5.30920
v 11.42551 8.13003 5.01274
v 11.30262 8.07271 6.52623
v 11.78210 7.92089 6.80306
v 12.23293 7.67883 7.06334
v 12.64246 7.35331 7.29979
v 12.99922 6.95346 7.50576
v 13.29321 6.49049 7.67550
v 13.51618 5.97737 7.80423
v 13.66190 5.42848 7.88836
v 13.72626 4.85922 7.92552
v 13.70748 4.28554 7.91467
v 13.60607 3.72351 7.85612
v 13.42487 3.18890 7.75151
v 13.16898 2.69669 7.60377
v 12.84555 2.26067 7.41704
v 12.46366 1.89307 7.19656
v 11.40089 8.13003 5.07687
v 9.63035 1.89307 10.69541
v 9.92541 2.26067 11.02311
v 10.17530 2.69669 11.30065
v 10.37302 3.18890 11.52024
v 10.51302 3.72351 11.67572
v 10.59137 4.28554 11.76274
v 10.60589 4.85922 11.77886
v 10.55616 5.42848 11.72363
v 10.44357 5.97737 11.59859
v 10.27129 6.49049 11.40725
v 10.04414 6.95346 11.15498
v 9.76849 7.35331 10.84884
v 9.45207 7.67883 10.49742
v 9.10374 7.92089 10.11056
v 8.73327 8.07271 9.69911
v 9.17746 8.13003 8.44820
v 5.85450 1.89307 13.14747
v 6.03385 2.26067 13.55032
v 6.18576 2.69669 13.89149
v 6.30594 3.18890 14.16143
v 6.39104 3.72351 14.35256
v 6.43866 4.28554 14.45954
v 6.44749 4.85922 14.47936
v 6.41726 5.42848 14.41146
v 6.34882 5.97737 14.25775
v 6.24410 6.49049 14.02254
v 6.10603 6.95346 13.71242
v 5.93847 7.35331 13.33608
v 5.74613 7.67883 12.90408
v 5.53440 7.92089 12.42852
v 4.20511 7.92089 12.93878
v 4.36598 7.67883 13.43387
v 4.51211 7.35331 13.88361
v 4.63941 6.95346 14.27540
v 4.74431 6.49049 14.59826
v 4.82387 5.97737 14.84312
v 4.87587 5.42848 15.00314
v 4.89883 4.85922 15.07383
v 4.89213 4.28554 15.05320
v 4.85595 3.72351 14.94183
v 4.79129 3.18890 14.74285
v 4.69998 2.69669 14.46183
v 4.58458 2.26067 14.10665
v 3.08509 2.26067 14.50843
v 3.16273 2.69669 14.87373
v 3.22417 3.18890 15.16276
v 3.26767 3.72351 15.36741
v 3.29201 4.28554 15.48195
v 3.29652 4.85922 15.50317
v 3.28107 5.42848 15.43047
v 3.24609 5.97737 15.26589
v 3.19256 6.49049 15.01405
v 3.12198 6.95346 14.68200
v 3.03633 7.35331 14.27905
v 2.93801 7.67883 13.81649
v 2.82978 7.92089 13.30730
v 2.71467 8.07271 12.76575
v 2.59590 8.13003 12.20700
v 1.50572 1.89307 14.31273
v 1.55181 2.26067 14.75128
v 1.59085 2.69669 15.12269
v 1.62174 3.18890 15.41656
v 1.64361 3.72351 15.62463
v 1.65585 4.28554 15.74109
v 1.65811 4.85922 15.76267
v 1.65035 5.42848 15.68875
v 1.63276 5.97737 15.52142
v 1.60584 6.49049 15.26536
v 1.57036 6.95346 14.92775
v 1.52730 7.35331 14.51805
v 1.47787 7.67883 14.04776
v 1.42346 7.92089 13.53004
v -11.41691 8.19353 5.01059
v -11.86585 8.19353 3.85751
v -12.07555 8.19353 3.05971
v -12.22804 8.19353 2.47959
v -12.43080 8.19353 1.06937
v -12.43187 8.19353 1.03193
v -12.47148 8.19353 -0.35477
v -12.41373 8.19353 -1.02714
v -12.34956 8.19353 -1.77427
v -12.08894 8.19353 -3.06047
v -12.06662 8.19353 -3.17061
v -11.62636 8.19353 -4.52560
v -11.40835 8.19353 -5.00298
v -11.03451 8.19353 -5.82158
v -10.43424 8.19353 -6.81702
v -10.29879 8.19353 -7.04164
v -9.42878 8.19353 -8.16988
v -9.16758 8.19353 -8.43865
v -8.43584 8.19353 -9.19159
v -7.65207 8.19353 -9.83248
v -7.33290 8.19353 -10.09346
v -6.13435 8.19353 -10.86372
v -5.93260 8.19353 -10.96292
v -4.85581 8.19353 -11.49234
v -4.04355 8.19353 -11.78215
v -3.51394 8.19353 -11.97112
v -2.12624 8.19353 -12.29381
v -2.05181 8.19353 -12.30235
v -0.71081 8.19353 -12.45622
v 0.00156 8.19353 -12.45622
v 0.71392 8.19353 -12.45622
v 2.05492 8.19353 -12.30235
v 2.12935 8.19353 -12.29381
v 3.51705 8.19353 -11.97112
v 4.04666 8.19353 -11.78215
v 4.85892 8.19353 -11.49234
v 5.93571 8.19353 -10.96292
v 12.23115 8.19353 2.47959
v 12.43391 8.19353 1.06937
v 12.43498 8.19353 1.03193
v 12.47459 8.19353 -0.35477
v 12.41684 8.19353 -1.02714
v 12.35267 8.19353 -1.77427
v 12.09205 8.19353 -3.06047
v 12.06973 8.19353 -3.17061
v 11.62947 8.19353 -4.52560
v 11.41146 8.19353 -5.00298
v 11.03762 8.19353 -5.82158
v 10.43735 8.19353 -6.81702
v 10.30190 8.19353 -7.04164
v 9.43189 8.19353 -8.16988
v 9.17069 8.19353 -8.43865
v 8.43895 8.19353 -9.19159
v 7.65518 8.19353 -9.83248
v 7.33601 8.19353 -10.09346
v 6.13746 8.19353 -10.86372
v 2.05196 8.19353 12.28967
v 2.82781 8.19353 12.15540
v 4.05104 8.19353 11.79623
v 4.19482 8.19353 11.75401
v 5.50717 8.19353 11.19941
v 5.93148 8.19353 10.95979
v 6.74774 8.19353 10.49882
v 7.65783 8.19353 9.83760
v 7.90036 8.19353 9.66139
v 8.95002 8.19353 8.69803
v 9.17089 8.19353 8.44313
v 9.88301 8.19353 7.62130
v 10.43331 8.19353 6.81652
v 10.68719 8.19353 6.44523
v 11.35206 8.19353 5.18516
v 11.42002 8.19353 5.01059
v 11.86896 8.19353 3.85751
v 12.07866 8.19353 3.05971
v -11.34895 8.19353 5.18516
v -10.68408 8.19353 6.44523
v -10.43020 8.19353 6.81652
v -9.87990 8.19353 7.62130
v -9.16778 8.19353 8.44313
v -8.94690 8.19353 8.69803
v -7.89725 8.19353 9.66139
v -7.65472 8.19353 9.83760
v -6.74463 8.19353 10.49882
v -5.92837 8.19353 10.95979
v -5.50406 8.19353 11.19941
v -4.19171 8.19353 11.75401
v -4.04793 8.19353 11.79623
v -2.82470 8.19353 12.15540
v -2.04884 8.19353 12.28967
v -1.42084 8.19353 12.39835
v 0.00156 8.19353 12.47968
v 1.42395 8.19353 12.39835
v 2.85478 8.19958 12.27136
v 6.81211 8.19958 10.59898
v 9.97730 8.19958 7.69400
v 10.78914 8.19958 6.50671
v 11.98219 8.19958 3.89430
v 12.34784 8.19958 2.50324
v 12.59361 8.19958 -0.35817
v 12.47052 8.19958 -1.79121
v 11.14292 8.19958 -5.87714
v 8.51946 8.19958 -9.27931
v 7.40600 8.19958 -10.18978
v 4.90526 8.19958 -11.60201
v 3.55059 8.19958 -12.08536
v 0.72071 8.19958 -12.57509
v -0.71760 8.19958 -12.57509
v -4.90215 8.19958 -11.60201
v -8.51635 8.19958 -9.27931
v -9.51876 8.19958 -8.24785
v -11.13981 8.19958 -5.87714
v -11.73731 8.19958 -4.56880
v -12.46741 8.19958 -1.79121
v -12.59049 8.19958 -0.35817
v -12.54942 8.19958 1.07956
v -11.97908 8.19958 3.89430
v -9.97419 8.19958 7.69400
v -6.80900 8.19958 10.59898
v -5.55659 8.19958 11.30625
v -2.85167 8.19958 12.27136
v -1.43442 8.19958 12.51663
v -8.96371 9.62190 8.71436
v -9.89846 9.62190 7.63561
v -9.04891 9.61195 8.79716
v -9.99254 9.61195 7.70815
v -9.13173 9.58239 8.87765
v -10.08399 9.58239 7.77868
v -9.20987 9.53403 8.95359
v -10.17028 9.53403 7.84522
v -9.28116 9.46822 9.02287
v -10.24901 9.46822 7.90592
v -9.34361 9.38680 9.08356
v -10.31796 9.38680 7.95909
v -9.39547 9.29203 9.13397
v -10.37524 9.29203 8.00326
v -9.43532 9.18656 9.17269
v -10.41924 9.18656 8.03719
v -9.46203 9.07331 9.19865
v -10.44873 9.07331 8.05993
v -9.47486 8.95544 9.21112
v -10.46290 8.95544 8.07086
v -9.47346 8.83625 9.20975
v -10.46135 8.83625 8.06966
v -9.45786 8.71903 9.19460
v -10.44413 8.71903 8.05638
v -9.42850 8.60707 9.16606
v -10.41171 8.60707 8.03138
v -9.38620 8.50347 9.12495
v -10.36499 8.50347 7.99536
v -9.33213 8.41113 9.07240
v -10.30529 8.41113 7.94932
v -9.26780 8.33261 9.00989
v -10.23425 8.33261 7.89454
v -9.19500 8.27010 8.93914
v -10.15386 8.27010 7.83255
v -9.11576 8.22534 8.86213
v -10.06636 8.22534 7.76508
v -9.03229 8.19958 8.78101
v -11.37027 9.62190 5.19489
v -11.88814 9.62190 3.86475
v -11.47833 9.61195 5.24424
v -12.00112 9.61195 3.90146
v -11.58338 9.58239 5.29222
v -12.11096 9.58239 3.93715
v -11.68250 9.53403 5.33748
v -12.21459 9.53403 3.97082
v -11.77293 9.46822 5.37878
v -12.30913 9.46822 4.00154
v -11.85213 9.38680 5.41495
v -12.39195 9.38680 4.02845
v -11.91793 9.29203 5.44500
v -12.46074 9.29203 4.05080
v -11.96846 9.18656 5.46808
v -12.51358 9.18656 4.06797
v -12.00234 9.07331 5.48355
v -12.54900 9.07331 4.07948
v -12.01862 8.95544 5.49099
v -12.56602 8.95544 4.08501
v -12.01684 8.83625 5.49017
v -12.56416 8.83625 4.08440
v -11.99706 8.71903 5.48114
v -12.54347 8.71903 4.07768
v -11.95982 8.60707 5.46413
v -12.50453 8.60707 4.06503
v -11.90616 8.50347 5.43963
v -12.44843 8.50347 4.04680
v -11.83757 8.41113 5.40830
v -12.37673 8.41113 4.02350
v -11.75598 8.33261 5.37104
v -12.29141 8.33261 3.99578
v -11.66364 8.27010 5.32887
v -12.19487 8.27010 3.96441
v -11.56313 8.22534 5.28297
v -12.08978 8.22534 3.93027
v -11.45725 8.19958 5.23462
v -6.14587 9.62190 -10.88413
v -4.86493 9.62190 -11.51393
v -6.20429 9.61195 -10.98758
v -4.91117 9.61195 -11.62336
v -6.26108 9.58239 -11.08814
v -4.95613 9.58239 -11.72974
v -6.31466 9.53403 -11.18302
v -4.99855 9.53403 -11.83011
v -6.36355 9.46822 -11.26958
v -5.03724 9.46822 -11.92168
v -6.40637 9.38680 -11.34540
v -5.07114 9.38680 -12.00189
v -6.44193 9.29203 -11.40838
v -5.09930 9.29203 -12.06851
v -6.46925 9.18656 -11.45676
v -5.12092 9.18656 -12.11969
v -6.48757 9.07331 -11.48919
v -5.13542 9.07331 -12.15399
v -6.49637 8.95544 -11.50477
v -5.14239 8.95544 -12.17047
v -6.49540 8.83625 -11.50307
v -5.14163 8.83625 -12.16867
v -6.48471 8.71903 -11.48413
v -5.13316 8.71903 -12.14864
v -6.46458 8.60707 -11.44848
v -5.11722 8.60707 -12.11093
v -6.43557 8.50347 -11.39711
v -5.09426 8.50347 -12.05659
v -6.39849 8.41113 -11.33146
v -5.06491 8.41113 -11.98714
v -6.35438 8.33261 -11.25335
v -5.02999 8.33261 -11.90451
v -6.30447 8.27010 -11.16496
v -4.99048 8.27010 -11.81101
v -6.25013 8.22534 -11.06875
v -4.94746 8.22534 -11.70923
v -6.19290 8.19958 -10.96740
v -2.13024 9.62190 -12.31691
v -0.71214 9.62190 -12.47962
v -2.15050 9.61195 -12.43397
v -0.71893 9.61195 -12.59822
v -2.17019 9.58239 -12.54777
v -0.72552 9.58239 -12.71353
v -2.18877 9.53403 -12.65514
v -0.73174 9.53403 -12.82231
v -2.20572 9.46822 -12.75309
v -0.73741 9.46822 -12.92156
v -2.22057 9.38680 -12.83889
v -0.74239 9.38680 -13.00850
v -2.23290 9.29203 -12.91016
v -0.74651 9.29203 -13.08070
v -2.24238 9.18656 -12.96490
v -0.74969 9.18656 -13.13617
v -2.24873 9.07331 -13.00160
v -0.75181 9.07331 -13.17336
v -2.25178 8.95544 -13.01923
v -0.75283 8.95544 -13.19122
v -2.25145 8.83625 -13.01731
v -0.75272 8.83625 -13.18927
v -2.24774 8.71903 -12.99587
v -0.75148 8.71903 -13.16755
v -2.24076 8.60707 -12.95553
v -0.74914 8.60707 -13.12668
v -2.23070 8.50347 -12.89741
v -0.74578 8.50347 -13.06779
v -2.21784 8.41113 -12.82311
v -0.74147 8.41113 -12.99251
v -2.20254 8.33261 -12.73473
v -0.73635 8.33261 -12.90296
v -2.18523 8.27010 -12.63470
v -0.73056 8.27010 -12.80161
v -2.16639 8.22534 -12.52582
v -0.72425 8.22534 -12.69130
v -2.14654 8.19958 -12.41113
v 10.32124 9.62190 -7.05487
v 11.05835 9.62190 -5.83252
v 10.41931 9.61195 -7.12192
v 11.16342 9.61195 -5.88796
v 10.51464 9.58239 -7.18711
v 11.26556 9.58239 -5.94185
v 10.60459 9.53403 -7.24861
v 11.36194 9.53403 -5.99270
v 10.68665 9.46822 -7.30472
v 11.44985 9.46822 -6.03909
v 10.75853 9.38680 -7.35388
v 11.52687 9.38680 -6.07973
v 10.81823 9.29203 -7.39470
v 11.59084 9.29203 -6.11348
v 10.86410 9.18656 -7.42606
v 11.63998 9.18656 -6.13941
v 10.89484 9.07331 -7.44708
v 11.67292 9.07331 -6.15679
v 10.90961 8.95544 -7.45718
v 11.68874 8.95544 -6.16514
v 10.90800 8.83625 -7.45608
v 11.68701 8.83625 -6.16423
v 10.89004 8.71903 -7.44380
v 11.66777 8.71903 -6.15408
v 10.85625 8.60707 -7.42069
v 11.63157 8.60707 -6.13497
v 10.80755 8.50347 -7.38740
v 11.57939 8.50347 -6.10744
v 10.74531 8.41113 -7.34484
v 11.51271 8.41113 -6.07226
v 10.67127 8.33261 -7.29421
v 11.43337 8.33261 -6.03040
v 10.58747 8.27010 -7.23691
v 11.34359 8.27010 -5.98302
v 10.49626 8.22534 -7.17454
v 11.24587 8.22534 -5.93146
v 10.40018 8.19958 -7.10884
v 12.09240 9.62190 -3.17657
v 12.37587 9.62190 -1.77760
v 12.20730 9.61195 -3.20677
v 12.49346 9.61195 -1.79451
v 12.31899 9.58239 -3.23613
v 12.60778 9.58239 -1.81095
v 12.42438 9.53403 -3.26383
v 12.71563 9.53403 -1.82645
v 12.52052 9.46822 -3.28910
v 12.81403 9.46822 -1.84060
v 12.60474 9.38680 -3.31124
v 12.90022 9.38680 -1.85299
v 12.67469 9.29203 -3.32963
v 12.97181 9.29203 -1.86329
v 12.72842 9.18656 -3.34375
v 13.02680 9.18656 -1.87119
v 12.76444 9.07331 -3.35322
v 13.06367 9.07331 -1.87649
v 12.78175 8.95544 -3.35777
v 13.08138 8.95544 -1.87904
v 12.77986 8.83625 -3.35727
v 13.07945 8.83625 -1.87876
v 12.75882 8.71903 -3.35174
v 13.05792 8.71903 -1.87567
v 12.71923 8.60707 -3.34133
v 13.01739 8.60707 -1.86984
v 12.66218 8.50347 -3.32634
v 12.95900 8.50347 -1.86144
v 12.58926 8.41113 -3.30717
v 12.88437 8.41113 -1.85071
v 12.50250 8.33261 -3.28437
v 12.79558 8.33261 -1.83795
v 12.40432 8.27010 -3.25856
v 12.69510 8.27010 -1.82350
v 12.29746 8.22534 -3.23047
v 12.58574 8.22534 -1.80778
v 12.18489 8.19958 -3.20088
v 7.91520 9.62190 9.67954
v 6.76041 9.62190 10.51854
v 7.99040 9.61195 9.77150
v 6.82464 9.61195 10.61848
v 8.06351 9.58239 9.86091
v 6.88708 9.58239 10.71564
v 8.13248 9.53403 9.94526
v 6.94599 9.53403 10.80730
v 8.19541 9.46822 10.02222
v 6.99973 9.46822 10.89093
v 8.25053 9.38680 10.08963
v 7.04681 9.38680 10.96419
v 8.29632 9.29203 10.14562
v 7.08591 9.29203 11.02503
v 8.33149 9.18656 10.18863
v 7.11595 9.18656 11.07177
v 8.35506 9.07331 10.21746
v 7.13609 9.07331 11.10310
v 8.36639 8.95544 10.23132
v 7.14576 8.95544 11.11816
v 8.36515 8.83625 10.22980
v 7.14470 8.83625 11.11651
v 8.35138 8.71903 10.21297
v 7.13294 8.71903 11.09821
v 8.32547 8.60707 10.18127
v 7.11081 8.60707 11.06377
v 8.28813 8.50347 10.13560
v 7.07892 8.50347 11.01415
v 8.24040 8.41113 10.07724
v 7.03815 8.41113 10.95072
v 8.18362 8.33261 10.00779
v 6.98966 8.33261 10.87525
v 8.11936 8.27010 9.92921
v 6.93478 8.27010 10.78986
v 8.04941 8.22534 9.84367
v 6.87504 8.22534 10.69690
v 7.97573 8.19958 9.75356
v 4.20270 9.62190 11.77608
v 2.83312 9.62190 12.17823
v 4.24262 9.61195 11.88797
v 2.86003 9.61195 12.29394
v 4.28143 9.58239 11.99675
v 2.88619 9.58239 12.40643
v 4.31805 9.53403 12.09938
v 2.91086 9.53403 12.51256
v 4.35145 9.46822 12.19300
v 2.93338 9.46822 12.60938
v 4.38072 9.38680 12.27502
v 2.95310 9.38680 12.69420
v 4.40502 9.29203 12.34314
v 2.96948 9.29203 12.76465
v 4.42369 9.18656 12.39546
v 2.98207 9.18656 12.81876
v 4.43621 9.07331 12.43054
v 2.99051 9.07331 12.85504
v 4.44222 8.95544 12.44740
v 2.99456 8.95544 12.87247
v 4.44156 8.83625 12.44556
v 2.99411 8.83625 12.87056
v 4.43426 8.71903 12.42507
v 2.98919 8.71903 12.84938
v 4.42050 8.60707 12.38651
v 2.97992 8.60707 12.80950
v 4.40068 8.50347 12.33095
v 2.96656 8.50347 12.75204
v 4.37534 8.41113 12.25994
v 2.94948 8.41113 12.67861
v 4.34519 8.33261 12.17545
v 2.92916 8.33261 12.59123
v 4.31108 8.27010 12.07984
v 2.90617 8.27010 12.49236
v 4.27395 8.22534 11.97577
v 2.88114 8.22534 12.38474
v 4.23483 8.19958 11.86614
v 0.00156 9.62190 12.50312
v -1.42351 9.62190 12.42163
v 0.00156 9.61195 12.62192
v -1.43706 9.61195 12.53965
v 0.00156 9.58239 12.73741
v -1.45022 9.58239 12.65439
v 0.00156 9.53403 12.84637
v -1.46264 9.53403 12.76265
v 0.00156 9.46822 12.94578
v -1.47397 9.46822 12.86141
v 0.00156 9.38680 13.03286
v -1.48390 9.38680 12.94792
v 0.00156 9.29203 13.10518
v -1.49215 9.29203 13.01977
v 0.00156 9.18656 13.16074
v -1.49848 9.18656 13.07497
v 0.00156 9.07331 13.19799
v -1.50273 9.07331 13.11197
v 0.00156 8.95544 13.21588
v -1.50476 8.95544 13.12975
v 0.00156 8.83625 13.21393
v -1.50454 8.83625 13.12781
v 0.00156 8.71903 13.19218
v -1.50206 8.71903 13.10620
v 0.00156 8.60707 13.15124
v -1.49740 8.60707 13.06552
v 0.00156 8.50347 13.09225
v -1.49067 8.50347 13.00692
v 0.00156 8.41113 13.01685
v -1.48208 8.41113 12.93201
v 0.00156 8.33261 12.92715
v -1.47185 8.33261 12.84289
v 0.00156 8.27010 12.82563
v -1.46028 8.27010 12.74204
v 0.00156 8.22534 12.71514
v -1.44768 8.22534 12.63227
v 0.00156 8.19958 12.59874
v -2.83001 9.62190 12.17823
v -2.85692 9.61195 12.29394
v -2.88307 9.58239 12.40643
v -2.90775 9.53403 12.51256
v -2.93027 9.46822 12.60938
v -2.94999 9.38680 12.69420
v -2.96637 9.29203 12.76465
v -2.97896 9.18656 12.81876
v -2.98739 9.07331 12.85504
v -2.99145 8.95544 12.87247
v -2.99100 8.83625 12.87056
v -2.98608 8.71903 12.84938
v -2.97681 8.60707 12.80950
v -2.96344 8.50347 12.75204
v -2.94637 8.41113 12.67861
v -2.92605 8.33261 12.59123
v -2.90306 8.27010 12.49236
v -2.87803 8.22534 12.38474
v -4.23172 8.19958 11.86614
v -4.27084 8.22534 11.97577
v -4.30797 8.27010 12.07984
v -4.34208 8.33261 12.17545
v -4.37223 8.41113 12.25994
v -4.39756 8.50347 12.33095
v -4.41739 8.60707 12.38651
v -4.43115 8.71903 12.42507
v -4.43845 8.83625 12.44556
v -4.43911 8.95544 12.44740
v -4.43310 9.07331 12.43054
v -4.42058 9.18656 12.39546
v -4.40191 9.29203 12.34314
v -4.37761 9.38680 12.27502
v -4.34834 9.46822 12.19300
v -4.31494 9.53403 12.09938
v -4.27832 9.58239 11.99675
v -4.23951 9.61195 11.88797
v -4.19959 9.62190 11.77608
v -5.51440 9.62190 11.22044
v -5.56681 9.61195 11.32705
v -5.61777 9.58239 11.43069
v -5.66585 9.53403 11.52848
v -5.70971 9.46822 11.61768
v -5.74813 9.38680 11.69583
v -5.78004 9.29203 11.76073
v -5.80456 9.18656 11.81059
v -5.82099 9.07331 11.84402
v -5.82889 8.95544 11.86007
v -5.82802 8.83625 11.85832
v -5.81842 8.71903 11.83880
v -5.80036 8.60707 11.80206
v -5.77433 8.50347 11.74912
v -5.74107 8.41113 11.68146
v -5.70149 8.33261 11.60096
v -5.65670 8.27010 11.50986
v -5.60795 8.22534 11.41071
v -6.75730 9.62190 10.51854
v -6.82153 9.61195 10.61848
v -6.88397 9.58239 10.71564
v -6.94288 9.53403 10.80730
v -6.99662 9.46822 10.89093
v -7.04370 9.38680 10.96419
v -7.08280 9.29203 11.02503
v -7.11284 9.18656 11.07177
v -7.13298 9.07331 11.10310
v -7.14265 8.95544 11.11816
v -7.14159 8.83625 11.11651
v -7.12983 8.71903 11.09821
v -7.10770 8.60707 11.06377
v -7.07581 8.50347 11.01415
v -7.03504 8.41113 10.95072
v -6.98655 8.33261 10.87525
v -6.93167 8.27010 10.78986
v -6.87193 8.22534 10.69690
v -7.97262 8.19958 9.75356
v -8.04630 8.22534 9.84367
v -8.11625 8.27010 9.92921
v -8.18050 8.33261 10.00779
v -8.23729 8.41113 10.07724
v -8.28501 8.50347 10.13560
v -8.32236 8.60707 10.18127
v -8.34827 8.71903 10.21297
v -8.36204 8.83625 10.22980
v -8.36328 8.95544 10.23132
v -8.35195 9.07331 10.21746
v -8.32838 9.18656 10.18863
v -8.29321 9.29203 10.14562
v -8.24742 9.38680 10.08963
v -8.19230 9.46822 10.02222
v -8.12937 9.53403 9.94526
v -8.06040 9.58239 9.86091
v -7.98729 9.61195 9.77150
v -7.91209 9.62190 9.67954
v -10.78603 8.19958 6.50671
v -10.88571 8.22534 6.56682
v -10.98033 8.27010 6.62388
v -11.06726 8.33261 6.67630
v -11.14408 8.41113 6.72262
v -11.20864 8.50347 6.76156
v -11.25916 8.60707 6.79202
v -11.29422 8.71903 6.81316
v -11.31285 8.83625 6.82439
v -11.31452 8.95544 6.82540
v -11.29920 9.07331 6.81616
v -11.26730 9.18656 6.79693
v -11.21972 9.29203 6.76824
v -11.15779 9.38680 6.73089
v -11.08322 9.46822 6.68592
v -10.99809 9.53403 6.63459
v -10.90478 9.58239 6.57832
v -10.80588 9.61195 6.51868
v -10.70415 9.62190 6.45733
v -12.34473 8.19958 2.50324
v -12.45881 8.22534 2.52635
v -12.56710 8.27010 2.54829
v -12.66659 8.33261 2.56846
v -12.75451 8.41113 2.58627
v -12.82840 8.50347 2.60124
v -12.88622 8.60707 2.61296
v -12.92634 8.71903 2.62109
v -12.94766 8.83625 2.62541
v -12.94958 8.95544 2.62580
v -12.93204 9.07331 2.62224
v -12.89554 9.18656 2.61485
v -12.84108 9.29203 2.60381
v -12.77020 9.38680 2.58945
v -12.68485 9.46822 2.57216
v -12.58743 9.53403 2.55241
v -12.48063 9.58239 2.53077
v -12.36744 9.61195 2.50784
v -12.25101 9.62190 2.48425
v -12.45415 9.62190 1.07138
v -12.57251 9.61195 1.08154
v -12.68758 9.58239 1.09143
v -12.79614 9.53403 1.10075
v -12.89519 9.46822 1.10926
v -12.98195 9.38680 1.11671
v -13.05401 9.29203 1.12290
v -13.10936 9.18656 1.12765
v -13.14647 9.07331 1.13084
v -13.16430 8.95544 1.13237
v -13.16235 8.83625 1.13220
v -13.14068 8.71903 1.13034
v -13.09989 8.60707 1.12684
v -13.04112 8.50347 1.12179
v -12.96600 8.41113 1.11534
v -12.87662 8.33261 1.10766
v -12.77548 8.27010 1.09898
v -12.66539 8.22534 1.08952
v -12.70684 8.22534 -0.36149
v -12.81729 8.27010 -0.36465
v -12.91876 8.33261 -0.36755
v -13.00843 8.41113 -0.37011
v -13.08380 8.50347 -0.37226
v -13.14276 8.60707 -0.37395
v -13.18369 8.71903 -0.37512
v -13.20543 8.83625 -0.37574
v -13.20738 8.95544 -0.37579
v -13.18950 9.07331 -0.37528
v -13.15227 9.18656 -0.37422
v -13.09673 9.29203 -0.37263
v -13.02443 9.38680 -0.37057
v -12.93739 9.46822 -0.36808
v -12.83802 9.53403 -0.36524
v -12.72910 9.58239 -0.36213
v -12.61366 9.61195 -0.35883
v -12.49491 9.62190 -0.35544
v -12.37276 9.62190 -1.77760
v -12.49035 9.61195 -1.79451
v -12.60466 9.58239 -1.81095
v -12.71252 9.53403 -1.82645
v -12.81092 9.46822 -1.84060
v -12.89711 9.38680 -1.85299
v -12.96870 9.29203 -1.86329
v -13.02369 9.18656 -1.87119
v -13.06056 9.07331 -1.87649
v -13.07827 8.95544 -1.87904
v -13.07633 8.83625 -1.87876
v -13.05480 8.71903 -1.87567
v -13.01428 8.60707 -1.86984
v -12.95589 8.50347 -1.86144
v -12.88126 8.41113 -1.85071
v -12.79247 8.33261 -1.83795
v -12.69199 8.27010 -1.82350
v -12.58262 8.22534 -1.80778
v -12.18177 8.19958 -3.20088
v -12.29435 8.22534 -3.23047
v -12.40121 8.27010 -3.25856
v -12.49939 8.33261 -3.28437
v -12.58615 8.41113 -3.30717
v -12.65907 8.50347 -3.32634
v -12.71612 8.60707 -3.34133
v -12.75571 8.71903 -3.35174
v -12.77675 8.83625 -3.35727
v -12.77864 8.95544 -3.35777
v -12.76133 9.07331 -3.35322
v -12.72531 9.18656 -3.34375
v -12.67158 9.29203 -3.32963
v -12.60163 9.38680 -3.31124
v -12.51741 9.46822 -3.28910
v -12.42127 9.53403 -3.26383
v -12.31588 9.58239 -3.23613
v -12.20419 9.61195 -3.20677
v -12.08929 9.62190 -3.17657
v -11.64820 9.62190 -4.53411
v -11.75891 9.61195 -4.57721
v -11.86653 9.58239 -4.61911
v -11.96807 9.53403 -4.65864
v -12.06070 9.46822 -4.69471
v -12.14185 9.38680 -4.72630
v -12.20925 9.29203 -4.75254
v -12.26102 9.18656 -4.77270
v -12.29573 9.07331 -4.78621
v -12.31240 8.95544 -4.79270
v -12.31058 8.83625 -4.79200
v -12.29031 8.71903 -4.78410
v -12.25216 8.60707 -4.76925
v -12.19719 8.50347 -4.74785
v -12.12693 8.41113 -4.72049
v -12.04334 8.33261 -4.68795
v -11.94874 8.27010 -4.65112
v -11.84578 8.22534 -4.61103
v -11.05524 9.62190 -5.83252
v -11.16031 9.61195 -5.88796
v -11.26245 9.58239 -5.94185
v -11.35882 9.53403 -5.99270
v -11.44674 9.46822 -6.03909
v -11.52376 9.38680 -6.07973
v -11.58773 9.29203 -6.11348
v -11.63687 9.18656 -6.13941
v -11.66981 9.07331 -6.15679
v -11.68563 8.95544 -6.16514
v -11.68390 8.83625 -6.16423
v -11.66466 8.71903 -6.15408
v -11.62846 8.60707 -6.13497
v -11.57628 8.50347 -6.10744
v -11.50960 8.41113 -6.07226
v -11.43026 8.33261 -6.03040
v -11.34048 8.27010 -5.98302
v -11.24276 8.22534 -5.93146
v -10.39707 8.19958 -7.10884
v -10.49315 8.22534 -7.17454
v -10.58436 8.27010 -7.23691
v -10.66816 8.33261 -7.29421
v -10.74220 8.41113 -7.34484
v -10.80444 8.50347 -7.38740
v -10.85314 8.60707 -7.42069
v -10.88693 8.71903 -7.44380
v -10.90489 8.83625 -7.45608
v -10.90650 8.95544 -7.45718
v -10.89173 9.07331 -7.44708
v -10.86099 9.18656 -7.42606
v -10.81512 9.29203 -7.39470
v -10.75542 9.38680 -7.35388
v -10.68354 9.46822 -7.30472
v -10.60148 9.53403 -7.24861
v -10.51153 9.58239 -7.18711
v -10.41620 9.61195 -7.12192
v -10.31813 9.62190 -7.05487
v -9.44650 9.62190 -8.18523
v -9.53628 9.61195 -8.26302
v -9.62356 9.58239 -8.33865
v -9.70591 9.53403 -8.41001
v -9.78104 9.46822 -8.47511
v -9.84685 9.38680 -8.53213
v -9.90151 9.29203 -8.57950
v -9.94350 9.18656 -8.61588
v -9.97164 9.07331 -8.64027
v -9.98517 8.95544 -8.65199
v -9.98369 8.83625 -8.65071
v -9.96725 8.71903 -8.63646
v -9.93631 8.60707 -8.60965
v -9.89173 8.50347 -8.57102
v -9.83475 8.41113 -8.52165
v -9.76695 8.33261 -8.46291
v -9.69024 8.27010 -8.39643
v -9.60673 8.22534 -8.32407
v -8.45169 9.62190 -9.20886
v -8.53202 9.61195 -9.29638
v -8.61011 9.58239 -9.38147
v -8.68379 9.53403 -9.46175
v -8.75100 9.46822 -9.53499
v -8.80989 9.38680 -9.59914
v -8.85879 9.29203 -9.65243
v -8.89636 9.18656 -9.69336
v -8.92154 9.07331 -9.72080
v -8.93364 8.95544 -9.73398
v -8.93232 8.83625 -9.73254
v -8.91761 8.71903 -9.71652
v -8.88993 8.60707 -9.68636
v -8.85004 8.50347 -9.64290
v -8.79906 8.41113 -9.58735
v -8.73840 8.33261 -9.52126
v -8.66976 8.27010 -9.44647
v -8.59505 8.22534 -9.36507
v -7.40289 8.19958 -10.18978
v -7.47130 8.22534 -10.28395
v -7.53625 8.27010 -10.37334
v -7.59592 8.33261 -10.45547
v -7.64864 8.41113 -10.52804
v -7.69296 8.50347 -10.58904
v -7.72763 8.60707 -10.63676
v -7.75170 8.71903 -10.66988
v -7.76448 8.83625 -10.68748
v -7.76563 8.95544 -10.68906
v -7.75511 9.07331 -10.67458
v -7.73322 9.18656 -10.64445
v -7.70056 9.29203 -10.59950
v -7.65805 9.38680 -10.54099
v -7.60687 9.46822 -10.47054
v -7.54844 9.53403 -10.39012
v -7.48439 9.58239 -10.30197
v -7.41651 9.61195 -10.20853
v -7.34668 9.62190 -10.11242
v -3.54748 8.19958 -12.08536
v -3.58028 8.22534 -12.19704
v -3.61140 8.27010 -12.30306
v -3.64000 8.33261 -12.40046
v -3.66528 8.41113 -12.48653
v -3.68652 8.50347 -12.55887
v -3.70314 8.60707 -12.61547
v -3.71467 8.71903 -12.65475
v -3.72080 8.83625 -12.67562
v -3.72135 8.95544 -12.67750
v -3.71631 9.07331 -12.66033
v -3.70582 9.18656 -12.62459
v -3.69016 9.29203 -12.57129
v -3.66979 9.38680 -12.50189
v -3.64525 9.46822 -12.41834
v -3.61725 9.53403 -12.32296
v -3.58655 9.58239 -12.21841
v -3.55401 9.61195 -12.10759
v -3.52054 9.62190 -11.99361
v 0.71525 9.62190 -12.47962
v 0.72204 9.61195 -12.59822
v 0.72863 9.58239 -12.71353
v 0.73485 9.53403 -12.82231
v 0.74053 9.46822 -12.92156
v 0.74550 9.38680 -13.00850
v 0.74963 9.29203 -13.08070
v 0.75280 9.18656 -13.13617
v 0.75492 9.07331 -13.17336
v 0.75595 8.95544 -13.19122
v 0.75583 8.83625 -13.18927
v 0.75459 8.71903 -13.16755
v 0.75225 8.60707 -13.12668
v 0.74889 8.50347 -13.06779
v 0.74458 8.41113 -12.99251
v 0.73946 8.33261 -12.90296
v 0.73367 8.27010 -12.80161
v 0.72736 8.22534 -12.69130
v 2.14965 8.19958 -12.41113
v 2.16950 8.22534 -12.52582
v 2.18835 8.27010 -12.63470
v 2.20566 8.33261 -12.73473
v 2.22095 8.41113 -12.82311
v 2.23381 8.50347 -12.89741
v 2.24387 8.60707 -12.95553
v 2.25085 8.71903 -12.99587
v 2.25456 8.83625 -13.01731
v 2.25489 8.95544 -13.01923
v 2.25184 9.07331 -13.00160
v 2.24549 9.18656 -12.96490
v 2.23602 9.29203 -12.91016
v 2.22368 9.38680 -12.83889
v 2.20883 9.46822 -12.75309
v 2.19188 9.53403 -12.65514
v 2.17330 9.58239 -12.54777
v 2.15361 9.61195 -12.43397
v 2.13335 9.62190 -12.31691
v 3.52365 9.62190 -11.99361
v 3.55712 9.61195 -12.10759
v 3.58966 9.58239 -12.21841
v 3.62036 9.53403 -12.32296
v 3.64837 9.46822 -12.41834
v 3.67290 9.38680 -12.50189
v 3.69327 9.29203 -12.57129
v 3.70893 9.18656 -12.62459
v 3.71942 9.07331 -12.66033
v 3.72446 8.95544 -12.67750
v 3.72391 8.83625 -12.67562
v 3.71778 8.71903 -12.65475
v 3.70625 8.60707 -12.61547
v 3.68963 8.50347 -12.55887
v 3.66839 8.41113 -12.48653
v 3.64311 8.33261 -12.40046
v 3.61452 8.27010 -12.30306
v 3.58339 8.22534 -12.19704
v 4.86804 9.62190 -11.51393
v 4.91428 9.61195 -11.62336
v 4.95924 9.58239 -11.72974
v 5.00166 9.53403 -11.83011
v 5.04035 9.46822 -11.92168
v 5.07425 9.38680 -12.00189
v 5.10241 9.29203 -12.06851
v 5.12404 9.18656 -12.11969
v 5.13853 9.07331 -12.15399
v 5.14550 8.95544 -12.17047
v 5.14474 8.83625 -12.16867
v 5.13627 8.71903 -12.14864
v 5.12033 8.60707 -12.11093
v 5.09737 8.50347 -12.05659
v 5.06802 8.41113 -11.98714
v 5.03310 8.33261 -11.90451
v 4.99359 8.27010 -11.81101
v 4.95057 8.22534 -11.70923
v 6.19601 8.19958 -10.96740
v 6.25324 8.22534 -11.06875
v 6.30758 8.27010 -11.16496
v 6.35749 8.33261 -11.25335
v 6.40160 8.41113 -11.33146
v 6.43868 8.50347 -11.39711
v 6.46769 8.60707 -11.44848
v 6.48782 8.71903 -11.48413
v 6.49851 8.83625 -11.50307
v 6.49948 8.95544 -11.50477
v 6.49068 9.07331 -11.48919
v 6.47236 9.18656 -11.45676
v 6.44504 9.29203 -11.40838
v 6.40948 9.38680 -11.34540
v 6.36666 9.46822 -11.26958
v 6.31778 9.53403 -11.18302
v 6.26419 9.58239 -11.08814
v 6.20740 9.61195 -10.98758
v 6.14899 9.62190 -10.88413
v 7.34979 9.62190 -10.11242
v 7.41962 9.61195 -10.20853
v 7.48750 9.58239 -10.30197
v 7.55155 9.53403 -10.39012
v 7.60998 9.46822 -10.47054
v 7.66116 9.38680 -10.54099
v 7.70368 9.29203 -10.59950
v 7.73633 9.18656 -10.64445
v 7.75822 9.07331 -10.67458
v 7.76874 8.95544 -10.68906
v 7.76759 8.83625 -10.68748
v 7.75481 8.71903 -10.66988
v 7.73074 8.60707 -10.63676
v 7.69607 8.50347 -10.58904
v 7.65175 8.41113 -10.52804
v 7.59903 8.33261 -10.45547
v 7.53936 8.27010 -10.37334
v 7.47441 8.22534 -10.28395
v 8.45480 9.62190 -9.20886
v 8.53513 9.61195 -9.29638
v 8.61322 9.58239 -9.38147
v 8.68690 9.53403 -9.46175
v 8.75412 9.46822 -9.53499
v 8.81300 9.38680 -9.59914
v 8.86190 9.29203 -9.65243
v 8.89947 9.18656 -9.69336
v 8.92465 9.07331 -9.72080
v 8.93675 8.95544 -9.73398
v 8.93543 8.83625 -9.73254
v 8.92072 8.71903 -9.71652
v 8.89304 8.60707 -9.68636
v 8.85315 8.50347 -9.64290
v 8.80217 8.41113 -9.58735
v 8.74152 8.33261 -9.52126
v 8.67287 8.27010 -9.44647
v 8.59816 8.22534 -9.36507
v 9.52187 8.19958 -8.24785
v 9.60984 8.22534 -8.32407
v 9.69335 8.27010 -8.39643
v 9.77007 8.33261 -8.46291
v 9.83786 8.41113 -8.52165
v 9.89484 8.50347 -8.57102
v 9.93942 8.60707 -8.60965
v 9.97036 8.71903 -8.63646
v 9.98680 8.83625 -8.65071
v 9.98828 8.95544 -8.65199
v 9.97475 9.07331 -8.64027
v 9.94661 9.18656 -8.61588
v 9.90462 9.29203 -8.57950
v 9.84996 9.38680 -8.53213
v 9.78415 9.46822 -8.47511
v 9.70902 9.53403 -8.41001
v 9.62667 9.58239 -8.33865
v 9.53939 9.61195 -8.26302
v 9.44961 9.62190 -8.18523
v 11.74042 8.19958 -4.56880
v 11.84889 8.22534 -4.61103
v 11.95185 8.27010 -4.65112
v 12.04645 8.33261 -4.68795
v 12.13004 8.41113 -4.72049
v 12.20030 8.50347 -4.74785
v 12.25527 8.60707 -4.76925
v 12.29342 8.71903 -4.78410
v 12.31369 8.83625 -4.79200
v 12.31551 8.95544 -4.79270
v 12.29884 9.07331 -4.78621
v 12.26413 9.18656 -4.77270
v 12.21236 9.29203 -4.75254
v 12.14496 9.38680 -4.72630
v 12.06381 9.46822 -4.69471
v 11.97118 9.53403 -4.65864
v 11.86964 9.58239 -4.61911
v 11.76202 9.61195 -4.57721
v 11.65131 9.62190 -4.53411
v 12.70996 8.22534 -0.36149
v 12.82040 8.27010 -0.36465
v 12.92188 8.33261 -0.36755
v 13.01154 8.41113 -0.37011
v 13.08691 8.50347 -0.37226
v 13.14587 8.60707 -0.37395
v 13.18680 8.71903 -0.37512
v 13.20854 8.83625 -0.37574
v 13.21050 8.95544 -0.37579
v 13.19261 9.07331 -0.37528
v 13.15538 9.18656 -0.37422
v 13.09984 9.29203 -0.37263
v 13.02754 9.38680 -0.37057
v 12.94050 9.46822 -0.36808
v 12.84114 9.53403 -0.36524
v 12.73221 9.58239 -0.36213
v 12.61677 9.61195 -0.35883
v 12.49802 9.62190 -0.35544
v 12.55253 8.19958 1.07956
v 12.66850 8.22534 1.08952
v 12.77859 8.27010 1.09898
v 12.87973 8.33261 1.10766
v 12.96911 8.41113 1.11534
v 13.04423 8.50347 1.12179
v 13.10300 8.60707 1.12684
v 13.14379 8.71903 1.13034
v 13.16546 8.83625 1.13220
v 13.16741 8.95544 1.13237
v 13.14958 9.07331 1.13084
v 13.11247 9.18656 1.12765
v 13.05712 9.29203 1.12290
v 12.98506 9.38680 1.11671
v 12.89830 9.46822 1.10926
v 12.79925 9.53403 1.10075
v 12.69069 9.58239 1.09143
v 12.57562 9.61195 1.08154
v 12.45726 9.62190 1.07138
v 12.25412 9.62190 2.48425
v 12.37055 9.61195 2.50784
v 12.48374 9.58239 2.53077
v 12.59054 9.53403 2.55241
v 12.68796 9.46822 2.57216
v 12.77331 9.38680 2.58945
v 12.84419 9.29203 2.60381
v 12.89865 9.18656 2.61485
v 12.93515 9.07331 2.62224
v 12.95269 8.95544 2.62580
v 12.95077 8.83625 2.62541
v 12.92945 8.71903 2.62109
v 12.88933 8.60707 2.61296
v 12.83151 8.50347 2.60124
v 12.75762 8.41113 2.58627
v 12.66970 8.33261 2.56846
v 12.57021 8.27010 2.54829
v 12.46192 8.22534 2.52635
v 11.89125 9.62190 3.86475
v 12.00423 9.61195 3.90146
v 12.11407 9.58239 3.93715
v 12.21770 9.53403 3.97082
v 12.31224 9.46822 4.00154
v 12.39506 9.38680 4.02845
v 12.46385 9.29203 4.05080
v 12.51669 9.18656 4.06797
v 12.55211 9.07331 4.07948
v 12.56913 8.95544 4.08501
v 12.56727 8.83625 4.08440
v 12.54658 8.71903 4.07768
v 12.50765 8.60707 4.06503
v 12.45154 8.50347 4.04680
v 12.37984 8.41113 4.02350
v 12.29452 8.33261 3.99578
v 12.19798 8.27010 3.96441
v 12.09289 8.22534 3.93027
v 11.46036 8.19958 5.23462
v 11.56624 8.22534 5.28297
v 11.66675 8.27010 5.32887
v 11.75909 8.33261 5.37104
v 11.84068 8.41113 5.40830
v 11.90927 8.50347 5.43963
v 11.96293 8.60707 5.46413
v 12.00017 8.71903 5.48114
v 12.01995 8.83625 5.49017
v 12.02173 8.95544 5.49099
v 12.00546 9.07331 5.48355
v 11.97158 9.18656 5.46808
v 11.92104 9.29203 5.44500
v 11.85525 9.38680 5.41495
v 11.77604 9.46822 5.37878
v 11.68561 9.53403 5.33748
v 11.58649 9.58239 5.29222
v 11.48144 9.61195 5.24424
v 11.37338 9.62190 5.19489
v 10.70726 9.62190 6.45733
v 10.80899 9.61195 6.51868
v 10.90789 9.58239 6.57832
v 11.00120 9.53403 6.63459
v 11.08633 9.46822 6.68592
v 11.16090 9.38680 6.73089
v 11.22284 9.29203 6.76824
v 11.27041 9.18656 6.79693
v 11.30231 9.07331 6.81616
v 11.31763 8.95544 6.82540
v 11.31596 8.83625 6.82439
v 11.29733 8.71903 6.81316
v 11.26227 8.60707 6.79202
v 11.21176 8.50347 6.76156
v 11.14719 8.41113 6.72262
v 11.07037 8.33261 6.67630
v 10.98344 8.27010 6.62388
v 10.88882 8.22534 6.56682
v 9.90157 9.62190 7.63561
v 9.99565 9.61195 7.70815
v 10.08711 9.58239 7.77868
v 10.17340 9.53403 7.84522
v 10.25212 9.46822 7.90592
v 10.32107 9.38680 7.95909
v 10.37835 9.29203 8.00326
v 10.42235 9.18656 8.03719
v 10.45184 9.07331 8.05993
v 10.46601 8.95544 8.07086
v 10.46446 8.83625 8.06966
v 10.44724 8.71903 8.05638
v 10.41482 8.60707 8.03138
v 10.36810 8.50347 7.99536
v 10.30840 8.41113 7.94932
v 10.23736 8.33261 7.89454
v 10.15697 8.27010 7.83255
v 10.06947 8.22534 7.76508
v 9.03540 8.19958 8.78101
v 9.11887 8.22534 8.86213
v 9.19811 8.27010 8.93914
v 9.27091 8.33261 9.00989
v 9.33524 8.41113 9.07240
v 9.38931 8.50347 9.12495
v 9.43161 8.60707 9.16606
v 9.46097 8.71903 9.19460
v 9.47657 8.83625 9.20975
v 9.47797 8.95544 9.21112
v 9.46514 9.07331 9.19865
v 9.43843 9.18656 9.17269
v 9.39858 9.29203 9.13397
v 9.34672 9.38680 9.08356
v 9.28427 9.46822 9.02287
v 9.21298 9.53403 8.95359
v 9.13484 9.58239 8.87765
v 9.05202 9.61195 8.79716
v 8.96682 9.62190 8.71436
v 5.55970 8.19958 11.30625
v 5.61106 8.22534 11.41071
v 5.65981 8.27010 11.50986
v 5.70460 8.33261 11.60096
v 5.74418 8.41113 11.68146
v 5.77745 8.50347 11.74912
v 5.80347 8.60707 11.80206
v 5.82154 8.71903 11.83880
v 5.83113 8.83625 11.85832
v 5.83200 8.95544 11.86007
v 5.82410 9.07331 11.84402
v 5.80767 9.18656 11.81059
v 5.78315 9.29203 11.76073
v 5.75124 9.38680 11.69583
v 5.71282 9.46822 11.61768
v 5.66896 9.53403 11.52848
v 5.62088 9.58239 11.43069
v 5.56993 9.61195 11.32705
v 5.51751 9.62190 11.22044
v 1.43753 8.19958 12.51663
v 1.45079 8.22534 12.63227
v 1.46339 8.27010 12.74204
v 1.47496 8.33261 12.84289
v 1.48519 8.41113 12.93201
v 1.49378 8.50347 13.00692
v 1.50051 8.60707 13.06552
v 1.50517 8.71903 13.10620
v 1.50765 8.83625 13.12781
v 1.50788 8.95544 13.12975
v 1.50583 9.07331 13.11197
v 1.50159 9.18656 13.07497
v 1.49526 9.29203 13.01977
v 1.48701 9.38680 12.94792
v 1.47709 9.46822 12.86141
v 1.46575 9.53403 12.76265
v 1.45333 9.58239 12.65439
v 1.44017 9.61195 12.53965
v 1.42663 9.62190 12.42163
v -10.62163 9.62190 5.57703
v -9.87212 9.62190 6.81686
v -8.97864 9.62190 7.95731
v -7.95420 9.62190 8.98175
v -6.81375 9.62190 9.87523
v -5.57392 9.62190 10.62474
v -4.25279 9.62190 11.21933
v -2.86961 9.62190 11.65035
v -1.44457 9.62190 11.91150
v 0.00156 9.62190 11.99897
v 1.44768 9.62190 11.91150
v 2.87272 9.62190 11.65035
v 4.25590 9.62190 11.21933
v 5.57703 9.62190 10.62474
v 6.81686 9.62190 9.87523
v 7.95731 9.62190 8.98175
v 8.98175 9.62190 7.95731
v 9.87523 9.62190 6.81686
v 10.62474 9.62190 5.57703
v 0.00156 9.62190 -11.99586
v -1.44457 9.62190 -11.90838
v -2.86961 9.62190 -11.64724
v -4.25279 9.62190 -11.21622
v -5.57392 9.62190 -10.62163
v -6.81375 9.62190 -9.87212
v -7.95420 9.62190 -8.97864
v -8.97864 9.62190 -7.95420
v -9.87212 9.62190 -6.81375
v -10.62163 9.62190 -5.57392
v -11.21622 9.62190 -4.25279
v -11.64724 9.62190 -2.86961
v -11.90838 9.62190 -1.44457
v -11.99586 9.62190 0.00156
v -11.90838 9.62190 1.44768
v -11.64724 9.62190 2.87272
v -11.21622 9.62190 4.25590
v 11.21933 9.62190 4.25590
v 11.65035 9.62190 2.87272
v 11.91150 9.62190 1.44768
v 11.99897 9.62190 0.00156
v 11.91150 9.62190 -1.44457
v 11.65035 9.62190 -2.86961
v 11.21933 9.62190 -4.25279
v 10.62474 9.62190 -5.57392
v 9.87523 9.62190 -6.81375
v 8.98175 9.62190 -7.95420
v 7.95731 9.62190 -8.97864
v 6.81686 9.62190 -9.87212
v 5.57703 9.62190 -10.62163
v 4.25590 9.62190 -11.21622
v 2.87272 9.62190 -11.64724
v 1.44768 9.62190 -11.90838
v -1.47841 54.63972 6.00600
v -0.74386 54.63972 6.14061
v -0.93711 58.11374 6.83275
v -1.64998 58.11374 6.70211
v -1.85745 58.11374 6.63746
v -2.19137 54.63972 5.78383
v -2.44560 58.11374 6.45418
v -2.74292 58.11374 6.32037
v -2.87236 54.63972 5.47734
v -3.20554 58.11374 6.11216
v -3.57764 58.11374 5.88722
v -3.51144 54.63972 5.09100
v -3.91871 58.11374 5.68104
v -4.34659 58.11374 5.34581
v -4.09929 54.63972 4.63045
v -4.57471 58.11374 5.16709
v -5.03595 58.11374 4.70586
v -4.62734 54.63972 4.10240
v -5.16398 58.11374 4.57782
v -5.63328 58.11374 3.97881
v -5.08789 54.63972 3.51455
v -5.67793 58.11374 3.92182
v -5.47423 54.63972 2.87547
v -6.10905 58.11374 3.20865
v -6.12391 58.11374 3.17564
v -5.78072 54.63972 2.19448
v -6.45107 58.11374 2.44872
v -6.49416 58.11374 2.31044
v -6.00289 54.63972 1.48152
v -6.69900 58.11374 1.65309
v -6.74470 58.11374 1.40370
v -6.13750 54.63972 0.74697
v -6.84922 58.11374 0.83339
v -6.87109 58.11374 0.47175
v -6.18259 54.63972 0.00156
v -6.89953 58.11374 0.00156
v -6.87109 58.11374 -0.46864
v -6.13750 54.63972 -0.74386
v -6.84922 58.11374 -0.83028
v -6.74470 58.11374 -1.40059
v -6.00289 54.63972 -1.47841
v -6.69900 58.11374 -1.64998
v -6.49416 58.11374 -2.30733
v -5.78072 54.63972 -2.19137
v -6.45107 58.11374 -2.44560
v -6.12391 58.11374 -3.17253
v -5.47423 54.63972 -2.87236
v -6.10905 58.11374 -3.20554
v -5.08789 54.63972 -3.51144
v -5.67793 58.11374 -3.91871
v -5.63328 58.11374 -3.97570
v -4.62734 54.63972 -4.09929
v -5.16398 58.11374 -4.57471
v -5.03595 58.11374 -4.70275
v -4.09929 54.63972 -4.62734
v -4.57471 58.11374 -5.16398
v -4.34659 58.11374 -5.34270
v -3.51144 54.63972 -5.08789
v -3.91871 58.11374 -5.67793
v -3.57764 58.11374 -5.88411
v -2.87236 54.63972 -5.47423
v -3.20554 58.11374 -6.10905
v -2.74292 58.11374 -6.31726
v -2.19137 54.63972 -5.78072
v -2.44560 58.11374 -6.45107
v -1.85745 58.11374 -6.63435
v -1.47841 54.63972 -6.00289
v -1.64998 58.11374 -6.69900
v -0.93711 58.11374 -6.82964
v -0.74386 54.63972 -6.13750
v -0.83028 58.11374 -6.84922
v 0.00156 54.63972 -6.18259
v 0.00156 58.11374 -6.89953
v 0.74697 54.63972 -6.13750
v 0.83339 58.11374 -6.84922
v 0.94022 58.11374 -6.82964
v 1.48152 54.63972 -6.00289
v 1.65309 58.11374 -6.69900
v 1.86056 58.11374 -6.63435
v 2.19448 54.63972 -5.78072
v 2.44872 58.11374 -6.45107
v 2.74603 58.11374 -6.31726
v 2.87547 54.63972 -5.47423
v 3.20865 58.11374 -6.10905
v 3.58075 58.11374 -5.88411
v 3.51455 54.63972 -5.08789
v 3.92182 58.11374 -5.67793
v 4.34970 58.11374 -5.34270
v 4.10240 54.63972 -4.62734
v 4.57782 58.11374 -5.16398
v 5.03906 58.11374 -4.70275
v 4.63045 54.63972 -4.09929
v 5.16709 58.11374 -4.57471
v 5.63639 58.11374 -3.97570
v 5.09100 54.63972 -3.51144
v 5.68104 58.11374 -3.91871
v 5.47734 54.63972 -2.87236
v 6.11216 58.11374 -3.20554
v 6.12702 58.11374 -3.17253
v 5.78383 54.63972 -2.19137
v 6.45418 58.11374 -2.44560
v 6.49727 58.11374 -2.30733
v 6.00600 54.63972 -1.47841
v 6.70211 58.11374 -1.64998
v 6.74781 58.11374 -1.40059
v 6.14061 54.63972 -0.74386
v 6.85233 58.11374 -0.83028
v 6.87420 58.11374 -0.46864
v 6.18570 54.63972 0.00156
v 6.90264 58.11374 0.00156
v 6.87420 58.11374 0.47175
v 6.14061 54.63972 0.74697
v 6.85233 58.11374 0.83339
v 6.74781 58.11374 1.40370
v 6.00600 54.63972 1.48152
v 6.70211 58.11374 1.65309
v 6.49727 58.11374 2.31044
v 5.78383 54.63972 2.19448
v 6.45418 58.11374 2.44872
v 6.12702 58.11374 3.17564
v 5.47734 54.63972 2.87547
v 6.11216 58.11374 3.20865
v 5.09100 54.63972 3.51455
v 5.68104 58.11374 3.92182
v 5.63639 58.11374 3.97881
v 4.63045 54.63972 4.10240
v 5.16709 58.11374 4.57782
v 5.03906 58.11374 4.70586
v 4.10240 54.63972 4.63045
v 4.57782 58.11374 5.16709
v 4.34970 58.11374 5.34581
v 3.51455 54.63972 5.09100
v 3.92182 58.11374 5.68104
v 3.58075 58.11374 5.88722
v 2.87547 54.63972 5.47734
v 3.20865 58.11374 6.11216
v 2.74603 58.11374 6.32037
v 2.19448 54.63972 5.78383
v 2.44872 58.11374 6.45418
v 1.86056 58.11374 6.63746
v 1.48152 54.63972 6.00600
v 1.65309 58.11374 6.70211
v 0.94022 58.11374 6.83275
v 0.74697 54.63972 6.14061
v 0.83339 58.11374 6.85233
v 0.00156 54.63972 6.18570
v 0.00156 58.11374 6.90264
v -0.83028 58.11374 6.85233
v 0.68050 51.13561 5.59316
v 1.34954 51.13561 5.47056
v 1.99893 51.13561 5.26820
v 2.61919 51.13561 4.98904
v 3.20128 51.13561 4.63716
v 3.73671 51.13561 4.21767
v 4.21767 51.13561 3.73671
v 4.63716 51.13561 3.20128
v 4.98904 51.13561 2.61919
v 5.26820 51.13561 1.99893
v 5.47056 51.13561 1.34954
v 5.59316 51.13561 0.68050
v 5.63423 51.13561 0.00156
v 5.59316 51.13561 -0.67739
v 5.47056 51.13561 -1.34643
v 5.26820 51.13561 -1.99582
v 4.98904 51.13561 -2.61608
v 4.63716 51.13561 -3.19817
v 4.21767 51.13561 -3.73360
v 3.73671 51.13561 -4.21456
v 3.20128 51.13561 -4.63405
v 2.61919 51.13561 -4.98593
v 1.99893 51.13561 -5.26509
v 1.34954 51.13561 -5.46745
v 0.68050 51.13561 -5.59005
v 0.00156 51.13561 -5.63112
v -0.67739 51.13561 -5.59005
v -1.34643 51.13561 -5.46745
v -1.99582 51.13561 -5.26509
v -2.61608 51.13561 -4.98593
v -3.19817 51.13561 -4.63405
v -3.73360 51.13561 -4.21456
v -4.21456 51.13561 -3.73360
v -4.63405 51.13561 -3.19817
v -4.98593 51.13561 -2.61608
v -5.26509 51.13561 -1.99582
v -5.46745 51.13561 -1.34643
v -5.59005 51.13561 -0.67739
v -5.63112 51.13561 0.00156
v -5.59005 51.13561 0.68050
v -5.46745 51.13561 1.34954
v -5.26509 51.13561 1.99893
v -4.98593 51.13561 2.61919
v -4.63405 51.13561 3.20128
v -4.21456 51.13561 3.73671
v -3.73360 51.13561 4.21767
v -3.19817 51.13561 4.63716
v -2.61608 51.13561 4.98904
v -1.99582 51.13561 5.26820
v -1.34643 51.13561 5.47056
v -0.67739 51.13561 5.59316
v 0.00156 51.13561 5.63423
v 0.63412 47.60930 5.21123
v 1.25747 47.60930 5.09700
v 1.86250 47.60930 4.90846
v 2.44039 47.60930 4.64837
v 2.98272 47.60930 4.32052
v 3.48158 47.60930 3.92969
v 3.92969 47.60930 3.48158
v 4.32052 47.60930 2.98272
v 4.64837 47.60930 2.44039
v 4.90846 47.60930 1.86250
v 5.09700 47.60930 1.25747
v 5.21123 47.60930 0.63412
v 5.24949 47.60930 0.00156
v 5.21123 47.60930 -0.63101
v 5.09700 47.60930 -1.25436
v 4.90846 47.60930 -1.85939
v 4.64837 47.60930 -2.43728
v 4.32052 47.60930 -2.97961
v 3.92969 47.60930 -3.47847
v 3.48158 47.60930 -3.92658
v 2.98272 47.60930 -4.31741
v 2.44039 47.60930 -4.64526
v 1.86250 47.60930 -4.90535
v 1.25747 47.60930 -5.09389
v 0.63412 47.60930 -5.20812
v 0.00156 47.60930 -5.24638
v -0.63101 47.60930 -5.20812
v -1.25436 47.60930 -5.09389
v -1.85939 47.60930 -4.90535
v -2.43728 47.60930 -4.64526
v -2.97961 47.60930 -4.31741
v -3.47847 47.60930 -3.92658
v -3.92658 47.60930 -3.47847
v -4.31741 47.60930 -2.97961
v -4.64526 47.60930 -2.43728
v -4.90535 47.60930 -1.85939
v -5.09389 47.60930 -1.25436
v -5.20812 47.60930 -0.63101
v -5.24638 47.60930 0.00156
v -5.20812 47.60930 0.63412
v -5.09389 47.60930 1.25747
v -4.90535 47.60930 1.86250
v -4.64526 47.60930 2.44039
v -4.31741 47.60930 2.98272
v -3.92658 47.60930 3.48158
v -3.47847 47.60930 3.92969
v -2.97961 47.60930 4.32052
v -2.43728 47.60930 4.64837
v -1.85939 47.60930 4.90846
v -1.25436 47.60930 5.09700
v -0.63101 47.60930 5.21123
v 0.00156 47.60930 5.24949
v 0.60795 44.06872 4.99566
v 1.20550 44.06872 4.88615
v 1.78549 44.06872 4.70542
v 2.33948 44.06872 4.45609
v 2.85936 44.06872 4.14181
v 3.33758 44.06872 3.76715
v 3.76715 44.06872 3.33758
v 4.14181 44.06872 2.85936
v 4.45609 44.06872 2.33948
v 4.70542 44.06872 1.78549
v 4.88615 44.06872 1.20550
v 4.99566 44.06872 0.60795
v 5.03234 44.06872 0.00156
v 4.99566 44.06872 -0.60484
v 4.88615 44.06872 -1.20239
v 4.70542 44.06872 -1.78238
v 4.45609 44.06872 -2.33636
v 4.14181 44.06872 -2.85625
v 3.76715 44.06872 -3.33447
v 3.33758 44.06872 -3.76404
v 2.85936 44.06872 -4.13870
v 2.33948 44.06872 -4.45298
v 1.78549 44.06872 -4.70231
v 1.20550 44.06872 -4.88304
v 0.60795 44.06872 -4.99254
v 0.00156 44.06872 -5.02922
v -0.60484 44.06872 -4.99254
v -1.20239 44.06872 -4.88304
v -1.78238 44.06872 -4.70231
v -2.33636 44.06872 -4.45298
v -2.85625 44.06872 -4.13870
v -3.33447 44.06872 -3.76404
v -3.76404 44.06872 -3.33447
v -4.13870 44.06872 -2.85625
v -4.45298 44.06872 -2.33636
v -4.70231 44.06872 -1.78238
v -4.88304 44.06872 -1.20239
v -4.99254 44.06872 -0.60484
v -5.02922 44.06872 0.00156
v -4.99254 44.06872 0.60795
v -4.88304 44.06872 1.20550
v -4.70231 44.06872 1.78549
v -4.45298 44.06872 2.33948
v -4.13870 44.06872 2.85936
v -3.76404 44.06872 3.33758
v -3.33447 44.06872 3.76715
v -2.85625 44.06872 4.14181
v -2.33636 44.06872 4.45609
v -1.78238 44.06872 4.70542
v -1.20239 44.06872 4.88615
v -0.60484 44.06872 4.99566
v 0.00156 44.06872 5.03234
v 0.60203 40.52182 4.94693
v 1.19375 40.52182 4.83849
v 1.76809 40.52182 4.65952
v 2.31667 40.52182 4.41263
v 2.83148 40.52182 4.10141
v 3.30503 40.52182 3.73041
v 3.73041 40.52182 3.30503
v 4.10141 40.52182 2.83148
v 4.41263 40.52182 2.31667
v 4.65952 40.52182 1.76809
v 4.83849 40.52182 1.19375
v 4.94693 40.52182 0.60203
v 4.98325 40.52182 0.00156
v 4.94693 40.52182 -0.59892
v 4.83849 40.52182 -1.19064
v 4.65952 40.52182 -1.76498
v 4.41263 40.52182 -2.31356
v 4.10141 40.52182 -2.82837
v 3.73041 40.52182 -3.30192
v 3.30503 40.52182 -3.72730
v 2.83148 40.52182 -4.09830
v 2.31667 40.52182 -4.40952
v 1.76809 40.52182 -4.65641
v 1.19375 40.52182 -4.83538
v 0.60203 40.52182 -4.94382
v 0.00156 40.52182 -4.98014
v -0.59892 40.52182 -4.94382
v -1.19064 40.52182 -4.83538
v -1.76498 40.52182 -4.65641
v -2.31356 40.52182 -4.40952
v -2.82837 40.52182 -4.09830
v -3.30192 40.52182 -3.72730
v -3.72730 40.52182 -3.30192
v -4.09830 40.52182 -2.82837
v -4.40952 40.52182 -2.31356
v -4.65641 40.52182 -1.76498
v -4.83538 40.52182 -1.19064
v -4.94382 40.52182 -0.59892
v -4.98014 40.52182 0.00156
v -4.94382 40.52182 0.60203
v -4.83538 40.52182 1.19375
v -4.65641 40.52182 1.76809
v -4.40952 40.52182 2.31667
v -4.09830 40.52182 2.83148
v -3.72730 40.52182 3.30503
v -3.30192 40.52182 3.73041
v -2.82837 40.52182 4.10141
v -2.31356 40.52182 4.41263
v -1.76498 40.52182 4.65952
v -1.19064 40.52182 4.83849
v -0.59892 40.52182 4.94693
v 0.00156 40.52182 4.98325
v 0.61639 36.97659 5.06517
v 1.22226 36.97659 4.95414
v 1.81032 36.97659 4.77089
v 2.37202 36.97659 4.51809
v 2.89914 36.97659 4.19943
v 3.38401 36.97659 3.81956
v 3.81956 36.97659 3.38401
v 4.19943 36.97659 2.89914
v 4.51809 36.97659 2.37202
v 4.77089 36.97659 1.81032
v 4.95414 36.97659 1.22226
v 5.06517 36.97659 0.61639
v 5.10236 36.97659 0.00156
v 5.06517 36.97659 -0.61328
v 4.95414 36.97659 -1.21915
v 4.77089 36.97659 -1.80721
v 4.51809 36.97659 -2.36891
v 4.19943 36.97659 -2.89603
v 3.81956 36.97659 -3.38090
v 3.38401 36.97659 -3.81645
v 2.89914 36.97659 -4.19632
v 2.37202 36.97659 -4.51498
v 1.81032 36.97659 -4.76778
v 1.22226 36.97659 -4.95103
v 0.61639 36.97659 -5.06206
v 0.00156 36.97659 -5.09925
v -0.61328 36.97659 -5.06206
v -1.21915 36.97659 -4.95103
v -1.80721 36.97659 -4.76778
v -2.36891 36.97659 -4.51498
v -2.89603 36.97659 -4.19632
v -3.38090 36.97659 -3.81645
v -3.81645 36.97659 -3.38090
v -4.19632 36.97659 -2.89603
v -4.51498 36.97659 -2.36891
v -4.76778 36.97659 -1.80721
v -4.95103 36.97659 -1.21915
v -5.06206 36.97659 -0.61328
v -5.09925 36.97659 0.00156
v -5.06206 36.97659 0.61639
v -4.95103 36.97659 1.22226
v -4.76778 36.97659 1.81032
v -4.51498 36.97659 2.37202
v -4.19632 36.97659 2.89914
v -3.81645 36.97659 3.38401
v -3.38090 36.97659 3.81956
v -2.89603 36.97659 4.19943
v -2.36891 36.97659 4.51809
v -1.80721 36.97659 4.77089
v -1.21915 36.97659 4.95414
v -0.61328 36.97659 5.06517
v 0.00156 36.97659 5.10236
v 0.65099 33.44098 5.35009
v 1.29095 33.44098 5.23282
v 1.91210 33.44098 5.03926
v 2.50540 33.44098 4.77223
v 3.06219 33.44098 4.43565
v 3.57434 33.44098 4.03440
v 4.03440 33.44098 3.57434
v 4.43565 33.44098 3.06219
v 4.77223 33.44098 2.50540
v 5.03926 33.44098 1.91210
v 5.23282 33.44098 1.29095
v 5.35009 33.44098 0.65099
v 5.38938 33.44098 0.00156
v 5.35009 33.44098 -0.64787
v 5.23282 33.44098 -1.28783
v 5.03926 33.44098 -1.90899
v 4.77223 33.44098 -2.50229
v 4.43565 33.44098 -3.05908
v 4.03440 33.44098 -3.57123
v 3.57434 33.44098 -4.03129
v 3.06219 33.44098 -4.43253
v 2.50540 33.44098 -4.76912
v 1.91210 33.44098 -5.03615
v 1.29095 33.44098 -5.22971
v 0.65099 33.44098 -5.34698
v 0.00156 33.44098 -5.38627
v -0.64787 33.44098 -5.34698
v -1.28783 33.44098 -5.22971
v -1.90899 33.44098 -5.03615
v -2.50229 33.44098 -4.76912
v -3.05908 33.44098 -4.43253
v -3.57123 33.44098 -4.03129
v -4.03129 33.44098 -3.57123
v -4.43253 33.44098 -3.05908
v -4.76912 33.44098 -2.50229
v -5.03615 33.44098 -1.90899
v -5.22971 33.44098 -1.28783
v -5.34698 33.44098 -0.64787
v -5.38627 33.44098 0.00156
v -5.34698 33.44098 0.65099
v -5.22971 33.44098 1.29095
v -5.03615 33.44098 1.91210
v -4.76912 33.44098 2.50540
v -4.43253 33.44098 3.06219
v -4.03129 33.44098 3.57434
v -3.57123 33.44098 4.03440
v -3.05908 33.44098 4.43565
v -2.50229 33.44098 4.77223
v -1.90899 33.44098 5.03926
v -1.28783 33.44098 5.23282
v -0.64787 33.44098 5.35009
v 0.00156 33.44098 5.38938
v 0.70574 29.92295 5.80107
v 1.39966 29.92295 5.67391
v 2.07320 29.92295 5.46403
v 2.71652 29.92295 5.17449
v 3.32025 29.92295 4.80952
v 3.87559 29.92295 4.37444
v 4.37444 29.92295 3.87559
v 4.80952 29.92295 3.32025
v 5.17449 29.92295 2.71652
v 5.46403 29.92295 2.07320
v 5.67391 29.92295 1.39966
v 5.80107 29.92295 0.70574
v 5.84367 29.92295 0.00156
v 5.80107 29.92295 -0.70263
v 5.67391 29.92295 -1.39655
v 5.46403 29.92295 -2.07009
v 5.17449 29.92295 -2.71341
v 4.80952 29.92295 -3.31714
v 4.37444 29.92295 -3.87248
v 3.87559 29.92295 -4.37133
v 3.32025 29.92295 -4.80641
v 2.71652 29.92295 -5.17138
v 2.07320 29.92295 -5.46092
v 1.39966 29.92295 -5.67080
v 0.70574 29.92295 -5.79796
v 0.00156 29.92295 -5.84056
v -0.70263 29.92295 -5.79796
v -1.39655 29.92295 -5.67080
v -2.07009 29.92295 -5.46092
v -2.71341 29.92295 -5.17138
v -3.31714 29.92295 -4.80641
v -3.87248 29.92295 -4.37133
v -4.37133 29.92295 -3.87248
v -4.80641 29.92295 -3.31714
v -5.17138 29.92295 -2.71341
v -5.46092 29.92295 -2.07009
v -5.67080 29.92295 -1.39655
v -5.79796 29.92295 -0.70263
v -5.84056 29.92295 0.00156
v -5.79796 29.92295 0.70574
v -5.67080 29.92295 1.39966
v -5.46092 29.92295 2.07320
v -5.17138 29.92295 2.71652
v -4.80641 29.92295 3.32025
v -4.37133 29.92295 3.87559
v -3.87248 29.92295 4.37444
v -3.31714 29.92295 4.80952
v -2.71341 29.92295 5.17449
v -2.07009 29.92295 5.46403
v -1.39655 29.92295 5.67391
v -0.70263 29.92295 5.80107
v 0.00156 29.92295 5.84367
v 0.78054 26.43042 6.41709
v 1.54817 26.43042 6.27642
v 2.29325 26.43042 6.04425
v 3.00490 26.43042 5.72395
v 3.67276 26.43042 5.32022
v 4.28709 26.43042 4.83892
v 4.83892 26.43042 4.28709
v 5.32022 26.43042 3.67276
v 5.72395 26.43042 3.00490
v 6.04425 26.43042 2.29325
v 6.27642 26.43042 1.54817
v 6.41709 26.43042 0.78054
v 6.46421 26.43042 0.00156
v 6.41709 26.43042 -0.77743
v 6.27642 26.43042 -1.54506
v 6.04425 26.43042 -2.29013
v 5.72395 26.43042 -3.00179
v 5.32022 26.43042 -3.66965
v 4.83892 26.43042 -4.28398
v 4.28709 26.43042 -4.83581
v 3.67276 26.43042 -5.31711
v 3.00490 26.43042 -5.72084
v 2.29325 26.43042 -6.04113
v 1.54817 26.43042 -6.27331
v 0.78054 26.43042 -6.41398
v 0.00156 26.43042 -6.46110
v -0.77743 26.43042 -6.41398
v -1.54506 26.43042 -6.27331
v -2.29013 26.43042 -6.04113
v -3.00179 26.43042 -5.72084
v -3.66965 26.43042 -5.31711
v -4.28398 26.43042 -4.83581
v -4.83581 26.43042 -4.28398
v -5.31711 26.43042 -3.66965
v -5.72084 26.43042 -3.00179
v -6.04113 26.43042 -2.29013
v -6.27331 26.43042 -1.54506
v -6.41398 26.43042 -0.77743
v -6.46110 26.43042 0.00156
v -6.41398 26.43042 0.78054
v -6.27331 26.43042 1.54817
v -6.04113 26.43042 2.29325
v -5.72084 26.43042 3.00490
v -5.31711 26.43042 3.67276
v -4.83581 26.43042 4.28709
v -4.28398 26.43042 4.83892
v -3.66965 26.43042 5.32022
v -3.00179 26.43042 5.72395
v -2.29013 26.43042 6.04425
v -1.54506 26.43042 6.27642
v -0.77743 26.43042 6.41709
v 0.00156 26.43042 6.46421
v 0.87521 22.97122 7.19676
v 1.73613 22.97122 7.03899
v 2.57175 22.97122 6.77860
v 3.36989 22.97122 6.41939
v 4.11892 22.97122 5.96659
v 4.80790 22.97122 5.42680
v 5.42680 22.97122 4.80790
v 5.96659 22.97122 4.11892
v 6.41939 22.97122 3.36989
v 6.77860 22.97122 2.57175
v 7.03899 22.97122 1.73613
v 7.19676 22.97122 0.87521
v 7.24961 22.97122 0.00156
v 7.19676 22.97122 -0.87210
v 7.03899 22.97122 -1.73302
v 6.77860 22.97122 -2.56864
v 6.41939 22.97122 -3.36678
v 5.96659 22.97122 -4.11581
v 5.42680 22.97122 -4.80479
v 4.80790 22.97122 -5.42369
v 4.11892 22.97122 -5.96348
v 3.36989 22.97122 -6.41628
v 2.57175 22.97122 -6.77549
v 1.73613 22.97122 -7.03588
v 0.87521 22.97122 -7.19365
v 0.00156 22.97122 -7.24650
v -0.87210 22.97122 -7.19365
v -1.73302 22.97122 -7.03588
v -2.56864 22.97122 -6.77549
v -3.36678 22.97122 -6.41628
v -4.11581 22.97122 -5.96348
v -4.80479 22.97122 -5.42369
v -5.42369 22.97122 -4.80479
v -5.96348 22.97122 -4.11581
v -6.41628 22.97122 -3.36678
v -6.77549 22.97122 -2.56864
v -7.03588 22.97122 -1.73302
v -7.19365 22.97122 -0.87210
v -7.24650 22.97122 0.00156
v -7.19365 22.97122 0.87521
v -7.03588 22.97122 1.73613
v -6.77549 22.97122 2.57175
v -6.41628 22.97122 3.36989
v -5.96348 22.97122 4.11892
v -5.42369 22.97122 4.80790
v -4.80479 22.97122 5.42680
v -4.11581 22.97122 5.96659
v -3.36678 22.97122 6.41939
v -2.56864 22.97122 6.77860
v -1.73302 22.97122 7.03899
v -0.87210 22.97122 7.19676
v 0.00156 22.97122 7.24961
v 0.98954 19.55314 8.13833
v 1.96312 19.55314 7.95992
v 2.90809 19.55314 7.66546
v 3.81068 19.55314 7.25923
v 4.65772 19.55314 6.74718
v 5.43687 19.55314 6.13676
v 6.13676 19.55314 5.43687
v 6.74718 19.55314 4.65772
v 7.25923 19.55314 3.81068
v 7.66546 19.55314 2.90809
v 7.95992 19.55314 1.96312
v 8.13833 19.55314 0.98954
v 8.19810 19.55314 0.00156
v 8.13833 19.55314 -0.98643
v 7.95992 19.55314 -1.96001
v 7.66546 19.55314 -2.90498
v 7.25923 19.55314 -3.80757
v 6.74718 19.55314 -4.65461
v 6.13676 19.55314 -5.43376
v 5.43687 19.55314 -6.13364
v 4.65772 19.55314 -6.74407
v 3.81068 19.55314 -7.25612
v 2.90809 19.55314 -7.66234
v 1.96312 19.55314 -7.95681
v 0.98954 19.55314 -8.13522
v 0.00156 19.55314 -8.19499
v -0.98643 19.55314 -8.13522
v -1.96001 19.55314 -7.95681
v -2.90498 19.55314 -7.66234
v -3.80757 19.55314 -7.25612
v -4.65461 19.55314 -6.74407
v -5.43376 19.55314 -6.13364
v -6.13364 19.55314 -5.43376
v -6.74407 19.55314 -4.65461
v -7.25612 19.55314 -3.80757
v -7.66234 19.55314 -2.90498
v -7.95681 19.55314 -1.96001
v -8.13522 19.55314 -0.98643
v -8.19499 19.55314 0.00156
v -8.13522 19.55314 0.98954
v -7.95681 19.55314 1.96312
v -7.66234 19.55314 2.90809
v -7.25612 19.55314 3.81068
v -6.74407 19.55314 4.65772
v -6.13364 19.55314 5.43687
v -5.43376 19.55314 6.13676
v -4.65461 19.55314 6.74718
v -3.80757 19.55314 7.25923
v -2.90498 19.55314 7.66546
v -1.96001 19.55314 7.95992
v -0.98643 19.55314 8.13833
v 0.00156 19.55314 8.19810
v 1.12327 16.18387 9.23969
v 2.22862 16.18387 9.03713
v 3.30150 16.18387 8.70280
v 4.32626 16.18387 8.24160
v 5.28796 16.18387 7.66023
v 6.17257 16.18387 6.96719
v 6.96719 16.18387 6.17257
v 7.66023 16.18387 5.28796
v 8.24160 16.18387 4.32626
v 8.70280 16.18387 3.30150
v 9.03713 16.18387 2.22862
v 9.23969 16.18387 1.12327
v 9.30754 16.18387 0.00156
v 9.23969 16.18387 -1.12016
v 9.03713 16.18387 -2.22551
v 8.70280 16.18387 -3.29839
v 8.24160 16.18387 -4.32315
v 7.66023 16.18387 -5.28485
v 6.96719 16.18387 -6.16946
v 6.17257 16.18387 -6.96408
v 5.28796 16.18387 -7.65712
v 4.32626 16.18387 -8.23849
v 3.30150 16.18387 -8.69969
v 2.22862 16.18387 -9.03402
v 1.12327 16.18387 -9.23658
v 0.00156 16.18387 -9.30443
v -1.12016 16.18387 -9.23658
v -2.22551 16.18387 -9.03402
v -3.29839 16.18387 -8.69969
v -4.32315 16.18387 -8.23849
v -5.28485 16.18387 -7.65712
v -6.16946 16.18387 -6.96408
v -6.96408 16.18387 -6.16946
v -7.65712 16.18387 -5.28485
v -8.23849 16.18387 -4.32315
v -8.69969 16.18387 -3.29839
v -9.03402 16.18387 -2.22551
v -9.23658 16.18387 -1.12016
v -9.30443 16.18387 0.00156
v -9.23658 16.18387 1.12327
v -9.03402 16.18387 2.22862
v -8.69969 16.18387 3.30150
v -8.23849 16.18387 4.32626
v -7.65712 16.18387 5.28796
v -6.96408 16.18387 6.17257
v -6.16946 16.18387 6.96719
v -5.28485 16.18387 7.66023
v -4.32315 16.18387 8.24160
v -3.29839 16.18387 8.70280
v -2.22551 16.18387 9.03713
v -1.12016 16.18387 9.23969
v 0.00156 16.18387 9.30754
v 1.27610 12.87097 10.49835
v 2.53205 12.87097 10.26819
v 3.75111 12.87097 9.88832
v 4.91549 12.87097 9.36428
v 6.00821 12.87097 8.70370
v 7.01334 12.87097 7.91623
v 7.91623 12.87097 7.01334
v 8.70370 12.87097 6.00821
v 9.36428 12.87097 4.91549
v 9.88832 12.87097 3.75111
v 10.26819 12.87097 2.53205
v 10.49835 12.87097 1.27610
v 10.57545 12.87097 0.00156
v 10.49835 12.87097 -1.27299
v 10.26819 12.87097 -2.52894
v 9.88832 12.87097 -3.74800
v 9.36428 12.87097 -4.91238
v 8.70370 12.87097 -6.00510
v 7.91623 12.87097 -7.01023
v 7.01334 12.87097 -7.91312
v 6.00821 12.87097 -8.70059
v 4.91549 12.87097 -9.36116
v 3.75111 12.87097 -9.88521
v 2.53205 12.87097 -10.26508
v 1.27610 12.87097 -10.49524
v 0.00156 12.87097 -10.57234
v -1.27299 12.87097 -10.49524
v -2.52894 12.87097 -10.26508
v -3.74800 12.87097 -9.88521
v -4.91238 12.87097 -9.36116
v -6.00510 12.87097 -8.70059
v -7.01023 12.87097 -7.91312
v -7.91312 12.87097 -7.01023
v -8.70059 12.87097 -6.00510
v -9.36116 12.87097 -4.91238
v -9.88521 12.87097 -3.74800
v -10.26508 12.87097 -2.52894
v -10.49524 12.87097 -1.27299
v -10.57234 12.87097 0.00156
v -10.49524 12.87097 1.27610
v -10.26508 12.87097 2.53205
v -9.88521 12.87097 3.75111
v -9.36116 12.87097 4.91549
v -8.70059 12.87097 6.00821
v -7.91312 12.87097 7.01334
v -7.01023 12.87097 7.91623
v -6.00510 12.87097 8.70370
v -4.91238 12.87097 9.36428
v -3.74800 12.87097 9.88832
v -2.52894 12.87097 10.26819
v -1.27299 12.87097 10.49835
v 0.00156 12.87097 10.57545
v 0.98073 58.07029 7.12561
v 1.94167 58.07029 6.92592
v 2.86647 58.07029 6.59725
v 6.38636 58.07029 3.30990
v 6.77738 58.07029 2.40968
v 7.04218 58.07029 1.46461
v 5.87641 58.07029 -4.14537
v 5.25702 58.07029 -4.90670
v 4.53973 58.07029 -5.57661
v -0.97762 58.07029 -7.12250
v -1.93856 58.07029 -6.92281
v -2.86336 58.07029 -6.59414
v -6.38325 58.07029 -3.30679
v -6.77427 58.07029 -2.40657
v -7.03907 58.07029 -1.46150
v -5.87330 58.07029 4.14848
v -5.25391 58.07029 4.90982
v -4.53662 58.07029 5.57972
v 2.63101 61.45696 7.44373
v 2.13604 61.45696 7.61964
v 2.20767 61.33256 7.87527
v 3.85324 61.45696 6.89545
v 3.15349 61.45696 7.25804
v 3.25926 61.33256 7.50154
v 6.72274 61.45696 4.14007
v 6.46498 61.45696 4.56394
v 6.68187 61.33256 4.71704
v 7.32838 61.45696 2.94526
v 7.02602 61.45696 3.64134
v 7.26174 61.33256 3.76348
v 7.83100 61.45696 -1.00088
v 7.89457 61.45696 -0.53834
v 8.15943 61.33256 -0.55646
v 7.55067 61.45696 -2.31074
v 7.74754 61.45696 -1.60808
v 8.00747 61.33256 -1.66209
v 5.46367 61.45696 -5.69718
v 5.78354 61.45696 -5.39844
v 5.97756 61.33256 -5.57964
v 4.42208 61.45696 -6.53943
v 4.99438 61.45696 -6.13545
v 5.16192 61.33256 -6.34139
v 2.20767 61.33256 -7.87216
v 2.13604 61.45696 -7.61653
v 3.15349 61.45696 -7.25493
v 1.99332 61.45696 -7.64619
v -0.66820 61.45696 -7.86409
v 0.00156 61.45696 -7.90991
v 0.00156 61.33256 -8.17539
v -3.25615 61.33256 -7.49843
v -3.15038 61.45696 -7.25493
v -2.13293 61.45696 -7.61653
v -3.25391 61.45696 -7.20128
v -5.46055 61.45696 -5.69718
v -4.99127 61.45696 -6.13545
v -5.15881 61.33256 -6.34139
v -7.25863 61.33256 -3.76037
v -7.02291 61.45696 -3.63823
v -6.46187 61.45696 -4.56083
v -7.05775 61.45696 -3.55802
v -7.82789 61.45696 -1.00088
v -7.74443 61.45696 -1.60808
v -8.00436 61.33256 -1.66209
v -8.00436 61.33256 1.66520
v -7.74443 61.45696 1.61119
v -7.89146 61.45696 0.54145
v -7.72870 61.45696 1.66732
v -6.71963 61.45696 4.14007
v -7.02291 61.45696 3.64134
v -7.25863 61.33256 3.76348
v -5.15881 61.33256 6.34450
v -4.99127 61.45696 6.13857
v -5.78042 61.45696 5.40155
v -4.96746 61.45696 6.15537
v -2.62789 61.45696 7.44373
v -3.15038 61.45696 7.25804
v -3.25615 61.33256 7.50154
v 0.00156 61.33256 8.17850
v 0.00156 61.45696 7.91302
v -1.07572 61.45696 7.83933
v -1.11187 61.33256 8.10234
v -1.33273 61.45696 7.78592
v -2.13293 61.45696 7.61964
v -2.20456 61.33256 7.87527
v -3.85013 61.45696 6.89545
v -4.24705 61.33256 6.98809
v -4.10911 61.45696 6.76126
v -5.97445 61.33256 5.58275
v -5.92766 61.45696 5.22057
v -6.46187 61.45696 4.56394
v -6.67876 61.33256 4.71704
v -7.32527 61.45696 2.94526
v -7.70326 61.33256 2.73985
v -7.45311 61.45696 2.65094
v -8.15632 61.33256 0.55957
v -7.89146 61.45696 0.33733
v -7.89146 61.45696 -0.53834
v -8.15632 61.33256 -0.55646
v -7.54755 61.45696 -2.31074
v -7.70326 61.33256 -2.73674
v -7.45311 61.45696 -2.64783
v -6.67876 61.33256 -4.71392
v -6.35146 61.45696 -4.69654
v -5.78042 61.45696 -5.39844
v -5.97445 61.33256 -5.57964
v -4.41897 61.45696 -6.53943
v -4.24705 61.33256 -6.98498
v -4.10911 61.45696 -6.75815
v -2.20456 61.33256 -7.87216
v -1.99021 61.45696 -7.64619
v -1.07572 61.45696 -7.83622
v -1.11187 61.33256 -8.09923
v 0.67131 61.45696 -7.86409
v 1.11498 61.33256 -8.09923
v 1.07883 61.45696 -7.83622
v 3.25926 61.33256 -7.49843
v 3.25703 61.45696 -7.20128
v 4.11222 61.45696 -6.75815
v 4.25016 61.33256 -6.98498
v 6.35457 61.45696 -4.69654
v 6.68187 61.33256 -4.71392
v 6.46498 61.45696 -4.56083
v 7.02602 61.45696 -3.63823
v 7.26174 61.33256 -3.76037
v 7.06086 61.45696 -3.55802
v 7.45622 61.45696 -2.64783
v 7.70637 61.33256 -2.73674
v 7.89457 61.45696 0.33733
v 8.15943 61.33256 0.55957
v 7.89457 61.45696 0.54145
v 7.74754 61.45696 1.61119
v 8.00747 61.33256 1.66520
v 7.73181 61.45696 1.66732
v 7.45622 61.45696 2.65094
v 7.70637 61.33256 2.73985
v 5.93077 61.45696 5.22057
v 5.97756 61.33256 5.58275
v 5.78354 61.45696 5.40155
v 4.99438 61.45696 6.13857
v 5.16192 61.33256 6.34450
v 4.97058 61.45696 6.15537
v 4.11222 61.45696 6.76126
v 4.25016 61.33256 6.98809
v 1.33584 61.45696 7.78592
v 1.11498 61.33256 8.10234
v 1.07883 61.45696 7.83933
v -0.97762 58.07029 7.12561
v -6.87563 61.16557 -4.85289
v -7.47259 61.16557 -3.87124
v -7.65879 60.96069 -3.96772
v -8.12792 60.96069 -2.88766
v -8.29051 60.72367 -2.94545
v -8.61456 60.72367 -1.78890
v -8.74238 60.46116 -1.81546
v -8.90836 60.46116 -0.60790
v -8.99304 60.18054 -0.61369
v -8.99304 60.18054 0.61680
v -9.02978 59.88968 0.61932
v -8.86155 59.88968 1.84333
v -8.84954 59.59676 1.84084
v -8.51666 59.59676 3.02893
v -8.45918 59.30999 3.00850
v -7.97093 59.30999 4.13256
v -7.87501 59.03745 4.08286
v -7.24591 59.03745 5.11737
v -7.12170 58.78676 5.02970
v -6.37069 58.78676 5.95282
v -6.23055 58.56498 5.82194
v -5.37996 58.56498 6.61633
v -5.23728 58.37834 6.44095
v -4.31165 58.37834 7.09432
v -4.17963 58.23207 6.87722
v -3.20445 58.23207 7.38252
v -3.09491 58.13029 7.13034
v -2.09537 58.13029 7.48558
v -2.01765 58.07586 7.20818
v -1.01754 58.07586 7.41600
v 0.00156 58.07029 7.19258
v -1.93856 58.07029 6.92592
v -6.15056 61.16557 -5.74412
v -7.04696 60.96069 -4.97383
v -7.81200 60.72367 -4.04710
v -8.41353 60.46116 -2.98916
v -8.82549 60.18054 -1.83273
v -9.02978 59.88968 -0.61620
v -9.01755 59.59676 0.61848
v -8.78982 59.30999 1.82842
v -8.35738 59.03745 2.97232
v -7.74002 58.78676 4.01292
v -6.96505 58.56498 4.91912
v -6.06531 58.37834 5.66761
v -5.07692 58.23207 6.24385
v -4.03677 58.13029 6.64231
v -2.98014 58.07586 6.86611
v -2.86336 58.07029 6.59725
v -5.31089 61.16557 -6.52832
v -6.30383 60.96069 -5.88726
v -7.18793 60.72367 -5.07334
v -7.92791 60.46116 -4.10716
v -8.49351 60.18054 -3.01759
v -8.86155 59.88968 -1.84022
v -9.01755 59.59676 -0.61537
v -8.95669 59.30999 0.61432
v -8.68405 59.03745 1.80644
v -8.21413 58.78676 2.92141
v -7.56977 58.56498 3.92470
v -6.78033 58.37834 4.78873
v -5.87961 58.23207 5.49418
v -4.90341 58.13029 6.03057
v -3.88709 58.07586 6.39616
v -3.73479 58.07029 6.14571
v -4.37226 61.16557 -7.19088
v -5.44324 60.96069 -6.69099
v -6.42994 60.72367 -6.00504
v -7.29459 60.46116 -5.14862
v -8.00328 60.18054 -4.14621
v -8.52821 59.88968 -3.02992
v -8.84954 59.59676 -1.83772
v -8.95669 59.30999 -0.61121
v -8.84891 59.03745 0.60694
v -8.53520 58.78676 1.77551
v -8.03345 58.56498 2.85720
v -7.36902 58.37834 3.82068
v -6.57275 58.23207 4.64221
v -5.67868 58.13029 5.30652
v -4.72160 58.07586 5.80710
v -3.35215 61.16557 -7.71946
v -4.48122 60.96069 -7.37006
v -5.55213 60.72367 -6.82485
v -6.52535 60.46116 -6.09415
v -7.36393 60.18054 -5.19757
v -8.03597 59.88968 -4.16316
v -8.51666 59.59676 -3.02582
v -8.78982 59.30999 -1.82531
v -8.84891 59.03745 -0.60383
v -8.69724 58.78676 0.59657
v -8.34745 58.56498 1.73650
v -7.82041 58.37834 2.78148
v -7.14342 58.23207 3.70378
v -6.34813 58.13029 4.48365
v -5.46813 58.07586 5.10989
v -2.26957 61.16557 -8.10421
v -3.43570 60.96069 -7.91180
v -4.57088 60.72367 -7.51749
v -5.63452 60.46116 -6.92612
v -6.58738 60.18054 -6.15208
v -7.39402 59.88968 -5.21881
v -8.02509 59.59676 -4.15752
v -8.45918 59.30999 -3.00539
v -8.68405 59.03745 -1.80333
v -8.69724 58.78676 -0.59346
v -8.50593 58.56498 0.58348
v -8.12609 58.37834 1.69050
v -7.58099 58.23207 2.69639
v -6.89930 58.13029 3.57729
v -6.11277 58.07586 4.31752
v -1.14468 61.16557 -8.33796
v -2.32615 60.96069 -8.30614
v -3.50445 60.72367 -8.07007
v -4.63871 60.46116 -7.62904
v -5.68809 60.18054 -6.99196
v -6.61430 59.88968 -6.17722
v -7.38400 59.59676 -5.21174
v -7.97093 59.30999 -4.12945
v -8.35738 59.03745 -2.96921
v -8.53520 58.78676 -1.77240
v -8.50593 58.56498 -0.58037
v -8.28036 58.37834 0.56805
v -7.87731 58.23207 1.63880
v -7.32192 58.13029 2.60432
v -6.64352 58.07586 3.44475
v -6.38325 58.07029 3.30990
v 0.00156 61.16557 -8.41636
v -1.17324 60.96069 -8.54572
v -2.37271 60.72367 -8.47229
v -3.55646 60.46116 -8.18981
v -4.68281 60.18054 -7.70156
v -5.71133 59.88968 -7.02053
v -6.60534 59.59676 -6.16885
v -7.33417 59.30999 -5.17656
v -7.87501 59.03745 -4.07975
v -8.21413 58.78676 -2.91830
v -8.34745 58.56498 -1.73339
v -8.28036 58.37834 -0.56494
v -8.02687 58.23207 0.55071
v -7.60812 58.13029 1.58286
v -7.05047 58.07586 2.50785
v -6.77427 58.07029 2.40968
v 1.14780 61.16557 -8.33796
v 0.00156 60.96069 -8.62608
v -1.19674 60.72367 -8.71666
v -2.40793 60.46116 -8.59800
v -3.59028 60.18054 -8.26767
v -4.70195 59.88968 -7.73303
v -5.70360 59.59676 -7.01102
v -6.56075 59.30999 -6.12721
v -7.24591 59.03745 -5.11426
v -7.74002 58.78676 -4.00981
v -8.03345 58.56498 -2.85409
v -8.12609 58.37834 -1.68739
v -8.02687 58.23207 -0.54760
v -7.75256 58.13029 0.53195
v -7.32606 58.07586 1.52425
v -7.03907 58.07029 1.46461
v 2.27268 61.16557 -8.10421
v 1.17635 60.96069 -8.54572
v 0.00156 60.72367 -8.79863
v -1.21451 60.46116 -8.84600
v -2.43083 60.18054 -8.67974
v -3.60495 59.88968 -8.30145
v -4.69558 59.59676 -7.72255
v -5.66510 59.30999 -6.96370
v -6.48180 59.03745 -6.05348
v -7.12170 58.78676 -5.02659
v -7.56977 58.56498 -3.92159
v -7.82041 58.37834 -2.77837
v -7.87731 58.23207 -1.63569
v -7.75256 58.13029 -0.52884
v -7.46515 58.07586 0.51229
v -7.17271 58.07029 0.49229
v 3.35526 61.16557 -7.71946
v 2.32926 60.96069 -8.30614
v 1.19985 60.72367 -8.71666
v 0.00156 60.46116 -8.92918
v -1.22607 60.18054 -8.93009
v -2.44076 59.88968 -8.71520
v -3.60006 59.59676 -8.29020
v -4.66388 59.30999 -7.67043
v -5.59692 59.03745 -6.87990
v -6.37069 58.78676 -5.94971
v -6.96505 58.56498 -4.91601
v -7.36902 58.37834 -3.81757
v -7.58099 58.23207 -2.69328
v -7.60812 58.13029 -1.57975
v -7.46515 58.07586 -0.50918
v -7.17271 58.07029 -0.48918
v 4.37537 61.16557 -7.19088
v 3.43881 60.96069 -7.91180
v 2.37582 60.72367 -8.47229
v 1.21762 60.46116 -8.84600
v 0.00156 60.18054 -9.01406
v -1.23109 59.88968 -8.96657
v -2.43746 59.59676 -8.70339
v -3.57576 59.30999 -8.23425
v -4.60775 59.03745 -7.57813
v -5.50098 58.78676 -6.76197
v -6.23055 58.56498 -5.81883
v -6.78033 58.37834 -4.78562
v -7.14342 58.23207 -3.70067
v -7.32192 58.13029 -2.60121
v -7.32606 58.07586 -1.52114
v 5.31400 61.16557 -6.52832
v 4.48433 60.96069 -7.37006
v 3.50756 60.72367 -8.07007
v 2.41104 60.46116 -8.59800
v 1.22918 60.18054 -8.93009
v 0.00156 59.88968 -9.05089
v -1.22942 59.59676 -8.95443
v -2.42100 59.30999 -8.64465
v -3.53272 59.03745 -8.13516
v -4.52876 58.78676 -7.44823
v -5.37996 58.56498 -6.61322
v -6.06531 58.37834 -5.66450
v -6.57275 58.23207 -4.63910
v -6.89930 58.13029 -3.57418
v -7.05047 58.07586 -2.50474
v 6.15367 61.16557 -5.74412
v 5.44635 60.96069 -6.69099
v 4.57399 60.72367 -7.51749
v 3.55957 60.46116 -8.18981
v 2.43394 60.18054 -8.67974
v 1.23420 59.88968 -8.96657
v 0.00156 59.59676 -9.03863
v -1.22111 59.30999 -8.89399
v -2.39185 59.03745 -8.54063
v -3.47215 58.78676 -7.99572
v -4.42913 58.56498 -7.28439
v -5.23728 58.37834 -6.43783
v -5.87961 58.23207 -5.49107
v -6.34813 58.13029 -4.48054
v -6.64352 58.07586 -3.44164
v 6.87874 61.16557 -4.85289
v 6.30694 60.96069 -5.88726
v 5.55524 60.72367 -6.82485
v 4.64182 60.46116 -7.62904
v 3.59339 60.18054 -8.26767
v 2.44387 59.88968 -8.71520
v 1.23253 59.59676 -8.95443
v 0.00156 59.30999 -8.97763
v -1.20640 59.03745 -8.78697
v -2.35084 58.78676 -8.39424
v -3.39576 58.56498 -7.81984
v -4.31165 58.37834 -7.09121
v -5.07692 58.23207 -6.24074
v -5.67868 58.13029 -5.30341
v -6.11277 58.07586 -4.31441
v -5.87330 58.07029 -4.14537
v 7.47570 61.16557 -3.87124
v 7.05007 60.96069 -4.97383
v 6.43305 60.72367 -6.00504
v 5.63763 60.46116 -6.92612
v 4.68592 60.18054 -7.70156
v 3.60806 59.88968 -8.30145
v 2.44057 59.59676 -8.70339
v 1.22422 59.30999 -8.89399
v 0.00156 59.03745 -8.86959
v -1.18570 58.78676 -8.63636
v -2.29910 58.56498 -8.20959
v -3.30568 58.37834 -7.61246
v -4.17963 58.23207 -6.87411
v -4.90341 58.13029 -6.02746
v -5.46813 58.07586 -5.10678
v -5.25391 58.07029 -4.90670
v 7.93343 61.16557 -2.81743
v 7.66190 60.96069 -3.96772
v 7.19104 60.72367 -5.07334
v 6.52846 60.46116 -6.09415
v 5.69120 60.18054 -6.99196
v 4.70506 59.88968 -7.73303
v 3.60317 59.59676 -8.29020
v 2.42411 59.30999 -8.64465
v 1.20951 59.03745 -8.78697
v 0.00156 58.78676 -8.71757
v -1.15959 58.56498 -8.44639
v -2.23810 58.37834 -7.99188
v -3.20445 58.23207 -7.37941
v -4.03677 58.13029 -6.63920
v -4.72160 58.07586 -5.80399
v -4.53662 58.07029 -5.57661
v 8.24341 61.16557 -1.71112
v 8.13104 60.96069 -2.88766
v 7.81511 60.72367 -4.04710
v 7.29770 60.46116 -5.14862
v 6.59049 60.18054 -6.15208
v 5.71444 59.88968 -7.02053
v 4.69869 59.59676 -7.72255
v 3.57887 59.30999 -8.23425
v 2.39496 59.03745 -8.54063
v 1.18881 58.78676 -8.63636
v 0.00156 58.56498 -8.52581
v -1.12880 58.37834 -8.22240
v -2.16955 58.23207 -7.74722
v -3.09491 58.13029 -7.12723
v -3.88709 58.07586 -6.39305
v -3.73479 58.07029 -6.14260
v 8.39985 61.16557 -0.57290
v 8.44873 60.96069 -1.75379
v 8.29362 60.72367 -2.94545
v 7.93102 60.46116 -4.10716
v 7.36704 60.18054 -5.19757
v 6.61741 59.88968 -6.17722
v 5.70671 59.59676 -7.01102
v 4.66699 59.30999 -7.67043
v 3.53583 59.03745 -8.13516
v 2.35395 58.78676 -8.39424
v 1.16270 58.56498 -8.44639
v 0.00156 58.37834 -8.29972
v -1.09420 58.23207 -7.97068
v -2.09537 58.13029 -7.48247
v -2.98014 58.07586 -6.86300
v 8.39985 61.16557 0.57601
v 8.60907 60.96069 -0.58722
v 8.61767 60.72367 -1.78890
v 8.41664 60.46116 -2.98916
v 8.00639 60.18054 -4.14621
v 7.39713 59.88968 -5.21881
v 6.60845 59.59676 -6.16885
v 5.66821 59.30999 -6.96370
v 4.61086 59.03745 -7.57813
v 3.47526 58.78676 -7.99572
v 2.30221 58.56498 -8.20959
v 1.13191 58.37834 -8.22240
v 0.00156 58.23207 -8.04563
v -1.05676 58.13029 -7.69829
v -2.01765 58.07586 -7.20507
v 8.24341 61.16557 1.71423
v 8.60907 60.96069 0.59032
v 8.78122 60.72367 -0.59899
v 8.74550 60.46116 -1.81546
v 8.49662 60.18054 -3.01759
v 8.03909 59.88968 -4.16316
v 7.38711 59.59676 -5.21174
v 6.56386 59.30999 -6.12721
v 5.60003 59.03745 -6.87990
v 4.53187 58.78676 -7.44823
v 3.39887 58.56498 -7.81984
v 2.24121 58.37834 -7.99188
v 1.09731 58.23207 -7.97068
v 0.00156 58.13029 -7.77068
v -1.01754 58.07586 -7.41289
v 7.93343 61.16557 2.82055
v 8.44873 60.96069 1.75690
v 8.78122 60.72367 0.60210
v 8.91147 60.46116 -0.60790
v 8.82860 60.18054 -1.83273
v 8.53132 59.88968 -3.02992
v 8.02820 59.59676 -4.15752
v 7.33728 59.30999 -5.17656
v 6.48491 59.03745 -6.05348
v 5.50409 58.78676 -6.76197
v 4.43224 58.56498 -7.28439
v 3.30879 58.37834 -7.61246
v 2.17266 58.23207 -7.74722
v 1.05987 58.13029 -7.69829
v 0.00156 58.07586 -7.48260
v 7.47570 61.16557 3.87435
v 8.13104 60.96069 2.89077
v 8.61767 60.72367 1.79201
v 8.91147 60.46116 0.61101
v 8.99615 60.18054 -0.61369
v 8.86466 59.88968 -1.84022
v 8.51977 59.59676 -3.02582
v 7.97404 59.30999 -4.12945
v 7.24902 59.03745 -5.11426
v 6.37380 58.78676 -5.94971
v 5.38307 58.56498 -6.61322
v 4.31476 58.37834 -7.09121
v 3.20756 58.23207 -7.37941
v 2.09848 58.13029 -7.48247
v 1.02065 58.07586 -7.41289
v 0.00156 58.07029 -7.18947
v 0.98073 58.07029 -7.12250
v 6.87874 61.16557 4.85600
v 7.66190 60.96069 3.97083
v 8.29362 60.72367 2.94856
v 8.74550 60.46116 1.81857
v 8.99615 60.18054 0.61680
v 9.03289 59.88968 -0.61620
v 8.85266 59.59676 -1.83772
v 8.46229 59.30999 -3.00539
v 7.87812 59.03745 -4.07975
v 7.12482 58.78676 -5.02659
v 6.23366 58.56498 -5.81883
v 5.24039 58.37834 -6.43783
v 4.18274 58.23207 -6.87411
v 3.09802 58.13029 -7.12723
v 2.02076 58.07586 -7.20507
v 1.94167 58.07029 -6.92281
v 6.15367 61.16557 5.74723
v 7.05007 60.96069 4.97694
v 7.81511 60.72367 4.05021
v 8.41664 60.46116 2.99228
v 8.82860 60.18054 1.83584
v 9.03289 59.88968 0.61932
v 9.02066 59.59676 -0.61537
v 8.79293 59.30999 -1.82531
v 8.36049 59.03745 -2.96921
v 7.74313 58.78676 -4.00981
v 6.96816 58.56498 -4.91601
v 6.06842 58.37834 -5.66450
v 5.08003 58.23207 -6.24074
v 4.03988 58.13029 -6.63920
v 2.98325 58.07586 -6.86300
v 2.86647 58.07029 -6.59414
v 5.31400 61.16557 6.53143
v 6.30694 60.96069 5.89037
v 7.19104 60.72367 5.07645
v 7.93102 60.46116 4.11027
v 8.49662 60.18054 3.02070
v 8.86466 59.88968 1.84333
v 9.02066 59.59676 0.61848
v 8.95980 59.30999 -0.61121
v 8.68716 59.03745 -1.80333
v 8.21724 58.78676 -2.91830
v 7.57288 58.56498 -3.92159
v 6.78344 58.37834 -4.78562
v 5.88273 58.23207 -5.49107
v 4.90652 58.13029 -6.02746
v 3.89020 58.07586 -6.39305
v 3.73790 58.07029 -6.14260
v 4.37537 61.16557 7.19399
v 5.44635 60.96069 6.69411
v 6.43305 60.72367 6.00815
v 7.29770 60.46116 5.15173
v 8.00639 60.18054 4.14932
v 8.53132 59.88968 3.03303
v 8.85266 59.59676 1.84084
v 8.95980 59.30999 0.61432
v 8.85202 59.03745 -0.60383
v 8.53831 58.78676 -1.77240
v 8.03656 58.56498 -2.85409
v 7.37213 58.37834 -3.81757
v 6.57586 58.23207 -4.63910
v 5.68179 58.13029 -5.30341
v 4.72472 58.07586 -5.80399
v 3.35526 61.16557 7.72257
v 4.48433 60.96069 7.37317
v 5.55524 60.72367 6.82796
v 6.52846 60.46116 6.09726
v 7.36704 60.18054 5.20068
v 8.03909 59.88968 4.16627
v 8.51977 59.59676 3.02893
v 8.79293 59.30999 1.82842
v 8.85202 59.03745 0.60694
v 8.70035 58.78676 -0.59346
v 8.35057 58.56498 -1.73339
v 7.82352 58.37834 -2.77837
v 7.14653 58.23207 -3.70067
v 6.35124 58.13029 -4.48054
v 5.47125 58.07586 -5.10678
v 2.27268 61.16557 8.10732
v 3.43881 60.96069 7.91492
v 4.57399 60.72367 7.52060
v 5.63763 60.46116 6.92923
v 6.59049 60.18054 6.15519
v 7.39713 59.88968 5.22192
v 8.02820 59.59676 4.16063
v 8.46229 59.30999 3.00850
v 8.68716 59.03745 1.80644
v 8.70035 58.78676 0.59657
v 8.50904 58.56498 -0.58037
v 8.12920 58.37834 -1.68739
v 7.58410 58.23207 -2.69328
v 6.90241 58.13029 -3.57418
v 6.11589 58.07586 -4.31441
v 1.14780 61.16557 8.34107
v 2.32926 60.96069 8.30925
v 3.50756 60.72367 8.07318
v 4.64182 60.46116 7.63215
v 5.69120 60.18054 6.99507
v 6.61741 59.88968 6.18033
v 7.38711 59.59676 5.21485
v 7.97404 59.30999 4.13256
v 8.36049 59.03745 2.97232
v 8.53831 58.78676 1.77551
v 8.50904 58.56498 0.58348
v 8.28347 58.37834 -0.56494
v 7.88042 58.23207 -1.63569
v 7.32503 58.13029 -2.60121
v 6.64663 58.07586 -3.44164
v 6.38636 58.07029 -3.30679
v 0.00156 61.16557 8.41947
v 1.17635 60.96069 8.54883
v 2.37582 60.72367 8.47541
v 3.55957 60.46116 8.19292
v 4.68592 60.18054 7.70467
v 5.71444 59.88968 7.02364
v 6.60845 59.59676 6.17196
v 7.33728 59.30999 5.17967
v 7.87812 59.03745 4.08286
v 8.21724 58.78676 2.92141
v 8.35057 58.56498 1.73650
v 8.28347 58.37834 0.56805
v 8.02998 58.23207 -0.54760
v 7.61123 58.13029 -1.57975
v 7.05358 58.07586 -2.50474
v 6.77738 58.07029 -2.40657
v -1.14468 61.16557 8.34107
v 0.00156 60.96069 8.62919
v 1.19985 60.72367 8.71977
v 2.41104 60.46116 8.60111
v 3.59339 60.18054 8.27078
v 4.70506 59.88968 7.73614
v 5.70671 59.59676 7.01413
v 6.56386 59.30999 6.13032
v 7.24902 59.03745 5.11737
v 7.74313 58.78676 4.01292
v 8.03656 58.56498 2.85720
v 8.12920 58.37834 1.69050
v 8.02998 58.23207 0.55071
v 7.75567 58.13029 -0.52884
v 7.32917 58.07586 -1.52114
v 7.04218 58.07029 -1.46150
v -2.26957 61.16557 8.10732
v -1.17324 60.96069 8.54883
v 0.00156 60.72367 8.80174
v 1.21762 60.46116 8.84911
v 2.43394 60.18054 8.68285
v 3.60806 59.88968 8.30456
v 4.69869 59.59676 7.72566
v 5.66821 59.30999 6.96681
v 6.48491 59.03745 6.05659
v 7.12482 58.78676 5.02970
v 7.57288 58.56498 3.92470
v 7.82352 58.37834 2.78148
v 7.88042 58.23207 1.63880
v 7.75567 58.13029 0.53195
v 7.46826 58.07586 -0.50918
v 7.17582 58.07029 -0.48918
v -3.35215 61.16557 7.72257
v -2.32615 60.96069 8.30925
v -1.19674 60.72367 8.71977
v 0.00156 60.46116 8.93229
v 1.22918 60.18054 8.93320
v 2.44387 59.88968 8.71831
v 3.60317 59.59676 8.29331
v 4.66699 59.30999 7.67354
v 5.60003 59.03745 6.88301
v 6.37380 58.78676 5.95282
v 6.96816 58.56498 4.91912
v 7.37213 58.37834 3.82068
v 7.58410 58.23207 2.69639
v 7.61123 58.13029 1.58286
v 7.46826 58.07586 0.51229
v 7.17582 58.07029 0.49229
v -4.37226 61.16557 7.19399
v -3.43570 60.96069 7.91492
v -2.37271 60.72367 8.47541
v -1.21451 60.46116 8.84911
v 0.00156 60.18054 9.01717
v 1.23420 59.88968 8.96968
v 2.44057 59.59676 8.70651
v 3.57887 59.30999 8.23736
v 4.61086 59.03745 7.58124
v 5.50409 58.78676 6.76508
v 6.23366 58.56498 5.82194
v 6.78344 58.37834 4.78873
v 7.14653 58.23207 3.70378
v 7.32503 58.13029 2.60432
v 7.32917 58.07586 1.52425
v -5.31089 61.16557 6.53143
v -4.48122 60.96069 7.37317
v -3.50445 60.72367 8.07318
v -2.40793 60.46116 8.60111
v -1.22607 60.18054 8.93320
v 0.00156 59.88968 9.05400
v 1.23253 59.59676 8.95754
v 2.42411 59.30999 8.64776
v 3.53583 59.03745 8.13827
v 4.53187 58.78676 7.45134
v 5.38307 58.56498 6.61633
v 6.06842 58.37834 5.66761
v 6.57586 58.23207 4.64221
v 6.90241 58.13029 3.57729
v 7.05358 58.07586 2.50785
v -6.15056 61.16557 5.74723
v -5.44324 60.96069 6.69411
v -4.57088 60.72367 7.52060
v -3.55646 60.46116 8.19292
v -2.43083 60.18054 8.68285
v -1.23109 59.88968 8.96968
v 0.00156 59.59676 9.04174
v 1.22422 59.30999 8.89710
v 2.39496 59.03745 8.54374
v 3.47526 58.78676 7.99883
v 4.43224 58.56498 7.28750
v 5.24039 58.37834 6.44095
v 5.88273 58.23207 5.49418
v 6.35124 58.13029 4.48365
v 6.64663 58.07586 3.44475
v -6.87563 61.16557 4.85600
v -6.30383 60.96069 5.89037
v -5.55213 60.72367 6.82796
v -4.63871 60.46116 7.63215
v -3.59028 60.18054 8.27078
v -2.44076 59.88968 8.71831
v -1.22942 59.59676 8.95754
v 0.00156 59.30999 8.98074
v 1.20951 59.03745 8.79008
v 2.35395 58.78676 8.39735
v 3.39887 58.56498 7.82295
v 4.31476 58.37834 7.09432
v 5.08003 58.23207 6.24385
v 5.68179 58.13029 5.30652
v 6.11589 58.07586 4.31752
v 5.87641 58.07029 4.14848
v -7.47259 61.16557 3.87435
v -7.04696 60.96069 4.97694
v -6.42994 60.72367 6.00815
v -5.63452 60.46116 6.92923
v -4.68281 60.18054 7.70467
v -3.60495 59.88968 8.30456
v -2.43746 59.59676 8.70651
v -1.22111 59.30999 8.89710
v 0.00156 59.03745 8.87270
v 1.18881 58.78676 8.63947
v 2.30221 58.56498 8.21271
v 3.30879 58.37834 7.61557
v 4.18274 58.23207 6.87722
v 4.90652 58.13029 6.03057
v 5.47125 58.07586 5.10989
v 5.25702 58.07029 4.90982
v -7.93032 61.16557 2.82055
v -7.65879 60.96069 3.97083
v -7.18793 60.72367 5.07645
v -6.52535 60.46116 6.09726
v -5.68809 60.18054 6.99507
v -4.70195 59.88968 7.73614
v -3.60006 59.59676 8.29331
v -2.42100 59.30999 8.64776
v -1.20640 59.03745 8.79008
v 0.00156 58.78676 8.72068
v 1.16270 58.56498 8.44950
v 2.24121 58.37834 7.99499
v 3.20756 58.23207 7.38252
v 4.03988 58.13029 6.64231
v 4.72472 58.07586 5.80710
v 4.53973 58.07029 5.57972
v -8.24030 61.16557 1.71423
v -8.12792 60.96069 2.89077
v -7.81200 60.72367 4.05021
v -7.29459 60.46116 5.15173
v -6.58738 60.18054 6.15519
v -5.71133 59.88968 7.02364
v -4.69558 59.59676 7.72566
v -3.57576 59.30999 8.23736
v -2.39185 59.03745 8.54374
v -1.18570 58.78676 8.63947
v 0.00156 58.56498 8.52892
v 1.13191 58.37834 8.22551
v 2.17266 58.23207 7.75033
v 3.09802 58.13029 7.13034
v 3.89020 58.07586 6.39616
v 3.73790 58.07029 6.14571
v -8.39674 61.16557 0.57601
v -8.44562 60.96069 1.75690
v -8.29051 60.72367 2.94856
v -7.92791 60.46116 4.11027
v -7.36393 60.18054 5.20068
v -6.61430 59.88968 6.18033
v -5.70360 59.59676 7.01413
v -4.66388 59.30999 7.67354
v -3.53272 59.03745 8.13827
v -2.35084 58.78676 8.39735
v -1.15959 58.56498 8.44950
v 0.00156 58.37834 8.30283
v 1.09731 58.23207 7.97379
v 2.09848 58.13029 7.48558
v 2.98325 58.07586 6.86611
v -8.39674 61.16557 -0.57290
v -8.60596 60.96069 0.59032
v -8.61456 60.72367 1.79201
v -8.41353 60.46116 2.99228
v -8.00328 60.18054 4.14932
v -7.39402 59.88968 5.22192
v -6.60534 59.59676 6.17196
v -5.66510 59.30999 6.96681
v -4.60775 59.03745 7.58124
v -3.47215 58.78676 7.99883
v -2.29910 58.56498 8.21271
v -1.12880 58.37834 8.22551
v 0.00156 58.23207 8.04874
v 1.05987 58.13029 7.70140
v 2.02076 58.07586 7.20818
v -8.24030 61.16557 -1.71112
v -8.60596 60.96069 -0.58722
v -8.77811 60.72367 0.60210
v -8.74238 60.46116 1.81857
v -8.49351 60.18054 3.02070
v -8.03597 59.88968 4.16627
v -7.38400 59.59676 5.21485
v -6.56075 59.30999 6.13032
v -5.59692 59.03745 6.88301
v -4.52876 58.78676 7.45134
v -3.39576 58.56498 7.82295
v -2.23810 58.37834 7.99499
v -1.09420 58.23207 7.97379
v 0.00156 58.13029 7.77379
v 1.02065 58.07586 7.41600
v -7.93032 61.16557 -2.81743
v -8.44562 60.96069 -1.75379
v -8.77811 60.72367 -0.59899
v -8.90836 60.46116 0.61101
v -8.82549 60.18054 1.83584
v -8.52821 59.88968 3.03303
v -8.02509 59.59676 4.16063
v -7.33417 59.30999 5.17967
v -6.48180 59.03745 6.05659
v -5.50098 58.78676 6.76508
v -4.42913 58.56498 7.28750
v -3.30568 58.37834 7.61557
v -2.16955 58.23207 7.75033
v -1.05676 58.13029 7.70140
v 0.00156 58.07586 7.48571
v -11.11316 70.82832 2.43572
v -11.11896 70.82832 2.39834
v -5.38137 70.82832 10.02583
v -5.54219 70.82832 9.92625
v -6.57243 70.82832 9.28836
v -7.13290 70.82832 8.83735
v -7.66385 70.82832 8.41010
v -8.53372 70.82832 7.51301
v -8.63906 70.82832 7.40438
v -9.48329 70.82832 6.28644
v -9.67252 70.82832 5.95868
v -10.18373 70.82832 5.07323
v -10.53798 70.82832 4.23630
v -10.72979 70.82832 3.78313
v -11.32804 70.82832 1.05140
v -11.34553 70.82832 0.48382
v -11.37118 70.82832 -0.34883
v -11.26986 70.82832 -1.44232
v -11.24193 70.82832 -1.74376
v -10.94223 70.82832 -3.11222
v -10.86678 70.82832 -3.32633
v -10.47663 70.82832 -4.43348
v -10.13909 70.82832 -5.11137
v -9.85220 70.82832 -5.68751
v -9.14107 70.82832 -6.76071
v -9.07839 70.82832 -6.85530
v -8.16694 70.82832 -7.91915
v -7.85927 70.82832 -8.19963
v -7.13167 70.82832 -8.86293
v -6.35899 70.82832 -9.40990
v -5.98826 70.82832 -9.67233
v -4.75405 70.82832 -10.33509
v -4.68352 70.82832 -10.36241
v -3.44776 70.82832 -10.84115
v -2.86032 70.82832 -10.98890
v -2.08917 70.82832 -11.18285
v -0.96175 70.82832 -11.32245
v -0.69889 70.82832 -11.35500
v 0.70200 70.82832 -11.35500
v 0.96486 70.82832 -11.32245
v 2.09228 70.82832 -11.18285
v 2.86343 70.82832 -10.98890
v 3.45087 70.82832 -10.84115
v 4.68663 70.82832 -10.36241
v 4.75716 70.82832 -10.33509
v 5.99137 70.82832 -9.67233
v 6.36210 70.82832 -9.40990
v 7.13478 70.82832 -8.86293
v 7.86238 70.82832 -8.19963
v 8.17006 70.82832 -7.91915
v 9.08151 70.82832 -6.85530
v 9.14418 70.82832 -6.76071
v 9.85531 70.82832 -5.68751
v 10.14220 70.82832 -5.11137
v 10.47974 70.82832 -4.43348
v 10.86989 70.82832 -3.32633
v 10.94534 70.82832 -3.11222
v 11.24504 70.82832 -1.74376
v 11.27297 70.82832 -1.44232
v 11.37430 70.82832 -0.34883
v 11.34864 70.82832 0.48382
v 11.33115 70.82832 1.05140
v 11.12207 70.82832 2.39834
v 11.11627 70.82832 2.43572
v 10.73290 70.82832 3.78313
v 10.54109 70.82832 4.23630
v 10.18685 70.82832 5.07323
v 9.67563 70.82832 5.95868
v 8.53683 70.82832 7.51301
v 7.66696 70.82832 8.41010
v 9.48640 70.82832 6.28644
v 8.64217 70.82832 7.40438
v 7.13601 70.82832 8.83735
v 6.57554 70.82832 9.28836
v 5.54531 70.82832 9.92625
v 5.38448 70.82832 10.02583
v 4.11181 70.82832 10.61135
v 3.78725 70.82832 10.71460
v 2.77684 70.82832 11.03604
v 1.92074 70.82832 11.19607
v 1.39980 70.82832 11.29345
v 0.00156 70.82832 11.37969
v -1.39668 70.82832 11.29345
v -1.91763 70.82832 11.19607
v -2.77373 70.82832 11.03604
v -3.78414 70.82832 10.71460
v -4.10870 70.82832 10.61135
v 4.55564 0.00000 14.76555
v 2.30432 0.00000 15.27940
v 0.00156 0.00000 0.00156
v 0.00156 0.00000 15.45197
v -2.30121 0.00000 15.27940
v 10.51050 0.00000 11.32751
v 8.70508 0.00000 12.76728
v 6.70524 0.00000 13.92189
v 14.38394 0.00000 5.64622
v 13.38200 0.00000 7.72676
v 12.08117 0.00000 9.63473
v 15.40876 0.00000 -1.15305
v 15.40876 0.00000 1.15617
v 15.06459 0.00000 3.43959
v 13.38200 0.00000 -7.72365
v 14.38394 0.00000 -5.64311
v 15.06459 0.00000 -3.43648
v 8.70508 0.00000 -12.76417
v 10.51050 0.00000 -11.32440
v 12.08117 0.00000 -9.63162
v 2.30432 0.00000 -15.27629
v 4.55564 0.00000 -14.76244
v 6.70524 0.00000 -13.91878
v -4.55253 0.00000 -14.76244
v -2.30121 0.00000 -15.27629
v 0.00156 0.00000 -15.44886
v -10.50739 0.00000 -11.32440
v -8.70197 0.00000 -12.76417
v -6.70213 0.00000 -13.91878
v -14.38083 0.00000 -5.64311
v -13.37889 0.00000 -7.72365
v -12.07806 0.00000 -9.63162
v -15.40565 0.00000 1.15617
v -15.40565 0.00000 -1.15305
v -15.06148 0.00000 -3.43648
v -13.37889 0.00000 7.72676
v -14.38083 0.00000 5.64622
v -15.06148 0.00000 3.43959
v -8.70197 0.00000 12.76728
v -10.50739 0.00000 11.32751
v -12.07806 0.00000 9.63473
v -4.55253 0.00000 14.76555
v -6.70213 0.00000 13.92189
v 11.30651 78.66982 -4.95726
v 11.28573 79.38277 -5.56362
v 10.89778 79.38277 -6.28938
v 10.53165 79.38277 -6.87819
v 8.88621 73.52906 -5.80312
v 9.26770 73.52906 -5.21704
v 9.72679 73.52906 -4.26374
v 9.85897 73.52906 -3.98927
v 11.27592 77.41164 -3.88719
v 11.15970 76.16165 -2.82407
v 10.28837 73.52906 -2.69597
v 10.30549 73.52906 -2.60806
v 10.87207 74.51924 -1.42722
v 10.54887 73.52906 -1.35837
v 10.92812 74.51924 -0.90385
v 10.57988 73.52906 -0.87536
v 10.63618 73.52906 0.00156
v 10.92812 74.51924 0.90696
v 10.57988 73.52906 0.87847
v 10.87207 74.51924 1.43033
v 10.54887 73.52906 1.36148
v 10.30549 73.52906 2.61117
v 11.15970 76.16165 2.82718
v 10.28837 73.52906 2.69908
v 11.27592 77.41164 3.89030
v 9.85897 73.52906 3.99238
v 11.30651 78.66982 4.96037
v 9.72679 73.52906 4.26685
v 9.26770 73.52906 5.22015
v 9.58494 78.17741 7.52042
v 10.46322 79.38277 6.99134
v 10.53165 79.38277 6.88130
v 11.28573 79.38277 5.56673
v 10.89778 79.38277 6.29249
v 8.88621 73.52906 5.80623
v 8.52429 73.52906 6.36224
v 8.66887 76.97421 7.98038
v 7.81516 73.52906 7.19522
v 7.64093 73.52906 7.39988
v 7.72446 75.78532 8.36690
v 6.75542 74.61719 8.67544
v 6.63214 73.52906 8.31604
v 6.52930 73.52906 8.38778
v 6.67417 74.51924 8.70131
v 5.21985 74.51924 9.64412
v 5.51447 73.52906 9.09568
v 5.05354 73.52906 9.33614
v 4.19946 74.51924 10.13009
v 4.30627 73.52906 9.72599
v 3.44795 73.52906 10.04186
v 1.75122 73.52906 10.48791
v 1.98640 77.81093 11.89609
v 3.02740 73.52906 10.19663
v 2.84559 76.58601 11.30065
v 3.65398 75.37489 10.64072
v 1.69884 73.52906 10.49986
v 0.34241 73.52906 10.63071
v 0.82405 79.38277 12.55652
v 0.00156 79.38277 12.58344
v 0.00208 73.52906 10.61980
v -0.82094 79.38277 12.55652
v -1.01961 73.52906 10.58704
v -1.98329 77.81093 11.89609
v -1.74538 73.52906 10.46970
v -2.84248 76.58601 11.30065
v -2.36487 73.52906 10.36955
v -3.65087 75.37489 10.64072
v -3.44798 73.52906 10.04809
v -4.19635 74.51924 10.13009
v -3.67127 73.52906 9.98182
v -5.21674 74.51924 9.64412
v -6.51720 73.52906 8.37726
v -6.75227 74.61514 8.67887
v -6.67106 74.51924 8.70131
v -4.91737 73.52906 9.43021
v -5.05524 73.52906 9.34663
v -6.08269 73.52906 8.72378
v -7.72134 75.78532 8.36690
v -7.14811 73.52906 7.87413
v -8.66576 76.97421 7.98038
v -7.80934 73.52906 7.19136
v -9.58183 78.17741 7.52042
v -8.09614 73.52906 6.89522
v -8.90049 73.52906 5.81747
v -10.46012 79.38277 6.99134
v -11.30340 78.66982 4.96037
v -11.28261 79.38277 5.56673
v -8.91120 73.52906 5.80311
v -10.89467 79.38277 6.29249
v -10.52854 79.38277 6.88130
v -9.57991 73.52906 4.61575
v -9.72115 73.52906 4.26688
v -11.27281 77.41164 3.89030
v -10.09130 73.52906 3.35261
v -11.15659 76.16165 2.82718
v -10.28688 73.52906 2.60675
v -10.86896 74.51924 1.43033
v -10.43696 73.52906 2.03445
v -10.92501 74.51924 0.90696
v -10.58602 73.52906 0.87837
v -10.61122 73.52906 0.68292
v -10.92501 74.51924 -0.90385
v -9.58183 78.17741 -7.51731
v -10.46012 79.38277 -6.98823
v -10.52854 79.38277 -6.87819
v -10.61122 73.52906 -0.67981
v -10.58602 73.52906 -0.87526
v -10.86896 74.51924 -1.42722
v -10.43696 73.52906 -2.03134
v -11.15659 76.16165 -2.82407
v -10.28688 73.52906 -2.60364
v -11.27281 77.41164 -3.88719
v -10.09130 73.52906 -3.34950
v -11.30340 78.66982 -4.95726
v -9.72115 73.52906 -4.26377
v -11.28261 79.38277 -5.56362
v -9.57991 73.52906 -4.61264
v -10.89467 79.38277 -6.28938
v -8.91120 73.52906 -5.80000
v -8.90049 73.52906 -5.81435
v -8.09614 73.52906 -6.89211
v -8.66576 76.97421 -7.97727
v -7.80934 73.52906 -7.18825
v -7.72134 75.78532 -8.36379
v -7.14811 73.52906 -7.87102
v -6.75230 74.61719 -8.67233
v -6.51720 73.52906 -8.37415
v -6.67106 74.51924 -8.69820
v -6.08269 73.52906 -8.72067
v -5.21674 74.51924 -9.64101
v -5.05524 73.52906 -9.34352
v -4.91737 73.52906 -9.42710
v -4.19635 74.51924 -10.12698
v -3.67127 73.52906 -9.97870
v -3.65087 75.37489 -10.63760
v -3.44798 73.52906 -10.04498
v -2.84248 76.58601 -11.29754
v -2.36487 73.52906 -10.36644
v -1.98329 77.81093 -11.89298
v -1.74538 73.52906 -10.46659
v -0.82094 79.38277 -12.55341
v -1.01961 73.52906 -10.58393
v 0.00156 79.38277 -12.58032
v 0.00156 73.52906 -10.63307
v 0.82405 79.38277 -12.55341
v 0.34241 73.52906 -10.62761
v 1.98640 77.81093 -11.89298
v 1.69884 73.52906 -10.49675
v 1.75122 73.52906 -10.48480
v 2.84559 76.58601 -11.29754
v 3.02740 73.52906 -10.19352
v 3.65398 75.37489 -10.63760
v 3.44795 73.52906 -10.03875
v 4.19946 74.51924 -10.12698
v 4.30627 73.52906 -9.72288
v 5.21985 74.51924 -9.64101
v 5.05354 73.52906 -9.33303
v 5.51447 73.52906 -9.09257
v 6.67417 74.51924 -8.69820
v 6.52930 73.52906 -8.38466
v 6.75538 74.61514 -8.67576
v 6.63214 73.52906 -8.31293
v 7.72446 75.78532 -8.36379
v 7.64093 73.52906 -7.39677
v 8.66887 76.97421 -7.97727
v 7.81516 73.52906 -7.19211
v 9.58494 78.17741 -7.51731
v 10.46322 79.38277 -6.98823
v 8.52429 73.52906 -6.35913
v 2.06174 78.03335 -12.40178
v 2.02135 73.28016 -10.80339
v 0.88472 73.28016 -10.94414
v 2.62708 73.28016 -10.65104
v -2.05862 78.03335 -12.40178
v -1.16455 79.25090 -12.92424
v -1.04276 79.25090 -12.93465
v -4.46855 74.51924 -10.49016
v -4.41831 74.51924 -10.51142
v -3.33073 73.28016 -10.47329
v -2.62397 73.28016 -10.65104
v -4.30164 73.28016 -10.09715
v -4.59271 73.28016 -9.98439
v -6.09365 74.51924 -9.63724
v -7.27426 73.28016 -8.21157
v -7.80073 75.60653 -8.80541
v -6.89302 74.51924 -9.08265
v -5.78504 73.28016 -9.34412
v -5.86993 73.28016 -9.28403
v -6.88966 73.28016 -8.56218
v -8.79188 76.84142 -8.42158
v -7.88981 73.28016 -7.65042
v -9.75220 78.08938 -7.96214
v -8.49950 73.28016 -6.93879
v -10.60946 79.25090 -7.47122
v -8.77034 73.28016 -6.62267
v -11.23798 79.25090 -6.48759
v -9.51789 73.28016 -5.49450
v -11.77557 79.25090 -5.45147
v -10.12114 73.28016 -4.28301
v -11.77208 78.08938 -4.46360
v -10.25949 73.28016 -3.89040
v -11.68981 76.84142 -3.40222
v -10.57094 73.28016 -3.00658
v -11.52664 75.60653 -2.35194
v -10.74913 73.28016 -2.19293
v -11.31288 74.51924 -1.42722
v -10.86047 73.28016 -1.68454
v -11.39349 74.51924 -0.45765
v -10.97574 73.28016 -0.44051
v -10.98534 73.28016 -0.33695
v -11.31959 74.51924 1.37619
v -10.94366 73.28016 1.01578
v -10.89578 73.28016 1.32424
v -11.31288 74.51924 1.43033
v -10.73607 73.28016 2.35313
v -11.53550 75.66043 2.40090
v -10.53663 73.28016 3.05408
v -11.68772 76.82034 3.38739
v -11.77014 78.03335 4.41906
v -10.36570 73.28016 3.65484
v -9.91927 73.28016 4.70956
v -9.70996 78.03335 7.98739
v -10.60946 79.25090 7.47433
v -10.67937 79.25090 7.37407
v -6.84949 74.51924 9.11863
v -6.89302 74.51924 9.08576
v -7.40378 73.28016 8.12482
v -7.91110 73.28016 7.60163
v -6.59259 73.28016 8.77758
v -6.34940 73.28016 8.97328
v -5.29828 74.51924 10.09956
v -3.47331 73.28016 10.40916
v -3.72435 75.60653 11.16202
v -4.41831 74.51924 10.51453
v -5.19874 73.28016 9.68574
v -5.10426 73.28016 9.72920
v -3.96925 73.28016 10.25139
v -2.89637 76.84142 11.82846
v -2.67957 73.28016 10.66167
v -2.01833 78.08938 12.43040
v -1.75844 73.28016 10.83386
v -1.16455 79.25090 12.92736
v -1.34925 73.28016 10.91035
v 0.00156 79.25090 12.97985
v 0.00156 73.28016 10.99366
v 1.16766 79.25090 12.92736
v 1.35236 73.28016 10.91035
v 2.02144 78.08938 12.43040
v 1.76155 73.28016 10.83386
v 2.89949 76.84142 11.82846
v 2.68268 73.28016 10.66167
v 3.72747 75.60653 11.16202
v 3.47642 73.28016 10.40916
v 4.42142 74.51924 10.51453
v 3.97236 73.28016 10.25139
v 5.30139 74.51924 10.09956
v 5.10737 73.28016 9.72920
v 5.20185 73.28016 9.68574
v 6.85260 74.51924 9.11863
v 6.35251 73.28016 8.97328
v 6.59570 73.28016 8.77758
v 6.89613 74.51924 9.08576
v 7.40689 73.28016 8.12482
v 7.84798 75.66043 8.79327
v 7.91421 73.28016 7.60163
v 8.77841 76.82034 8.43184
v 9.71307 78.03335 7.98739
v 8.34901 73.28016 7.15322
v 9.03922 73.28016 6.23924
v 11.77325 78.03335 4.41906
v 11.77868 79.25090 5.45458
v 11.72680 79.25090 5.56525
v 11.32270 74.51924 1.37619
v 11.31599 74.51924 1.43033
v 10.73918 73.28016 2.35313
v 10.53974 73.28016 3.05408
v 10.89889 73.28016 1.32424
v 10.94677 73.28016 1.01578
v 11.39660 74.51924 -0.45765
v 10.75224 73.28016 -2.19293
v 11.52975 75.60653 -2.35194
v 11.31599 74.51924 -1.42722
v 10.98845 73.28016 -0.33695
v 10.97885 73.28016 -0.44051
v 10.86358 73.28016 -1.68454
v 11.69292 76.84142 -3.40222
v 10.57405 73.28016 -3.00658
v 11.77519 78.08938 -4.46360
v 10.26260 73.28016 -3.89040
v 11.77868 79.25090 -5.45147
v 10.12425 73.28016 -4.28301
v 11.24109 79.25090 -6.48759
v 9.52100 73.28016 -5.49450
v 10.61257 79.25090 -7.47122
v 8.77345 73.28016 -6.62267
v 9.75531 78.08938 -7.96214
v 8.50261 73.28016 -6.93879
v 8.79499 76.84142 -8.42158
v 7.89292 73.28016 -7.65042
v 7.80384 75.60653 -8.80541
v 7.27737 73.28016 -8.21157
v 6.89613 74.51924 -9.08265
v 6.89277 73.28016 -8.56218
v 6.09676 74.51924 -9.63724
v 5.87304 73.28016 -9.28403
v 5.78815 73.28016 -9.34412
v 4.47166 74.51924 -10.49016
v 2.91397 76.82034 -11.81457
v 3.69219 75.66043 -11.18950
v 3.33384 73.28016 -10.47329
v 4.42142 74.51924 -10.51142
v 4.30475 73.28016 -10.09715
v 4.59582 73.28016 -9.98439
v -7.84487 75.66043 8.79327
v -8.77530 76.82034 8.43184
v -8.34590 73.28016 7.15322
v -9.03611 73.28016 6.23924
v -9.16149 73.28016 6.07321
v -11.20153 79.25090 6.46966
v -9.83818 73.28016 4.90116
v -11.72369 79.25090 5.56525
v -11.77557 79.25090 5.45458
v -3.68908 75.66043 -11.18950
v -2.91086 76.82034 -11.81457
v -2.01824 73.28016 -10.80339
v -0.88161 73.28016 -10.94414
v -0.67513 73.28016 -10.96970
v 0.00156 79.25090 -12.93465
v 0.67824 73.28016 -10.96970
v 1.04587 79.25090 -12.93465
v 1.16766 79.25090 -12.92424
v 11.53861 75.66043 2.40090
v 11.69083 76.82034 3.38739
v 10.36881 73.28016 3.65484
v 9.92238 73.28016 4.70956
v 9.84129 73.28016 4.90116
v 11.20464 79.25090 6.46966
v 9.16460 73.28016 6.07321
v 10.68248 79.25090 7.37407
v 10.61257 79.25090 7.47433
v -0.42676 75.43682 -0.14978
v -0.44617 75.43682 -0.07522
v 0.00156 75.39883 0.00156
v -0.39502 75.43682 -0.21999
v -0.35188 75.43682 -0.28382
v -0.29857 75.43682 -0.33945
v -0.23662 75.43682 -0.38526
v -0.16782 75.43682 -0.41995
v -0.09415 75.43682 -0.44251
v -0.01772 75.43682 -0.45230
v 0.05926 75.43682 -0.44903
v 0.13457 75.43682 -0.43280
v 0.20607 75.43682 -0.40407
v 0.27168 75.43682 -0.36367
v 0.32951 75.43682 -0.31277
v 0.37792 75.43682 -0.25282
v 0.41549 75.43682 -0.18556
v 0.44116 75.43682 -0.11291
v 0.45418 75.43682 -0.03697
v 0.45418 75.43682 0.04008
v 0.44116 75.43682 0.11602
v 0.41549 75.43682 0.18867
v 0.37792 75.43682 0.25593
v 0.32951 75.43682 0.31588
v 0.27168 75.43682 0.36678
v 0.20607 75.43682 0.40718
v 0.13457 75.43682 0.43591
v 0.05926 75.43682 0.45214
v -0.01772 75.43682 0.45541
v -0.09415 75.43682 0.44562
v -0.16782 75.43682 0.42306
v -0.23662 75.43682 0.38837
v -0.29857 75.43682 0.34256
v -0.35188 75.43682 0.28693
v -0.39502 75.43682 0.22310
v -0.42676 75.43682 0.15289
v -0.44617 75.43682 0.07833
v -0.45271 75.43682 0.00156
v -1.99550 76.29682 0.34398
v -2.28911 76.65889 0.14846
v -2.02465 76.29682 0.00156
v -2.25544 76.65889 0.44086
v -2.18108 76.65889 0.72647
v -1.90890 76.29682 0.67656
v -2.17005 76.65889 0.76883
v -2.06658 76.65889 0.99772
v -1.76735 76.29682 0.98972
v -1.79039 76.65889 1.44845
v -1.57490 76.29682 1.27446
v -1.92211 76.65889 1.25356
v -2.00914 76.65889 1.12480
v -1.74908 76.65889 1.49156
v -1.54487 76.65889 1.70462
v -1.33711 76.29682 1.52257
v -1.52009 76.65889 1.73048
v -1.31172 76.65889 1.88459
v -1.06080 76.29682 1.72693
v -0.85719 76.65889 2.13864
v -0.75393 76.29682 1.88165
v -1.06011 76.65889 2.03633
v -0.79248 76.65889 2.15845
v -0.51030 76.65889 2.24487
v -0.42532 76.29682 1.98228
v -0.48367 76.65889 2.25303
v -0.21869 76.65889 2.28696
v -0.08444 76.29682 2.02593
v -0.09619 76.65889 2.30265
v 0.07503 76.65889 2.29537
v 0.25892 76.29682 2.01135
v 0.29410 76.65889 2.28607
v 0.36805 76.65889 2.27013
v 0.59487 76.29682 1.93894
v 0.67597 76.65889 2.20376
v 0.93126 76.65889 2.10118
v 0.91376 76.29682 1.81080
v 1.19118 76.65889 1.96407
v 1.20640 76.29682 1.63062
v 1.43386 76.65889 1.79805
v 1.46438 76.29682 1.40356
v 1.66434 76.65889 1.59521
v 1.84219 76.65889 1.37494
v 1.68028 76.29682 1.13618
v 1.90975 76.65889 1.29127
v 2.00111 76.65889 1.12772
v 1.84789 76.29682 0.83615
v 2.10027 76.65889 0.95023
v 2.13078 76.65889 0.86387
v 1.96238 76.29682 0.51211
v 2.23040 76.65889 0.58190
v 2.27960 76.65889 0.29501
v 2.02046 76.29682 0.17339
v 2.02046 76.29682 -0.17028
v 2.27960 76.65889 -0.29190
v 1.96238 76.29682 -0.50900
v 2.23040 76.65889 -0.57879
v 2.13078 76.65889 -0.86076
v 1.84789 76.29682 -0.83304
v 2.10027 76.65889 -0.94712
v 2.00111 76.65889 -1.12461
v 1.68028 76.29682 -1.13307
v 1.90975 76.65889 -1.28816
v 1.84219 76.65889 -1.37183
v 1.46438 76.29682 -1.40045
v 1.66434 76.65889 -1.59209
v 1.43386 76.65889 -1.79494
v 1.20640 76.29682 -1.62751
v 1.19118 76.65889 -1.96096
v 0.91376 76.29682 -1.80769
v 0.93126 76.65889 -2.09807
v 0.59487 76.29682 -1.93583
v 0.67597 76.65889 -2.20065
v 0.36805 76.65889 -2.26702
v 0.25892 76.29682 -2.00824
v 0.29410 76.65889 -2.28295
v 0.07503 76.65889 -2.29226
v -0.08444 76.29682 -2.02282
v -0.09619 76.65889 -2.29953
v -0.21869 76.65889 -2.28385
v -0.42532 76.29682 -1.97917
v -0.79248 76.65889 -2.15534
v -0.75393 76.29682 -1.87854
v -0.51030 76.65889 -2.24176
v -0.48367 76.65889 -2.24992
v -0.85719 76.65889 -2.13553
v -1.06011 76.65889 -2.03322
v -1.06080 76.29682 -1.72381
v -1.31172 76.65889 -1.88148
v -1.33711 76.29682 -1.51946
v -1.74908 76.65889 -1.48845
v -1.57490 76.29682 -1.27135
v -1.54487 76.65889 -1.70151
v -1.52009 76.65889 -1.72737
v -1.79039 76.65889 -1.44534
v -1.92211 76.65889 -1.25045
v -1.76735 76.29682 -0.98661
v -2.00914 76.65889 -1.12169
v -2.06658 76.65889 -0.99461
v -1.90890 76.29682 -0.67345
v -2.25544 76.65889 -0.43775
v -1.99550 76.29682 -0.34087
v -2.18108 76.65889 -0.72336
v -2.17005 76.65889 -0.76572
v -2.26848 76.65889 -0.38768
v -2.28911 76.65889 -0.14535
v -1.66704 75.98579 -0.28455
v -1.59469 75.98579 -0.56243
v -1.47641 75.98579 -0.82409
v -1.31562 75.98579 -1.06199
v -1.11693 75.98579 -1.26929
v -0.88607 75.98579 -1.44004
v -0.62967 75.98579 -1.56931
v -0.35511 75.98579 -1.65340
v -0.07029 75.98579 -1.68987
v 0.21659 75.98579 -1.67768
v 0.49729 75.98579 -1.61719
v 0.76373 75.98579 -1.51012
v 1.00824 75.98579 -1.35957
v 1.22379 75.98579 -1.16986
v 1.40418 75.98579 -0.94645
v 1.54422 75.98579 -0.69577
v 1.63988 75.98579 -0.42503
v 1.68840 75.98579 -0.14202
v 1.68840 75.98579 0.14513
v 1.63988 75.98579 0.42814
v 1.54422 75.98579 0.69888
v 1.40418 75.98579 0.94956
v 1.22379 75.98579 1.17297
v 1.00824 75.98579 1.36268
v 0.76373 75.98579 1.51323
v 0.49729 75.98579 1.62030
v 0.21659 75.98579 1.68079
v -0.07029 75.98579 1.69298
v -0.35511 75.98579 1.65651
v -0.62967 75.98579 1.57242
v -0.88607 75.98579 1.44315
v -1.11693 75.98579 1.27240
v -1.31562 75.98579 1.06510
v -1.47641 75.98579 0.82720
v -1.59469 75.98579 0.56554
v -1.66704 75.98579 0.28766
v -1.69139 75.98579 0.00156
v -1.29223 75.73444 -0.22029
v -1.23612 75.73444 -0.43574
v -1.14442 75.73444 -0.63862
v -1.01974 75.73444 -0.82309
v -0.86569 75.73444 -0.98382
v -0.68668 75.73444 -1.11621
v -0.48788 75.73444 -1.21645
v -0.27500 75.73444 -1.28164
v -0.05416 75.73444 -1.30992
v 0.16829 75.73444 -1.30047
v 0.38593 75.73444 -1.25357
v 0.59252 75.73444 -1.17055
v 0.78211 75.73444 -1.05382
v 0.94924 75.73444 -0.90673
v 1.08911 75.73444 -0.73350
v 1.19769 75.73444 -0.53913
v 1.27186 75.73444 -0.32921
v 1.30949 75.73444 -0.10977
v 1.30949 75.73444 0.11288
v 1.27186 75.73444 0.33232
v 1.19769 75.73444 0.54224
v 1.08911 75.73444 0.73661
v 0.94924 75.73444 0.90984
v 0.78211 75.73444 1.05693
v 0.59252 75.73444 1.17366
v 0.38593 75.73444 1.25668
v 0.16829 75.73444 1.30359
v -0.05416 75.73444 1.31303
v -0.27500 75.73444 1.28475
v -0.48788 75.73444 1.21956
v -0.68668 75.73444 1.11933
v -0.86569 75.73444 0.98694
v -1.01974 75.73444 0.82620
v -1.14442 75.73444 0.64173
v -1.23612 75.73444 0.43885
v -1.29223 75.73444 0.22340
v -1.31111 75.73444 0.00156
v -0.88147 75.54974 -0.14985
v -0.84318 75.54974 -0.29691
v -0.78058 75.54974 -0.43537
v -0.69549 75.54974 -0.56127
v -0.59035 75.54974 -0.67098
v -0.46818 75.54974 -0.76134
v -0.33249 75.54974 -0.82975
v -0.18719 75.54974 -0.87424
v -0.03647 75.54974 -0.89354
v 0.11535 75.54974 -0.88710
v 0.26390 75.54974 -0.85508
v 0.40490 75.54974 -0.79842
v 0.53429 75.54974 -0.71875
v 0.64836 75.54974 -0.61836
v 0.74382 75.54974 -0.50013
v 0.81793 75.54974 -0.36747
v 0.86856 75.54974 -0.22419
v 0.89424 75.54974 -0.07442
v 0.89424 75.54974 0.07753
v 0.86856 75.54974 0.22730
v 0.81793 75.54974 0.37058
v 0.74382 75.54974 0.50324
v 0.64836 75.54974 0.62147
v 0.53429 75.54974 0.72186
v 0.40490 75.54974 0.80154
v 0.26390 75.54974 0.85819
v 0.11535 75.54974 0.89021
v -0.03647 75.54974 0.89666
v -0.18719 75.54974 0.87735
v -0.33249 75.54974 0.83286
v -0.46818 75.54974 0.76445
v -0.59035 75.54974 0.67409
v -0.69549 75.54974 0.56438
v -0.78058 75.54974 0.43848
v -0.84318 75.54974 0.30002
v -0.88147 75.54974 0.15296
v -0.89435 75.54974 0.00156
v 4.04168 76.35595 0.52247
v 3.26617 76.35595 2.43800
v 1.65047 76.35595 3.72648
v -0.38960 76.35595 4.05630
v -0.90490 76.35595 3.97299
v -3.66861 76.35595 -1.76590
v -3.41246 76.35595 -2.22072
v -2.32900 76.35595 -3.33948
v -1.88263 76.35595 -3.61007
v -0.38960 76.35595 -4.05319
v 0.24158 75.25491 7.48640
v 0.29331 74.46671 9.09953
v 1.45434 74.46671 8.98753
v 8.43896 74.46671 3.41748
v 5.67697 74.46671 7.11830
v -0.87251 74.46671 9.06215
v -2.02398 74.46671 8.87599
v -4.20877 74.46671 8.07196
v -5.20623 74.46671 7.46730
v -6.11817 74.46671 6.74005
v -6.92963 74.46671 5.90216
v -8.19965 74.46671 3.95105
v -8.63737 74.46671 2.86988
v -8.93324 74.46671 1.74161
v -9.08240 74.46671 -0.58165
v -8.93324 74.46671 -1.73850
v -8.63737 74.46671 -2.86677
v -7.62727 74.46671 -4.96426
v -6.92963 74.46671 -5.89904
v -6.11817 74.46671 -6.73694
v -5.20623 74.46671 -7.46419
v -3.14218 74.46671 -8.54100
v -2.02398 74.46671 -8.87288
v -0.87251 74.46671 -9.05904
v 1.45434 74.46671 -8.98442
v 2.59151 74.46671 -8.72487
v 3.68616 74.46671 -8.32203
v 4.72030 74.46671 -7.78251
v 6.54044 74.46671 -6.33100
v 7.29655 74.46671 -5.44284
v 7.93287 74.46671 -4.46528
v 8.80651 74.46671 -2.30737
v 9.10421 74.46671 0.00156
v 9.02948 74.46671 -1.16247
v 2.59151 74.46671 8.72798
v 3.68616 74.46671 8.32514
v 4.72030 74.46671 7.78563
v 6.54044 74.46671 6.33411
v 7.29655 74.46671 5.44595
v 7.93287 74.46671 4.46839
v 8.80651 74.46671 2.31049
v 9.02948 74.46671 1.16558
v -0.71753 75.25491 7.45565
v -0.55608 75.88655 5.78201
v -1.66484 75.25491 7.30250
v -1.29069 75.88655 5.66324
v 5.61892 75.88655 -1.47149
v 3.94190 76.35595 -1.03172
v 4.04168 76.35595 -0.51936
v 3.77742 76.35595 -1.52712
v 5.38443 75.88655 -2.17773
v 6.94296 75.25491 -2.80871
v 6.00310 75.25491 -4.47751
v 5.38106 75.25491 -5.20820
v 4.65560 75.88655 -3.47185
v 4.17322 75.88655 -4.03847
v 3.26617 76.35595 -2.43489
v 2.92780 76.35595 -2.83236
v 5.67697 74.46671 -7.11519
v 4.67068 75.25491 -5.85334
v 3.62234 75.88655 -4.53877
v 2.54139 76.35595 -3.18329
v 3.03286 75.25491 -6.84620
v 2.13230 75.25491 -7.17762
v 2.35225 75.88655 -5.30870
v 1.65389 75.88655 -5.56570
v 1.65047 76.35595 -3.72337
v 1.16060 76.35595 -3.90365
v 1.19675 75.25491 -7.39115
v 0.92840 75.88655 -5.73129
v 0.65170 76.35595 -4.01980
v -4.20877 74.46671 -8.06885
v -2.58478 75.25491 -7.02635
v -3.46225 75.25491 -6.63792
v -2.00408 75.88655 -5.44840
v -2.68454 75.88655 -5.14718
v -1.40531 76.35595 -3.82136
v -5.70068 75.25491 -4.85283
v -6.27463 75.25491 -4.08379
v -4.42038 75.88655 -3.76289
v -4.86546 75.88655 -3.16652
v -3.10025 76.35595 -2.63905
v -7.34904 75.25491 -1.42997
v -7.47176 75.25491 -0.47825
v -5.69864 75.88655 -1.10856
v -5.79380 75.88655 -0.37052
v -3.99690 76.35595 -0.77714
v -4.06365 76.35595 -0.25944
v -7.10564 75.25491 2.36131
v -6.74553 75.25491 3.25078
v -5.50989 75.88655 1.83148
v -5.23063 75.88655 2.52124
v -3.86449 76.35595 1.28517
v -3.66861 76.35595 1.76901
v -5.03310 75.25491 5.54527
v -4.28285 75.25491 6.14358
v -3.90269 75.88655 4.30056
v -3.32089 75.88655 4.76453
v -2.73711 76.35595 3.01713
v -2.32900 76.35595 3.34259
v 8.43896 74.46671 -3.41437
v 7.24533 75.25491 -1.89799
v 5.76117 75.88655 -0.74106
v 4.07513 76.35595 0.00156
v 3.55093 76.35595 -1.99742
v 5.06155 75.88655 -2.84818
v 6.52660 75.25491 -3.67328
v 2.11326 76.35595 -3.48193
v 3.01201 75.88655 -4.96450
v 3.88364 75.25491 -6.40235
v 0.13212 76.35595 -4.06992
v 0.18769 75.88655 -5.80275
v 0.24158 75.25491 -7.48330
v 0.29331 74.46671 -9.09642
v -0.55608 75.88655 -5.77890
v -0.71753 75.25491 -7.45254
v -0.90490 76.35595 -3.96988
v -1.29069 75.88655 -5.66013
v -1.66484 75.25491 -7.29938
v -3.32089 75.88655 -4.76142
v -4.28285 75.25491 -6.14047
v -2.73711 76.35595 -3.01402
v -3.90269 75.88655 -4.29745
v -5.03310 75.25491 -5.54216
v -5.23063 75.88655 -2.51813
v -6.74553 75.25491 -3.24767
v -8.19965 74.46671 -3.94794
v -3.86449 76.35595 -1.28206
v -5.50989 75.88655 -1.82837
v -7.10564 75.25491 -2.35819
v -4.06365 76.35595 0.26255
v -5.79380 75.88655 0.37363
v -7.47176 75.25491 0.48136
v -9.08240 74.46671 0.58476
v -3.99690 76.35595 0.78025
v -5.69864 75.88655 1.11167
v -7.34904 75.25491 1.43308
v -3.41246 76.35595 2.22383
v -4.86546 75.88655 3.16963
v -6.27463 75.25491 4.08690
v -7.62727 74.46671 4.96737
v -3.10025 76.35595 2.64216
v -4.42038 75.88655 3.76600
v -5.70068 75.25491 4.85594
v -1.88263 76.35595 3.61318
v -2.68454 75.88655 5.15029
v -3.46225 75.25491 6.64103
v -1.40531 76.35595 3.82447
v -2.00408 75.88655 5.45151
v -2.58478 75.25491 7.02946
v -3.14218 74.46671 8.54411
v 1.19675 75.25491 7.39426
v 0.18769 75.88655 5.80586
v 2.13230 75.25491 7.18073
v 0.92840 75.88655 5.73440
v 0.13212 76.35595 4.07303
v 0.65170 76.35595 4.02291
v 3.03286 75.25491 6.84932
v 1.65389 75.88655 5.56882
v 3.88364 75.25491 6.40546
v 2.35225 75.88655 5.31181
v 1.16060 76.35595 3.90676
v 4.67068 75.25491 5.85646
v 3.01201 75.88655 4.96762
v 5.38106 75.25491 5.21131
v 3.62234 75.88655 4.54188
v 2.11326 76.35595 3.48504
v 2.54139 76.35595 3.18640
v 6.00310 75.25491 4.48062
v 4.17322 75.88655 4.04158
v 6.52660 75.25491 3.67639
v 4.65560 75.88655 3.47495
v 2.92780 76.35595 2.83547
v 6.94296 75.25491 2.81182
v 5.06155 75.88655 2.85129
v 7.24533 75.25491 1.90110
v 5.38443 75.88655 2.18084
v 3.55093 76.35595 2.00053
v 3.77742 76.35595 1.53023
v 7.42877 75.25491 0.95919
v 5.61892 75.88655 1.47460
v 7.49025 75.25491 0.00156
v 5.76117 75.88655 0.74418
v 3.94190 76.35595 1.03484
v 7.42877 75.25491 -0.95608
v 5.80884 75.88655 0.00156
v 2.80485 71.24445 11.14739
v 6.64189 71.24445 9.38207
v 8.72937 71.24445 7.47909
v 10.28963 71.24445 5.12441
v 11.44549 71.24445 1.06199
v 11.48906 71.24445 -0.35237
v 10.58549 71.24445 -4.47824
v 9.17314 71.24445 -6.92450
v 7.20676 71.24445 -8.95239
v 3.48568 71.24445 -10.95057
v 2.11338 71.24445 -11.29572
v -2.11027 71.24445 -11.29572
v -4.80205 71.24445 -10.43940
v -7.20365 71.24445 -8.95239
v -9.95164 71.24445 -5.74493
v -10.58238 71.24445 -4.47824
v -11.05267 71.24445 -3.14364
v -11.48595 71.24445 -0.35237
v -11.22532 71.24445 2.46028
v -10.28652 71.24445 5.12441
v -7.74120 71.24445 8.49496
v -6.63878 71.24445 9.38207
v -5.43569 71.24445 10.12699
v -2.80174 71.24445 11.14739
v 1.38150 72.91945 11.14568
v 4.05803 72.91945 10.47251
v 6.48952 72.91945 9.16683
v 8.52910 72.91945 7.30751
v 10.05356 72.91945 5.00686
v 10.59246 72.91945 3.73365
v 11.22547 72.91945 -0.34425
v 11.09790 72.91945 -1.72092
v 8.96268 72.91945 -6.76557
v 7.04143 72.91945 -8.74693
v 4.69493 72.91945 -10.19982
v 2.06492 72.91945 -11.03649
v -0.68973 72.91945 -11.20639
v -2.06181 72.91945 -11.03649
v -5.90988 72.91945 -9.54574
v -7.03832 72.91945 -8.74693
v -10.33951 72.91945 -4.37544
v -11.09479 72.91945 -1.72092
v -11.17978 72.91945 1.03766
v -10.58935 72.91945 3.73365
v -9.35917 72.91945 6.20420
v -8.52599 72.91945 7.30751
v -5.31093 72.91945 9.89465
v -4.05491 72.91945 10.47251
v -1.37839 72.91945 11.14568
v -2.73741 72.91945 10.89164
v -1.39960 72.52378 11.31700
v -2.77952 72.52378 11.05905
v -1.41227 72.10461 11.41935
v -2.80467 72.10461 11.15907
v -1.41604 71.67402 11.44978
v -2.81215 71.67402 11.18880
v -1.41079 71.24445 11.40740
v -10.05045 72.91945 5.00686
v -9.50307 72.52378 6.29955
v -10.20498 72.52378 5.08381
v -9.58904 72.10461 6.35651
v -10.29730 72.10461 5.12977
v -9.61460 71.67402 6.37345
v -10.32474 71.67402 5.14344
v -9.57900 71.24445 6.34986
v -11.22236 72.91945 -0.34425
v -11.35167 72.52378 1.05359
v -11.39490 72.52378 -0.34957
v -11.45437 72.10461 1.06310
v -11.49799 72.10461 -0.35274
v -11.48489 71.67402 1.06593
v -11.52863 71.67402 -0.35369
v -11.44238 71.24445 1.06199
v -8.06005 72.91945 -7.81550
v -8.18398 72.52378 -7.93567
v -7.14655 72.52378 -8.88142
v -8.25802 72.10461 -8.00746
v -7.21120 72.10461 -8.96177
v -8.28003 71.67402 -8.02881
v -7.23042 71.67402 -8.98565
v -8.24938 71.24445 -7.99908
v -3.40262 72.91945 -10.69926
v -3.45495 72.52378 -10.86376
v -2.09353 72.52378 -11.20617
v -3.48622 72.10461 -10.96204
v -2.11248 72.10461 -11.30755
v -3.49551 71.67402 -10.99126
v -2.11812 71.67402 -11.33769
v -3.48257 71.24445 -10.95057
v 0.69284 72.91945 -11.20639
v 0.70346 72.52378 -11.37869
v 2.09664 72.52378 -11.20617
v 0.70981 72.10461 -11.48162
v 2.11559 72.10461 -11.30755
v 0.71170 71.67402 -11.51222
v 2.12123 71.67402 -11.33769
v 0.70907 71.24445 -11.46961
v 5.91299 72.91945 -9.54574
v 6.00386 72.52378 -9.69251
v 7.14966 72.52378 -8.88142
v 6.05816 72.10461 -9.78019
v 7.21431 72.10461 -8.96177
v 6.07430 71.67402 -9.80626
v 7.23353 71.67402 -8.98565
v 6.05182 71.24445 -9.76996
v 9.72636 72.91945 -5.61307
v 10.34263 72.91945 -4.37544
v 9.87586 72.52378 -5.69938
v 10.50160 72.52378 -4.44273
v 9.96518 72.10461 -5.75094
v 10.59657 72.10461 -4.48293
v 9.99173 71.67402 -5.76627
v 10.62481 71.67402 -4.49488
v 9.95475 71.24445 -5.74493
v 11.26849 72.52378 -1.74740
v 11.39801 72.52378 -0.34957
v 11.37040 72.10461 -1.76322
v 11.50110 72.10461 -0.35274
v 11.40069 71.67402 -1.76792
v 11.53174 71.67402 -0.35369
v 11.35850 71.24445 -1.76137
v 10.75528 72.52378 3.79102
v 10.20809 72.52378 5.08381
v 10.85255 72.10461 3.82530
v 10.30041 72.10461 5.12977
v 10.88146 71.67402 3.83549
v 10.32785 71.67402 5.14344
v 10.84119 71.24445 3.82130
v 7.56665 72.91945 8.30006
v 7.68294 72.52378 8.42764
v 6.58925 72.52378 9.30772
v 7.75242 72.10461 8.50385
v 6.64884 72.10461 9.39190
v 7.77308 71.67402 8.52651
v 6.66656 71.67402 9.41692
v 7.74431 71.24445 8.49496
v 2.74052 72.91945 10.89164
v 4.12038 72.52378 10.63348
v 2.78263 72.52378 11.05905
v 4.15764 72.10461 10.72965
v 2.80778 72.10461 11.15907
v 4.16872 71.67402 10.75824
v 2.81526 71.67402 11.18880
v 4.15329 71.24445 10.71842
v 0.00156 72.91945 11.23080
v 0.00156 72.52378 11.40342
v 0.00156 72.10461 11.50655
v 0.00156 71.67402 11.53721
v 0.00156 71.24445 11.49451
v -4.15018 71.24445 10.71842
v -4.16561 71.67402 10.75824
v -4.15453 72.10461 10.72965
v -4.11727 72.52378 10.63348
v -5.39259 72.52378 10.04674
v -5.44138 72.10461 10.13760
v -5.45589 71.67402 10.16461
v -6.66345 71.67402 9.41692
v -6.64573 72.10461 9.39190
v -6.58615 72.52378 9.30772
v -6.48641 72.91945 9.16683
v -7.76997 71.67402 8.52651
v -7.74931 72.10461 8.50385
v -7.67983 72.52378 8.42764
v -7.56354 72.91945 8.30006
v -8.72626 71.24445 7.47909
v -8.75868 71.67402 7.50687
v -8.73540 72.10461 7.48692
v -8.65708 72.52378 7.41982
v -10.83808 71.24445 3.82130
v -10.87835 71.67402 3.83549
v -10.84944 72.10461 3.82530
v -10.75217 72.52378 3.79102
v -10.96771 72.91945 2.40386
v -11.13634 72.52378 2.44079
v -11.23708 72.10461 2.46285
v -11.26703 71.67402 2.46941
v -11.35539 71.24445 -1.76137
v -11.39758 71.67402 -1.76792
v -11.36729 72.10461 -1.76322
v -11.26538 72.52378 -1.74740
v -10.79902 72.91945 -3.07147
v -10.96505 72.52378 -3.11871
v -11.06425 72.10461 -3.14694
v -11.09374 71.67402 -3.15533
v -10.62170 71.67402 -4.49488
v -10.59346 72.10461 -4.48293
v -10.49849 72.52378 -4.44273
v -9.98862 71.67402 -5.76627
v -9.96207 72.10461 -5.75094
v -9.87275 72.52378 -5.69938
v -9.72325 72.91945 -5.61307
v -9.17002 71.24445 -6.92450
v -9.20410 71.67402 -6.95023
v -9.17963 72.10461 -6.93176
v -9.09733 72.52378 -6.86960
v -8.95957 72.91945 -6.76557
v -6.04871 71.24445 -9.76996
v -6.07119 71.67402 -9.80626
v -6.05505 72.10461 -9.78019
v -6.00075 72.52378 -9.69251
v -4.69182 72.91945 -10.19982
v -4.76397 72.52378 -10.35664
v -4.80708 72.10461 -10.45034
v -4.81989 71.67402 -10.47819
v -0.70596 71.24445 -11.46961
v -0.70859 71.67402 -11.51222
v -0.70670 72.10461 -11.48162
v -0.70035 72.52378 -11.37869
v 3.49862 71.67402 -10.99126
v 3.48933 72.10461 -10.96204
v 3.45806 72.52378 -10.86376
v 3.40573 72.91945 -10.69926
v 4.80516 71.24445 -10.43940
v 4.82300 71.67402 -10.47819
v 4.81019 72.10461 -10.45034
v 4.76708 72.52378 -10.35664
v 8.25249 71.24445 -7.99908
v 8.28314 71.67402 -8.02881
v 8.26113 72.10461 -8.00746
v 8.18709 72.52378 -7.93567
v 8.06316 72.91945 -7.81550
v 9.10044 72.52378 -6.86960
v 9.18274 72.10461 -6.93176
v 9.20721 71.67402 -6.95023
v 11.05578 71.24445 -3.14364
v 11.09685 71.67402 -3.15533
v 11.06736 72.10461 -3.14694
v 10.96816 72.52378 -3.11871
v 10.80213 72.91945 -3.07147
v 11.48801 71.67402 1.06593
v 11.45748 72.10461 1.06310
v 11.35478 72.52378 1.05359
v 11.18289 72.91945 1.03766
v 11.22843 71.24445 2.46028
v 11.27014 71.67402 2.46941
v 11.24019 72.10461 2.46285
v 11.13945 72.52378 2.44079
v 10.97082 72.91945 2.40386
v 9.58211 71.24445 6.34986
v 9.61771 71.67402 6.37345
v 9.59215 72.10461 6.35651
v 9.50618 72.52378 6.29955
v 9.36228 72.91945 6.20420
v 8.66019 72.52378 7.41982
v 8.73851 72.10461 7.48692
v 8.76179 71.67402 7.50687
v 5.43880 71.24445 10.12699
v 5.45900 71.67402 10.16461
v 5.44450 72.10461 10.13760
v 5.39570 72.52378 10.04674
v 5.31404 72.91945 9.89465
v 1.41391 71.24445 11.40740
v 1.41915 71.67402 11.44978
v 1.41538 72.10461 11.41935
v 1.40271 72.52378 11.31700

vn -0.32851 -0.94412 -0.02679
vn -0.55561 -0.82884 -0.06576
vn 0.09867 -0.99507 0.00995
vn -0.32540 -0.94413 -0.05232
vn -0.54871 -0.82885 -0.10915
vn 0.09750 -0.99507 0.01809
vn -0.32031 -0.94413 -0.07752
vn -0.53844 -0.82887 -0.15186
vn 0.09567 -0.99507 0.02610
vn -0.31329 -0.94414 -0.10225
vn -0.52485 -0.82888 -0.19363
vn 0.09317 -0.99507 0.03393
vn -0.30435 -0.94414 -0.12636
vn -0.50803 -0.82888 -0.23421
vn 0.09004 -0.99507 0.04153
vn -0.29357 -0.94414 -0.14970
vn -0.48809 -0.82889 -0.27334
vn 0.08630 -0.99507 0.04884
vn -0.28101 -0.94414 -0.17214
vn -0.46514 -0.82888 -0.31080
vn 0.08195 -0.99507 0.05581
vn -0.26673 -0.94414 -0.19352
vn -0.43933 -0.82888 -0.34634
vn 0.07705 -0.99507 0.06241
vn -0.25084 -0.94414 -0.21373
vn -0.41081 -0.82887 -0.37975
vn 0.07162 -0.99507 0.06857
vn -0.23342 -0.94414 -0.23264
vn -0.37976 -0.82886 -0.41082
vn 0.06570 -0.99507 0.07427
vn -0.21458 -0.94413 -0.25015
vn -0.34637 -0.82884 -0.43937
vn 0.05932 -0.99507 0.07945
vn -0.19444 -0.94412 -0.26613
vn -0.51619 0.45731 -0.72416
vn 0.05254 -0.99507 0.08409
vn -0.12536 -0.94413 -0.30481
vn -0.19364 -0.82885 -0.52489
vn 0.03566 -0.99507 0.09253
vn -0.10122 -0.94413 -0.31364
vn -0.15186 -0.82886 -0.53845
vn 0.02787 -0.99507 0.09516
vn -0.07645 -0.94414 -0.32056
vn -0.10914 -0.82887 -0.54868
vn 0.01990 -0.99507 0.09714
vn 0.00000 -0.94414 -0.32954
vn 0.02196 -0.82889 -0.55899
vn -0.00463 -0.99507 0.09905
vn 0.02569 -0.94414 -0.32854
vn 0.06575 -0.82888 -0.55555
vn -0.01281 -0.99507 0.09832
vn 0.05123 -0.94414 -0.32554
vn 0.10914 -0.82887 -0.54868
vn -0.02091 -0.99507 0.09693
vn 0.07645 -0.94414 -0.32056
vn 0.15186 -0.82886 -0.53845
vn -0.02886 -0.99507 0.09486
vn 0.10122 -0.94413 -0.31364
vn 0.19364 -0.82885 -0.52489
vn -0.03662 -0.99507 0.09215
vn 0.17313 -0.94412 -0.28048
vn 0.31087 -0.82882 -0.46520
vn -0.05342 -0.99507 0.08355
vn 0.19444 -0.94412 -0.26613
vn 0.62016 -0.27728 -0.73384
vn -0.06015 -0.99507 0.07884
vn 0.21458 -0.94413 -0.25015
vn 0.37976 -0.82886 -0.41082
vn -0.06647 -0.99507 0.07358
vn 0.23342 -0.94414 -0.23265
vn 0.41081 -0.82887 -0.37975
vn -0.07234 -0.99507 0.06783
vn 0.25084 -0.94414 -0.21373
vn 0.43933 -0.82888 -0.34634
vn -0.07770 -0.99507 0.06160
vn 0.26673 -0.94414 -0.19352
vn 0.46514 -0.82888 -0.31080
vn -0.08253 -0.99507 0.05496
vn 0.28101 -0.94414 -0.17214
vn 0.48809 -0.82889 -0.27334
vn -0.08680 -0.99507 0.04793
vn 0.29357 -0.94414 -0.14970
vn 0.50803 -0.82888 -0.23421
vn -0.09047 -0.99507 0.04058
vn 0.30435 -0.94414 -0.12637
vn 0.52485 -0.82888 -0.19363
vn -0.09352 -0.99507 0.03295
vn 0.31329 -0.94414 -0.10225
vn 0.53844 -0.82887 -0.15185
vn -0.09593 -0.99507 0.02510
vn 0.32032 -0.94413 -0.07752
vn 0.54872 -0.82885 -0.10915
vn -0.09767 -0.99507 0.01707
vn 0.32540 -0.94413 -0.05232
vn 0.88220 0.45829 -0.10818
vn -0.09875 -0.99507 0.00892
vn 0.44719 -0.89396 -0.02923
vn 0.36239 0.93146 0.03251
vn -0.09913 -0.99507 -0.00052
vn 0.32851 -0.94412 0.02678
vn 0.95266 -0.27705 0.12522
vn -0.09867 -0.99507 -0.00995
vn 0.32540 -0.94413 0.05232
vn 0.54872 -0.82885 0.10915
vn -0.09750 -0.99507 -0.01809
vn 0.32032 -0.94413 0.07752
vn 0.53844 -0.82887 0.15186
vn -0.09567 -0.99507 -0.02610
vn 0.31329 -0.94414 0.10225
vn 0.52485 -0.82888 0.19363
vn -0.09317 -0.99507 -0.03393
vn 0.30435 -0.94414 0.12637
vn 0.50803 -0.82888 0.23421
vn -0.09004 -0.99507 -0.04153
vn 0.29357 -0.94414 0.14970
vn 0.48809 -0.82889 0.27334
vn -0.08630 -0.99507 -0.04884
vn 0.28101 -0.94414 0.17214
vn 0.46514 -0.82888 0.31080
vn -0.08195 -0.99507 -0.05582
vn 0.26673 -0.94414 0.19352
vn 0.43933 -0.82888 0.34634
vn -0.07705 -0.99507 -0.06241
vn 0.25084 -0.94414 0.21373
vn 0.41081 -0.82887 0.37975
vn -0.07162 -0.99507 -0.06857
vn 0.23342 -0.94414 0.23265
vn 0.37976 -0.82886 0.41082
vn -0.06570 -0.99507 -0.07427
vn 0.21458 -0.94413 0.25015
vn 0.56589 0.45750 0.68590
vn -0.05932 -0.99507 -0.07945
vn 0.19444 -0.94412 0.26613
vn 0.31087 -0.82882 0.46520
vn -0.05254 -0.99507 -0.08409
vn 0.12536 -0.94413 0.30481
vn 0.19364 -0.82885 0.52489
vn -0.03566 -0.99507 -0.09253
vn 0.10121 -0.94413 0.31364
vn 0.15185 -0.82886 0.53845
vn -0.02787 -0.99507 -0.09516
vn 0.07646 -0.94414 0.32056
vn 0.10914 -0.82887 0.54869
vn -0.01990 -0.99507 -0.09714
vn 0.00000 -0.94414 0.32954
vn -0.02196 -0.82889 0.55899
vn 0.00463 -0.99507 -0.09905
vn -0.02569 -0.94414 0.32854
vn -0.06575 -0.82888 0.55555
vn 0.01281 -0.99507 -0.09832
vn -0.05123 -0.94414 0.32554
vn -0.10915 -0.82887 0.54869
vn 0.02091 -0.99507 -0.09693
vn -0.07646 -0.94414 0.32056
vn -0.15185 -0.82886 0.53845
vn 0.02886 -0.99507 -0.09486
vn -0.10121 -0.94413 0.31364
vn -0.19364 -0.82885 0.52489
vn 0.03662 -0.99507 -0.09215
vn -0.17310 -0.94412 0.28050
vn -0.56604 -0.27706 0.77642
vn 0.05342 -0.99507 -0.08355
vn -0.19445 -0.94412 0.26612
vn -0.34638 -0.82884 0.43936
vn 0.06015 -0.99507 -0.07884
vn -0.21458 -0.94413 0.25015
vn -0.37976 -0.82886 0.41082
vn 0.06647 -0.99507 -0.07358
vn -0.23342 -0.94414 0.23264
vn -0.41081 -0.82887 0.37975
vn 0.07234 -0.99507 -0.06783
vn -0.25084 -0.94414 0.21373
vn -0.43933 -0.82888 0.34634
vn 0.07770 -0.99507 -0.06160
vn -0.26673 -0.94414 0.19352
vn -0.46514 -0.82888 0.31080
vn 0.08253 -0.99507 -0.05496
vn -0.28101 -0.94414 0.17214
vn -0.48809 -0.82889 0.27334
vn 0.08680 -0.99507 -0.04793
vn -0.29357 -0.94414 0.14971
vn -0.50803 -0.82888 0.23421
vn 0.09047 -0.99507 -0.04058
vn -0.30435 -0.94414 0.12636
vn -0.52485 -0.82888 0.19363
vn 0.09352 -0.99507 -0.03295
vn -0.31329 -0.94414 0.10225
vn -0.53844 -0.82887 0.15186
vn 0.09593 -0.99507 -0.02510
vn -0.32031 -0.94413 0.07752
vn -0.86906 0.45754 0.18814
vn 0.09767 -0.99507 -0.01707
vn -0.32540 -0.94413 0.05232
vn -0.55561 -0.82884 0.06575
vn 0.09875 -0.99507 -0.00892
vn -0.44719 -0.89396 0.02923
vn -0.96023 -0.27774 -0.02873
vn 0.09913 -0.99507 0.00052
vn -0.00756 -0.99964 0.02575
vn -0.00535 -0.99964 0.02630
vn -0.01011 -0.99881 0.04773
vn 0.00756 -0.99964 -0.02575
vn 0.00535 -0.99964 -0.02630
vn 0.01011 -0.99881 -0.04773
vn -0.00000 -1.00000 -0.00000
vn 0.00596 -0.99964 0.02617
vn 0.00372 -0.99964 0.02658
vn -0.00596 -0.99964 -0.02617
vn -0.00372 -0.99964 -0.02658
vn 0.00912 -0.99732 -0.07257
vn 0.00603 -0.99881 -0.04842
vn 0.00310 -0.99964 -0.02666
vn -0.00912 -0.99732 0.07257
vn -0.00603 -0.99881 0.04842
vn -0.00310 -0.99964 0.02666
vn 0.00293 -0.99732 -0.07308
vn 0.00190 -0.99881 -0.04876
vn 0.00083 -0.99964 -0.02683
vn -0.00293 -0.99732 0.07308
vn -0.00190 -0.99881 0.04876
vn -0.00083 -0.99964 0.02683
vn -0.01178 -0.99507 -0.09846
vn -0.00359 -0.99507 -0.09909
vn -0.00328 -0.99732 -0.07307
vn 0.01178 -0.99507 0.09846
vn 0.00359 -0.99507 0.09909
vn 0.00328 -0.99732 0.07307
vn 0.07314 -0.99732 -0.00017
vn 0.07289 -0.99732 0.00603
vn 0.04863 -0.99881 0.00397
vn 0.04812 -0.99881 0.00808
vn 0.02650 -0.99964 0.00423
vn 0.02605 -0.99964 0.00646
vn 0.07286 -0.99732 -0.00637
vn 0.04879 -0.99881 -0.00017
vn 0.02677 -0.99964 0.00197
vn 0.07206 -0.99732 -0.01253
vn 0.04860 -0.99881 -0.00431
vn 0.02684 -0.99964 -0.00031
vn 0.07074 -0.99732 -0.01860
vn 0.04806 -0.99881 -0.00842
vn 0.02671 -0.99964 -0.00259
vn 0.06891 -0.99732 -0.02453
vn 0.04718 -0.99881 -0.01246
vn 0.02640 -0.99964 -0.00484
vn 0.06658 -0.99732 -0.03028
vn 0.04595 -0.99881 -0.01642
vn 0.02589 -0.99964 -0.00706
vn 0.06377 -0.99732 -0.03582
vn 0.04439 -0.99881 -0.02026
vn 0.02520 -0.99964 -0.00923
vn 0.06050 -0.99732 -0.04110
vn 0.04251 -0.99881 -0.02395
vn 0.02433 -0.99964 -0.01134
vn 0.05680 -0.99732 -0.04608
vn 0.04033 -0.99881 -0.02747
vn 0.02328 -0.99964 -0.01336
vn 0.05269 -0.99732 -0.05073
vn 0.03785 -0.99881 -0.03079
vn 0.02206 -0.99964 -0.01529
vn 0.04819 -0.99732 -0.05502
vn 0.03511 -0.99881 -0.03389
vn 0.02069 -0.99964 -0.01710
vn 0.04335 -0.99732 -0.05891
vn 0.03211 -0.99881 -0.03674
vn 0.01916 -0.99964 -0.01879
vn -0.12536 -0.94413 0.30481
vn -0.23425 -0.82883 0.50810
vn 0.04530 -0.99494 -0.08965
vn -0.26102 -0.82899 0.49462
vn 0.03820 -0.99732 -0.06237
vn 0.02888 -0.99881 -0.03933
vn 0.01750 -0.99964 -0.02035
vn 0.03277 -0.99732 -0.06539
vn 0.02544 -0.99881 -0.04164
vn 0.01571 -0.99964 -0.02176
vn 0.02711 -0.99732 -0.06793
vn 0.02181 -0.99881 -0.04365
vn 0.01381 -0.99964 -0.02302
vn 0.02125 -0.99732 -0.06999
vn 0.01803 -0.99881 -0.04534
vn 0.01180 -0.99964 -0.02410
vn 0.01524 -0.99732 -0.07154
vn 0.01412 -0.99881 -0.04671
vn 0.00972 -0.99964 -0.02502
vn 0.05123 -0.94414 0.32554
vn 0.06575 -0.82888 0.55555
vn 0.02569 -0.94414 0.32854
vn 0.02196 -0.82889 0.55899
vn -0.00946 -0.99732 -0.07253
vn -0.00224 -0.99881 -0.04874
vn -0.01558 -0.99732 -0.07146
vn -0.00637 -0.99881 -0.04838
vn -0.00145 -0.99964 -0.02680
vn -0.02158 -0.99732 -0.06988
vn -0.01045 -0.99881 -0.04766
vn -0.01445 -0.99881 -0.04660
vn -0.02743 -0.99732 -0.06780
vn -0.04449 -0.99494 -0.09006
vn 0.22917 -0.89396 0.38513
vn 0.20344 -0.89398 0.39927
vn 0.36823 -0.27715 0.88747
vn -0.03308 -0.99732 -0.06523
vn -0.01835 -0.99881 -0.04521
vn -0.00816 -0.99964 -0.02557
vn -0.03849 -0.99732 -0.06219
vn -0.02212 -0.99881 -0.04349
vn -0.01030 -0.99964 -0.02479
vn -0.04363 -0.99732 -0.05870
vn -0.02573 -0.99881 -0.04146
vn -0.01236 -0.99964 -0.02382
vn -0.04845 -0.99732 -0.05479
vn -0.02915 -0.99881 -0.03913
vn -0.01434 -0.99964 -0.02269
vn -0.05292 -0.99732 -0.05048
vn -0.03237 -0.99881 -0.03651
vn -0.01621 -0.99964 -0.02139
vn -0.05701 -0.99732 -0.04581
vn -0.03535 -0.99881 -0.03364
vn -0.01796 -0.99964 -0.01994
vn -0.06069 -0.99732 -0.04081
vn -0.03807 -0.99881 -0.03052
vn -0.01959 -0.99964 -0.01835
vn -0.06394 -0.99732 -0.03552
vn -0.04052 -0.99881 -0.02718
vn -0.02108 -0.99964 -0.01662
vn -0.06672 -0.99732 -0.02997
vn -0.04268 -0.99881 -0.02365
vn -0.02241 -0.99964 -0.01477
vn -0.06902 -0.99732 -0.02420
vn -0.04453 -0.99881 -0.01994
vn -0.02358 -0.99964 -0.01282
vn -0.07082 -0.99732 -0.01826
vn -0.04606 -0.99881 -0.01609
vn -0.02458 -0.99964 -0.01077
vn -0.07212 -0.99732 -0.01219
vn -0.04726 -0.99881 -0.01213
vn -0.02541 -0.99964 -0.00865
vn -0.07289 -0.99732 -0.00603
vn -0.04812 -0.99881 -0.00808
vn -0.02605 -0.99964 -0.00646
vn -0.07314 -0.99732 0.00017
vn -0.04863 -0.99881 -0.00397
vn -0.02650 -0.99964 -0.00423
vn -0.07286 -0.99732 0.00637
vn -0.04879 -0.99881 0.00017
vn -0.02677 -0.99964 -0.00197
vn -0.07206 -0.99732 0.01253
vn -0.04860 -0.99881 0.00431
vn -0.02684 -0.99964 0.00031
vn -0.07074 -0.99732 0.01860
vn -0.04806 -0.99881 0.00842
vn -0.02671 -0.99964 0.00259
vn -0.06891 -0.99732 0.02453
vn -0.04718 -0.99881 0.01246
vn -0.02640 -0.99964 0.00484
vn -0.06658 -0.99732 0.03028
vn -0.04595 -0.99881 0.01642
vn -0.02589 -0.99964 0.00706
vn -0.06377 -0.99732 0.03582
vn -0.04439 -0.99881 0.02026
vn -0.02520 -0.99964 0.00923
vn -0.06050 -0.99732 0.04110
vn -0.04251 -0.99881 0.02395
vn -0.02433 -0.99964 0.01134
vn -0.05680 -0.99732 0.04608
vn -0.04033 -0.99881 0.02747
vn -0.02328 -0.99964 0.01336
vn -0.05269 -0.99732 0.05073
vn -0.03785 -0.99881 0.03079
vn -0.02206 -0.99964 0.01529
vn -0.04819 -0.99732 0.05502
vn -0.03511 -0.99881 0.03389
vn -0.02069 -0.99964 0.01710
vn -0.04335 -0.99732 0.05891
vn -0.03211 -0.99881 0.03674
vn -0.01916 -0.99964 0.01879
vn 0.12536 -0.94413 -0.30481
vn 0.34988 0.45739 -0.81755
vn -0.04530 -0.99494 0.08966
vn 0.26100 -0.82899 -0.49462
vn -0.03820 -0.99732 0.06237
vn -0.02888 -0.99881 0.03933
vn -0.01750 -0.99964 0.02035
vn -0.03277 -0.99732 0.06539
vn -0.02544 -0.99881 0.04164
vn -0.01571 -0.99964 0.02176
vn -0.02711 -0.99732 0.06793
vn -0.02181 -0.99881 0.04365
vn -0.01381 -0.99964 0.02302
vn -0.02125 -0.99732 0.06999
vn -0.01803 -0.99881 0.04534
vn -0.01180 -0.99964 0.02410
vn -0.01524 -0.99732 0.07154
vn -0.01412 -0.99881 0.04671
vn -0.00972 -0.99964 0.02502
vn -0.05123 -0.94414 -0.32554
vn -0.06575 -0.82888 -0.55555
vn -0.02569 -0.94414 -0.32854
vn -0.02196 -0.82889 -0.55899
vn 0.00946 -0.99732 0.07253
vn 0.00224 -0.99881 0.04874
vn 0.01558 -0.99732 0.07146
vn 0.00637 -0.99881 0.04838
vn 0.00145 -0.99964 0.02680
vn 0.02158 -0.99732 0.06988
vn 0.01045 -0.99881 0.04766
vn 0.01445 -0.99881 0.04660
vn 0.02743 -0.99732 0.06780
vn 0.04449 -0.99494 0.09006
vn -0.22914 -0.89396 -0.38514
vn -0.20345 -0.89398 -0.39926
vn -0.23425 -0.82883 -0.50810
vn 0.03308 -0.99732 0.06523
vn 0.01835 -0.99881 0.04521
vn 0.00816 -0.99964 0.02557
vn 0.03849 -0.99732 0.06219
vn 0.02212 -0.99881 0.04349
vn 0.01029 -0.99964 0.02479
vn 0.04363 -0.99732 0.05870
vn 0.02573 -0.99881 0.04146
vn 0.01236 -0.99964 0.02382
vn 0.04845 -0.99732 0.05479
vn 0.02915 -0.99881 0.03913
vn 0.01434 -0.99964 0.02269
vn 0.05292 -0.99732 0.05048
vn 0.03237 -0.99881 0.03651
vn 0.01621 -0.99964 0.02139
vn 0.05701 -0.99732 0.04581
vn 0.03535 -0.99881 0.03364
vn 0.01796 -0.99964 0.01994
vn 0.06069 -0.99732 0.04081
vn 0.03807 -0.99881 0.03052
vn 0.01959 -0.99964 0.01835
vn 0.06394 -0.99732 0.03552
vn 0.04052 -0.99881 0.02718
vn 0.02108 -0.99964 0.01662
vn 0.06672 -0.99732 0.02997
vn 0.04268 -0.99881 0.02365
vn 0.02241 -0.99964 0.01477
vn 0.06902 -0.99732 0.02420
vn 0.04453 -0.99881 0.01994
vn 0.02358 -0.99964 0.01282
vn 0.07082 -0.99732 0.01826
vn 0.04606 -0.99881 0.01609
vn 0.02458 -0.99964 0.01077
vn 0.07212 -0.99732 0.01219
vn 0.04726 -0.99881 0.01213
vn 0.02541 -0.99964 0.00865
vn 0.08309 0.99647 0.01225
vn 0.08380 0.99647 0.00569
vn 0.00000 1.00000 0.00000
vn 0.08187 0.99647 0.01873
vn 0.08015 0.99647 0.02510
vn 0.07794 0.99647 0.03131
vn 0.07524 0.99647 0.03733
vn 0.07208 0.99647 0.04312
vn 0.06847 0.99647 0.04864
vn 0.06445 0.99647 0.05386
vn 0.06002 0.99647 0.05875
vn 0.05523 0.99647 0.06328
vn 0.05009 0.99647 0.06742
vn 0.04465 0.99647 0.07114
vn 0.03893 0.99647 0.07442
vn 0.03297 0.99647 0.07725
vn 0.02681 0.99647 0.07960
vn 0.02048 0.99647 0.08145
vn 0.01403 0.99647 0.08281
vn 0.00749 0.99647 0.08366
vn 0.00090 0.99647 0.08399
vn -0.00569 0.99647 0.08380
vn -0.01225 0.99647 0.08309
vn -0.01873 0.99647 0.08187
vn -0.02510 0.99647 0.08015
vn -0.03131 0.99647 0.07794
vn -0.03733 0.99647 0.07524
vn -0.04312 0.99647 0.07208
vn -0.04864 0.99647 0.06847
vn -0.05386 0.99647 0.06445
vn -0.05875 0.99647 0.06002
vn -0.06328 0.99647 0.05523
vn -0.06742 0.99647 0.05009
vn -0.07114 0.99647 0.04465
vn -0.07442 0.99647 0.03893
vn -0.07725 0.99647 0.03297
vn -0.07960 0.99647 0.02681
vn -0.08145 0.99647 0.02048
vn -0.08281 0.99647 0.01403
vn -0.08366 0.99647 0.00749
vn -0.08399 0.99647 0.00090
vn -0.08380 0.99647 -0.00569
vn -0.08309 0.99647 -0.01225
vn -0.08187 0.99647 -0.01873
vn -0.08015 0.99647 -0.02510
vn -0.07794 0.99647 -0.03131
vn -0.07524 0.99647 -0.03733
vn -0.07208 0.99647 -0.04312
vn -0.06847 0.99647 -0.04864
vn -0.06445 0.99647 -0.05386
vn -0.06002 0.99647 -0.05875
vn -0.05523 0.99647 -0.06328
vn -0.05009 0.99647 -0.06742
vn -0.04465 0.99647 -0.07114
vn -0.03893 0.99647 -0.07442
vn -0.03297 0.99647 -0.07725
vn -0.02681 0.99647 -0.07960
vn -0.02048 0.99647 -0.08145
vn -0.01403 0.99647 -0.08281
vn -0.00749 0.99647 -0.08366
vn -0.00090 0.99647 -0.08399
vn 0.00569 0.99647 -0.08380
vn 0.01225 0.99647 -0.08309
vn 0.01873 0.99647 -0.08187
vn 0.02510 0.99647 -0.08015
vn 0.03131 0.99647 -0.07794
vn 0.03733 0.99647 -0.07524
vn 0.04312 0.99647 -0.07208
vn 0.04864 0.99647 -0.06847
vn 0.05386 0.99647 -0.06445
vn 0.05875 0.99647 -0.06002
vn 0.06328 0.99647 -0.05523
vn 0.06742 0.99647 -0.05009
vn 0.07114 0.99647 -0.04465
vn 0.07442 0.99647 -0.03893
vn 0.07725 0.99647 -0.03297
vn 0.07960 0.99647 -0.02681
vn 0.08145 0.99647 -0.02048
vn 0.08281 0.99647 -0.01403
vn 0.08366 0.99647 -0.00749
vn 0.08399 0.99647 -0.00090
vn 0.85516 -0.47818 -0.20012
vn 0.86823 -0.47817 -0.13241
vn 0.83682 -0.47818 -0.26659
vn 0.81333 -0.47818 -0.33143
vn 0.78482 -0.47818 -0.39422
vn 0.75147 -0.47818 -0.45458
vn 0.71348 -0.47818 -0.51214
vn 0.67110 -0.47818 -0.56654
vn 0.62458 -0.47818 -0.61745
vn 0.57421 -0.47818 -0.66455
vn 0.52030 -0.47818 -0.70755
vn 0.46320 -0.47818 -0.74618
vn 0.40011 -0.47338 -0.78474
vn 0.34075 -0.47818 -0.80947
vn 0.27619 -0.47818 -0.83370
vn 0.20993 -0.47818 -0.85280
vn 0.14237 -0.47818 -0.86665
vn 0.07394 -0.47818 -0.87515
vn 0.00504 -0.47818 -0.87825
vn -0.06388 -0.47818 -0.87594
vn -0.13241 -0.47818 -0.86823
vn -0.20012 -0.47818 -0.85516
vn -0.26660 -0.47818 -0.83682
vn -0.33143 -0.47818 -0.81333
vn -0.39423 -0.47818 -0.78481
vn -0.46004 -0.47338 -0.75118
vn -0.51214 -0.47818 -0.71348
vn -0.56654 -0.47818 -0.67110
vn -0.61745 -0.47818 -0.62458
vn -0.66455 -0.47818 -0.57421
vn -0.70755 -0.47818 -0.52030
vn -0.74619 -0.47818 -0.46319
vn -0.78023 -0.47818 -0.40321
vn -0.80947 -0.47818 -0.34075
vn -0.83371 -0.47818 -0.27619
vn -0.85280 -0.47818 -0.20993
vn -0.86665 -0.47818 -0.14237
vn -0.87515 -0.47818 -0.07393
vn -0.88086 -0.47338 -0.00024
vn -0.87816 -0.47338 0.06887
vn -0.86822 -0.47818 0.13241
vn -0.85516 -0.47818 0.20012
vn -0.83682 -0.47818 0.26659
vn -0.81333 -0.47818 0.33143
vn -0.78482 -0.47818 0.39422
vn -0.75147 -0.47818 0.45458
vn -0.71348 -0.47818 0.51214
vn -0.67110 -0.47818 0.56654
vn -0.62458 -0.47818 0.61745
vn -0.57421 -0.47818 0.66455
vn -0.52031 -0.47818 0.70755
vn -0.46318 -0.47818 0.74620
vn -0.40012 -0.47338 0.78474
vn -0.34075 -0.47818 0.80947
vn -0.27619 -0.47818 0.83371
vn -0.20993 -0.47818 0.85281
vn -0.14237 -0.47817 0.86665
vn -0.07394 -0.47818 0.87515
vn -0.00505 -0.47818 0.87825
vn 0.06388 -0.47817 0.87594
vn 0.13241 -0.47817 0.86823
vn 0.20012 -0.47818 0.85516
vn 0.26659 -0.47818 0.83682
vn 0.33143 -0.47818 0.81333
vn 0.39422 -0.47818 0.78482
vn 0.46006 -0.47338 0.75117
vn 0.51214 -0.47818 0.71348
vn 0.56654 -0.47818 0.67110
vn 0.61745 -0.47818 0.62458
vn 0.66455 -0.47818 0.57421
vn 0.70755 -0.47818 0.52030
vn 0.74619 -0.47818 0.46319
vn 0.78023 -0.47818 0.40321
vn 0.80946 -0.47818 0.34075
vn 0.83371 -0.47818 0.27619
vn 0.85281 -0.47818 0.20993
vn 0.86665 -0.47817 0.14237
vn 0.87515 -0.47818 0.07393
vn 0.88086 -0.47338 0.00024
vn 0.87816 -0.47338 -0.06887
vn 0.91160 -0.40473 0.07195
vn 0.90314 -0.40473 0.14325
vn 0.88912 -0.40473 0.21367
vn 0.86962 -0.40473 0.28277
vn 0.84475 -0.40473 0.35013
vn 0.81468 -0.40473 0.41533
vn 0.77958 -0.40473 0.47797
vn 0.73968 -0.40473 0.53765
vn 0.69521 -0.40474 0.59403
vn 0.64646 -0.40473 0.64675
vn 0.59372 -0.40473 0.69547
vn 0.53733 -0.40473 0.73991
vn 0.47762 -0.40473 0.77979
vn 0.41497 -0.40473 0.81486
vn 0.34975 -0.40473 0.84491
vn 0.28238 -0.40473 0.86974
vn 0.21327 -0.40474 0.88922
vn 0.14285 -0.40474 0.90321
vn 0.07154 -0.40473 0.91163
vn -0.00020 -0.40473 0.91444
vn -0.07195 -0.40473 0.91160
vn -0.14325 -0.40473 0.90314
vn -0.21367 -0.40473 0.88912
vn -0.28277 -0.40473 0.86962
vn -0.35013 -0.40473 0.84475
vn -0.41533 -0.40473 0.81468
vn -0.47797 -0.40473 0.77958
vn -0.53765 -0.40473 0.73968
vn -0.59403 -0.40473 0.69521
vn -0.64675 -0.40473 0.64646
vn -0.69547 -0.40473 0.59372
vn -0.73991 -0.40473 0.53733
vn -0.77979 -0.40473 0.47762
vn -0.81486 -0.40473 0.41496
vn -0.84490 -0.40473 0.34975
vn -0.86974 -0.40473 0.28238
vn -0.88922 -0.40473 0.21327
vn -0.90321 -0.40473 0.14285
vn -0.91163 -0.40473 0.07154
vn -0.91443 -0.40473 -0.00020
vn -0.91160 -0.40473 -0.07195
vn -0.90315 -0.40473 -0.14325
vn -0.88912 -0.40473 -0.21367
vn -0.86962 -0.40473 -0.28277
vn -0.84475 -0.40473 -0.35013
vn -0.81468 -0.40473 -0.41533
vn -0.77958 -0.40473 -0.47796
vn -0.73967 -0.40473 -0.53766
vn -0.69521 -0.40473 -0.59403
vn -0.64646 -0.40473 -0.64675
vn -0.59372 -0.40473 -0.69547
vn -0.53733 -0.40473 -0.73991
vn -0.47762 -0.40473 -0.77979
vn -0.41496 -0.40473 -0.81486
vn -0.34975 -0.40473 -0.84491
vn -0.28238 -0.40473 -0.86974
vn -0.21327 -0.40473 -0.88922
vn -0.14285 -0.40473 -0.90321
vn -0.07154 -0.40473 -0.91163
vn 0.00020 -0.40473 -0.91443
vn 0.07195 -0.40473 -0.91160
vn 0.14325 -0.40473 -0.90315
vn 0.21367 -0.40473 -0.88912
vn 0.28277 -0.40473 -0.86962
vn 0.35013 -0.40473 -0.84475
vn 0.41532 -0.40473 -0.81468
vn 0.47796 -0.40473 -0.77958
vn 0.53765 -0.40473 -0.73967
vn 0.59403 -0.40473 -0.69521
vn 0.64675 -0.40473 -0.64646
vn 0.69547 -0.40473 -0.59372
vn 0.73991 -0.40473 -0.53733
vn 0.77979 -0.40473 -0.47762
vn 0.81486 -0.40473 -0.41497
vn 0.84491 -0.40473 -0.34975
vn 0.86974 -0.40473 -0.28238
vn 0.88922 -0.40474 -0.21327
vn 0.90321 -0.40474 -0.14285
vn 0.91163 -0.40473 -0.07154
vn 0.91444 -0.40473 0.00020
vn 0.93975 -0.33372 0.07413
vn 0.93104 -0.33372 0.14763
vn 0.91659 -0.33372 0.22023
vn 0.89648 -0.33372 0.29146
vn 0.87085 -0.33372 0.36090
vn 0.83985 -0.33372 0.42811
vn 0.80367 -0.33372 0.49269
vn 0.76254 -0.33372 0.55422
vn 0.71671 -0.33372 0.61234
vn 0.66645 -0.33372 0.66669
vn 0.61209 -0.33372 0.71692
vn 0.55395 -0.33372 0.76274
vn 0.49240 -0.33372 0.80385
vn 0.42782 -0.33372 0.84000
vn 0.36059 -0.33372 0.87098
vn 0.29115 -0.33372 0.89659
vn 0.21990 -0.33372 0.91667
vn 0.14730 -0.33372 0.93109
vn 0.07379 -0.33372 0.93978
vn -0.00017 -0.33372 0.94267
vn -0.07413 -0.33372 0.93975
vn -0.14763 -0.33372 0.93104
vn -0.22023 -0.33372 0.91659
vn -0.29146 -0.33372 0.89648
vn -0.36090 -0.33372 0.87085
vn -0.42811 -0.33372 0.83985
vn -0.49269 -0.33372 0.80367
vn -0.55422 -0.33372 0.76254
vn -0.61234 -0.33372 0.71671
vn -0.66669 -0.33372 0.66645
vn -0.71692 -0.33372 0.61209
vn -0.76274 -0.33372 0.55395
vn -0.80385 -0.33372 0.49240
vn -0.84000 -0.33372 0.42781
vn -0.87098 -0.33372 0.36059
vn -0.89659 -0.33372 0.29115
vn -0.91667 -0.33372 0.21990
vn -0.93109 -0.33372 0.14730
vn -0.93978 -0.33372 0.07379
vn -0.94267 -0.33372 -0.00017
vn -0.93975 -0.33372 -0.07413
vn -0.93104 -0.33372 -0.14763
vn -0.91659 -0.33372 -0.22022
vn -0.89648 -0.33372 -0.29146
vn -0.87085 -0.33372 -0.36090
vn -0.83985 -0.33372 -0.42811
vn -0.80367 -0.33372 -0.49269
vn -0.76254 -0.33372 -0.55422
vn -0.71671 -0.33372 -0.61234
vn -0.66645 -0.33372 -0.66669
vn -0.61209 -0.33372 -0.71692
vn -0.55395 -0.33372 -0.76274
vn -0.49240 -0.33372 -0.80385
vn -0.42781 -0.33372 -0.84000
vn -0.36059 -0.33372 -0.87098
vn -0.29114 -0.33372 -0.89659
vn -0.21990 -0.33372 -0.91667
vn -0.14730 -0.33372 -0.93109
vn -0.07379 -0.33372 -0.93978
vn 0.00017 -0.33372 -0.94267
vn 0.07413 -0.33372 -0.93975
vn 0.14763 -0.33372 -0.93104
vn 0.22022 -0.33372 -0.91659
vn 0.29146 -0.33372 -0.89648
vn 0.36090 -0.33372 -0.87085
vn 0.42811 -0.33372 -0.83985
vn 0.49269 -0.33372 -0.80367
vn 0.55422 -0.33372 -0.76254
vn 0.61234 -0.33372 -0.71671
vn 0.66669 -0.33372 -0.66645
vn 0.71692 -0.33372 -0.61209
vn 0.76274 -0.33372 -0.55395
vn 0.80385 -0.33372 -0.49240
vn 0.84000 -0.33372 -0.42782
vn 0.87098 -0.33372 -0.36059
vn 0.89659 -0.33372 -0.29114
vn 0.91667 -0.33372 -0.21990
vn 0.93109 -0.33372 -0.14730
vn 0.93978 -0.33372 -0.07379
vn 0.94267 -0.33372 0.00017
vn 0.96242 -0.26076 0.07588
vn 0.95350 -0.26075 0.15115
vn 0.93870 -0.26076 0.22549
vn 0.91811 -0.26076 0.29845
vn 0.89187 -0.26076 0.36957
vn 0.86012 -0.26076 0.43840
vn 0.82307 -0.26076 0.50454
vn 0.78095 -0.26076 0.56756
vn 0.73402 -0.26076 0.62708
vn 0.68255 -0.26076 0.68274
vn 0.62688 -0.26076 0.73418
vn 0.56734 -0.26076 0.78111
vn 0.50431 -0.26076 0.82321
vn 0.43817 -0.26076 0.86024
vn 0.36932 -0.26076 0.89197
vn 0.29821 -0.26076 0.91819
vn 0.22524 -0.26076 0.93876
vn 0.15089 -0.26076 0.95354
vn 0.07561 -0.26076 0.96244
vn -0.00013 -0.26076 0.96540
vn -0.07588 -0.26076 0.96242
vn -0.15115 -0.26076 0.95350
vn -0.22549 -0.26076 0.93870
vn -0.29845 -0.26076 0.91811
vn -0.36957 -0.26076 0.89187
vn -0.43840 -0.26076 0.86012
vn -0.50453 -0.26076 0.82307
vn -0.56756 -0.26076 0.78095
vn -0.62708 -0.26076 0.73402
vn -0.68274 -0.26076 0.68255
vn -0.73418 -0.26076 0.62688
vn -0.78111 -0.26076 0.56734
vn -0.82321 -0.26076 0.50431
vn -0.86024 -0.26076 0.43817
vn -0.89197 -0.26076 0.36932
vn -0.91819 -0.26076 0.29820
vn -0.93876 -0.26076 0.22524
vn -0.95354 -0.26076 0.15089
vn -0.96244 -0.26076 0.07561
vn -0.96540 -0.26076 -0.00013
vn -0.96242 -0.26076 -0.07587
vn -0.95350 -0.26076 -0.15115
vn -0.93870 -0.26076 -0.22550
vn -0.91811 -0.26076 -0.29845
vn -0.89187 -0.26076 -0.36957
vn -0.86012 -0.26076 -0.43840
vn -0.82307 -0.26076 -0.50453
vn -0.78095 -0.26076 -0.56756
vn -0.73402 -0.26076 -0.62708
vn -0.68255 -0.26076 -0.68274
vn -0.62688 -0.26076 -0.73418
vn -0.56735 -0.26076 -0.78111
vn -0.50431 -0.26076 -0.82321
vn -0.43817 -0.26076 -0.86024
vn -0.36932 -0.26076 -0.89197
vn -0.29820 -0.26076 -0.91819
vn -0.22524 -0.26076 -0.93876
vn -0.15089 -0.26076 -0.95354
vn -0.07561 -0.26076 -0.96244
vn 0.00013 -0.26076 -0.96540
vn 0.07588 -0.26076 -0.96242
vn 0.15115 -0.26076 -0.95350
vn 0.22550 -0.26076 -0.93870
vn 0.29845 -0.26076 -0.91811
vn 0.36957 -0.26076 -0.89187
vn 0.43840 -0.26076 -0.86012
vn 0.50453 -0.26076 -0.82307
vn 0.56756 -0.26076 -0.78095
vn 0.62708 -0.26076 -0.73401
vn 0.68274 -0.26076 -0.68255
vn 0.73418 -0.26076 -0.62688
vn 0.78111 -0.26076 -0.56734
vn 0.82321 -0.26076 -0.50431
vn 0.86024 -0.26076 -0.43817
vn 0.89197 -0.26076 -0.36932
vn 0.91819 -0.26076 -0.29820
vn 0.93876 -0.26076 -0.22524
vn 0.95354 -0.26076 -0.15089
vn 0.96244 -0.26076 -0.07561
vn 0.96540 -0.26076 0.00013
vn 0.97946 -0.18627 0.07718
vn 0.97039 -0.18627 0.15379
vn 0.95533 -0.18627 0.22945
vn 0.93438 -0.18627 0.30370
vn 0.90767 -0.18627 0.37607
vn 0.87537 -0.18627 0.44613
vn 0.83767 -0.18627 0.51343
vn 0.79480 -0.18627 0.57758
vn 0.74704 -0.18627 0.63815
vn 0.69466 -0.18627 0.69480
vn 0.63801 -0.18627 0.74716
vn 0.57742 -0.18627 0.79491
vn 0.51327 -0.18627 0.83777
vn 0.44596 -0.18627 0.87546
vn 0.37590 -0.18627 0.90775
vn 0.30352 -0.18627 0.93444
vn 0.22927 -0.18627 0.95537
vn 0.15360 -0.18627 0.97042
vn 0.07700 -0.18627 0.97948
vn -0.00009 -0.18627 0.98250
vn -0.07718 -0.18627 0.97946
vn -0.15379 -0.18627 0.97039
vn -0.22945 -0.18627 0.95533
vn -0.30370 -0.18627 0.93438
vn -0.37607 -0.18627 0.90767
vn -0.44613 -0.18627 0.87537
vn -0.51343 -0.18627 0.83767
vn -0.57758 -0.18627 0.79480
vn -0.63815 -0.18627 0.74704
vn -0.69480 -0.18627 0.69467
vn -0.74716 -0.18627 0.63801
vn -0.79491 -0.18627 0.57742
vn -0.83777 -0.18627 0.51327
vn -0.87545 -0.18627 0.44596
vn -0.90775 -0.18627 0.37590
vn -0.93444 -0.18627 0.30352
vn -0.95537 -0.18627 0.22927
vn -0.97042 -0.18627 0.15361
vn -0.97948 -0.18627 0.07699
vn -0.98250 -0.18627 -0.00009
vn -0.97946 -0.18627 -0.07718
vn -0.97039 -0.18627 -0.15379
vn -0.95533 -0.18627 -0.22945
vn -0.93438 -0.18627 -0.30370
vn -0.90767 -0.18627 -0.37607
vn -0.87537 -0.18627 -0.44613
vn -0.83767 -0.18627 -0.51343
vn -0.79480 -0.18627 -0.57757
vn -0.74704 -0.18627 -0.63815
vn -0.69467 -0.18627 -0.69480
vn -0.63801 -0.18627 -0.74716
vn -0.57742 -0.18627 -0.79491
vn -0.51327 -0.18627 -0.83777
vn -0.44596 -0.18627 -0.87545
vn -0.37590 -0.18627 -0.90775
vn -0.30352 -0.18627 -0.93444
vn -0.22927 -0.18627 -0.95537
vn -0.15361 -0.18627 -0.97042
vn -0.07699 -0.18627 -0.97948
vn 0.00009 -0.18627 -0.98250
vn 0.07718 -0.18627 -0.97946
vn 0.15379 -0.18627 -0.97039
vn 0.22945 -0.18627 -0.95533
vn 0.30370 -0.18627 -0.93438
vn 0.37607 -0.18627 -0.90767
vn 0.44613 -0.18627 -0.87537
vn 0.51343 -0.18627 -0.83767
vn 0.57757 -0.18627 -0.79480
vn 0.63815 -0.18627 -0.74704
vn 0.69480 -0.18627 -0.69466
vn 0.74716 -0.18627 -0.63801
vn 0.79491 -0.18627 -0.57742
vn 0.83777 -0.18627 -0.51327
vn 0.87546 -0.18627 -0.44596
vn 0.90775 -0.18627 -0.37590
vn 0.93444 -0.18627 -0.30352
vn 0.95537 -0.18627 -0.22927
vn 0.97042 -0.18627 -0.15360
vn 0.97948 -0.18627 -0.07700
vn 0.98250 -0.18627 0.00009
vn 0.99079 -0.11069 0.07803
vn 0.98161 -0.11069 0.15553
vn 0.96638 -0.11069 0.23206
vn 0.94520 -0.11069 0.30717
vn 0.91818 -0.11069 0.38038
vn 0.88551 -0.11069 0.45125
vn 0.84737 -0.11069 0.51933
vn 0.80401 -0.11069 0.58422
vn 0.75570 -0.11069 0.64550
vn 0.70272 -0.11069 0.70280
vn 0.64542 -0.11069 0.75577
vn 0.58413 -0.11069 0.80408
vn 0.51924 -0.11069 0.84743
vn 0.45115 -0.11069 0.88556
vn 0.38028 -0.11069 0.91822
vn 0.30707 -0.11069 0.94523
vn 0.23196 -0.11069 0.96641
vn 0.15542 -0.11069 0.98163
vn 0.07792 -0.11069 0.99080
vn -0.00005 -0.11069 0.99386
vn -0.07803 -0.11069 0.99079
vn -0.15553 -0.11069 0.98161
vn -0.23206 -0.11069 0.96638
vn -0.30717 -0.11069 0.94520
vn -0.38038 -0.11069 0.91818
vn -0.45125 -0.11069 0.88551
vn -0.51933 -0.11069 0.84737
vn -0.58422 -0.11069 0.80401
vn -0.64550 -0.11069 0.75569
vn -0.70280 -0.11069 0.70272
vn -0.75577 -0.11069 0.64542
vn -0.80408 -0.11069 0.58413
vn -0.84743 -0.11069 0.51924
vn -0.88556 -0.11069 0.45115
vn -0.91822 -0.11069 0.38028
vn -0.94523 -0.11069 0.30706
vn -0.96641 -0.11069 0.23196
vn -0.98163 -0.11069 0.15542
vn -0.99080 -0.11069 0.07792
vn -0.99385 -0.11069 -0.00006
vn -0.99079 -0.11069 -0.07803
vn -0.98161 -0.11069 -0.15553
vn -0.96638 -0.11069 -0.23206
vn -0.94520 -0.11069 -0.30717
vn -0.91818 -0.11069 -0.38038
vn -0.88551 -0.11069 -0.45125
vn -0.84737 -0.11069 -0.51933
vn -0.80401 -0.11069 -0.58422
vn -0.75570 -0.11069 -0.64550
vn -0.70272 -0.11069 -0.70280
vn -0.64542 -0.11069 -0.75577
vn -0.58413 -0.11069 -0.80408
vn -0.51924 -0.11069 -0.84743
vn -0.45115 -0.11069 -0.88556
vn -0.38028 -0.11069 -0.91822
vn -0.30706 -0.11069 -0.94523
vn -0.23196 -0.11069 -0.96641
vn -0.15542 -0.11069 -0.98163
vn -0.07792 -0.11069 -0.99080
vn 0.00006 -0.11069 -0.99385
vn 0.07803 -0.11069 -0.99079
vn 0.15553 -0.11069 -0.98161
vn 0.23206 -0.11069 -0.96638
vn 0.30717 -0.11069 -0.94520
vn 0.38038 -0.11069 -0.91818
vn 0.45125 -0.11069 -0.88550
vn 0.51933 -0.11069 -0.84737
vn 0.58422 -0.11069 -0.80401
vn 0.64550 -0.11069 -0.75570
vn 0.70280 -0.11069 -0.70272
vn 0.75577 -0.11069 -0.64542
vn 0.80408 -0.11069 -0.58413
vn 0.84743 -0.11069 -0.51924
vn 0.88556 -0.11069 -0.45115
vn 0.91822 -0.11069 -0.38028
vn 0.94523 -0.11069 -0.30707
vn 0.96641 -0.11069 -0.23196
vn 0.98163 -0.11069 -0.15542
vn 0.99080 -0.11069 -0.07792
vn 0.99386 -0.11069 0.00005
vn 0.99632 -0.03447 0.07843
vn 0.98710 -0.03447 0.15636
vn 0.97179 -0.03447 0.23332
vn 0.95049 -0.03447 0.30885
vn 0.92332 -0.03447 0.38247
vn 0.89047 -0.03447 0.45374
vn 0.85213 -0.03447 0.52220
vn 0.80853 -0.03447 0.58745
vn 0.75994 -0.03447 0.64908
vn 0.70668 -0.03447 0.70670
vn 0.64905 -0.03447 0.75996
vn 0.58742 -0.03447 0.80855
vn 0.52217 -0.03447 0.85214
vn 0.45370 -0.03447 0.89049
vn 0.38244 -0.03447 0.92334
vn 0.30882 -0.03447 0.95050
vn 0.23329 -0.03447 0.97180
vn 0.15632 -0.03447 0.98710
vn 0.07839 -0.03447 0.99633
vn -0.00002 -0.03447 0.99941
vn -0.07843 -0.03447 0.99632
vn -0.15636 -0.03447 0.98710
vn -0.23332 -0.03447 0.97179
vn -0.30885 -0.03447 0.95049
vn -0.38247 -0.03447 0.92332
vn -0.45374 -0.03447 0.89047
vn -0.52220 -0.03447 0.85213
vn -0.58745 -0.03447 0.80853
vn -0.64908 -0.03447 0.75994
vn -0.70670 -0.03447 0.70667
vn -0.75996 -0.03447 0.64905
vn -0.80855 -0.03447 0.58742
vn -0.85214 -0.03447 0.52217
vn -0.89048 -0.03447 0.45371
vn -0.92334 -0.03447 0.38244
vn -0.95050 -0.03447 0.30882
vn -0.97180 -0.03447 0.23329
vn -0.98710 -0.03447 0.15633
vn -0.99633 -0.03447 0.07839
vn -0.99941 -0.03447 -0.00002
vn -0.99632 -0.03447 -0.07843
vn -0.98710 -0.03447 -0.15636
vn -0.97179 -0.03447 -0.23332
vn -0.95049 -0.03447 -0.30885
vn -0.92332 -0.03447 -0.38247
vn -0.89047 -0.03447 -0.45374
vn -0.85212 -0.03447 -0.52220
vn -0.80853 -0.03447 -0.58745
vn -0.75994 -0.03447 -0.64908
vn -0.70667 -0.03447 -0.70670
vn -0.64905 -0.03447 -0.75996
vn -0.58742 -0.03447 -0.80855
vn -0.52217 -0.03447 -0.85214
vn -0.45371 -0.03447 -0.89048
vn -0.38244 -0.03447 -0.92334
vn -0.30882 -0.03447 -0.95050
vn -0.23329 -0.03447 -0.97180
vn -0.15633 -0.03447 -0.98710
vn -0.07839 -0.03447 -0.99633
vn 0.00002 -0.03447 -0.99941
vn 0.07843 -0.03447 -0.99632
vn 0.15636 -0.03447 -0.98710
vn 0.23332 -0.03447 -0.97179
vn 0.30885 -0.03447 -0.95049
vn 0.38247 -0.03447 -0.92332
vn 0.45374 -0.03447 -0.89047
vn 0.52220 -0.03447 -0.85212
vn 0.58745 -0.03447 -0.80853
vn 0.64908 -0.03447 -0.75994
vn 0.70670 -0.03447 -0.70667
vn 0.75996 -0.03447 -0.64905
vn 0.80855 -0.03447 -0.58742
vn 0.85214 -0.03447 -0.52217
vn 0.89049 -0.03447 -0.45370
vn 0.92334 -0.03447 -0.38244
vn 0.95050 -0.03447 -0.30882
vn 0.97180 -0.03447 -0.23329
vn 0.98710 -0.03447 -0.15632
vn 0.99633 -0.03447 -0.07839
vn 0.99941 -0.03447 0.00002
vn 0.99604 0.04195 0.07837
vn 0.98682 0.04195 0.15628
vn 0.97152 0.04195 0.23322
vn 0.95023 0.04195 0.30873
vn 0.92307 0.04195 0.38233
vn 0.89023 0.04195 0.45357
vn 0.85190 0.04195 0.52202
vn 0.80832 0.04195 0.58725
vn 0.75975 0.04195 0.64886
vn 0.70650 0.04195 0.70647
vn 0.64889 0.04195 0.75972
vn 0.58728 0.04195 0.80829
vn 0.52206 0.04195 0.85188
vn 0.45361 0.04195 0.89021
vn 0.38237 0.04195 0.92306
vn 0.30877 0.04195 0.95021
vn 0.23326 0.04195 0.97151
vn 0.15632 0.04195 0.98682
vn 0.07841 0.04195 0.99604
vn 0.00002 0.04195 0.99912
vn -0.07837 0.04195 0.99604
vn -0.15628 0.04195 0.98682
vn -0.23322 0.04195 0.97152
vn -0.30873 0.04195 0.95022
vn -0.38233 0.04195 0.92307
vn -0.45357 0.04195 0.89023
vn -0.52202 0.04195 0.85190
vn -0.58725 0.04195 0.80832
vn -0.64886 0.04195 0.75975
vn -0.70647 0.04195 0.70650
vn -0.75972 0.04195 0.64889
vn -0.80829 0.04196 0.58729
vn -0.85188 0.04195 0.52206
vn -0.89021 0.04195 0.45361
vn -0.92306 0.04195 0.38236
vn -0.95021 0.04195 0.30876
vn -0.97151 0.04195 0.23326
vn -0.98682 0.04195 0.15632
vn -0.99604 0.04195 0.07841
vn -0.99912 0.04195 0.00002
vn -0.99604 0.04195 -0.07837
vn -0.98682 0.04195 -0.15628
vn -0.97152 0.04195 -0.23322
vn -0.95023 0.04195 -0.30872
vn -0.92307 0.04195 -0.38233
vn -0.89023 0.04195 -0.45357
vn -0.85190 0.04195 -0.52202
vn -0.80832 0.04195 -0.58725
vn -0.75975 0.04195 -0.64886
vn -0.70650 0.04195 -0.70647
vn -0.64889 0.04195 -0.75972
vn -0.58728 0.04195 -0.80829
vn -0.52206 0.04195 -0.85188
vn -0.45361 0.04195 -0.89021
vn -0.38237 0.04195 -0.92306
vn -0.30876 0.04195 -0.95021
vn -0.23326 0.04195 -0.97151
vn -0.15632 0.04195 -0.98682
vn -0.07841 0.04195 -0.99604
vn -0.00002 0.04195 -0.99912
vn 0.07837 0.04195 -0.99604
vn 0.15628 0.04195 -0.98682
vn 0.23322 0.04195 -0.97152
vn 0.30872 0.04195 -0.95023
vn 0.38233 0.04195 -0.92307
vn 0.45357 0.04195 -0.89023
vn 0.52202 0.04195 -0.85190
vn 0.58725 0.04195 -0.80832
vn 0.64886 0.04195 -0.75975
vn 0.70647 0.04195 -0.70650
vn 0.75972 0.04195 -0.64889
vn 0.80829 0.04195 -0.58728
vn 0.85188 0.04195 -0.52206
vn 0.89021 0.04195 -0.45361
vn 0.92306 0.04195 -0.38237
vn 0.95021 0.04195 -0.30877
vn 0.97151 0.04195 -0.23326
vn 0.98682 0.04195 -0.15632
vn 0.99604 0.04195 -0.07841
vn 0.99912 0.04195 -0.00002
vn 0.98994 0.11813 0.07785
vn 0.98078 0.11813 0.15528
vn 0.96558 0.11813 0.23175
vn 0.94442 0.11813 0.30680
vn 0.91743 0.11813 0.37995
vn 0.88479 0.11813 0.45076
vn 0.84670 0.11813 0.51879
vn 0.80339 0.11813 0.58362
vn 0.75512 0.11814 0.64485
vn 0.70220 0.11813 0.70212
vn 0.64494 0.11813 0.75504
vn 0.58372 0.11813 0.80332
vn 0.51889 0.11813 0.84664
vn 0.45087 0.11813 0.88474
vn 0.38006 0.11813 0.91739
vn 0.30691 0.11813 0.94438
vn 0.23187 0.11813 0.96555
vn 0.15540 0.11813 0.98076
vn 0.07797 0.11813 0.98993
vn 0.00006 0.11813 0.99300
vn -0.07785 0.11813 0.98994
vn -0.15528 0.11813 0.98078
vn -0.23175 0.11813 0.96558
vn -0.30680 0.11813 0.94442
vn -0.37995 0.11813 0.91743
vn -0.45076 0.11813 0.88479
vn -0.51879 0.11813 0.84670
vn -0.58362 0.11813 0.80339
vn -0.64486 0.11813 0.75512
vn -0.70211 0.11813 0.70220
vn -0.75504 0.11813 0.64494
vn -0.80332 0.11813 0.58372
vn -0.84664 0.11813 0.51889
vn -0.88474 0.11813 0.45087
vn -0.91739 0.11813 0.38006
vn -0.94438 0.11813 0.30691
vn -0.96555 0.11813 0.23187
vn -0.98076 0.11813 0.15540
vn -0.98993 0.11813 0.07797
vn -0.99300 0.11813 0.00006
vn -0.98994 0.11813 -0.07785
vn -0.98078 0.11813 -0.15528
vn -0.96558 0.11813 -0.23175
vn -0.94442 0.11813 -0.30680
vn -0.91743 0.11813 -0.37995
vn -0.88479 0.11813 -0.45076
vn -0.84670 0.11813 -0.51879
vn -0.80339 0.11813 -0.58362
vn -0.75512 0.11813 -0.64486
vn -0.70220 0.11813 -0.70211
vn -0.64495 0.11813 -0.75504
vn -0.58372 0.11813 -0.80332
vn -0.51889 0.11813 -0.84664
vn -0.45087 0.11813 -0.88474
vn -0.38006 0.11813 -0.91739
vn -0.30691 0.11813 -0.94438
vn -0.23187 0.11813 -0.96555
vn -0.15540 0.11813 -0.98076
vn -0.07797 0.11813 -0.98993
vn -0.00006 0.11813 -0.99300
vn 0.07785 0.11813 -0.98994
vn 0.15528 0.11813 -0.98078
vn 0.23175 0.11813 -0.96558
vn 0.30680 0.11813 -0.94442
vn 0.37995 0.11813 -0.91743
vn 0.45076 0.11813 -0.88479
vn 0.51879 0.11813 -0.84670
vn 0.58362 0.11813 -0.80339
vn 0.64485 0.11813 -0.75512
vn 0.70211 0.11813 -0.70220
vn 0.75504 0.11813 -0.64495
vn 0.80332 0.11813 -0.58372
vn 0.84664 0.11813 -0.51889
vn 0.88474 0.11813 -0.45087
vn 0.91739 0.11813 -0.38006
vn 0.94438 0.11813 -0.30691
vn 0.96555 0.11813 -0.23187
vn 0.98076 0.11813 -0.15539
vn 0.98993 0.11813 -0.07797
vn 0.99300 0.11813 -0.00006
vn 0.97806 0.19362 0.07688
vn 0.96901 0.19362 0.15338
vn 0.95399 0.19362 0.22893
vn 0.93309 0.19362 0.30308
vn 0.90643 0.19362 0.37535
vn 0.87419 0.19362 0.44531
vn 0.83656 0.19362 0.51253
vn 0.79376 0.19362 0.57659
vn 0.74608 0.19362 0.63708
vn 0.69379 0.19362 0.69366
vn 0.63723 0.19362 0.74595
vn 0.57674 0.19362 0.79365
vn 0.51269 0.19362 0.83646
vn 0.44549 0.19362 0.87410
vn 0.37553 0.19362 0.90636
vn 0.30326 0.19362 0.93303
vn 0.22912 0.19362 0.95395
vn 0.15357 0.19362 0.96898
vn 0.07707 0.19362 0.97805
vn 0.00010 0.19362 0.98108
vn -0.07688 0.19362 0.97806
vn -0.15338 0.19362 0.96901
vn -0.22894 0.19362 0.95399
vn -0.30308 0.19362 0.93309
vn -0.37535 0.19362 0.90643
vn -0.44531 0.19362 0.87419
vn -0.51253 0.19362 0.83656
vn -0.57658 0.19362 0.79376
vn -0.63709 0.19362 0.74608
vn -0.69366 0.19362 0.69380
vn -0.74595 0.19362 0.63723
vn -0.79365 0.19362 0.57674
vn -0.83646 0.19362 0.51269
vn -0.87410 0.19362 0.44549
vn -0.90636 0.19362 0.37553
vn -0.93303 0.19362 0.30326
vn -0.95395 0.19362 0.22912
vn -0.96898 0.19362 0.15357
vn -0.97805 0.19362 0.07707
vn -0.98108 0.19362 0.00010
vn -0.97806 0.19362 -0.07688
vn -0.96901 0.19362 -0.15338
vn -0.95399 0.19362 -0.22893
vn -0.93309 0.19362 -0.30308
vn -0.90643 0.19362 -0.37535
vn -0.87419 0.19362 -0.44531
vn -0.83656 0.19362 -0.51253
vn -0.79377 0.19362 -0.57658
vn -0.74608 0.19362 -0.63709
vn -0.69379 0.19362 -0.69366
vn -0.63723 0.19362 -0.74595
vn -0.57674 0.19362 -0.79365
vn -0.51269 0.19362 -0.83646
vn -0.44549 0.19362 -0.87410
vn -0.37553 0.19362 -0.90636
vn -0.30326 0.19362 -0.93303
vn -0.22912 0.19362 -0.95395
vn -0.15357 0.19362 -0.96898
vn -0.07707 0.19362 -0.97805
vn -0.00010 0.19362 -0.98108
vn 0.07688 0.19362 -0.97806
vn 0.15338 0.19362 -0.96901
vn 0.22893 0.19362 -0.95399
vn 0.30308 0.19362 -0.93309
vn 0.37535 0.19362 -0.90643
vn 0.44531 0.19362 -0.87419
vn 0.51253 0.19362 -0.83656
vn 0.57658 0.19362 -0.79376
vn 0.63708 0.19362 -0.74608
vn 0.69366 0.19362 -0.69379
vn 0.74595 0.19362 -0.63723
vn 0.79365 0.19362 -0.57674
vn 0.83645 0.19362 -0.51269
vn 0.87410 0.19362 -0.44549
vn 0.90636 0.19362 -0.37553
vn 0.93303 0.19362 -0.30326
vn 0.95395 0.19362 -0.22912
vn 0.96898 0.19362 -0.15357
vn 0.97805 0.19362 -0.07707
vn 0.98108 0.19362 -0.00010
vn 0.96047 0.26798 0.07546
vn 0.95158 0.26798 0.15058
vn 0.93684 0.26798 0.22478
vn 0.91631 0.26798 0.29759
vn 0.89014 0.26798 0.36856
vn 0.85848 0.26798 0.43727
vn 0.82153 0.26798 0.50327
vn 0.77951 0.26798 0.56618
vn 0.73268 0.26797 0.62559
vn 0.68134 0.26798 0.68115
vn 0.62580 0.26798 0.73251
vn 0.56640 0.26798 0.77935
vn 0.50350 0.26798 0.82139
vn 0.43751 0.26798 0.85836
vn 0.36881 0.26798 0.89004
vn 0.29784 0.26798 0.91623
vn 0.22504 0.26798 0.93677
vn 0.15084 0.26798 0.95154
vn 0.07572 0.26798 0.96044
vn 0.00013 0.26798 0.96343
vn -0.07546 0.26798 0.96047
vn -0.15058 0.26798 0.95158
vn -0.22478 0.26798 0.93684
vn -0.29759 0.26798 0.91631
vn -0.36856 0.26798 0.89014
vn -0.43727 0.26798 0.85848
vn -0.50328 0.26798 0.82152
vn -0.56618 0.26798 0.77951
vn -0.62559 0.26798 0.73268
vn -0.68115 0.26798 0.68134
vn -0.73251 0.26798 0.62580
vn -0.77935 0.26798 0.56640
vn -0.82139 0.26798 0.50350
vn -0.85836 0.26798 0.43751
vn -0.89004 0.26798 0.36881
vn -0.91623 0.26798 0.29784
vn -0.93677 0.26798 0.22504
vn -0.95154 0.26798 0.15085
vn -0.96044 0.26798 0.07572
vn -0.96343 0.26798 0.00013
vn -0.96047 0.26798 -0.07546
vn -0.95158 0.26798 -0.15058
vn -0.93684 0.26798 -0.22478
vn -0.91631 0.26798 -0.29759
vn -0.89014 0.26798 -0.36856
vn -0.85848 0.26798 -0.43727
vn -0.82152 0.26798 -0.50327
vn -0.77951 0.26798 -0.56618
vn -0.73268 0.26798 -0.62559
vn -0.68134 0.26798 -0.68115
vn -0.62580 0.26798 -0.73251
vn -0.56640 0.26798 -0.77935
vn -0.50350 0.26798 -0.82138
vn -0.43751 0.26798 -0.85836
vn -0.36881 0.26798 -0.89004
vn -0.29784 0.26798 -0.91623
vn -0.22504 0.26798 -0.93678
vn -0.15085 0.26798 -0.95154
vn -0.07572 0.26798 -0.96044
vn -0.00013 0.26798 -0.96343
vn 0.07546 0.26798 -0.96047
vn 0.15058 0.26798 -0.95158
vn 0.22478 0.26798 -0.93684
vn 0.29759 0.26798 -0.91631
vn 0.36856 0.26798 -0.89014
vn 0.43727 0.26798 -0.85848
vn 0.50327 0.26798 -0.82153
vn 0.56618 0.26798 -0.77951
vn 0.62559 0.26798 -0.73268
vn 0.68115 0.26798 -0.68134
vn 0.73251 0.26798 -0.62580
vn 0.77935 0.26798 -0.56640
vn 0.82138 0.26798 -0.50350
vn 0.85836 0.26798 -0.43751
vn 0.89004 0.26798 -0.36881
vn 0.91623 0.26798 -0.29784
vn 0.93677 0.26798 -0.22504
vn 0.95154 0.26798 -0.15084
vn 0.96044 0.26798 -0.07572
vn 0.96343 0.26798 -0.00013
vn 0.93726 0.34076 0.07360
vn 0.92860 0.34076 0.14690
vn 0.91421 0.34077 0.21931
vn 0.89419 0.34077 0.29036
vn 0.86865 0.34076 0.35962
vn 0.83776 0.34076 0.42667
vn 0.80170 0.34076 0.49108
vn 0.76070 0.34076 0.55247
vn 0.71501 0.34076 0.61045
vn 0.66491 0.34076 0.66467
vn 0.61071 0.34076 0.71479
vn 0.55275 0.34076 0.76049
vn 0.49137 0.34076 0.80152
vn 0.42697 0.34077 0.83760
vn 0.35994 0.34076 0.86852
vn 0.29068 0.34076 0.89408
vn 0.21964 0.34076 0.91413
vn 0.14724 0.34077 0.92855
vn 0.07393 0.34076 0.93724
vn 0.00017 0.34076 0.94015
vn -0.07360 0.34076 0.93726
vn -0.14690 0.34076 0.92860
vn -0.21931 0.34077 0.91421
vn -0.29036 0.34076 0.89419
vn -0.35962 0.34076 0.86865
vn -0.42667 0.34076 0.83776
vn -0.49108 0.34076 0.80170
vn -0.55247 0.34076 0.76070
vn -0.61045 0.34076 0.71501
vn -0.66467 0.34076 0.66491
vn -0.71478 0.34076 0.61071
vn -0.76050 0.34076 0.55274
vn -0.80152 0.34076 0.49137
vn -0.83760 0.34077 0.42697
vn -0.86852 0.34076 0.35994
vn -0.89408 0.34077 0.29068
vn -0.91413 0.34076 0.21964
vn -0.92855 0.34076 0.14724
vn -0.93724 0.34077 0.07393
vn -0.94015 0.34077 0.00017
vn -0.93726 0.34077 -0.07359
vn -0.92860 0.34076 -0.14690
vn -0.91421 0.34076 -0.21931
vn -0.89419 0.34077 -0.29036
vn -0.86865 0.34077 -0.35962
vn -0.83776 0.34077 -0.42667
vn -0.80170 0.34076 -0.49108
vn -0.76070 0.34076 -0.55247
vn -0.71501 0.34076 -0.61045
vn -0.66491 0.34076 -0.66467
vn -0.61071 0.34076 -0.71478
vn -0.55274 0.34076 -0.76050
vn -0.49137 0.34076 -0.80152
vn -0.42697 0.34076 -0.83760
vn -0.35994 0.34076 -0.86852
vn -0.29068 0.34077 -0.89408
vn -0.21964 0.34076 -0.91413
vn -0.14724 0.34076 -0.92855
vn -0.07393 0.34077 -0.93724
vn -0.00017 0.34077 -0.94015
vn 0.07359 0.34077 -0.93726
vn 0.14690 0.34076 -0.92860
vn 0.21931 0.34076 -0.91421
vn 0.29036 0.34077 -0.89419
vn 0.35962 0.34077 -0.86865
vn 0.42667 0.34077 -0.83776
vn 0.49108 0.34076 -0.80170
vn 0.55247 0.34076 -0.76070
vn 0.61045 0.34076 -0.71501
vn 0.66467 0.34076 -0.66491
vn 0.71478 0.34076 -0.61071
vn 0.76050 0.34076 -0.55274
vn 0.80152 0.34076 -0.49137
vn 0.83760 0.34076 -0.42697
vn 0.86852 0.34076 -0.35994
vn 0.89408 0.34076 -0.29068
vn 0.91413 0.34076 -0.21964
vn 0.92855 0.34077 -0.14724
vn 0.93724 0.34076 -0.07393
vn 0.94015 0.34076 -0.00017
vn 0.90859 0.41156 0.07130
vn 0.90019 0.41156 0.14237
vn 0.88625 0.41156 0.21256
vn 0.86684 0.41156 0.28144
vn 0.84209 0.41156 0.34858
vn 0.81214 0.41156 0.41358
vn 0.77719 0.41156 0.47602
vn 0.73745 0.41156 0.53553
vn 0.69316 0.41156 0.59174
vn 0.64459 0.41156 0.64430
vn 0.59205 0.41156 0.69289
vn 0.53587 0.41156 0.73720
vn 0.47637 0.41156 0.77697
vn 0.41394 0.41156 0.81196
vn 0.34896 0.41156 0.84193
vn 0.28183 0.41156 0.86671
vn 0.21296 0.41156 0.88615
vn 0.14278 0.41156 0.90013
vn 0.07171 0.41156 0.90856
vn 0.00020 0.41156 0.91138
vn -0.07130 0.41156 0.90859
vn -0.14237 0.41156 0.90019
vn -0.21256 0.41156 0.88625
vn -0.28144 0.41156 0.86684
vn -0.34858 0.41156 0.84209
vn -0.41358 0.41156 0.81214
vn -0.47602 0.41156 0.77719
vn -0.53553 0.41156 0.73745
vn -0.59174 0.41156 0.69316
vn -0.64430 0.41156 0.64459
vn -0.69289 0.41156 0.59205
vn -0.73720 0.41156 0.53586
vn -0.77698 0.41156 0.47637
vn -0.81195 0.41156 0.41394
vn -0.84193 0.41156 0.34896
vn -0.86671 0.41156 0.28183
vn -0.88615 0.41156 0.21296
vn -0.90013 0.41156 0.14277
vn -0.90856 0.41156 0.07171
vn -0.91138 0.41156 0.00021
vn -0.90859 0.41156 -0.07130
vn -0.90019 0.41156 -0.14237
vn -0.88625 0.41156 -0.21256
vn -0.86684 0.41156 -0.28144
vn -0.84209 0.41156 -0.34858
vn -0.81214 0.41156 -0.41358
vn -0.77719 0.41156 -0.47602
vn -0.73744 0.41156 -0.53553
vn -0.69316 0.41156 -0.59174
vn -0.64459 0.41156 -0.64430
vn -0.59205 0.41156 -0.69289
vn -0.53586 0.41156 -0.73720
vn -0.47637 0.41156 -0.77697
vn -0.41394 0.41156 -0.81195
vn -0.34896 0.41156 -0.84193
vn -0.28183 0.41156 -0.86671
vn -0.21296 0.41156 -0.88615
vn -0.14277 0.41156 -0.90013
vn -0.07171 0.41156 -0.90856
vn -0.00021 0.41156 -0.91138
vn 0.07130 0.41156 -0.90859
vn 0.14237 0.41156 -0.90019
vn 0.21256 0.41156 -0.88625
vn 0.28144 0.41156 -0.86684
vn 0.34858 0.41156 -0.84209
vn 0.41358 0.41156 -0.81214
vn 0.47602 0.41156 -0.77719
vn 0.53553 0.41156 -0.73744
vn 0.59174 0.41156 -0.69315
vn 0.64430 0.41156 -0.64459
vn 0.69289 0.41156 -0.59205
vn 0.73720 0.41156 -0.53587
vn 0.77697 0.41156 -0.47637
vn 0.81196 0.41156 -0.41394
vn 0.84193 0.41156 -0.34896
vn 0.86671 0.41156 -0.28183
vn 0.88615 0.41156 -0.21296
vn 0.90013 0.41156 -0.14277
vn 0.90856 0.41156 -0.07171
vn 0.91138 0.41156 -0.00020
vn 0.87460 0.47997 0.06859
vn 0.86652 0.47997 0.13700
vn 0.85310 0.47997 0.20457
vn 0.83442 0.47997 0.27087
vn 0.81060 0.47997 0.33550
vn 0.78178 0.47997 0.39807
vn 0.74813 0.47997 0.45817
vn 0.70988 0.47997 0.51546
vn 0.66725 0.47997 0.56957
vn 0.62050 0.47997 0.62016
vn 0.56993 0.47997 0.66694
vn 0.51585 0.47997 0.70960
vn 0.45859 0.47997 0.74788
vn 0.39849 0.47997 0.78156
vn 0.33594 0.47997 0.81042
vn 0.27132 0.47997 0.83428
vn 0.20503 0.47997 0.85299
vn 0.13748 0.47997 0.86645
vn 0.06907 0.47997 0.87456
vn 0.00024 0.47997 0.87729
vn -0.06859 0.47997 0.87460
vn -0.13700 0.47997 0.86652
vn -0.20457 0.47997 0.85310
vn -0.27087 0.47997 0.83442
vn -0.33550 0.47997 0.81060
vn -0.39807 0.47997 0.78178
vn -0.45818 0.47997 0.74813
vn -0.51546 0.47997 0.70988
vn -0.56957 0.47997 0.66725
vn -0.62017 0.47997 0.62050
vn -0.66694 0.47997 0.56993
vn -0.70960 0.47997 0.51585
vn -0.74788 0.47997 0.45859
vn -0.78156 0.47997 0.39849
vn -0.81041 0.47997 0.33595
vn -0.83427 0.47997 0.27132
vn -0.85299 0.47997 0.20503
vn -0.86645 0.47997 0.13748
vn -0.87456 0.47997 0.06907
vn -0.87729 0.47997 0.00024
vn -0.87460 0.47997 -0.06859
vn -0.86652 0.47997 -0.13700
vn -0.85310 0.47997 -0.20456
vn -0.83442 0.47997 -0.27087
vn -0.81060 0.47997 -0.33550
vn -0.78178 0.47997 -0.39807
vn -0.74813 0.47997 -0.45818
vn -0.70988 0.47997 -0.51546
vn -0.66725 0.47997 -0.56957
vn -0.62050 0.47997 -0.62016
vn -0.56993 0.47997 -0.66694
vn -0.51585 0.47997 -0.70960
vn -0.45858 0.47997 -0.74788
vn -0.39849 0.47997 -0.78156
vn -0.33595 0.47997 -0.81041
vn -0.27133 0.47997 -0.83427
vn -0.20503 0.47997 -0.85299
vn -0.13747 0.47997 -0.86645
vn -0.06907 0.47997 -0.87456
vn -0.00024 0.47997 -0.87729
vn 0.06859 0.47997 -0.87460
vn 0.13700 0.47997 -0.86652
vn 0.20456 0.47997 -0.85310
vn 0.27087 0.47997 -0.83442
vn 0.33550 0.47997 -0.81060
vn 0.39807 0.47997 -0.78178
vn 0.45818 0.47997 -0.74814
vn 0.51546 0.47997 -0.70988
vn 0.56957 0.47997 -0.66725
vn 0.62016 0.47997 -0.62051
vn 0.66694 0.47997 -0.56993
vn 0.70960 0.47997 -0.51585
vn 0.74788 0.47997 -0.45859
vn 0.78156 0.47997 -0.39849
vn 0.81042 0.47997 -0.33594
vn 0.83428 0.47997 -0.27132
vn 0.85299 0.47997 -0.20503
vn 0.86645 0.47997 -0.13748
vn 0.87456 0.47997 -0.06907
vn 0.87729 0.47997 -0.00024
vn 0.83550 0.54557 0.06548
vn 0.82779 0.54557 0.13083
vn 0.81497 0.54557 0.19538
vn 0.79713 0.54557 0.25872
vn 0.77438 0.54557 0.32046
vn 0.74684 0.54557 0.38023
vn 0.71471 0.54557 0.43766
vn 0.67817 0.54557 0.49238
vn 0.63745 0.54557 0.54407
vn 0.59280 0.54557 0.59241
vn 0.54449 0.54557 0.63709
vn 0.49282 0.54557 0.67785
vn 0.43812 0.54557 0.71442
vn 0.38072 0.54557 0.74660
vn 0.32097 0.54557 0.77417
vn 0.25923 0.54557 0.79696
vn 0.19591 0.54557 0.81485
vn 0.13137 0.54557 0.82770
vn 0.06603 0.54557 0.83546
vn 0.00027 0.54557 0.83807
vn -0.06548 0.54557 0.83550
vn -0.13083 0.54557 0.82779
vn -0.19538 0.54557 0.81497
vn -0.25872 0.54557 0.79713
vn -0.32046 0.54557 0.77438
vn -0.38023 0.54557 0.74685
vn -0.43766 0.54557 0.71471
vn -0.49238 0.54557 0.67817
vn -0.54407 0.54557 0.63745
vn -0.59241 0.54557 0.59279
vn -0.63709 0.54557 0.54449
vn -0.67785 0.54557 0.49282
vn -0.71443 0.54557 0.43812
vn -0.74660 0.54557 0.38072
vn -0.77417 0.54557 0.32097
vn -0.79696 0.54557 0.25924
vn -0.81485 0.54557 0.19591
vn -0.82771 0.54557 0.13137
vn -0.83546 0.54557 0.06603
vn -0.83807 0.54557 0.00027
vn -0.83550 0.54557 -0.06548
vn -0.82779 0.54557 -0.13083
vn -0.81497 0.54557 -0.19538
vn -0.79713 0.54557 -0.25872
vn -0.77438 0.54557 -0.32046
vn -0.74685 0.54557 -0.38023
vn -0.71471 0.54557 -0.43766
vn -0.67817 0.54557 -0.49238
vn -0.63745 0.54557 -0.54407
vn -0.59280 0.54557 -0.59241
vn -0.54449 0.54557 -0.63709
vn -0.49282 0.54557 -0.67785
vn -0.43812 0.54557 -0.71443
vn -0.38072 0.54557 -0.74660
vn -0.32097 0.54557 -0.77417
vn -0.25924 0.54557 -0.79696
vn -0.19591 0.54557 -0.81485
vn -0.13137 0.54557 -0.82771
vn -0.06603 0.54557 -0.83546
vn -0.00027 0.54557 -0.83807
vn 0.06548 0.54557 -0.83550
vn 0.13083 0.54557 -0.82779
vn 0.19538 0.54557 -0.81497
vn 0.25872 0.54557 -0.79713
vn 0.32046 0.54557 -0.77438
vn 0.38023 0.54557 -0.74685
vn 0.43765 0.54557 -0.71471
vn 0.49238 0.54557 -0.67817
vn 0.54407 0.54557 -0.63745
vn 0.59241 0.54557 -0.59280
vn 0.63709 0.54557 -0.54449
vn 0.67785 0.54557 -0.49282
vn 0.71443 0.54557 -0.43812
vn 0.74660 0.54557 -0.38072
vn 0.77417 0.54557 -0.32097
vn 0.79697 0.54557 -0.25923
vn 0.81485 0.54557 -0.19591
vn 0.82770 0.54557 -0.13137
vn 0.83546 0.54557 -0.06603
vn 0.83807 0.54557 -0.00027
vn 0.79154 0.60797 0.06199
vn 0.78424 0.60797 0.12390
vn 0.77210 0.60797 0.18505
vn 0.75520 0.60797 0.24506
vn 0.73364 0.60797 0.30355
vn 0.70756 0.60797 0.36018
vn 0.67712 0.60797 0.41458
vn 0.64251 0.60797 0.46643
vn 0.60393 0.60797 0.51540
vn 0.56163 0.60797 0.56120
vn 0.51587 0.60797 0.60354
vn 0.46692 0.60797 0.64215
vn 0.41510 0.60797 0.67681
vn 0.36072 0.60797 0.70729
vn 0.30412 0.60797 0.73341
vn 0.24564 0.60797 0.75501
vn 0.18564 0.60797 0.77196
vn 0.12450 0.60797 0.78414
vn 0.06260 0.60797 0.79149
vn 0.00030 0.60797 0.79396
vn -0.06199 0.60797 0.79154
vn -0.12390 0.60797 0.78423
vn -0.18505 0.60797 0.77210
vn -0.24506 0.60797 0.75520
vn -0.30355 0.60797 0.73364
vn -0.36018 0.60797 0.70756
vn -0.41458 0.60797 0.67712
vn -0.46643 0.60797 0.64251
vn -0.51540 0.60797 0.60393
vn -0.56120 0.60797 0.56163
vn -0.60354 0.60797 0.51587
vn -0.64215 0.60797 0.46692
vn -0.67680 0.60797 0.41510
vn -0.70729 0.60797 0.36072
vn -0.73341 0.60797 0.30412
vn -0.75501 0.60797 0.24564
vn -0.77195 0.60797 0.18564
vn -0.78414 0.60797 0.12450
vn -0.79149 0.60797 0.06260
vn -0.79396 0.60797 0.00030
vn -0.79154 0.60797 -0.06199
vn -0.78423 0.60797 -0.12390
vn -0.77210 0.60797 -0.18505
vn -0.75520 0.60797 -0.24506
vn -0.73364 0.60797 -0.30356
vn -0.70756 0.60797 -0.36018
vn -0.67712 0.60797 -0.41458
vn -0.64251 0.60797 -0.46643
vn -0.60393 0.60797 -0.51541
vn -0.56163 0.60797 -0.56120
vn -0.51587 0.60797 -0.60354
vn -0.46693 0.60797 -0.64215
vn -0.41510 0.60797 -0.67680
vn -0.36072 0.60797 -0.70729
vn -0.30412 0.60797 -0.73341
vn -0.24564 0.60797 -0.75501
vn -0.18564 0.60797 -0.77195
vn -0.12450 0.60797 -0.78414
vn -0.06260 0.60797 -0.79149
vn -0.00030 0.60797 -0.79396
vn 0.06199 0.60797 -0.79154
vn 0.12390 0.60797 -0.78423
vn 0.18505 0.60797 -0.77210
vn 0.24506 0.60797 -0.75520
vn 0.30356 0.60797 -0.73364
vn 0.36018 0.60797 -0.70756
vn 0.41458 0.60797 -0.67712
vn 0.46643 0.60797 -0.64251
vn 0.51540 0.60797 -0.60393
vn 0.56120 0.60797 -0.56163
vn 0.60354 0.60797 -0.51587
vn 0.64215 0.60797 -0.46692
vn 0.67680 0.60797 -0.41510
vn 0.70729 0.60797 -0.36072
vn 0.73341 0.60797 -0.30412
vn 0.75501 0.60797 -0.24564
vn 0.77196 0.60797 -0.18564
vn 0.78414 0.60797 -0.12450
vn 0.79149 0.60797 -0.06260
vn 0.79396 0.60797 -0.00030
vn 0.74294 0.66683 0.05814
vn 0.73609 0.66682 0.11625
vn 0.72470 0.66683 0.17364
vn 0.70884 0.66683 0.22997
vn 0.68861 0.66683 0.28487
vn 0.66414 0.66683 0.33802
vn 0.63557 0.66683 0.38909
vn 0.60309 0.66683 0.43776
vn 0.56688 0.66683 0.48373
vn 0.52718 0.66683 0.52671
vn 0.48423 0.66683 0.56645
vn 0.43830 0.66683 0.60269
vn 0.38966 0.66683 0.63523
vn 0.33862 0.66683 0.66384
vn 0.28549 0.66683 0.68836
vn 0.23060 0.66683 0.70864
vn 0.17429 0.66683 0.72455
vn 0.11691 0.66682 0.73599
vn 0.05880 0.66683 0.74289
vn 0.00034 0.66683 0.74521
vn -0.05814 0.66683 0.74294
vn -0.11625 0.66682 0.73609
vn -0.17364 0.66683 0.72470
vn -0.22997 0.66683 0.70884
vn -0.28487 0.66683 0.68861
vn -0.33802 0.66683 0.66414
vn -0.38909 0.66683 0.63557
vn -0.43776 0.66683 0.60309
vn -0.48372 0.66683 0.56688
vn -0.52671 0.66683 0.52718
vn -0.56645 0.66683 0.48423
vn -0.60269 0.66683 0.43830
vn -0.63523 0.66683 0.38966
vn -0.66384 0.66683 0.33862
vn -0.68836 0.66683 0.28549
vn -0.70864 0.66683 0.23060
vn -0.72454 0.66683 0.17429
vn -0.73599 0.66683 0.11691
vn -0.74289 0.66683 0.05880
vn -0.74521 0.66683 0.00033
vn -0.74294 0.66683 -0.05814
vn -0.73609 0.66683 -0.11625
vn -0.72470 0.66683 -0.17364
vn -0.70884 0.66683 -0.22997
vn -0.68861 0.66683 -0.28487
vn -0.66414 0.66683 -0.33802
vn -0.63557 0.66683 -0.38909
vn -0.60309 0.66683 -0.43776
vn -0.56688 0.66683 -0.48372
vn -0.52718 0.66683 -0.52671
vn -0.48423 0.66683 -0.56645
vn -0.43829 0.66683 -0.60269
vn -0.38966 0.66683 -0.63522
vn -0.33862 0.66683 -0.66384
vn -0.28549 0.66683 -0.68836
vn -0.23060 0.66683 -0.70864
vn -0.17429 0.66683 -0.72455
vn -0.11691 0.66683 -0.73599
vn -0.05880 0.66683 -0.74289
vn -0.00033 0.66683 -0.74521
vn 0.05814 0.66683 -0.74294
vn 0.11625 0.66683 -0.73609
vn 0.17364 0.66683 -0.72470
vn 0.22997 0.66683 -0.70884
vn 0.28487 0.66683 -0.68861
vn 0.33802 0.66683 -0.66414
vn 0.38909 0.66683 -0.63557
vn 0.43776 0.66683 -0.60309
vn 0.48372 0.66683 -0.56688
vn 0.52671 0.66683 -0.52718
vn 0.56645 0.66683 -0.48423
vn 0.60269 0.66683 -0.43829
vn 0.63522 0.66683 -0.38966
vn 0.66384 0.66683 -0.33862
vn 0.68836 0.66683 -0.28549
vn 0.70864 0.66683 -0.23060
vn 0.72455 0.66683 -0.17429
vn 0.73599 0.66682 -0.11691
vn 0.74289 0.66683 -0.05880
vn 0.74521 0.66683 -0.00033
vn 0.69001 0.72179 0.05394
vn 0.68365 0.72179 0.10791
vn 0.67308 0.72179 0.16122
vn 0.65835 0.72179 0.21353
vn 0.63957 0.72179 0.26453
vn 0.61684 0.72179 0.31389
vn 0.59031 0.72179 0.36132
vn 0.56015 0.72179 0.40652
vn 0.52652 0.72179 0.44922
vn 0.48966 0.72179 0.48914
vn 0.44977 0.72179 0.52605
vn 0.40711 0.72179 0.55972
vn 0.36194 0.72179 0.58994
vn 0.31454 0.72179 0.61652
vn 0.26520 0.72179 0.63929
vn 0.21422 0.72179 0.65813
vn 0.16192 0.72179 0.67291
vn 0.10863 0.72179 0.68354
vn 0.05466 0.72179 0.68995
vn 0.00036 0.72179 0.69212
vn -0.05394 0.72179 0.69001
vn -0.10791 0.72179 0.68365
vn -0.16122 0.72179 0.67308
vn -0.21353 0.72179 0.65835
vn -0.26453 0.72179 0.63957
vn -0.31389 0.72179 0.61684
vn -0.36132 0.72179 0.59031
vn -0.40652 0.72179 0.56015
vn -0.44922 0.72179 0.52652
vn -0.48914 0.72179 0.48966
vn -0.52605 0.72179 0.44977
vn -0.55972 0.72179 0.40711
vn -0.58994 0.72179 0.36194
vn -0.61652 0.72179 0.31453
vn -0.63929 0.72179 0.26520
vn -0.65813 0.72179 0.21422
vn -0.67291 0.72179 0.16192
vn -0.68354 0.72179 0.10863
vn -0.68995 0.72179 0.05466
vn -0.69212 0.72179 0.00036
vn -0.69001 0.72179 -0.05394
vn -0.68365 0.72179 -0.10791
vn -0.67308 0.72179 -0.16122
vn -0.65835 0.72179 -0.21353
vn -0.63957 0.72179 -0.26453
vn -0.61684 0.72179 -0.31389
vn -0.59031 0.72179 -0.36132
vn -0.56015 0.72179 -0.40652
vn -0.52652 0.72179 -0.44922
vn -0.48966 0.72179 -0.48915
vn -0.44977 0.72179 -0.52605
vn -0.40711 0.72179 -0.55972
vn -0.36194 0.72179 -0.58994
vn -0.31454 0.72179 -0.61652
vn -0.26520 0.72179 -0.63929
vn -0.21422 0.72179 -0.65813
vn -0.16192 0.72179 -0.67291
vn -0.10863 0.72179 -0.68354
vn -0.05466 0.72179 -0.68995
vn -0.00036 0.72179 -0.69212
vn 0.05394 0.72179 -0.69001
vn 0.10791 0.72179 -0.68365
vn 0.16122 0.72179 -0.67308
vn 0.21353 0.72179 -0.65835
vn 0.26453 0.72179 -0.63957
vn 0.31389 0.72179 -0.61684
vn 0.36132 0.72179 -0.59032
vn 0.40652 0.72179 -0.56015
vn 0.44922 0.72179 -0.52652
vn 0.48915 0.72179 -0.48966
vn 0.52605 0.72179 -0.44977
vn 0.55972 0.72179 -0.40711
vn 0.58994 0.72179 -0.36194
vn 0.61652 0.72179 -0.31454
vn 0.63929 0.72179 -0.26520
vn 0.65813 0.72179 -0.21422
vn 0.67291 0.72179 -0.16192
vn 0.68354 0.72179 -0.10863
vn 0.68995 0.72179 -0.05466
vn 0.69212 0.72179 -0.00036
vn 0.63305 0.77253 0.04943
vn 0.62722 0.77253 0.09895
vn 0.61753 0.77253 0.14786
vn 0.60402 0.77253 0.19585
vn 0.58679 0.77253 0.24264
vn 0.56595 0.77253 0.28793
vn 0.54161 0.77253 0.33145
vn 0.51394 0.77253 0.37292
vn 0.48309 0.77253 0.41209
vn 0.44927 0.77253 0.44872
vn 0.41268 0.77253 0.48259
vn 0.37354 0.77253 0.51348
vn 0.33211 0.77253 0.54121
vn 0.28862 0.77253 0.56560
vn 0.24335 0.77253 0.58650
vn 0.19659 0.77253 0.60378
vn 0.14861 0.77253 0.61734
vn 0.09971 0.77253 0.62710
vn 0.05020 0.77253 0.63299
vn 0.00039 0.77253 0.63498
vn -0.04943 0.77253 0.63305
vn -0.09895 0.77253 0.62722
vn -0.14786 0.77253 0.61753
vn -0.19585 0.77253 0.60402
vn -0.24264 0.77253 0.58679
vn -0.28793 0.77253 0.56595
vn -0.33145 0.77253 0.54161
vn -0.37292 0.77253 0.51394
vn -0.41209 0.77253 0.48309
vn -0.44873 0.77253 0.44927
vn -0.48259 0.77253 0.41268
vn -0.51348 0.77253 0.37354
vn -0.54121 0.77253 0.33211
vn -0.56560 0.77253 0.28862
vn -0.58650 0.77253 0.24335
vn -0.60378 0.77253 0.19659
vn -0.61735 0.77253 0.14861
vn -0.62710 0.77253 0.09972
vn -0.63299 0.77253 0.05021
vn -0.63498 0.77253 0.00039
vn -0.63305 0.77253 -0.04943
vn -0.62722 0.77253 -0.09895
vn -0.61753 0.77253 -0.14786
vn -0.60402 0.77253 -0.19585
vn -0.58679 0.77253 -0.24264
vn -0.56595 0.77253 -0.28793
vn -0.54161 0.77253 -0.33145
vn -0.51394 0.77253 -0.37292
vn -0.48309 0.77253 -0.41209
vn -0.44927 0.77253 -0.44873
vn -0.41268 0.77253 -0.48259
vn -0.37354 0.77253 -0.51348
vn -0.33211 0.77253 -0.54121
vn -0.28862 0.77253 -0.56560
vn -0.24335 0.77253 -0.58650
vn -0.19659 0.77253 -0.60378
vn -0.14861 0.77253 -0.61735
vn -0.09971 0.77253 -0.62710
vn -0.05021 0.77253 -0.63299
vn -0.00039 0.77253 -0.63498
vn 0.04943 0.77253 -0.63305
vn 0.09895 0.77253 -0.62722
vn 0.14786 0.77253 -0.61753
vn 0.19585 0.77253 -0.60402
vn 0.24264 0.77253 -0.58679
vn 0.28793 0.77253 -0.56595
vn 0.33145 0.77253 -0.54161
vn 0.37292 0.77253 -0.51394
vn 0.41209 0.77253 -0.48309
vn 0.44872 0.77253 -0.44927
vn 0.48259 0.77253 -0.41268
vn 0.51348 0.77253 -0.37354
vn 0.54121 0.77253 -0.33211
vn 0.56560 0.77253 -0.28862
vn 0.58650 0.77253 -0.24335
vn 0.60378 0.77253 -0.19659
vn 0.61734 0.77253 -0.14861
vn 0.62710 0.77253 -0.09971
vn 0.63299 0.77253 -0.05020
vn 0.63498 0.77253 -0.00039
vn 0.57238 0.81878 0.04464
vn 0.56711 0.81878 0.08940
vn 0.55835 0.81878 0.13362
vn 0.54614 0.81878 0.17702
vn 0.53057 0.81877 0.21933
vn 0.51173 0.81878 0.26028
vn 0.48973 0.81878 0.29962
vn 0.46471 0.81878 0.33712
vn 0.43682 0.81877 0.37255
vn 0.40625 0.81877 0.40567
vn 0.37317 0.81878 0.43629
vn 0.33779 0.81878 0.46423
vn 0.30032 0.81878 0.48930
vn 0.26101 0.81878 0.51135
vn 0.22008 0.81878 0.53026
vn 0.17780 0.81878 0.54589
vn 0.13442 0.81878 0.55815
vn 0.09022 0.81878 0.56698
vn 0.04545 0.81878 0.57231
vn 0.00041 0.81878 0.57411
vn -0.04464 0.81878 0.57238
vn -0.08940 0.81878 0.56711
vn -0.13363 0.81878 0.55835
vn -0.17702 0.81878 0.54614
vn -0.21933 0.81877 0.53057
vn -0.26028 0.81878 0.51173
vn -0.29962 0.81878 0.48973
vn -0.33712 0.81878 0.46471
vn -0.37255 0.81878 0.43683
vn -0.40567 0.81878 0.40625
vn -0.43629 0.81878 0.37317
vn -0.46423 0.81878 0.33779
vn -0.48930 0.81878 0.30032
vn -0.51135 0.81878 0.26101
vn -0.53026 0.81878 0.22008
vn -0.54589 0.81878 0.17780
vn -0.55815 0.81878 0.13442
vn -0.56698 0.81878 0.09022
vn -0.57231 0.81878 0.04545
vn -0.57411 0.81878 0.00041
vn -0.57238 0.81878 -0.04463
vn -0.56711 0.81878 -0.08941
vn -0.55835 0.81878 -0.13363
vn -0.54614 0.81878 -0.17702
vn -0.53057 0.81878 -0.21933
vn -0.51173 0.81878 -0.26028
vn -0.48973 0.81878 -0.29963
vn -0.46471 0.81878 -0.33712
vn -0.43683 0.81878 -0.37255
vn -0.40625 0.81878 -0.40567
vn -0.37317 0.81878 -0.43629
vn -0.33779 0.81878 -0.46423
vn -0.30032 0.81878 -0.48930
vn -0.26101 0.81878 -0.51135
vn -0.22008 0.81878 -0.53026
vn -0.17780 0.81878 -0.54589
vn -0.13442 0.81878 -0.55815
vn -0.09022 0.81878 -0.56698
vn -0.04545 0.81878 -0.57231
vn -0.00041 0.81878 -0.57411
vn 0.04463 0.81878 -0.57238
vn 0.08941 0.81878 -0.56711
vn 0.13363 0.81878 -0.55835
vn 0.17702 0.81878 -0.54614
vn 0.21932 0.81878 -0.53057
vn 0.26028 0.81878 -0.51172
vn 0.29963 0.81878 -0.48973
vn 0.33712 0.81878 -0.46471
vn 0.37255 0.81878 -0.43682
vn 0.40567 0.81878 -0.40625
vn 0.43629 0.81878 -0.37317
vn 0.46423 0.81878 -0.33779
vn 0.48930 0.81877 -0.30032
vn 0.51135 0.81878 -0.26101
vn 0.53026 0.81878 -0.22008
vn 0.54589 0.81878 -0.17780
vn 0.55815 0.81878 -0.13442
vn 0.56698 0.81878 -0.09022
vn 0.57231 0.81878 -0.04545
vn 0.57411 0.81878 -0.00041
vn 0.50839 0.86022 0.03958
vn 0.50372 0.86022 0.07934
vn 0.49594 0.86022 0.11862
vn 0.48510 0.86022 0.15717
vn 0.47128 0.86022 0.19474
vn 0.45454 0.86022 0.23112
vn 0.43501 0.86022 0.26607
vn 0.41279 0.86022 0.29938
vn 0.38803 0.86022 0.33084
vn 0.36088 0.86022 0.36027
vn 0.33150 0.86022 0.38747
vn 0.30008 0.86022 0.41228
vn 0.26680 0.86022 0.43456
vn 0.23189 0.86022 0.45415
vn 0.19554 0.86022 0.47095
vn 0.15798 0.86022 0.48484
vn 0.11946 0.86022 0.49574
vn 0.08019 0.86022 0.50358
vn 0.04044 0.86022 0.50832
vn 0.00043 0.86022 0.50992
vn -0.03958 0.86022 0.50839
vn -0.07934 0.86022 0.50372
vn -0.11862 0.86022 0.49594
vn -0.15717 0.86022 0.48510
vn -0.19474 0.86022 0.47128
vn -0.23112 0.86022 0.45454
vn -0.26607 0.86022 0.43501
vn -0.29938 0.86022 0.41279
vn -0.33084 0.86022 0.38803
vn -0.36027 0.86022 0.36088
vn -0.38747 0.86022 0.33150
vn -0.41229 0.86022 0.30008
vn -0.43456 0.86022 0.26680
vn -0.45415 0.86022 0.23189
vn -0.47095 0.86022 0.19554
vn -0.48484 0.86022 0.15798
vn -0.49574 0.86022 0.11946
vn -0.50358 0.86022 0.08019
vn -0.50832 0.86022 0.04044
vn -0.50993 0.86022 0.00043
vn -0.50839 0.86022 -0.03958
vn -0.50371 0.86022 -0.07934
vn -0.49594 0.86022 -0.11862
vn -0.48510 0.86022 -0.15717
vn -0.47127 0.86022 -0.19474
vn -0.45454 0.86022 -0.23112
vn -0.43501 0.86022 -0.26607
vn -0.41279 0.86022 -0.29938
vn -0.38803 0.86022 -0.33084
vn -0.36088 0.86022 -0.36027
vn -0.33150 0.86022 -0.38747
vn -0.30008 0.86022 -0.41229
vn -0.26680 0.86022 -0.43456
vn -0.23188 0.86022 -0.45415
vn -0.19554 0.86022 -0.47095
vn -0.15798 0.86022 -0.48483
vn -0.11946 0.86022 -0.49574
vn -0.08019 0.86022 -0.50358
vn -0.04044 0.86022 -0.50832
vn -0.00043 0.86022 -0.50993
vn 0.03958 0.86022 -0.50839
vn 0.07935 0.86022 -0.50371
vn 0.11862 0.86022 -0.49594
vn 0.15717 0.86022 -0.48510
vn 0.19474 0.86022 -0.47127
vn 0.23112 0.86022 -0.45454
vn 0.26607 0.86022 -0.43501
vn 0.29938 0.86022 -0.41279
vn 0.33084 0.86022 -0.38803
vn 0.36027 0.86022 -0.36088
vn 0.38747 0.86022 -0.33150
vn 0.41228 0.86022 -0.30008
vn 0.43456 0.86022 -0.26680
vn 0.45415 0.86022 -0.23188
vn 0.47095 0.86022 -0.19554
vn 0.48484 0.86022 -0.15799
vn 0.49574 0.86022 -0.11946
vn 0.50358 0.86022 -0.08019
vn 0.50832 0.86022 -0.04044
vn 0.50992 0.86022 -0.00043
vn 0.44140 0.89665 0.03429
vn 0.43735 0.89665 0.06881
vn 0.43060 0.89665 0.10292
vn 0.42120 0.89665 0.13639
vn 0.40920 0.89665 0.16901
vn 0.39468 0.89665 0.20060
vn 0.37773 0.89665 0.23094
vn 0.35844 0.89665 0.25987
vn 0.33695 0.89665 0.28719
vn 0.31338 0.89665 0.31274
vn 0.28787 0.89665 0.33637
vn 0.26059 0.89665 0.35792
vn 0.23171 0.89665 0.37725
vn 0.20140 0.89665 0.39427
vn 0.16984 0.89665 0.40886
vn 0.13724 0.89665 0.42092
vn 0.10379 0.89665 0.43039
vn 0.06970 0.89665 0.43721
vn 0.03519 0.89665 0.44133
vn 0.00045 0.89665 0.44273
vn -0.03429 0.89665 0.44140
vn -0.06881 0.89665 0.43735
vn -0.10292 0.89665 0.43060
vn -0.13639 0.89665 0.42120
vn -0.16901 0.89665 0.40920
vn -0.20060 0.89665 0.39468
vn -0.23094 0.89665 0.37773
vn -0.25987 0.89665 0.35844
vn -0.28719 0.89665 0.33695
vn -0.31274 0.89665 0.31338
vn -0.33637 0.89665 0.28787
vn -0.35792 0.89665 0.26059
vn -0.37725 0.89665 0.23171
vn -0.39427 0.89665 0.20140
vn -0.40886 0.89665 0.16984
vn -0.42093 0.89665 0.13724
vn -0.43039 0.89665 0.10379
vn -0.43721 0.89665 0.06970
vn -0.44133 0.89665 0.03518
vn -0.44273 0.89665 0.00045
vn -0.44140 0.89665 -0.03429
vn -0.43735 0.89665 -0.06882
vn -0.43060 0.89665 -0.10292
vn -0.42120 0.89665 -0.13638
vn -0.40920 0.89665 -0.16901
vn -0.39468 0.89665 -0.20060
vn -0.37773 0.89665 -0.23094
vn -0.35844 0.89665 -0.25987
vn -0.33695 0.89665 -0.28719
vn -0.31338 0.89665 -0.31274
vn -0.28787 0.89665 -0.33636
vn -0.26059 0.89665 -0.35792
vn -0.23171 0.89665 -0.37726
vn -0.20140 0.89665 -0.39427
vn -0.16984 0.89665 -0.40886
vn -0.13724 0.89665 -0.42093
vn -0.10379 0.89665 -0.43039
vn -0.06970 0.89665 -0.43721
vn -0.03518 0.89665 -0.44133
vn -0.00045 0.89665 -0.44273
vn 0.03429 0.89665 -0.44140
vn 0.06882 0.89665 -0.43735
vn 0.10292 0.89665 -0.43060
vn 0.13638 0.89665 -0.42120
vn 0.16901 0.89665 -0.40920
vn 0.20060 0.89665 -0.39468
vn 0.23094 0.89665 -0.37773
vn 0.25987 0.89665 -0.35844
vn 0.28719 0.89665 -0.33695
vn 0.31274 0.89665 -0.31338
vn 0.33636 0.89665 -0.28787
vn 0.35792 0.89665 -0.26059
vn 0.37726 0.89665 -0.23171
vn 0.39427 0.89665 -0.20140
vn 0.40886 0.89665 -0.16984
vn 0.42092 0.89665 -0.13724
vn 0.43039 0.89665 -0.10379
vn 0.43721 0.89665 -0.06970
vn 0.44133 0.89665 -0.03519
vn 0.44273 0.89665 -0.00045
vn 0.37185 0.92785 0.02880
vn 0.36844 0.92785 0.05789
vn 0.36277 0.92785 0.08661
vn 0.35485 0.92785 0.11481
vn 0.34475 0.92785 0.14230
vn 0.33252 0.92785 0.16891
vn 0.31825 0.92785 0.19448
vn 0.30201 0.92785 0.21885
vn 0.28391 0.92785 0.24187
vn 0.26405 0.92785 0.26340
vn 0.24257 0.92785 0.28330
vn 0.21960 0.92785 0.30146
vn 0.19527 0.92785 0.31776
vn 0.16974 0.92785 0.33210
vn 0.14316 0.92785 0.34439
vn 0.11569 0.92785 0.35457
vn 0.08752 0.92785 0.36255
vn 0.05880 0.92785 0.36830
vn 0.02973 0.92785 0.37178
vn 0.00046 0.92785 0.37296
vn -0.02880 0.92785 0.37185
vn -0.05789 0.92785 0.36844
vn -0.08661 0.92785 0.36277
vn -0.11481 0.92785 0.35485
vn -0.14230 0.92785 0.34475
vn -0.16891 0.92785 0.33252
vn -0.19448 0.92785 0.31825
vn -0.21885 0.92785 0.30201
vn -0.24187 0.92785 0.28390
vn -0.26340 0.92785 0.26405
vn -0.28330 0.92785 0.24257
vn -0.30146 0.92785 0.21960
vn -0.31776 0.92785 0.19527
vn -0.33210 0.92785 0.16974
vn -0.34440 0.92785 0.14316
vn -0.35457 0.92785 0.11569
vn -0.36255 0.92785 0.08752
vn -0.36830 0.92785 0.05880
vn -0.37178 0.92785 0.02972
vn -0.37296 0.92785 0.00046
vn -0.37185 0.92785 -0.02880
vn -0.36844 0.92785 -0.05789
vn -0.36277 0.92785 -0.08662
vn -0.35485 0.92785 -0.11481
vn -0.34475 0.92785 -0.14230
vn -0.33252 0.92785 -0.16891
vn -0.31825 0.92785 -0.19448
vn -0.30201 0.92785 -0.21885
vn -0.28390 0.92785 -0.24187
vn -0.26405 0.92785 -0.26340
vn -0.24257 0.92785 -0.28330
vn -0.21960 0.92785 -0.30146
vn -0.19527 0.92785 -0.31776
vn -0.16974 0.92785 -0.33210
vn -0.14316 0.92785 -0.34440
vn -0.11569 0.92785 -0.35457
vn -0.08752 0.92785 -0.36255
vn -0.05880 0.92785 -0.36830
vn -0.02972 0.92785 -0.37178
vn -0.00046 0.92785 -0.37296
vn 0.02880 0.92785 -0.37185
vn 0.05789 0.92785 -0.36844
vn 0.08662 0.92785 -0.36277
vn 0.11481 0.92785 -0.35485
vn 0.14230 0.92785 -0.34475
vn 0.16891 0.92785 -0.33252
vn 0.19448 0.92785 -0.31825
vn 0.21885 0.92785 -0.30201
vn 0.24187 0.92785 -0.28391
vn 0.26340 0.92785 -0.26405
vn 0.28330 0.92785 -0.24257
vn 0.30146 0.92785 -0.21960
vn 0.31776 0.92785 -0.19527
vn 0.33210 0.92785 -0.16974
vn 0.34439 0.92785 -0.14316
vn 0.35457 0.92785 -0.11569
vn 0.36255 0.92785 -0.08752
vn 0.36830 0.92785 -0.05880
vn 0.37178 0.92785 -0.02973
vn 0.37296 0.92785 -0.00046
vn 0.30014 0.95361 0.02315
vn 0.29740 0.95361 0.04662
vn 0.29283 0.95361 0.06981
vn 0.28645 0.95361 0.09257
vn 0.27830 0.95361 0.11476
vn 0.26844 0.95361 0.13624
vn 0.25692 0.95361 0.15688
vn 0.24382 0.95361 0.17656
vn 0.22922 0.95361 0.19514
vn 0.21320 0.95361 0.21253
vn 0.19587 0.95361 0.22860
vn 0.17733 0.95361 0.24326
vn 0.15770 0.95361 0.25643
vn 0.13709 0.95361 0.26801
vn 0.11564 0.95361 0.27794
vn 0.09348 0.95361 0.28615
vn 0.07074 0.95361 0.29261
vn 0.04756 0.95361 0.29725
vn 0.02410 0.95361 0.30007
vn 0.00048 0.95361 0.30103
vn -0.02315 0.95361 0.30014
vn -0.04662 0.95361 0.29740
vn -0.06981 0.95361 0.29283
vn -0.09257 0.95361 0.28645
vn -0.11476 0.95361 0.27830
vn -0.13624 0.95361 0.26844
vn -0.15688 0.95361 0.25693
vn -0.17656 0.95361 0.24382
vn -0.19514 0.95361 0.22922
vn -0.21252 0.95361 0.21320
vn -0.22860 0.95361 0.19587
vn -0.24326 0.95361 0.17733
vn -0.25642 0.95361 0.15770
vn -0.26801 0.95361 0.13709
vn -0.27794 0.95361 0.11564
vn -0.28615 0.95361 0.09348
vn -0.29261 0.95361 0.07074
vn -0.29725 0.95361 0.04757
vn -0.30007 0.95361 0.02409
vn -0.30103 0.95361 0.00048
vn -0.30014 0.95361 -0.02314
vn -0.29740 0.95361 -0.04662
vn -0.29283 0.95361 -0.06981
vn -0.28645 0.95361 -0.09257
vn -0.27830 0.95361 -0.11476
vn -0.26844 0.95361 -0.13624
vn -0.25692 0.95361 -0.15688
vn -0.24382 0.95361 -0.17656
vn -0.22922 0.95361 -0.19514
vn -0.21320 0.95361 -0.21253
vn -0.19587 0.95361 -0.22860
vn -0.17733 0.95361 -0.24326
vn -0.15770 0.95361 -0.25643
vn -0.13709 0.95361 -0.26801
vn -0.11564 0.95361 -0.27794
vn -0.09348 0.95361 -0.28615
vn -0.07074 0.95361 -0.29261
vn -0.04757 0.95361 -0.29725
vn -0.02409 0.95361 -0.30007
vn -0.00048 0.95361 -0.30103
vn 0.02314 0.95361 -0.30014
vn 0.04662 0.95361 -0.29740
vn 0.06981 0.95361 -0.29283
vn 0.09257 0.95361 -0.28645
vn 0.11476 0.95361 -0.27830
vn 0.13624 0.95361 -0.26844
vn 0.15688 0.95361 -0.25692
vn 0.17656 0.95361 -0.24382
vn 0.19514 0.95361 -0.22922
vn 0.21253 0.95361 -0.21320
vn 0.22860 0.95361 -0.19587
vn 0.24326 0.95361 -0.17733
vn 0.25643 0.95361 -0.15770
vn 0.26801 0.95361 -0.13709
vn 0.27794 0.95361 -0.11564
vn 0.28615 0.95361 -0.09348
vn 0.29261 0.95361 -0.07074
vn 0.29726 0.95361 -0.04756
vn 0.30007 0.95361 -0.02410
vn 0.30103 0.95361 -0.00048
vn 0.22666 0.97382 0.01735
vn 0.22460 0.97382 0.03508
vn 0.22115 0.97382 0.05260
vn 0.21634 0.97382 0.06978
vn 0.21020 0.97382 0.08654
vn 0.20277 0.97382 0.10277
vn 0.19408 0.97382 0.11836
vn 0.18419 0.97382 0.13322
vn 0.17317 0.97382 0.14726
vn 0.16108 0.97382 0.16040
vn 0.14800 0.97382 0.17254
vn 0.13401 0.97382 0.18362
vn 0.11919 0.97382 0.19357
vn 0.10363 0.97382 0.20232
vn 0.08744 0.97382 0.20983
vn 0.07071 0.97382 0.21604
vn 0.05354 0.97382 0.22092
vn 0.03604 0.97382 0.22445
vn 0.01832 0.97382 0.22658
vn 0.00049 0.97382 0.22732
vn -0.01735 0.97382 0.22666
vn -0.03508 0.97382 0.22460
vn -0.05260 0.97382 0.22115
vn -0.06978 0.97382 0.21634
vn -0.08654 0.97382 0.21020
vn -0.10277 0.97382 0.20277
vn -0.11836 0.97382 0.19408
vn -0.13322 0.97382 0.18419
vn -0.14726 0.97382 0.17317
vn -0.16040 0.97382 0.16108
vn -0.17254 0.97382 0.14800
vn -0.18362 0.97382 0.13401
vn -0.19357 0.97382 0.11919
vn -0.20232 0.97382 0.10364
vn -0.20983 0.97382 0.08744
vn -0.21604 0.97382 0.07071
vn -0.22093 0.97382 0.05354
vn -0.22445 0.97382 0.03604
vn -0.22658 0.97382 0.01832
vn -0.22732 0.97382 0.00049
vn -0.22666 0.97382 -0.01735
vn -0.22460 0.97382 -0.03508
vn -0.22115 0.97382 -0.05259
vn -0.21635 0.97382 -0.06978
vn -0.21020 0.97382 -0.08654
vn -0.20277 0.97382 -0.10277
vn -0.19408 0.97382 -0.11836
vn -0.18419 0.97382 -0.13322
vn -0.17317 0.97382 -0.14726
vn -0.16108 0.97382 -0.16040
vn -0.14800 0.97382 -0.17254
vn -0.13401 0.97382 -0.18362
vn -0.11919 0.97382 -0.19357
vn -0.10364 0.97382 -0.20232
vn -0.08744 0.97382 -0.20983
vn -0.07071 0.97382 -0.21604
vn -0.05354 0.97382 -0.22093
vn -0.03604 0.97382 -0.22445
vn -0.01832 0.97382 -0.22658
vn -0.00049 0.97382 -0.22732
vn 0.01735 0.97382 -0.22666
vn 0.03508 0.97382 -0.22460
vn 0.05259 0.97382 -0.22115
vn 0.06978 0.97382 -0.21635
vn 0.08654 0.97382 -0.21020
vn 0.10277 0.97382 -0.20277
vn 0.11836 0.97382 -0.19408
vn 0.13322 0.97382 -0.18419
vn 0.14726 0.97382 -0.17317
vn 0.16040 0.97382 -0.16108
vn 0.17254 0.97382 -0.14800
vn 0.18362 0.97382 -0.13401
vn 0.19357 0.97382 -0.11919
vn 0.20232 0.97382 -0.10363
vn 0.20983 0.97382 -0.08744
vn 0.21604 0.97382 -0.07071
vn 0.22092 0.97382 -0.05354
vn 0.22445 0.97382 -0.03604
vn 0.22658 0.97382 -0.01832
vn 0.22732 0.97382 -0.00049
vn 0.15186 0.98834 0.01146
vn 0.15049 0.98834 0.02333
vn 0.14820 0.98834 0.03507
vn 0.14499 0.98834 0.04659
vn 0.14089 0.98834 0.05782
vn 0.13592 0.98834 0.06870
vn 0.13011 0.98834 0.07915
vn 0.12350 0.98834 0.08911
vn 0.11612 0.98834 0.09853
vn 0.10804 0.98834 0.10733
vn 0.09928 0.98834 0.11548
vn 0.08992 0.98834 0.12291
vn 0.07999 0.98834 0.12959
vn 0.06958 0.98834 0.13547
vn 0.05873 0.98834 0.14051
vn 0.04753 0.98834 0.14468
vn 0.03603 0.98834 0.14797
vn 0.02431 0.98834 0.15034
vn 0.01244 0.98834 0.15178
vn 0.00049 0.98834 0.15229
vn -0.01146 0.98834 0.15186
vn -0.02333 0.98834 0.15049
vn -0.03507 0.98834 0.14820
vn -0.04659 0.98834 0.14499
vn -0.05782 0.98834 0.14089
vn -0.06870 0.98834 0.13592
vn -0.07915 0.98834 0.13011
vn -0.08911 0.98834 0.12350
vn -0.09853 0.98834 0.11612
vn -0.10733 0.98834 0.10804
vn -0.11548 0.98834 0.09928
vn -0.12291 0.98834 0.08991
vn -0.12959 0.98834 0.07999
vn -0.13547 0.98834 0.06958
vn -0.14051 0.98834 0.05874
vn -0.14468 0.98834 0.04753
vn -0.14797 0.98834 0.03603
vn -0.15034 0.98834 0.02431
vn -0.15178 0.98834 0.01244
vn -0.15229 0.98834 0.00049
vn -0.15186 0.98834 -0.01146
vn -0.15049 0.98834 -0.02333
vn -0.14820 0.98834 -0.03507
vn -0.14499 0.98834 -0.04659
vn -0.14089 0.98834 -0.05782
vn -0.13592 0.98834 -0.06870
vn -0.13011 0.98834 -0.07915
vn -0.12350 0.98834 -0.08911
vn -0.11612 0.98834 -0.09853
vn -0.10804 0.98834 -0.10733
vn -0.09928 0.98834 -0.11548
vn -0.08991 0.98834 -0.12291
vn -0.07999 0.98834 -0.12959
vn -0.06958 0.98834 -0.13547
vn -0.05874 0.98834 -0.14051
vn -0.04753 0.98834 -0.14468
vn -0.03603 0.98834 -0.14797
vn -0.02431 0.98834 -0.15034
vn -0.01244 0.98834 -0.15178
vn -0.00049 0.98834 -0.15229
vn 0.01146 0.98834 -0.15186
vn 0.02333 0.98834 -0.15049
vn 0.03507 0.98834 -0.14820
vn 0.04659 0.98834 -0.14499
vn 0.05782 0.98834 -0.14089
vn 0.06870 0.98834 -0.13592
vn 0.07915 0.98834 -0.13011
vn 0.08911 0.98834 -0.12350
vn 0.09853 0.98834 -0.11612
vn 0.10733 0.98834 -0.10804
vn 0.11548 0.98834 -0.09928
vn 0.12291 0.98834 -0.08992
vn 0.12959 0.98834 -0.07999
vn 0.13547 0.98834 -0.06958
vn 0.14051 0.98834 -0.05873
vn 0.14468 0.98834 -0.04753
vn 0.14797 0.98834 -0.03603
vn 0.15034 0.98834 -0.02431
vn 0.15178 0.98834 -0.01244
vn 0.15229 0.98834 -0.00049
vn -0.59786 0.39114 0.69969
vn 0.37898 -0.60565 -0.69969
vn 0.50680 -0.65919 0.55554
vn 0.47535 -0.68221 -0.55554
vn 0.34790 -0.61471 0.70788
vn 0.37518 -0.74203 -0.55554
vn 0.25842 -0.65736 0.70788
vn 0.22733 -0.66875 -0.70788
vn 0.19289 -0.80881 0.55554
vn 0.13147 -0.69399 -0.70788
vn 0.06606 -0.70323 0.70788
vn 0.03888 -0.83058 -0.55554
vn -0.03303 -0.70556 0.70788
vn -0.07777 -0.82784 -0.55554
vn -0.13148 -0.69399 0.70788
vn -0.16386 -0.68706 -0.70788
vn -0.26761 -0.78725 0.55554
vn -0.25842 -0.65736 -0.70788
vn -0.31871 -0.63034 0.70788
vn -0.34790 -0.61471 -0.70788
vn -0.47535 -0.68221 0.55554
vn -0.23965 -0.31171 -0.91946
vn -0.37897 -0.60565 0.69969
vn 0.59787 0.39114 -0.69969
vn 0.55270 0.43959 0.70801
vn 0.67606 0.48390 -0.55568
vn 0.51980 0.29770 0.80074
vn 0.62981 0.31947 -0.70801
vn 0.55884 0.21568 0.80074
vn 0.78980 0.25967 -0.55568
vn 0.68971 0.15173 0.70801
vn 0.81998 0.13727 -0.55568
vn 0.70472 0.04570 0.70801
vn 0.83131 0.01170 -0.55568
vn 0.82825 -0.07226 0.55568
vn 0.82352 -0.11413 -0.55568
vn 0.68616 -0.16705 0.70801
vn 0.79680 -0.23733 -0.55568
vn 0.76878 -0.31654 0.55568
vn 0.75175 -0.35508 -0.55568
vn 0.33666 -0.20289 0.91951
vn 0.68942 -0.46467 -0.55568
vn 0.63900 -0.53188 0.55568
vn 0.51919 -0.47870 -0.70801
vn 0.46823 -0.52866 0.70801
vn 0.44084 -0.55170 -0.70801
vn 0.13119 -0.20330 0.97029
vn 0.14303 -0.24844 -0.95803
vn 0.28878 -0.64446 0.70801
vn 0.30110 -0.77496 -0.55568
vn 0.13672 -0.49499 0.85807
vn 0.07605 -0.34198 -0.93662
vn 0.08293 -0.70131 0.70801
vn 0.04729 -0.70462 -0.70801
vn -0.02407 -0.70579 0.70801
vn -0.05979 -0.70367 -0.70801
vn -0.09490 -0.50468 0.85807
vn -0.10458 -0.43387 -0.89488
vn -0.19843 -0.56519 0.80074
vn -0.22682 -0.55441 -0.80074
vn -0.33201 -0.62329 0.70801
vn -0.36316 -0.60567 -0.70801
vn -0.49732 -0.66625 0.55568
vn -0.45056 -0.54380 -0.70801
vn -0.40054 -0.59221 0.69918
vn 0.61707 0.36107 -0.69918
vn 0.57185 0.41440 0.70800
vn 0.69688 0.45343 -0.55567
vn 0.62752 0.32398 0.70800
vn 0.64300 0.29205 -0.70800
vn 0.78759 0.26634 0.55567
vn 0.67952 0.19235 -0.70800
vn 0.69535 0.12338 0.70800
vn 0.82488 0.10396 -0.55567
vn 0.59884 0.01505 0.80072
vn 0.70599 -0.01774 -0.70800
vn 0.82488 -0.10396 0.55567
vn 0.69535 -0.12338 -0.70800
vn 0.79997 -0.22645 0.55567
vn 0.66900 -0.22624 -0.70800
vn 0.64300 -0.29205 0.70800
vn 0.73875 -0.38141 -0.55567
vn 0.69688 -0.45343 0.55567
vn 0.57185 -0.41440 -0.70800
vn 0.61707 -0.36107 0.69918
vn -0.40054 0.59221 -0.69918
vn -0.45056 0.54380 0.70801
vn -0.49732 0.66625 -0.55568
vn -0.26408 0.44043 0.85807
vn -0.28162 0.52869 -0.80074
vn -0.26740 0.65362 0.70801
vn -0.19843 0.56519 -0.80074
vn -0.16549 0.68654 0.70801
vn -0.15365 0.81707 -0.55568
vn -0.05980 0.70366 0.70801
vn -0.02407 0.70579 -0.70801
vn 0.04729 0.70462 0.70801
vn 0.08293 0.70131 -0.70801
vn 0.18046 0.81157 0.55568
vn 0.18801 0.68071 -0.70801
vn 0.30110 0.77495 0.55568
vn 0.33998 0.75870 -0.55568
vn 0.35236 0.61202 0.70801
vn 0.45079 0.69857 -0.55568
vn 0.44084 0.55171 0.70801
vn 0.55123 0.62239 -0.55568
vn 0.61123 0.56357 0.55568
vn 0.63900 0.53188 -0.55568
vn 0.58561 0.39469 0.70801
vn 0.71207 0.42915 -0.55568
vn 0.75175 0.35509 0.55568
vn 0.47485 0.19552 -0.85807
vn 0.79680 0.23733 0.55568
vn 0.80780 0.19666 -0.55568
vn 0.82352 0.11413 0.55568
vn 0.82825 0.07226 -0.55568
vn 0.83131 -0.01170 0.55568
vn 0.82965 -0.05380 -0.55568
vn 0.59080 -0.09890 0.80074
vn 0.50153 -0.11034 -0.85807
vn 0.48784 -0.16039 0.85807
vn 0.65884 -0.25427 -0.70801
vn 0.62981 -0.31947 0.70801
vn 0.51980 -0.29770 -0.80074
vn 0.57426 -0.41103 0.70801
vn 0.55270 -0.43960 -0.70801
vn 0.59785 -0.39117 0.69969
vn -0.37899 0.60564 -0.69969
vn -0.50680 0.65919 0.55554
vn -0.47535 0.68221 -0.55554
vn -0.34789 0.61471 0.70788
vn -0.31870 0.63034 -0.70788
vn -0.25841 0.65736 0.70788
vn -0.26761 0.78725 -0.55554
vn -0.19289 0.80881 0.55554
vn -0.13148 0.69399 -0.70788
vn -0.07777 0.82784 0.55554
vn -0.03303 0.70556 -0.70788
vn 0.03303 0.70556 0.70788
vn 0.07777 0.82784 -0.55554
vn 0.13147 0.69399 0.70788
vn 0.16385 0.68706 -0.70788
vn 0.26760 0.78725 0.55554
vn 0.25841 0.65736 -0.70788
vn 0.31870 0.63034 0.70788
vn 0.34789 0.61471 -0.70788
vn 0.47535 0.68221 0.55554
vn 0.50680 0.65919 -0.55554
vn 0.37899 0.60564 0.69969
vn -0.59784 -0.39117 -0.69969
vn -0.55270 -0.43960 0.70801
vn -0.57426 -0.41103 -0.70801
vn -0.22778 -0.13045 0.96493
vn -0.62981 -0.31947 -0.70801
vn -0.77563 -0.29935 0.55568
vn -0.29972 -0.09854 -0.94893
vn -0.81198 -0.17863 0.55568
vn -0.81998 -0.13727 -0.55568
vn -0.82965 -0.05381 0.55568
vn -0.83131 -0.01171 -0.55568
vn -0.82825 0.07226 0.55568
vn -0.82352 0.11413 -0.55568
vn -0.80780 0.19666 0.55568
vn -0.79680 0.23733 -0.55568
vn -0.76877 0.31654 0.55568
vn -0.75175 0.35508 -0.55568
vn -0.60485 0.36452 0.70801
vn -0.68942 0.46466 -0.55568
vn -0.39469 0.32853 0.85807
vn -0.51919 0.47871 -0.70801
vn -0.55123 0.62239 0.55568
vn -0.44084 0.55171 -0.70801
vn -0.45079 0.69857 0.55568
vn -0.12072 0.20968 -0.97029
vn -0.28878 0.64446 0.70801
vn -0.30110 0.77495 -0.55568
vn -0.13672 0.49499 0.85807
vn -0.07604 0.34198 -0.93662
vn -0.08293 0.70131 0.70801
vn -0.04729 0.70462 -0.70801
vn 0.02407 0.70579 0.70801
vn 0.05980 0.70366 -0.70801
vn 0.15365 0.81707 0.55568
vn 0.16549 0.68654 -0.70801
vn 0.19843 0.56519 0.80074
vn 0.26740 0.65362 -0.70801
vn 0.28162 0.52869 0.80074
vn 0.26408 0.44043 -0.85807
vn 0.49732 0.66625 0.55568
vn 0.45056 0.54380 -0.70801
vn 0.40055 0.59221 0.69918
vn -0.61707 -0.36107 -0.69918
vn -0.57185 -0.41440 0.70800
vn -0.69688 -0.45343 -0.55567
vn -0.73876 -0.38141 0.55567
vn -0.64300 -0.29205 -0.70800
vn -0.66900 -0.22624 0.70800
vn -0.79997 -0.22645 -0.55567
vn -0.69535 -0.12338 0.70800
vn -0.82488 -0.10396 -0.55567
vn -0.70599 -0.01774 0.70800
vn -0.59884 0.01505 -0.80072
vn -0.82488 0.10396 0.55567
vn -0.69535 0.12338 -0.70800
vn -0.67952 0.19235 0.70800
vn -0.78759 0.26634 -0.55567
vn -0.64300 0.29205 0.70800
vn -0.62752 0.32398 -0.70800
vn -0.69688 0.45343 0.55567
vn -0.57185 0.41440 -0.70800
vn -0.61707 0.36107 0.69918
vn 0.40055 -0.59221 -0.69918
vn 0.45056 -0.54380 0.70801
vn 0.49732 -0.66625 -0.55568
vn 0.36316 -0.60567 0.70801
vn 0.33201 -0.62329 -0.70801
vn 0.22682 -0.55441 0.80074
vn 0.19843 -0.56519 -0.80074
vn 0.10458 -0.43387 0.89488
vn 0.09490 -0.50468 -0.85807
vn 0.05979 -0.70367 0.70801
vn 0.02407 -0.70579 -0.70801
vn -0.04729 -0.70462 0.70801
vn -0.08293 -0.70131 -0.70801
vn -0.18047 -0.81157 0.55568
vn -0.18802 -0.68071 -0.70801
vn -0.30110 -0.77496 0.55568
vn -0.33997 -0.75871 -0.55568
vn -0.35235 -0.61202 0.70801
vn -0.45079 -0.69858 -0.55568
vn -0.27860 -0.34866 0.89488
vn -0.55123 -0.62238 -0.55568
vn -0.61123 -0.56357 0.55568
vn -0.63900 -0.53188 -0.55568
vn -0.68942 -0.46467 0.55568
vn -0.71208 -0.42914 -0.55568
vn -0.75175 -0.35508 0.55568
vn -0.47485 -0.19552 -0.85807
vn -0.57409 -0.17100 0.80074
vn -0.80780 -0.19667 -0.55568
vn -0.59335 -0.08223 0.80074
vn -0.70353 -0.06138 -0.70801
vn -0.70613 0.00994 0.70801
vn -0.70472 0.04570 -0.70801
vn -0.50648 0.08479 0.85807
vn -0.68971 0.15173 -0.70801
vn -0.56905 0.18709 0.80074
vn -0.47908 0.18490 -0.85807
vn -0.62981 0.31947 0.70801
vn -0.61281 0.35097 -0.70801
vn -0.57426 0.41103 0.70801
vn -0.46882 0.37287 -0.80074
vn 0.66536 0.10451 -0.73917
vn 0.70670 0.10255 -0.70004
vn 0.49599 0.66661 -0.55644
vn 0.97282 0.10451 0.20664
vn 0.95960 0.10255 0.26200
vn 0.72988 0.66661 0.15132
vn 0.30746 0.10451 0.94580
vn 0.25290 0.10255 0.96204
vn 0.23389 0.66661 0.70776
vn -0.66536 0.10451 0.73917
vn -0.70670 0.10255 0.70004
vn -0.49599 0.66661 0.55644
vn -0.97282 0.10451 -0.20664
vn -0.95960 0.10255 -0.26200
vn -0.72988 0.66661 -0.15132
vn -0.20739 0.10183 -0.97294
vn -0.12066 0.72048 -0.68289
vn -0.25290 0.10255 -0.96204
vn -0.23389 0.66661 -0.70776
vn -0.30746 0.10451 -0.94580
vn -0.38931 0.10389 -0.91523
vn -0.33752 0.66629 -0.66493
vn -0.43191 -0.30809 -0.84767
vn -0.50651 0.10440 -0.85589
vn -0.40134 0.72068 -0.56529
vn -0.54156 0.10617 -0.83393
vn -0.51972 0.66628 -0.53476
vn -0.65167 0.10347 -0.75141
vn -0.58483 0.10398 -0.80447
vn -0.80496 0.10309 -0.58431
vn -0.77273 0.10650 -0.62574
vn -0.55143 0.72069 -0.42015
vn -0.74489 0.10435 -0.65897
vn -0.67271 -0.30809 -0.67271
vn -0.85107 0.10291 -0.51487
vn -0.71097 0.58602 -0.38872
vn -0.90251 0.10418 -0.41787
vn -0.65173 0.72048 -0.23695
vn -0.88817 -0.30809 -0.34094
vn -0.94629 0.10183 -0.30686
vn -0.98727 0.10389 -0.12046
vn -0.69314 0.72009 -0.03210
vn -0.95005 -0.30809 -0.04979
vn -0.74178 0.66675 0.07220
vn -0.72297 0.66628 0.18271
vn -0.97658 0.10347 0.18866
vn -0.98910 0.10398 0.10424
vn -0.86815 0.49483 0.03828
vn -0.95112 -0.30859 0.01219
vn -0.90850 0.10309 0.40496
vn -0.92827 0.10650 0.35633
vn -0.63958 0.72069 0.26748
vn -0.94313 0.10435 0.31561
vn -0.91894 -0.30809 0.24623
vn -0.87143 0.10291 0.47961
vn -0.69213 0.58602 0.42136
vn -0.81314 0.10418 0.57266
vn -0.53107 0.72048 0.44594
vn -0.73934 -0.30809 0.59871
vn -0.73890 0.10183 0.66608
vn -0.59795 0.10389 0.79477
vn -0.37437 0.72009 0.58423
vn -0.51815 -0.30809 0.79788
vn -0.30836 0.66675 0.67850
vn -0.20325 0.66628 0.71747
vn -0.32491 0.10347 0.94007
vn -0.40427 0.10398 0.90871
vn -0.40092 0.49483 0.77098
vn -0.46500 -0.30859 0.82979
vn -0.10355 0.10309 0.98927
vn -0.15555 0.10650 0.98207
vn -0.08814 0.72069 0.68763
vn -0.19824 0.10435 0.97458
vn -0.24623 -0.30809 0.91894
vn -0.02036 0.10291 0.99448
vn 0.01885 0.58602 0.81008
vn 0.08937 0.10418 0.99054
vn 0.12066 0.72048 0.68289
vn 0.14883 -0.30809 0.93964
vn 0.20739 0.10183 0.97294
vn 0.38931 0.10389 0.91523
vn 0.31877 0.72009 0.61633
vn 0.43191 -0.30809 0.84767
vn 0.43342 0.66675 0.60630
vn 0.51972 0.66628 0.53476
vn 0.65167 0.10347 0.75141
vn 0.58483 0.10398 0.80447
vn 0.46723 0.49483 0.73270
vn 0.48611 -0.30859 0.81760
vn 0.80496 0.10309 0.58431
vn 0.77273 0.10650 0.62574
vn 0.55143 0.72069 0.42015
vn 0.74489 0.10435 0.65897
vn 0.67271 -0.30809 0.67271
vn 0.85107 0.10291 0.51487
vn 0.71097 0.58602 0.38872
vn 0.90251 0.10418 0.41787
vn 0.65173 0.72048 0.23695
vn 0.88817 -0.30809 0.34094
vn 0.94629 0.10183 0.30686
vn 0.98727 0.10389 0.12046
vn 0.69314 0.72009 0.03210
vn 0.95005 -0.30809 0.04979
vn 0.74178 0.66675 -0.07220
vn 0.72297 0.66628 -0.18271
vn 0.97658 0.10347 -0.18866
vn 0.98910 0.10398 -0.10424
vn 0.86815 0.49483 -0.03828
vn 0.95112 -0.30859 -0.01219
vn 0.90850 0.10309 -0.40496
vn 0.92827 0.10650 -0.35633
vn 0.63958 0.72069 -0.26748
vn 0.94313 0.10435 -0.31561
vn 0.91894 -0.30809 -0.24623
vn 0.87143 0.10291 -0.47961
vn 0.69213 0.58602 -0.42136
vn 0.81314 0.10418 -0.57266
vn 0.53107 0.72048 -0.44594
vn 0.73934 -0.30809 -0.59871
vn 0.73890 0.10183 -0.66608
vn 0.59795 0.10389 -0.79477
vn 0.40709 0.66629 -0.62477
vn 0.51815 -0.30809 -0.79788
vn 0.48797 0.10440 -0.86660
vn 0.28889 0.72068 -0.63022
vn 0.45142 0.10617 -0.88597
vn 0.20325 0.66628 -0.71747
vn 0.24623 -0.30809 -0.91894
vn 0.32491 0.10347 -0.94007
vn 0.40427 0.10398 -0.90871
vn 0.19824 0.10435 -0.97458
vn 0.08814 0.72069 -0.68763
vn 0.15554 0.10650 -0.98207
vn -0.14882 -0.30809 -0.93964
vn -0.08937 0.10418 -0.99054
vn -0.01885 0.58602 -0.81008
vn 0.02036 0.10291 -0.99448
vn 0.10355 0.10309 -0.98927
vn 0.11253 -0.82584 0.55256
vn 0.16968 -0.82584 0.53777
vn 0.27819 -0.81898 0.50188
vn 0.41966 -0.81898 0.39135
vn 0.53480 -0.82584 0.17882
vn 0.55056 -0.82584 0.12194
vn 0.57373 -0.81898 0.01002
vn 0.54875 -0.81898 -0.16776
vn 0.42227 -0.82584 -0.37374
vn 0.38089 -0.82584 -0.41583
vn 0.29555 -0.81898 -0.49185
vn 0.12909 -0.81898 -0.55911
vn -0.11253 -0.82584 -0.55256
vn -0.16968 -0.82584 -0.53777
vn -0.27819 -0.81898 -0.50188
vn -0.41966 -0.81898 -0.39135
vn -0.53480 -0.82584 -0.17882
vn -0.55056 -0.82584 -0.12194
vn -0.57373 -0.81898 -0.01002
vn -0.54875 -0.81898 0.16776
vn -0.42227 -0.82584 0.37374
vn -0.38089 -0.82584 0.41583
vn -0.29554 -0.81898 0.49185
vn -0.12909 -0.81898 0.55911
vn 0.09326 0.80286 0.58883
vn 0.10551 0.53889 0.83574
vn 0.01985 0.98527 0.16983
vn 0.25745 0.64044 0.72357
vn 0.25256 0.54331 0.80064
vn 0.05472 0.98527 0.16200
vn 0.34794 0.66450 0.66134
vn 0.34653 0.50403 0.79112
vn 0.07136 0.98527 0.15539
vn 0.54354 0.47160 0.69438
vn 0.49377 0.54351 0.67881
vn 0.09722 0.98677 0.12974
vn 0.72193 0.50173 0.47653
vn 0.68504 0.54077 0.48815
vn 0.13255 0.98677 0.09335
vn 0.69120 0.69881 0.18414
vn 0.80470 0.54047 0.24568
vn 0.16322 0.98527 0.05095
vn 0.78888 0.61351 0.03563
vn 0.84932 0.51840 0.09958
vn 0.17025 0.98527 0.01590
vn 0.72812 0.68393 -0.04556
vn 0.85888 0.51212 0.00777
vn 0.17098 0.98527 -0.00199
vn 0.88443 0.41228 -0.21864
vn 0.83636 0.51934 -0.17548
vn 0.15807 0.98677 -0.03605
vn 0.65847 0.62574 -0.41817
vn 0.73250 0.52852 -0.42909
vn 0.14708 0.98527 -0.08721
vn 0.50888 0.69750 -0.50451
vn 0.60742 0.56326 -0.56016
vn 0.12573 0.98527 -0.11588
vn 0.46314 0.67846 -0.57025
vn 0.55498 0.53717 -0.63517
vn 0.11293 0.98527 -0.12839
vn 0.34248 0.65645 -0.67215
vn 0.41124 0.52106 -0.74792
vn 0.07898 0.98677 -0.14158
vn 0.13134 0.39801 -0.90793
vn 0.18465 0.50403 -0.84371
vn 0.03136 0.98677 -0.15906
vn -0.11606 0.58874 -0.79995
vn -0.09267 0.50944 -0.85550
vn -0.01985 0.98527 -0.16983
vn -0.25297 0.69459 -0.67346
vn -0.26088 0.57026 -0.77894
vn -0.05472 0.98527 -0.16200
vn -0.34199 0.65021 -0.67843
vn -0.35477 0.52784 -0.77170
vn -0.07136 0.98527 -0.15539
vn -0.52238 0.55991 -0.64313
vn -0.50890 0.53451 -0.67477
vn -0.09722 0.98677 -0.12974
vn -0.75100 0.45700 -0.47660
vn -0.69149 0.50962 -0.51199
vn -0.13255 0.98677 -0.09335
vn -0.77814 0.59775 -0.19285
vn -0.82365 0.49999 -0.26762
vn -0.16322 0.98527 -0.05095
vn -0.72812 0.68393 -0.04556
vn -0.81801 0.56950 -0.08085
vn -0.17025 0.98527 -0.01590
vn -0.78888 0.61352 0.03564
vn -0.85888 0.51212 0.00777
vn -0.17098 0.98527 0.00199
vn -0.80603 0.55156 0.21469
vn -0.81862 0.54311 0.18679
vn -0.15807 0.98677 0.03605
vn -0.63128 0.65424 0.41649
vn -0.74564 0.51840 0.41866
vn -0.14708 0.98527 0.08721
vn -0.53081 0.67821 0.50820
vn -0.61245 0.57238 0.54525
vn -0.12573 0.98527 0.11588
vn -0.47619 0.63556 0.60771
vn -0.58105 0.50097 0.64142
vn -0.11293 0.98527 0.12839
vn -0.39908 0.51625 0.75778
vn -0.41158 0.56059 0.71857
vn -0.07898 0.98677 0.14158
vn -0.13612 0.53269 0.83529
vn -0.16439 0.54550 0.82183
vn -0.03136 0.98677 0.15906
vn -0.05861 0.76224 0.64463
vn -0.30310 0.65880 0.68855
vn -0.69108 0.68296 0.23659
vn -0.55700 0.76385 -0.32600
vn -0.49403 0.69027 -0.52864
vn 0.07021 0.75727 -0.64932
vn 0.31023 0.67181 -0.67263
vn 0.71720 0.65720 -0.23173
vn 0.56861 0.75790 0.31979
vn 0.50483 0.65757 0.55924
vn -0.06564 -0.83087 0.55259
vn -0.14705 -0.71182 0.68679
vn -0.07445 -0.71182 0.69840
vn -0.16951 -0.58467 0.79337
vn -0.08565 -0.58467 0.80674
vn -0.18722 -0.44112 0.87770
vn -0.09445 -0.44112 0.89246
vn -0.19968 -0.28521 0.93743
vn -0.10060 -0.28521 0.95317
vn -0.20655 -0.12131 0.97089
vn -0.10393 -0.12131 0.98716
vn -0.20763 0.04600 0.97713
vn -0.10435 0.04600 0.99348
vn -0.20288 0.21202 0.95597
vn -0.10184 0.21202 0.97194
vn -0.19245 0.37209 0.90803
vn -0.09648 0.37209 0.92317
vn -0.17662 0.52173 0.83462
vn -0.08841 0.52173 0.84851
vn -0.15585 0.65675 0.73783
vn -0.07787 0.65675 0.75008
vn -0.13070 0.77336 0.62035
vn -0.06514 0.77336 0.63061
vn -0.10189 0.86829 0.48548
vn -0.05059 0.86829 0.49348
vn -0.07023 0.93888 0.33701
vn -0.03461 0.93888 0.34251
vn -0.01806 0.97994 0.19848
vn -0.25745 0.64044 0.72357
vn -0.07143 0.98315 0.16828
vn -0.13876 0.93888 0.31505
vn -0.17093 0.93888 0.29882
vn -0.20060 0.86829 0.45369
vn -0.24693 0.86829 0.43024
vn -0.25682 0.77336 0.57962
vn -0.31600 0.77336 0.54960
vn -0.30584 0.65675 0.68930
vn -0.37622 0.65675 0.65356
vn -0.34629 0.52173 0.77966
vn -0.42589 0.52173 0.73920
vn -0.37703 0.37209 0.84817
vn -0.46363 0.37209 0.80411
vn -0.39721 0.21202 0.89290
vn -0.48836 0.21202 0.84649
vn -0.40624 0.04600 0.91261
vn -0.49941 0.04600 0.86514
vn -0.40390 -0.12131 0.90673
vn -0.49646 -0.12131 0.85954
vn -0.39022 -0.28521 0.87543
vn -0.47959 -0.28521 0.82985
vn -0.36561 -0.44112 0.81960
vn -0.44928 -0.44112 0.77689
vn -0.33076 -0.58467 0.74079
vn -0.40638 -0.58467 0.70215
vn -0.28663 -0.71182 0.64121
vn -0.35208 -0.71182 0.60774
vn -0.23318 -0.83087 0.50526
vn -0.66937 0.68492 0.28779
vn -0.54695 0.81041 0.20995
vn -0.16640 0.98315 0.07566
vn -0.17286 0.98315 0.05952
vn -0.31393 0.93888 0.14128
vn -0.32697 0.93888 0.10769
vn -0.45266 0.86829 0.20293
vn -0.47139 0.86829 0.15450
vn -0.57870 0.77336 0.25889
vn -0.60259 0.77336 0.19699
vn -0.68852 0.65675 0.30760
vn -0.71690 0.65675 0.23395
vn -0.77904 0.52173 0.34769
vn -0.81112 0.52173 0.26435
vn -0.84773 0.37209 0.37803
vn -0.88260 0.37209 0.28735
vn -0.89265 0.21202 0.39777
vn -0.92934 0.21202 0.30229
vn -0.91255 0.04600 0.40637
vn -0.95003 0.04600 0.30875
vn -0.90687 -0.12131 0.40357
vn -0.94409 -0.12131 0.30657
vn -0.87577 -0.28521 0.38946
vn -0.91168 -0.28521 0.29578
vn -0.82012 -0.44112 0.36443
vn -0.85372 -0.44112 0.27671
vn -0.74148 -0.58467 0.32919
vn -0.77183 -0.58467 0.24988
vn -0.64206 -0.71182 0.28472
vn -0.66831 -0.71182 0.21605
vn -0.51137 -0.83087 0.21945
vn -0.74090 0.66585 0.08779
vn -0.18164 0.98315 0.02054
vn -0.34222 0.93888 0.03735
vn -0.34425 0.93888 0.00138
vn -0.49321 0.86829 0.05312
vn -0.49606 0.86829 0.00127
vn -0.63038 0.77336 0.06740
vn -0.63397 0.77336 0.00113
vn -0.74988 0.65675 0.07978
vn -0.75411 0.65675 0.00096
vn -0.84835 0.52173 0.08993
vn -0.85311 0.52173 0.00076
vn -0.92305 0.37209 0.09756
vn -0.92820 0.37209 0.00054
vn -0.97188 0.21202 0.10246
vn -0.97727 0.21202 0.00031
vn -0.99346 0.04600 0.10448
vn -0.99894 0.04600 0.00007
vn -0.98720 -0.12131 0.10358
vn -0.99262 -0.12131 -0.00018
vn -0.95326 -0.28521 0.09977
vn -0.95846 -0.28521 -0.00042
vn -0.89260 -0.44112 0.09317
vn -0.89745 -0.44112 -0.00065
vn -0.80692 -0.58467 0.08395
vn -0.81127 -0.58467 -0.00086
vn -0.69862 -0.71182 0.07238
vn -0.70236 -0.71182 -0.00104
vn -0.55416 -0.83087 0.05069
vn -0.52962 0.69486 -0.48649
vn -0.13680 0.98315 -0.12124
vn -0.27931 0.93888 -0.20123
vn -0.25675 0.93888 -0.22932
vn -0.40207 0.86829 -0.29055
vn -0.36950 0.86829 -0.33098
vn -0.51356 0.77336 -0.37172
vn -0.47189 0.77336 -0.42337
vn -0.61065 0.65675 -0.44247
vn -0.56105 0.65675 -0.50388
vn -0.69063 0.52173 -0.50083
vn -0.63449 0.52173 -0.57027
vn -0.75125 0.37209 -0.54514
vn -0.69015 0.37209 -0.62068
vn -0.79081 0.21202 -0.57417
vn -0.72646 0.21202 -0.65369
vn -0.80820 0.04600 -0.58711
vn -0.74240 0.04600 -0.66837
vn -0.80294 -0.12131 -0.58359
vn -0.73754 -0.12131 -0.66432
vn -0.77517 -0.28521 -0.56371
vn -0.71200 -0.28521 -0.64165
vn -0.72567 -0.44112 -0.52803
vn -0.66650 -0.44112 -0.60099
vn -0.65583 -0.58467 -0.47755
vn -0.60232 -0.58467 -0.54348
vn -0.56761 -0.71182 -0.41368
vn -0.52126 -0.71182 -0.47075
vn -0.44574 -0.83087 -0.33314
vn -0.37992 0.67331 -0.63428
vn -0.09264 0.98315 -0.15758
vn -0.20346 0.93888 -0.27769
vn -0.17332 0.93888 -0.29744
vn -0.29261 0.86829 -0.40057
vn -0.24913 0.86829 -0.42896
vn -0.37355 0.77336 -0.51222
vn -0.31797 0.77336 -0.54847
vn -0.44403 0.65675 -0.60952
vn -0.37789 0.65675 -0.65259
vn -0.50206 0.52173 -0.68973
vn -0.42722 0.52173 -0.73843
vn -0.54602 0.37209 -0.75061
vn -0.46457 0.37209 -0.80357
vn -0.57467 0.21202 -0.79044
vn -0.48890 0.21202 -0.84618
vn -0.58722 0.04600 -0.80812
vn -0.49953 0.04600 -0.86507
vn -0.58330 -0.12130 -0.80315
vn -0.49615 -0.12131 -0.85972
vn -0.56303 -0.28521 -0.77566
vn -0.47887 -0.28521 -0.83026
vn -0.52698 -0.44112 -0.72643
vn -0.44816 -0.44112 -0.77753
vn -0.47616 -0.58467 -0.65684
vn -0.40489 -0.58467 -0.70301
vn -0.41199 -0.71182 -0.56883
vn -0.35028 -0.71182 -0.60878
vn -0.32098 -0.83087 -0.45457
vn 0.06564 -0.83087 -0.55259
vn 0.14705 -0.71182 -0.68679
vn 0.07445 -0.71182 -0.69840
vn 0.16951 -0.58467 -0.79337
vn 0.08565 -0.58467 -0.80674
vn 0.18722 -0.44112 -0.87770
vn 0.09445 -0.44112 -0.89246
vn 0.19968 -0.28521 -0.93743
vn 0.10060 -0.28521 -0.95317
vn 0.20655 -0.12131 -0.97089
vn 0.10393 -0.12131 -0.98716
vn 0.20763 0.04600 -0.97713
vn 0.10435 0.04600 -0.99348
vn 0.20288 0.21202 -0.95597
vn 0.10184 0.21202 -0.97194
vn 0.19245 0.37209 -0.90803
vn 0.09648 0.37209 -0.92317
vn 0.17662 0.52173 -0.83462
vn 0.08841 0.52173 -0.84851
vn 0.15585 0.65675 -0.73783
vn 0.07787 0.65675 -0.75008
vn 0.13070 0.77336 -0.62035
vn 0.06514 0.77336 -0.63061
vn 0.10189 0.86829 -0.48548
vn 0.05059 0.86829 -0.49348
vn 0.07023 0.93888 -0.33701
vn 0.03461 0.93888 -0.34251
vn 0.01806 0.97994 -0.19848
vn 0.25297 0.69459 -0.67346
vn 0.07143 0.98315 -0.16828
vn 0.13876 0.93888 -0.31505
vn 0.17093 0.93888 -0.29882
vn 0.20060 0.86829 -0.45369
vn 0.24693 0.86829 -0.43024
vn 0.25682 0.77336 -0.57962
vn 0.31600 0.77336 -0.54960
vn 0.30584 0.65675 -0.68930
vn 0.37622 0.65675 -0.65356
vn 0.34629 0.52173 -0.77966
vn 0.42589 0.52173 -0.73919
vn 0.37703 0.37209 -0.84817
vn 0.46363 0.37209 -0.80411
vn 0.39721 0.21202 -0.89290
vn 0.48836 0.21202 -0.84649
vn 0.40624 0.04600 -0.91261
vn 0.49941 0.04600 -0.86514
vn 0.40390 -0.12131 -0.90673
vn 0.49646 -0.12131 -0.85954
vn 0.39022 -0.28521 -0.87543
vn 0.47959 -0.28521 -0.82985
vn 0.36561 -0.44112 -0.81960
vn 0.44928 -0.44112 -0.77689
vn 0.33076 -0.58467 -0.74079
vn 0.40638 -0.58467 -0.70215
vn 0.28663 -0.71182 -0.64121
vn 0.35208 -0.71182 -0.60774
vn 0.23318 -0.83087 -0.50526
vn 0.63624 0.71625 -0.28668
vn 0.65589 0.70645 -0.26597
vn 0.16640 0.98315 -0.07566
vn 0.17286 0.98315 -0.05952
vn 0.31393 0.93888 -0.14128
vn 0.32697 0.93888 -0.10769
vn 0.45265 0.86829 -0.20293
vn 0.47139 0.86829 -0.15450
vn 0.57870 0.77336 -0.25889
vn 0.60259 0.77336 -0.19699
vn 0.68852 0.65675 -0.30760
vn 0.71690 0.65675 -0.23395
vn 0.77904 0.52173 -0.34769
vn 0.81112 0.52173 -0.26435
vn 0.84773 0.37209 -0.37803
vn 0.88260 0.37209 -0.28735
vn 0.89265 0.21202 -0.39777
vn 0.92934 0.21202 -0.30229
vn 0.91255 0.04600 -0.40637
vn 0.95003 0.04600 -0.30875
vn 0.90687 -0.12131 -0.40357
vn 0.94409 -0.12131 -0.30657
vn 0.87577 -0.28521 -0.38946
vn 0.91168 -0.28521 -0.29578
vn 0.82012 -0.44112 -0.36443
vn 0.85372 -0.44112 -0.27671
vn 0.74148 -0.58467 -0.32919
vn 0.77183 -0.58467 -0.24988
vn 0.64206 -0.71182 -0.28472
vn 0.66831 -0.71182 -0.21605
vn 0.51137 -0.83087 -0.21945
vn 0.71046 0.70009 -0.07152
vn 0.18164 0.98315 -0.02054
vn 0.34222 0.93888 -0.03735
vn 0.34425 0.93888 -0.00138
vn 0.49321 0.86829 -0.05312
vn 0.49606 0.86829 -0.00127
vn 0.63038 0.77336 -0.06740
vn 0.63397 0.77336 -0.00113
vn 0.74987 0.65675 -0.07978
vn 0.75411 0.65675 -0.00096
vn 0.84835 0.52173 -0.08993
vn 0.85311 0.52173 -0.00076
vn 0.92305 0.37209 -0.09756
vn 0.92820 0.37209 -0.00054
vn 0.97188 0.21202 -0.10246
vn 0.97727 0.21202 -0.00031
vn 0.99346 0.04600 -0.10448
vn 0.99894 0.04600 -0.00007
vn 0.98720 -0.12131 -0.10358
vn 0.99262 -0.12131 0.00018
vn 0.95326 -0.28521 -0.09977
vn 0.95846 -0.28521 0.00042
vn 0.89260 -0.44112 -0.09317
vn 0.89745 -0.44112 0.00065
vn 0.80692 -0.58467 -0.08395
vn 0.81127 -0.58467 0.00086
vn 0.69862 -0.71182 -0.07238
vn 0.70236 -0.71182 0.00104
vn 0.55416 -0.83087 -0.05069
vn 0.53289 0.70162 0.47303
vn 0.13680 0.98315 0.12124
vn 0.27931 0.93888 0.20123
vn 0.25675 0.93888 0.22932
vn 0.40207 0.86829 0.29055
vn 0.36950 0.86829 0.33098
vn 0.51356 0.77336 0.37172
vn 0.47189 0.77336 0.42337
vn 0.61065 0.65675 0.44247
vn 0.56105 0.65675 0.50388
vn 0.69063 0.52173 0.50083
vn 0.63449 0.52173 0.57027
vn 0.75125 0.37209 0.54514
vn 0.69015 0.37209 0.62068
vn 0.79081 0.21202 0.57417
vn 0.72646 0.21202 0.65369
vn 0.80820 0.04600 0.58711
vn 0.74240 0.04600 0.66837
vn 0.80294 -0.12130 0.58359
vn 0.73754 -0.12130 0.66432
vn 0.77517 -0.28521 0.56371
vn 0.71200 -0.28521 0.64165
vn 0.72567 -0.44112 0.52803
vn 0.66650 -0.44112 0.60099
vn 0.65583 -0.58467 0.47755
vn 0.60232 -0.58467 0.54348
vn 0.56761 -0.71182 0.41368
vn 0.52126 -0.71182 0.47075
vn 0.44574 -0.83087 0.33314
vn 0.35865 0.69457 0.62365
vn 0.09264 0.98315 0.15758
vn 0.20346 0.93888 0.27769
vn 0.17332 0.93888 0.29744
vn 0.29261 0.86829 0.40057
vn 0.24913 0.86829 0.42896
vn 0.37355 0.77336 0.51222
vn 0.31797 0.77336 0.54847
vn 0.44403 0.65675 0.60952
vn 0.37789 0.65675 0.65259
vn 0.50206 0.52173 0.68973
vn 0.42722 0.52173 0.73843
vn 0.54602 0.37209 0.75061
vn 0.46457 0.37209 0.80357
vn 0.57467 0.21202 0.79044
vn 0.48890 0.21202 0.84618
vn 0.58722 0.04600 0.80812
vn 0.49953 0.04600 0.86508
vn 0.58330 -0.12131 0.80315
vn 0.49615 -0.12131 0.85972
vn 0.56303 -0.28521 0.77566
vn 0.47887 -0.28521 0.83026
vn 0.52698 -0.44112 0.72643
vn 0.44816 -0.44112 0.77753
vn 0.47616 -0.58467 0.65684
vn 0.40489 -0.58467 0.70301
vn 0.41199 -0.71182 0.56883
vn 0.35028 -0.71182 0.60878
vn 0.32098 -0.83087 0.45457
vn 0.01374 0.68472 0.72867
vn 0.00144 0.98315 0.18279
vn 0.00138 0.93888 0.34425
vn 0.00127 0.86829 0.49606
vn 0.00113 0.77336 0.63397
vn 0.00096 0.65675 0.75411
vn 0.00076 0.52173 0.85311
vn 0.00054 0.37209 0.92820
vn 0.00031 0.21202 0.97727
vn 0.00007 0.04600 0.99894
vn -0.00018 -0.12131 0.99262
vn -0.00042 -0.28521 0.95846
vn -0.00065 -0.44112 0.89745
vn -0.00086 -0.58467 0.81127
vn -0.00104 -0.71182 0.70236
vn -0.00120 -0.81902 0.57376
vn -0.17844 -0.81902 0.54531
vn -0.21803 -0.71182 0.66766
vn -0.25151 -0.58467 0.77130
vn -0.27794 -0.44112 0.85332
vn -0.29658 -0.28521 0.91142
vn -0.30690 -0.12130 0.94398
vn -0.30863 0.04600 0.95007
vn -0.30170 0.21202 0.92953
vn -0.28631 0.37209 0.88293
vn -0.26290 0.52173 0.81159
vn -0.23212 0.65675 0.71750
vn -0.19483 0.77336 0.60329
vn -0.15208 0.86829 0.47217
vn -0.10507 0.93888 0.32783
vn -0.05511 0.98315 0.17429
vn -0.21904 0.68215 0.69764
vn -0.33822 -0.81902 0.46347
vn -0.41368 -0.71182 0.56761
vn -0.47755 -0.58467 0.65583
vn -0.52803 -0.44112 0.72567
vn -0.56371 -0.28521 0.77517
vn -0.58359 -0.12130 0.80294
vn -0.58711 0.04600 0.80820
vn -0.57417 0.21202 0.79081
vn -0.54514 0.37209 0.75125
vn -0.50083 0.52173 0.69063
vn -0.44247 0.65675 0.61065
vn -0.37172 0.77336 0.51356
vn -0.29055 0.86829 0.40207
vn -0.20123 0.93888 0.27931
vn -0.10627 0.98315 0.14873
vn -0.42831 0.68370 0.59085
vn -0.22932 0.93888 0.25675
vn -0.33098 0.86829 0.36950
vn -0.42337 0.77336 0.47189
vn -0.50388 0.65675 0.56105
vn -0.57027 0.52173 0.63449
vn -0.62068 0.37209 0.69015
vn -0.65369 0.21202 0.72646
vn -0.66837 0.04600 0.74240
vn -0.66432 -0.12130 0.73754
vn -0.64165 -0.28521 0.71200
vn -0.60099 -0.44112 0.66650
vn -0.54348 -0.58467 0.60232
vn -0.47075 -0.71182 0.52126
vn -0.52265 -0.71182 0.46920
vn -0.60347 -0.58467 0.54221
vn -0.66737 -0.44112 0.60003
vn -0.71256 -0.28521 0.64103
vn -0.73778 -0.12131 0.66406
vn -0.74231 0.04600 0.66847
vn -0.72604 0.21202 0.65415
vn -0.68942 0.37209 0.62149
vn -0.63347 0.52173 0.57141
vn -0.55977 0.65675 0.50531
vn -0.47037 0.77336 0.42505
vn -0.36779 0.86829 0.33288
vn -0.25490 0.93888 0.23137
vn -0.46489 -0.81902 0.33628
vn -0.56883 -0.71182 0.41199
vn -0.65684 -0.58467 0.47616
vn -0.72643 -0.44112 0.52698
vn -0.77566 -0.28521 0.56303
vn -0.80315 -0.12131 0.58330
vn -0.80812 0.04600 0.58722
vn -0.79044 0.21202 0.57467
vn -0.75061 0.37209 0.54602
vn -0.68973 0.52173 0.50206
vn -0.60952 0.65675 0.44403
vn -0.51222 0.77336 0.37355
vn -0.40057 0.86829 0.29261
vn -0.27769 0.93888 0.20346
vn -0.14703 0.98315 0.10861
vn -0.59567 0.68084 0.42618
vn -0.29744 0.93888 0.17332
vn -0.42896 0.86829 0.24913
vn -0.54847 0.77336 0.31797
vn -0.65259 0.65675 0.37789
vn -0.73843 0.52173 0.42722
vn -0.80357 0.37209 0.46457
vn -0.84618 0.21202 0.48890
vn -0.86507 0.04600 0.49953
vn -0.85972 -0.12131 0.49615
vn -0.83026 -0.28521 0.47887
vn -0.77753 -0.44112 0.44816
vn -0.70301 -0.58467 0.40489
vn -0.60878 -0.71182 0.35028
vn -0.49749 -0.81902 0.28584
vn -0.56147 -0.81902 0.11812
vn -0.68723 -0.71182 0.14501
vn -0.79372 -0.58467 0.16784
vn -0.87797 -0.44112 0.18596
vn -0.93761 -0.28521 0.19887
vn -0.97096 -0.12131 0.20620
vn -0.97710 0.04600 0.20776
vn -0.95585 0.21202 0.20349
vn -0.90780 0.37209 0.19352
vn -0.83431 0.52173 0.17812
vn -0.73743 0.65675 0.15773
vn -0.61988 0.77336 0.13292
vn -0.48495 0.86829 0.10438
vn -0.33644 0.93888 0.07292
vn -0.57049 -0.81902 -0.06117
vn -0.69840 -0.71182 -0.07445
vn -0.80674 -0.58467 -0.08565
vn -0.89246 -0.44112 -0.09445
vn -0.95317 -0.28521 -0.10060
vn -0.98716 -0.12131 -0.10393
vn -0.99348 0.04600 -0.10435
vn -0.97194 0.21202 -0.10184
vn -0.92317 0.37209 -0.09648
vn -0.84851 0.52173 -0.08841
vn -0.75008 0.65675 -0.07787
vn -0.63061 0.77336 -0.06514
vn -0.49348 0.86829 -0.05059
vn -0.34251 0.93888 -0.03461
vn -0.72812 0.66847 -0.15159
vn -0.17909 0.98315 -0.03659
vn -0.33701 0.93888 -0.07023
vn -0.48548 0.86829 -0.10189
vn -0.62035 0.77336 -0.13070
vn -0.73783 0.65675 -0.15585
vn -0.83462 0.52173 -0.17662
vn -0.90803 0.37209 -0.19245
vn -0.95597 0.21202 -0.20288
vn -0.97713 0.04600 -0.20763
vn -0.97089 -0.12131 -0.20655
vn -0.93743 -0.28521 -0.19968
vn -0.87770 -0.44112 -0.18722
vn -0.79337 -0.58467 -0.16951
vn -0.68679 -0.71182 -0.14705
vn -0.66766 -0.71182 -0.21803
vn -0.77130 -0.58467 -0.25151
vn -0.85332 -0.44112 -0.27794
vn -0.91142 -0.28521 -0.29658
vn -0.94398 -0.12131 -0.30690
vn -0.95007 0.04600 -0.30863
vn -0.92953 0.21202 -0.30170
vn -0.88294 0.37209 -0.28631
vn -0.81159 0.52173 -0.26290
vn -0.71750 0.65675 -0.23212
vn -0.60329 0.77336 -0.19483
vn -0.47217 0.86829 -0.15208
vn -0.32783 0.93888 -0.10507
vn -0.52367 -0.81902 -0.23447
vn -0.64121 -0.71182 -0.28663
vn -0.74079 -0.58467 -0.33076
vn -0.81960 -0.44112 -0.36561
vn -0.87543 -0.28521 -0.39022
vn -0.90673 -0.12131 -0.40390
vn -0.91261 0.04600 -0.40624
vn -0.89290 0.21202 -0.39721
vn -0.84817 0.37209 -0.37703
vn -0.77966 0.52173 -0.34629
vn -0.68930 0.65675 -0.30584
vn -0.57962 0.77336 -0.25682
vn -0.45369 0.86829 -0.20060
vn -0.31505 0.93888 -0.13876
vn -0.15700 0.98527 -0.06773
vn -0.65589 0.70644 -0.26597
vn -0.17397 0.97994 -0.09723
vn -0.29882 0.93888 -0.17093
vn -0.43024 0.86829 -0.24693
vn -0.54960 0.77336 -0.31600
vn -0.65356 0.65675 -0.37622
vn -0.73920 0.52173 -0.42589
vn -0.80411 0.37209 -0.46363
vn -0.84649 0.21202 -0.48836
vn -0.86514 0.04600 -0.49941
vn -0.85954 -0.12131 -0.49646
vn -0.82985 -0.28521 -0.47959
vn -0.77689 -0.44112 -0.44928
vn -0.70215 -0.58467 -0.40638
vn -0.60774 -0.71182 -0.35208
vn -0.49629 -0.81902 -0.28792
vn -0.73414 0.59373 -0.32943
vn -0.38303 -0.81902 -0.42719
vn -0.46919 -0.71182 -0.52265
vn -0.54221 -0.58467 -0.60347
vn -0.60003 -0.44112 -0.66737
vn -0.64103 -0.28521 -0.71256
vn -0.66406 -0.12131 -0.73778
vn -0.66847 0.04600 -0.74231
vn -0.65415 0.21202 -0.72604
vn -0.62149 0.37209 -0.68942
vn -0.57141 0.52173 -0.63347
vn -0.50531 0.65675 -0.55977
vn -0.42505 0.77336 -0.47037
vn -0.33288 0.86829 -0.36779
vn -0.23137 0.93888 -0.25490
vn -0.12468 0.98315 -0.13370
vn -0.40377 0.82094 -0.40377
vn -0.23227 -0.81902 -0.52464
vn -0.28472 -0.71182 -0.64206
vn -0.32919 -0.58467 -0.74148
vn -0.36443 -0.44112 -0.82012
vn -0.38946 -0.28521 -0.87577
vn -0.40357 -0.12131 -0.90687
vn -0.40637 0.04600 -0.91255
vn -0.39777 0.21202 -0.89265
vn -0.37803 0.37209 -0.84773
vn -0.34769 0.52173 -0.77904
vn -0.30760 0.65675 -0.68852
vn -0.25889 0.77336 -0.57870
vn -0.20293 0.86829 -0.45266
vn -0.14128 0.93888 -0.31393
vn -0.10769 0.93888 -0.32697
vn -0.15450 0.86829 -0.47139
vn -0.19699 0.77336 -0.60259
vn -0.23395 0.65675 -0.71690
vn -0.26435 0.52173 -0.81112
vn -0.28735 0.37209 -0.88260
vn -0.30229 0.21202 -0.92934
vn -0.30875 0.04600 -0.95003
vn -0.30657 -0.12131 -0.94409
vn -0.29578 -0.28521 -0.91168
vn -0.27671 -0.44112 -0.85372
vn -0.24988 -0.58467 -0.77183
vn -0.21605 -0.71182 -0.66831
vn -0.14501 -0.71182 -0.68723
vn -0.16784 -0.58467 -0.79372
vn -0.18596 -0.44112 -0.87797
vn -0.19887 -0.28521 -0.93761
vn -0.20620 -0.12131 -0.97096
vn -0.20776 0.04600 -0.97710
vn -0.20349 0.21202 -0.95585
vn -0.19352 0.37209 -0.90780
vn -0.17812 0.52173 -0.83431
vn -0.15773 0.65675 -0.73743
vn -0.13292 0.77336 -0.61988
vn -0.10438 0.86829 -0.48496
vn -0.07292 0.93888 -0.33644
vn -0.03942 0.98315 -0.17849
vn -0.16191 0.65880 -0.73469
vn -0.05878 -0.81902 -0.57074
vn -0.07238 -0.71182 -0.69862
vn -0.08395 -0.58467 -0.80692
vn -0.09317 -0.44112 -0.89260
vn -0.09977 -0.28521 -0.95326
vn -0.10358 -0.12131 -0.98720
vn -0.10448 0.04600 -0.99346
vn -0.10246 0.21202 -0.97188
vn -0.09756 0.37209 -0.92305
vn -0.08993 0.52173 -0.84835
vn -0.07978 0.65675 -0.74988
vn -0.06740 0.77336 -0.63038
vn -0.05312 0.86829 -0.49321
vn -0.03735 0.93888 -0.34222
vn -0.00102 0.59738 -0.80195
vn -0.00144 0.98315 -0.18279
vn -0.00138 0.93888 -0.34425
vn -0.00127 0.86829 -0.49606
vn -0.00113 0.77336 -0.63397
vn -0.00096 0.65675 -0.75411
vn -0.00076 0.52173 -0.85311
vn -0.00054 0.37209 -0.92820
vn -0.00031 0.21202 -0.97727
vn -0.00007 0.04600 -0.99894
vn 0.00018 -0.12131 -0.99262
vn 0.00042 -0.28521 -0.95846
vn 0.00065 -0.44112 -0.89745
vn 0.00086 -0.58467 -0.81127
vn 0.00104 -0.71182 -0.70236
vn 0.00120 -0.81902 -0.57376
vn 0.17844 -0.81902 -0.54531
vn 0.21803 -0.71182 -0.66766
vn 0.25151 -0.58467 -0.77130
vn 0.27794 -0.44112 -0.85332
vn 0.29658 -0.28521 -0.91142
vn 0.30690 -0.12131 -0.94398
vn 0.30863 0.04600 -0.95007
vn 0.30170 0.21202 -0.92953
vn 0.28631 0.37209 -0.88294
vn 0.26290 0.52173 -0.81159
vn 0.23212 0.65675 -0.71750
vn 0.19483 0.77336 -0.60329
vn 0.15208 0.86829 -0.47217
vn 0.10507 0.93888 -0.32783
vn 0.05511 0.98315 -0.17429
vn 0.22548 0.70010 -0.67751
vn 0.33822 -0.81902 -0.46347
vn 0.41368 -0.71182 -0.56761
vn 0.47755 -0.58467 -0.65583
vn 0.52803 -0.44112 -0.72567
vn 0.56371 -0.28521 -0.77517
vn 0.58359 -0.12131 -0.80294
vn 0.58711 0.04600 -0.80820
vn 0.57417 0.21202 -0.79081
vn 0.54514 0.37209 -0.75125
vn 0.50083 0.52173 -0.69063
vn 0.44247 0.65675 -0.61065
vn 0.37172 0.77336 -0.51356
vn 0.29055 0.86829 -0.40207
vn 0.20123 0.93888 -0.27931
vn 0.10627 0.98315 -0.14873
vn 0.41719 0.68473 -0.59758
vn 0.22932 0.93888 -0.25675
vn 0.33098 0.86829 -0.36950
vn 0.42336 0.77336 -0.47189
vn 0.50388 0.65675 -0.56105
vn 0.57027 0.52173 -0.63449
vn 0.62068 0.37209 -0.69015
vn 0.65369 0.21202 -0.72646
vn 0.66837 0.04600 -0.74240
vn 0.66432 -0.12131 -0.73754
vn 0.64165 -0.28521 -0.71200
vn 0.60099 -0.44112 -0.66650
vn 0.54348 -0.58467 -0.60232
vn 0.47075 -0.71182 -0.52126
vn 0.52265 -0.71182 -0.46919
vn 0.60347 -0.58467 -0.54221
vn 0.66737 -0.44112 -0.60003
vn 0.71256 -0.28521 -0.64103
vn 0.73778 -0.12130 -0.66406
vn 0.74231 0.04600 -0.66847
vn 0.72604 0.21202 -0.65415
vn 0.68942 0.37209 -0.62149
vn 0.63347 0.52173 -0.57141
vn 0.55977 0.65675 -0.50531
vn 0.47037 0.77336 -0.42505
vn 0.36779 0.86829 -0.33288
vn 0.25490 0.93888 -0.23137
vn 0.46489 -0.81902 -0.33628
vn 0.56883 -0.71182 -0.41199
vn 0.65684 -0.58467 -0.47616
vn 0.72643 -0.44112 -0.52698
vn 0.77566 -0.28521 -0.56303
vn 0.80315 -0.12130 -0.58330
vn 0.80812 0.04600 -0.58722
vn 0.79044 0.21202 -0.57467
vn 0.75061 0.37209 -0.54602
vn 0.68973 0.52173 -0.50206
vn 0.60952 0.65675 -0.44403
vn 0.51222 0.77336 -0.37355
vn 0.40057 0.86829 -0.29261
vn 0.27769 0.93888 -0.20346
vn 0.14703 0.98315 -0.10861
vn 0.60224 0.66133 -0.44716
vn 0.29744 0.93888 -0.17332
vn 0.42896 0.86829 -0.24913
vn 0.54847 0.77336 -0.31797
vn 0.65259 0.65675 -0.37789
vn 0.73843 0.52173 -0.42722
vn 0.80357 0.37209 -0.46457
vn 0.84618 0.21202 -0.48890
vn 0.86508 0.04600 -0.49953
vn 0.85972 -0.12131 -0.49615
vn 0.83026 -0.28521 -0.47887
vn 0.77753 -0.44112 -0.44816
vn 0.70301 -0.58467 -0.40489
vn 0.60878 -0.71182 -0.35028
vn 0.49749 -0.81902 -0.28584
vn 0.56147 -0.81902 -0.11812
vn 0.68723 -0.71182 -0.14501
vn 0.79372 -0.58467 -0.16784
vn 0.87797 -0.44112 -0.18596
vn 0.93761 -0.28521 -0.19887
vn 0.97096 -0.12131 -0.20620
vn 0.97710 0.04600 -0.20776
vn 0.95585 0.21202 -0.20349
vn 0.90780 0.37209 -0.19352
vn 0.83431 0.52173 -0.17812
vn 0.73743 0.65675 -0.15773
vn 0.61988 0.77336 -0.13292
vn 0.48495 0.86829 -0.10438
vn 0.33644 0.93888 -0.07292
vn 0.57049 -0.81902 0.06117
vn 0.69840 -0.71182 0.07445
vn 0.80674 -0.58467 0.08565
vn 0.89246 -0.44112 0.09445
vn 0.95317 -0.28521 0.10060
vn 0.98716 -0.12131 0.10393
vn 0.99348 0.04600 0.10435
vn 0.97194 0.21202 0.10184
vn 0.92317 0.37209 0.09648
vn 0.84851 0.52173 0.08841
vn 0.75008 0.65675 0.07787
vn 0.63061 0.77336 0.06514
vn 0.49348 0.86829 0.05059
vn 0.34251 0.93888 0.03461
vn 0.59302 0.79549 0.12461
vn 0.17909 0.98315 0.03659
vn 0.33701 0.93888 0.07023
vn 0.48548 0.86829 0.10189
vn 0.62035 0.77336 0.13070
vn 0.73783 0.65675 0.15585
vn 0.83462 0.52173 0.17662
vn 0.90803 0.37209 0.19245
vn 0.95597 0.21202 0.20288
vn 0.97713 0.04600 0.20763
vn 0.97089 -0.12131 0.20655
vn 0.93743 -0.28521 0.19968
vn 0.87770 -0.44112 0.18722
vn 0.79337 -0.58467 0.16951
vn 0.68679 -0.71182 0.14705
vn 0.66766 -0.71182 0.21803
vn 0.77130 -0.58467 0.25151
vn 0.85332 -0.44112 0.27794
vn 0.91142 -0.28521 0.29658
vn 0.94398 -0.12131 0.30690
vn 0.95007 0.04600 0.30863
vn 0.92953 0.21202 0.30170
vn 0.88293 0.37209 0.28631
vn 0.81159 0.52173 0.26290
vn 0.71750 0.65675 0.23212
vn 0.60329 0.77336 0.19483
vn 0.47217 0.86829 0.15208
vn 0.32783 0.93888 0.10507
vn 0.52367 -0.81902 0.23447
vn 0.64121 -0.71182 0.28663
vn 0.74079 -0.58467 0.33076
vn 0.81960 -0.44112 0.36561
vn 0.87543 -0.28521 0.39022
vn 0.90673 -0.12131 0.40390
vn 0.91261 0.04600 0.40624
vn 0.89290 0.21202 0.39721
vn 0.84817 0.37209 0.37703
vn 0.77966 0.52173 0.34629
vn 0.68930 0.65675 0.30584
vn 0.57962 0.77336 0.25682
vn 0.45369 0.86829 0.20060
vn 0.31505 0.93888 0.13876
vn 0.15700 0.98527 0.06773
vn 0.67208 0.69367 0.25910
vn 0.17397 0.97994 0.09723
vn 0.29882 0.93888 0.17093
vn 0.43024 0.86829 0.24693
vn 0.54960 0.77336 0.31600
vn 0.65356 0.65675 0.37622
vn 0.73920 0.52173 0.42589
vn 0.80411 0.37209 0.46363
vn 0.84649 0.21202 0.48836
vn 0.86514 0.04600 0.49941
vn 0.85954 -0.12131 0.49646
vn 0.82985 -0.28521 0.47959
vn 0.77689 -0.44112 0.44928
vn 0.70215 -0.58467 0.40638
vn 0.60774 -0.71182 0.35208
vn 0.49629 -0.81902 0.28792
vn 0.76850 0.54905 0.32856
vn 0.38303 -0.81902 0.42719
vn 0.46920 -0.71182 0.52265
vn 0.54221 -0.58467 0.60347
vn 0.60003 -0.44112 0.66737
vn 0.64103 -0.28521 0.71256
vn 0.66406 -0.12131 0.73778
vn 0.66847 0.04600 0.74231
vn 0.65415 0.21202 0.72604
vn 0.62149 0.37209 0.68942
vn 0.57141 0.52173 0.63347
vn 0.50531 0.65675 0.55977
vn 0.42505 0.77336 0.47037
vn 0.33288 0.86829 0.36779
vn 0.23137 0.93888 0.25490
vn 0.12468 0.98315 0.13370
vn 0.53081 0.67821 0.50820
vn 0.23227 -0.81902 0.52464
vn 0.28472 -0.71182 0.64206
vn 0.32919 -0.58467 0.74148
vn 0.36443 -0.44112 0.82012
vn 0.38946 -0.28521 0.87577
vn 0.40357 -0.12131 0.90687
vn 0.40637 0.04600 0.91255
vn 0.39777 0.21202 0.89265
vn 0.37803 0.37209 0.84773
vn 0.34769 0.52173 0.77904
vn 0.30760 0.65675 0.68852
vn 0.25889 0.77336 0.57870
vn 0.20293 0.86829 0.45265
vn 0.14128 0.93888 0.31393
vn 0.10769 0.93888 0.32697
vn 0.15450 0.86829 0.47139
vn 0.19699 0.77336 0.60259
vn 0.23395 0.65675 0.71690
vn 0.26435 0.52173 0.81112
vn 0.28735 0.37209 0.88260
vn 0.30229 0.21202 0.92934
vn 0.30875 0.04600 0.95003
vn 0.30657 -0.12131 0.94409
vn 0.29579 -0.28521 0.91168
vn 0.27671 -0.44112 0.85372
vn 0.24988 -0.58467 0.77183
vn 0.21605 -0.71182 0.66831
vn 0.14501 -0.71182 0.68723
vn 0.16784 -0.58467 0.79372
vn 0.18596 -0.44112 0.87797
vn 0.19887 -0.28521 0.93761
vn 0.20620 -0.12131 0.97096
vn 0.20776 0.04600 0.97710
vn 0.20349 0.21202 0.95585
vn 0.19352 0.37209 0.90780
vn 0.17812 0.52173 0.83431
vn 0.15773 0.65675 0.73743
vn 0.13292 0.77336 0.61988
vn 0.10438 0.86829 0.48495
vn 0.07292 0.93888 0.33644
vn 0.03942 0.98315 0.17849
vn 0.14464 0.68319 0.71578
vn 0.05878 -0.81902 0.57074
vn 0.07238 -0.71182 0.69862
vn 0.08395 -0.58467 0.80692
vn 0.09317 -0.44112 0.89260
vn 0.09977 -0.28521 0.95326
vn 0.10358 -0.12131 0.98720
vn 0.10448 0.04600 0.99346
vn 0.10246 0.21202 0.97188
vn 0.09756 0.37209 0.92305
vn 0.08993 0.52173 0.84835
vn 0.07978 0.65675 0.74987
vn 0.06740 0.77336 0.63038
vn 0.05312 0.86829 0.49321
vn 0.03735 0.93888 0.34222
vn -0.86007 -0.38689 0.33256
vn -0.69893 -0.68209 0.21504
vn -0.72476 -0.66180 0.19168
vn -0.73049 -0.66901 0.13711
vn -0.81901 -0.57048 0.06140
vn -0.71256 -0.70114 0.02577
vn -0.85564 -0.51662 -0.03129
vn -0.78255 -0.61980 -0.05882
vn -0.86352 -0.48777 -0.12813
vn -0.69822 -0.69869 -0.15595
vn -0.67812 -0.71268 -0.17954
vn -0.80885 -0.49726 -0.31382
vn -0.74135 -0.58934 -0.32106
vn -0.77391 -0.48777 -0.40390
vn -0.62469 -0.67887 -0.38587
vn -0.59116 -0.70143 -0.39815
vn -0.66137 -0.49793 -0.56094
vn -0.59897 -0.54124 -0.59017
vn -0.55685 -0.53933 -0.63170
vn -0.46242 -0.68145 -0.56726
vn -0.42163 -0.67794 -0.60219
vn -0.40093 -0.54875 -0.73357
vn -0.37926 -0.52426 -0.76244
vn -0.28172 -0.67178 -0.68508
vn -0.26959 -0.61878 -0.73785
vn -0.20535 -0.66117 -0.72159
vn -0.13458 -0.58288 -0.80134
vn -0.10507 -0.56931 -0.81538
vn -0.04253 -0.65951 -0.75049
vn 0.00000 -0.75737 -0.65299
vn 0.04858 -0.48609 -0.87256
vn 0.08992 -0.70941 -0.69904
vn 0.11598 -0.71803 -0.68628
vn 0.23906 -0.49148 -0.83744
vn 0.26959 -0.61878 -0.73786
vn 0.32593 -0.51146 -0.79509
vn 0.36142 -0.58945 -0.72244
vn 0.90001 -0.39378 0.18688
vn 0.70351 -0.70867 0.05352
vn 0.71256 -0.70114 0.02576
vn 0.85564 -0.51662 -0.03129
vn 0.78255 -0.61980 -0.05882
vn 0.74308 -0.65995 -0.11093
vn 0.81319 -0.55283 -0.18191
vn 0.79188 -0.57385 -0.20887
vn 0.69589 -0.66576 -0.26925
vn 0.74135 -0.58934 -0.32106
vn 0.66569 -0.65996 -0.34830
vn 0.72518 -0.52279 -0.44812
vn 0.68874 -0.55809 -0.46280
vn 0.57072 -0.66385 -0.48330
vn 0.55426 -0.63035 -0.54356
vn 0.58877 -0.51370 -0.62406
vn 0.46928 -0.66961 -0.57568
vn 0.50766 -0.53607 -0.67447
vn 0.36793 -0.69193 -0.62118
vn 0.13506 -0.56516 0.81385
vn 0.17764 -0.66386 0.72646
vn 0.26443 -0.50745 0.82010
vn 0.28810 -0.54111 0.79006
vn 0.32469 -0.68383 0.65342
vn 0.37106 -0.63376 0.67873
vn 0.40794 -0.65951 0.63137
vn 0.52324 -0.49341 0.69481
vn 0.52799 -0.54793 0.64885
vn 0.52608 -0.67586 0.51618
vn 0.57943 -0.62278 0.52574
vn 0.68563 -0.49148 0.53699
vn 0.62328 -0.66011 0.41926
vn 0.71568 -0.54047 0.44238
vn 0.67157 -0.66901 0.31845
vn 0.70534 -0.65403 0.27339
vn 0.80523 -0.52444 0.27671
vn 0.71417 -0.67401 0.18887
vn -0.77846 -0.50816 0.36847
vn -0.61650 -0.68951 0.38013
vn -0.62328 -0.66011 0.41926
vn -0.59027 -0.66117 0.46308
vn -0.66709 -0.43367 0.60574
vn -0.61229 -0.51523 0.59970
vn -0.45370 -0.69608 0.55643
vn -0.45148 -0.66054 0.59987
vn -0.47357 -0.48609 0.73447
vn -0.37106 -0.63375 0.67873
vn -0.37848 -0.52876 0.75971
vn -0.24816 -0.69113 0.67879
vn -0.22789 -0.66865 0.70780
vn -0.20535 -0.49793 0.84255
vn -0.12554 -0.65443 0.74563
vn -0.10827 -0.53095 0.84046
vn -0.01285 -0.67794 0.73501
vn 0.06746 -0.69193 0.71881
vn 0.02783 -0.99100 0.13095
vn 0.07022 -0.99100 0.11398
vn 0.09552 -0.99253 0.07590
vn 0.10355 -0.99253 0.06451
vn 0.11547 -0.99253 0.03938
vn 0.11921 -0.99253 0.02596
vn 0.12199 -0.99253 -0.00171
vn 0.13285 -0.99100 -0.01652
vn 0.11957 -0.99100 -0.06021
vn 0.08379 -0.99253 -0.08868
vn 0.07314 -0.99253 -0.09765
vn 0.04912 -0.99253 -0.11168
vn 0.03607 -0.99253 -0.11655
vn 0.00873 -0.99253 -0.12169
vn -0.00509 -0.99100 -0.13378
vn -0.04975 -0.99100 -0.12429
vn -0.08118 -0.99253 -0.09107
vn -0.09103 -0.99253 -0.08123
vn -0.10707 -0.99253 -0.05850
vn -0.11304 -0.99253 -0.04591
vn -0.12050 -0.99253 -0.01911
vn -0.12189 -0.99253 -0.00525
vn -0.12170 -0.99253 0.00867
vn -0.12809 -0.99100 0.03894
vn -0.10756 -0.99100 0.07972
vn -0.06744 -0.99253 0.10167
vn -0.05541 -0.99253 0.10869
vn -0.02936 -0.99253 0.11842
vn -0.01567 -0.99253 0.12099
vn -0.02939 0.99913 0.02967
vn -0.03258 0.99913 0.02613
vn -0.11816 0.98608 0.11702
vn -0.13073 0.98608 0.10279
vn -0.23414 0.94469 0.22965
vn -0.25879 0.94469 0.20146
vn -0.34360 0.87700 0.33587
vn -0.37965 0.87700 0.29452
vn -0.44349 0.78488 0.43275
vn -0.48993 0.78488 0.37937
vn -0.53103 0.67091 0.51757
vn -0.58657 0.67091 0.45366
vn -0.60379 0.53825 0.58798
vn -0.66688 0.53825 0.51532
vn -0.65973 0.39060 0.64202
vn -0.72861 0.39060 0.56263
vn -0.69730 0.23207 0.67817
vn -0.77006 0.23207 0.59427
vn -0.71544 0.06708 0.69544
vn -0.79005 0.06708 0.60936
vn -0.71366 -0.09978 0.69335
vn -0.78805 -0.09978 0.60748
vn -0.69201 -0.26386 0.67194
vn -0.76409 -0.26386 0.58867
vn -0.65108 -0.42060 0.63181
vn -0.71886 -0.42060 0.55348
vn -0.59203 -0.56561 0.57410
vn -0.65361 -0.56561 0.50287
vn -0.51648 -0.69488 0.50039
vn -0.57015 -0.69488 0.43826
vn -0.42655 -0.80479 0.41275
vn -0.47082 -0.80479 0.36144
vn -0.32475 -0.89229 0.31362
vn -0.35838 -0.89229 0.27456
vn -0.21390 -0.95494 0.20575
vn -0.23596 -0.95494 0.18003
vn -0.08243 -0.99358 0.07744
vn -0.04518 0.99874 0.02168
vn -0.03946 0.99913 0.01366
vn -0.15061 0.98608 0.07051
vn -0.15767 0.98608 0.05288
vn -0.29769 0.94469 0.13761
vn -0.31144 0.94469 0.10278
vn -0.43649 0.87700 0.20087
vn -0.45654 0.87700 0.14981
vn -0.56313 0.78488 0.25855
vn -0.58893 0.78488 0.19267
vn -0.67408 0.67091 0.30902
vn -0.70492 0.67091 0.23016
vn -0.76626 0.53826 0.35088
vn -0.80127 0.53825 0.26125
vn -0.83711 0.39061 0.38298
vn -0.87531 0.39060 0.28506
vn -0.88464 0.23208 0.40441
vn -0.92498 0.23207 0.30093
vn -0.90754 0.06708 0.41458
vn -0.94888 0.06708 0.30842
vn -0.90516 -0.09978 0.41320
vn -0.94636 -0.09978 0.30732
vn -0.87757 -0.26386 0.40031
vn -0.91748 -0.26386 0.29767
vn -0.82554 -0.42059 0.37628
vn -0.86305 -0.42059 0.27972
vn -0.75052 -0.56561 0.34176
vn -0.78459 -0.56561 0.25398
vn -0.65460 -0.69488 0.29773
vn -0.68427 -0.69488 0.22117
vn -0.54045 -0.80479 0.24540
vn -0.56490 -0.80479 0.18220
vn -0.41125 -0.89229 0.18625
vn -0.42980 -0.89229 0.13816
vn -0.27060 -0.95494 0.12190
vn -0.28274 -0.95494 0.09026
vn -0.10366 -0.99358 0.04524
vn -0.02122 0.99913 -0.03597
vn -0.01699 0.99913 -0.03815
vn -0.08314 0.98608 -0.14403
vn -0.06618 0.98608 -0.15256
vn -0.16258 0.94469 -0.28483
vn -0.12905 0.94469 -0.30150
vn -0.23749 0.87700 -0.41770
vn -0.18833 0.87700 -0.44205
vn -0.30579 0.78488 -0.53894
vn -0.24236 0.78488 -0.57028
vn -0.36557 0.67091 -0.64517
vn -0.28964 0.67091 -0.68263
vn -0.41517 0.53825 -0.73343
vn -0.32886 0.53825 -0.77597
vn -0.45321 0.39060 -0.80127
vn -0.35892 0.39060 -0.84771
vn -0.47863 0.23208 -0.84679
vn -0.37898 0.23207 -0.89583
vn -0.49072 0.06708 -0.86873
vn -0.38849 0.06708 -0.91901
vn -0.48914 -0.09978 -0.86648
vn -0.38718 -0.09978 -0.91659
vn -0.47394 -0.26386 -0.84009
vn -0.37509 -0.26386 -0.88864
vn -0.44554 -0.42060 -0.79031
vn -0.35255 -0.42059 -0.83595
vn -0.40473 -0.56561 -0.71852
vn -0.32019 -0.56561 -0.75997
vn -0.35265 -0.69488 -0.62672
vn -0.27891 -0.69488 -0.66283
vn -0.29075 -0.80479 -0.51747
vn -0.22987 -0.80479 -0.54724
vn -0.22076 -0.89229 -0.39381
vn -0.17443 -0.89229 -0.41640
vn -0.14461 -0.95494 -0.25918
vn -0.11413 -0.95494 -0.27397
vn -0.05394 -0.99358 -0.09941
vn -0.00790 0.99913 -0.04101
vn -0.00318 0.99913 -0.04164
vn -0.02991 0.98608 -0.16359
vn -0.01106 0.98608 -0.16593
vn -0.05741 0.94469 -0.32290
vn -0.02023 0.94469 -0.32734
vn -0.08331 0.87700 -0.47321
vn -0.02883 0.87700 -0.47963
vn -0.10690 0.78488 -0.61035
vn -0.03662 0.78488 -0.61856
vn -0.12750 0.67091 -0.73050
vn -0.04340 0.67091 -0.74027
vn -0.14456 0.53825 -0.83029
vn -0.04897 0.53825 -0.84136
vn -0.15759 0.39060 -0.90697
vn -0.05317 0.39060 -0.91902
vn -0.16623 0.23207 -0.95839
vn -0.05590 0.23208 -0.97109
vn -0.17024 0.06708 -0.98312
vn -0.05707 0.06708 -0.99611
vn -0.16951 -0.09978 -0.98046
vn -0.05665 -0.09978 -0.99340
vn -0.16407 -0.26386 -0.95050
vn -0.05465 -0.26386 -0.96301
vn -0.15405 -0.42059 -0.89407
vn -0.05113 -0.42060 -0.90581
vn -0.13974 -0.56561 -0.81275
vn -0.04618 -0.56561 -0.82338
vn -0.12154 -0.69488 -0.70878
vn -0.03995 -0.69488 -0.71802
vn -0.09995 -0.80479 -0.58508
vn -0.03260 -0.80479 -0.59266
vn -0.07558 -0.89229 -0.44509
vn -0.02435 -0.89229 -0.45081
vn -0.04911 -0.95494 -0.29270
vn -0.01542 -0.95494 -0.29639
vn -0.01740 -0.99358 -0.11175
vn 0.03402 0.99913 -0.02422
vn 0.03656 0.99913 -0.02019
vn 0.13638 0.98608 -0.09516
vn 0.14634 0.98608 -0.07900
vn 0.26987 0.94469 -0.18636
vn 0.28935 0.94469 -0.15438
vn 0.39584 0.87700 -0.27236
vn 0.42431 0.87700 -0.22546
vn 0.51079 0.78488 -0.35079
vn 0.54745 0.78488 -0.29027
vn 0.61152 0.67091 -0.41944
vn 0.65534 0.67091 -0.34700
vn 0.69521 0.53825 -0.47641
vn 0.74498 0.53825 -0.39406
vn 0.75954 0.39060 -0.52012
vn 0.81388 0.39060 -0.43014
vn 0.80273 0.23208 -0.54934
vn 0.86012 0.23207 -0.45425
vn 0.82355 0.06708 -0.56326
vn 0.88239 0.06708 -0.46571
vn 0.82144 -0.09978 -0.56149
vn 0.88009 -0.09978 -0.46420
vn 0.79645 -0.26386 -0.54409
vn 0.85329 -0.26386 -0.44976
vn 0.74929 -0.42059 -0.51154
vn 0.80271 -0.42059 -0.42279
vn 0.68125 -0.56561 -0.46474
vn 0.72979 -0.56561 -0.38405
vn 0.59424 -0.69488 -0.40499
vn 0.63654 -0.69488 -0.33461
vn 0.49069 -0.80479 -0.33397
vn 0.52556 -0.80479 -0.27586
vn 0.37347 -0.89229 -0.25365
vn 0.39995 -0.89229 -0.20942
vn 0.24585 -0.95494 -0.16626
vn 0.26320 -0.95494 -0.13716
vn 0.09443 -0.99358 -0.06225
vn 0.04018 0.99913 -0.01138
vn 0.04122 0.99913 -0.00673
vn 0.16043 0.98608 -0.04380
vn 0.16438 0.98608 -0.02522
vn 0.31680 0.94469 -0.08483
vn 0.32441 0.94469 -0.04817
vn 0.46435 0.87700 -0.12350
vn 0.47540 0.87700 -0.06977
vn 0.59896 0.78489 -0.15873
vn 0.61316 0.78488 -0.08942
vn 0.71691 0.67091 -0.18955
vn 0.73384 0.67091 -0.10659
vn 0.81488 0.53825 -0.21508
vn 0.83408 0.53825 -0.12079
vn 0.89016 0.39060 -0.23462
vn 0.91110 0.39060 -0.13162
vn 0.94065 0.23207 -0.24763
vn 0.96274 0.23208 -0.13879
vn 0.96494 0.06708 -0.25375
vn 0.98758 0.06708 -0.14210
vn 0.96236 -0.09978 -0.25280
vn 0.98490 -0.09978 -0.14145
vn 0.93298 -0.26386 -0.24480
vn 0.95480 -0.26386 -0.13686
vn 0.87761 -0.42059 -0.22999
vn 0.89811 -0.42060 -0.12845
vn 0.79781 -0.56561 -0.20878
vn 0.81641 -0.56561 -0.11647
vn 0.69578 -0.69488 -0.18174
vn 0.71196 -0.69488 -0.10125
vn 0.57438 -0.80479 -0.14965
vn 0.58769 -0.80479 -0.08320
vn 0.43699 -0.89229 -0.11339
vn 0.44707 -0.89229 -0.06284
vn 0.28743 -0.95494 -0.07398
vn 0.29399 -0.95494 -0.04073
vn 0.10986 -0.99358 -0.02690
vn 0.02705 0.99913 0.03182
vn 0.02324 0.99913 0.03470
vn 0.10648 0.98608 0.12774
vn 0.09123 0.98608 0.13904
vn 0.20877 0.94469 0.25293
vn 0.17858 0.94469 0.27508
vn 0.30524 0.87700 0.37108
vn 0.26095 0.87700 0.40346
vn 0.39321 0.78488 0.47890
vn 0.33606 0.78488 0.52060
vn 0.47023 0.67091 0.57338
vn 0.40180 0.67091 0.62324
vn 0.53415 0.53826 0.65189
vn 0.45636 0.53825 0.70853
vn 0.58321 0.39060 0.71225
vn 0.49822 0.39060 0.77409
vn 0.61602 0.23208 0.75277
vn 0.52619 0.23208 0.81809
vn 0.63167 0.06708 0.77233
vn 0.53951 0.06708 0.83930
vn 0.62973 -0.09978 0.77038
vn 0.53781 -0.09977 0.83714
vn 0.61025 -0.26386 0.74697
vn 0.52113 -0.26386 0.81167
vn 0.57378 -0.42060 0.70276
vn 0.48993 -0.42060 0.76359
vn 0.52133 -0.56561 0.63898
vn 0.44509 -0.56561 0.69424
vn 0.45436 -0.69488 0.55741
vn 0.38786 -0.69488 0.60557
vn 0.37473 -0.80479 0.46031
vn 0.31982 -0.80479 0.50002
vn 0.28468 -0.89229 0.35040
vn 0.24288 -0.89229 0.38056
vn 0.18669 -0.95494 0.23072
vn 0.15917 -0.95494 0.25050
vn 0.07010 -0.99358 0.08875
vn 0.01478 0.99913 0.03906
vn 0.01023 0.99913 0.04049
vn 0.05736 0.98608 0.15609
vn 0.03920 0.98608 0.16161
vn 0.11163 0.94469 0.30838
vn 0.07575 0.94469 0.31909
vn 0.16279 0.87700 0.45208
vn 0.11019 0.87700 0.46769
vn 0.20941 0.78488 0.58319
vn 0.14157 0.78489 0.60325
vn 0.25020 0.67091 0.69805
vn 0.16900 0.67091 0.72203
vn 0.28402 0.53825 0.79348
vn 0.19172 0.53825 0.82069
vn 0.30994 0.39060 0.86682
vn 0.20911 0.39060 0.89649
vn 0.32722 0.23207 0.91601
vn 0.22067 0.23208 0.94733
vn 0.33539 0.06709 0.93969
vn 0.22609 0.06708 0.97179
vn 0.33422 -0.09978 0.93720
vn 0.22521 -0.09978 0.96919
vn 0.32374 -0.26386 0.90861
vn 0.21806 -0.26386 0.93959
vn 0.30425 -0.42060 0.85471
vn 0.20484 -0.42060 0.88382
vn 0.27628 -0.56561 0.77701
vn 0.18591 -0.56561 0.80344
vn 0.24062 -0.69488 0.67768
vn 0.16180 -0.69488 0.70069
vn 0.19825 -0.80479 0.55946
vn 0.13319 -0.80479 0.57842
vn 0.15037 -0.89229 0.42568
vn 0.10087 -0.89229 0.44005
vn 0.09830 -0.95494 0.28004
vn 0.06574 -0.95494 0.28942
vn 0.03620 -0.99358 0.10715
vn 0.00080 0.99913 0.04175
vn -0.00397 0.99913 0.04157
vn 0.00157 0.98608 0.16629
vn -0.01739 0.98608 0.16539
vn 0.00151 0.94469 0.32796
vn -0.03589 0.94469 0.32599
vn 0.00140 0.87700 0.48049
vn -0.05338 0.87700 0.47752
vn 0.00125 0.78488 0.61964
vn -0.06939 0.78488 0.61575
vn 0.00107 0.67091 0.74154
vn -0.08347 0.67091 0.73683
vn 0.00086 0.53825 0.84278
vn -0.09522 0.53826 0.83739
vn 0.00062 0.39061 0.92056
vn -0.10432 0.39061 0.91463
vn 0.00037 0.23207 0.97270
vn -0.11051 0.23207 0.96640
vn 0.00011 0.06708 0.99775
vn -0.11363 0.06708 0.99126
vn -0.00016 -0.09978 0.99501
vn -0.11358 -0.09978 0.98851
vn -0.00042 -0.26386 0.96456
vn -0.11037 -0.26386 0.95823
vn -0.00067 -0.42060 0.90725
vn -0.10408 -0.42059 0.90126
vn -0.00090 -0.56561 0.82467
vn -0.09490 -0.56561 0.81919
vn -0.00111 -0.69488 0.71913
vn -0.08307 -0.69488 0.71431
vn -0.00128 -0.80479 0.59355
vn -0.06893 -0.80479 0.58954
vn -0.00142 -0.89229 0.45146
vn -0.05288 -0.89229 0.44836
vn -0.00152 -0.95494 0.29679
vn -0.03535 -0.95494 0.29468
vn -0.00158 -0.99100 0.13385
vn -0.00868 0.99913 0.04085
vn -0.03613 0.98608 0.16233
vn -0.07281 0.94469 0.31978
vn -0.10747 0.87700 0.46832
vn -0.13913 0.78488 0.60382
vn -0.16691 0.67091 0.72251
vn -0.19005 0.53825 0.82107
vn -0.20790 0.39060 0.89678
vn -0.21995 0.23207 0.94750
vn -0.22588 0.06708 0.97184
vn -0.22552 -0.09978 0.96912
vn -0.21888 -0.26386 0.93940
vn -0.20614 -0.42060 0.88352
vn -0.18766 -0.56561 0.80304
vn -0.16396 -0.69488 0.70019
vn -0.13569 -0.80479 0.57784
vn -0.10364 -0.89229 0.43941
vn -0.06871 -0.95494 0.28873
vn -0.04647 -0.99100 0.12554
vn -0.10117 -0.95494 0.27902
vn -0.15305 -0.89229 0.42473
vn -0.20067 -0.80479 0.55860
vn -0.24270 -0.69488 0.67693
vn -0.27798 -0.56561 0.77641
vn -0.30551 -0.42060 0.85426
vn -0.32453 -0.26386 0.90832
vn -0.33452 -0.09978 0.93709
vn -0.33519 0.06708 0.93976
vn -0.32653 0.23207 0.91625
vn -0.30877 0.39060 0.86723
vn -0.28241 0.53826 0.79406
vn -0.24819 0.67091 0.69877
vn -0.20705 0.78488 0.58403
vn -0.16015 0.87700 0.45302
vn -0.10879 0.94469 0.30939
vn -0.05440 0.98608 0.15715
vn -0.01328 0.99913 0.03959
vn -0.01771 0.99913 0.03782
vn -0.07196 0.98608 0.14992
vn -0.14335 0.94469 0.29497
vn -0.21075 0.87700 0.43181
vn -0.27228 0.78488 0.55662
vn -0.32622 0.67091 0.66593
vn -0.37108 0.53825 0.75669
vn -0.40561 0.39060 0.82638
vn -0.42884 0.23208 0.87306
vn -0.44013 0.06709 0.89542
vn -0.43916 -0.09978 0.89285
vn -0.42596 -0.26386 0.86541
vn -0.40090 -0.42060 0.81387
vn -0.36467 -0.56561 0.73966
vn -0.31829 -0.69488 0.64485
vn -0.26304 -0.80479 0.53209
vn -0.20047 -0.89229 0.40451
vn -0.13232 -0.95494 0.26567
vn -0.02190 0.99913 0.03556
vn -0.08858 0.98608 0.14074
vn -0.17604 0.94469 0.27671
vn -0.25860 0.87700 0.40497
vn -0.33395 0.78488 0.52195
vn -0.40001 0.67091 0.62440
vn -0.45492 0.53825 0.70946
vn -0.49717 0.39060 0.77476
vn -0.52557 0.23208 0.81848
vn -0.53933 0.06708 0.83942
vn -0.53808 -0.09978 0.83697
vn -0.52183 -0.26386 0.81121
vn -0.49106 -0.42060 0.76286
vn -0.44661 -0.56561 0.69327
vn -0.38972 -0.69488 0.60437
vn -0.32198 -0.80479 0.49864
vn -0.24527 -0.89229 0.37902
vn -0.16174 -0.95494 0.24885
vn -0.08596 -0.99100 0.10262
vn -0.18905 -0.95494 0.22879
vn -0.28688 -0.89229 0.34859
vn -0.37672 -0.80479 0.45868
vn -0.45607 -0.69488 0.55601
vn -0.52272 -0.56561 0.63784
vn -0.57482 -0.42060 0.70191
vn -0.61090 -0.26386 0.74644
vn -0.62998 -0.09978 0.77018
vn -0.63150 0.06708 0.77247
vn -0.61544 0.23208 0.75324
vn -0.58224 0.39060 0.71304
vn -0.53283 0.53825 0.65298
vn -0.46858 0.67091 0.57473
vn -0.39127 0.78488 0.48048
vn -0.30307 0.87700 0.37285
vn -0.20643 0.94469 0.25484
vn -0.10405 0.98608 0.12973
vn -0.02581 0.99913 0.03283
vn -0.11544 -0.99100 0.06777
vn -0.25494 -0.95494 0.15196
vn -0.38734 -0.89229 0.23191
vn -0.50895 -0.80479 0.30541
vn -0.61640 -0.69488 0.37041
vn -0.70667 -0.56561 0.42509
vn -0.77727 -0.42059 0.46793
vn -0.82622 -0.26386 0.49774
vn -0.85216 -0.09978 0.51368
vn -0.85436 0.06708 0.51533
vn -0.83278 0.23208 0.50262
vn -0.78800 0.39060 0.47591
vn -0.72127 0.53825 0.43595
vn -0.63447 0.67091 0.38384
vn -0.52998 0.78488 0.32105
vn -0.41074 0.87700 0.24932
vn -0.28007 0.94469 0.17065
vn -0.14159 0.98608 0.08722
vn -0.03535 0.99913 0.02224
vn -0.13150 -0.99100 0.02503
vn -0.29118 -0.95494 0.05745
vn -0.44275 -0.89229 0.08826
vn -0.58199 -0.80479 0.11662
vn -0.70502 -0.69488 0.14173
vn -0.80842 -0.56561 0.16289
vn -0.88931 -0.42060 0.17951
vn -0.94543 -0.26386 0.19114
vn -0.97522 -0.09978 0.19744
vn -0.97785 0.06708 0.19825
vn -0.95325 0.23207 0.19353
vn -0.90210 0.39060 0.18342
vn -0.82583 0.53825 0.16821
vn -0.72656 0.67091 0.14831
vn -0.60705 0.78488 0.12428
vn -0.47064 0.87700 0.09679
vn -0.32113 0.94469 0.06661
vn -0.16267 0.98608 0.03457
vn -0.04076 0.99913 0.00907
vn -0.04153 0.99913 0.00437
vn -0.16555 0.98608 0.01580
vn -0.32663 0.94469 0.02957
vn -0.47861 0.87700 0.04251
vn -0.61726 0.78488 0.05427
vn -0.73873 0.67091 0.06452
vn -0.83962 0.53825 0.07298
vn -0.91713 0.39060 0.07940
vn -0.96910 0.23207 0.08361
vn -0.99408 0.06708 0.08549
vn -0.99137 -0.09978 0.08499
vn -0.96106 -0.26386 0.08212
vn -0.90398 -0.42060 0.07697
vn -0.82172 -0.56561 0.06967
vn -0.71658 -0.69488 0.06044
vn -0.59149 -0.80479 0.04952
vn -0.44993 -0.89229 0.03722
vn -0.29583 -0.95494 0.02388
vn -0.29663 -0.95494 -0.01000
vn -0.45124 -0.89229 -0.01431
vn -0.59328 -0.80479 -0.01823
vn -0.71880 -0.69488 -0.02164
vn -0.82431 -0.56561 -0.02445
vn -0.90686 -0.42060 -0.02658
vn -0.96415 -0.26386 -0.02796
vn -0.99460 -0.09978 -0.02857
vn -0.99734 0.06708 -0.02839
vn -0.97231 0.23207 -0.02741
vn -0.92020 0.39060 -0.02567
vn -0.84246 0.53825 -0.02321
vn -0.74127 0.67091 -0.02011
vn -0.61942 0.78488 -0.01644
vn -0.48033 0.87700 -0.01232
vn -0.32787 0.94469 -0.00786
vn -0.16627 0.98608 -0.00318
vn -0.04176 0.99913 -0.00040
vn -0.04144 0.99913 -0.00515
vn -0.16482 0.98608 -0.02211
vn -0.32483 0.94469 -0.04518
vn -0.47580 0.87700 -0.06700
vn -0.61351 0.78489 -0.08695
vn -0.73414 0.67091 -0.10447
vn -0.83433 0.53825 -0.11909
vn -0.91128 0.39060 -0.13039
vn -0.96285 0.23208 -0.13806
vn -0.98761 0.06708 -0.14189
vn -0.98486 -0.09978 -0.14176
vn -0.95468 -0.26386 -0.13769
vn -0.89792 -0.42060 -0.12978
vn -0.81615 -0.56561 -0.11825
vn -0.71165 -0.69488 -0.10344
vn -0.58733 -0.80479 -0.08574
vn -0.44666 -0.89229 -0.06566
vn -0.29355 -0.95494 -0.04375
vn -0.12905 -0.99100 -0.03556
vn -0.28665 -0.95494 -0.07692
vn -0.43627 -0.89229 -0.11615
vn -0.57373 -0.80479 -0.15213
vn -0.69522 -0.69488 -0.18389
vn -0.79735 -0.56561 -0.21052
vn -0.87727 -0.42059 -0.23129
vn -0.93276 -0.26386 -0.24562
vn -0.96228 -0.09978 -0.25310
vn -0.96500 0.06708 -0.25354
vn -0.94084 0.23207 -0.24692
vn -0.89047 0.39061 -0.23342
vn -0.81531 0.53825 -0.21342
vn -0.71745 0.67091 -0.18748
vn -0.59960 0.78488 -0.15631
vn -0.46506 0.87700 -0.12080
vn -0.31757 0.94469 -0.08192
vn -0.16123 0.98608 -0.04075
vn -0.04058 0.99913 -0.00984
vn -0.03920 0.99913 -0.01441
vn -0.15553 0.98608 -0.05887
vn -0.30616 0.94469 -0.11758
vn -0.44826 0.87700 -0.17302
vn -0.57788 0.78488 -0.22365
vn -0.69140 0.67091 -0.26804
vn -0.78567 0.53825 -0.30497
vn -0.85806 0.39060 -0.33341
vn -0.90656 0.23207 -0.35256
vn -0.92980 0.06708 -0.36189
vn -0.92716 -0.09978 -0.36114
vn -0.89869 -0.26386 -0.35034
vn -0.84519 -0.42059 -0.32978
vn -0.76815 -0.56561 -0.30004
vn -0.66973 -0.69488 -0.26194
vn -0.55265 -0.80479 -0.21654
vn -0.42018 -0.89229 -0.16512
vn -0.27602 -0.95494 -0.10910
vn -0.03730 0.99913 -0.01878
vn -0.14781 0.98608 -0.07621
vn -0.29076 0.94469 -0.15171
vn -0.42561 0.87700 -0.22299
vn -0.54862 0.78488 -0.28806
vn -0.65634 0.67091 -0.34511
vn -0.74578 0.53825 -0.39254
vn -0.81446 0.39060 -0.42905
vn -0.86046 0.23207 -0.45360
vn -0.88249 0.06708 -0.46552
vn -0.87994 -0.09978 -0.46448
vn -0.85289 -0.26386 -0.45050
vn -0.80209 -0.42059 -0.42398
vn -0.72895 -0.56561 -0.38564
vn -0.63550 -0.69488 -0.33657
vn -0.52436 -0.80479 -0.27813
vn -0.39862 -0.89229 -0.21194
vn -0.26178 -0.95494 -0.13985
vn -0.10960 -0.99100 -0.07686
vn -0.24413 -0.95494 -0.16878
vn -0.37187 -0.89229 -0.25600
vn -0.48924 -0.80479 -0.33609
vn -0.59299 -0.69488 -0.40682
vn -0.68023 -0.56561 -0.46622
vn -0.74853 -0.42059 -0.51264
vn -0.79598 -0.26386 -0.54479
vn -0.82126 -0.09978 -0.56176
vn -0.82367 0.06708 -0.56308
vn -0.80314 0.23207 -0.54873
vn -0.76025 0.39060 -0.51909
vn -0.69618 0.53825 -0.47500
vn -0.61272 0.67091 -0.41767
vn -0.51220 0.78488 -0.34872
vn -0.39742 0.87700 -0.27005
vn -0.27157 0.94469 -0.18387
vn -0.13816 0.98608 -0.09256
vn -0.03492 0.99913 -0.02291
vn -0.03208 0.99913 -0.02674
vn -0.12671 0.98608 -0.10771
vn -0.24884 0.94469 -0.21363
vn -0.36405 0.87700 -0.31360
vn -0.46911 0.78488 -0.40483
vn -0.56112 0.67091 -0.48480
vn -0.63749 0.53825 -0.55126
vn -0.69612 0.39060 -0.60237
vn -0.73536 0.23207 -0.63670
vn -0.75412 0.06708 -0.65331
vn -0.75187 -0.09978 -0.65171
vn -0.72869 -0.26386 -0.63197
vn -0.68521 -0.42060 -0.59463
vn -0.62266 -0.56561 -0.54073
vn -0.54275 -0.69488 -0.47176
vn -0.44774 -0.80479 -0.38967
vn -0.34026 -0.89229 -0.29672
vn -0.22330 -0.95494 -0.19551
vn -0.02882 0.99913 -0.03022
vn -0.11360 0.98608 -0.12145
vn -0.22287 0.94469 -0.24060
vn -0.32592 0.87700 -0.35305
vn -0.41991 0.78488 -0.45567
vn -0.50220 0.67091 -0.54560
vn -0.57050 0.53825 -0.62033
vn -0.62292 0.39060 -0.67779
vn -0.65799 0.23207 -0.71638
vn -0.67473 0.06708 -0.73501
vn -0.67268 -0.09978 -0.73317
vn -0.65190 -0.26386 -0.71092
vn -0.61297 -0.42059 -0.66886
vn -0.55696 -0.56561 -0.60818
vn -0.48544 -0.69488 -0.53056
vn -0.40040 -0.80479 -0.43816
vn -0.30422 -0.89229 -0.33357
vn -0.19956 -0.95494 -0.21969
vn -0.07740 -0.99100 -0.10922
vn -0.17322 -0.95494 -0.24100
vn -0.26421 -0.89229 -0.36608
vn -0.34784 -0.80479 -0.48095
vn -0.42180 -0.69488 -0.58244
vn -0.48400 -0.56561 -0.66770
vn -0.53273 -0.42059 -0.73437
vn -0.56661 -0.26386 -0.78059
vn -0.58472 -0.09978 -0.80507
vn -0.58655 0.06708 -0.80713
vn -0.57204 0.23208 -0.78671
vn -0.54159 0.39060 -0.74438
vn -0.49607 0.53825 -0.68132
vn -0.43673 0.67091 -0.59929
vn -0.36523 0.78488 -0.50057
vn -0.28356 0.87700 -0.38790
vn -0.19399 0.94469 -0.26444
vn -0.09902 0.98608 -0.13361
vn -0.02519 0.99913 -0.03331
vn -0.03619 -0.99100 -0.12888
vn -0.08215 -0.95494 -0.28520
vn -0.12583 -0.89229 -0.43357
vn -0.16599 -0.80479 -0.56987
vn -0.20154 -0.69488 -0.69031
vn -0.23147 -0.56561 -0.79152
vn -0.25496 -0.42060 -0.87069
vn -0.27135 -0.26386 -0.92561
vn -0.28017 -0.09978 -0.95475
vn -0.28120 0.06708 -0.95730
vn -0.27440 0.23207 -0.93319
vn -0.25995 0.39060 -0.88309
vn -0.23826 0.53825 -0.80840
vn -0.20994 0.67091 -0.71120
vn -0.17577 0.78488 -0.59419
vn -0.13671 0.87700 -0.46063
vn -0.09384 0.94469 -0.31425
vn -0.04836 0.98608 -0.15911
vn -0.01253 0.99913 -0.03984
vn 0.00191 0.99874 -0.05008
vn 0.00792 0.98608 -0.16611
vn 0.01722 0.94469 -0.32751
vn 0.02603 0.87700 -0.47979
vn 0.03413 0.78488 -0.61870
vn 0.04127 0.67091 -0.74039
vn 0.04726 0.53825 -0.84146
vn 0.05193 0.39061 -0.91909
vn 0.05516 0.23207 -0.97113
vn 0.05685 0.06708 -0.99613
vn 0.05696 -0.09978 -0.99338
vn 0.05548 -0.26386 -0.96296
vn 0.05246 -0.42060 -0.90573
vn 0.04798 -0.56561 -0.82328
vn 0.04216 -0.69488 -0.71789
vn 0.03517 -0.80479 -0.59251
vn 0.02719 -0.89229 -0.45064
vn 0.01846 -0.95494 -0.29622
vn 0.02438 -0.99100 -0.13162
vn 0.05211 -0.95494 -0.29218
vn 0.07839 -0.89229 -0.44461
vn 0.10248 -0.80479 -0.58464
vn 0.12372 -0.69488 -0.70840
vn 0.14151 -0.56561 -0.81244
vn 0.15537 -0.42060 -0.89385
vn 0.16489 -0.26386 -0.95036
vn 0.16983 -0.09978 -0.98041
vn 0.17003 0.06708 -0.98315
vn 0.16550 0.23207 -0.95851
vn 0.15636 0.39060 -0.90718
vn 0.14287 0.53825 -0.83059
vn 0.12540 0.67091 -0.73086
vn 0.10443 0.78488 -0.61078
vn 0.08056 0.87700 -0.47369
vn 0.05444 0.94469 -0.32341
vn 0.02681 0.98608 -0.16412
vn 0.00634 0.99913 -0.04128
vn 0.01100 0.99913 -0.04029
vn 0.04534 0.98608 -0.16000
vn 0.09095 0.94469 -0.31510
vn 0.13403 0.87700 -0.46142
vn 0.17337 0.78488 -0.59490
vn 0.20789 0.67091 -0.71180
vn 0.23662 0.53825 -0.80889
vn 0.25875 0.39061 -0.88344
vn 0.27369 0.23207 -0.93340
vn 0.28100 0.06708 -0.95736
vn 0.28048 -0.09978 -0.95466
vn 0.27215 -0.26386 -0.92537
vn 0.25624 -0.42060 -0.87031
vn 0.23320 -0.56561 -0.79101
vn 0.20366 -0.69488 -0.68968
vn 0.16845 -0.80479 -0.56915
vn 0.12856 -0.89229 -0.43277
vn 0.08508 -0.95494 -0.28434
vn 0.01552 0.99913 -0.03877
vn 0.06328 0.98608 -0.15379
vn 0.12628 0.94469 -0.30268
vn 0.18575 0.87700 -0.44313
vn 0.24006 0.78488 -0.57125
vn 0.28767 0.67091 -0.68346
vn 0.32728 0.53825 -0.77664
vn 0.35777 0.39060 -0.84819
vn 0.37830 0.23207 -0.89612
vn 0.38829 0.06708 -0.91909
vn 0.38747 -0.09978 -0.91647
vn 0.37586 -0.26386 -0.88832
vn 0.35378 -0.42060 -0.83543
vn 0.32185 -0.56561 -0.75927
vn 0.28095 -0.69488 -0.66197
vn 0.23223 -0.80479 -0.54624
vn 0.17705 -0.89229 -0.41530
vn 0.11694 -0.95494 -0.27279
vn 0.06720 -0.99100 -0.11577
vn 0.14727 -0.95494 -0.25768
vn 0.22324 -0.89229 -0.39241
vn 0.29299 -0.80479 -0.51620
vn 0.35458 -0.69488 -0.62563
vn 0.40630 -0.56561 -0.71764
vn 0.44671 -0.42060 -0.78965
vn 0.47467 -0.26386 -0.83968
vn 0.48942 -0.09978 -0.86632
vn 0.49053 0.06708 -0.86884
vn 0.47799 0.23208 -0.84715
vn 0.45213 0.39060 -0.80188
vn 0.41368 0.53825 -0.73427
vn 0.36371 0.67091 -0.64622
vn 0.30361 0.78488 -0.54017
vn 0.23505 0.87700 -0.41907
vn 0.15996 0.94469 -0.28631
vn 0.08040 0.98608 -0.14557
vn 0.01984 0.99913 -0.03675
vn 0.02390 0.99913 -0.03425
vn 0.09647 0.98608 -0.13546
vn 0.19155 0.94469 -0.26621
vn 0.28129 0.87700 -0.38955
vn 0.36320 0.78488 -0.50204
vn 0.43500 0.67091 -0.60054
vn 0.49468 0.53825 -0.68233
vn 0.54059 0.39060 -0.74511
vn 0.57144 0.23207 -0.78715
vn 0.58637 0.06708 -0.80726
vn 0.58498 -0.09978 -0.80489
vn 0.56729 -0.26386 -0.78010
vn 0.53381 -0.42060 -0.73359
vn 0.48546 -0.56561 -0.66664
vn 0.42359 -0.69488 -0.58114
vn 0.34992 -0.80479 -0.47944
vn 0.26651 -0.89229 -0.36440
vn 0.17568 -0.95494 -0.23921
vn 0.02765 0.99913 -0.03130
vn 0.11128 0.98608 -0.12358
vn 0.22065 0.94469 -0.24264
vn 0.32386 0.87700 -0.35494
vn 0.41806 0.78488 -0.45736
vn 0.50062 0.67091 -0.54705
vn 0.56924 0.53825 -0.62149
vn 0.62200 0.39060 -0.67863
vn 0.65744 0.23207 -0.71688
vn 0.67457 0.06708 -0.73515
vn 0.67292 -0.09978 -0.73296
vn 0.65252 -0.26386 -0.71035
vn 0.61395 -0.42060 -0.66795
vn 0.55828 -0.56561 -0.60696
vn 0.48707 -0.69488 -0.52906
vn 0.40229 -0.80479 -0.43643
vn 0.30631 -0.89229 -0.33165
vn 0.20181 -0.95494 -0.21763
vn 0.10220 -0.99100 -0.08646
vn 0.22530 -0.95494 -0.19320
vn 0.34212 -0.89229 -0.29457
vn 0.44942 -0.80479 -0.38773
vn 0.54421 -0.69488 -0.47009
vn 0.62383 -0.56561 -0.53936
vn 0.68609 -0.42060 -0.59362
vn 0.72924 -0.26386 -0.63134
vn 0.75208 -0.09978 -0.65147
vn 0.75398 0.06708 -0.65347
vn 0.73487 0.23207 -0.63726
vn 0.69531 0.39060 -0.60331
vn 0.63637 0.53826 -0.55255
vn 0.55972 0.67091 -0.48641
vn 0.46748 0.78488 -0.40673
vn 0.36221 0.87700 -0.31571
vn 0.24687 0.94469 -0.21591
vn 0.12465 0.98608 -0.11009
vn 0.03103 0.99913 -0.02794
vn 0.12531 -0.99100 -0.04709
vn 0.27712 -0.95494 -0.10626
vn 0.42122 -0.89229 -0.16247
vn 0.55358 -0.80479 -0.21415
vn 0.67053 -0.69488 -0.25987
vn 0.76881 -0.56561 -0.29836
vn 0.84568 -0.42059 -0.32853
vn 0.89899 -0.26386 -0.34956
vn 0.92727 -0.09978 -0.36085
vn 0.92973 0.06708 -0.36209
vn 0.90629 0.23207 -0.35325
vn 0.85761 0.39060 -0.33456
vn 0.78505 0.53825 -0.30657
vn 0.69062 0.67091 -0.27003
vn 0.57697 0.78488 -0.22598
vn 0.44724 0.87700 -0.17563
vn 0.30506 0.94469 -0.12039
vn 0.15439 0.98608 -0.06180
vn 0.03862 0.99913 -0.01589
vn 0.29671 -0.95494 -0.00695
vn 0.45132 -0.89229 -0.01147
vn 0.59335 -0.80479 -0.01567
vn 0.71887 -0.69488 -0.01943
vn 0.82436 -0.56561 -0.02265
vn 0.90690 -0.42060 -0.02524
vn 0.96418 -0.26387 -0.02712
vn 0.99461 -0.09978 -0.02825
vn 0.99734 0.06708 -0.02860
vn 0.97229 0.23207 -0.02815
vn 0.92017 0.39060 -0.02691
vn 0.84241 0.53825 -0.02492
vn 0.74120 0.67091 -0.02224
vn 0.61935 0.78488 -0.01894
vn 0.48026 0.87700 -0.01512
vn 0.32778 0.94469 -0.01087
vn 0.16618 0.98608 -0.00632
vn 0.04171 0.99913 -0.00199
vn 0.13323 -0.99100 0.01303
vn 0.29557 -0.95494 0.02692
vn 0.44968 -0.89229 0.04005
vn 0.59127 -0.80479 0.05207
vn 0.71640 -0.69488 0.06264
vn 0.82157 -0.56561 0.07147
vn 0.90386 -0.42059 0.07830
vn 0.96099 -0.26387 0.08296
vn 0.99135 -0.09978 0.08531
vn 0.99410 0.06708 0.08528
vn 0.96916 0.23208 0.08287
vn 0.91724 0.39060 0.07816
vn 0.83976 0.53825 0.07127
vn 0.73891 0.67091 0.06239
vn 0.61748 0.78488 0.05178
vn 0.47885 0.87700 0.03972
vn 0.32689 0.94469 0.02656
vn 0.16582 0.98608 0.01266
vn 0.04167 0.99913 0.00278
vn 0.04108 0.99913 0.00751
vn 0.16329 0.98608 0.03148
vn 0.32173 0.94469 0.06365
vn 0.47120 0.87700 0.09405
vn 0.60755 0.78488 0.12183
vn 0.72698 0.67091 0.14621
vn 0.82617 0.53825 0.16653
vn 0.90235 0.39060 0.18221
vn 0.95340 0.23207 0.19281
vn 0.97790 0.06708 0.19804
vn 0.97516 -0.09978 0.19775
vn 0.94527 -0.26386 0.19196
vn 0.88905 -0.42059 0.18083
vn 0.80807 -0.56561 0.16465
vn 0.70458 -0.69488 0.14390
vn 0.58148 -0.80479 0.11913
vn 0.44218 -0.89229 0.09105
vn 0.29058 -0.95494 0.06043
vn 0.03996 0.99913 0.01215
vn 0.15864 0.98608 0.04989
vn 0.31237 0.94469 0.09991
vn 0.45741 0.87700 0.14715
vn 0.58970 0.78488 0.19029
vn 0.70558 0.67091 0.22813
vn 0.80180 0.53825 0.25962
vn 0.87570 0.39060 0.28388
vn 0.92520 0.23208 0.30023
vn 0.94895 0.06708 0.30822
vn 0.94626 -0.09978 0.30763
vn 0.91722 -0.26386 0.29847
vn 0.86264 -0.42059 0.28099
vn 0.78403 -0.56561 0.25569
vn 0.68359 -0.69488 0.22328
vn 0.56411 -0.80479 0.18464
vn 0.42892 -0.89229 0.14086
vn 0.28179 -0.95494 0.09316
vn 0.12110 -0.99100 0.05704
vn 0.26934 -0.95494 0.12468
vn 0.41007 -0.89229 0.18884
vn 0.53938 -0.80479 0.24774
vn 0.65368 -0.69488 0.29974
vn 0.74977 -0.56561 0.34340
vn 0.82499 -0.42059 0.37749
vn 0.87722 -0.26386 0.40107
vn 0.90503 -0.09978 0.41349
vn 0.90763 0.06708 0.41438
vn 0.88495 0.23207 0.40374
vn 0.83763 0.39061 0.38185
vn 0.76698 0.53825 0.34932
vn 0.67497 0.67091 0.30707
vn 0.56417 0.78488 0.25627
vn 0.43765 0.87700 0.19833
vn 0.29895 0.94469 0.13487
vn 0.15192 0.98608 0.06765
vn 0.03831 0.99913 0.01662
vn 0.04340 0.99874 0.02506
vn 0.14322 0.98608 0.08452
vn 0.28163 0.94469 0.16807
vn 0.41219 0.87700 0.24692
vn 0.53128 0.78488 0.31891
vn 0.63557 0.67091 0.38201
vn 0.72216 0.53825 0.43448
vn 0.78864 0.39060 0.47484
vn 0.83316 0.23207 0.50198
vn 0.85448 0.06708 0.51514
vn 0.85199 -0.09978 0.51396
vn 0.82578 -0.26386 0.49846
vn 0.77658 -0.42059 0.46907
vn 0.70574 -0.56561 0.42663
vn 0.61525 -0.69488 0.37230
vn 0.50763 -0.80479 0.30761
vn 0.38587 -0.89229 0.23435
vn 0.25337 -0.95494 0.15457
vn 0.03355 0.99913 0.02487
vn 0.13265 0.98608 0.10030
vn 0.26063 0.94469 0.19907
vn 0.38135 0.87700 0.29230
vn 0.49146 0.78488 0.37739
vn 0.58788 0.67091 0.45197
vn 0.66793 0.53825 0.51397
vn 0.72937 0.39060 0.56165
vn 0.77051 0.23208 0.59368
vn 0.79018 0.06708 0.60919
vn 0.78785 -0.09977 0.60773
vn 0.76358 -0.26386 0.58934
vn 0.71804 -0.42060 0.55454
vn 0.65251 -0.56562 0.50430
vn 0.56880 -0.69488 0.44001
vn 0.46926 -0.80479 0.36347
vn 0.35664 -0.89229 0.27681
vn 0.23410 -0.95494 0.18244
vn 0.09489 -0.99100 0.09442
vn 0.21178 -0.95494 0.20794
vn 0.32276 -0.89229 0.31566
vn 0.42476 -0.80479 0.41459
vn 0.51494 -0.69488 0.50198
vn 0.59077 -0.56561 0.57539
vn 0.65015 -0.42060 0.63277
vn 0.69142 -0.26386 0.67254
vn 0.71344 -0.09978 0.69357
vn 0.71559 0.06708 0.69529
vn 0.69781 0.23207 0.67764
vn 0.66059 0.39060 0.64113
vn 0.60498 0.53825 0.58675
vn 0.53253 0.67091 0.51604
vn 0.44524 0.78488 0.43095
vn 0.34555 0.87700 0.33387
vn 0.23624 0.94469 0.22748
vn 0.12035 0.98608 0.11477
vn 0.03050 0.99913 0.02853
vn 0.05764 -0.99100 0.12082
vn 0.12958 -0.95494 0.26701
vn 0.19792 -0.89229 0.40577
vn 0.26074 -0.80479 0.53322
vn 0.31630 -0.69488 0.64583
vn 0.36305 -0.56561 0.74045
vn 0.39970 -0.42060 0.81446
vn 0.42521 -0.26386 0.86578
vn 0.43888 -0.09978 0.89299
vn 0.44032 0.06708 0.89533
vn 0.42951 0.23208 0.87273
vn 0.40673 0.39060 0.82583
vn 0.37262 0.53825 0.75593
vn 0.32814 0.67091 0.66498
vn 0.27452 0.78488 0.55552
vn 0.21326 0.87700 0.43057
vn 0.14605 0.94469 0.29364
vn 0.07478 0.98608 0.14854
vn 0.01914 0.99913 0.03712
vn 0.01369 -0.99100 0.13316
vn 0.03232 -0.95494 0.29503
vn 0.05005 -0.89229 0.44868
vn 0.06639 -0.80479 0.58983
vn 0.08087 -0.69488 0.71456
vn 0.09311 -0.56561 0.81940
vn 0.10275 -0.42060 0.90141
vn 0.10953 -0.26386 0.95832
vn 0.11327 -0.09978 0.98854
vn 0.11384 0.06708 0.99123
vn 0.11125 0.23208 0.96632
vn 0.10555 0.39061 0.91449
vn 0.09692 0.53826 0.83719
vn 0.08559 0.67091 0.73658
vn 0.07188 0.78488 0.61546
vn 0.05616 0.87700 0.47720
vn 0.03888 0.94469 0.32565
vn 0.02052 0.98608 0.16503
vn 0.00555 0.99913 0.04139
vn -0.40868 0.88448 0.22511
vn -0.44364 0.83727 0.31962
vn -0.40188 0.83727 0.37076
vn -0.35426 0.83727 0.41650
vn -0.30148 0.83727 0.45617
vn -0.24429 0.83727 0.48918
vn -0.18355 0.83727 0.51506
vn -0.12013 0.83727 0.53343
vn -0.05495 0.83727 0.54402
vn 0.01102 0.83727 0.54667
vn 0.07684 0.83727 0.54136
vn 0.14153 0.83727 0.52815
vn 0.20416 0.83727 0.50724
vn 0.26381 0.83727 0.47893
vn 0.31962 0.83727 0.44364
vn 0.37076 0.83727 0.40188
vn 0.41650 0.83727 0.35426
vn 0.45617 0.83727 0.30148
vn 0.41742 0.88448 0.20846
vn -0.00941 0.88448 -0.46648
vn -0.07684 0.83727 -0.54136
vn -0.14153 0.83727 -0.52815
vn -0.20416 0.83727 -0.50724
vn -0.26381 0.83727 -0.47893
vn -0.31962 0.83727 -0.44364
vn -0.37076 0.83727 -0.40188
vn -0.41650 0.83727 -0.35426
vn -0.45617 0.83727 -0.30148
vn -0.48918 0.83727 -0.24429
vn -0.51506 0.83727 -0.18355
vn -0.53343 0.83727 -0.12013
vn -0.54402 0.83727 -0.05495
vn -0.54667 0.83727 0.01102
vn -0.54136 0.83727 0.07684
vn -0.52815 0.83727 0.14153
vn -0.50724 0.83727 0.20416
vn 0.51506 0.83727 0.18355
vn 0.53343 0.83727 0.12013
vn 0.54402 0.83727 0.05495
vn 0.54667 0.83727 -0.01102
vn 0.54136 0.83727 -0.07684
vn 0.52815 0.83727 -0.14153
vn 0.50724 0.83727 -0.20416
vn 0.47893 0.83727 -0.26381
vn 0.44364 0.83727 -0.31962
vn 0.40188 0.83727 -0.37076
vn 0.35426 0.83727 -0.41650
vn 0.30148 0.83727 -0.45617
vn 0.24429 0.83727 -0.48918
vn 0.18355 0.83727 -0.51506
vn 0.12013 0.83727 -0.53343
vn 0.05495 0.83727 -0.54402
vn -0.24359 -0.18216 0.95262
vn -0.12699 -0.18216 0.97503
vn -0.12899 -0.69851 0.70388
vn -0.09949 -0.91237 0.39709
vn -0.21302 -0.69806 0.68362
vn -0.35664 -0.18216 0.91631
vn -0.14610 -0.91225 0.38269
vn -0.29398 -0.69780 0.65318
vn -0.46449 -0.18216 0.86664
vn -0.19062 -0.91220 0.36271
vn -0.37060 -0.69774 0.61304
vn -0.56557 -0.18216 0.80433
vn -0.32248 -0.82267 0.46821
vn -0.35341 -0.82098 0.44844
vn -0.65839 -0.18216 0.73030
vn -0.37769 -0.82164 0.42692
vn -0.40500 -0.82051 0.40340
vn -0.74162 -0.18216 0.64561
vn -0.42723 -0.82096 0.37881
vn -0.45052 -0.82037 0.35218
vn -0.80976 -0.17884 0.55884
vn -0.59680 -0.69980 0.39257
vn -0.87458 -0.18216 0.44937
vn -0.36288 -0.91278 0.18750
vn -0.65218 -0.69894 0.29352
vn -0.92236 -0.18216 0.34067
vn -0.38320 -0.91250 0.14319
vn -0.68336 -0.69834 0.21294
vn -0.95670 -0.18216 0.22701
vn -0.39789 -0.91232 0.09668
vn -0.70442 -0.69795 0.12909
vn -0.97709 -0.18216 0.11004
vn -0.40678 -0.91223 0.04871
vn -0.71502 -0.69776 0.04325
vn -0.98323 -0.18216 -0.00854
vn -0.40976 -0.91220 0.00000
vn -0.71502 -0.69776 -0.04325
vn -0.97503 -0.18216 -0.12699
vn -0.56499 -0.82228 -0.06808
vn -0.56161 -0.82078 -0.10442
vn -0.95262 -0.18216 -0.24359
vn -0.55390 -0.82138 -0.13617
vn -0.54557 -0.82043 -0.17102
vn -0.91631 -0.18216 -0.35664
vn -0.53415 -0.82081 -0.20237
vn -0.52125 -0.82039 -0.23509
vn -0.87114 -0.17884 -0.45731
vn -0.62496 -0.69976 -0.34606
vn -0.80433 -0.18216 -0.56557
vn -0.33497 -0.91267 -0.23415
vn -0.56315 -0.69871 -0.44120
vn -0.73030 -0.18216 -0.65839
vn -0.30513 -0.91243 -0.27270
vn -0.50623 -0.69819 -0.50623
vn -0.64561 -0.18216 -0.74162
vn -0.27074 -0.91228 -0.30731
vn -0.44171 -0.69787 -0.56380
vn -0.55151 -0.18216 -0.81403
vn -0.23238 -0.91221 -0.33746
vn -0.37060 -0.69774 -0.61304
vn -0.44937 -0.18216 -0.87458
vn -0.26448 -0.82310 -0.50255
vn -0.23254 -0.82121 -0.52110
vn -0.34068 -0.18216 -0.92236
vn -0.20240 -0.82194 -0.53240
vn -0.16877 -0.82063 -0.54597
vn -0.22701 -0.18216 -0.95670
vn -0.13686 -0.82115 -0.55406
vn -0.10229 -0.82038 -0.56259
vn -0.11851 -0.17884 -0.97672
vn -0.07028 -0.69987 -0.71081
vn 0.00009 -0.17884 -0.98388
vn 0.01598 -0.82082 -0.57097
vn 0.12699 -0.18216 -0.97503
vn 0.05148 -0.91258 -0.40565
vn 0.12899 -0.69851 -0.70388
vn 0.24359 -0.18216 -0.95262
vn 0.09949 -0.91237 -0.39709
vn 0.21302 -0.69806 -0.68362
vn 0.35664 -0.18216 -0.91631
vn 0.14611 -0.91225 -0.38269
vn 0.29397 -0.69780 -0.65318
vn 0.46449 -0.18216 -0.86664
vn 0.19062 -0.91220 -0.36271
vn 0.37060 -0.69774 -0.61304
vn 0.56557 -0.18216 -0.80433
vn 0.32248 -0.82267 -0.46821
vn 0.35341 -0.82098 -0.44844
vn 0.65839 -0.18216 -0.73030
vn 0.37769 -0.82164 -0.42692
vn 0.40500 -0.82051 -0.40340
vn 0.74162 -0.18216 -0.64561
vn 0.42723 -0.82096 -0.37881
vn 0.45053 -0.82037 -0.35218
vn 0.80977 -0.17884 -0.55884
vn 0.59680 -0.69980 -0.39256
vn 0.87458 -0.18216 -0.44937
vn 0.36288 -0.91278 -0.18750
vn 0.65218 -0.69894 -0.29352
vn 0.92236 -0.18216 -0.34068
vn 0.38320 -0.91250 -0.14319
vn 0.68336 -0.69834 -0.21294
vn 0.95670 -0.18216 -0.22701
vn 0.39789 -0.91232 -0.09668
vn 0.70441 -0.69795 -0.12909
vn 0.97709 -0.18216 -0.11004
vn 0.40678 -0.91223 -0.04871
vn 0.71502 -0.69776 -0.04325
vn 0.98323 -0.18216 0.00854
vn 0.40976 -0.91220 0.00000
vn 0.71502 -0.69776 0.04325
vn 0.97503 -0.18216 0.12699
vn 0.56499 -0.82228 0.06809
vn 0.56161 -0.82078 0.10442
vn 0.95262 -0.18216 0.24359
vn 0.55390 -0.82137 0.13617
vn 0.54557 -0.82043 0.17101
vn 0.91631 -0.18216 0.35664
vn 0.53415 -0.82081 0.20237
vn 0.52125 -0.82039 0.23508
vn 0.87114 -0.17884 0.45731
vn 0.62497 -0.69976 0.34605
vn 0.80433 -0.18216 0.56556
vn 0.33497 -0.91267 0.23415
vn 0.56315 -0.69871 0.44120
vn 0.73030 -0.18216 0.65839
vn 0.30513 -0.91243 0.27270
vn 0.50623 -0.69819 0.50623
vn 0.64561 -0.18216 0.74162
vn 0.27074 -0.91228 0.30731
vn 0.44171 -0.69787 0.56380
vn 0.55151 -0.18216 0.81403
vn 0.23238 -0.91221 0.33746
vn 0.37060 -0.69774 0.61304
vn 0.44937 -0.18216 0.87458
vn 0.26448 -0.82310 0.50255
vn 0.23254 -0.82121 0.52110
vn 0.34068 -0.18216 0.92236
vn 0.20240 -0.82194 0.53240
vn 0.16877 -0.82063 0.54597
vn 0.22701 -0.18216 0.95670
vn 0.13686 -0.82115 0.55406
vn 0.10230 -0.82038 0.56259
vn 0.11851 -0.17884 0.97671
vn 0.07028 -0.69987 0.71081
vn -0.00009 -0.17884 0.98388
vn -0.01598 -0.82082 0.57097
vn -0.05148 -0.91258 0.40565
vn 0.11942 -0.13200 0.98403
vn 0.23716 -0.13200 0.96246
vn 0.35144 -0.13200 0.92686
vn 0.46060 -0.13200 0.87774
vn 0.56304 -0.13200 0.81582
vn 0.65727 -0.13200 0.74200
vn 0.74192 -0.13200 0.65737
vn 0.81575 -0.13200 0.56315
vn 0.87768 -0.13200 0.46071
vn 0.92681 -0.13200 0.35156
vn 0.96243 -0.13200 0.23728
vn 0.98401 -0.13200 0.11954
vn 0.99125 -0.13200 0.00006
vn 0.98403 -0.13200 -0.11942
vn 0.96246 -0.13200 -0.23716
vn 0.92686 -0.13200 -0.35144
vn 0.87774 -0.13200 -0.46060
vn 0.81582 -0.13200 -0.56304
vn 0.74200 -0.13200 -0.65727
vn 0.65737 -0.13200 -0.74192
vn 0.56315 -0.13200 -0.81575
vn 0.46071 -0.13200 -0.87768
vn 0.35156 -0.13200 -0.92681
vn 0.23728 -0.13200 -0.96243
vn 0.11954 -0.13200 -0.98401
vn 0.00006 -0.13200 -0.99125
vn -0.11942 -0.13200 -0.98403
vn -0.23716 -0.13200 -0.96246
vn -0.35144 -0.13200 -0.92686
vn -0.46060 -0.13200 -0.87774
vn -0.56304 -0.13200 -0.81582
vn -0.65727 -0.13200 -0.74200
vn -0.74192 -0.13200 -0.65737
vn -0.81575 -0.13200 -0.56315
vn -0.87768 -0.13200 -0.46071
vn -0.92681 -0.13200 -0.35156
vn -0.96243 -0.13200 -0.23728
vn -0.98401 -0.13200 -0.11954
vn -0.99125 -0.13200 -0.00006
vn -0.98403 -0.13200 0.11942
vn -0.96246 -0.13200 0.23716
vn -0.92686 -0.13200 0.35144
vn -0.87774 -0.13200 0.46060
vn -0.81582 -0.13200 0.56304
vn -0.74200 -0.13200 0.65727
vn -0.65737 -0.13200 0.74192
vn -0.56315 -0.13200 0.81575
vn -0.46071 -0.13200 0.87768
vn -0.35156 -0.13200 0.92681
vn -0.23728 -0.13200 0.96243
vn -0.11954 -0.13200 0.98401
vn -0.00006 -0.13200 0.99125
vn 0.12006 -0.08486 0.98913
vn 0.23841 -0.08486 0.96745
vn 0.35329 -0.08486 0.93166
vn 0.46301 -0.08486 0.88228
vn 0.56598 -0.08486 0.82004
vn 0.66070 -0.08486 0.74584
vn 0.74578 -0.08486 0.66076
vn 0.81999 -0.08486 0.56605
vn 0.88224 -0.08486 0.46308
vn 0.93163 -0.08486 0.35336
vn 0.96743 -0.08486 0.23849
vn 0.98912 -0.08486 0.12014
vn 0.99639 -0.08486 0.00004
vn 0.98913 -0.08486 -0.12006
vn 0.96745 -0.08486 -0.23841
vn 0.93166 -0.08486 -0.35329
vn 0.88228 -0.08486 -0.46301
vn 0.82004 -0.08486 -0.56598
vn 0.74584 -0.08486 -0.66070
vn 0.66076 -0.08486 -0.74578
vn 0.56605 -0.08486 -0.81999
vn 0.46308 -0.08486 -0.88224
vn 0.35336 -0.08486 -0.93163
vn 0.23849 -0.08486 -0.96743
vn 0.12014 -0.08486 -0.98912
vn 0.00004 -0.08486 -0.99639
vn -0.12006 -0.08486 -0.98913
vn -0.23841 -0.08486 -0.96745
vn -0.35329 -0.08486 -0.93166
vn -0.46301 -0.08486 -0.88228
vn -0.56598 -0.08486 -0.82004
vn -0.66070 -0.08486 -0.74584
vn -0.74578 -0.08486 -0.66076
vn -0.81999 -0.08486 -0.56605
vn -0.88224 -0.08486 -0.46308
vn -0.93163 -0.08486 -0.35336
vn -0.96743 -0.08486 -0.23849
vn -0.98912 -0.08486 -0.12014
vn -0.99639 -0.08486 -0.00004
vn -0.98913 -0.08486 0.12006
vn -0.96745 -0.08486 0.23841
vn -0.93166 -0.08486 0.35329
vn -0.88228 -0.08486 0.46301
vn -0.82004 -0.08486 0.56598
vn -0.74584 -0.08486 0.66070
vn -0.66076 -0.08486 0.74578
vn -0.56605 -0.08486 0.81999
vn -0.46308 -0.08486 0.88224
vn -0.35336 -0.08486 0.93163
vn -0.23849 -0.08486 0.96743
vn -0.12014 -0.08486 0.98912
vn -0.00004 -0.08486 0.99639
vn 0.12043 -0.03754 0.99201
vn 0.23913 -0.03754 0.97026
vn 0.35434 -0.03754 0.93436
vn 0.46438 -0.03754 0.88484
vn 0.56765 -0.03754 0.82241
vn 0.66264 -0.03754 0.74800
vn 0.74797 -0.03754 0.66267
vn 0.82239 -0.03754 0.56768
vn 0.88482 -0.03754 0.46441
vn 0.93435 -0.03754 0.35437
vn 0.97025 -0.03754 0.23916
vn 0.99201 -0.03754 0.12047
vn 0.99930 -0.03754 0.00002
vn 0.99201 -0.03754 -0.12043
vn 0.97026 -0.03754 -0.23913
vn 0.93436 -0.03754 -0.35434
vn 0.88484 -0.03754 -0.46438
vn 0.82241 -0.03754 -0.56765
vn 0.74800 -0.03754 -0.66264
vn 0.66267 -0.03754 -0.74797
vn 0.56768 -0.03754 -0.82239
vn 0.46441 -0.03754 -0.88482
vn 0.35437 -0.03754 -0.93435
vn 0.23916 -0.03754 -0.97025
vn 0.12047 -0.03754 -0.99201
vn 0.00002 -0.03754 -0.99930
vn -0.12043 -0.03754 -0.99201
vn -0.23913 -0.03754 -0.97026
vn -0.35434 -0.03754 -0.93436
vn -0.46438 -0.03754 -0.88484
vn -0.56765 -0.03754 -0.82241
vn -0.66264 -0.03754 -0.74799
vn -0.74797 -0.03754 -0.66267
vn -0.82239 -0.03754 -0.56768
vn -0.88482 -0.03754 -0.46441
vn -0.93435 -0.03754 -0.35437
vn -0.97025 -0.03754 -0.23916
vn -0.99201 -0.03754 -0.12047
vn -0.99930 -0.03754 -0.00002
vn -0.99201 -0.03754 0.12043
vn -0.97026 -0.03754 0.23913
vn -0.93436 -0.03754 0.35434
vn -0.88484 -0.03754 0.46438
vn -0.82241 -0.03754 0.56765
vn -0.74799 -0.03754 0.66264
vn -0.66267 -0.03754 0.74797
vn -0.56768 -0.03754 0.82239
vn -0.46441 -0.03754 0.88482
vn -0.35437 -0.03754 0.93435
vn -0.23916 -0.03754 0.97025
vn -0.12047 -0.03754 0.99201
vn -0.00002 -0.03754 0.99930
vn 0.12054 0.00987 0.99266
vn 0.23931 0.00987 0.97089
vn 0.35459 0.00987 0.93497
vn 0.46470 0.00987 0.88541
vn 0.56804 0.00987 0.82294
vn 0.66309 0.00987 0.74847
vn 0.74848 0.00987 0.66309
vn 0.82295 0.00987 0.56803
vn 0.88542 0.00987 0.46470
vn 0.93497 0.00987 0.35458
vn 0.97090 0.00987 0.23930
vn 0.99266 0.00987 0.12053
vn 0.99995 0.00987 -0.00000
vn 0.99266 0.00987 -0.12054
vn 0.97089 0.00987 -0.23931
vn 0.93497 0.00987 -0.35459
vn 0.88541 0.00987 -0.46470
vn 0.82294 0.00987 -0.56804
vn 0.74847 0.00987 -0.66309
vn 0.66309 0.00987 -0.74848
vn 0.56803 0.00987 -0.82295
vn 0.46470 0.00987 -0.88542
vn 0.35458 0.00987 -0.93497
vn 0.23930 0.00987 -0.97090
vn 0.12053 0.00987 -0.99266
vn -0.00000 0.00987 -0.99995
vn -0.12054 0.00987 -0.99266
vn -0.23931 0.00987 -0.97089
vn -0.35459 0.00987 -0.93497
vn -0.46470 0.00987 -0.88541
vn -0.56804 0.00987 -0.82294
vn -0.66309 0.00987 -0.74847
vn -0.74848 0.00987 -0.66309
vn -0.82295 0.00987 -0.56803
vn -0.88542 0.00987 -0.46470
vn -0.93497 0.00987 -0.35458
vn -0.97090 0.00987 -0.23930
vn -0.99266 0.00987 -0.12053
vn -0.99995 0.00987 0.00000
vn -0.99266 0.00987 0.12054
vn -0.97089 0.00987 0.23931
vn -0.93497 0.00987 0.35459
vn -0.88541 0.00987 0.46470
vn -0.82294 0.00987 0.56804
vn -0.74847 0.00987 0.66309
vn -0.66309 0.00987 0.74848
vn -0.56803 0.00987 0.82295
vn -0.46470 0.00987 0.88542
vn -0.35458 0.00987 0.93497
vn -0.23930 0.00987 0.97090
vn -0.12053 0.00987 0.99266
vn 0.00001 0.00987 0.99995
vn 0.12037 0.05726 0.99108
vn 0.23895 0.05726 0.96934
vn 0.35405 0.05726 0.93347
vn 0.46399 0.05726 0.88399
vn 0.56715 0.05726 0.82162
vn 0.66206 0.05726 0.74726
vn 0.74730 0.05726 0.66201
vn 0.82165 0.05726 0.56711
vn 0.88402 0.05726 0.46394
vn 0.93349 0.05726 0.35400
vn 0.96936 0.05726 0.23890
vn 0.99108 0.05726 0.12031
vn 0.99836 0.05726 -0.00003
vn 0.99108 0.05726 -0.12037
vn 0.96934 0.05726 -0.23895
vn 0.93347 0.05726 -0.35405
vn 0.88399 0.05726 -0.46399
vn 0.82162 0.05726 -0.56716
vn 0.74726 0.05726 -0.66205
vn 0.66201 0.05726 -0.74730
vn 0.56711 0.05726 -0.82165
vn 0.46394 0.05726 -0.88402
vn 0.35400 0.05726 -0.93349
vn 0.23890 0.05726 -0.96936
vn 0.12031 0.05726 -0.99108
vn -0.00003 0.05726 -0.99836
vn -0.12037 0.05726 -0.99108
vn -0.23895 0.05726 -0.96934
vn -0.35405 0.05726 -0.93347
vn -0.46398 0.05726 -0.88399
vn -0.56716 0.05726 -0.82162
vn -0.66205 0.05726 -0.74726
vn -0.74730 0.05726 -0.66201
vn -0.82165 0.05726 -0.56711
vn -0.88402 0.05726 -0.46394
vn -0.93349 0.05726 -0.35400
vn -0.96936 0.05726 -0.23890
vn -0.99108 0.05726 -0.12031
vn -0.99836 0.05726 0.00003
vn -0.99108 0.05726 0.12037
vn -0.96934 0.05726 0.23895
vn -0.93347 0.05726 0.35405
vn -0.88399 0.05726 0.46398
vn -0.82162 0.05726 0.56715
vn -0.74726 0.05726 0.66206
vn -0.66201 0.05726 0.74730
vn -0.56711 0.05726 0.82165
vn -0.46394 0.05726 0.88402
vn -0.35400 0.05726 0.93349
vn -0.23890 0.05726 0.96936
vn -0.12031 0.05726 0.99108
vn 0.00003 0.05726 0.99836
vn 0.11993 0.10452 0.98727
vn 0.23805 0.10452 0.96561
vn 0.35271 0.10452 0.92988
vn 0.46222 0.10452 0.88058
vn 0.56499 0.10452 0.81845
vn 0.65953 0.10452 0.74438
vn 0.74444 0.10452 0.65945
vn 0.81850 0.10452 0.56491
vn 0.88063 0.10452 0.46213
vn 0.92991 0.10452 0.35262
vn 0.96564 0.10452 0.23796
vn 0.98728 0.10452 0.11983
vn 0.99452 0.10452 -0.00005
vn 0.98727 0.10452 -0.11993
vn 0.96561 0.10452 -0.23805
vn 0.92988 0.10452 -0.35271
vn 0.88058 0.10452 -0.46222
vn 0.81845 0.10452 -0.56499
vn 0.74438 0.10452 -0.65953
vn 0.65945 0.10452 -0.74444
vn 0.56491 0.10452 -0.81850
vn 0.46213 0.10452 -0.88063
vn 0.35262 0.10452 -0.92991
vn 0.23796 0.10452 -0.96564
vn 0.11983 0.10452 -0.98728
vn -0.00005 0.10452 -0.99452
vn -0.11993 0.10452 -0.98727
vn -0.23805 0.10452 -0.96561
vn -0.35271 0.10452 -0.92988
vn -0.46222 0.10452 -0.88058
vn -0.56499 0.10452 -0.81845
vn -0.65953 0.10452 -0.74438
vn -0.74444 0.10452 -0.65945
vn -0.81850 0.10452 -0.56491
vn -0.88063 0.10452 -0.46213
vn -0.92991 0.10452 -0.35262
vn -0.96564 0.10452 -0.23796
vn -0.98728 0.10452 -0.11983
vn -0.99452 0.10452 0.00005
vn -0.98727 0.10452 0.11993
vn -0.96561 0.10452 0.23805
vn -0.92988 0.10452 0.35271
vn -0.88058 0.10452 0.46222
vn -0.81845 0.10452 0.56499
vn -0.74438 0.10452 0.65953
vn -0.65945 0.10452 0.74444
vn -0.56491 0.10452 0.81850
vn -0.46213 0.10452 0.88063
vn -0.35262 0.10452 0.92991
vn -0.23796 0.10452 0.96564
vn -0.11983 0.10452 0.98728
vn 0.00005 0.10452 0.99452
vn 0.11922 0.15155 0.98123
vn 0.23662 0.15155 0.95971
vn 0.35058 0.15155 0.92419
vn 0.45942 0.15155 0.87520
vn 0.56156 0.15155 0.81344
vn 0.65552 0.15155 0.73982
vn 0.73991 0.15155 0.65541
vn 0.81352 0.15155 0.56144
vn 0.87526 0.15155 0.45929
vn 0.92424 0.15155 0.35044
vn 0.95974 0.15155 0.23648
vn 0.98125 0.15155 0.11907
vn 0.98845 0.15155 -0.00007
vn 0.98123 0.15155 -0.11922
vn 0.95971 0.15155 -0.23662
vn 0.92419 0.15155 -0.35058
vn 0.87520 0.15155 -0.45942
vn 0.81344 0.15155 -0.56156
vn 0.73982 0.15155 -0.65552
vn 0.65541 0.15155 -0.73991
vn 0.56144 0.15155 -0.81352
vn 0.45929 0.15155 -0.87526
vn 0.35044 0.15155 -0.92424
vn 0.23648 0.15155 -0.95974
vn 0.11907 0.15155 -0.98125
vn -0.00007 0.15155 -0.98845
vn -0.11922 0.15155 -0.98123
vn -0.23662 0.15155 -0.95971
vn -0.35058 0.15155 -0.92419
vn -0.45942 0.15155 -0.87520
vn -0.56156 0.15155 -0.81344
vn -0.65552 0.15155 -0.73982
vn -0.73991 0.15155 -0.65541
vn -0.81352 0.15155 -0.56144
vn -0.87526 0.15155 -0.45929
vn -0.92424 0.15155 -0.35044
vn -0.95974 0.15155 -0.23648
vn -0.98125 0.15155 -0.11907
vn -0.98845 0.15155 0.00007
vn -0.98123 0.15155 0.11922
vn -0.95971 0.15155 0.23662
vn -0.92419 0.15155 0.35058
vn -0.87520 0.15155 0.45942
vn -0.81344 0.15155 0.56156
vn -0.73982 0.15155 0.65552
vn -0.65541 0.15155 0.73991
vn -0.56144 0.15155 0.81352
vn -0.45929 0.15155 0.87526
vn -0.35044 0.15155 0.92424
vn -0.23648 0.15155 0.95974
vn -0.11907 0.15155 0.98125
vn 0.00007 0.15155 0.98845
vn 0.11824 0.19823 0.97300
vn 0.23466 0.19823 0.95165
vn 0.34766 0.19823 0.91643
vn 0.45559 0.19823 0.86784
vn 0.55687 0.19823 0.80660
vn 0.65003 0.19823 0.73359
vn 0.73372 0.19823 0.64989
vn 0.80671 0.19823 0.55671
vn 0.86793 0.19823 0.45542
vn 0.91649 0.19823 0.34748
vn 0.95170 0.19823 0.23447
vn 0.97302 0.19823 0.11805
vn 0.98016 0.19823 -0.00009
vn 0.97300 0.19823 -0.11824
vn 0.95165 0.19823 -0.23466
vn 0.91643 0.19823 -0.34766
vn 0.86784 0.19823 -0.45559
vn 0.80660 0.19823 -0.55687
vn 0.73359 0.19823 -0.65003
vn 0.64989 0.19823 -0.73372
vn 0.55671 0.19823 -0.80671
vn 0.45542 0.19823 -0.86793
vn 0.34748 0.19823 -0.91649
vn 0.23447 0.19823 -0.95170
vn 0.11805 0.19823 -0.97302
vn -0.00009 0.19823 -0.98016
vn -0.11824 0.19823 -0.97300
vn -0.23466 0.19823 -0.95165
vn -0.34766 0.19823 -0.91643
vn -0.45558 0.19823 -0.86784
vn -0.55687 0.19823 -0.80660
vn -0.65003 0.19823 -0.73359
vn -0.73372 0.19823 -0.64989
vn -0.80671 0.19823 -0.55671
vn -0.86793 0.19823 -0.45542
vn -0.91649 0.19823 -0.34748
vn -0.95170 0.19823 -0.23447
vn -0.97302 0.19823 -0.11805
vn -0.98016 0.19823 0.00009
vn -0.97300 0.19823 0.11824
vn -0.95165 0.19823 0.23466
vn -0.91643 0.19823 0.34766
vn -0.86784 0.19823 0.45558
vn -0.80660 0.19823 0.55687
vn -0.73359 0.19823 0.65003
vn -0.64989 0.19823 0.73372
vn -0.55671 0.19823 0.80671
vn -0.45542 0.19823 0.86793
vn -0.34748 0.19823 0.91649
vn -0.23447 0.19823 0.95170
vn -0.11805 0.19823 0.97302
vn 0.00009 0.19823 0.98016
vn 0.11699 0.24447 0.96257
vn 0.23217 0.24447 0.94145
vn 0.34395 0.24447 0.90660
vn 0.45073 0.24447 0.85853
vn 0.55092 0.24447 0.79795
vn 0.64309 0.24447 0.72572
vn 0.72588 0.24447 0.64291
vn 0.79808 0.24447 0.55073
vn 0.85864 0.24447 0.45052
vn 0.90669 0.24447 0.34374
vn 0.94151 0.24447 0.23194
vn 0.96260 0.24447 0.11676
vn 0.96966 0.24447 -0.00012
vn 0.96257 0.24447 -0.11699
vn 0.94145 0.24447 -0.23217
vn 0.90660 0.24447 -0.34395
vn 0.85853 0.24447 -0.45073
vn 0.79795 0.24447 -0.55092
vn 0.72572 0.24447 -0.64309
vn 0.64291 0.24447 -0.72588
vn 0.55073 0.24447 -0.79808
vn 0.45052 0.24447 -0.85864
vn 0.34374 0.24447 -0.90669
vn 0.23194 0.24447 -0.94151
vn 0.11676 0.24447 -0.96260
vn -0.00012 0.24447 -0.96966
vn -0.11700 0.24447 -0.96257
vn -0.23217 0.24447 -0.94145
vn -0.34395 0.24447 -0.90660
vn -0.45073 0.24447 -0.85853
vn -0.55092 0.24447 -0.79795
vn -0.64309 0.24447 -0.72572
vn -0.72588 0.24447 -0.64291
vn -0.79808 0.24447 -0.55073
vn -0.85864 0.24447 -0.45052
vn -0.90669 0.24447 -0.34374
vn -0.94151 0.24447 -0.23194
vn -0.96260 0.24447 -0.11676
vn -0.96966 0.24447 0.00012
vn -0.96257 0.24447 0.11700
vn -0.94145 0.24447 0.23217
vn -0.90660 0.24447 0.34395
vn -0.85853 0.24447 0.45073
vn -0.79795 0.24447 0.55092
vn -0.72572 0.24447 0.64309
vn -0.64291 0.24447 0.72588
vn -0.55073 0.24447 0.79808
vn -0.45052 0.24447 0.85864
vn -0.34374 0.24447 0.90669
vn -0.23194 0.24447 0.94151
vn -0.11676 0.24447 0.96260
vn 0.00012 0.24447 0.96966
vn 0.11549 0.29016 0.94998
vn 0.22915 0.29016 0.92914
vn 0.33948 0.29016 0.89474
vn 0.44485 0.29016 0.84730
vn 0.54374 0.29016 0.78750
vn 0.63470 0.29016 0.71622
vn 0.71640 0.29016 0.63449
vn 0.78766 0.29016 0.54351
vn 0.84743 0.29016 0.44461
vn 0.89484 0.29016 0.33922
vn 0.92920 0.29016 0.22889
vn 0.95002 0.29016 0.11521
vn 0.95698 0.29016 -0.00014
vn 0.94998 0.29016 -0.11549
vn 0.92914 0.29016 -0.22915
vn 0.89474 0.29016 -0.33948
vn 0.84730 0.29016 -0.44485
vn 0.78750 0.29016 -0.54374
vn 0.71622 0.29016 -0.63470
vn 0.63449 0.29016 -0.71640
vn 0.54351 0.29016 -0.78766
vn 0.44461 0.29016 -0.84743
vn 0.33922 0.29016 -0.89484
vn 0.22889 0.29016 -0.92920
vn 0.11521 0.29016 -0.95002
vn -0.00014 0.29016 -0.95698
vn -0.11549 0.29016 -0.94998
vn -0.22915 0.29016 -0.92914
vn -0.33948 0.29016 -0.89474
vn -0.44485 0.29016 -0.84730
vn -0.54374 0.29016 -0.78750
vn -0.63470 0.29016 -0.71622
vn -0.71640 0.29016 -0.63449
vn -0.78766 0.29016 -0.54351
vn -0.84743 0.29016 -0.44461
vn -0.89484 0.29016 -0.33922
vn -0.92920 0.29016 -0.22889
vn -0.95002 0.29016 -0.11521
vn -0.95698 0.29016 0.00014
vn -0.94998 0.29016 0.11549
vn -0.92914 0.29016 0.22915
vn -0.89474 0.29016 0.33948
vn -0.84730 0.29016 0.44485
vn -0.78750 0.29016 0.54374
vn -0.71622 0.29016 0.63470
vn -0.63449 0.29016 0.71640
vn -0.54351 0.29016 0.78766
vn -0.44461 0.29016 0.84743
vn -0.33922 0.29016 0.89484
vn -0.22889 0.29016 0.92920
vn -0.11521 0.29016 0.95002
vn 0.00014 0.29016 0.95698
vn 0.11372 0.33519 0.93526
vn 0.22563 0.33519 0.91473
vn 0.33424 0.33519 0.88087
vn 0.43798 0.33519 0.83416
vn 0.53533 0.33519 0.77528
vn 0.62488 0.33519 0.70510
vn 0.70531 0.33519 0.62464
vn 0.77546 0.33519 0.53507
vn 0.83431 0.33519 0.43770
vn 0.88098 0.33519 0.33394
vn 0.91481 0.33519 0.22532
vn 0.93530 0.33519 0.11340
vn 0.94215 0.33519 -0.00016
vn 0.93526 0.33519 -0.11372
vn 0.91473 0.33519 -0.22563
vn 0.88087 0.33519 -0.33424
vn 0.83416 0.33519 -0.43798
vn 0.77528 0.33519 -0.53533
vn 0.70510 0.33519 -0.62488
vn 0.62464 0.33519 -0.70531
vn 0.53507 0.33519 -0.77546
vn 0.43770 0.33519 -0.83431
vn 0.33394 0.33519 -0.88098
vn 0.22532 0.33519 -0.91481
vn 0.11340 0.33519 -0.93530
vn -0.00016 0.33519 -0.94215
vn -0.11372 0.33519 -0.93526
vn -0.22563 0.33519 -0.91473
vn -0.33424 0.33519 -0.88087
vn -0.43798 0.33519 -0.83416
vn -0.53533 0.33519 -0.77528
vn -0.62488 0.33519 -0.70510
vn -0.70531 0.33519 -0.62464
vn -0.77546 0.33519 -0.53507
vn -0.83431 0.33519 -0.43770
vn -0.88098 0.33519 -0.33394
vn -0.91481 0.33519 -0.22532
vn -0.93530 0.33519 -0.11340
vn -0.94215 0.33519 0.00016
vn -0.93526 0.33519 0.11372
vn -0.91473 0.33519 0.22563
vn -0.88087 0.33519 0.33424
vn -0.83416 0.33519 0.43798
vn -0.77528 0.33519 0.53533
vn -0.70510 0.33519 0.62488
vn -0.62464 0.33519 0.70531
vn -0.53507 0.33519 0.77546
vn -0.43770 0.33519 0.83431
vn -0.33394 0.33519 0.88098
vn -0.22532 0.33519 0.91481
vn -0.11340 0.33519 0.93530
vn 0.00016 0.33519 0.94215
vn 0.11170 0.37948 0.91843
vn 0.22159 0.37948 0.89827
vn 0.32825 0.37948 0.86501
vn 0.43012 0.37948 0.81914
vn 0.52572 0.37948 0.76132
vn 0.61366 0.37948 0.69240
vn 0.69264 0.37948 0.61339
vn 0.76153 0.37948 0.52543
vn 0.81931 0.37948 0.42980
vn 0.86514 0.37948 0.32791
vn 0.89836 0.37948 0.22124
vn 0.91848 0.37948 0.11134
vn 0.92520 0.37948 -0.00018
vn 0.91843 0.37948 -0.11170
vn 0.89827 0.37948 -0.22159
vn 0.86501 0.37948 -0.32825
vn 0.81914 0.37948 -0.43012
vn 0.76132 0.37948 -0.52572
vn 0.69240 0.37948 -0.61366
vn 0.61339 0.37948 -0.69264
vn 0.52543 0.37948 -0.76153
vn 0.42980 0.37948 -0.81931
vn 0.32791 0.37948 -0.86514
vn 0.22124 0.37948 -0.89836
vn 0.11134 0.37948 -0.91848
vn -0.00018 0.37948 -0.92520
vn -0.11170 0.37948 -0.91843
vn -0.22159 0.37948 -0.89827
vn -0.32825 0.37948 -0.86501
vn -0.43012 0.37948 -0.81914
vn -0.52572 0.37948 -0.76132
vn -0.61366 0.37948 -0.69240
vn -0.69264 0.37948 -0.61339
vn -0.76153 0.37948 -0.52543
vn -0.81931 0.37948 -0.42980
vn -0.86514 0.37948 -0.32791
vn -0.89836 0.37948 -0.22124
vn -0.91848 0.37948 -0.11134
vn -0.92520 0.37948 0.00018
vn -0.91843 0.37948 0.11170
vn -0.89827 0.37948 0.22159
vn -0.86501 0.37948 0.32825
vn -0.81914 0.37948 0.43012
vn -0.76132 0.37948 0.52572
vn -0.69240 0.37948 0.61366
vn -0.61339 0.37948 0.69264
vn -0.52543 0.37948 0.76153
vn -0.42980 0.37948 0.81931
vn -0.32791 0.37948 0.86514
vn -0.22124 0.37948 0.89836
vn -0.11134 0.37948 0.91848
vn 0.00018 0.37948 0.92520
vn -0.00986 -0.99706 -0.07593
vn -0.01933 -0.99708 -0.07385
vn -0.02863 -0.99705 -0.07115
vn -0.06835 -0.99703 -0.03552
vn -0.07174 -0.99708 -0.02636
vn -0.07446 -0.99708 -0.01707
vn -0.06291 -0.99705 0.04400
vn -0.05652 -0.99708 0.05133
vn -0.04969 -0.99707 0.05818
vn 0.00986 -0.99706 0.07593
vn 0.01933 -0.99708 0.07385
vn 0.02863 -0.99705 0.07115
vn 0.06835 -0.99703 0.03552
vn 0.07174 -0.99708 0.02636
vn 0.07446 -0.99708 0.01707
vn 0.06291 -0.99705 -0.04400
vn 0.05652 -0.99708 -0.05133
vn 0.04969 -0.99707 -0.05818
vn 0.31984 0.20519 0.92499
vn 0.25039 0.37969 0.89058
vn 0.14510 0.87263 0.46633
vn 0.44009 0.37885 0.81412
vn 0.36676 0.37942 0.84943
vn 0.20909 0.86673 0.45284
vn 0.83905 0.20597 0.50356
vn 0.79269 0.25577 0.55338
vn 0.40685 0.87263 0.27017
vn 0.84947 0.37928 0.36681
vn 0.82574 0.38014 0.41670
vn 0.44797 0.86673 0.21932
vn 0.97107 0.20512 -0.12229
vn 0.92308 0.37963 -0.06169
vn 0.48610 0.87263 -0.04719
vn 0.88731 0.37877 -0.26308
vn 0.90676 0.37937 -0.18404
vn 0.48590 0.86673 -0.11258
vn 0.66573 0.20582 -0.71724
vn 0.70570 0.25588 -0.66069
vn 0.34729 0.87263 -0.34337
vn 0.53387 0.37910 -0.75582
vn 0.57780 0.38000 -0.72232
vn 0.30587 0.86673 -0.39398
vn 0.12634 0.87270 -0.47163
vn 0.25749 0.20637 -0.94399
vn 0.35466 0.37966 -0.85444
vn 0.19688 0.37923 -0.90412
vn -0.08571 0.25597 -0.96288
vn 0.00658 0.37934 -0.92523
vn -0.01137 0.86673 -0.49865
vn -0.19963 0.87270 -0.44558
vn -0.38059 0.20601 -0.90150
vn -0.25040 0.37994 -0.89048
vn -0.40513 0.37930 -0.83186
vn -0.62977 0.37895 -0.67807
vn -0.58794 0.37988 -0.71416
vn -0.32351 0.86673 -0.37963
vn -0.43606 0.87270 -0.21966
vn -0.87062 0.20643 -0.44656
vn -0.76315 0.37961 -0.52298
vn -0.84417 0.37935 -0.37877
vn -0.91775 0.37963 -0.11668
vn -0.94909 0.25555 -0.18419
vn -0.49053 0.86673 -0.09032
vn -0.47688 0.87270 0.10480
vn -0.90556 0.38020 0.18816
vn -0.92069 0.38029 0.08779
vn -0.89736 0.37953 0.22519
vn -0.79323 0.37884 0.47672
vn -0.81993 0.37978 0.42835
vn -0.43751 0.86673 0.23951
vn -0.30378 0.87270 0.38225
vn -0.61642 0.20651 0.75986
vn -0.66889 0.37957 0.63914
vn -0.54440 0.37950 0.74807
vn -0.30313 0.37944 0.87415
vn -0.37699 0.25566 0.89024
vn -0.18823 0.86673 0.46189
vn 0.00166 0.86678 0.49868
vn 0.01966 0.37983 0.92485
vn -0.10363 0.38007 0.91913
vn -0.06626 0.86679 0.49426
vn -0.18406 0.37951 0.90670
vn -0.24259 0.20669 0.94785
vn -0.12634 0.87270 0.47163
vn -0.46716 0.20520 0.86003
vn -0.24229 0.87704 0.41484
vn -0.51017 0.20587 0.83507
vn -0.36332 0.86678 0.34159
vn -0.70606 0.37896 0.59822
vn -0.79481 0.20574 0.57092
vn -0.39564 0.87270 0.28611
vn -0.89853 0.20568 0.38773
vn -0.44975 0.87704 0.16889
vn -0.93863 0.09197 0.33244
vn -0.49740 0.86679 0.03569
vn -0.92506 0.37977 0.00653
vn -0.97746 0.20690 -0.04200
vn -0.48747 0.87270 -0.02775
vn -0.93787 0.20512 -0.27985
vn -0.45546 0.87704 -0.15282
vn -0.92230 0.20587 -0.32706
vn -0.40836 0.86679 -0.28622
vn -0.73071 0.37911 -0.56775
vn -0.72248 0.20588 -0.66003
vn -0.36062 0.87270 -0.32916
vn -0.56462 0.20573 -0.79930
vn -0.25686 0.87704 -0.40598
vn -0.52018 0.09180 -0.84911
vn -0.13614 0.86679 -0.47974
vn -0.17119 0.54039 -0.82381
vn -0.16037 0.20713 -0.96508
vn -0.07201 0.87270 -0.48292
vn 0.08051 0.20509 -0.97543
vn 0.05696 0.87704 -0.47702
vn 0.12991 0.20589 -0.96991
vn 0.19715 0.86678 -0.45806
vn 0.40513 0.37930 -0.83186
vn 0.49691 0.20606 -0.84299
vn 0.24890 0.87270 -0.42005
vn 0.77437 0.20550 -0.59844
vn 0.38750 0.87704 -0.28396
vn 0.80370 0.20594 -0.55827
vn 0.81985 0.37996 -0.42835
vn 0.44201 0.86679 -0.23090
vn 0.84417 0.37935 -0.37877
vn 0.92230 0.20587 -0.32706
vn 0.45816 0.87270 -0.16876
vn 0.97858 0.20574 0.00772
vn 0.47980 0.87704 0.02427
vn 0.97680 0.20634 0.05737
vn 0.90912 0.37974 0.17117
vn 0.48859 0.86679 0.09984
vn 0.89735 0.37953 0.22520
vn 0.92727 0.20627 0.31244
vn 0.46190 0.87270 0.15823
vn 0.74524 0.20532 0.63440
vn 0.35686 0.87704 0.32162
vn 0.67579 0.38067 0.63119
vn 0.60758 0.38107 0.69687
vn 0.31600 0.86679 0.38578
vn 0.57574 0.25676 0.77627
vn 0.51017 0.20587 0.83507
vn 0.25844 0.87270 0.41425
vn 0.19418 0.20568 0.95916
vn 0.07385 0.87704 0.47470
vn 0.14522 0.20632 0.96765
vn 0.01222 -0.99700 -0.07640
vn -0.52079 0.77134 -0.36581
vn -0.56575 0.77134 -0.29148
vn -0.67207 0.65424 -0.34683
vn -0.71304 0.65424 -0.25209
vn -0.80589 0.51876 -0.28536
vn -0.83724 0.51876 -0.17297
vn -0.91025 0.36871 -0.18843
vn -0.92743 0.36871 -0.06273
vn -0.97581 0.20831 -0.06635
vn -0.97576 0.20831 0.06714
vn -0.99678 0.04205 0.06826
vn -0.97820 0.04205 0.20335
vn -0.97141 -0.12539 0.20162
vn -0.93490 -0.12539 0.33201
vn -0.90215 -0.28930 0.32004
vn -0.85017 -0.28930 0.43990
vn -0.79548 -0.44509 0.41123
vn -0.73207 -0.44509 0.51571
vn -0.66124 -0.58838 0.46538
vn -0.59171 -0.58838 0.55108
vn -0.51177 -0.71514 0.47609
vn -0.44218 -0.71514 0.54134
vn -0.36078 -0.82182 0.44096
vn -0.29737 -0.82182 0.48598
vn -0.22205 -0.90542 0.36181
vn -0.17072 -0.90542 0.38867
vn -0.10821 -0.96360 0.24448
vn -0.07391 -0.96360 0.25694
vn -0.02954 -0.99471 0.09838
vn -0.01587 -0.99471 0.10148
vn 0.00132 -0.99786 -0.06541
vn 0.02187 -0.99700 -0.07428
vn -0.46613 0.77134 -0.43331
vn -0.61858 0.65424 -0.43511
vn -0.75952 0.51876 -0.39244
vn -0.87611 0.36871 -0.31062
vn -0.95769 0.20831 -0.19860
vn -0.99679 0.04205 -0.06810
vn -0.98981 -0.12539 0.06746
vn -0.93733 -0.28930 0.19422
vn -0.84406 -0.44509 0.29908
vn -0.71845 -0.58838 0.37100
vn -0.57183 -0.71514 0.40197
vn -0.41746 -0.82182 0.38773
vn -0.26925 -0.90542 0.32820
vn -0.14049 -0.96360 0.22747
vn -0.04266 -0.99471 0.09344
vn 0.03120 -0.99699 -0.07093
vn -0.40278 0.77134 -0.49275
vn -0.55357 0.65424 -0.51529
vn -0.69901 0.51876 -0.49220
vn -0.82565 0.36871 -0.42703
vn -0.92172 0.20831 -0.32716
vn -0.97823 0.04205 -0.20320
vn -0.98978 -0.12539 -0.06794
vn -0.95504 -0.28930 0.06477
vn -0.87693 -0.44509 0.18136
vn -0.76227 -0.58838 0.26972
vn -0.62124 -0.71514 0.32036
vn -0.46637 -0.82182 0.32727
vn -0.31143 -0.90542 0.28848
vn -0.17016 -0.96360 0.20622
vn -0.05499 -0.99471 0.08676
vn 0.04714 -0.99619 -0.07341
vn -0.33193 0.77134 -0.54300
vn -0.47825 0.65424 -0.58587
vn -0.62548 0.51876 -0.58280
vn -0.75982 0.36871 -0.53547
vn -0.86859 0.20831 -0.44962
vn -0.94145 0.04205 -0.33451
vn -0.97131 -0.12539 -0.20208
vn -0.95497 -0.28930 -0.06587
vn -0.89345 -0.44509 0.06026
vn -0.79190 -0.58838 0.16341
vn -0.65908 -0.71514 0.23278
vn -0.50659 -0.82182 0.26072
vn -0.34781 -0.90542 0.24339
vn -0.19665 -0.96360 0.18113
vn -0.06629 -0.99471 0.07846
vn -0.25490 0.77134 -0.58314
vn -0.39402 0.65424 -0.64553
vn -0.54030 0.51876 -0.66254
vn -0.67983 0.36871 -0.63395
vn -0.79928 0.20831 -0.56371
vn -0.88714 0.04205 -0.45959
vn -0.93474 -0.12539 -0.33246
vn -0.93710 -0.28930 -0.19530
vn -0.89334 -0.44509 -0.06196
vn -0.80678 -0.58838 0.05406
vn -0.68464 -0.71514 0.14087
vn -0.53737 -0.82182 0.18931
vn -0.37771 -0.90542 0.19376
vn -0.21949 -0.96360 0.15267
vn -0.07636 -0.99471 0.06870
vn -0.17313 0.77134 -0.61242
vn -0.30245 0.65424 -0.69317
vn -0.44505 0.51876 -0.72994
vn -0.58717 0.36871 -0.72061
vn -0.71508 0.20831 -0.66729
vn -0.81629 0.04205 -0.57610
vn -0.88077 -0.12539 -0.45665
vn -0.90178 -0.28930 -0.32108
vn -0.87658 -0.44509 -0.18302
vn -0.80662 -0.58838 -0.05630
vn -0.69744 -0.71514 0.04634
vn -0.55815 -0.82182 0.11438
vn -0.40058 -0.90542 0.14053
vn -0.23823 -0.96360 0.12136
vn -0.08500 -0.99471 0.05767
vn -0.08812 0.77134 -0.63029
vn -0.20525 0.65424 -0.72790
vn -0.34151 0.51876 -0.78375
vn -0.48358 0.36871 -0.79386
vn -0.61755 0.20831 -0.75844
vn -0.73024 0.04205 -0.68189
vn -0.81038 -0.12539 -0.57232
vn -0.84966 -0.28930 -0.44088
vn -0.84349 -0.44509 -0.30068
vn -0.79144 -0.58838 -0.16561
vn -0.69726 -0.71514 -0.04906
vn -0.56852 -0.82182 0.03731
vn -0.41598 -0.90542 0.08467
vn -0.25254 -0.96360 0.08779
vn -0.09206 -0.99471 0.04556
vn 0.06965 -0.99700 -0.03364
vn -0.00148 0.77134 -0.63642
vn -0.10422 0.65424 -0.74907
vn -0.23161 0.51876 -0.82295
vn -0.37098 0.36871 -0.85231
vn -0.50853 0.20831 -0.83547
vn -0.63059 0.04205 -0.77497
vn -0.72490 -0.12539 -0.67734
vn -0.78172 -0.28930 -0.55247
vn -0.79470 -0.44509 -0.41274
vn -0.76152 -0.58838 -0.27184
vn -0.68408 -0.71514 -0.14355
vn -0.56831 -0.82182 -0.04045
vn -0.42364 -0.90542 0.02724
vn -0.26214 -0.96360 0.05259
vn -0.09741 -0.99471 0.03259
vn 0.07341 -0.99700 -0.02453
vn 0.08520 0.77134 -0.63069
vn -0.00125 0.65424 -0.75628
vn -0.11739 0.51876 -0.84682
vn -0.25147 0.36871 -0.89488
vn -0.39003 0.20831 -0.89693
vn -0.51919 0.04205 -0.85362
vn -0.62592 -0.12539 -0.76974
vn -0.69921 -0.28930 -0.65377
vn -0.73109 -0.44509 -0.51710
vn -0.71741 -0.58838 -0.37300
vn -0.65816 -0.71514 -0.23536
vn -0.55751 -0.82182 -0.11746
vn -0.42340 -0.90542 -0.03070
vn -0.26686 -0.96360 0.01640
vn -0.10094 -0.99471 0.01903
vn 0.07600 -0.99700 -0.01498
vn 0.17028 0.77134 -0.61322
vn 0.10174 0.65424 -0.74941
vn -0.00099 0.51876 -0.85492
vn -0.12727 0.36871 -0.92079
vn -0.26426 0.20831 -0.94169
vn -0.39812 0.04205 -0.91637
vn -0.51528 -0.12539 -0.84780
vn -0.60367 -0.28930 -0.74289
vn -0.65387 -0.44509 -0.61184
vn -0.65994 -0.58838 -0.46721
vn -0.61998 -0.71514 -0.32279
vn -0.53632 -0.82182 -0.19228
vn -0.41528 -0.90542 -0.08807
vn -0.26661 -0.96360 -0.02009
vn -0.10259 -0.99471 0.00511
vn 0.07733 -0.99699 -0.00515
vn 0.25220 0.77134 -0.58432
vn 0.20284 0.65424 -0.72858
vn 0.11543 0.51876 -0.84709
vn -0.00070 0.36871 -0.92954
vn -0.13357 0.20831 -0.96890
vn -0.26964 0.04205 -0.96204
vn -0.39504 -0.12539 -0.91007
vn -0.49689 -0.28930 -0.81817
vn -0.56447 -0.44509 -0.69517
vn -0.59018 -0.58838 -0.55272
vn -0.57026 -0.71514 -0.40420
vn -0.50514 -0.82182 -0.26352
vn -0.39942 -0.90542 -0.14379
vn -0.26139 -0.96360 -0.05620
vn -0.10233 -0.99471 -0.00891
vn 0.08663 -0.99621 0.00773
vn 0.32941 0.77134 -0.54454
vn 0.30016 0.65424 -0.69417
vn 0.22970 0.51876 -0.82348
vn 0.12588 0.36871 -0.92098
vn -0.00040 0.20831 -0.97806
vn -0.13613 0.04205 -0.98980
vn -0.26744 -0.12539 -0.95538
vn -0.38086 -0.28930 -0.87821
vn -0.46455 -0.44509 -0.76556
vn -0.50942 -0.58838 -0.62794
vn -0.50990 -0.71514 -0.47809
vn -0.46456 -0.82182 -0.32985
vn -0.37612 -0.90542 -0.19684
vn -0.25130 -0.96360 -0.09127
vn -0.10016 -0.99471 -0.02276
vn 0.40049 0.77134 -0.49461
vn 0.39188 0.65424 -0.64683
vn 0.33969 0.51876 -0.78454
vn 0.25011 0.36871 -0.89526
vn 0.13279 0.20831 -0.96901
vn -0.00008 0.04205 -0.99912
vn -0.13486 -0.12539 -0.98290
vn -0.25773 -0.28930 -0.92189
vn -0.35598 -0.44509 -0.82169
vn -0.41917 -0.58838 -0.69146
vn -0.44006 -0.71514 -0.54307
vn -0.41532 -0.82182 -0.39003
vn -0.34581 -0.90542 -0.24622
vn -0.23653 -0.96360 -0.12464
vn -0.09613 -0.99471 -0.03619
vn 0.46411 0.77134 -0.43547
vn 0.47631 0.65424 -0.58745
vn 0.44335 0.51876 -0.73097
vn 0.36969 0.36871 -0.85287
vn 0.26350 0.20831 -0.94190
vn 0.13597 0.04205 -0.98982
vn 0.00024 -0.12539 -0.99211
vn -0.12980 -0.28930 -0.94840
vn -0.24078 -0.44509 -0.86251
vn -0.32111 -0.58838 -0.74209
vn -0.36201 -0.71514 -0.59793
vn -0.35834 -0.82182 -0.44295
vn -0.30906 -0.90542 -0.29102
vn -0.21736 -0.96360 -0.15569
vn -0.09031 -0.99471 -0.04894
vn 0.51908 0.77134 -0.36822
vn 0.55186 0.65424 -0.51712
vn 0.53876 0.51876 -0.66380
vn 0.48237 0.36871 -0.79459
vn 0.38930 0.20831 -0.89725
vn 0.26948 0.04205 -0.96209
vn 0.13533 -0.12539 -0.98283
vn 0.00055 -0.28930 -0.95724
vn -0.12109 -0.44509 -0.88726
vn -0.21707 -0.58838 -0.77890
vn -0.27722 -0.71514 -0.64166
vn -0.29469 -0.82182 -0.48762
vn -0.26656 -0.90542 -0.33039
vn -0.19413 -0.96360 -0.18383
vn -0.08280 -0.99471 -0.06078
vn 0.06206 -0.99700 0.04618
vn 0.56439 0.77134 -0.29411
vn 0.61714 0.65424 -0.43716
vn 0.62413 0.51876 -0.58425
vn 0.58608 0.36871 -0.72150
vn 0.50785 0.20831 -0.83588
vn 0.39797 0.04205 -0.91643
vn 0.26790 -0.12539 -0.95525
vn 0.13089 -0.28930 -0.94825
vn 0.00085 -0.44509 -0.89548
vn -0.10899 -0.58838 -0.80121
vn -0.18726 -0.71514 -0.67343
vn -0.22554 -0.82182 -0.52320
vn -0.21909 -0.90542 -0.36361
vn -0.16729 -0.96360 -0.20856
vn -0.07375 -0.99471 -0.07149
vn 0.05572 -0.99700 0.05374
vn 0.59918 0.77134 -0.21451
vn 0.67092 0.65424 -0.34905
vn 0.69787 0.51876 -0.49382
vn 0.67886 0.36871 -0.63498
vn 0.61694 0.20831 -0.75895
vn 0.51906 0.04205 -0.85371
vn 0.39548 -0.12539 -0.90988
vn 0.25879 -0.28930 -0.92159
vn 0.12278 -0.44509 -0.88703
vn 0.00112 -0.58838 -0.80859
vn -0.09382 -0.71514 -0.69265
vn -0.15220 -0.82182 -0.54904
vn -0.16753 -0.90542 -0.39006
vn -0.13734 -0.96360 -0.22939
vn -0.06333 -0.99471 -0.08087
vn 0.04844 -0.99699 0.06046
vn 0.62281 0.77134 -0.13093
vn 0.71220 0.65424 -0.25444
vn 0.75861 0.51876 -0.39420
vn 0.75900 0.36871 -0.53663
vn 0.71453 0.20831 -0.66787
vn 0.63047 0.04205 -0.77508
vn 0.51569 -0.12539 -0.84755
vn 0.38187 -0.28930 -0.87777
vn 0.24242 -0.44509 -0.86205
vn 0.11122 -0.58838 -0.80090
vn 0.00137 -0.71514 -0.69898
vn -0.07602 -0.82182 -0.56465
vn -0.11286 -0.90542 -0.40924
vn -0.10482 -0.96360 -0.24596
vn -0.05173 -0.99471 -0.08874
vn 0.04336 -0.99616 0.07607
vn 0.63484 0.77134 -0.04490
vn 0.74021 0.65424 -0.15510
vn 0.80522 0.51876 -0.28723
vn 0.82501 0.36871 -0.42828
vn 0.79882 0.20831 -0.56435
vn 0.73013 0.04205 -0.68201
vn 0.62629 -0.12539 -0.76944
vn 0.49784 -0.28930 -0.81760
vn 0.35754 -0.44509 -0.82101
vn 0.21924 -0.58838 -0.77830
vn 0.09653 -0.71514 -0.69228
vn 0.00157 -0.82182 -0.56974
vn -0.05609 -0.90542 -0.42079
vn -0.07035 -0.96360 -0.25794
vn -0.03917 -0.99471 -0.09496
vn 0.63504 0.77134 0.04196
vn 0.75444 0.65424 -0.05286
vn 0.83683 0.51876 -0.17491
vn 0.87564 0.36871 -0.31195
vn 0.86823 0.20831 -0.45033
vn 0.81620 0.04205 -0.57624
vn 0.72523 -0.12539 -0.67699
vn 0.60453 -0.28930 -0.74219
vn 0.46601 -0.44509 -0.76468
vn 0.32317 -0.58838 -0.74120
vn 0.18990 -0.71514 -0.67269
vn 0.07914 -0.82182 -0.56422
vn 0.00173 -0.90542 -0.42451
vn -0.03458 -0.96360 -0.26512
vn -0.02587 -0.99471 -0.09941
vn 0.62341 0.77134 0.12804
vn 0.75461 0.65424 0.05036
vn 0.85286 0.51876 -0.05933
vn 0.90996 0.36871 -0.18981
vn 0.92146 0.20831 -0.32791
vn 0.88706 0.04205 -0.45973
vn 0.81066 -0.12539 -0.57193
vn 0.69996 -0.28930 -0.65296
vn 0.56579 -0.44509 -0.69410
vn 0.42109 -0.58838 -0.69029
vn 0.27973 -0.71514 -0.64057
vn 0.15523 -0.82182 -0.54819
vn 0.05952 -0.90542 -0.42032
vn 0.00185 -0.96360 -0.26735
vn -0.01210 -0.99471 -0.10200
vn 0.60017 0.77134 0.21173
vn 0.74072 0.65424 0.15265
vn 0.85299 0.51876 0.05735
vn 0.92733 0.36871 -0.06414
vn 0.95753 0.20831 -0.19938
vn 0.94140 0.04205 -0.33466
vn 0.88099 -0.12539 -0.45622
vn 0.78235 -0.28930 -0.55157
vn 0.65503 -0.44509 -0.61059
vn 0.51116 -0.58838 -0.62652
vn 0.36435 -0.71514 -0.59651
vn 0.22843 -0.82182 -0.52195
vn 0.11620 -0.90542 -0.40830
vn 0.03823 -0.96360 -0.26461
vn 0.00191 -0.99471 -0.10270
vn 0.56575 0.77134 0.29148
vn 0.71304 0.65424 0.25209
vn 0.83724 0.51876 0.17297
vn 0.92742 0.36871 0.06273
vn 0.97576 0.20831 -0.06714
vn 0.97820 0.04205 -0.20335
vn 0.93490 -0.12539 -0.33201
vn 0.85017 -0.28930 -0.43990
vn 0.73207 -0.44509 -0.51571
vn 0.59171 -0.58838 -0.55108
vn 0.44218 -0.71514 -0.54134
vn 0.29737 -0.82182 -0.48598
vn 0.17072 -0.90542 -0.38867
vn 0.07391 -0.96360 -0.25694
vn 0.01587 -0.99471 -0.10148
vn -0.00132 -0.99786 0.06541
vn -0.01222 -0.99700 0.07640
vn 0.52079 0.77134 0.36580
vn 0.67207 0.65424 0.34683
vn 0.80589 0.51876 0.28536
vn 0.91024 0.36871 0.18843
vn 0.97581 0.20831 0.06635
vn 0.99678 0.04205 -0.06826
vn 0.97141 -0.12539 -0.20162
vn 0.90215 -0.28930 -0.32004
vn 0.79548 -0.44509 -0.41123
vn 0.66124 -0.58838 -0.46538
vn 0.51177 -0.71514 -0.47609
vn 0.36078 -0.82182 -0.44096
vn 0.22205 -0.90542 -0.36181
vn 0.10821 -0.96360 -0.24448
vn 0.02954 -0.99471 -0.09838
vn -0.02187 -0.99700 0.07428
vn 0.46613 0.77134 0.43331
vn 0.61858 0.65424 0.43511
vn 0.75953 0.51876 0.39244
vn 0.87611 0.36871 0.31062
vn 0.95769 0.20831 0.19860
vn 0.99679 0.04205 0.06810
vn 0.98981 -0.12539 -0.06746
vn 0.93733 -0.28930 -0.19421
vn 0.84406 -0.44509 -0.29908
vn 0.71845 -0.58838 -0.37100
vn 0.57183 -0.71514 -0.40197
vn 0.41746 -0.82182 -0.38773
vn 0.26925 -0.90542 -0.32820
vn 0.14049 -0.96360 -0.22747
vn 0.04266 -0.99471 -0.09344
vn -0.03120 -0.99699 0.07093
vn 0.40278 0.77134 0.49275
vn 0.55357 0.65424 0.51529
vn 0.69901 0.51876 0.49221
vn 0.82565 0.36871 0.42703
vn 0.92172 0.20831 0.32716
vn 0.97823 0.04205 0.20320
vn 0.98978 -0.12539 0.06794
vn 0.95504 -0.28930 -0.06477
vn 0.87693 -0.44509 -0.18136
vn 0.76227 -0.58838 -0.26972
vn 0.62124 -0.71514 -0.32036
vn 0.46637 -0.82182 -0.32728
vn 0.31143 -0.90542 -0.28848
vn 0.17016 -0.96360 -0.20622
vn 0.05499 -0.99471 -0.08676
vn -0.04714 -0.99619 0.07341
vn 0.33194 0.77134 0.54300
vn 0.47825 0.65424 0.58587
vn 0.62548 0.51876 0.58280
vn 0.75982 0.36871 0.53548
vn 0.86859 0.20831 0.44962
vn 0.94145 0.04205 0.33451
vn 0.97131 -0.12539 0.20208
vn 0.95497 -0.28930 0.06587
vn 0.89346 -0.44509 -0.06026
vn 0.79190 -0.58838 -0.16341
vn 0.65908 -0.71514 -0.23278
vn 0.50659 -0.82182 -0.26072
vn 0.34781 -0.90542 -0.24339
vn 0.19665 -0.96360 -0.18113
vn 0.06629 -0.99471 -0.07846
vn 0.25490 0.77134 0.58314
vn 0.39402 0.65424 0.64553
vn 0.54030 0.51876 0.66254
vn 0.67983 0.36871 0.63395
vn 0.79928 0.20831 0.56371
vn 0.88714 0.04205 0.45959
vn 0.93474 -0.12539 0.33246
vn 0.93710 -0.28930 0.19530
vn 0.89334 -0.44509 0.06196
vn 0.80678 -0.58838 -0.05406
vn 0.68464 -0.71514 -0.14087
vn 0.53737 -0.82182 -0.18931
vn 0.37771 -0.90542 -0.19376
vn 0.21949 -0.96360 -0.15267
vn 0.07636 -0.99471 -0.06870
vn 0.17313 0.77134 0.61242
vn 0.30245 0.65424 0.69317
vn 0.44505 0.51876 0.72994
vn 0.58717 0.36871 0.72061
vn 0.71508 0.20831 0.66729
vn 0.81629 0.04205 0.57610
vn 0.88077 -0.12539 0.45665
vn 0.90178 -0.28930 0.32108
vn 0.87658 -0.44509 0.18302
vn 0.80662 -0.58838 0.05630
vn 0.69744 -0.71514 -0.04633
vn 0.55815 -0.82182 -0.11438
vn 0.40058 -0.90542 -0.14052
vn 0.23823 -0.96360 -0.12136
vn 0.08500 -0.99471 -0.05767
vn 0.08812 0.77134 0.63029
vn 0.20525 0.65424 0.72790
vn 0.34151 0.51876 0.78375
vn 0.48358 0.36871 0.79386
vn 0.61755 0.20831 0.75844
vn 0.73024 0.04205 0.68189
vn 0.81038 -0.12538 0.57232
vn 0.84966 -0.28930 0.44088
vn 0.84349 -0.44509 0.30068
vn 0.79144 -0.58838 0.16561
vn 0.69726 -0.71514 0.04906
vn 0.56852 -0.82182 -0.03731
vn 0.41598 -0.90542 -0.08467
vn 0.25254 -0.96360 -0.08779
vn 0.09206 -0.99471 -0.04556
vn -0.06965 -0.99700 0.03364
vn 0.00148 0.77134 0.63642
vn 0.10422 0.65424 0.74907
vn 0.23161 0.51876 0.82295
vn 0.37098 0.36871 0.85231
vn 0.50853 0.20831 0.83547
vn 0.63059 0.04205 0.77497
vn 0.72491 -0.12539 0.67734
vn 0.78172 -0.28930 0.55247
vn 0.79470 -0.44509 0.41274
vn 0.76152 -0.58838 0.27184
vn 0.68408 -0.71514 0.14355
vn 0.56831 -0.82182 0.04045
vn 0.42364 -0.90542 -0.02724
vn 0.26214 -0.96360 -0.05259
vn 0.09741 -0.99471 -0.03260
vn -0.07341 -0.99700 0.02453
vn -0.08520 0.77134 0.63069
vn 0.00125 0.65424 0.75628
vn 0.11739 0.51876 0.84682
vn 0.25147 0.36871 0.89488
vn 0.39003 0.20831 0.89693
vn 0.51919 0.04205 0.85362
vn 0.62592 -0.12539 0.76974
vn 0.69921 -0.28930 0.65377
vn 0.73109 -0.44509 0.51710
vn 0.71741 -0.58838 0.37300
vn 0.65816 -0.71514 0.23536
vn 0.55751 -0.82182 0.11746
vn 0.42340 -0.90542 0.03070
vn 0.26686 -0.96360 -0.01640
vn 0.10094 -0.99471 -0.01903
vn -0.07600 -0.99700 0.01498
vn -0.17028 0.77134 0.61322
vn -0.10174 0.65424 0.74941
vn 0.00099 0.51876 0.85492
vn 0.12727 0.36871 0.92079
vn 0.26426 0.20831 0.94169
vn 0.39812 0.04205 0.91637
vn 0.51528 -0.12538 0.84780
vn 0.60367 -0.28930 0.74289
vn 0.65387 -0.44509 0.61184
vn 0.65994 -0.58838 0.46721
vn 0.61998 -0.71514 0.32279
vn 0.53632 -0.82182 0.19228
vn 0.41528 -0.90542 0.08807
vn 0.26660 -0.96360 0.02009
vn 0.10259 -0.99471 -0.00511
vn -0.07733 -0.99699 0.00515
vn -0.25220 0.77134 0.58432
vn -0.20284 0.65424 0.72858
vn -0.11543 0.51876 0.84709
vn 0.00070 0.36871 0.92954
vn 0.13357 0.20831 0.96890
vn 0.26964 0.04205 0.96204
vn 0.39504 -0.12539 0.91007
vn 0.49689 -0.28930 0.81817
vn 0.56447 -0.44509 0.69517
vn 0.59017 -0.58838 0.55272
vn 0.57026 -0.71514 0.40420
vn 0.50514 -0.82182 0.26352
vn 0.39942 -0.90542 0.14379
vn 0.26139 -0.96360 0.05620
vn 0.10233 -0.99471 0.00891
vn -0.08663 -0.99621 -0.00773
vn -0.32941 0.77134 0.54454
vn -0.30016 0.65424 0.69417
vn -0.22970 0.51876 0.82348
vn -0.12588 0.36871 0.92098
vn 0.00040 0.20830 0.97806
vn 0.13613 0.04205 0.98980
vn 0.26744 -0.12539 0.95538
vn 0.38086 -0.28930 0.87821
vn 0.46455 -0.44509 0.76556
vn 0.50942 -0.58838 0.62794
vn 0.50991 -0.71514 0.47809
vn 0.46456 -0.82182 0.32985
vn 0.37612 -0.90542 0.19684
vn 0.25130 -0.96360 0.09127
vn 0.10016 -0.99471 0.02276
vn -0.40049 0.77134 0.49461
vn -0.39188 0.65424 0.64683
vn -0.33969 0.51876 0.78454
vn -0.25011 0.36871 0.89527
vn -0.13279 0.20831 0.96901
vn 0.00008 0.04205 0.99912
vn 0.13485 -0.12539 0.98290
vn 0.25773 -0.28930 0.92189
vn 0.35598 -0.44509 0.82169
vn 0.41917 -0.58838 0.69146
vn 0.44006 -0.71514 0.54307
vn 0.41532 -0.82182 0.39003
vn 0.34581 -0.90542 0.24622
vn 0.23653 -0.96360 0.12464
vn 0.09613 -0.99471 0.03619
vn -0.46411 0.77134 0.43547
vn -0.47631 0.65424 0.58745
vn -0.44335 0.51876 0.73097
vn -0.36969 0.36871 0.85287
vn -0.26350 0.20831 0.94190
vn -0.13597 0.04205 0.98982
vn -0.00024 -0.12538 0.99211
vn 0.12980 -0.28930 0.94840
vn 0.24078 -0.44509 0.86251
vn 0.32111 -0.58838 0.74209
vn 0.36201 -0.71514 0.59793
vn 0.35834 -0.82182 0.44295
vn 0.30906 -0.90542 0.29102
vn 0.21736 -0.96360 0.15569
vn 0.09031 -0.99471 0.04894
vn -0.51908 0.77134 0.36822
vn -0.55186 0.65424 0.51712
vn -0.53876 0.51876 0.66380
vn -0.48237 0.36871 0.79459
vn -0.38930 0.20831 0.89725
vn -0.26948 0.04205 0.96209
vn -0.13533 -0.12539 0.98283
vn -0.00055 -0.28930 0.95724
vn 0.12109 -0.44509 0.88726
vn 0.21707 -0.58838 0.77890
vn 0.27722 -0.71514 0.64166
vn 0.29469 -0.82182 0.48762
vn 0.26656 -0.90542 0.33039
vn 0.19413 -0.96360 0.18383
vn 0.08280 -0.99471 0.06078
vn -0.06206 -0.99700 -0.04618
vn -0.56439 0.77134 0.29411
vn -0.61714 0.65424 0.43716
vn -0.62413 0.51876 0.58425
vn -0.58608 0.36871 0.72150
vn -0.50785 0.20831 0.83588
vn -0.39798 0.04205 0.91643
vn -0.26790 -0.12539 0.95525
vn -0.13089 -0.28930 0.94825
vn -0.00085 -0.44509 0.89548
vn 0.10899 -0.58838 0.80121
vn 0.18727 -0.71514 0.67343
vn 0.22554 -0.82182 0.52320
vn 0.21909 -0.90542 0.36361
vn 0.16729 -0.96360 0.20856
vn 0.07375 -0.99471 0.07149
vn -0.05572 -0.99700 -0.05374
vn -0.59918 0.77134 0.21451
vn -0.67092 0.65424 0.34905
vn -0.69787 0.51876 0.49382
vn -0.67886 0.36871 0.63498
vn -0.61694 0.20831 0.75895
vn -0.51906 0.04205 0.85371
vn -0.39548 -0.12539 0.90988
vn -0.25879 -0.28930 0.92159
vn -0.12278 -0.44509 0.88703
vn -0.00112 -0.58838 0.80859
vn 0.09382 -0.71514 0.69265
vn 0.15220 -0.82182 0.54904
vn 0.16753 -0.90542 0.39006
vn 0.13733 -0.96360 0.22939
vn 0.06333 -0.99471 0.08087
vn -0.04844 -0.99699 -0.06046
vn -0.62281 0.77134 0.13093
vn -0.71220 0.65424 0.25444
vn -0.75861 0.51876 0.39420
vn -0.75900 0.36871 0.53663
vn -0.71453 0.20831 0.66787
vn -0.63047 0.04205 0.77508
vn -0.51569 -0.12539 0.84755
vn -0.38187 -0.28930 0.87777
vn -0.24242 -0.44509 0.86205
vn -0.11122 -0.58838 0.80090
vn -0.00137 -0.71514 0.69898
vn 0.07602 -0.82182 0.56465
vn 0.11286 -0.90542 0.40923
vn 0.10482 -0.96360 0.24596
vn 0.05173 -0.99471 0.08874
vn -0.04336 -0.99616 -0.07607
vn -0.63484 0.77134 0.04490
vn -0.74021 0.65424 0.15510
vn -0.80522 0.51876 0.28723
vn -0.82501 0.36871 0.42828
vn -0.79882 0.20831 0.56435
vn -0.73014 0.04205 0.68201
vn -0.62629 -0.12539 0.76944
vn -0.49784 -0.28930 0.81760
vn -0.35754 -0.44509 0.82101
vn -0.21924 -0.58838 0.77830
vn -0.09653 -0.71514 0.69228
vn -0.00157 -0.82182 0.56974
vn 0.05609 -0.90542 0.42079
vn 0.07035 -0.96360 0.25794
vn 0.03917 -0.99471 0.09496
vn -0.63504 0.77134 -0.04196
vn -0.75443 0.65424 0.05286
vn -0.83684 0.51876 0.17491
vn -0.87564 0.36871 0.31195
vn -0.86823 0.20831 0.45033
vn -0.81620 0.04205 0.57624
vn -0.72523 -0.12539 0.67699
vn -0.60453 -0.28930 0.74219
vn -0.46601 -0.44509 0.76468
vn -0.32317 -0.58838 0.74120
vn -0.18990 -0.71514 0.67269
vn -0.07914 -0.82182 0.56422
vn -0.00173 -0.90542 0.42451
vn 0.03458 -0.96360 0.26512
vn 0.02587 -0.99471 0.09941
vn -0.62341 0.77134 -0.12804
vn -0.75461 0.65424 -0.05036
vn -0.85286 0.51876 0.05933
vn -0.90996 0.36871 0.18981
vn -0.92146 0.20831 0.32791
vn -0.88706 0.04205 0.45973
vn -0.81066 -0.12539 0.57193
vn -0.69996 -0.28930 0.65296
vn -0.56579 -0.44509 0.69410
vn -0.42109 -0.58838 0.69029
vn -0.27973 -0.71514 0.64057
vn -0.15523 -0.82182 0.54819
vn -0.05952 -0.90542 0.42032
vn -0.00185 -0.96360 0.26735
vn 0.01210 -0.99471 0.10200
vn -0.60017 0.77134 -0.21173
vn -0.74072 0.65424 -0.15265
vn -0.85299 0.51876 -0.05735
vn -0.92733 0.36871 0.06414
vn -0.95753 0.20831 0.19938
vn -0.94140 0.04205 0.33466
vn -0.88099 -0.12539 0.45622
vn -0.78235 -0.28930 0.55157
vn -0.65503 -0.44509 0.61059
vn -0.51116 -0.58838 0.62652
vn -0.36435 -0.71514 0.59651
vn -0.22843 -0.82182 0.52195
vn -0.11620 -0.90542 0.40830
vn -0.03823 -0.96360 0.26461
vn -0.00191 -0.99471 0.10270
vn -0.92475 -0.31498 0.21360
vn -0.93654 -0.31236 0.15916
vn -0.44655 -0.31506 0.83745
vn -0.49093 -0.30636 0.81555
vn -0.54822 -0.31468 0.77488
vn -0.58923 -0.30558 0.74795
vn -0.64115 -0.31466 0.69994
vn -0.69279 -0.30638 0.65282
vn -0.73173 -0.30690 0.60859
vn -0.79517 -0.31498 0.51816
vn -0.81995 -0.31445 0.47833
vn -0.85122 -0.30679 0.42580
vn -0.87609 -0.30624 0.37241
vn -0.90401 -0.29861 0.30594
vn -0.94659 -0.31470 0.07026
vn -0.94894 -0.31458 0.02345
vn -0.95109 -0.30681 -0.03597
vn -0.94697 -0.30704 -0.09469
vn -0.94106 -0.29898 -0.15814
vn -0.91305 -0.31506 -0.25899
vn -0.90117 -0.30635 -0.30668
vn -0.87342 -0.31474 -0.37160
vn -0.85592 -0.30570 -0.41707
vn -0.81988 -0.31468 -0.47830
vn -0.78496 -0.30641 -0.53847
vn -0.75002 -0.30688 -0.58591
vn -0.67487 -0.31494 -0.66736
vn -0.64119 -0.31446 -0.69999
vn -0.59674 -0.30681 -0.74147
vn -0.54982 -0.30639 -0.77706
vn -0.49225 -0.29862 -0.81763
vn -0.40466 -0.31501 -0.85850
vn -0.35961 -0.30644 -0.88135
vn -0.29373 -0.31472 -0.90259
vn -0.21849 -0.31973 -0.92198
vn -0.16667 -0.30679 -0.93707
vn -0.11729 -0.29841 -0.94720
vn -0.04973 -0.30692 -0.95044
vn 0.05967 -0.31505 -0.94720
vn 0.10642 -0.31444 -0.94329
vn 0.16823 -0.30670 -0.93682
vn 0.22592 -0.30583 -0.92489
vn 0.29373 -0.31472 -0.90259
vn 0.35961 -0.30644 -0.88135
vn 0.41341 -0.30686 -0.85728
vn 0.50924 -0.31489 -0.80095
vn 0.54825 -0.31448 -0.77493
vn 0.59795 -0.30682 -0.74049
vn 0.64265 -0.30655 -0.70216
vn 0.69338 -0.29866 -0.65576
vn 0.75327 -0.31504 -0.57736
vn 0.78496 -0.30641 -0.53846
vn 0.81988 -0.31468 -0.47830
vn 0.85431 -0.31368 -0.41444
vn 0.87204 -0.30664 -0.38146
vn 0.90116 -0.30635 -0.30668
vn 0.91824 -0.30692 -0.25029
vn 0.93834 -0.31504 -0.14236
vn 0.94443 -0.31444 -0.09584
vn 0.95117 -0.30673 -0.03440
vn 0.95173 -0.30596 0.02450
vn 0.94432 -0.31477 0.09584
vn 0.93757 -0.30648 0.16440
vn 0.92549 -0.30683 0.22208
vn 0.89067 -0.31484 0.32800
vn 0.87349 -0.31451 0.37163
vn 0.85051 -0.30682 0.42719
vn 0.82250 -0.30671 0.47898
vn 0.68546 -0.31241 0.65769
vn 0.62200 -0.31443 0.71711
vn 0.78890 -0.29873 0.53703
vn 0.72384 -0.31505 0.61384
vn 0.59692 -0.30564 0.74180
vn 0.55784 -0.30660 0.77124
vn 0.49093 -0.30636 0.81555
vn 0.43945 -0.30691 0.84421
vn 0.33792 -0.31501 0.88689
vn 0.29376 -0.31444 0.90268
vn 0.23547 -0.30676 0.92220
vn 0.17802 -0.30610 0.93521
vn 0.09857 -0.30671 0.94669
vn -0.02061 -0.30679 0.95156
vn -0.13187 -0.31477 0.93996
vn -0.17813 -0.31454 0.93238
vn -0.23698 -0.30682 0.92179
vn -0.29351 -0.30687 0.90536
vn -0.35582 -0.29884 0.88549
vn 0.22515 -0.55566 0.80035
vn 0.10335 -0.55566 0.82496
vn 0.00000 -1.00000 0.00000
vn -0.02076 -0.55566 0.83115
vn -0.14441 -0.55566 0.81878
vn 0.55011 -0.55566 0.62340
vn 0.45105 -0.55566 0.69843
vn 0.34192 -0.55566 0.75785
vn 0.76611 -0.55566 0.32298
vn 0.70942 -0.55566 0.43356
vn 0.63688 -0.55566 0.53445
vn 0.83038 -0.55566 -0.04141
vn 0.82728 -0.55566 0.08282
vn 0.80569 -0.55566 0.20519
vn 0.73018 -0.55566 -0.39760
vn 0.78128 -0.55566 -0.28433
vn 0.81493 -0.55566 -0.16471
vn 0.48536 -0.55566 -0.67504
vn 0.58055 -0.55566 -0.59516
vn 0.66277 -0.55566 -0.50198
vn 0.14441 -0.55566 -0.81878
vn 0.26483 -0.55566 -0.78811
vn 0.37933 -0.55566 -0.73983
vn -0.22515 -0.55566 -0.80035
vn -0.10335 -0.55566 -0.82496
vn 0.02076 -0.55566 -0.83115
vn -0.55011 -0.55566 -0.62340
vn -0.45105 -0.55566 -0.69843
vn -0.34192 -0.55566 -0.75785
vn -0.76611 -0.55566 -0.32298
vn -0.70942 -0.55566 -0.43356
vn -0.63688 -0.55566 -0.53445
vn -0.83038 -0.55566 0.04141
vn -0.82728 -0.55566 -0.08282
vn -0.80569 -0.55566 -0.20519
vn -0.73018 -0.55566 0.39760
vn -0.78128 -0.55566 0.28433
vn -0.81493 -0.55566 0.16471
vn -0.48536 -0.55566 0.67504
vn -0.58055 -0.55566 0.59516
vn -0.66277 -0.55566 0.50198
vn -0.26483 -0.55566 0.78811
vn -0.37933 -0.55566 0.73983
vn -0.54297 0.53542 0.64692
vn -0.23652 0.85507 0.46142
vn -0.48614 0.82658 0.28362
vn -0.22037 0.96593 0.13574
vn -0.50951 0.79371 0.33229
vn -0.49520 0.82781 0.26363
vn -0.09199 0.99477 0.04430
vn -0.47051 0.86466 0.17601
vn -0.41795 0.60276 0.67971
vn -0.62723 0.54950 0.55194
vn -0.33119 0.93955 0.08689
vn -0.33580 0.93967 0.06530
vn -0.59406 0.76145 0.25938
vn -0.55384 0.83007 0.06511
vn -0.66342 0.74724 0.03889
vn -0.09788 0.99518 0.00628
vn -0.56098 0.82783 -0.00000
vn -0.58334 0.81155 -0.03306
vn -0.33574 0.94140 -0.03226
vn -0.67287 0.64198 -0.36756
vn -0.33954 0.93957 -0.04375
vn -0.33580 0.93967 -0.06530
vn -0.55935 0.58353 -0.58874
vn -0.33066 0.93984 -0.08585
vn -0.52991 0.56886 -0.62896
vn -0.52091 0.82828 -0.20640
vn -0.60612 0.50566 -0.61394
vn -0.09199 0.99477 -0.04430
vn -0.59139 0.73458 -0.33264
vn -0.82962 0.53240 -0.16818
vn -0.57071 0.80957 0.13742
vn -0.47039 0.82758 -0.30634
vn -0.08457 0.94980 -0.30121
vn -0.26468 0.95402 -0.14067
vn -0.28170 0.93950 -0.19489
vn -0.43889 0.82771 -0.34966
vn -0.80957 0.53990 -0.23043
vn -0.07756 0.99480 -0.06603
vn -0.35107 0.86448 -0.35974
vn -0.78880 0.58515 -0.18811
vn -0.76771 0.56105 -0.30960
vn -0.21452 0.93900 -0.26882
vn -0.30073 0.86204 -0.40798
vn -0.45669 0.84110 -0.28980
vn -0.29394 0.81204 -0.50418
vn -0.18072 0.93757 -0.29715
vn -0.14895 0.94053 -0.30531
vn -0.03194 0.64497 -0.76354
vn -0.13932 0.93911 -0.31412
vn -0.15671 0.86551 -0.47574
vn -0.02285 0.99471 -0.10011
vn 0.17108 0.51198 -0.84179
vn -0.13246 0.82736 -0.54583
vn 0.24296 0.58060 -0.77709
vn 0.33591 0.62269 -0.70670
vn -0.02670 0.99466 -0.09970
vn -0.04028 0.73437 -0.67756
vn 0.15193 0.87901 -0.45195
vn 0.00373 0.89538 -0.44529
vn 0.01111 0.93986 -0.34139
vn -0.24533 0.67657 -0.69431
vn 0.06027 0.82815 -0.55725
vn -0.29786 0.56458 -0.76976
vn 0.06440 0.93962 -0.33610
vn -0.27151 0.57134 -0.77450
vn 0.14178 0.82798 -0.54253
vn -0.22557 0.58685 -0.77764
vn 0.11421 0.93822 -0.32666
vn 0.07316 0.76162 -0.64389
vn 0.13212 0.93875 -0.31826
vn 0.31400 0.75071 -0.58125
vn 0.31973 0.86811 -0.37967
vn 0.77338 0.62994 -0.07117
vn 0.51467 0.70527 -0.48755
vn 0.15845 0.93939 -0.30405
vn 0.18610 0.93809 -0.29214
vn 0.19814 0.93787 -0.28485
vn 0.78416 0.58839 -0.19720
vn 0.38798 0.82800 -0.40483
vn 0.80344 0.57426 -0.15720
vn 0.25823 0.93955 -0.22486
vn 0.81925 0.53423 -0.20841
vn 0.26127 0.93926 -0.22255
vn 0.50798 0.79266 -0.33712
vn 0.47084 0.87759 -0.09026
vn 0.49512 0.55657 -0.66715
vn 0.30712 0.87773 -0.36778
vn 0.44041 0.86448 -0.24232
vn 0.36399 0.89975 -0.24074
vn 0.21173 0.96793 -0.13521
vn 0.30897 0.93935 -0.14888
vn 0.31731 0.93986 -0.12641
vn 0.52241 0.56595 -0.63780
vn 0.53430 0.82854 -0.16746
vn 0.55171 0.58163 -0.59777
vn 0.34138 0.93697 -0.07450
vn 0.59238 0.75751 -0.27435
vn 0.55825 0.82546 -0.08350
vn 0.65753 0.75106 -0.05974
vn 0.09947 0.99496 -0.01283
vn 0.34474 0.93858 -0.01456
vn 0.66425 0.74650 0.03890
vn 0.82608 0.53462 0.17826
vn 0.57071 0.80958 -0.13742
vn 0.57655 0.71502 0.39538
vn 0.34242 0.93929 0.02179
vn 0.33443 0.94167 0.03766
vn 0.59681 0.69218 0.40584
vn 0.54838 0.82996 0.10223
vn 0.55338 0.58110 0.59673
vn 0.32669 0.94013 0.09712
vn 0.53427 0.57173 0.62264
vn 0.52724 0.82777 0.19188
vn 0.50630 0.56008 0.65572
vn 0.31141 0.93972 0.14124
vn 0.46065 0.80058 0.38325
vn 0.30742 0.93969 0.14993
vn 0.38871 0.89527 0.21769
vn 0.47356 0.82774 0.30097
vn 0.27768 0.93957 0.20024
vn 0.42617 0.82837 0.36358
vn 0.80350 0.57393 0.15811
vn 0.24343 0.94008 0.23872
vn 0.78522 0.53696 0.30838
vn 0.36676 0.82955 0.42110
vn 0.77555 0.59505 0.21079
vn 0.21810 0.94212 0.25464
vn 0.50773 0.76463 0.39692
vn 0.31272 0.82760 0.46613
vn 0.33543 0.74556 0.57587
vn 0.05220 0.99492 0.08611
vn 0.15682 0.94060 0.30113
vn -0.03484 0.78304 0.62100
vn 0.19602 0.83026 0.52177
vn -0.22416 0.58640 0.77839
vn 0.09485 0.94030 0.32686
vn -0.24969 0.57836 0.77663
vn 0.12010 0.82833 0.54721
vn -0.29787 0.56464 0.76971
vn 0.04172 0.93967 0.33952
vn -0.09433 0.80130 0.59078
vn 0.03740 0.82711 0.56080
vn 0.00921 0.95272 0.30371
vn -0.00911 0.93899 0.34382
vn 0.23038 0.79089 0.56694
vn -0.02738 0.93949 0.34148
vn 0.22972 0.53438 0.81343
vn -0.05463 0.93957 0.33796
vn -0.07121 0.93982 0.33418
vn 0.25852 0.57508 0.77618
vn -0.16048 0.82906 0.53564
vn 0.21431 0.59036 0.77817
vn -0.11577 0.94118 0.31746
vn -0.07231 0.83438 0.54642
vn -0.23295 0.83043 0.50609
vn -0.31593 0.74734 0.58453
vn -0.04530 0.99519 0.08683
vn -0.29858 0.82777 0.47503
vn -0.58085 0.65067 0.48913
vn -0.20573 0.94070 0.26973
vn -0.76779 0.59860 0.22840
vn -0.21056 0.94015 0.26793
vn -0.78768 0.58484 0.19370
vn -0.39812 0.82883 0.39311
vn -0.80755 0.57070 0.14890
vn -0.26077 0.93997 0.22012
vn -0.82572 0.53091 0.19059
vn -0.65057 0.74112 0.16582
vn -0.27464 0.93946 0.20490
vn 0.70070 0.18027 -0.69031
vn 0.18222 0.13018 -0.97460
vn 0.11714 0.05966 -0.99132
vn 0.23992 0.06036 -0.96891
vn -0.67881 0.17828 -0.71234
vn -0.58764 0.78384 -0.20068
vn -0.06944 0.30831 -0.94875
vn -0.36004 0.41051 -0.83777
vn -0.54159 0.25158 -0.80212
vn -0.30622 0.13623 -0.94216
vn -0.26156 -0.02150 -0.96495
vn -0.35235 0.22050 -0.90952
vn -0.43134 0.13151 -0.89255
vn -0.47418 0.41912 -0.77426
vn -0.67287 -0.02926 -0.73918
vn 0.36276 0.51633 -0.77576
vn -0.25372 0.25661 -0.93262
vn -0.52191 0.13013 -0.84301
vn -0.57179 0.12637 -0.81061
vn -0.62159 0.13165 -0.77220
vn -0.01062 0.30032 -0.95378
vn -0.71095 0.12932 -0.69125
vn -0.06709 0.31685 -0.94610
vn -0.76027 0.12935 -0.63660
vn -0.55772 0.58067 -0.59310
vn -0.80503 0.13017 -0.57878
vn -0.76920 0.44655 -0.45708
vn -0.86734 0.12937 -0.48061
vn -0.90968 0.41261 0.04730
vn -0.92075 0.03240 -0.38881
vn -0.85268 0.31711 0.41518
vn -0.94345 0.03180 -0.32999
vn -0.84069 0.30793 0.44544
vn -0.95296 0.12844 -0.27454
vn -0.81757 0.28933 0.49786
vn -0.97008 0.13001 -0.20502
vn -0.85144 0.51566 0.09565
vn -0.98976 0.03374 -0.13869
vn -0.90853 0.41461 -0.05166
vn -0.97067 0.22295 -0.08995
vn -0.99106 0.13318 -0.00841
vn -0.90531 0.41738 0.07884
vn -0.98708 0.13166 0.09131
vn -0.98879 0.02639 0.14696
vn -0.85196 0.40241 -0.33500
vn -0.97248 0.12802 0.19467
vn -0.82287 0.29560 -0.48529
vn -0.95907 0.06036 0.27668
vn -0.64012 0.45961 -0.61563
vn -0.99806 0.00800 -0.06173
vn -0.93514 0.13018 0.32950
vn -0.91708 0.05966 0.39422
vn -0.27750 0.17828 0.94404
vn 0.12002 0.78384 0.60926
vn -0.78615 0.31062 0.53432
vn -0.54551 0.41051 0.73069
vn -0.17351 0.42251 0.88959
vn -0.66283 0.13623 0.73628
vn -0.70489 -0.02150 0.70899
vn -0.61149 0.22050 0.75991
vn -0.55730 0.13151 0.81983
vn -0.43344 0.41912 0.79779
vn -0.30371 -0.02926 0.95231
vn -0.86895 0.44134 0.22393
vn -0.68081 0.25661 0.68604
vn -0.46912 0.13013 0.87350
vn -0.41612 0.12636 0.90049
vn -0.35795 0.13165 0.92441
vn -0.82069 0.30032 0.48609
vn -0.24317 0.12932 0.96133
vn -0.78580 0.31685 0.53115
vn -0.17117 0.12935 0.97671
vn -0.28096 0.44084 0.85248
vn -0.09872 0.13017 0.98656
vn -0.01124 0.44655 0.89469
vn 0.01745 0.12937 0.99144
vn 0.49580 0.41261 0.76416
vn 0.12365 0.03240 0.99180
vn 0.78589 0.31712 0.53086
vn 0.18595 0.03180 0.98204
vn 0.80611 0.30793 0.50534
vn 0.23872 0.12844 0.96256
vn 0.83994 0.28933 0.45911
vn 0.30749 0.13001 0.94263
vn 0.50856 0.51566 0.68954
vn 0.37477 0.03374 0.92650
vn 0.44201 0.18800 0.87709
vn 0.40744 0.22296 0.88560
vn 0.48825 0.13318 0.86248
vn 0.52093 0.41738 0.74460
vn 0.57262 0.13166 0.80918
vn 0.62166 0.02639 0.78284
vn 0.13586 0.40241 0.90532
vn 0.65483 0.12802 0.74486
vn -0.17195 0.40944 0.89598
vn 0.71914 0.06036 0.69224
vn -0.21309 0.45961 0.86218
vn 0.24748 0.18027 0.95198
vn 0.75292 0.13018 0.64511
vn 0.79994 0.05966 0.59711
vn 0.95631 0.17828 -0.23170
vn 0.46762 0.78384 -0.40856
vn 0.85636 0.30831 0.41424
vn 0.90555 0.41051 0.10708
vn 0.84868 0.52552 -0.05975
vn 0.96905 0.13623 0.20589
vn 0.96645 -0.02150 0.25596
vn 0.96384 0.22050 0.14962
vn 0.98864 0.13151 0.07272
vn 0.90762 0.41912 -0.02352
vn 0.97658 -0.02926 -0.21313
vn 0.62840 0.44134 0.64057
vn 0.93453 0.25661 0.24657
vn 0.99103 0.13013 -0.03048
vn 0.98790 0.12636 -0.08987
vn 0.97954 0.13165 -0.15221
vn 0.83131 0.30032 0.46769
vn 0.95412 0.12932 -0.27007
vn 0.97276 0.12494 0.19526
vn 0.93145 0.12935 -0.34012
vn 0.81684 0.57629 0.02574
vn 0.90375 0.13017 -0.40779
vn 0.78037 0.44674 -0.43755
vn 0.84989 0.12937 -0.51084
vn 0.40817 0.58068 -0.70441
vn 0.79710 0.03240 -0.60298
vn 0.06679 0.31711 -0.94603
vn 0.75750 0.03180 -0.65206
vn 0.03458 0.30793 -0.95078
vn 0.71424 0.12844 -0.68801
vn -0.02237 0.28933 -0.95697
vn 0.66260 0.13001 -0.73761
vn 0.12333 0.61549 -0.77843
vn 0.61499 0.03374 -0.78781
vn 0.49900 0.41461 -0.76099
vn 0.56323 0.22296 -0.79565
vn 0.50281 0.13318 -0.85408
vn 0.41512 0.19189 -0.88930
vn 0.85321 0.45961 -0.24655
vn 0.83171 0.29560 -0.46998
vn 0.31765 0.12802 -0.93953
vn 0.71610 0.40241 -0.57032
vn 0.36712 0.02639 -0.92980
vn 0.41446 0.13166 -0.90049
vn 0.23814 0.44054 0.86557
vn -0.02199 0.30268 0.95284
vn -0.75626 0.03211 0.65349
vn -0.79167 0.12864 0.59725
vn -0.84021 0.03434 0.54118
vn -0.77789 0.43637 0.45218
vn -0.87823 0.13046 0.46010
vn -0.80276 0.44226 0.39998
vn -0.75986 0.60682 -0.23320
vn -0.86868 0.44054 -0.22655
vn -0.81419 0.30268 -0.49546
vn -0.18781 0.03211 -0.98168
vn -0.12139 0.12864 -0.98423
vn -0.04857 0.03434 -0.99823
vn 0.00000 0.25529 -0.96687
vn 0.04066 0.13046 -0.99062
vn 0.05498 0.44226 -0.89520
vn 0.39505 0.42987 -0.81188
vn 0.63053 0.44055 -0.63902
vn 0.83618 0.30268 -0.45738
vn 0.94406 0.03211 0.32819
vn 0.91307 0.12864 0.38699
vn 0.88878 0.03434 0.45705
vn 0.83733 0.25529 0.48343
vn 0.83757 0.13047 0.53052
vn 0.74748 0.44300 0.49499
vn 0.46784 0.63563 0.61408
vn 0.17072 0.98319 0.06481
vn 0.17922 0.98319 0.03502
vn -0.00000 1.00000 -0.00000
vn 0.15731 0.98319 0.09273
vn 0.13938 0.98319 0.11798
vn 0.11744 0.98319 0.13984
vn 0.09212 0.98319 0.15767
vn 0.06414 0.98319 0.17097
vn 0.03433 0.98319 0.17935
vn 0.00352 0.98319 0.18258
vn -0.02738 0.98319 0.18054
vn -0.05750 0.98319 0.17332
vn -0.08597 0.98319 0.16111
vn -0.11196 0.98319 0.14426
vn -0.13473 0.98319 0.12327
vn -0.15362 0.98319 0.09872
vn -0.16810 0.98319 0.07134
vn -0.17774 0.98319 0.04191
vn -0.18226 0.98319 0.01127
vn -0.18154 0.98319 -0.01970
vn -0.17560 0.98319 -0.05009
vn -0.16461 0.98319 -0.07905
vn -0.14888 0.98319 -0.10573
vn -0.12887 0.98319 -0.12937
vn -0.10516 0.98319 -0.14929
vn -0.07841 0.98319 -0.16492
vn -0.04941 0.98319 -0.17580
vn -0.01899 0.98319 -0.18162
vn 0.01197 0.98319 -0.18222
vn 0.04260 0.98319 -0.17757
vn 0.07199 0.98319 -0.16782
vn 0.09932 0.98319 -0.15324
vn 0.12379 0.98319 -0.13425
vn 0.14470 0.98319 -0.11140
vn 0.16144 0.98319 -0.08534
vn 0.17354 0.98319 -0.05683
vn 0.18065 0.98319 -0.02668
vn 0.18256 0.98319 0.00423
vn 0.74112 0.65596 -0.14307
vn 0.36447 0.93060 -0.03381
vn 0.74879 0.66275 -0.00833
vn 0.24366 0.96779 -0.06337
vn 0.46016 0.87971 -0.11982
vn 0.70325 0.66275 -0.25730
vn 0.34402 0.93107 -0.12152
vn 0.33323 0.93050 -0.15206
vn 0.64965 0.66275 -0.37245
vn 0.19424 0.96802 -0.15875
vn 0.57723 0.65596 -0.48634
vn 0.30179 0.93059 -0.20719
vn 0.31830 0.93119 -0.17770
vn 0.18191 0.96779 -0.17407
vn 0.34328 0.87973 -0.32900
vn 0.48846 0.66275 -0.56760
vn 0.24107 0.93106 -0.27387
vn 0.21685 0.93050 -0.29521
vn 0.38551 0.66275 -0.64199
vn 0.09228 0.96802 -0.23328
vn 0.26674 0.65596 -0.70609
vn 0.16253 0.93058 -0.32803
vn 0.07405 0.96778 -0.24065
vn 0.13923 0.87974 -0.45461
vn 0.14962 0.66275 -0.73374
vn 0.07689 0.93106 -0.35667
vn 0.04546 0.93050 -0.36347
vn 0.02346 0.66275 -0.74847
vn 0.01556 0.93116 -0.36428
vn -0.01798 0.93057 -0.36568
vn -0.10337 0.66275 -0.74167
vn -0.03307 0.96802 -0.24868
vn -0.10020 0.87966 -0.46493
vn -0.22723 0.66275 -0.71353
vn -0.07612 0.96806 -0.23889
vn -0.13748 0.93049 -0.33953
vn -0.34455 0.66275 -0.66487
vn -0.19395 0.93056 -0.31055
vn -0.45195 0.66275 -0.59708
vn -0.31424 0.87965 -0.35704
vn -0.54636 0.66275 -0.51211
vn -0.18288 0.96805 -0.17154
vn -0.28554 0.93049 -0.22946
vn -0.62505 0.66275 -0.41241
vn -0.30210 0.93113 -0.20427
vn -0.32074 0.93055 -0.17664
vn -0.68575 0.66275 -0.30084
vn -0.22900 0.96802 -0.10248
vn -0.44848 0.87963 -0.15846
vn -0.72673 0.66275 -0.18062
vn -0.24330 0.96805 -0.06070
vn -0.36117 0.93049 -0.06118
vn -0.74506 0.66429 -0.06003
vn -0.74359 0.66424 0.07661
vn -0.46883 0.87962 0.08039
vn -0.72253 0.66275 0.19674
vn -0.24206 0.96805 0.06554
vn -0.34519 0.93049 0.12262
vn -0.67889 0.66275 0.31602
vn -0.33238 0.93111 0.15018
vn -0.31873 0.93054 0.18033
vn -0.61572 0.66275 0.42620
vn -0.20749 0.96801 0.14105
vn -0.37010 0.87962 0.29883
vn -0.53483 0.66275 0.52413
vn -0.17946 0.96804 0.17518
vn -0.24163 0.93049 0.27532
vn -0.43856 0.66275 0.60698
vn -0.19041 0.93053 0.31283
vn -0.32967 0.66275 0.67237
vn -0.17737 0.87961 0.44140
vn -0.21130 0.66275 0.71841
vn -0.07137 0.96804 0.24043
vn -0.07679 0.93049 0.35818
vn -0.08685 0.66275 0.74379
vn -0.04638 0.93109 0.36182
vn -0.01378 0.93052 0.36598
vn 0.04010 0.66275 0.74777
vn 0.01105 0.96801 0.25066
vn 0.06042 0.87960 0.47186
vn 0.16589 0.66275 0.73023
vn 0.10729 0.93046 0.35033
vn 0.28030 0.65604 0.70075
vn 0.10753 0.93051 0.35014
vn 0.05482 0.96804 0.24475
vn 0.13597 0.93109 0.33851
vn 0.16636 0.93052 0.32629
vn 0.39969 0.66275 0.63325
vn 0.28288 0.87959 0.38248
vn 0.50096 0.66275 0.55660
vn 0.26449 0.93047 0.25350
vn 0.58646 0.65604 0.47506
vn 0.26456 0.93050 0.25333
vn 0.16713 0.96803 0.18703
vn 0.28382 0.93108 0.22922
vn 0.30431 0.93051 0.20383
vn 0.65777 0.66275 0.35791
vn 0.21911 0.96801 0.12225
vn 0.43351 0.87959 0.19596
vn 0.70879 0.66275 0.24160
vn 0.35450 0.93049 0.09231
vn 0.74367 0.65604 0.12872
vn 0.35449 0.93050 0.09224
vn 0.23709 0.96803 0.08191
vn 0.35958 0.93107 0.06169
vn 0.36508 0.93051 0.02965
vn 0.60977 0.78540 0.10644
vn 0.58301 0.78540 0.20796
vn 0.53948 0.78540 0.30350
vn 0.48043 0.78540 0.39031
vn 0.40756 0.78540 0.46589
vn 0.32296 0.78540 0.52806
vn 0.22907 0.78540 0.57505
vn 0.12859 0.78540 0.60549
vn 0.02441 0.78540 0.61851
vn -0.08047 0.78540 0.61374
vn -0.18303 0.78540 0.59131
vn -0.28033 0.78540 0.55187
vn -0.36957 0.78540 0.49656
vn -0.44817 0.78540 0.42696
vn -0.51388 0.78540 0.34508
vn -0.56481 0.78540 0.25327
vn -0.59949 0.78540 0.15417
vn -0.61692 0.78540 0.05064
vn -0.61660 0.78540 -0.05435
vn -0.59855 0.78540 -0.15777
vn -0.56328 0.78540 -0.25666
vn -0.51180 0.78540 -0.34816
vn -0.44560 0.78540 -0.42964
vn -0.36658 0.78540 -0.49877
vn -0.27701 0.78540 -0.55355
vn -0.17948 0.78540 -0.59240
vn -0.07678 0.78540 -0.61421
vn 0.02813 0.78540 -0.61835
vn 0.13222 0.78540 -0.60471
vn 0.23252 0.78540 -0.57366
vn 0.32612 0.78540 -0.52611
vn 0.41035 0.78540 -0.46343
vn 0.48276 0.78540 -0.38742
vn 0.54129 0.78540 -0.30026
vn 0.58425 0.78540 -0.20446
vn 0.61040 0.78540 -0.10278
vn 0.61899 0.78540 0.00186
vn 0.47269 0.87730 0.08316
vn 0.45183 0.87730 0.16185
vn 0.41798 0.87730 0.23588
vn 0.37211 0.87730 0.30313
vn 0.31553 0.87730 0.36165
vn 0.24987 0.87730 0.40977
vn 0.17702 0.87730 0.44611
vn 0.09908 0.87730 0.46961
vn 0.01829 0.87730 0.47960
vn -0.06302 0.87730 0.47579
vn -0.14253 0.87730 0.45830
vn -0.21793 0.87730 0.42762
vn -0.28706 0.87730 0.38464
vn -0.34794 0.87730 0.33059
vn -0.39880 0.87730 0.26703
vn -0.43819 0.87730 0.19580
vn -0.46498 0.87730 0.11892
vn -0.47839 0.87730 0.03863
vn -0.47804 0.87730 -0.04277
vn -0.46393 0.87730 -0.12295
vn -0.43648 0.87730 -0.19958
vn -0.39647 0.87730 -0.27048
vn -0.34506 0.87730 -0.33359
vn -0.28372 0.87730 -0.38711
vn -0.21422 0.87730 -0.42949
vn -0.13855 0.87730 -0.45951
vn -0.05890 0.87730 -0.47632
vn 0.02245 0.87730 -0.47942
vn 0.10315 0.87730 -0.46873
vn 0.18088 0.87730 -0.44456
vn 0.25341 0.87730 -0.40760
vn 0.31865 0.87730 -0.35891
vn 0.37472 0.87730 -0.29989
vn 0.42001 0.87730 -0.23225
vn 0.45322 0.87730 -0.15793
vn 0.47339 0.87730 -0.07906
vn 0.47994 0.87730 0.00208
vn 0.32247 0.94483 0.05757
vn 0.30811 0.94483 0.11124
vn 0.28488 0.94483 0.16171
vn 0.25345 0.94483 0.20753
vn 0.21473 0.94483 0.24737
vn 0.16984 0.94483 0.28010
vn 0.12006 0.94483 0.30478
vn 0.06682 0.94483 0.32068
vn 0.01166 0.94483 0.32736
vn -0.04383 0.94483 0.32463
vn -0.09806 0.94483 0.31255
vn -0.14947 0.94483 0.29148
vn -0.19658 0.94483 0.26203
vn -0.23804 0.94483 0.22504
vn -0.27264 0.94483 0.18157
vn -0.29941 0.94483 0.13288
vn -0.31756 0.94483 0.08037
vn -0.32657 0.94483 0.02555
vn -0.32619 0.94483 -0.03001
vn -0.31643 0.94483 -0.08471
vn -0.29756 0.94483 -0.13697
vn -0.27014 0.94483 -0.18528
vn -0.23494 0.94483 -0.22827
vn -0.19298 0.94483 -0.26469
vn -0.14547 0.94483 -0.29350
vn -0.09378 0.94483 -0.31386
vn -0.03938 0.94483 -0.32520
vn 0.01614 0.94483 -0.32717
vn 0.07120 0.94483 -0.31974
vn 0.12421 0.94483 -0.30311
vn 0.17365 0.94483 -0.27776
vn 0.21809 0.94483 -0.24441
vn 0.25626 0.94483 -0.20404
vn 0.28706 0.94483 -0.15780
vn 0.30960 0.94483 -0.10701
vn 0.32323 0.94483 -0.05315
vn 0.32756 0.94483 0.00224
vn 0.20726 0.97801 0.02321
vn 0.16989 0.97802 0.12093
vn 0.08884 0.97801 0.18867
vn -0.01500 0.97801 0.20802
vn -0.04422 0.97908 0.19861
vn -0.18940 0.97802 -0.08725
vn -0.18152 0.97660 -0.11538
vn -0.12235 0.97802 -0.16887
vn -0.10162 0.97660 -0.18956
vn -0.02390 0.97801 -0.20716
vn 0.01362 0.91838 0.39546
vn 0.01158 0.87345 0.48678
vn 0.07764 0.87674 0.47466
vn 0.44981 0.87345 0.18645
vn 0.30043 0.87345 0.38319
vn -0.05077 0.87345 0.48427
vn -0.11228 0.87345 0.47380
vn -0.22878 0.87345 0.42983
vn -0.28187 0.87345 0.39704
vn -0.33033 0.87345 0.35774
vn -0.37336 0.87345 0.31256
vn -0.44043 0.87345 0.20763
vn -0.46337 0.87345 0.14960
vn -0.47870 0.87345 0.08912
vn -0.48565 0.87345 -0.03522
vn -0.47716 0.87345 -0.09703
vn -0.46083 0.87345 -0.15725
vn -0.40587 0.87345 -0.26900
vn -0.36814 0.87345 -0.31869
vn -0.32436 0.87345 -0.36315
vn -0.27526 0.87345 -0.40165
vn -0.16438 0.87345 -0.45834
vn -0.10442 0.87345 -0.47559
vn -0.04392 0.87378 -0.48434
vn 0.08169 0.87345 -0.48002
vn 0.14240 0.87345 -0.46563
vn 0.20078 0.87345 -0.44360
vn 0.25585 0.87345 -0.41428
vn 0.35257 0.87345 -0.33584
vn 0.39262 0.87345 -0.28799
vn 0.42623 0.87345 -0.23542
vn 0.47200 0.87345 -0.11961
vn 0.48691 0.87345 0.00403
vn 0.48342 0.87345 -0.05827
vn 0.13468 0.87345 0.46793
vn 0.19341 0.87345 0.44686
vn 0.24896 0.87345 0.41846
vn 0.34612 0.87674 0.33396
vn 0.38780 0.87345 0.29445
vn 0.42227 0.87345 0.24244
vn 0.46547 0.87674 0.12114
vn 0.48239 0.87345 0.06626
vn -0.03707 0.91838 0.39395
vn -0.02850 0.95176 0.30552
vn -0.08714 0.91838 0.38598
vn -0.06734 0.95176 0.29937
vn 0.29657 0.95176 -0.07877
vn 0.20681 0.97657 -0.05954
vn 0.20623 0.97801 -0.03102
vn 0.19160 0.97802 -0.08227
vn 0.28406 0.95176 -0.11605
vn 0.36642 0.91838 -0.14935
vn 0.31655 0.91838 -0.23742
vn 0.28360 0.91838 -0.27595
vn 0.24533 0.95176 -0.18430
vn 0.21975 0.95176 -0.21416
vn 0.16457 0.97801 -0.12810
vn 0.15105 0.97657 -0.15330
vn 0.29918 0.87674 -0.37659
vn 0.24598 0.91838 -0.30995
vn 0.19056 0.95176 -0.24051
vn 0.12671 0.97802 -0.16560
vn 0.15932 0.91838 -0.36220
vn 0.11169 0.91838 -0.37960
vn 0.12332 0.95176 -0.28098
vn 0.08638 0.95176 -0.29444
vn 0.08068 0.97801 -0.19230
vn 0.05648 0.97657 -0.20767
vn 0.06223 0.91838 -0.39077
vn 0.04802 0.95176 -0.30307
vn 0.02931 0.97802 -0.20643
vn -0.22326 0.87674 -0.42602
vn -0.13753 0.91838 -0.37102
vn -0.18385 0.91838 -0.35039
vn -0.10688 0.95176 -0.28763
vn -0.14279 0.95176 -0.27160
vn -0.07233 0.97908 -0.19020
vn -0.30190 0.91838 -0.25579
vn -0.33213 0.91838 -0.21508
vn -0.23427 0.95176 -0.19817
vn -0.25769 0.95176 -0.16658
vn -0.15621 0.97908 -0.13040
vn -0.38857 0.91838 -0.07472
vn -0.39494 0.91838 -0.02442
vn -0.30137 0.95176 -0.05771
vn -0.30628 0.95176 -0.01869
vn -0.20005 0.97908 -0.03718
vn -0.20846 0.97800 -0.00782
vn -0.37524 0.91838 0.12557
vn -0.35610 0.91838 0.17253
vn -0.29091 0.95176 0.09761
vn -0.27604 0.95176 0.13401
vn -0.19262 0.97908 0.06556
vn -0.18553 0.97800 0.09532
vn -0.26533 0.91838 0.29355
vn -0.22562 0.91838 0.32507
vn -0.20558 0.95176 0.22780
vn -0.17476 0.95176 0.25222
vn -0.13583 0.97908 0.15150
vn -0.11502 0.97801 0.17399
vn 0.44549 0.87674 -0.18132
vn 0.38251 0.91838 -0.10127
vn 0.30420 0.95176 -0.04020
vn 0.21530 0.97654 -0.00400
vn 0.18605 0.97660 -0.10790
vn 0.26689 0.95176 -0.15142
vn 0.34432 0.91838 -0.19499
vn 0.10925 0.97660 -0.18526
vn 0.15824 0.95176 -0.26290
vn 0.20433 0.91838 -0.33886
vn 0.00437 0.97660 -0.21503
vn 0.00887 0.95176 -0.30672
vn 0.01175 0.91838 -0.39552
vn 0.01874 0.87711 -0.47993
vn -0.03043 0.95176 -0.30534
vn -0.03892 0.91838 -0.39377
vn -0.05261 0.97656 -0.20872
vn -0.06922 0.95176 -0.29894
vn -0.08896 0.91838 -0.38556
vn -0.17635 0.95176 -0.25111
vn -0.22715 0.91838 -0.32400
vn -0.14818 0.97656 -0.15611
vn -0.20701 0.95176 -0.22650
vn -0.26671 0.91838 -0.29229
vn -0.27688 0.95176 -0.13226
vn -0.35691 0.91838 -0.17084
vn -0.43373 0.87674 -0.20788
vn -0.20568 0.97656 -0.06339
vn -0.29152 0.95176 -0.09577
vn -0.37583 0.91838 -0.12380
vn -0.21438 0.97660 0.01716
vn -0.30615 0.95176 0.02063
vn -0.39482 0.91838 0.02628
vn -0.47993 0.87674 0.03170
vn -0.21033 0.97657 0.04559
vn -0.30100 0.95176 0.05961
vn -0.38822 0.91838 0.07656
vn -0.17843 0.97660 0.12008
vn -0.25664 0.95176 0.16821
vn -0.33112 0.91838 0.21665
vn -0.40261 0.87674 0.26313
vn -0.16094 0.97657 0.14286
vn -0.23302 0.95176 0.19964
vn -0.30069 0.91838 0.25721
vn -0.09663 0.97660 0.19214
vn -0.14107 0.95176 0.27250
vn -0.18220 0.91838 0.35125
vn -0.07022 0.97657 0.20341
vn -0.10507 0.95176 0.28830
vn -0.13578 0.91838 0.37167
vn -0.16527 0.87674 0.45168
vn 0.06407 0.91838 0.39047
vn 0.01080 0.95176 0.30666
vn 0.11348 0.91838 0.37907
vn 0.04993 0.95176 0.30276
vn 0.00999 0.97660 0.21484
vn 0.03811 0.97801 0.20505
vn 0.16102 0.91838 0.36145
vn 0.08823 0.95176 0.29389
vn 0.20592 0.91838 0.33789
vn 0.12509 0.95176 0.28019
vn 0.06643 0.97657 0.20470
vn 0.24744 0.91838 0.30878
vn 0.15989 0.95176 0.26190
vn 0.28489 0.91838 0.27461
vn 0.19207 0.95176 0.23930
vn 0.11405 0.97660 0.18234
vn 0.13370 0.97801 0.16006
vn 0.31767 0.91838 0.23592
vn 0.22110 0.95176 0.21277
vn 0.34523 0.91838 0.19336
vn 0.24649 0.95176 0.18275
vn 0.15826 0.97657 0.14584
vn 0.36712 0.91838 0.14763
vn 0.26784 0.95176 0.14973
vn 0.38299 0.91838 0.09947
vn 0.28478 0.95176 0.11425
vn 0.18880 0.97660 0.10299
vn 0.19497 0.97801 0.07401
vn 0.39256 0.91838 0.04967
vn 0.29706 0.95176 0.07690
vn 0.39569 0.91838 -0.00093
vn 0.30445 0.95176 0.03828
vn 0.20944 0.97657 0.04951
vn 0.39232 0.91838 -0.05153
vn 0.30685 0.95176 -0.00097
vn 0.22014 -0.18308 0.95813
vn 0.55139 -0.18308 0.81391
vn 0.73906 -0.19507 0.64477
vn 0.87084 -0.18308 0.45620
vn 0.97575 -0.19507 0.09925
vn 0.98305 -0.18308 -0.01007
vn 0.91303 -0.18308 -0.36451
vn 0.78796 -0.19507 -0.58401
vn 0.63194 -0.18308 -0.75308
vn 0.30570 -0.19507 -0.93193
vn 0.20047 -0.18308 -0.96244
vn -0.16074 -0.18308 -0.96987
vn -0.40192 -0.19507 -0.89465
vn -0.60045 -0.18308 -0.77842
vn -0.84495 -0.19507 -0.49799
vn -0.89975 -0.19507 -0.39038
vn -0.94090 -0.19507 -0.27686
vn -0.98180 -0.18308 -0.05047
vn -0.95993 -0.19507 0.20122
vn -0.88885 -0.18308 0.42002
vn -0.66723 -0.19508 0.71885
vn -0.57383 -0.19507 0.79540
vn -0.47174 -0.19507 0.85989
vn -0.25934 -0.18308 0.94827
vn 0.12022 0.49493 0.86057
vn 0.32305 0.48700 0.81146
vn 0.51305 0.49493 0.70130
vn 0.66851 0.48700 0.56207
vn 0.78541 0.48700 0.38204
vn 0.82394 0.49493 0.27598
vn 0.87270 0.48700 -0.03499
vn 0.85646 0.49493 -0.14666
vn 0.68517 0.49493 -0.53440
vn 0.54122 0.48700 -0.68550
vn 0.35082 0.49493 -0.79496
vn 0.15251 0.48700 -0.85998
vn -0.06185 0.48700 -0.87121
vn -0.17297 0.49493 -0.85154
vn -0.46666 0.48700 -0.73828
vn -0.55525 0.49493 -0.66839
vn -0.80539 0.49493 -0.32618
vn -0.86427 0.48700 -0.12596
vn -0.86387 0.49493 0.09366
vn -0.82102 0.48700 0.29791
vn -0.72356 0.48700 0.48917
vn -0.65097 0.49493 0.57557
vn -0.40604 0.48700 0.77328
vn -0.30122 0.49493 0.81505
vn -0.10722 0.47634 0.87270
vn -0.19690 0.47626 0.85697
vn -0.11585 0.32057 0.94012
vn -0.23050 0.32057 0.91875
vn -0.12112 0.15554 0.98038
vn -0.24068 0.15553 0.95806
vn -0.12290 -0.01400 0.99232
vn -0.24391 -0.01399 0.96970
vn -0.13533 -0.20401 0.96957
vn -0.78671 0.47634 0.39266
vn -0.78930 0.32057 0.52368
vn -0.84767 0.32057 0.42272
vn -0.82331 0.15553 0.54587
vn -0.88415 0.15553 0.44056
vn -0.83353 -0.01399 0.55229
vn -0.89509 -0.01400 0.44567
vn -0.82434 -0.20401 0.52805
vn -0.87887 0.47634 -0.02624
vn -0.94313 0.32057 0.08796
vn -0.94679 0.32057 -0.02861
vn -0.98359 0.15553 0.09142
vn -0.98737 0.15553 -0.03015
vn -0.99564 -0.01400 0.09223
vn -0.99943 -0.01399 -0.03082
vn -0.97607 -0.20401 0.07523
vn -0.64371 0.47626 -0.59901
vn -0.68041 0.32057 -0.65899
vn -0.59427 0.32057 -0.73761
vn -0.70936 0.15553 -0.68747
vn -0.61951 0.15553 -0.76943
vn -0.71782 -0.01400 -0.69608
vn -0.62684 -0.01399 -0.77902
vn -0.69218 -0.20401 -0.69229
vn -0.28373 0.47627 -0.83227
vn -0.28769 0.32057 -0.90248
vn -0.17460 0.32057 -0.93099
vn -0.29972 0.15553 -0.94126
vn -0.18178 0.15553 -0.97096
vn -0.30310 -0.01399 -0.95286
vn -0.18371 -0.01399 -0.98288
vn -0.28230 -0.20401 -0.93738
vn 0.05330 0.47634 -0.87764
vn 0.05775 0.32057 -0.94546
vn 0.17350 0.32057 -0.93120
vn 0.06054 0.15553 -0.98597
vn 0.18125 0.15553 -0.97106
vn 0.06158 -0.01399 -0.99800
vn 0.18376 -0.01399 -0.98287
vn 0.07538 -0.20401 -0.97606
vn 0.46216 0.47634 -0.74800
vn 0.49817 0.32057 -0.80564
vn 0.59340 0.32057 -0.73832
vn 0.51979 0.15554 -0.84001
vn 0.61908 0.15554 -0.76977
vn 0.52640 -0.01399 -0.85012
vn 0.62688 -0.01400 -0.77899
vn 0.52818 -0.20401 -0.82426
vn 0.76104 0.47634 -0.44035
vn 0.80939 0.47634 -0.34349
vn 0.82004 0.32057 -0.47410
vn 0.87209 0.32057 -0.36973
vn 0.85535 0.15553 -0.49415
vn 0.90959 0.15553 -0.38529
vn 0.86595 -0.01399 -0.49993
vn 0.92082 -0.01400 -0.38973
vn 0.85529 -0.20401 -0.47630
vn 0.93593 0.32057 -0.14585
vn 0.94676 0.32057 -0.02973
vn 0.97610 0.15553 -0.15179
vn 0.98735 0.15553 -0.03069
vn 0.98807 -0.01399 -0.15335
vn 0.99943 -0.01399 -0.03077
vn 0.96959 -0.20401 -0.13517
vn 0.89357 0.32057 0.31429
vn 0.84817 0.32057 0.42171
vn 0.93177 0.15554 0.32805
vn 0.88439 0.15553 0.44007
vn 0.94305 -0.01399 0.33235
vn 0.89506 -0.01399 0.44572
vn 0.91817 -0.20401 0.33962
vn 0.60561 0.47627 0.63750
vn 0.63856 0.32057 0.69963
vn 0.54774 0.32057 0.77280
vn 0.66570 0.15553 0.72983
vn 0.57096 0.15553 0.80611
vn 0.67361 -0.01399 0.73895
vn 0.57770 -0.01399 0.81613
vn 0.64825 -0.20401 0.73359
vn 0.23196 0.47627 0.84816
vn 0.34270 0.32057 0.88306
vn 0.23158 0.32057 0.91848
vn 0.35710 0.15553 0.92103
vn 0.24121 0.15553 0.95793
vn 0.36118 -0.01399 0.93239
vn 0.24387 -0.01399 0.96971
vn 0.33947 -0.20401 0.91823
vn 0.00083 0.47634 0.87926
vn 0.00056 0.32057 0.94723
vn 0.00027 0.15554 0.98783
vn -0.00002 -0.01400 0.99990
vn -0.00032 -0.18312 0.98309
vn -0.35543 -0.18312 0.91659
vn -0.36123 -0.01400 0.93237
vn -0.35659 0.15553 0.92122
vn -0.34165 0.32057 0.88346
vn -0.44763 0.32057 0.83478
vn -0.46710 0.15553 0.87042
vn -0.47307 -0.01400 0.88091
vn -0.57774 -0.01399 0.81610
vn -0.57052 0.15553 0.80642
vn -0.54683 0.32057 0.77345
vn -0.50733 0.47634 0.71813
vn -0.67365 -0.01399 0.73892
vn -0.66530 0.15553 0.73020
vn -0.63773 0.32057 0.70039
vn -0.57890 0.47627 0.66185
vn -0.74677 -0.18312 0.63937
vn -0.75935 -0.01399 0.65054
vn -0.74999 0.15553 0.64291
vn -0.71896 0.32057 0.61671
vn -0.92731 -0.18312 0.32643
vn -0.94307 -0.01399 0.33230
vn -0.93159 0.15554 0.32857
vn -0.89319 0.32057 0.31534
vn -0.85490 0.47627 0.20573
vn -0.92518 0.32057 0.20319
vn -0.96490 0.15553 0.21159
vn -0.97676 -0.01399 0.21389
vn -0.97141 -0.18312 -0.15111
vn -0.98806 -0.01399 -0.15340
vn -0.97618 0.15553 -0.15126
vn -0.93610 0.32057 -0.14474
vn -0.85050 0.47626 -0.22320
vn -0.91122 0.32057 -0.25868
vn -0.95019 0.15554 -0.27007
vn -0.96172 -0.01400 -0.27366
vn -0.92081 -0.01399 -0.38977
vn -0.90980 0.15553 -0.38479
vn -0.87252 0.32057 -0.36870
vn -0.86593 -0.01399 -0.49997
vn -0.85562 0.15553 -0.49368
vn -0.82060 0.32057 -0.47313
vn -0.76188 0.47634 -0.43891
vn -0.78433 -0.18312 -0.59270
vn -0.79792 -0.01400 -0.60260
vn -0.78847 0.15554 -0.59508
vn -0.75624 0.32057 -0.57038
vn -0.70217 0.47634 -0.52921
vn -0.51726 -0.18312 -0.83601
vn -0.52636 -0.01399 -0.85015
vn -0.52026 0.15553 -0.83973
vn -0.49913 0.32057 -0.80505
vn -0.36825 0.47634 -0.79843
vn -0.39641 0.32057 -0.86029
vn -0.41312 0.15553 -0.89730
vn -0.41790 -0.01399 -0.90839
vn -0.06020 -0.18312 -0.98125
vn -0.06153 -0.01399 -0.99801
vn -0.06108 0.15553 -0.98594
vn -0.05887 0.32057 -0.94539
vn 0.30315 -0.01399 -0.95284
vn 0.29920 0.15553 -0.94143
vn 0.28662 0.32057 -0.90282
vn 0.24928 0.47627 -0.84323
vn 0.41118 -0.18312 -0.89297
vn 0.41794 -0.01399 -0.90837
vn 0.41263 0.15553 -0.89752
vn 0.39539 0.32057 -0.86076
vn 0.70599 -0.18312 -0.68413
vn 0.71786 -0.01400 -0.69605
vn 0.70899 0.15554 -0.68786
vn 0.67963 0.32057 -0.65980
vn 0.61855 0.47626 -0.62496
vn 0.75556 0.32057 -0.57128
vn 0.78814 0.15553 -0.59552
vn 0.79795 -0.01399 -0.60256
vn 0.94565 -0.18312 -0.26873
vn 0.96174 -0.01399 -0.27361
vn 0.95005 0.15553 -0.27059
vn 0.91091 0.32057 -0.25976
vn 0.84061 0.47626 -0.25797
vn 0.99563 -0.01399 0.09228
vn 0.98364 0.15553 0.09088
vn 0.94324 0.32057 0.08684
vn 0.87559 0.47634 0.08030
vn 0.96026 -0.18312 0.21063
vn 0.97675 -0.01399 0.21394
vn 0.96502 0.15553 0.21106
vn 0.92542 0.32057 0.20210
vn 0.86263 0.47627 0.17042
vn 0.81933 -0.18312 0.54329
vn 0.83351 -0.01400 0.55233
vn 0.82361 0.15554 0.54542
vn 0.78992 0.32057 0.52275
vn 0.73341 0.47634 0.48498
vn 0.71969 0.32057 0.61586
vn 0.75034 0.15554 0.64249
vn 0.75931 -0.01399 0.65057
vn 0.46481 -0.18312 0.86627
vn 0.47303 -0.01399 0.88094
vn 0.46758 0.15553 0.87016
vn 0.44862 0.32057 0.83425
vn 0.41671 0.47634 0.77424
vn 0.12049 -0.18312 0.97568
vn 0.12285 -0.01399 0.99233
vn 0.12166 0.15554 0.98031
vn 0.11696 0.32057 0.93998

f 1//1 2//2 3//3
f 4//4 5//5 6//6
f 7//7 8//8 9//9
f 10//10 11//11 12//12
f 13//13 14//14 15//15
f 16//16 17//17 18//18
f 19//19 20//20 21//21
f 22//22 23//23 24//24
f 25//25 26//26 27//27
f 28//28 29//29 30//30
f 31//31 32//32 33//33
f 34//34 35//35 36//36
f 37//37 38//38 39//39
f 40//40 41//41 42//42
f 43//43 44//44 45//45
f 46//46 47//47 48//48
f 49//49 50//50 51//51
f 52//52 53//53 54//54
f 55//55 56//56 57//57
f 58//58 59//59 60//60
f 61//61 62//62 63//63
f 64//64 65//65 66//66
f 67//67 68//68 69//69
f 70//70 71//71 72//72
f 73//73 74//74 75//75
f 76//76 77//77 78//78
f 79//79 80//80 81//81
f 82//82 83//83 84//84
f 85//85 86//86 87//87
f 88//88 89//89 90//90
f 91//91 92//92 93//93
f 94//94 95//95 96//96
f 97//97 98//98 99//99
f 100//100 101//101 102//102
f 103//103 104//104 105//105
f 106//106 107//107 108//108
f 109//109 110//110 111//111
f 112//112 113//113 114//114
f 115//115 116//116 117//117
f 118//118 119//119 120//120
f 121//121 122//122 123//123
f 124//124 125//125 126//126
f 127//127 128//128 129//129
f 130//130 131//131 132//132
f 133//133 134//134 135//135
f 136//136 137//137 138//138
f 139//139 140//140 141//141
f 142//142 143//143 144//144
f 145//145 146//146 147//147
f 148//148 149//149 150//150
f 151//151 152//152 153//153
f 154//154 155//155 156//156
f 157//157 158//158 159//159
f 160//160 161//161 162//162
f 163//163 164//164 165//165
f 166//166 167//167 168//168
f 169//169 170//170 171//171
f 172//172 173//173 174//174
f 175//175 176//176 177//177
f 178//178 179//179 180//180
f 181//181 182//182 183//183
f 184//184 185//185 186//186
f 187//187 188//188 189//189
f 190//190 191//191 192//192
f 193//193 194//194 195//195
f 196//196 197//197 198//198
f 199//199 200//200 201//201
f 202//202 203//203 204//204
f 205//205 206//206 207//207
f 200//200 199//199 205//205
f 205//205 208//208 209//209
f 203//203 202//202 205//205
f 210//210 204//204 211//211
f 211//211 204//204 203//203
f 211//211 203//203 212//212
f 212//212 203//203 205//205
f 213//213 201//201 214//214
f 214//214 201//201 200//200
f 214//214 200//200 215//215
f 215//215 200//200 205//205
f 147//147 210//210 216//216
f 216//216 210//210 211//211
f 216//216 211//211 217//217
f 217//217 211//211 212//212
f 217//217 212//212 218//218
f 218//218 212//212 205//205
f 48//48 213//213 219//219
f 219//219 213//213 214//214
f 219//219 214//214 220//220
f 220//220 214//214 215//215
f 220//220 215//215 221//221
f 221//221 215//215 205//205
f 222//222 223//223 224//224
f 225//225 226//226 227//227
f 194//194 196//196 195//195
f 195//195 196//196 198//198
f 195//195 198//198 228//228
f 228//228 198//198 229//229
f 228//228 229//229 230//230
f 230//230 229//229 231//231
f 230//230 231//231 232//232
f 232//232 231//231 233//233
f 232//232 233//233 205//205
f 191//191 193//193 192//192
f 192//192 193//193 195//195
f 192//192 195//195 234//234
f 234//234 195//195 228//228
f 234//234 228//228 235//235
f 235//235 228//228 230//230
f 235//235 230//230 236//236
f 236//236 230//230 232//232
f 236//236 232//232 205//205
f 188//188 190//190 189//189
f 189//189 190//190 192//192
f 189//189 192//192 237//237
f 237//237 192//192 234//234
f 237//237 234//234 238//238
f 238//238 234//234 235//235
f 238//238 235//235 239//239
f 239//239 235//235 236//236
f 239//239 236//236 205//205
f 185//185 187//187 186//186
f 186//186 187//187 189//189
f 186//186 189//189 240//240
f 240//240 189//189 237//237
f 240//240 237//237 241//241
f 241//241 237//237 238//238
f 241//241 238//238 242//242
f 242//242 238//238 239//239
f 242//242 239//239 205//205
f 182//182 184//184 183//183
f 183//183 184//184 186//186
f 183//183 186//186 243//243
f 243//243 186//186 240//240
f 243//243 240//240 244//244
f 244//244 240//240 241//241
f 244//244 241//241 245//245
f 245//245 241//241 242//242
f 245//245 242//242 205//205
f 179//179 181//181 180//180
f 180//180 181//181 183//183
f 180//180 183//183 246//246
f 246//246 183//183 243//243
f 246//246 243//243 247//247
f 247//247 243//243 244//244
f 247//247 244//244 248//248
f 248//248 244//244 245//245
f 248//248 245//245 205//205
f 176//176 178//178 177//177
f 177//177 178//178 180//180
f 177//177 180//180 249//249
f 249//249 180//180 246//246
f 249//249 246//246 250//250
f 250//250 246//246 247//247
f 250//250 247//247 251//251
f 251//251 247//247 248//248
f 251//251 248//248 205//205
f 173//173 175//175 174//174
f 174//174 175//175 177//177
f 174//174 177//177 252//252
f 252//252 177//177 249//249
f 252//252 249//249 253//253
f 253//253 249//249 250//250
f 253//253 250//250 254//254
f 254//254 250//250 251//251
f 254//254 251//251 205//205
f 170//170 172//172 171//171
f 171//171 172//172 174//174
f 171//171 174//174 255//255
f 255//255 174//174 252//252
f 255//255 252//252 256//256
f 256//256 252//252 253//253
f 256//256 253//253 257//257
f 257//257 253//253 254//254
f 257//257 254//254 205//205
f 167//167 169//169 168//168
f 168//168 169//169 171//171
f 168//168 171//171 258//258
f 258//258 171//171 255//255
f 258//258 255//255 259//259
f 259//259 255//255 256//256
f 259//259 256//256 260//260
f 260//260 256//256 257//257
f 260//260 257//257 205//205
f 164//164 166//166 165//165
f 165//165 166//166 168//168
f 165//165 168//168 261//261
f 261//261 168//168 258//258
f 261//261 258//258 262//262
f 262//262 258//258 259//259
f 262//262 259//259 263//263
f 263//263 259//259 260//260
f 263//263 260//260 205//205
f 161//161 163//163 162//162
f 162//162 163//163 165//165
f 162//162 165//165 264//264
f 264//264 165//165 261//261
f 264//264 261//261 265//265
f 265//265 261//261 262//262
f 265//265 262//262 266//266
f 266//266 262//262 263//263
f 266//266 263//263 205//205
f 267//267 268//268 269//269
f 269//269 268//268 270//270
f 270//270 160//160 269//269
f 269//269 160//160 162//162
f 269//269 162//162 271//271
f 271//271 162//162 264//264
f 271//271 264//264 272//272
f 272//272 264//264 265//265
f 272//272 265//265 273//273
f 273//273 265//265 266//266
f 273//273 266//266 205//205
f 158//158 267//267 159//159
f 159//159 267//267 269//269
f 159//159 269//269 274//274
f 274//274 269//269 271//271
f 274//274 271//271 275//275
f 275//275 271//271 272//272
f 275//275 272//272 276//276
f 276//276 272//272 273//273
f 276//276 273//273 205//205
f 155//155 157//157 156//156
f 156//156 157//157 159//159
f 156//156 159//159 277//277
f 277//277 159//159 274//274
f 277//277 274//274 278//278
f 278//278 274//274 275//275
f 278//278 275//275 279//279
f 279//279 275//275 276//276
f 279//279 276//276 205//205
f 152//152 154//154 153//153
f 153//153 154//154 156//156
f 153//153 156//156 280//280
f 280//280 156//156 277//277
f 280//280 277//277 281//281
f 281//281 277//277 278//278
f 281//281 278//278 282//282
f 282//282 278//278 279//279
f 282//282 279//279 205//205
f 149//149 151//151 150//150
f 150//150 151//151 153//153
f 150//150 153//153 283//283
f 283//283 153//153 280//280
f 283//283 280//280 284//284
f 284//284 280//280 281//281
f 284//284 281//281 285//285
f 285//285 281//281 282//282
f 285//285 282//282 205//205
f 146//146 148//148 147//147
f 147//147 148//148 150//150
f 147//147 150//150 210//210
f 210//210 150//150 283//283
f 210//210 283//283 204//204
f 204//204 283//283 284//284
f 204//204 284//284 202//202
f 202//202 284//284 285//285
f 202//202 285//285 205//205
f 286//286 287//287 222//222
f 222//222 287//287 288//288
f 222//222 288//288 223//223
f 223//223 288//288 289//289
f 223//223 289//289 145//145
f 143//143 286//286 144//144
f 144//144 286//286 222//222
f 144//144 222//222 290//290
f 290//290 222//222 224//224
f 290//290 224//224 291//291
f 140//140 142//142 141//141
f 141//141 142//142 144//144
f 141//141 144//144 292//292
f 292//292 144//144 290//290
f 292//292 290//290 293//293
f 293//293 290//290 291//291
f 293//293 291//291 294//294
f 137//137 139//139 138//138
f 138//138 139//139 141//141
f 138//138 141//141 295//295
f 295//295 141//141 292//292
f 295//295 292//292 296//296
f 296//296 292//292 293//293
f 296//296 293//293 209//209
f 209//209 293//293 294//294
f 209//209 208//208 296//296
f 296//296 208//208 297//297
f 296//296 297//297 295//295
f 295//295 297//297 298//298
f 295//295 298//298 138//138
f 138//138 298//298 299//299
f 138//138 299//299 136//136
f 294//294 205//205 209//209
f 145//145 147//147 223//223
f 223//223 147//147 216//216
f 223//223 216//216 224//224
f 224//224 216//216 217//217
f 224//224 217//217 291//291
f 291//291 217//217 218//218
f 291//291 218//218 294//294
f 294//294 218//218 205//205
f 300//300 301//301 299//299
f 299//299 301//301 302//302
f 299//299 302//302 136//136
f 134//134 300//300 135//135
f 135//135 300//300 299//299
f 135//135 299//299 303//303
f 303//303 299//299 298//298
f 303//303 298//298 304//304
f 304//304 298//298 297//297
f 304//304 297//297 305//305
f 305//305 297//297 208//208
f 305//305 208//208 205//205
f 131//131 133//133 132//132
f 132//132 133//133 135//135
f 132//132 135//135 306//306
f 306//306 135//135 303//303
f 306//306 303//303 307//307
f 307//307 303//303 304//304
f 307//307 304//304 308//308
f 308//308 304//304 305//305
f 308//308 305//305 205//205
f 128//128 130//130 129//129
f 129//129 130//130 132//132
f 129//129 132//132 309//309
f 309//309 132//132 306//306
f 309//309 306//306 310//310
f 310//310 306//306 307//307
f 310//310 307//307 311//311
f 311//311 307//307 308//308
f 311//311 308//308 205//205
f 125//125 127//127 126//126
f 126//126 127//127 129//129
f 126//126 129//129 312//312
f 312//312 129//129 309//309
f 312//312 309//309 313//313
f 313//313 309//309 310//310
f 313//313 310//310 314//314
f 314//314 310//310 311//311
f 314//314 311//311 205//205
f 122//122 124//124 123//123
f 123//123 124//124 126//126
f 123//123 126//126 315//315
f 315//315 126//126 312//312
f 315//315 312//312 316//316
f 316//316 312//312 313//313
f 316//316 313//313 317//317
f 317//317 313//313 314//314
f 317//317 314//314 205//205
f 119//119 121//121 120//120
f 120//120 121//121 123//123
f 120//120 123//123 318//318
f 318//318 123//123 315//315
f 318//318 315//315 319//319
f 319//319 315//315 316//316
f 319//319 316//316 320//320
f 320//320 316//316 317//317
f 320//320 317//317 205//205
f 116//116 118//118 117//117
f 117//117 118//118 120//120
f 117//117 120//120 321//321
f 321//321 120//120 318//318
f 321//321 318//318 322//322
f 322//322 318//318 319//319
f 322//322 319//319 323//323
f 323//323 319//319 320//320
f 323//323 320//320 205//205
f 113//113 115//115 114//114
f 114//114 115//115 117//117
f 114//114 117//117 324//324
f 324//324 117//117 321//321
f 324//324 321//321 325//325
f 325//325 321//321 322//322
f 325//325 322//322 326//326
f 326//326 322//322 323//323
f 326//326 323//323 205//205
f 110//110 112//112 111//111
f 111//111 112//112 114//114
f 111//111 114//114 327//327
f 327//327 114//114 324//324
f 327//327 324//324 328//328
f 328//328 324//324 325//325
f 328//328 325//325 329//329
f 329//329 325//325 326//326
f 329//329 326//326 205//205
f 107//107 109//109 108//108
f 108//108 109//109 111//111
f 108//108 111//111 330//330
f 330//330 111//111 327//327
f 330//330 327//327 331//331
f 331//331 327//327 328//328
f 331//331 328//328 332//332
f 332//332 328//328 329//329
f 332//332 329//329 205//205
f 104//104 106//106 105//105
f 105//105 106//106 108//108
f 105//105 108//108 333//333
f 333//333 108//108 330//330
f 333//333 330//330 334//334
f 334//334 330//330 331//331
f 334//334 331//331 335//335
f 335//335 331//331 332//332
f 335//335 332//332 205//205
f 101//101 103//103 102//102
f 102//102 103//103 105//105
f 102//102 105//105 336//336
f 336//336 105//105 333//333
f 336//336 333//333 337//337
f 337//337 333//333 334//334
f 337//337 334//334 338//338
f 338//338 334//334 335//335
f 338//338 335//335 205//205
f 98//98 100//100 99//99
f 99//99 100//100 102//102
f 99//99 102//102 339//339
f 339//339 102//102 336//336
f 339//339 336//336 340//340
f 340//340 336//336 337//337
f 340//340 337//337 341//341
f 341//341 337//337 338//338
f 341//341 338//338 205//205
f 95//95 97//97 96//96
f 96//96 97//97 99//99
f 96//96 99//99 342//342
f 342//342 99//99 339//339
f 342//342 339//339 343//343
f 343//343 339//339 340//340
f 343//343 340//340 344//344
f 344//344 340//340 341//341
f 344//344 341//341 205//205
f 92//92 94//94 93//93
f 93//93 94//94 96//96
f 93//93 96//96 345//345
f 345//345 96//96 342//342
f 345//345 342//342 346//346
f 346//346 342//342 343//343
f 346//346 343//343 347//347
f 347//347 343//343 344//344
f 347//347 344//344 205//205
f 89//89 91//91 90//90
f 90//90 91//91 93//93
f 90//90 93//93 348//348
f 348//348 93//93 345//345
f 348//348 345//345 349//349
f 349//349 345//345 346//346
f 349//349 346//346 350//350
f 350//350 346//346 347//347
f 350//350 347//347 205//205
f 86//86 88//88 87//87
f 87//87 88//88 90//90
f 87//87 90//90 351//351
f 351//351 90//90 348//348
f 351//351 348//348 352//352
f 352//352 348//348 349//349
f 352//352 349//349 353//353
f 353//353 349//349 350//350
f 353//353 350//350 205//205
f 83//83 85//85 84//84
f 84//84 85//85 87//87
f 84//84 87//87 354//354
f 354//354 87//87 351//351
f 354//354 351//351 355//355
f 355//355 351//351 352//352
f 355//355 352//352 356//356
f 356//356 352//352 353//353
f 356//356 353//353 205//205
f 80//80 82//82 81//81
f 81//81 82//82 84//84
f 81//81 84//84 357//357
f 357//357 84//84 354//354
f 357//357 354//354 358//358
f 358//358 354//354 355//355
f 358//358 355//355 359//359
f 359//359 355//355 356//356
f 359//359 356//356 205//205
f 77//77 79//79 78//78
f 78//78 79//79 81//81
f 78//78 81//81 360//360
f 360//360 81//81 357//357
f 360//360 357//357 361//361
f 361//361 357//357 358//358
f 361//361 358//358 362//362
f 362//362 358//358 359//359
f 362//362 359//359 205//205
f 74//74 76//76 75//75
f 75//75 76//76 78//78
f 75//75 78//78 363//363
f 363//363 78//78 360//360
f 363//363 360//360 364//364
f 364//364 360//360 361//361
f 364//364 361//361 365//365
f 365//365 361//361 362//362
f 365//365 362//362 205//205
f 71//71 73//73 72//72
f 72//72 73//73 75//75
f 72//72 75//75 366//366
f 366//366 75//75 363//363
f 366//366 363//363 367//367
f 367//367 363//363 364//364
f 367//367 364//364 368//368
f 368//368 364//364 365//365
f 368//368 365//365 205//205
f 68//68 70//70 69//69
f 69//69 70//70 72//72
f 69//69 72//72 369//369
f 369//369 72//72 366//366
f 369//369 366//366 370//370
f 370//370 366//366 367//367
f 370//370 367//367 371//371
f 371//371 367//367 368//368
f 371//371 368//368 205//205
f 65//65 67//67 66//66
f 66//66 67//67 69//69
f 66//66 69//69 372//372
f 372//372 69//69 369//369
f 372//372 369//369 373//373
f 373//373 369//369 370//370
f 373//373 370//370 374//374
f 374//374 370//370 371//371
f 374//374 371//371 205//205
f 62//62 64//64 63//63
f 63//63 64//64 66//66
f 63//63 66//66 375//375
f 375//375 66//66 372//372
f 375//375 372//372 376//376
f 376//376 372//372 373//373
f 376//376 373//373 377//377
f 377//377 373//373 374//374
f 377//377 374//374 205//205
f 378//378 379//379 380//380
f 380//380 379//379 381//381
f 381//381 61//61 380//380
f 380//380 61//61 63//63
f 380//380 63//63 382//382
f 382//382 63//63 375//375
f 382//382 375//375 383//383
f 383//383 375//375 376//376
f 383//383 376//376 384//384
f 384//384 376//376 377//377
f 384//384 377//377 205//205
f 59//59 378//378 60//60
f 60//60 378//378 380//380
f 60//60 380//380 385//385
f 385//385 380//380 382//382
f 385//385 382//382 386//386
f 386//386 382//382 383//383
f 386//386 383//383 387//387
f 387//387 383//383 384//384
f 387//387 384//384 205//205
f 56//56 58//58 57//57
f 57//57 58//58 60//60
f 57//57 60//60 388//388
f 388//388 60//60 385//385
f 388//388 385//385 389//389
f 389//389 385//385 386//386
f 389//389 386//386 390//390
f 390//390 386//386 387//387
f 390//390 387//387 205//205
f 53//53 55//55 54//54
f 54//54 55//55 57//57
f 54//54 57//57 391//391
f 391//391 57//57 388//388
f 391//391 388//388 392//392
f 392//392 388//388 389//389
f 392//392 389//389 393//393
f 393//393 389//389 390//390
f 393//393 390//390 205//205
f 50//50 52//52 51//51
f 51//51 52//52 54//54
f 51//51 54//54 394//394
f 394//394 54//54 391//391
f 394//394 391//391 395//395
f 395//395 391//391 392//392
f 395//395 392//392 396//396
f 396//396 392//392 393//393
f 396//396 393//393 205//205
f 47//47 49//49 48//48
f 48//48 49//49 51//51
f 48//48 51//51 213//213
f 213//213 51//51 394//394
f 213//213 394//394 201//201
f 201//201 394//394 395//395
f 201//201 395//395 199//199
f 199//199 395//395 396//396
f 199//199 396//396 205//205
f 397//397 398//398 225//225
f 225//225 398//398 399//399
f 225//225 399//399 226//226
f 226//226 399//399 400//400
f 226//226 400//400 46//46
f 44//44 397//397 45//45
f 45//45 397//397 225//225
f 45//45 225//225 401//401
f 401//401 225//225 227//227
f 401//401 227//227 402//402
f 41//41 43//43 42//42
f 42//42 43//43 45//45
f 42//42 45//45 403//403
f 403//403 45//45 401//401
f 403//403 401//401 404//404
f 404//404 401//401 402//402
f 404//404 402//402 405//405
f 38//38 40//40 39//39
f 39//39 40//40 42//42
f 39//39 42//42 406//406
f 406//406 42//42 403//403
f 406//406 403//403 407//407
f 407//407 403//403 404//404
f 407//407 404//404 207//207
f 207//207 404//404 405//405
f 207//207 206//206 407//407
f 407//407 206//206 408//408
f 407//407 408//408 406//406
f 406//406 408//408 409//409
f 406//406 409//409 39//39
f 39//39 409//409 410//410
f 39//39 410//410 37//37
f 405//405 205//205 207//207
f 46//46 48//48 226//226
f 226//226 48//48 219//219
f 226//226 219//219 227//227
f 227//227 219//219 220//220
f 227//227 220//220 402//402
f 402//402 220//220 221//221
f 402//402 221//221 405//405
f 405//405 221//221 205//205
f 411//411 412//412 410//410
f 410//410 412//412 413//413
f 410//410 413//413 37//37
f 35//35 411//411 36//36
f 36//36 411//411 410//410
f 36//36 410//410 414//414
f 414//414 410//410 409//409
f 414//414 409//409 415//415
f 415//415 409//409 408//408
f 415//415 408//408 416//416
f 416//416 408//408 206//206
f 416//416 206//206 205//205
f 32//32 34//34 33//33
f 33//33 34//34 36//36
f 33//33 36//36 417//417
f 417//417 36//36 414//414
f 417//417 414//414 418//418
f 418//418 414//414 415//415
f 418//418 415//415 419//419
f 419//419 415//415 416//416
f 419//419 416//416 205//205
f 29//29 31//31 30//30
f 30//30 31//31 33//33
f 30//30 33//33 420//420
f 420//420 33//33 417//417
f 420//420 417//417 421//421
f 421//421 417//417 418//418
f 421//421 418//418 422//422
f 422//422 418//418 419//419
f 422//422 419//419 205//205
f 26//26 28//28 27//27
f 27//27 28//28 30//30
f 27//27 30//30 423//423
f 423//423 30//30 420//420
f 423//423 420//420 424//424
f 424//424 420//420 421//421
f 424//424 421//421 425//425
f 425//425 421//421 422//422
f 425//425 422//422 205//205
f 23//23 25//25 24//24
f 24//24 25//25 27//27
f 24//24 27//27 426//426
f 426//426 27//27 423//423
f 426//426 423//423 427//427
f 427//427 423//423 424//424
f 427//427 424//424 428//428
f 428//428 424//424 425//425
f 428//428 425//425 205//205
f 20//20 22//22 21//21
f 21//21 22//22 24//24
f 21//21 24//24 429//429
f 429//429 24//24 426//426
f 429//429 426//426 430//430
f 430//430 426//426 427//427
f 430//430 427//427 431//431
f 431//431 427//427 428//428
f 431//431 428//428 205//205
f 17//17 19//19 18//18
f 18//18 19//19 21//21
f 18//18 21//21 432//432
f 432//432 21//21 429//429
f 432//432 429//429 433//433
f 433//433 429//429 430//430
f 433//433 430//430 434//434
f 434//434 430//430 431//431
f 434//434 431//431 205//205
f 14//14 16//16 15//15
f 15//15 16//16 18//18
f 15//15 18//18 435//435
f 435//435 18//18 432//432
f 435//435 432//432 436//436
f 436//436 432//432 433//433
f 436//436 433//433 437//437
f 437//437 433//433 434//434
f 437//437 434//434 205//205
f 11//11 13//13 12//12
f 12//12 13//13 15//15
f 12//12 15//15 438//438
f 438//438 15//15 435//435
f 438//438 435//435 439//439
f 439//439 435//435 436//436
f 439//439 436//436 440//440
f 440//440 436//436 437//437
f 440//440 437//437 205//205
f 8//8 10//10 9//9
f 9//9 10//10 12//12
f 9//9 12//12 441//441
f 441//441 12//12 438//438
f 441//441 438//438 442//442
f 442//442 438//438 439//439
f 442//442 439//439 443//443
f 443//443 439//439 440//440
f 443//443 440//440 205//205
f 5//5 7//7 6//6
f 6//6 7//7 9//9
f 6//6 9//9 444//444
f 444//444 9//9 441//441
f 444//444 441//441 445//445
f 445//445 441//441 442//442
f 445//445 442//442 446//446
f 446//446 442//442 443//443
f 446//446 443//443 205//205
f 2//2 4//4 3//3
f 3//3 4//4 6//6
f 3//3 6//6 447//447
f 447//447 6//6 444//444
f 447//447 444//444 448//448
f 448//448 444//444 445//445
f 448//448 445//445 449//449
f 449//449 445//445 446//446
f 449//449 446//446 205//205
f 197//197 1//1 198//198
f 198//198 1//1 3//3
f 198//198 3//3 229//229
f 229//229 3//3 447//447
f 229//229 447//447 231//231
f 231//231 447//447 448//448
f 231//231 448//448 233//233
f 233//233 448//448 449//449
f 233//233 449//449 205//205
f 450//450 451//451 452//452
f 450//450 452//452 453//453
f 454//454 453//453 452//452
f 455//455 454//454 452//452
f 456//456 455//455 452//452
f 457//457 456//456 452//452
f 458//458 457//457 452//452
f 459//459 458//458 452//452
f 460//460 459//459 452//452
f 461//461 460//460 452//452
f 462//462 461//461 452//452
f 463//463 462//462 452//452
f 464//464 463//463 452//452
f 465//465 464//464 452//452
f 466//466 465//465 452//452
f 467//467 466//466 452//452
f 468//468 467//467 452//452
f 469//469 468//468 452//452
f 470//470 469//469 452//452
f 471//471 470//470 452//452
f 472//472 471//471 452//452
f 473//473 472//472 452//452
f 474//474 473//473 452//452
f 475//475 474//474 452//452
f 476//476 475//475 452//452
f 477//477 476//476 452//452
f 478//478 477//477 452//452
f 479//479 478//478 452//452
f 480//480 479//479 452//452
f 481//481 480//480 452//452
f 482//482 481//481 452//452
f 483//483 482//482 452//452
f 484//484 483//483 452//452
f 485//485 484//484 452//452
f 486//486 485//485 452//452
f 487//487 486//486 452//452
f 488//488 487//487 452//452
f 489//489 488//488 452//452
f 490//490 489//489 452//452
f 491//491 490//490 452//452
f 492//492 491//491 452//452
f 493//493 492//492 452//452
f 494//494 493//493 452//452
f 495//495 494//494 452//452
f 496//496 495//495 452//452
f 497//497 496//496 452//452
f 498//498 497//497 452//452
f 499//499 498//498 452//452
f 500//500 499//499 452//452
f 501//501 500//500 452//452
f 502//502 501//501 452//452
f 503//503 502//502 452//452
f 504//504 503//503 452//452
f 505//505 504//504 452//452
f 506//506 505//505 452//452
f 507//507 506//506 452//452
f 508//508 507//507 452//452
f 509//509 508//508 452//452
f 510//510 509//509 452//452
f 511//511 510//510 452//452
f 512//512 511//511 452//452
f 513//513 512//512 452//452
f 514//514 513//513 452//452
f 515//515 514//514 452//452
f 516//516 515//515 452//452
f 517//517 516//516 452//452
f 518//518 517//517 452//452
f 519//519 518//518 452//452
f 520//520 519//519 452//452
f 521//521 520//520 452//452
f 522//522 521//521 452//452
f 523//523 522//522 452//452
f 524//524 523//523 452//452
f 525//525 524//524 452//452
f 526//526 525//525 452//452
f 527//527 526//526 452//452
f 528//528 527//527 452//452
f 529//529 528//528 452//452
f 530//530 529//529 452//452
f 451//451 530//530 452//452
f 531//531 532//532 92//92
f 92//92 91//91 531//531
f 531//531 91//91 89//89
f 531//531 89//89 533//533
f 89//89 88//88 533//533
f 533//533 88//88 86//86
f 533//533 86//86 534//534
f 86//86 85//85 534//534
f 534//534 85//85 83//83
f 534//534 83//83 535//535
f 83//83 82//82 535//535
f 535//535 82//82 80//80
f 535//535 80//80 536//536
f 80//80 79//79 536//536
f 536//536 79//79 77//77
f 536//536 77//77 537//537
f 77//77 76//76 537//537
f 537//537 76//76 74//74
f 537//537 74//74 538//538
f 74//74 73//73 538//538
f 538//538 73//73 71//71
f 538//538 71//71 539//539
f 71//71 70//70 539//539
f 539//539 70//70 68//68
f 539//539 68//68 540//540
f 68//68 67//67 540//540
f 540//540 67//67 65//65
f 540//540 65//65 541//541
f 65//65 64//64 541//541
f 541//541 64//64 62//62
f 541//541 62//62 542//542
f 62//62 61//61 542//542
f 542//542 61//61 381//381
f 542//542 381//381 543//543
f 543//543 381//381 379//379
f 543//543 379//379 544//544
f 379//379 378//378 544//544
f 544//544 378//378 59//59
f 544//544 59//59 545//545
f 59//59 58//58 545//545
f 545//545 58//58 56//56
f 545//545 56//56 546//546
f 56//56 55//55 546//546
f 546//546 55//55 53//53
f 546//546 53//53 547//547
f 53//53 52//52 547//547
f 547//547 52//52 50//50
f 547//547 50//50 548//548
f 50//50 49//49 548//548
f 548//548 49//49 47//47
f 548//548 47//47 549//549
f 47//47 46//46 549//549
f 549//549 46//46 400//400
f 549//549 400//400 550//550
f 400//400 399//399 550//550
f 550//550 399//399 398//398
f 550//550 398//398 551//551
f 398//398 397//397 551//551
f 551//551 397//397 44//44
f 551//551 44//44 552//552
f 44//44 43//43 552//552
f 552//552 43//43 41//41
f 552//552 41//41 553//553
f 41//41 40//40 553//553
f 553//553 40//40 38//38
f 553//553 38//38 554//554
f 38//38 37//37 554//554
f 554//554 37//37 413//413
f 554//554 413//413 555//555
f 413//413 412//412 555//555
f 555//555 412//412 411//411
f 555//555 411//411 556//556
f 556//556 411//411 35//35
f 556//556 35//35 557//557
f 35//35 34//34 557//557
f 557//557 34//34 32//32
f 557//557 32//32 558//558
f 32//32 31//31 558//558
f 558//558 31//31 29//29
f 558//558 29//29 559//559
f 29//29 28//28 559//559
f 559//559 28//28 26//26
f 559//559 26//26 560//560
f 26//26 25//25 560//560
f 560//560 25//25 23//23
f 560//560 23//23 561//561
f 23//23 22//22 561//561
f 561//561 22//22 20//20
f 561//561 20//20 562//562
f 20//20 19//19 562//562
f 562//562 19//19 17//17
f 562//562 17//17 563//563
f 17//17 16//16 563//563
f 563//563 16//16 14//14
f 563//563 14//14 564//564
f 14//14 13//13 564//564
f 564//564 13//13 11//11
f 564//564 11//11 565//565
f 11//11 10//10 565//565
f 565//565 10//10 8//8
f 565//565 8//8 566//566
f 8//8 7//7 566//566
f 566//566 7//7 5//5
f 566//566 5//5 567//567
f 5//5 4//4 567//567
f 567//567 4//4 2//2
f 567//567 2//2 568//568
f 2//2 1//1 568//568
f 568//568 1//1 197//197
f 568//568 197//197 569//569
f 569//569 197//197 196//196
f 569//569 196//196 570//570
f 570//570 196//196 194//194
f 570//570 194//194 571//571
f 194//194 193//193 571//571
f 571//571 193//193 191//191
f 571//571 191//191 572//572
f 191//191 190//190 572//572
f 572//572 190//190 188//188
f 572//572 188//188 573//573
f 188//188 187//187 573//573
f 573//573 187//187 185//185
f 573//573 185//185 574//574
f 185//185 184//184 574//574
f 574//574 184//184 182//182
f 574//574 182//182 575//575
f 182//182 181//181 575//575
f 575//575 181//181 179//179
f 575//575 179//179 576//576
f 179//179 178//178 576//576
f 576//576 178//178 176//176
f 576//576 176//176 577//577
f 176//176 175//175 577//577
f 577//577 175//175 173//173
f 577//577 173//173 578//578
f 173//173 172//172 578//578
f 578//578 172//172 170//170
f 578//578 170//170 579//579
f 170//170 169//169 579//579
f 579//579 169//169 167//167
f 579//579 167//167 580//580
f 167//167 166//166 580//580
f 580//580 166//166 164//164
f 580//580 164//164 581//581
f 164//164 163//163 581//581
f 581//581 163//163 161//161
f 581//581 161//161 582//582
f 161//161 160//160 582//582
f 582//582 160//160 270//270
f 582//582 270//270 583//583
f 583//583 270//270 268//268
f 583//583 268//268 584//584
f 268//268 267//267 584//584
f 584//584 267//267 158//158
f 584//584 158//158 585//585
f 158//158 157//157 585//585
f 585//585 157//157 155//155
f 585//585 155//155 586//586
f 155//155 154//154 586//586
f 586//586 154//154 152//152
f 586//586 152//152 587//587
f 152//152 151//151 587//587
f 587//587 151//151 149//149
f 587//587 149//149 588//588
f 149//149 148//148 588//588
f 588//588 148//148 146//146
f 588//588 146//146 589//589
f 146//146 145//145 589//589
f 589//589 145//145 289//289
f 589//589 289//289 590//590
f 289//289 288//288 590//590
f 590//590 288//288 287//287
f 590//590 287//287 591//591
f 287//287 286//286 591//591
f 591//591 286//286 143//143
f 591//591 143//143 592//592
f 143//143 142//142 592//592
f 592//592 142//142 140//140
f 592//592 140//140 593//593
f 140//140 139//139 593//593
f 593//593 139//139 137//137
f 593//593 137//137 594//594
f 137//137 136//136 594//594
f 594//594 136//136 302//302
f 594//594 302//302 595//595
f 302//302 301//301 595//595
f 595//595 301//301 300//300
f 595//595 300//300 596//596
f 596//596 300//300 134//134
f 596//596 134//134 597//597
f 134//134 133//133 597//597
f 597//597 133//133 131//131
f 597//597 131//131 598//598
f 131//131 130//130 598//598
f 598//598 130//130 128//128
f 598//598 128//128 599//599
f 128//128 127//127 599//599
f 599//599 127//127 125//125
f 599//599 125//125 600//600
f 125//125 124//124 600//600
f 600//600 124//124 122//122
f 600//600 122//122 601//601
f 122//122 121//121 601//601
f 601//601 121//121 119//119
f 601//601 119//119 602//602
f 119//119 118//118 602//602
f 602//602 118//118 116//116
f 602//602 116//116 603//603
f 116//116 115//115 603//603
f 603//603 115//115 113//113
f 603//603 113//113 604//604
f 113//113 112//112 604//604
f 604//604 112//112 110//110
f 604//604 110//110 605//605
f 110//110 109//109 605//605
f 605//605 109//109 107//107
f 605//605 107//107 606//606
f 107//107 106//106 606//606
f 606//606 106//106 104//104
f 606//606 104//104 607//607
f 104//104 103//103 607//607
f 607//607 103//103 101//101
f 607//607 101//101 608//608
f 101//101 100//100 608//608
f 608//608 100//100 98//98
f 608//608 98//98 609//609
f 609//609 98//98 97//97
f 609//609 97//97 610//610
f 610//610 97//97 95//95
f 610//610 95//95 532//532
f 532//532 95//95 94//94
f 532//532 94//94 92//92
f 609//609 611//611 608//608
f 608//608 611//611 612//612
f 608//608 612//612 607//607
f 607//607 612//612 613//613
f 607//607 613//613 606//606
f 606//606 613//613 614//614
f 606//606 614//614 605//605
f 605//605 614//614 615//615
f 605//605 615//615 604//604
f 604//604 615//615 616//616
f 604//604 616//616 603//603
f 603//603 616//616 617//617
f 603//603 617//617 602//602
f 602//602 617//617 618//618
f 602//602 618//618 601//601
f 601//601 618//618 619//619
f 601//601 619//619 600//600
f 600//600 619//619 620//620
f 600//600 620//620 599//599
f 599//599 620//620 621//621
f 599//599 621//621 598//598
f 598//598 621//621 622//622
f 598//598 622//622 597//597
f 597//597 622//622 623//623
f 597//597 623//623 596//596
f 596//596 623//623 624//624
f 596//596 624//624 595//595
f 595//595 624//624 625//625
f 595//595 625//625 594//594
f 594//594 625//625 626//626
f 594//594 626//626 593//593
f 593//593 626//626 627//627
f 593//593 627//627 592//592
f 592//592 627//627 628//628
f 592//592 628//628 591//591
f 591//591 628//628 629//629
f 591//591 629//629 590//590
f 590//590 629//629 630//630
f 590//590 630//630 589//589
f 589//589 630//630 631//631
f 589//589 631//631 588//588
f 588//588 631//631 632//632
f 588//588 632//632 587//587
f 587//587 632//632 633//633
f 587//587 633//633 586//586
f 586//586 633//633 634//634
f 586//586 634//634 585//585
f 585//585 634//634 635//635
f 585//585 635//635 584//584
f 584//584 635//635 636//636
f 584//584 636//636 583//583
f 583//583 636//636 637//637
f 583//583 637//637 582//582
f 582//582 637//637 638//638
f 582//582 638//638 581//581
f 581//581 638//638 639//639
f 581//581 639//639 580//580
f 580//580 639//639 640//640
f 580//580 640//640 579//579
f 579//579 640//640 641//641
f 579//579 641//641 578//578
f 578//578 641//641 642//642
f 578//578 642//642 577//577
f 577//577 642//642 643//643
f 577//577 643//643 576//576
f 576//576 643//643 644//644
f 576//576 644//644 575//575
f 575//575 644//644 645//645
f 575//575 645//645 574//574
f 574//574 645//645 646//646
f 574//574 646//646 573//573
f 573//573 646//646 647//647
f 573//573 647//647 572//572
f 572//572 647//647 648//648
f 572//572 648//648 571//571
f 571//571 648//648 649//649
f 571//571 649//649 570//570
f 570//570 649//649 650//650
f 570//570 650//650 569//569
f 569//569 650//650 651//651
f 569//569 651//651 568//568
f 568//568 651//651 652//652
f 568//568 652//652 567//567
f 567//567 652//652 653//653
f 567//567 653//653 566//566
f 566//566 653//653 654//654
f 566//566 654//654 565//565
f 565//565 654//654 655//655
f 565//565 655//655 564//564
f 564//564 655//655 656//656
f 564//564 656//656 563//563
f 563//563 656//656 657//657
f 563//563 657//657 562//562
f 562//562 657//657 658//658
f 562//562 658//658 561//561
f 561//561 658//658 659//659
f 561//561 659//659 560//560
f 560//560 659//659 660//660
f 560//560 660//660 559//559
f 559//559 660//660 661//661
f 559//559 661//661 558//558
f 558//558 661//661 662//662
f 558//558 662//662 557//557
f 557//557 662//662 663//663
f 557//557 663//663 556//556
f 556//556 663//663 664//664
f 556//556 664//664 555//555
f 555//555 664//664 665//665
f 555//555 665//665 554//554
f 554//554 665//665 666//666
f 554//554 666//666 553//553
f 553//553 666//666 667//667
f 553//553 667//667 552//552
f 552//552 667//667 668//668
f 552//552 668//668 551//551
f 551//551 668//668 669//669
f 551//551 669//669 550//550
f 550//550 669//669 670//670
f 550//550 670//670 549//549
f 549//549 670//670 671//671
f 549//549 671//671 548//548
f 548//548 671//671 672//672
f 548//548 672//672 547//547
f 547//547 672//672 673//673
f 547//547 673//673 546//546
f 546//546 673//673 674//674
f 546//546 674//674 545//545
f 545//545 674//674 675//675
f 545//545 675//675 544//544
f 544//544 675//675 676//676
f 544//544 676//676 543//543
f 543//543 676//676 677//677
f 543//543 677//677 542//542
f 542//542 677//677 678//678
f 542//542 678//678 541//541
f 541//541 678//678 679//679
f 541//541 679//679 540//540
f 540//540 679//679 680//680
f 540//540 680//680 539//539
f 539//539 680//680 681//681
f 539//539 681//681 538//538
f 538//538 681//681 682//682
f 538//538 682//682 537//537
f 537//537 682//682 683//683
f 537//537 683//683 536//536
f 536//536 683//683 684//684
f 536//536 684//684 535//535
f 535//535 684//684 685//685
f 535//535 685//685 534//534
f 534//534 685//685 686//686
f 534//534 686//686 533//533
f 533//533 686//686 687//687
f 533//533 687//687 531//531
f 531//531 687//687 688//688
f 531//531 688//688 532//532
f 532//532 688//688 689//689
f 532//532 689//689 610//610
f 610//610 689//689 690//690
f 610//610 690//690 609//609
f 609//609 690//690 611//611
f 690//690 691//691 611//611
f 611//611 691//691 692//692
f 611//611 692//692 612//612
f 612//612 692//692 693//693
f 612//612 693//693 613//613
f 613//613 693//693 694//694
f 613//613 694//694 614//614
f 614//614 694//694 695//695
f 614//614 695//695 615//615
f 615//615 695//695 696//696
f 615//615 696//696 616//616
f 616//616 696//696 697//697
f 616//616 697//697 617//617
f 617//617 697//697 698//698
f 617//617 698//698 618//618
f 618//618 698//698 699//699
f 618//618 699//699 619//619
f 619//619 699//699 700//700
f 619//619 700//700 620//620
f 620//620 700//700 701//701
f 620//620 701//701 621//621
f 621//621 701//701 702//702
f 621//621 702//702 622//622
f 622//622 702//702 703//703
f 622//622 703//703 623//623
f 623//623 703//703 704//704
f 623//623 704//704 624//624
f 624//624 704//704 705//705
f 624//624 705//705 625//625
f 625//625 705//705 706//706
f 625//625 706//706 626//626
f 626//626 706//706 707//707
f 626//626 707//707 627//627
f 627//627 707//707 708//708
f 627//627 708//708 628//628
f 628//628 708//708 709//709
f 628//628 709//709 629//629
f 629//629 709//709 710//710
f 629//629 710//710 630//630
f 630//630 710//710 711//711
f 630//630 711//711 631//631
f 631//631 711//711 712//712
f 631//631 712//712 632//632
f 632//632 712//712 713//713
f 632//632 713//713 633//633
f 633//633 713//713 714//714
f 633//633 714//714 634//634
f 634//634 714//714 715//715
f 634//634 715//715 635//635
f 635//635 715//715 716//716
f 635//635 716//716 636//636
f 636//636 716//716 717//717
f 636//636 717//717 637//637
f 637//637 717//717 718//718
f 637//637 718//718 638//638
f 638//638 718//718 719//719
f 638//638 719//719 639//639
f 639//639 719//719 720//720
f 639//639 720//720 640//640
f 640//640 720//720 721//721
f 640//640 721//721 641//641
f 641//641 721//721 722//722
f 641//641 722//722 642//642
f 642//642 722//722 723//723
f 642//642 723//723 643//643
f 643//643 723//723 724//724
f 643//643 724//724 644//644
f 644//644 724//724 725//725
f 644//644 725//725 645//645
f 645//645 725//725 726//726
f 645//645 726//726 646//646
f 646//646 726//726 727//727
f 646//646 727//727 647//647
f 647//647 727//727 728//728
f 647//647 728//728 648//648
f 648//648 728//728 729//729
f 648//648 729//729 649//649
f 649//649 729//729 730//730
f 649//649 730//730 650//650
f 650//650 730//730 731//731
f 650//650 731//731 651//651
f 651//651 731//731 732//732
f 651//651 732//732 652//652
f 652//652 732//732 733//733
f 652//652 733//733 653//653
f 653//653 733//733 734//734
f 653//653 734//734 654//654
f 654//654 734//734 735//735
f 654//654 735//735 655//655
f 655//655 735//735 736//736
f 655//655 736//736 656//656
f 656//656 736//736 737//737
f 656//656 737//737 657//657
f 657//657 737//737 738//738
f 657//657 738//738 658//658
f 658//658 738//738 739//739
f 658//658 739//739 659//659
f 659//659 739//739 740//740
f 659//659 740//740 660//660
f 660//660 740//740 741//741
f 660//660 741//741 661//661
f 661//661 741//741 742//742
f 661//661 742//742 662//662
f 662//662 742//742 743//743
f 662//662 743//743 663//663
f 663//663 743//743 744//744
f 663//663 744//744 664//664
f 664//664 744//744 745//745
f 664//664 745//745 665//665
f 665//665 745//745 746//746
f 665//665 746//746 666//666
f 666//666 746//746 747//747
f 666//666 747//747 667//667
f 667//667 747//747 748//748
f 667//667 748//748 668//668
f 668//668 748//748 749//749
f 668//668 749//749 669//669
f 669//669 749//749 750//750
f 669//669 750//750 670//670
f 670//670 750//750 751//751
f 670//670 751//751 671//671
f 671//671 751//751 752//752
f 671//671 752//752 672//672
f 672//672 752//752 753//753
f 672//672 753//753 673//673
f 673//673 753//753 754//754
f 673//673 754//754 674//674
f 674//674 754//754 755//755
f 674//674 755//755 675//675
f 675//675 755//755 756//756
f 675//675 756//756 676//676
f 676//676 756//756 757//757
f 676//676 757//757 677//677
f 677//677 757//757 758//758
f 677//677 758//758 678//678
f 678//678 758//758 759//759
f 678//678 759//759 679//679
f 679//679 759//759 760//760
f 679//679 760//760 680//680
f 680//680 760//760 761//761
f 680//680 761//761 681//681
f 681//681 761//761 762//762
f 681//681 762//762 682//682
f 682//682 762//762 763//763
f 682//682 763//763 683//683
f 683//683 763//763 764//764
f 683//683 764//764 684//684
f 684//684 764//764 765//765
f 684//684 765//765 685//685
f 685//685 765//765 766//766
f 685//685 766//766 686//686
f 686//686 766//766 767//767
f 686//686 767//767 687//687
f 687//687 767//767 768//768
f 687//687 768//768 688//688
f 688//688 768//768 769//769
f 688//688 769//769 689//689
f 689//689 769//769 770//770
f 689//689 770//770 690//690
f 690//690 770//770 691//691
f 770//770 771//771 691//691
f 691//691 771//771 772//772
f 691//691 772//772 692//692
f 692//692 772//772 773//773
f 692//692 773//773 693//693
f 693//693 773//773 774//774
f 693//693 774//774 694//694
f 694//694 774//774 775//775
f 694//694 775//775 695//695
f 695//695 775//775 776//776
f 695//695 776//776 696//696
f 696//696 776//776 777//777
f 696//696 777//777 697//697
f 697//697 777//777 778//778
f 697//697 778//778 698//698
f 698//698 778//778 779//779
f 698//698 779//779 699//699
f 699//699 779//779 780//780
f 699//699 780//780 700//700
f 700//700 780//780 781//781
f 700//700 781//781 701//701
f 701//701 781//781 782//782
f 701//701 782//782 702//702
f 702//702 782//782 783//783
f 702//702 783//783 703//703
f 703//703 783//783 784//784
f 703//703 784//784 704//704
f 704//704 784//784 785//785
f 704//704 785//785 705//705
f 705//705 785//785 786//786
f 705//705 786//786 706//706
f 706//706 786//786 787//787
f 706//706 787//787 707//707
f 707//707 787//787 788//788
f 707//707 788//788 708//708
f 708//708 788//788 789//789
f 708//708 789//789 709//709
f 709//709 789//789 790//790
f 709//709 790//790 710//710
f 710//710 790//790 791//791
f 710//710 791//791 711//711
f 711//711 791//791 792//792
f 711//711 792//792 712//712
f 712//712 792//792 793//793
f 712//712 793//793 713//713
f 713//713 793//793 794//794
f 713//713 794//794 714//714
f 714//714 794//794 795//795
f 714//714 795//795 715//715
f 715//715 795//795 796//796
f 715//715 796//796 716//716
f 716//716 796//796 797//797
f 716//716 797//797 717//717
f 717//717 797//797 798//798
f 717//717 798//798 718//718
f 718//718 798//798 799//799
f 718//718 799//799 719//719
f 719//719 799//799 800//800
f 719//719 800//800 720//720
f 720//720 800//800 801//801
f 720//720 801//801 721//721
f 721//721 801//801 802//802
f 721//721 802//802 722//722
f 722//722 802//802 803//803
f 722//722 803//803 723//723
f 723//723 803//803 804//804
f 723//723 804//804 724//724
f 724//724 804//804 805//805
f 724//724 805//805 725//725
f 725//725 805//805 806//806
f 725//725 806//806 726//726
f 726//726 806//806 807//807
f 726//726 807//807 727//727
f 727//727 807//807 808//808
f 727//727 808//808 728//728
f 728//728 808//808 809//809
f 728//728 809//809 729//729
f 729//729 809//809 810//810
f 729//729 810//810 730//730
f 730//730 810//810 811//811
f 730//730 811//811 731//731
f 731//731 811//811 812//812
f 731//731 812//812 732//732
f 732//732 812//812 813//813
f 732//732 813//813 733//733
f 733//733 813//813 814//814
f 733//733 814//814 734//734
f 734//734 814//814 815//815
f 734//734 815//815 735//735
f 735//735 815//815 816//816
f 735//735 816//816 736//736
f 736//736 816//816 817//817
f 736//736 817//817 737//737
f 737//737 817//817 818//818
f 737//737 818//818 738//738
f 738//738 818//818 819//819
f 738//738 819//819 739//739
f 739//739 819//819 820//820
f 739//739 820//820 740//740
f 740//740 820//820 821//821
f 740//740 821//821 741//741
f 741//741 821//821 822//822
f 741//741 822//822 742//742
f 742//742 822//822 823//823
f 742//742 823//823 743//743
f 743//743 823//823 824//824
f 743//743 824//824 744//744
f 744//744 824//824 825//825
f 744//744 825//825 745//745
f 745//745 825//825 826//826
f 745//745 826//826 746//746
f 746//746 826//826 827//827
f 746//746 827//827 747//747
f 747//747 827//827 828//828
f 747//747 828//828 748//748
f 748//748 828//828 829//829
f 748//748 829//829 749//749
f 749//749 829//829 830//830
f 749//749 830//830 750//750
f 750//750 830//830 831//831
f 750//750 831//831 751//751
f 751//751 831//831 832//832
f 751//751 832//832 752//752
f 752//752 832//832 833//833
f 752//752 833//833 753//753
f 753//753 833//833 834//834
f 753//753 834//834 754//754
f 754//754 834//834 835//835
f 754//754 835//835 755//755
f 755//755 835//835 836//836
f 755//755 836//836 756//756
f 756//756 836//836 837//837
f 756//756 837//837 757//757
f 757//757 837//837 838//838
f 757//757 838//838 758//758
f 758//758 838//838 839//839
f 758//758 839//839 759//759
f 759//759 839//839 840//840
f 759//759 840//840 760//760
f 760//760 840//840 841//841
f 760//760 841//841 761//761
f 761//761 841//841 842//842
f 761//761 842//842 762//762
f 762//762 842//842 843//843
f 762//762 843//843 763//763
f 763//763 843//843 844//844
f 763//763 844//844 764//764
f 764//764 844//844 845//845
f 764//764 845//845 765//765
f 765//765 845//845 846//846
f 765//765 846//846 766//766
f 766//766 846//846 847//847
f 766//766 847//847 767//767
f 767//767 847//847 848//848
f 767//767 848//848 768//768
f 768//768 848//848 849//849
f 768//768 849//849 769//769
f 769//769 849//849 850//850
f 769//769 850//850 770//770
f 770//770 850//850 771//771
f 850//850 851//851 771//771
f 771//771 851//851 852//852
f 771//771 852//852 772//772
f 772//772 852//852 853//853
f 772//772 853//853 773//773
f 773//773 853//853 854//854
f 773//773 854//854 774//774
f 774//774 854//854 855//855
f 774//774 855//855 775//775
f 775//775 855//855 856//856
f 775//775 856//856 776//776
f 776//776 856//856 857//857
f 776//776 857//857 777//777
f 777//777 857//857 858//858
f 777//777 858//858 778//778
f 778//778 858//858 859//859
f 778//778 859//859 779//779
f 779//779 859//859 860//860
f 779//779 860//860 780//780
f 780//780 860//860 861//861
f 780//780 861//861 781//781
f 781//781 861//861 862//862
f 781//781 862//862 782//782
f 782//782 862//862 863//863
f 782//782 863//863 783//783
f 783//783 863//863 864//864
f 783//783 864//864 784//784
f 784//784 864//864 865//865
f 784//784 865//865 785//785
f 785//785 865//865 866//866
f 785//785 866//866 786//786
f 786//786 866//866 867//867
f 786//786 867//867 787//787
f 787//787 867//867 868//868
f 787//787 868//868 788//788
f 788//788 868//868 869//869
f 788//788 869//869 789//789
f 789//789 869//869 870//870
f 789//789 870//870 790//790
f 790//790 870//870 871//871
f 790//790 871//871 791//791
f 791//791 871//871 872//872
f 791//791 872//872 792//792
f 792//792 872//872 873//873
f 792//792 873//873 793//793
f 793//793 873//873 874//874
f 793//793 874//874 794//794
f 794//794 874//874 875//875
f 794//794 875//875 795//795
f 795//795 875//875 876//876
f 795//795 876//876 796//796
f 796//796 876//876 877//877
f 796//796 877//877 797//797
f 797//797 877//877 878//878
f 797//797 878//878 798//798
f 798//798 878//878 879//879
f 798//798 879//879 799//799
f 799//799 879//879 880//880
f 799//799 880//880 800//800
f 800//800 880//880 881//881
f 800//800 881//881 801//801
f 801//801 881//881 882//882
f 801//801 882//882 802//802
f 802//802 882//882 883//883
f 802//802 883//883 803//803
f 803//803 883//883 884//884
f 803//803 884//884 804//804
f 804//804 884//884 885//885
f 804//804 885//885 805//805
f 805//805 885//885 886//886
f 805//805 886//886 806//806
f 806//806 886//886 887//887
f 806//806 887//887 807//807
f 807//807 887//887 888//888
f 807//807 888//888 808//808
f 808//808 888//888 889//889
f 808//808 889//889 809//809
f 809//809 889//889 890//890
f 809//809 890//890 810//810
f 810//810 890//890 891//891
f 810//810 891//891 811//811
f 811//811 891//891 892//892
f 811//811 892//892 812//812
f 812//812 892//892 893//893
f 812//812 893//893 813//813
f 813//813 893//893 894//894
f 813//813 894//894 814//814
f 814//814 894//894 895//895
f 814//814 895//895 815//815
f 815//815 895//895 896//896
f 815//815 896//896 816//816
f 816//816 896//896 897//897
f 816//816 897//897 817//817
f 817//817 897//897 898//898
f 817//817 898//898 818//818
f 818//818 898//898 899//899
f 818//818 899//899 819//819
f 819//819 899//899 900//900
f 819//819 900//900 820//820
f 820//820 900//900 901//901
f 820//820 901//901 821//821
f 821//821 901//901 902//902
f 821//821 902//902 822//822
f 822//822 902//902 903//903
f 822//822 903//903 823//823
f 823//823 903//903 904//904
f 823//823 904//904 824//824
f 824//824 904//904 905//905
f 824//824 905//905 825//825
f 825//825 905//905 906//906
f 825//825 906//906 826//826
f 826//826 906//906 907//907
f 826//826 907//907 827//827
f 827//827 907//907 908//908
f 827//827 908//908 828//828
f 828//828 908//908 909//909
f 828//828 909//909 829//829
f 829//829 909//909 910//910
f 829//829 910//910 830//830
f 830//830 910//910 911//911
f 830//830 911//911 831//831
f 831//831 911//911 912//912
f 831//831 912//912 832//832
f 832//832 912//912 913//913
f 832//832 913//913 833//833
f 833//833 913//913 914//914
f 833//833 914//914 834//834
f 834//834 914//914 915//915
f 834//834 915//915 835//835
f 835//835 915//915 916//916
f 835//835 916//916 836//836
f 836//836 916//916 917//917
f 836//836 917//917 837//837
f 837//837 917//917 918//918
f 837//837 918//918 838//838
f 838//838 918//918 919//919
f 838//838 919//919 839//839
f 839//839 919//919 920//920
f 839//839 920//920 840//840
f 840//840 920//920 921//921
f 840//840 921//921 841//841
f 841//841 921//921 922//922
f 841//841 922//922 842//842
f 842//842 922//922 923//923
f 842//842 923//923 843//843
f 843//843 923//923 924//924
f 843//843 924//924 844//844
f 844//844 924//924 925//925
f 844//844 925//925 845//845
f 845//845 925//925 926//926
f 845//845 926//926 846//846
f 846//846 926//926 927//927
f 846//846 927//927 847//847
f 847//847 927//927 928//928
f 847//847 928//928 848//848
f 848//848 928//928 929//929
f 848//848 929//929 849//849
f 849//849 929//929 930//930
f 849//849 930//930 850//850
f 850//850 930//930 851//851
f 930//930 931//931 851//851
f 851//851 931//931 932//932
f 851//851 932//932 852//852
f 852//852 932//932 933//933
f 852//852 933//933 853//853
f 853//853 933//933 934//934
f 853//853 934//934 854//854
f 854//854 934//934 935//935
f 854//854 935//935 855//855
f 855//855 935//935 936//936
f 855//855 936//936 856//856
f 856//856 936//936 937//937
f 856//856 937//937 857//857
f 857//857 937//937 938//938
f 857//857 938//938 858//858
f 858//858 938//938 939//939
f 858//858 939//939 859//859
f 859//859 939//939 940//940
f 859//859 940//940 860//860
f 860//860 940//940 941//941
f 860//860 941//941 861//861
f 861//861 941//941 942//942
f 861//861 942//942 862//862
f 862//862 942//942 943//943
f 862//862 943//943 863//863
f 863//863 943//943 944//944
f 863//863 944//944 864//864
f 864//864 944//944 945//945
f 864//864 945//945 865//865
f 865//865 945//945 946//946
f 865//865 946//946 866//866
f 866//866 946//946 947//947
f 866//866 947//947 867//867
f 867//867 947//947 948//948
f 867//867 948//948 868//868
f 868//868 948//948 949//949
f 868//868 949//949 869//869
f 869//869 949//949 950//950
f 869//869 950//950 870//870
f 870//870 950//950 951//951
f 870//870 951//951 871//871
f 871//871 951//951 952//952
f 871//871 952//952 872//872
f 872//872 952//952 953//953
f 872//872 953//953 873//873
f 873//873 953//953 954//954
f 873//873 954//954 874//874
f 874//874 954//954 955//955
f 874//874 955//955 875//875
f 875//875 955//955 956//956
f 875//875 956//956 876//876
f 876//876 956//956 957//957
f 876//876 957//957 877//877
f 877//877 957//957 958//958
f 877//877 958//958 878//878
f 878//878 958//958 959//959
f 878//878 959//959 879//879
f 879//879 959//959 960//960
f 879//879 960//960 880//880
f 880//880 960//960 961//961
f 880//880 961//961 881//881
f 881//881 961//961 962//962
f 881//881 962//962 882//882
f 882//882 962//962 963//963
f 882//882 963//963 883//883
f 883//883 963//963 964//964
f 883//883 964//964 884//884
f 884//884 964//964 965//965
f 884//884 965//965 885//885
f 885//885 965//965 966//966
f 885//885 966//966 886//886
f 886//886 966//966 967//967
f 886//886 967//967 887//887
f 887//887 967//967 968//968
f 887//887 968//968 888//888
f 888//888 968//968 969//969
f 888//888 969//969 889//889
f 889//889 969//969 970//970
f 889//889 970//970 890//890
f 890//890 970//970 971//971
f 890//890 971//971 891//891
f 891//891 971//971 972//972
f 891//891 972//972 892//892
f 892//892 972//972 973//973
f 892//892 973//973 893//893
f 893//893 973//973 974//974
f 893//893 974//974 894//894
f 894//894 974//974 975//975
f 894//894 975//975 895//895
f 895//895 975//975 976//976
f 895//895 976//976 896//896
f 896//896 976//976 977//977
f 896//896 977//977 897//897
f 897//897 977//977 978//978
f 897//897 978//978 898//898
f 898//898 978//978 979//979
f 898//898 979//979 899//899
f 899//899 979//979 980//980
f 899//899 980//980 900//900
f 900//900 980//980 981//981
f 900//900 981//981 901//901
f 901//901 981//981 982//982
f 901//901 982//982 902//902
f 902//902 982//982 983//983
f 902//902 983//983 903//903
f 903//903 983//983 984//984
f 903//903 984//984 904//904
f 904//904 984//984 985//985
f 904//904 985//985 905//905
f 905//905 985//985 986//986
f 905//905 986//986 906//906
f 906//906 986//986 987//987
f 906//906 987//987 907//907
f 907//907 987//987 988//988
f 907//907 988//988 908//908
f 908//908 988//988 989//989
f 908//908 989//989 909//909
f 909//909 989//989 990//990
f 909//909 990//990 910//910
f 910//910 990//990 991//991
f 910//910 991//991 911//911
f 911//911 991//991 992//992
f 911//911 992//992 912//912
f 912//912 992//992 993//993
f 912//912 993//993 913//913
f 913//913 993//993 994//994
f 913//913 994//994 914//914
f 914//914 994//994 995//995
f 914//914 995//995 915//915
f 915//915 995//995 996//996
f 915//915 996//996 916//916
f 916//916 996//996 997//997
f 916//916 997//997 917//917
f 917//917 997//997 998//998
f 917//917 998//998 918//918
f 918//918 998//998 999//999
f 918//918 999//999 919//919
f 919//919 999//999 1000//1000
f 919//919 1000//1000 920//920
f 920//920 1000//1000 1001//1001
f 920//920 1001//1001 921//921
f 921//921 1001//1001 1002//1002
f 921//921 1002//1002 922//922
f 922//922 1002//1002 1003//1003
f 922//922 1003//1003 923//923
f 923//923 1003//1003 1004//1004
f 923//923 1004//1004 924//924
f 924//924 1004//1004 1005//1005
f 924//924 1005//1005 925//925
f 925//925 1005//1005 1006//1006
f 925//925 1006//1006 926//926
f 926//926 1006//1006 1007//1007
f 926//926 1007//1007 927//927
f 927//927 1007//1007 1008//1008
f 927//927 1008//1008 928//928
f 928//928 1008//1008 1009//1009
f 928//928 1009//1009 929//929
f 929//929 1009//1009 1010//1010
f 929//929 1010//1010 930//930
f 930//930 1010//1010 931//931
f 1010//1010 1011//1011 931//931
f 931//931 1011//1011 1012//1012
f 931//931 1012//1012 932//932
f 932//932 1012//1012 1013//1013
f 932//932 1013//1013 933//933
f 933//933 1013//1013 1014//1014
f 933//933 1014//1014 934//934
f 934//934 1014//1014 1015//1015
f 934//934 1015//1015 935//935
f 935//935 1015//1015 1016//1016
f 935//935 1016//1016 936//936
f 936//936 1016//1016 1017//1017
f 936//936 1017//1017 937//937
f 937//937 1017//1017 1018//1018
f 937//937 1018//1018 938//938
f 938//938 1018//1018 1019//1019
f 938//938 1019//1019 939//939
f 939//939 1019//1019 1020//1020
f 939//939 1020//1020 940//940
f 940//940 1020//1020 1021//1021
f 940//940 1021//1021 941//941
f 941//941 1021//1021 1022//1022
f 941//941 1022//1022 942//942
f 942//942 1022//1022 1023//1023
f 942//942 1023//1023 943//943
f 943//943 1023//1023 1024//1024
f 943//943 1024//1024 944//944
f 944//944 1024//1024 1025//1025
f 944//944 1025//1025 945//945
f 945//945 1025//1025 1026//1026
f 945//945 1026//1026 946//946
f 946//946 1026//1026 1027//1027
f 946//946 1027//1027 947//947
f 947//947 1027//1027 1028//1028
f 947//947 1028//1028 948//948
f 948//948 1028//1028 1029//1029
f 948//948 1029//1029 949//949
f 949//949 1029//1029 1030//1030
f 949//949 1030//1030 950//950
f 950//950 1030//1030 1031//1031
f 950//950 1031//1031 951//951
f 951//951 1031//1031 1032//1032
f 951//951 1032//1032 952//952
f 952//952 1032//1032 1033//1033
f 952//952 1033//1033 953//953
f 953//953 1033//1033 1034//1034
f 953//953 1034//1034 954//954
f 954//954 1034//1034 1035//1035
f 954//954 1035//1035 955//955
f 955//955 1035//1035 1036//1036
f 955//955 1036//1036 956//956
f 956//956 1036//1036 1037//1037
f 956//956 1037//1037 957//957
f 957//957 1037//1037 1038//1038
f 957//957 1038//1038 958//958
f 958//958 1038//1038 1039//1039
f 958//958 1039//1039 959//959
f 959//959 1039//1039 1040//1040
f 959//959 1040//1040 960//960
f 960//960 1040//1040 1041//1041
f 960//960 1041//1041 961//961
f 961//961 1041//1041 1042//1042
f 961//961 1042//1042 962//962
f 962//962 1042//1042 1043//1043
f 962//962 1043//1043 963//963
f 963//963 1043//1043 1044//1044
f 963//963 1044//1044 964//964
f 964//964 1044//1044 1045//1045
f 964//964 1045//1045 965//965
f 965//965 1045//1045 1046//1046
f 965//965 1046//1046 966//966
f 966//966 1046//1046 1047//1047
f 966//966 1047//1047 967//967
f 967//967 1047//1047 1048//1048
f 967//967 1048//1048 968//968
f 968//968 1048//1048 1049//1049
f 968//968 1049//1049 969//969
f 969//969 1049//1049 1050//1050
f 969//969 1050//1050 970//970
f 970//970 1050//1050 1051//1051
f 970//970 1051//1051 971//971
f 971//971 1051//1051 1052//1052
f 971//971 1052//1052 972//972
f 972//972 1052//1052 1053//1053
f 972//972 1053//1053 973//973
f 973//973 1053//1053 1054//1054
f 973//973 1054//1054 974//974
f 974//974 1054//1054 1055//1055
f 974//974 1055//1055 975//975
f 975//975 1055//1055 1056//1056
f 975//975 1056//1056 976//976
f 976//976 1056//1056 1057//1057
f 976//976 1057//1057 977//977
f 977//977 1057//1057 1058//1058
f 977//977 1058//1058 978//978
f 978//978 1058//1058 1059//1059
f 978//978 1059//1059 979//979
f 979//979 1059//1059 1060//1060
f 979//979 1060//1060 980//980
f 980//980 1060//1060 1061//1061
f 980//980 1061//1061 981//981
f 981//981 1061//1061 1062//1062
f 981//981 1062//1062 982//982
f 982//982 1062//1062 1063//1063
f 982//982 1063//1063 983//983
f 983//983 1063//1063 1064//1064
f 983//983 1064//1064 984//984
f 984//984 1064//1064 1065//1065
f 984//984 1065//1065 985//985
f 985//985 1065//1065 1066//1066
f 985//985 1066//1066 986//986
f 986//986 1066//1066 1067//1067
f 986//986 1067//1067 987//987
f 987//987 1067//1067 1068//1068
f 987//987 1068//1068 988//988
f 988//988 1068//1068 1069//1069
f 988//988 1069//1069 989//989
f 989//989 1069//1069 1070//1070
f 989//989 1070//1070 990//990
f 990//990 1070//1070 1071//1071
f 990//990 1071//1071 991//991
f 991//991 1071//1071 1072//1072
f 991//991 1072//1072 992//992
f 992//992 1072//1072 1073//1073
f 992//992 1073//1073 993//993
f 993//993 1073//1073 1074//1074
f 993//993 1074//1074 994//994
f 994//994 1074//1074 1075//1075
f 994//994 1075//1075 995//995
f 995//995 1075//1075 1076//1076
f 995//995 1076//1076 996//996
f 996//996 1076//1076 1077//1077
f 996//996 1077//1077 997//997
f 997//997 1077//1077 1078//1078
f 997//997 1078//1078 998//998
f 998//998 1078//1078 1079//1079
f 998//998 1079//1079 999//999
f 999//999 1079//1079 1080//1080
f 999//999 1080//1080 1000//1000
f 1000//1000 1080//1080 1081//1081
f 1000//1000 1081//1081 1001//1001
f 1001//1001 1081//1081 1082//1082
f 1001//1001 1082//1082 1002//1002
f 1002//1002 1082//1082 1083//1083
f 1002//1002 1083//1083 1003//1003
f 1003//1003 1083//1083 1084//1084
f 1003//1003 1084//1084 1004//1004
f 1004//1004 1084//1084 1085//1085
f 1004//1004 1085//1085 1005//1005
f 1005//1005 1085//1085 1086//1086
f 1005//1005 1086//1086 1006//1006
f 1006//1006 1086//1086 1087//1087
f 1006//1006 1087//1087 1007//1007
f 1007//1007 1087//1087 1088//1088
f 1007//1007 1088//1088 1008//1008
f 1008//1008 1088//1088 1089//1089
f 1008//1008 1089//1089 1009//1009
f 1009//1009 1089//1089 1090//1090
f 1009//1009 1090//1090 1010//1010
f 1010//1010 1090//1090 1011//1011
f 1090//1090 1091//1091 1011//1011
f 1011//1011 1091//1091 1092//1092
f 1011//1011 1092//1092 1012//1012
f 1012//1012 1092//1092 1093//1093
f 1012//1012 1093//1093 1013//1013
f 1013//1013 1093//1093 1094//1094
f 1013//1013 1094//1094 1014//1014
f 1014//1014 1094//1094 1095//1095
f 1014//1014 1095//1095 1015//1015
f 1015//1015 1095//1095 1096//1096
f 1015//1015 1096//1096 1016//1016
f 1016//1016 1096//1096 1097//1097
f 1016//1016 1097//1097 1017//1017
f 1017//1017 1097//1097 1098//1098
f 1017//1017 1098//1098 1018//1018
f 1018//1018 1098//1098 1099//1099
f 1018//1018 1099//1099 1019//1019
f 1019//1019 1099//1099 1100//1100
f 1019//1019 1100//1100 1020//1020
f 1020//1020 1100//1100 1101//1101
f 1020//1020 1101//1101 1021//1021
f 1021//1021 1101//1101 1102//1102
f 1021//1021 1102//1102 1022//1022
f 1022//1022 1102//1102 1103//1103
f 1022//1022 1103//1103 1023//1023
f 1023//1023 1103//1103 1104//1104
f 1023//1023 1104//1104 1024//1024
f 1024//1024 1104//1104 1105//1105
f 1024//1024 1105//1105 1025//1025
f 1025//1025 1105//1105 1106//1106
f 1025//1025 1106//1106 1026//1026
f 1026//1026 1106//1106 1107//1107
f 1026//1026 1107//1107 1027//1027
f 1027//1027 1107//1107 1108//1108
f 1027//1027 1108//1108 1028//1028
f 1028//1028 1108//1108 1109//1109
f 1028//1028 1109//1109 1029//1029
f 1029//1029 1109//1109 1110//1110
f 1029//1029 1110//1110 1030//1030
f 1030//1030 1110//1110 1111//1111
f 1030//1030 1111//1111 1031//1031
f 1031//1031 1111//1111 1112//1112
f 1031//1031 1112//1112 1032//1032
f 1032//1032 1112//1112 1113//1113
f 1032//1032 1113//1113 1033//1033
f 1033//1033 1113//1113 1114//1114
f 1033//1033 1114//1114 1034//1034
f 1034//1034 1114//1114 1115//1115
f 1034//1034 1115//1115 1035//1035
f 1035//1035 1115//1115 1116//1116
f 1035//1035 1116//1116 1036//1036
f 1036//1036 1116//1116 1117//1117
f 1036//1036 1117//1117 1037//1037
f 1037//1037 1117//1117 1118//1118
f 1037//1037 1118//1118 1038//1038
f 1038//1038 1118//1118 1119//1119
f 1038//1038 1119//1119 1039//1039
f 1039//1039 1119//1119 1120//1120
f 1039//1039 1120//1120 1040//1040
f 1040//1040 1120//1120 1121//1121
f 1040//1040 1121//1121 1041//1041
f 1041//1041 1121//1121 1122//1122
f 1041//1041 1122//1122 1042//1042
f 1042//1042 1122//1122 1123//1123
f 1042//1042 1123//1123 1043//1043
f 1043//1043 1123//1123 1124//1124
f 1043//1043 1124//1124 1044//1044
f 1044//1044 1124//1124 1125//1125
f 1044//1044 1125//1125 1045//1045
f 1045//1045 1125//1125 1126//1126
f 1045//1045 1126//1126 1046//1046
f 1046//1046 1126//1126 1127//1127
f 1046//1046 1127//1127 1047//1047
f 1047//1047 1127//1127 1128//1128
f 1047//1047 1128//1128 1048//1048
f 1048//1048 1128//1128 1129//1129
f 1048//1048 1129//1129 1049//1049
f 1049//1049 1129//1129 1130//1130
f 1049//1049 1130//1130 1050//1050
f 1050//1050 1130//1130 1131//1131
f 1050//1050 1131//1131 1051//1051
f 1051//1051 1131//1131 1132//1132
f 1051//1051 1132//1132 1052//1052
f 1052//1052 1132//1132 1133//1133
f 1052//1052 1133//1133 1053//1053
f 1053//1053 1133//1133 1134//1134
f 1053//1053 1134//1134 1054//1054
f 1054//1054 1134//1134 1135//1135
f 1054//1054 1135//1135 1055//1055
f 1055//1055 1135//1135 1136//1136
f 1055//1055 1136//1136 1056//1056
f 1056//1056 1136//1136 1137//1137
f 1056//1056 1137//1137 1057//1057
f 1057//1057 1137//1137 1138//1138
f 1057//1057 1138//1138 1058//1058
f 1058//1058 1138//1138 1139//1139
f 1058//1058 1139//1139 1059//1059
f 1059//1059 1139//1139 1140//1140
f 1059//1059 1140//1140 1060//1060
f 1060//1060 1140//1140 1141//1141
f 1060//1060 1141//1141 1061//1061
f 1061//1061 1141//1141 1142//1142
f 1061//1061 1142//1142 1062//1062
f 1062//1062 1142//1142 1143//1143
f 1062//1062 1143//1143 1063//1063
f 1063//1063 1143//1143 1144//1144
f 1063//1063 1144//1144 1064//1064
f 1064//1064 1144//1144 1145//1145
f 1064//1064 1145//1145 1065//1065
f 1065//1065 1145//1145 1146//1146
f 1065//1065 1146//1146 1066//1066
f 1066//1066 1146//1146 1147//1147
f 1066//1066 1147//1147 1067//1067
f 1067//1067 1147//1147 1148//1148
f 1067//1067 1148//1148 1068//1068
f 1068//1068 1148//1148 1149//1149
f 1068//1068 1149//1149 1069//1069
f 1069//1069 1149//1149 1150//1150
f 1069//1069 1150//1150 1070//1070
f 1070//1070 1150//1150 1151//1151
f 1070//1070 1151//1151 1071//1071
f 1071//1071 1151//1151 1152//1152
f 1071//1071 1152//1152 1072//1072
f 1072//1072 1152//1152 1153//1153
f 1072//1072 1153//1153 1073//1073
f 1073//1073 1153//1153 1154//1154
f 1073//1073 1154//1154 1074//1074
f 1074//1074 1154//1154 1155//1155
f 1074//1074 1155//1155 1075//1075
f 1075//1075 1155//1155 1156//1156
f 1075//1075 1156//1156 1076//1076
f 1076//1076 1156//1156 1157//1157
f 1076//1076 1157//1157 1077//1077
f 1077//1077 1157//1157 1158//1158
f 1077//1077 1158//1158 1078//1078
f 1078//1078 1158//1158 1159//1159
f 1078//1078 1159//1159 1079//1079
f 1079//1079 1159//1159 1160//1160
f 1079//1079 1160//1160 1080//1080
f 1080//1080 1160//1160 1161//1161
f 1080//1080 1161//1161 1081//1081
f 1081//1081 1161//1161 1162//1162
f 1081//1081 1162//1162 1082//1082
f 1082//1082 1162//1162 1163//1163
f 1082//1082 1163//1163 1083//1083
f 1083//1083 1163//1163 1164//1164
f 1083//1083 1164//1164 1084//1084
f 1084//1084 1164//1164 1165//1165
f 1084//1084 1165//1165 1085//1085
f 1085//1085 1165//1165 1166//1166
f 1085//1085 1166//1166 1086//1086
f 1086//1086 1166//1166 1167//1167
f 1086//1086 1167//1167 1087//1087
f 1087//1087 1167//1167 1168//1168
f 1087//1087 1168//1168 1088//1088
f 1088//1088 1168//1168 1169//1169
f 1088//1088 1169//1169 1089//1089
f 1089//1089 1169//1169 1170//1170
f 1089//1089 1170//1170 1090//1090
f 1090//1090 1170//1170 1091//1091
f 1170//1170 1171//1171 1091//1091
f 1091//1091 1171//1171 1172//1172
f 1091//1091 1172//1172 1092//1092
f 1092//1092 1172//1172 1173//1173
f 1092//1092 1173//1173 1093//1093
f 1093//1093 1173//1173 1174//1174
f 1093//1093 1174//1174 1094//1094
f 1094//1094 1174//1174 1175//1175
f 1094//1094 1175//1175 1095//1095
f 1095//1095 1175//1175 1176//1176
f 1095//1095 1176//1176 1096//1096
f 1096//1096 1176//1176 1177//1177
f 1096//1096 1177//1177 1097//1097
f 1097//1097 1177//1177 1178//1178
f 1097//1097 1178//1178 1098//1098
f 1098//1098 1178//1178 1179//1179
f 1098//1098 1179//1179 1099//1099
f 1099//1099 1179//1179 1180//1180
f 1099//1099 1180//1180 1100//1100
f 1100//1100 1180//1180 1181//1181
f 1100//1100 1181//1181 1101//1101
f 1101//1101 1181//1181 1182//1182
f 1101//1101 1182//1182 1102//1102
f 1102//1102 1182//1182 1183//1183
f 1102//1102 1183//1183 1103//1103
f 1103//1103 1183//1183 1184//1184
f 1103//1103 1184//1184 1104//1104
f 1104//1104 1184//1184 1185//1185
f 1104//1104 1185//1185 1105//1105
f 1105//1105 1185//1185 1186//1186
f 1105//1105 1186//1186 1106//1106
f 1106//1106 1186//1186 1187//1187
f 1106//1106 1187//1187 1107//1107
f 1107//1107 1187//1187 1188//1188
f 1107//1107 1188//1188 1108//1108
f 1108//1108 1188//1188 1189//1189
f 1108//1108 1189//1189 1109//1109
f 1109//1109 1189//1189 1190//1190
f 1109//1109 1190//1190 1110//1110
f 1110//1110 1190//1190 1191//1191
f 1110//1110 1191//1191 1111//1111
f 1111//1111 1191//1191 1192//1192
f 1111//1111 1192//1192 1112//1112
f 1112//1112 1192//1192 1193//1193
f 1112//1112 1193//1193 1113//1113
f 1113//1113 1193//1193 1194//1194
f 1113//1113 1194//1194 1114//1114
f 1114//1114 1194//1194 1195//1195
f 1114//1114 1195//1195 1115//1115
f 1115//1115 1195//1195 1196//1196
f 1115//1115 1196//1196 1116//1116
f 1116//1116 1196//1196 1197//1197
f 1116//1116 1197//1197 1117//1117
f 1117//1117 1197//1197 1198//1198
f 1117//1117 1198//1198 1118//1118
f 1118//1118 1198//1198 1199//1199
f 1118//1118 1199//1199 1119//1119
f 1119//1119 1199//1199 1200//1200
f 1119//1119 1200//1200 1120//1120
f 1120//1120 1200//1200 1201//1201
f 1120//1120 1201//1201 1121//1121
f 1121//1121 1201//1201 1202//1202
f 1121//1121 1202//1202 1122//1122
f 1122//1122 1202//1202 1203//1203
f 1122//1122 1203//1203 1123//1123
f 1123//1123 1203//1203 1204//1204
f 1123//1123 1204//1204 1124//1124
f 1124//1124 1204//1204 1205//1205
f 1124//1124 1205//1205 1125//1125
f 1125//1125 1205//1205 1206//1206
f 1125//1125 1206//1206 1126//1126
f 1126//1126 1206//1206 1207//1207
f 1126//1126 1207//1207 1127//1127
f 1127//1127 1207//1207 1208//1208
f 1127//1127 1208//1208 1128//1128
f 1128//1128 1208//1208 1209//1209
f 1128//1128 1209//1209 1129//1129
f 1129//1129 1209//1209 1210//1210
f 1129//1129 1210//1210 1130//1130
f 1130//1130 1210//1210 1211//1211
f 1130//1130 1211//1211 1131//1131
f 1131//1131 1211//1211 1212//1212
f 1131//1131 1212//1212 1132//1132
f 1132//1132 1212//1212 1213//1213
f 1132//1132 1213//1213 1133//1133
f 1133//1133 1213//1213 1214//1214
f 1133//1133 1214//1214 1134//1134
f 1134//1134 1214//1214 1215//1215
f 1134//1134 1215//1215 1135//1135
f 1135//1135 1215//1215 1216//1216
f 1135//1135 1216//1216 1136//1136
f 1136//1136 1216//1216 1217//1217
f 1136//1136 1217//1217 1137//1137
f 1137//1137 1217//1217 1218//1218
f 1137//1137 1218//1218 1138//1138
f 1138//1138 1218//1218 1219//1219
f 1138//1138 1219//1219 1139//1139
f 1139//1139 1219//1219 1220//1220
f 1139//1139 1220//1220 1140//1140
f 1140//1140 1220//1220 1221//1221
f 1140//1140 1221//1221 1141//1141
f 1141//1141 1221//1221 1222//1222
f 1141//1141 1222//1222 1142//1142
f 1142//1142 1222//1222 1223//1223
f 1142//1142 1223//1223 1143//1143
f 1143//1143 1223//1223 1224//1224
f 1143//1143 1224//1224 1144//1144
f 1144//1144 1224//1224 1225//1225
f 1144//1144 1225//1225 1145//1145
f 1145//1145 1225//1225 1226//1226
f 1145//1145 1226//1226 1146//1146
f 1146//1146 1226//1226 1227//1227
f 1146//1146 1227//1227 1147//1147
f 1147//1147 1227//1227 1228//1228
f 1147//1147 1228//1228 1148//1148
f 1148//1148 1228//1228 1229//1229
f 1148//1148 1229//1229 1149//1149
f 1149//1149 1229//1229 1230//1230
f 1149//1149 1230//1230 1150//1150
f 1150//1150 1230//1230 1231//1231
f 1150//1150 1231//1231 1151//1151
f 1151//1151 1231//1231 1232//1232
f 1151//1151 1232//1232 1152//1152
f 1152//1152 1232//1232 1233//1233
f 1152//1152 1233//1233 1153//1153
f 1153//1153 1233//1233 1234//1234
f 1153//1153 1234//1234 1154//1154
f 1154//1154 1234//1234 1235//1235
f 1154//1154 1235//1235 1155//1155
f 1155//1155 1235//1235 1236//1236
f 1155//1155 1236//1236 1156//1156
f 1156//1156 1236//1236 1237//1237
f 1156//1156 1237//1237 1157//1157
f 1157//1157 1237//1237 1238//1238
f 1157//1157 1238//1238 1158//1158
f 1158//1158 1238//1238 1239//1239
f 1158//1158 1239//1239 1159//1159
f 1159//1159 1239//1239 1240//1240
f 1159//1159 1240//1240 1160//1160
f 1160//1160 1240//1240 1241//1241
f 1160//1160 1241//1241 1161//1161
f 1161//1161 1241//1241 1242//1242
f 1161//1161 1242//1242 1162//1162
f 1162//1162 1242//1242 1243//1243
f 1162//1162 1243//1243 1163//1163
f 1163//1163 1243//1243 1244//1244
f 1163//1163 1244//1244 1164//1164
f 1164//1164 1244//1244 1245//1245
f 1164//1164 1245//1245 1165//1165
f 1165//1165 1245//1245 1246//1246
f 1165//1165 1246//1246 1166//1166
f 1166//1166 1246//1246 1247//1247
f 1166//1166 1247//1247 1167//1167
f 1167//1167 1247//1247 1248//1248
f 1167//1167 1248//1248 1168//1168
f 1168//1168 1248//1248 1249//1249
f 1168//1168 1249//1249 1169//1169
f 1169//1169 1249//1249 1250//1250
f 1169//1169 1250//1250 1170//1170
f 1170//1170 1250//1250 1171//1171
f 1250//1250 1251//1251 1171//1171
f 1171//1171 1251//1251 1252//1252
f 1171//1171 1252//1252 1172//1172
f 1172//1172 1252//1252 1253//1253
f 1172//1172 1253//1253 1173//1173
f 1173//1173 1253//1253 1254//1254
f 1173//1173 1254//1254 1174//1174
f 1174//1174 1254//1254 1255//1255
f 1174//1174 1255//1255 1175//1175
f 1175//1175 1255//1255 1256//1256
f 1175//1175 1256//1256 1176//1176
f 1176//1176 1256//1256 1257//1257
f 1176//1176 1257//1257 1177//1177
f 1177//1177 1257//1257 1258//1258
f 1177//1177 1258//1258 1178//1178
f 1178//1178 1258//1258 1259//1259
f 1178//1178 1259//1259 1179//1179
f 1179//1179 1259//1259 1260//1260
f 1179//1179 1260//1260 1180//1180
f 1180//1180 1260//1260 1261//1261
f 1180//1180 1261//1261 1181//1181
f 1181//1181 1261//1261 1262//1262
f 1181//1181 1262//1262 1182//1182
f 1182//1182 1262//1262 1263//1263
f 1182//1182 1263//1263 1183//1183
f 1183//1183 1263//1263 1264//1264
f 1183//1183 1264//1264 1184//1184
f 1184//1184 1264//1264 1265//1265
f 1184//1184 1265//1265 1185//1185
f 1185//1185 1265//1265 1266//1266
f 1185//1185 1266//1266 1186//1186
f 1186//1186 1266//1266 1267//1267
f 1186//1186 1267//1267 1187//1187
f 1187//1187 1267//1267 1268//1268
f 1187//1187 1268//1268 1188//1188
f 1188//1188 1268//1268 1269//1269
f 1188//1188 1269//1269 1189//1189
f 1189//1189 1269//1269 1270//1270
f 1189//1189 1270//1270 1190//1190
f 1190//1190 1270//1270 1271//1271
f 1190//1190 1271//1271 1191//1191
f 1191//1191 1271//1271 1272//1272
f 1191//1191 1272//1272 1192//1192
f 1192//1192 1272//1272 1273//1273
f 1192//1192 1273//1273 1193//1193
f 1193//1193 1273//1273 1274//1274
f 1193//1193 1274//1274 1194//1194
f 1194//1194 1274//1274 1275//1275
f 1194//1194 1275//1275 1195//1195
f 1195//1195 1275//1275 1276//1276
f 1195//1195 1276//1276 1196//1196
f 1196//1196 1276//1276 1277//1277
f 1196//1196 1277//1277 1197//1197
f 1197//1197 1277//1277 1278//1278
f 1197//1197 1278//1278 1198//1198
f 1198//1198 1278//1278 1279//1279
f 1198//1198 1279//1279 1199//1199
f 1199//1199 1279//1279 1280//1280
f 1199//1199 1280//1280 1200//1200
f 1200//1200 1280//1280 1281//1281
f 1200//1200 1281//1281 1201//1201
f 1201//1201 1281//1281 1282//1282
f 1201//1201 1282//1282 1202//1202
f 1202//1202 1282//1282 1283//1283
f 1202//1202 1283//1283 1203//1203
f 1203//1203 1283//1283 1284//1284
f 1203//1203 1284//1284 1204//1204
f 1204//1204 1284//1284 1285//1285
f 1204//1204 1285//1285 1205//1205
f 1205//1205 1285//1285 1286//1286
f 1205//1205 1286//1286 1206//1206
f 1206//1206 1286//1286 1287//1287
f 1206//1206 1287//1287 1207//1207
f 1207//1207 1287//1287 1288//1288
f 1207//1207 1288//1288 1208//1208
f 1208//1208 1288//1288 1289//1289
f 1208//1208 1289//1289 1209//1209
f 1209//1209 1289//1289 1290//1290
f 1209//1209 1290//1290 1210//1210
f 1210//1210 1290//1290 1291//1291
f 1210//1210 1291//1291 1211//1211
f 1211//1211 1291//1291 1292//1292
f 1211//1211 1292//1292 1212//1212
f 1212//1212 1292//1292 1293//1293
f 1212//1212 1293//1293 1213//1213
f 1213//1213 1293//1293 1294//1294
f 1213//1213 1294//1294 1214//1214
f 1214//1214 1294//1294 1295//1295
f 1214//1214 1295//1295 1215//1215
f 1215//1215 1295//1295 1296//1296
f 1215//1215 1296//1296 1216//1216
f 1216//1216 1296//1296 1297//1297
f 1216//1216 1297//1297 1217//1217
f 1217//1217 1297//1297 1298//1298
f 1217//1217 1298//1298 1218//1218
f 1218//1218 1298//1298 1299//1299
f 1218//1218 1299//1299 1219//1219
f 1219//1219 1299//1299 1300//1300
f 1219//1219 1300//1300 1220//1220
f 1220//1220 1300//1300 1301//1301
f 1220//1220 1301//1301 1221//1221
f 1221//1221 1301//1301 1302//1302
f 1221//1221 1302//1302 1222//1222
f 1222//1222 1302//1302 1303//1303
f 1222//1222 1303//1303 1223//1223
f 1223//1223 1303//1303 1304//1304
f 1223//1223 1304//1304 1224//1224
f 1224//1224 1304//1304 1305//1305
f 1224//1224 1305//1305 1225//1225
f 1225//1225 1305//1305 1306//1306
f 1225//1225 1306//1306 1226//1226
f 1226//1226 1306//1306 1307//1307
f 1226//1226 1307//1307 1227//1227
f 1227//1227 1307//1307 1308//1308
f 1227//1227 1308//1308 1228//1228
f 1228//1228 1308//1308 1309//1309
f 1228//1228 1309//1309 1229//1229
f 1229//1229 1309//1309 1310//1310
f 1229//1229 1310//1310 1230//1230
f 1230//1230 1310//1310 1311//1311
f 1230//1230 1311//1311 1231//1231
f 1231//1231 1311//1311 1312//1312
f 1231//1231 1312//1312 1232//1232
f 1232//1232 1312//1312 1313//1313
f 1232//1232 1313//1313 1233//1233
f 1233//1233 1313//1313 1314//1314
f 1233//1233 1314//1314 1234//1234
f 1234//1234 1314//1314 1315//1315
f 1234//1234 1315//1315 1235//1235
f 1235//1235 1315//1315 1316//1316
f 1235//1235 1316//1316 1236//1236
f 1236//1236 1316//1316 1317//1317
f 1236//1236 1317//1317 1237//1237
f 1237//1237 1317//1317 1318//1318
f 1237//1237 1318//1318 1238//1238
f 1238//1238 1318//1318 1319//1319
f 1238//1238 1319//1319 1239//1239
f 1239//1239 1319//1319 1320//1320
f 1239//1239 1320//1320 1240//1240
f 1240//1240 1320//1320 1321//1321
f 1240//1240 1321//1321 1241//1241
f 1241//1241 1321//1321 1322//1322
f 1241//1241 1322//1322 1242//1242
f 1242//1242 1322//1322 1323//1323
f 1242//1242 1323//1323 1243//1243
f 1243//1243 1323//1323 1324//1324
f 1243//1243 1324//1324 1244//1244
f 1244//1244 1324//1324 1325//1325
f 1244//1244 1325//1325 1245//1245
f 1245//1245 1325//1325 1326//1326
f 1245//1245 1326//1326 1246//1246
f 1246//1246 1326//1326 1327//1327
f 1246//1246 1327//1327 1247//1247
f 1247//1247 1327//1327 1328//1328
f 1247//1247 1328//1328 1248//1248
f 1248//1248 1328//1328 1329//1329
f 1248//1248 1329//1329 1249//1249
f 1249//1249 1329//1329 1330//1330
f 1249//1249 1330//1330 1250//1250
f 1250//1250 1330//1330 1251//1251
f 1330//1330 1331//1331 1251//1251
f 1251//1251 1331//1331 1332//1332
f 1251//1251 1332//1332 1252//1252
f 1252//1252 1332//1332 1333//1333
f 1252//1252 1333//1333 1253//1253
f 1253//1253 1333//1333 1334//1334
f 1253//1253 1334//1334 1254//1254
f 1254//1254 1334//1334 1335//1335
f 1254//1254 1335//1335 1255//1255
f 1255//1255 1335//1335 1336//1336
f 1255//1255 1336//1336 1256//1256
f 1256//1256 1336//1336 1337//1337
f 1256//1256 1337//1337 1257//1257
f 1257//1257 1337//1337 1338//1338
f 1257//1257 1338//1338 1258//1258
f 1258//1258 1338//1338 1339//1339
f 1258//1258 1339//1339 1259//1259
f 1259//1259 1339//1339 1340//1340
f 1259//1259 1340//1340 1260//1260
f 1260//1260 1340//1340 1341//1341
f 1260//1260 1341//1341 1261//1261
f 1261//1261 1341//1341 1342//1342
f 1261//1261 1342//1342 1262//1262
f 1262//1262 1342//1342 1343//1343
f 1262//1262 1343//1343 1263//1263
f 1263//1263 1343//1343 1344//1344
f 1263//1263 1344//1344 1264//1264
f 1264//1264 1344//1344 1345//1345
f 1264//1264 1345//1345 1265//1265
f 1265//1265 1345//1345 1346//1346
f 1265//1265 1346//1346 1266//1266
f 1266//1266 1346//1346 1347//1347
f 1266//1266 1347//1347 1267//1267
f 1267//1267 1347//1347 1348//1348
f 1267//1267 1348//1348 1268//1268
f 1268//1268 1348//1348 1349//1349
f 1268//1268 1349//1349 1269//1269
f 1269//1269 1349//1349 1350//1350
f 1269//1269 1350//1350 1270//1270
f 1270//1270 1350//1350 1351//1351
f 1270//1270 1351//1351 1271//1271
f 1271//1271 1351//1351 1352//1352
f 1271//1271 1352//1352 1272//1272
f 1272//1272 1352//1352 1353//1353
f 1272//1272 1353//1353 1273//1273
f 1273//1273 1353//1353 1354//1354
f 1273//1273 1354//1354 1274//1274
f 1274//1274 1354//1354 1355//1355
f 1274//1274 1355//1355 1275//1275
f 1275//1275 1355//1355 1356//1356
f 1275//1275 1356//1356 1276//1276
f 1276//1276 1356//1356 1357//1357
f 1276//1276 1357//1357 1277//1277
f 1277//1277 1357//1357 1358//1358
f 1277//1277 1358//1358 1278//1278
f 1278//1278 1358//1358 1359//1359
f 1278//1278 1359//1359 1279//1279
f 1279//1279 1359//1359 1360//1360
f 1279//1279 1360//1360 1280//1280
f 1280//1280 1360//1360 1361//1361
f 1280//1280 1361//1361 1281//1281
f 1281//1281 1361//1361 1362//1362
f 1281//1281 1362//1362 1282//1282
f 1282//1282 1362//1362 1363//1363
f 1282//1282 1363//1363 1283//1283
f 1283//1283 1363//1363 1364//1364
f 1283//1283 1364//1364 1284//1284
f 1284//1284 1364//1364 1365//1365
f 1284//1284 1365//1365 1285//1285
f 1285//1285 1365//1365 1366//1366
f 1285//1285 1366//1366 1286//1286
f 1286//1286 1366//1366 1367//1367
f 1286//1286 1367//1367 1287//1287
f 1287//1287 1367//1367 1368//1368
f 1287//1287 1368//1368 1288//1288
f 1288//1288 1368//1368 1369//1369
f 1288//1288 1369//1369 1289//1289
f 1289//1289 1369//1369 1370//1370
f 1289//1289 1370//1370 1290//1290
f 1290//1290 1370//1370 1371//1371
f 1290//1290 1371//1371 1291//1291
f 1291//1291 1371//1371 1372//1372
f 1291//1291 1372//1372 1292//1292
f 1292//1292 1372//1372 1373//1373
f 1292//1292 1373//1373 1293//1293
f 1293//1293 1373//1373 1374//1374
f 1293//1293 1374//1374 1294//1294
f 1294//1294 1374//1374 1375//1375
f 1294//1294 1375//1375 1295//1295
f 1295//1295 1375//1375 1376//1376
f 1295//1295 1376//1376 1296//1296
f 1296//1296 1376//1376 1377//1377
f 1296//1296 1377//1377 1297//1297
f 1297//1297 1377//1377 1378//1378
f 1297//1297 1378//1378 1298//1298
f 1298//1298 1378//1378 1379//1379
f 1298//1298 1379//1379 1299//1299
f 1299//1299 1379//1379 1380//1380
f 1299//1299 1380//1380 1300//1300
f 1300//1300 1380//1380 1381//1381
f 1300//1300 1381//1381 1301//1301
f 1301//1301 1381//1381 1382//1382
f 1301//1301 1382//1382 1302//1302
f 1302//1302 1382//1382 1383//1383
f 1302//1302 1383//1383 1303//1303
f 1303//1303 1383//1383 1384//1384
f 1303//1303 1384//1384 1304//1304
f 1304//1304 1384//1384 1385//1385
f 1304//1304 1385//1385 1305//1305
f 1305//1305 1385//1385 1386//1386
f 1305//1305 1386//1386 1306//1306
f 1306//1306 1386//1386 1387//1387
f 1306//1306 1387//1387 1307//1307
f 1307//1307 1387//1387 1388//1388
f 1307//1307 1388//1388 1308//1308
f 1308//1308 1388//1388 1389//1389
f 1308//1308 1389//1389 1309//1309
f 1309//1309 1389//1389 1390//1390
f 1309//1309 1390//1390 1310//1310
f 1310//1310 1390//1390 1391//1391
f 1310//1310 1391//1391 1311//1311
f 1311//1311 1391//1391 1392//1392
f 1311//1311 1392//1392 1312//1312
f 1312//1312 1392//1392 1393//1393
f 1312//1312 1393//1393 1313//1313
f 1313//1313 1393//1393 1394//1394
f 1313//1313 1394//1394 1314//1314
f 1314//1314 1394//1394 1395//1395
f 1314//1314 1395//1395 1315//1315
f 1315//1315 1395//1395 1396//1396
f 1315//1315 1396//1396 1316//1316
f 1316//1316 1396//1396 1397//1397
f 1316//1316 1397//1397 1317//1317
f 1317//1317 1397//1397 1398//1398
f 1317//1317 1398//1398 1318//1318
f 1318//1318 1398//1398 1399//1399
f 1318//1318 1399//1399 1319//1319
f 1319//1319 1399//1399 1400//1400
f 1319//1319 1400//1400 1320//1320
f 1320//1320 1400//1400 1401//1401
f 1320//1320 1401//1401 1321//1321
f 1321//1321 1401//1401 1402//1402
f 1321//1321 1402//1402 1322//1322
f 1322//1322 1402//1402 1403//1403
f 1322//1322 1403//1403 1323//1323
f 1323//1323 1403//1403 1404//1404
f 1323//1323 1404//1404 1324//1324
f 1324//1324 1404//1404 1405//1405
f 1324//1324 1405//1405 1325//1325
f 1325//1325 1405//1405 1406//1406
f 1325//1325 1406//1406 1326//1326
f 1326//1326 1406//1406 1407//1407
f 1326//1326 1407//1407 1327//1327
f 1327//1327 1407//1407 1408//1408
f 1327//1327 1408//1408 1328//1328
f 1328//1328 1408//1408 1409//1409
f 1328//1328 1409//1409 1329//1329
f 1329//1329 1409//1409 1410//1410
f 1329//1329 1410//1410 1330//1330
f 1330//1330 1410//1410 1331//1331
f 1410//1410 1411//1411 1331//1331
f 1331//1331 1411//1411 1412//1412
f 1331//1331 1412//1412 1332//1332
f 1332//1332 1412//1412 1413//1413
f 1332//1332 1413//1413 1333//1333
f 1333//1333 1413//1413 1414//1414
f 1333//1333 1414//1414 1334//1334
f 1334//1334 1414//1414 1415//1415
f 1334//1334 1415//1415 1335//1335
f 1335//1335 1415//1415 1416//1416
f 1335//1335 1416//1416 1336//1336
f 1336//1336 1416//1416 1417//1417
f 1336//1336 1417//1417 1337//1337
f 1337//1337 1417//1417 1418//1418
f 1337//1337 1418//1418 1338//1338
f 1338//1338 1418//1418 1419//1419
f 1338//1338 1419//1419 1339//1339
f 1339//1339 1419//1419 1420//1420
f 1339//1339 1420//1420 1340//1340
f 1340//1340 1420//1420 1421//1421
f 1340//1340 1421//1421 1341//1341
f 1341//1341 1421//1421 1422//1422
f 1341//1341 1422//1422 1342//1342
f 1342//1342 1422//1422 1423//1423
f 1342//1342 1423//1423 1343//1343
f 1343//1343 1423//1423 1424//1424
f 1343//1343 1424//1424 1344//1344
f 1344//1344 1424//1424 1425//1425
f 1344//1344 1425//1425 1345//1345
f 1345//1345 1425//1425 1426//1426
f 1345//1345 1426//1426 1346//1346
f 1346//1346 1426//1426 1427//1427
f 1346//1346 1427//1427 1347//1347
f 1347//1347 1427//1427 1428//1428
f 1347//1347 1428//1428 1348//1348
f 1348//1348 1428//1428 1429//1429
f 1348//1348 1429//1429 1349//1349
f 1349//1349 1429//1429 1430//1430
f 1349//1349 1430//1430 1350//1350
f 1350//1350 1430//1430 1431//1431
f 1350//1350 1431//1431 1351//1351
f 1351//1351 1431//1431 1432//1432
f 1351//1351 1432//1432 1352//1352
f 1352//1352 1432//1432 1433//1433
f 1352//1352 1433//1433 1353//1353
f 1353//1353 1433//1433 1434//1434
f 1353//1353 1434//1434 1354//1354
f 1354//1354 1434//1434 1435//1435
f 1354//1354 1435//1435 1355//1355
f 1355//1355 1435//1435 1436//1436
f 1355//1355 1436//1436 1356//1356
f 1356//1356 1436//1436 1437//1437
f 1356//1356 1437//1437 1357//1357
f 1357//1357 1437//1437 1438//1438
f 1357//1357 1438//1438 1358//1358
f 1358//1358 1438//1438 1439//1439
f 1358//1358 1439//1439 1359//1359
f 1359//1359 1439//1439 1440//1440
f 1359//1359 1440//1440 1360//1360
f 1360//1360 1440//1440 1441//1441
f 1360//1360 1441//1441 1361//1361
f 1361//1361 1441//1441 1442//1442
f 1361//1361 1442//1442 1362//1362
f 1362//1362 1442//1442 1443//1443
f 1362//1362 1443//1443 1363//1363
f 1363//1363 1443//1443 1444//1444
f 1363//1363 1444//1444 1364//1364
f 1364//1364 1444//1444 1445//1445
f 1364//1364 1445//1445 1365//1365
f 1365//1365 1445//1445 1446//1446
f 1365//1365 1446//1446 1366//1366
f 1366//1366 1446//1446 1447//1447
f 1366//1366 1447//1447 1367//1367
f 1367//1367 1447//1447 1448//1448
f 1367//1367 1448//1448 1368//1368
f 1368//1368 1448//1448 1449//1449
f 1368//1368 1449//1449 1369//1369
f 1369//1369 1449//1449 1450//1450
f 1369//1369 1450//1450 1370//1370
f 1370//1370 1450//1450 1451//1451
f 1370//1370 1451//1451 1371//1371
f 1371//1371 1451//1451 1452//1452
f 1371//1371 1452//1452 1372//1372
f 1372//1372 1452//1452 1453//1453
f 1372//1372 1453//1453 1373//1373
f 1373//1373 1453//1453 1454//1454
f 1373//1373 1454//1454 1374//1374
f 1374//1374 1454//1454 1455//1455
f 1374//1374 1455//1455 1375//1375
f 1375//1375 1455//1455 1456//1456
f 1375//1375 1456//1456 1376//1376
f 1376//1376 1456//1456 1457//1457
f 1376//1376 1457//1457 1377//1377
f 1377//1377 1457//1457 1458//1458
f 1377//1377 1458//1458 1378//1378
f 1378//1378 1458//1458 1459//1459
f 1378//1378 1459//1459 1379//1379
f 1379//1379 1459//1459 1460//1460
f 1379//1379 1460//1460 1380//1380
f 1380//1380 1460//1460 1461//1461
f 1380//1380 1461//1461 1381//1381
f 1381//1381 1461//1461 1462//1462
f 1381//1381 1462//1462 1382//1382
f 1382//1382 1462//1462 1463//1463
f 1382//1382 1463//1463 1383//1383
f 1383//1383 1463//1463 1464//1464
f 1383//1383 1464//1464 1384//1384
f 1384//1384 1464//1464 1465//1465
f 1384//1384 1465//1465 1385//1385
f 1385//1385 1465//1465 1466//1466
f 1385//1385 1466//1466 1386//1386
f 1386//1386 1466//1466 1467//1467
f 1386//1386 1467//1467 1387//1387
f 1387//1387 1467//1467 1468//1468
f 1387//1387 1468//1468 1388//1388
f 1388//1388 1468//1468 1469//1469
f 1388//1388 1469//1469 1389//1389
f 1389//1389 1469//1469 1470//1470
f 1389//1389 1470//1470 1390//1390
f 1390//1390 1470//1470 1471//1471
f 1390//1390 1471//1471 1391//1391
f 1391//1391 1471//1471 1472//1472
f 1391//1391 1472//1472 1392//1392
f 1392//1392 1472//1472 1473//1473
f 1392//1392 1473//1473 1393//1393
f 1393//1393 1473//1473 1474//1474
f 1393//1393 1474//1474 1394//1394
f 1394//1394 1474//1474 1475//1475
f 1394//1394 1475//1475 1395//1395
f 1395//1395 1475//1475 1476//1476
f 1395//1395 1476//1476 1396//1396
f 1396//1396 1476//1476 1477//1477
f 1396//1396 1477//1477 1397//1397
f 1397//1397 1477//1477 1478//1478
f 1397//1397 1478//1478 1398//1398
f 1398//1398 1478//1478 1479//1479
f 1398//1398 1479//1479 1399//1399
f 1399//1399 1479//1479 1480//1480
f 1399//1399 1480//1480 1400//1400
f 1400//1400 1480//1480 1481//1481
f 1400//1400 1481//1481 1401//1401
f 1401//1401 1481//1481 1482//1482
f 1401//1401 1482//1482 1402//1402
f 1402//1402 1482//1482 1483//1483
f 1402//1402 1483//1483 1403//1403
f 1403//1403 1483//1483 1484//1484
f 1403//1403 1484//1484 1404//1404
f 1404//1404 1484//1484 1485//1485
f 1404//1404 1485//1485 1405//1405
f 1405//1405 1485//1485 1486//1486
f 1405//1405 1486//1486 1406//1406
f 1406//1406 1486//1486 1487//1487
f 1406//1406 1487//1487 1407//1407
f 1407//1407 1487//1487 1488//1488
f 1407//1407 1488//1488 1408//1408
f 1408//1408 1488//1488 1489//1489
f 1408//1408 1489//1489 1409//1409
f 1409//1409 1489//1489 1490//1490
f 1409//1409 1490//1490 1410//1410
f 1410//1410 1490//1490 1411//1411
f 1490//1490 1491//1491 1411//1411
f 1411//1411 1491//1491 1492//1492
f 1411//1411 1492//1492 1412//1412
f 1412//1412 1492//1492 1493//1493
f 1412//1412 1493//1493 1413//1413
f 1413//1413 1493//1493 1494//1494
f 1413//1413 1494//1494 1414//1414
f 1414//1414 1494//1494 1495//1495
f 1414//1414 1495//1495 1415//1415
f 1415//1415 1495//1495 1496//1496
f 1415//1415 1496//1496 1416//1416
f 1416//1416 1496//1496 1497//1497
f 1416//1416 1497//1497 1417//1417
f 1417//1417 1497//1497 1498//1498
f 1417//1417 1498//1498 1418//1418
f 1418//1418 1498//1498 1499//1499
f 1418//1418 1499//1499 1419//1419
f 1419//1419 1499//1499 1500//1500
f 1419//1419 1500//1500 1420//1420
f 1420//1420 1500//1500 1501//1501
f 1420//1420 1501//1501 1421//1421
f 1421//1421 1501//1501 1502//1502
f 1421//1421 1502//1502 1422//1422
f 1422//1422 1502//1502 1503//1503
f 1422//1422 1503//1503 1423//1423
f 1423//1423 1503//1503 1504//1504
f 1423//1423 1504//1504 1424//1424
f 1424//1424 1504//1504 1505//1505
f 1424//1424 1505//1505 1425//1425
f 1425//1425 1505//1505 1506//1506
f 1425//1425 1506//1506 1426//1426
f 1426//1426 1506//1506 1507//1507
f 1426//1426 1507//1507 1427//1427
f 1427//1427 1507//1507 1508//1508
f 1427//1427 1508//1508 1428//1428
f 1428//1428 1508//1508 1509//1509
f 1428//1428 1509//1509 1429//1429
f 1429//1429 1509//1509 1510//1510
f 1429//1429 1510//1510 1430//1430
f 1430//1430 1510//1510 1511//1511
f 1430//1430 1511//1511 1431//1431
f 1431//1431 1511//1511 1512//1512
f 1431//1431 1512//1512 1432//1432
f 1432//1432 1512//1512 1513//1513
f 1432//1432 1513//1513 1433//1433
f 1433//1433 1513//1513 1514//1514
f 1433//1433 1514//1514 1434//1434
f 1434//1434 1514//1514 1515//1515
f 1434//1434 1515//1515 1435//1435
f 1435//1435 1515//1515 1516//1516
f 1435//1435 1516//1516 1436//1436
f 1436//1436 1516//1516 1517//1517
f 1436//1436 1517//1517 1437//1437
f 1437//1437 1517//1517 1518//1518
f 1437//1437 1518//1518 1438//1438
f 1438//1438 1518//1518 1519//1519
f 1438//1438 1519//1519 1439//1439
f 1439//1439 1519//1519 1520//1520
f 1439//1439 1520//1520 1440//1440
f 1440//1440 1520//1520 1521//1521
f 1440//1440 1521//1521 1441//1441
f 1441//1441 1521//1521 1522//1522
f 1441//1441 1522//1522 1442//1442
f 1442//1442 1522//1522 1523//1523
f 1442//1442 1523//1523 1443//1443
f 1443//1443 1523//1523 1524//1524
f 1443//1443 1524//1524 1444//1444
f 1444//1444 1524//1524 1525//1525
f 1444//1444 1525//1525 1445//1445
f 1445//1445 1525//1525 1526//1526
f 1445//1445 1526//1526 1446//1446
f 1446//1446 1526//1526 1527//1527
f 1446//1446 1527//1527 1447//1447
f 1447//1447 1527//1527 1528//1528
f 1447//1447 1528//1528 1448//1448
f 1448//1448 1528//1528 1529//1529
f 1448//1448 1529//1529 1449//1449
f 1449//1449 1529//1529 1530//1530
f 1449//1449 1530//1530 1450//1450
f 1450//1450 1530//1530 1531//1531
f 1450//1450 1531//1531 1451//1451
f 1451//1451 1531//1531 1532//1532
f 1451//1451 1532//1532 1452//1452
f 1452//1452 1532//1532 1533//1533
f 1452//1452 1533//1533 1453//1453
f 1453//1453 1533//1533 1534//1534
f 1453//1453 1534//1534 1454//1454
f 1454//1454 1534//1534 1535//1535
f 1454//1454 1535//1535 1455//1455
f 1455//1455 1535//1535 1536//1536
f 1455//1455 1536//1536 1456//1456
f 1456//1456 1536//1536 1537//1537
f 1456//1456 1537//1537 1457//1457
f 1457//1457 1537//1537 1538//1538
f 1457//1457 1538//1538 1458//1458
f 1458//1458 1538//1538 1539//1539
f 1458//1458 1539//1539 1459//1459
f 1459//1459 1539//1539 1540//1540
f 1459//1459 1540//1540 1460//1460
f 1460//1460 1540//1540 1541//1541
f 1460//1460 1541//1541 1461//1461
f 1461//1461 1541//1541 1542//1542
f 1461//1461 1542//1542 1462//1462
f 1462//1462 1542//1542 1543//1543
f 1462//1462 1543//1543 1463//1463
f 1463//1463 1543//1543 1544//1544
f 1463//1463 1544//1544 1464//1464
f 1464//1464 1544//1544 1545//1545
f 1464//1464 1545//1545 1465//1465
f 1465//1465 1545//1545 1546//1546
f 1465//1465 1546//1546 1466//1466
f 1466//1466 1546//1546 1547//1547
f 1466//1466 1547//1547 1467//1467
f 1467//1467 1547//1547 1548//1548
f 1467//1467 1548//1548 1468//1468
f 1468//1468 1548//1548 1549//1549
f 1468//1468 1549//1549 1469//1469
f 1469//1469 1549//1549 1550//1550
f 1469//1469 1550//1550 1470//1470
f 1470//1470 1550//1550 1551//1551
f 1470//1470 1551//1551 1471//1471
f 1471//1471 1551//1551 1552//1552
f 1471//1471 1552//1552 1472//1472
f 1472//1472 1552//1552 1553//1553
f 1472//1472 1553//1553 1473//1473
f 1473//1473 1553//1553 1554//1554
f 1473//1473 1554//1554 1474//1474
f 1474//1474 1554//1554 1555//1555
f 1474//1474 1555//1555 1475//1475
f 1475//1475 1555//1555 1556//1556
f 1475//1475 1556//1556 1476//1476
f 1476//1476 1556//1556 1557//1557
f 1476//1476 1557//1557 1477//1477
f 1477//1477 1557//1557 1558//1558
f 1477//1477 1558//1558 1478//1478
f 1478//1478 1558//1558 1559//1559
f 1478//1478 1559//1559 1479//1479
f 1479//1479 1559//1559 1560//1560
f 1479//1479 1560//1560 1480//1480
f 1480//1480 1560//1560 1561//1561
f 1480//1480 1561//1561 1481//1481
f 1481//1481 1561//1561 1562//1562
f 1481//1481 1562//1562 1482//1482
f 1482//1482 1562//1562 1563//1563
f 1482//1482 1563//1563 1483//1483
f 1483//1483 1563//1563 1564//1564
f 1483//1483 1564//1564 1484//1484
f 1484//1484 1564//1564 1565//1565
f 1484//1484 1565//1565 1485//1485
f 1485//1485 1565//1565 1566//1566
f 1485//1485 1566//1566 1486//1486
f 1486//1486 1566//1566 1567//1567
f 1486//1486 1567//1567 1487//1487
f 1487//1487 1567//1567 1568//1568
f 1487//1487 1568//1568 1488//1488
f 1488//1488 1568//1568 1569//1569
f 1488//1488 1569//1569 1489//1489
f 1489//1489 1569//1569 1570//1570
f 1489//1489 1570//1570 1490//1490
f 1490//1490 1570//1570 1491//1491
f 1570//1570 1571//1571 1491//1491
f 1491//1491 1571//1571 1572//1572
f 1491//1491 1572//1572 1492//1492
f 1492//1492 1572//1572 1573//1573
f 1492//1492 1573//1573 1493//1493
f 1493//1493 1573//1573 1574//1574
f 1493//1493 1574//1574 1494//1494
f 1494//1494 1574//1574 1575//1575
f 1494//1494 1575//1575 1495//1495
f 1495//1495 1575//1575 1576//1576
f 1495//1495 1576//1576 1496//1496
f 1496//1496 1576//1576 1577//1577
f 1496//1496 1577//1577 1497//1497
f 1497//1497 1577//1577 1578//1578
f 1497//1497 1578//1578 1498//1498
f 1498//1498 1578//1578 1579//1579
f 1498//1498 1579//1579 1499//1499
f 1499//1499 1579//1579 1580//1580
f 1499//1499 1580//1580 1500//1500
f 1500//1500 1580//1580 1581//1581
f 1500//1500 1581//1581 1501//1501
f 1501//1501 1581//1581 1582//1582
f 1501//1501 1582//1582 1502//1502
f 1502//1502 1582//1582 1583//1583
f 1502//1502 1583//1583 1503//1503
f 1503//1503 1583//1583 1584//1584
f 1503//1503 1584//1584 1504//1504
f 1504//1504 1584//1584 1585//1585
f 1504//1504 1585//1585 1505//1505
f 1505//1505 1585//1585 1586//1586
f 1505//1505 1586//1586 1506//1506
f 1506//1506 1586//1586 1587//1587
f 1506//1506 1587//1587 1507//1507
f 1507//1507 1587//1587 1588//1588
f 1507//1507 1588//1588 1508//1508
f 1508//1508 1588//1588 1589//1589
f 1508//1508 1589//1589 1509//1509
f 1509//1509 1589//1589 1590//1590
f 1509//1509 1590//1590 1510//1510
f 1510//1510 1590//1590 1591//1591
f 1510//1510 1591//1591 1511//1511
f 1511//1511 1591//1591 1592//1592
f 1511//1511 1592//1592 1512//1512
f 1512//1512 1592//1592 1593//1593
f 1512//1512 1593//1593 1513//1513
f 1513//1513 1593//1593 1594//1594
f 1513//1513 1594//1594 1514//1514
f 1514//1514 1594//1594 1595//1595
f 1514//1514 1595//1595 1515//1515
f 1515//1515 1595//1595 1596//1596
f 1515//1515 1596//1596 1516//1516
f 1516//1516 1596//1596 1597//1597
f 1516//1516 1597//1597 1517//1517
f 1517//1517 1597//1597 1598//1598
f 1517//1517 1598//1598 1518//1518
f 1518//1518 1598//1598 1599//1599
f 1518//1518 1599//1599 1519//1519
f 1519//1519 1599//1599 1600//1600
f 1519//1519 1600//1600 1520//1520
f 1520//1520 1600//1600 1601//1601
f 1520//1520 1601//1601 1521//1521
f 1521//1521 1601//1601 1602//1602
f 1521//1521 1602//1602 1522//1522
f 1522//1522 1602//1602 1603//1603
f 1522//1522 1603//1603 1523//1523
f 1523//1523 1603//1603 1604//1604
f 1523//1523 1604//1604 1524//1524
f 1524//1524 1604//1604 1605//1605
f 1524//1524 1605//1605 1525//1525
f 1525//1525 1605//1605 1606//1606
f 1525//1525 1606//1606 1526//1526
f 1526//1526 1606//1606 1607//1607
f 1526//1526 1607//1607 1527//1527
f 1527//1527 1607//1607 1608//1608
f 1527//1527 1608//1608 1528//1528
f 1528//1528 1608//1608 1609//1609
f 1528//1528 1609//1609 1529//1529
f 1529//1529 1609//1609 1610//1610
f 1529//1529 1610//1610 1530//1530
f 1530//1530 1610//1610 1611//1611
f 1530//1530 1611//1611 1531//1531
f 1531//1531 1611//1611 1612//1612
f 1531//1531 1612//1612 1532//1532
f 1532//1532 1612//1612 1613//1613
f 1532//1532 1613//1613 1533//1533
f 1533//1533 1613//1613 1614//1614
f 1533//1533 1614//1614 1534//1534
f 1534//1534 1614//1614 1615//1615
f 1534//1534 1615//1615 1535//1535
f 1535//1535 1615//1615 1616//1616
f 1535//1535 1616//1616 1536//1536
f 1536//1536 1616//1616 1617//1617
f 1536//1536 1617//1617 1537//1537
f 1537//1537 1617//1617 1618//1618
f 1537//1537 1618//1618 1538//1538
f 1538//1538 1618//1618 1619//1619
f 1538//1538 1619//1619 1539//1539
f 1539//1539 1619//1619 1620//1620
f 1539//1539 1620//1620 1540//1540
f 1540//1540 1620//1620 1621//1621
f 1540//1540 1621//1621 1541//1541
f 1541//1541 1621//1621 1622//1622
f 1541//1541 1622//1622 1542//1542
f 1542//1542 1622//1622 1623//1623
f 1542//1542 1623//1623 1543//1543
f 1543//1543 1623//1623 1624//1624
f 1543//1543 1624//1624 1544//1544
f 1544//1544 1624//1624 1625//1625
f 1544//1544 1625//1625 1545//1545
f 1545//1545 1625//1625 1626//1626
f 1545//1545 1626//1626 1546//1546
f 1546//1546 1626//1626 1627//1627
f 1546//1546 1627//1627 1547//1547
f 1547//1547 1627//1627 1628//1628
f 1547//1547 1628//1628 1548//1548
f 1548//1548 1628//1628 1629//1629
f 1548//1548 1629//1629 1549//1549
f 1549//1549 1629//1629 1630//1630
f 1549//1549 1630//1630 1550//1550
f 1550//1550 1630//1630 1631//1631
f 1550//1550 1631//1631 1551//1551
f 1551//1551 1631//1631 1632//1632
f 1551//1551 1632//1632 1552//1552
f 1552//1552 1632//1632 1633//1633
f 1552//1552 1633//1633 1553//1553
f 1553//1553 1633//1633 1634//1634
f 1553//1553 1634//1634 1554//1554
f 1554//1554 1634//1634 1635//1635
f 1554//1554 1635//1635 1555//1555
f 1555//1555 1635//1635 1636//1636
f 1555//1555 1636//1636 1556//1556
f 1556//1556 1636//1636 1637//1637
f 1556//1556 1637//1637 1557//1557
f 1557//1557 1637//1637 1638//1638
f 1557//1557 1638//1638 1558//1558
f 1558//1558 1638//1638 1639//1639
f 1558//1558 1639//1639 1559//1559
f 1559//1559 1639//1639 1640//1640
f 1559//1559 1640//1640 1560//1560
f 1560//1560 1640//1640 1641//1641
f 1560//1560 1641//1641 1561//1561
f 1561//1561 1641//1641 1642//1642
f 1561//1561 1642//1642 1562//1562
f 1562//1562 1642//1642 1643//1643
f 1562//1562 1643//1643 1563//1563
f 1563//1563 1643//1643 1644//1644
f 1563//1563 1644//1644 1564//1564
f 1564//1564 1644//1644 1645//1645
f 1564//1564 1645//1645 1565//1565
f 1565//1565 1645//1645 1646//1646
f 1565//1565 1646//1646 1566//1566
f 1566//1566 1646//1646 1647//1647
f 1566//1566 1647//1647 1567//1567
f 1567//1567 1647//1647 1648//1648
f 1567//1567 1648//1648 1568//1568
f 1568//1568 1648//1648 1649//1649
f 1568//1568 1649//1649 1569//1569
f 1569//1569 1649//1649 1650//1650
f 1569//1569 1650//1650 1570//1570
f 1570//1570 1650//1650 1571//1571
f 1650//1650 1651//1651 1571//1571
f 1571//1571 1651//1651 1652//1652
f 1571//1571 1652//1652 1572//1572
f 1572//1572 1652//1652 1653//1653
f 1572//1572 1653//1653 1573//1573
f 1573//1573 1653//1653 1654//1654
f 1573//1573 1654//1654 1574//1574
f 1574//1574 1654//1654 1655//1655
f 1574//1574 1655//1655 1575//1575
f 1575//1575 1655//1655 1656//1656
f 1575//1575 1656//1656 1576//1576
f 1576//1576 1656//1656 1657//1657
f 1576//1576 1657//1657 1577//1577
f 1577//1577 1657//1657 1658//1658
f 1577//1577 1658//1658 1578//1578
f 1578//1578 1658//1658 1659//1659
f 1578//1578 1659//1659 1579//1579
f 1579//1579 1659//1659 1660//1660
f 1579//1579 1660//1660 1580//1580
f 1580//1580 1660//1660 1661//1661
f 1580//1580 1661//1661 1581//1581
f 1581//1581 1661//1661 1662//1662
f 1581//1581 1662//1662 1582//1582
f 1582//1582 1662//1662 1663//1663
f 1582//1582 1663//1663 1583//1583
f 1583//1583 1663//1663 1664//1664
f 1583//1583 1664//1664 1584//1584
f 1584//1584 1664//1664 1665//1665
f 1584//1584 1665//1665 1585//1585
f 1585//1585 1665//1665 1666//1666
f 1585//1585 1666//1666 1586//1586
f 1586//1586 1666//1666 1667//1667
f 1586//1586 1667//1667 1587//1587
f 1587//1587 1667//1667 1668//1668
f 1587//1587 1668//1668 1588//1588
f 1588//1588 1668//1668 1669//1669
f 1588//1588 1669//1669 1589//1589
f 1589//1589 1669//1669 1670//1670
f 1589//1589 1670//1670 1590//1590
f 1590//1590 1670//1670 1671//1671
f 1590//1590 1671//1671 1591//1591
f 1591//1591 1671//1671 1672//1672
f 1591//1591 1672//1672 1592//1592
f 1592//1592 1672//1672 1673//1673
f 1592//1592 1673//1673 1593//1593
f 1593//1593 1673//1673 1674//1674
f 1593//1593 1674//1674 1594//1594
f 1594//1594 1674//1674 1675//1675
f 1594//1594 1675//1675 1595//1595
f 1595//1595 1675//1675 1676//1676
f 1595//1595 1676//1676 1596//1596
f 1596//1596 1676//1676 1677//1677
f 1596//1596 1677//1677 1597//1597
f 1597//1597 1677//1677 1678//1678
f 1597//1597 1678//1678 1598//1598
f 1598//1598 1678//1678 1679//1679
f 1598//1598 1679//1679 1599//1599
f 1599//1599 1679//1679 1680//1680
f 1599//1599 1680//1680 1600//1600
f 1600//1600 1680//1680 1681//1681
f 1600//1600 1681//1681 1601//1601
f 1601//1601 1681//1681 1682//1682
f 1601//1601 1682//1682 1602//1602
f 1602//1602 1682//1682 1683//1683
f 1602//1602 1683//1683 1603//1603
f 1603//1603 1683//1683 1684//1684
f 1603//1603 1684//1684 1604//1604
f 1604//1604 1684//1684 1685//1685
f 1604//1604 1685//1685 1605//1605
f 1605//1605 1685//1685 1686//1686
f 1605//1605 1686//1686 1606//1606
f 1606//1606 1686//1686 1687//1687
f 1606//1606 1687//1687 1607//1607
f 1607//1607 1687//1687 1688//1688
f 1607//1607 1688//1688 1608//1608
f 1608//1608 1688//1688 1689//1689
f 1608//1608 1689//1689 1609//1609
f 1609//1609 1689//1689 1690//1690
f 1609//1609 1690//1690 1610//1610
f 1610//1610 1690//1690 1691//1691
f 1610//1610 1691//1691 1611//1611
f 1611//1611 1691//1691 1692//1692
f 1611//1611 1692//1692 1612//1612
f 1612//1612 1692//1692 1693//1693
f 1612//1612 1693//1693 1613//1613
f 1613//1613 1693//1693 1694//1694
f 1613//1613 1694//1694 1614//1614
f 1614//1614 1694//1694 1695//1695
f 1614//1614 1695//1695 1615//1615
f 1615//1615 1695//1695 1696//1696
f 1615//1615 1696//1696 1616//1616
f 1616//1616 1696//1696 1697//1697
f 1616//1616 1697//1697 1617//1617
f 1617//1617 1697//1697 1698//1698
f 1617//1617 1698//1698 1618//1618
f 1618//1618 1698//1698 1699//1699
f 1618//1618 1699//1699 1619//1619
f 1619//1619 1699//1699 1700//1700
f 1619//1619 1700//1700 1620//1620
f 1620//1620 1700//1700 1701//1701
f 1620//1620 1701//1701 1621//1621
f 1621//1621 1701//1701 1702//1702
f 1621//1621 1702//1702 1622//1622
f 1622//1622 1702//1702 1703//1703
f 1622//1622 1703//1703 1623//1623
f 1623//1623 1703//1703 1704//1704
f 1623//1623 1704//1704 1624//1624
f 1624//1624 1704//1704 1705//1705
f 1624//1624 1705//1705 1625//1625
f 1625//1625 1705//1705 1706//1706
f 1625//1625 1706//1706 1626//1626
f 1626//1626 1706//1706 1707//1707
f 1626//1626 1707//1707 1627//1627
f 1627//1627 1707//1707 1708//1708
f 1627//1627 1708//1708 1628//1628
f 1628//1628 1708//1708 1709//1709
f 1628//1628 1709//1709 1629//1629
f 1629//1629 1709//1709 1710//1710
f 1629//1629 1710//1710 1630//1630
f 1630//1630 1710//1710 1711//1711
f 1630//1630 1711//1711 1631//1631
f 1631//1631 1711//1711 1712//1712
f 1631//1631 1712//1712 1632//1632
f 1632//1632 1712//1712 1713//1713
f 1632//1632 1713//1713 1633//1633
f 1633//1633 1713//1713 1714//1714
f 1633//1633 1714//1714 1634//1634
f 1634//1634 1714//1714 1715//1715
f 1634//1634 1715//1715 1635//1635
f 1635//1635 1715//1715 1716//1716
f 1635//1635 1716//1716 1636//1636
f 1636//1636 1716//1716 1717//1717
f 1636//1636 1717//1717 1637//1637
f 1637//1637 1717//1717 1718//1718
f 1637//1637 1718//1718 1638//1638
f 1638//1638 1718//1718 1719//1719
f 1638//1638 1719//1719 1639//1639
f 1639//1639 1719//1719 1720//1720
f 1639//1639 1720//1720 1640//1640
f 1640//1640 1720//1720 1721//1721
f 1640//1640 1721//1721 1641//1641
f 1641//1641 1721//1721 1722//1722
f 1641//1641 1722//1722 1642//1642
f 1642//1642 1722//1722 1723//1723
f 1642//1642 1723//1723 1643//1643
f 1643//1643 1723//1723 1724//1724
f 1643//1643 1724//1724 1644//1644
f 1644//1644 1724//1724 1725//1725
f 1644//1644 1725//1725 1645//1645
f 1645//1645 1725//1725 1726//1726
f 1645//1645 1726//1726 1646//1646
f 1646//1646 1726//1726 1727//1727
f 1646//1646 1727//1727 1647//1647
f 1647//1647 1727//1727 1728//1728
f 1647//1647 1728//1728 1648//1648
f 1648//1648 1728//1728 1729//1729
f 1648//1648 1729//1729 1649//1649
f 1649//1649 1729//1729 1730//1730
f 1649//1649 1730//1730 1650//1650
f 1650//1650 1730//1730 1651//1651
f 1730//1730 1731//1731 1651//1651
f 1651//1651 1731//1731 1732//1732
f 1651//1651 1732//1732 1652//1652
f 1652//1652 1732//1732 1733//1733
f 1652//1652 1733//1733 1653//1653
f 1653//1653 1733//1733 1734//1734
f 1653//1653 1734//1734 1654//1654
f 1654//1654 1734//1734 1735//1735
f 1654//1654 1735//1735 1655//1655
f 1655//1655 1735//1735 1736//1736
f 1655//1655 1736//1736 1656//1656
f 1656//1656 1736//1736 1737//1737
f 1656//1656 1737//1737 1657//1657
f 1657//1657 1737//1737 1738//1738
f 1657//1657 1738//1738 1658//1658
f 1658//1658 1738//1738 1739//1739
f 1658//1658 1739//1739 1659//1659
f 1659//1659 1739//1739 1740//1740
f 1659//1659 1740//1740 1660//1660
f 1660//1660 1740//1740 1741//1741
f 1660//1660 1741//1741 1661//1661
f 1661//1661 1741//1741 1742//1742
f 1661//1661 1742//1742 1662//1662
f 1662//1662 1742//1742 1743//1743
f 1662//1662 1743//1743 1663//1663
f 1663//1663 1743//1743 1744//1744
f 1663//1663 1744//1744 1664//1664
f 1664//1664 1744//1744 1745//1745
f 1664//1664 1745//1745 1665//1665
f 1665//1665 1745//1745 1746//1746
f 1665//1665 1746//1746 1666//1666
f 1666//1666 1746//1746 1747//1747
f 1666//1666 1747//1747 1667//1667
f 1667//1667 1747//1747 1748//1748
f 1667//1667 1748//1748 1668//1668
f 1668//1668 1748//1748 1749//1749
f 1668//1668 1749//1749 1669//1669
f 1669//1669 1749//1749 1750//1750
f 1669//1669 1750//1750 1670//1670
f 1670//1670 1750//1750 1751//1751
f 1670//1670 1751//1751 1671//1671
f 1671//1671 1751//1751 1752//1752
f 1671//1671 1752//1752 1672//1672
f 1672//1672 1752//1752 1753//1753
f 1672//1672 1753//1753 1673//1673
f 1673//1673 1753//1753 1754//1754
f 1673//1673 1754//1754 1674//1674
f 1674//1674 1754//1754 1755//1755
f 1674//1674 1755//1755 1675//1675
f 1675//1675 1755//1755 1756//1756
f 1675//1675 1756//1756 1676//1676
f 1676//1676 1756//1756 1757//1757
f 1676//1676 1757//1757 1677//1677
f 1677//1677 1757//1757 1758//1758
f 1677//1677 1758//1758 1678//1678
f 1678//1678 1758//1758 1759//1759
f 1678//1678 1759//1759 1679//1679
f 1679//1679 1759//1759 1760//1760
f 1679//1679 1760//1760 1680//1680
f 1680//1680 1760//1760 1761//1761
f 1680//1680 1761//1761 1681//1681
f 1681//1681 1761//1761 1762//1762
f 1681//1681 1762//1762 1682//1682
f 1682//1682 1762//1762 1763//1763
f 1682//1682 1763//1763 1683//1683
f 1683//1683 1763//1763 1764//1764
f 1683//1683 1764//1764 1684//1684
f 1684//1684 1764//1764 1765//1765
f 1684//1684 1765//1765 1685//1685
f 1685//1685 1765//1765 1766//1766
f 1685//1685 1766//1766 1686//1686
f 1686//1686 1766//1766 1767//1767
f 1686//1686 1767//1767 1687//1687
f 1687//1687 1767//1767 1768//1768
f 1687//1687 1768//1768 1688//1688
f 1688//1688 1768//1768 1769//1769
f 1688//1688 1769//1769 1689//1689
f 1689//1689 1769//1769 1770//1770
f 1689//1689 1770//1770 1690//1690
f 1690//1690 1770//1770 1771//1771
f 1690//1690 1771//1771 1691//1691
f 1691//1691 1771//1771 1772//1772
f 1691//1691 1772//1772 1692//1692
f 1692//1692 1772//1772 1773//1773
f 1692//1692 1773//1773 1693//1693
f 1693//1693 1773//1773 1774//1774
f 1693//1693 1774//1774 1694//1694
f 1694//1694 1774//1774 1775//1775
f 1694//1694 1775//1775 1695//1695
f 1695//1695 1775//1775 1776//1776
f 1695//1695 1776//1776 1696//1696
f 1696//1696 1776//1776 1777//1777
f 1696//1696 1777//1777 1697//1697
f 1697//1697 1777//1777 1778//1778
f 1697//1697 1778//1778 1698//1698
f 1698//1698 1778//1778 1779//1779
f 1698//1698 1779//1779 1699//1699
f 1699//1699 1779//1779 1780//1780
f 1699//1699 1780//1780 1700//1700
f 1700//1700 1780//1780 1781//1781
f 1700//1700 1781//1781 1701//1701
f 1701//1701 1781//1781 1782//1782
f 1701//1701 1782//1782 1702//1702
f 1702//1702 1782//1782 1783//1783
f 1702//1702 1783//1783 1703//1703
f 1703//1703 1783//1783 1784//1784
f 1703//1703 1784//1784 1704//1704
f 1704//1704 1784//1784 1785//1785
f 1704//1704 1785//1785 1705//1705
f 1705//1705 1785//1785 1786//1786
f 1705//1705 1786//1786 1706//1706
f 1706//1706 1786//1786 1787//1787
f 1706//1706 1787//1787 1707//1707
f 1707//1707 1787//1787 1788//1788
f 1707//1707 1788//1788 1708//1708
f 1708//1708 1788//1788 1789//1789
f 1708//1708 1789//1789 1709//1709
f 1709//1709 1789//1789 1790//1790
f 1709//1709 1790//1790 1710//1710
f 1710//1710 1790//1790 1791//1791
f 1710//1710 1791//1791 1711//1711
f 1711//1711 1791//1791 1792//1792
f 1711//1711 1792//1792 1712//1712
f 1712//1712 1792//1792 1793//1793
f 1712//1712 1793//1793 1713//1713
f 1713//1713 1793//1793 1794//1794
f 1713//1713 1794//1794 1714//1714
f 1714//1714 1794//1794 1795//1795
f 1714//1714 1795//1795 1715//1715
f 1715//1715 1795//1795 1796//1796
f 1715//1715 1796//1796 1716//1716
f 1716//1716 1796//1796 1797//1797
f 1716//1716 1797//1797 1717//1717
f 1717//1717 1797//1797 1798//1798
f 1717//1717 1798//1798 1718//1718
f 1718//1718 1798//1798 1799//1799
f 1718//1718 1799//1799 1719//1719
f 1719//1719 1799//1799 1800//1800
f 1719//1719 1800//1800 1720//1720
f 1720//1720 1800//1800 1801//1801
f 1720//1720 1801//1801 1721//1721
f 1721//1721 1801//1801 1802//1802
f 1721//1721 1802//1802 1722//1722
f 1722//1722 1802//1802 1803//1803
f 1722//1722 1803//1803 1723//1723
f 1723//1723 1803//1803 1804//1804
f 1723//1723 1804//1804 1724//1724
f 1724//1724 1804//1804 1805//1805
f 1724//1724 1805//1805 1725//1725
f 1725//1725 1805//1805 1806//1806
f 1725//1725 1806//1806 1726//1726
f 1726//1726 1806//1806 1807//1807
f 1726//1726 1807//1807 1727//1727
f 1727//1727 1807//1807 1808//1808
f 1727//1727 1808//1808 1728//1728
f 1728//1728 1808//1808 1809//1809
f 1728//1728 1809//1809 1729//1729
f 1729//1729 1809//1809 1810//1810
f 1729//1729 1810//1810 1730//1730
f 1730//1730 1810//1810 1731//1731
f 1810//1810 1811//1811 1731//1731
f 1731//1731 1811//1811 1812//1812
f 1731//1731 1812//1812 1732//1732
f 1732//1732 1812//1812 1813//1813
f 1732//1732 1813//1813 1733//1733
f 1733//1733 1813//1813 1814//1814
f 1733//1733 1814//1814 1734//1734
f 1734//1734 1814//1814 1815//1815
f 1734//1734 1815//1815 1735//1735
f 1735//1735 1815//1815 1816//1816
f 1735//1735 1816//1816 1736//1736
f 1736//1736 1816//1816 1817//1817
f 1736//1736 1817//1817 1737//1737
f 1737//1737 1817//1817 1818//1818
f 1737//1737 1818//1818 1738//1738
f 1738//1738 1818//1818 1819//1819
f 1738//1738 1819//1819 1739//1739
f 1739//1739 1819//1819 1820//1820
f 1739//1739 1820//1820 1740//1740
f 1740//1740 1820//1820 1821//1821
f 1740//1740 1821//1821 1741//1741
f 1741//1741 1821//1821 1822//1822
f 1741//1741 1822//1822 1742//1742
f 1742//1742 1822//1822 1823//1823
f 1742//1742 1823//1823 1743//1743
f 1743//1743 1823//1823 1824//1824
f 1743//1743 1824//1824 1744//1744
f 1744//1744 1824//1824 1825//1825
f 1744//1744 1825//1825 1745//1745
f 1745//1745 1825//1825 1826//1826
f 1745//1745 1826//1826 1746//1746
f 1746//1746 1826//1826 1827//1827
f 1746//1746 1827//1827 1747//1747
f 1747//1747 1827//1827 1828//1828
f 1747//1747 1828//1828 1748//1748
f 1748//1748 1828//1828 1829//1829
f 1748//1748 1829//1829 1749//1749
f 1749//1749 1829//1829 1830//1830
f 1749//1749 1830//1830 1750//1750
f 1750//1750 1830//1830 1831//1831
f 1750//1750 1831//1831 1751//1751
f 1751//1751 1831//1831 1832//1832
f 1751//1751 1832//1832 1752//1752
f 1752//1752 1832//1832 1833//1833
f 1752//1752 1833//1833 1753//1753
f 1753//1753 1833//1833 1834//1834
f 1753//1753 1834//1834 1754//1754
f 1754//1754 1834//1834 1835//1835
f 1754//1754 1835//1835 1755//1755
f 1755//1755 1835//1835 1836//1836
f 1755//1755 1836//1836 1756//1756
f 1756//1756 1836//1836 1837//1837
f 1756//1756 1837//1837 1757//1757
f 1757//1757 1837//1837 1838//1838
f 1757//1757 1838//1838 1758//1758
f 1758//1758 1838//1838 1839//1839
f 1758//1758 1839//1839 1759//1759
f 1759//1759 1839//1839 1840//1840
f 1759//1759 1840//1840 1760//1760
f 1760//1760 1840//1840 1841//1841
f 1760//1760 1841//1841 1761//1761
f 1761//1761 1841//1841 1842//1842
f 1761//1761 1842//1842 1762//1762
f 1762//1762 1842//1842 1843//1843
f 1762//1762 1843//1843 1763//1763
f 1763//1763 1843//1843 1844//1844
f 1763//1763 1844//1844 1764//1764
f 1764//1764 1844//1844 1845//1845
f 1764//1764 1845//1845 1765//1765
f 1765//1765 1845//1845 1846//1846
f 1765//1765 1846//1846 1766//1766
f 1766//1766 1846//1846 1847//1847
f 1766//1766 1847//1847 1767//1767
f 1767//1767 1847//1847 1848//1848
f 1767//1767 1848//1848 1768//1768
f 1768//1768 1848//1848 1849//1849
f 1768//1768 1849//1849 1769//1769
f 1769//1769 1849//1849 1850//1850
f 1769//1769 1850//1850 1770//1770
f 1770//1770 1850//1850 1851//1851
f 1770//1770 1851//1851 1771//1771
f 1771//1771 1851//1851 1852//1852
f 1771//1771 1852//1852 1772//1772
f 1772//1772 1852//1852 1853//1853
f 1772//1772 1853//1853 1773//1773
f 1773//1773 1853//1853 1854//1854
f 1773//1773 1854//1854 1774//1774
f 1774//1774 1854//1854 1855//1855
f 1774//1774 1855//1855 1775//1775
f 1775//1775 1855//1855 1856//1856
f 1775//1775 1856//1856 1776//1776
f 1776//1776 1856//1856 1857//1857
f 1776//1776 1857//1857 1777//1777
f 1777//1777 1857//1857 1858//1858
f 1777//1777 1858//1858 1778//1778
f 1778//1778 1858//1858 1859//1859
f 1778//1778 1859//1859 1779//1779
f 1779//1779 1859//1859 1860//1860
f 1779//1779 1860//1860 1780//1780
f 1780//1780 1860//1860 1861//1861
f 1780//1780 1861//1861 1781//1781
f 1781//1781 1861//1861 1862//1862
f 1781//1781 1862//1862 1782//1782
f 1782//1782 1862//1862 1863//1863
f 1782//1782 1863//1863 1783//1783
f 1783//1783 1863//1863 1864//1864
f 1783//1783 1864//1864 1784//1784
f 1784//1784 1864//1864 1865//1865
f 1784//1784 1865//1865 1785//1785
f 1785//1785 1865//1865 1866//1866
f 1785//1785 1866//1866 1786//1786
f 1786//1786 1866//1866 1867//1867
f 1786//1786 1867//1867 1787//1787
f 1787//1787 1867//1867 1868//1868
f 1787//1787 1868//1868 1788//1788
f 1788//1788 1868//1868 1869//1869
f 1788//1788 1869//1869 1789//1789
f 1789//1789 1869//1869 1870//1870
f 1789//1789 1870//1870 1790//1790
f 1790//1790 1870//1870 1871//1871
f 1790//1790 1871//1871 1791//1791
f 1791//1791 1871//1871 1872//1872
f 1791//1791 1872//1872 1792//1792
f 1792//1792 1872//1872 1873//1873
f 1792//1792 1873//1873 1793//1793
f 1793//1793 1873//1873 1874//1874
f 1793//1793 1874//1874 1794//1794
f 1794//1794 1874//1874 1875//1875
f 1794//1794 1875//1875 1795//1795
f 1795//1795 1875//1875 1876//1876
f 1795//1795 1876//1876 1796//1796
f 1796//1796 1876//1876 1877//1877
f 1796//1796 1877//1877 1797//1797
f 1797//1797 1877//1877 1878//1878
f 1797//1797 1878//1878 1798//1798
f 1798//1798 1878//1878 1879//1879
f 1798//1798 1879//1879 1799//1799
f 1799//1799 1879//1879 1880//1880
f 1799//1799 1880//1880 1800//1800
f 1800//1800 1880//1880 1881//1881
f 1800//1800 1881//1881 1801//1801
f 1801//1801 1881//1881 1882//1882
f 1801//1801 1882//1882 1802//1802
f 1802//1802 1882//1882 1883//1883
f 1802//1802 1883//1883 1803//1803
f 1803//1803 1883//1883 1884//1884
f 1803//1803 1884//1884 1804//1804
f 1804//1804 1884//1884 1885//1885
f 1804//1804 1885//1885 1805//1805
f 1805//1805 1885//1885 1886//1886
f 1805//1805 1886//1886 1806//1806
f 1806//1806 1886//1886 1887//1887
f 1806//1806 1887//1887 1807//1807
f 1807//1807 1887//1887 1888//1888
f 1807//1807 1888//1888 1808//1808
f 1808//1808 1888//1888 1889//1889
f 1808//1808 1889//1889 1809//1809
f 1809//1809 1889//1889 1890//1890
f 1809//1809 1890//1890 1810//1810
f 1810//1810 1890//1890 1811//1811
f 1890//1890 1891//1891 1811//1811
f 1811//1811 1891//1891 1892//1892
f 1811//1811 1892//1892 1812//1812
f 1812//1812 1892//1892 1893//1893
f 1812//1812 1893//1893 1813//1813
f 1813//1813 1893//1893 1894//1894
f 1813//1813 1894//1894 1814//1814
f 1814//1814 1894//1894 1895//1895
f 1814//1814 1895//1895 1815//1815
f 1815//1815 1895//1895 1896//1896
f 1815//1815 1896//1896 1816//1816
f 1816//1816 1896//1896 1897//1897
f 1816//1816 1897//1897 1817//1817
f 1817//1817 1897//1897 1898//1898
f 1817//1817 1898//1898 1818//1818
f 1818//1818 1898//1898 1899//1899
f 1818//1818 1899//1899 1819//1819
f 1819//1819 1899//1899 1900//1900
f 1819//1819 1900//1900 1820//1820
f 1820//1820 1900//1900 1901//1901
f 1820//1820 1901//1901 1821//1821
f 1821//1821 1901//1901 1902//1902
f 1821//1821 1902//1902 1822//1822
f 1822//1822 1902//1902 1903//1903
f 1822//1822 1903//1903 1823//1823
f 1823//1823 1903//1903 1904//1904
f 1823//1823 1904//1904 1824//1824
f 1824//1824 1904//1904 1905//1905
f 1824//1824 1905//1905 1825//1825
f 1825//1825 1905//1905 1906//1906
f 1825//1825 1906//1906 1826//1826
f 1826//1826 1906//1906 1907//1907
f 1826//1826 1907//1907 1827//1827
f 1827//1827 1907//1907 1908//1908
f 1827//1827 1908//1908 1828//1828
f 1828//1828 1908//1908 1909//1909
f 1828//1828 1909//1909 1829//1829
f 1829//1829 1909//1909 1910//1910
f 1829//1829 1910//1910 1830//1830
f 1830//1830 1910//1910 1911//1911
f 1830//1830 1911//1911 1831//1831
f 1831//1831 1911//1911 1912//1912
f 1831//1831 1912//1912 1832//1832
f 1832//1832 1912//1912 1913//1913
f 1832//1832 1913//1913 1833//1833
f 1833//1833 1913//1913 1914//1914
f 1833//1833 1914//1914 1834//1834
f 1834//1834 1914//1914 1915//1915
f 1834//1834 1915//1915 1835//1835
f 1835//1835 1915//1915 1916//1916
f 1835//1835 1916//1916 1836//1836
f 1836//1836 1916//1916 1917//1917
f 1836//1836 1917//1917 1837//1837
f 1837//1837 1917//1917 1918//1918
f 1837//1837 1918//1918 1838//1838
f 1838//1838 1918//1918 1919//1919
f 1838//1838 1919//1919 1839//1839
f 1839//1839 1919//1919 1920//1920
f 1839//1839 1920//1920 1840//1840
f 1840//1840 1920//1920 1921//1921
f 1840//1840 1921//1921 1841//1841
f 1841//1841 1921//1921 1922//1922
f 1841//1841 1922//1922 1842//1842
f 1842//1842 1922//1922 1923//1923
f 1842//1842 1923//1923 1843//1843
f 1843//1843 1923//1923 1924//1924
f 1843//1843 1924//1924 1844//1844
f 1844//1844 1924//1924 1925//1925
f 1844//1844 1925//1925 1845//1845
f 1845//1845 1925//1925 1926//1926
f 1845//1845 1926//1926 1846//1846
f 1846//1846 1926//1926 1927//1927
f 1846//1846 1927//1927 1847//1847
f 1847//1847 1927//1927 1928//1928
f 1847//1847 1928//1928 1848//1848
f 1848//1848 1928//1928 1929//1929
f 1848//1848 1929//1929 1849//1849
f 1849//1849 1929//1929 1930//1930
f 1849//1849 1930//1930 1850//1850
f 1850//1850 1930//1930 1931//1931
f 1850//1850 1931//1931 1851//1851
f 1851//1851 1931//1931 1932//1932
f 1851//1851 1932//1932 1852//1852
f 1852//1852 1932//1932 1933//1933
f 1852//1852 1933//1933 1853//1853
f 1853//1853 1933//1933 1934//1934
f 1853//1853 1934//1934 1854//1854
f 1854//1854 1934//1934 1935//1935
f 1854//1854 1935//1935 1855//1855
f 1855//1855 1935//1935 1936//1936
f 1855//1855 1936//1936 1856//1856
f 1856//1856 1936//1936 1937//1937
f 1856//1856 1937//1937 1857//1857
f 1857//1857 1937//1937 1938//1938
f 1857//1857 1938//1938 1858//1858
f 1858//1858 1938//1938 1939//1939
f 1858//1858 1939//1939 1859//1859
f 1859//1859 1939//1939 1940//1940
f 1859//1859 1940//1940 1860//1860
f 1860//1860 1940//1940 1941//1941
f 1860//1860 1941//1941 1861//1861
f 1861//1861 1941//1941 1942//1942
f 1861//1861 1942//1942 1862//1862
f 1862//1862 1942//1942 1943//1943
f 1862//1862 1943//1943 1863//1863
f 1863//1863 1943//1943 1944//1944
f 1863//1863 1944//1944 1864//1864
f 1864//1864 1944//1944 1945//1945
f 1864//1864 1945//1945 1865//1865
f 1865//1865 1945//1945 1946//1946
f 1865//1865 1946//1946 1866//1866
f 1866//1866 1946//1946 1947//1947
f 1866//1866 1947//1947 1867//1867
f 1867//1867 1947//1947 1948//1948
f 1867//1867 1948//1948 1868//1868
f 1868//1868 1948//1948 1949//1949
f 1868//1868 1949//1949 1869//1869
f 1869//1869 1949//1949 1950//1950
f 1869//1869 1950//1950 1870//1870
f 1870//1870 1950//1950 1951//1951
f 1870//1870 1951//1951 1871//1871
f 1871//1871 1951//1951 1952//1952
f 1871//1871 1952//1952 1872//1872
f 1872//1872 1952//1952 1953//1953
f 1872//1872 1953//1953 1873//1873
f 1873//1873 1953//1953 1954//1954
f 1873//1873 1954//1954 1874//1874
f 1874//1874 1954//1954 1955//1955
f 1874//1874 1955//1955 1875//1875
f 1875//1875 1955//1955 1956//1956
f 1875//1875 1956//1956 1876//1876
f 1876//1876 1956//1956 1957//1957
f 1876//1876 1957//1957 1877//1877
f 1877//1877 1957//1957 1958//1958
f 1877//1877 1958//1958 1878//1878
f 1878//1878 1958//1958 1959//1959
f 1878//1878 1959//1959 1879//1879
f 1879//1879 1959//1959 1960//1960
f 1879//1879 1960//1960 1880//1880
f 1880//1880 1960//1960 1961//1961
f 1880//1880 1961//1961 1881//1881
f 1881//1881 1961//1961 1962//1962
f 1881//1881 1962//1962 1882//1882
f 1882//1882 1962//1962 1963//1963
f 1882//1882 1963//1963 1883//1883
f 1883//1883 1963//1963 1964//1964
f 1883//1883 1964//1964 1884//1884
f 1884//1884 1964//1964 1965//1965
f 1884//1884 1965//1965 1885//1885
f 1885//1885 1965//1965 1966//1966
f 1885//1885 1966//1966 1886//1886
f 1886//1886 1966//1966 1967//1967
f 1886//1886 1967//1967 1887//1887
f 1887//1887 1967//1967 1968//1968
f 1887//1887 1968//1968 1888//1888
f 1888//1888 1968//1968 1969//1969
f 1888//1888 1969//1969 1889//1889
f 1889//1889 1969//1969 1970//1970
f 1889//1889 1970//1970 1890//1890
f 1890//1890 1970//1970 1891//1891
f 1970//1970 1971//1971 1891//1891
f 1891//1891 1971//1971 1972//1972
f 1891//1891 1972//1972 1892//1892
f 1892//1892 1972//1972 1973//1973
f 1892//1892 1973//1973 1893//1893
f 1893//1893 1973//1973 1974//1974
f 1893//1893 1974//1974 1894//1894
f 1894//1894 1974//1974 1975//1975
f 1894//1894 1975//1975 1895//1895
f 1895//1895 1975//1975 1976//1976
f 1895//1895 1976//1976 1896//1896
f 1896//1896 1976//1976 1977//1977
f 1896//1896 1977//1977 1897//1897
f 1897//1897 1977//1977 1978//1978
f 1897//1897 1978//1978 1898//1898
f 1898//1898 1978//1978 1979//1979
f 1898//1898 1979//1979 1899//1899
f 1899//1899 1979//1979 1980//1980
f 1899//1899 1980//1980 1900//1900
f 1900//1900 1980//1980 1981//1981
f 1900//1900 1981//1981 1901//1901
f 1901//1901 1981//1981 1982//1982
f 1901//1901 1982//1982 1902//1902
f 1902//1902 1982//1982 1983//1983
f 1902//1902 1983//1983 1903//1903
f 1903//1903 1983//1983 1984//1984
f 1903//1903 1984//1984 1904//1904
f 1904//1904 1984//1984 1985//1985
f 1904//1904 1985//1985 1905//1905
f 1905//1905 1985//1985 1986//1986
f 1905//1905 1986//1986 1906//1906
f 1906//1906 1986//1986 1987//1987
f 1906//1906 1987//1987 1907//1907
f 1907//1907 1987//1987 1988//1988
f 1907//1907 1988//1988 1908//1908
f 1908//1908 1988//1988 1989//1989
f 1908//1908 1989//1989 1909//1909
f 1909//1909 1989//1989 1990//1990
f 1909//1909 1990//1990 1910//1910
f 1910//1910 1990//1990 1991//1991
f 1910//1910 1991//1991 1911//1911
f 1911//1911 1991//1991 1992//1992
f 1911//1911 1992//1992 1912//1912
f 1912//1912 1992//1992 1993//1993
f 1912//1912 1993//1993 1913//1913
f 1913//1913 1993//1993 1994//1994
f 1913//1913 1994//1994 1914//1914
f 1914//1914 1994//1994 1995//1995
f 1914//1914 1995//1995 1915//1915
f 1915//1915 1995//1995 1996//1996
f 1915//1915 1996//1996 1916//1916
f 1916//1916 1996//1996 1997//1997
f 1916//1916 1997//1997 1917//1917
f 1917//1917 1997//1997 1998//1998
f 1917//1917 1998//1998 1918//1918
f 1918//1918 1998//1998 1999//1999
f 1918//1918 1999//1999 1919//1919
f 1919//1919 1999//1999 2000//2000
f 1919//1919 2000//2000 1920//1920
f 1920//1920 2000//2000 2001//2001
f 1920//1920 2001//2001 1921//1921
f 1921//1921 2001//2001 2002//2002
f 1921//1921 2002//2002 1922//1922
f 1922//1922 2002//2002 2003//2003
f 1922//1922 2003//2003 1923//1923
f 1923//1923 2003//2003 2004//2004
f 1923//1923 2004//2004 1924//1924
f 1924//1924 2004//2004 2005//2005
f 1924//1924 2005//2005 1925//1925
f 1925//1925 2005//2005 2006//2006
f 1925//1925 2006//2006 1926//1926
f 1926//1926 2006//2006 2007//2007
f 1926//1926 2007//2007 1927//1927
f 1927//1927 2007//2007 2008//2008
f 1927//1927 2008//2008 1928//1928
f 1928//1928 2008//2008 2009//2009
f 1928//1928 2009//2009 1929//1929
f 1929//1929 2009//2009 2010//2010
f 1929//1929 2010//2010 1930//1930
f 1930//1930 2010//2010 2011//2011
f 1930//1930 2011//2011 1931//1931
f 1931//1931 2011//2011 2012//2012
f 1931//1931 2012//2012 1932//1932
f 1932//1932 2012//2012 2013//2013
f 1932//1932 2013//2013 1933//1933
f 1933//1933 2013//2013 2014//2014
f 1933//1933 2014//2014 1934//1934
f 1934//1934 2014//2014 2015//2015
f 1934//1934 2015//2015 1935//1935
f 1935//1935 2015//2015 2016//2016
f 1935//1935 2016//2016 1936//1936
f 1936//1936 2016//2016 2017//2017
f 1936//1936 2017//2017 1937//1937
f 1937//1937 2017//2017 2018//2018
f 1937//1937 2018//2018 1938//1938
f 1938//1938 2018//2018 2019//2019
f 1938//1938 2019//2019 1939//1939
f 1939//1939 2019//2019 2020//2020
f 1939//1939 2020//2020 1940//1940
f 1940//1940 2020//2020 2021//2021
f 1940//1940 2021//2021 1941//1941
f 1941//1941 2021//2021 2022//2022
f 1941//1941 2022//2022 1942//1942
f 1942//1942 2022//2022 2023//2023
f 1942//1942 2023//2023 1943//1943
f 1943//1943 2023//2023 2024//2024
f 1943//1943 2024//2024 1944//1944
f 1944//1944 2024//2024 2025//2025
f 1944//1944 2025//2025 1945//1945
f 1945//1945 2025//2025 2026//2026
f 1945//1945 2026//2026 1946//1946
f 1946//1946 2026//2026 2027//2027
f 1946//1946 2027//2027 1947//1947
f 1947//1947 2027//2027 2028//2028
f 1947//1947 2028//2028 1948//1948
f 1948//1948 2028//2028 2029//2029
f 1948//1948 2029//2029 1949//1949
f 1949//1949 2029//2029 2030//2030
f 1949//1949 2030//2030 1950//1950
f 1950//1950 2030//2030 2031//2031
f 1950//1950 2031//2031 1951//1951
f 1951//1951 2031//2031 2032//2032
f 1951//1951 2032//2032 1952//1952
f 1952//1952 2032//2032 2033//2033
f 1952//1952 2033//2033 1953//1953
f 1953//1953 2033//2033 2034//2034
f 1953//1953 2034//2034 1954//1954
f 1954//1954 2034//2034 2035//2035
f 1954//1954 2035//2035 1955//1955
f 1955//1955 2035//2035 2036//2036
f 1955//1955 2036//2036 1956//1956
f 1956//1956 2036//2036 2037//2037
f 1956//1956 2037//2037 1957//1957
f 1957//1957 2037//2037 2038//2038
f 1957//1957 2038//2038 1958//1958
f 1958//1958 2038//2038 2039//2039
f 1958//1958 2039//2039 1959//1959
f 1959//1959 2039//2039 2040//2040
f 1959//1959 2040//2040 1960//1960
f 1960//1960 2040//2040 2041//2041
f 1960//1960 2041//2041 1961//1961
f 1961//1961 2041//2041 2042//2042
f 1961//1961 2042//2042 1962//1962
f 1962//1962 2042//2042 2043//2043
f 1962//1962 2043//2043 1963//1963
f 1963//1963 2043//2043 2044//2044
f 1963//1963 2044//2044 1964//1964
f 1964//1964 2044//2044 2045//2045
f 1964//1964 2045//2045 1965//1965
f 1965//1965 2045//2045 2046//2046
f 1965//1965 2046//2046 1966//1966
f 1966//1966 2046//2046 2047//2047
f 1966//1966 2047//2047 1967//1967
f 1967//1967 2047//2047 2048//2048
f 1967//1967 2048//2048 1968//1968
f 1968//1968 2048//2048 2049//2049
f 1968//1968 2049//2049 1969//1969
f 1969//1969 2049//2049 2050//2050
f 1969//1969 2050//2050 1970//1970
f 1970//1970 2050//2050 1971//1971
f 2050//2050 2051//2051 1971//1971
f 1971//1971 2051//2051 2052//2052
f 1971//1971 2052//2052 1972//1972
f 1972//1972 2052//2052 2053//2053
f 1972//1972 2053//2053 1973//1973
f 1973//1973 2053//2053 2054//2054
f 1973//1973 2054//2054 1974//1974
f 1974//1974 2054//2054 2055//2055
f 1974//1974 2055//2055 1975//1975
f 1975//1975 2055//2055 2056//2056
f 1975//1975 2056//2056 1976//1976
f 1976//1976 2056//2056 2057//2057
f 1976//1976 2057//2057 1977//1977
f 1977//1977 2057//2057 2058//2058
f 1977//1977 2058//2058 1978//1978
f 1978//1978 2058//2058 2059//2059
f 1978//1978 2059//2059 1979//1979
f 1979//1979 2059//2059 2060//2060
f 1979//1979 2060//2060 1980//1980
f 1980//1980 2060//2060 2061//2061
f 1980//1980 2061//2061 1981//1981
f 1981//1981 2061//2061 2062//2062
f 1981//1981 2062//2062 1982//1982
f 1982//1982 2062//2062 2063//2063
f 1982//1982 2063//2063 1983//1983
f 1983//1983 2063//2063 2064//2064
f 1983//1983 2064//2064 1984//1984
f 1984//1984 2064//2064 2065//2065
f 1984//1984 2065//2065 1985//1985
f 1985//1985 2065//2065 2066//2066
f 1985//1985 2066//2066 1986//1986
f 1986//1986 2066//2066 2067//2067
f 1986//1986 2067//2067 1987//1987
f 1987//1987 2067//2067 2068//2068
f 1987//1987 2068//2068 1988//1988
f 1988//1988 2068//2068 2069//2069
f 1988//1988 2069//2069 1989//1989
f 1989//1989 2069//2069 2070//2070
f 1989//1989 2070//2070 1990//1990
f 1990//1990 2070//2070 2071//2071
f 1990//1990 2071//2071 1991//1991
f 1991//1991 2071//2071 2072//2072
f 1991//1991 2072//2072 1992//1992
f 1992//1992 2072//2072 2073//2073
f 1992//1992 2073//2073 1993//1993
f 1993//1993 2073//2073 2074//2074
f 1993//1993 2074//2074 1994//1994
f 1994//1994 2074//2074 2075//2075
f 1994//1994 2075//2075 1995//1995
f 1995//1995 2075//2075 2076//2076
f 1995//1995 2076//2076 1996//1996
f 1996//1996 2076//2076 2077//2077
f 1996//1996 2077//2077 1997//1997
f 1997//1997 2077//2077 2078//2078
f 1997//1997 2078//2078 1998//1998
f 1998//1998 2078//2078 2079//2079
f 1998//1998 2079//2079 1999//1999
f 1999//1999 2079//2079 2080//2080
f 1999//1999 2080//2080 2000//2000
f 2000//2000 2080//2080 2081//2081
f 2000//2000 2081//2081 2001//2001
f 2001//2001 2081//2081 2082//2082
f 2001//2001 2082//2082 2002//2002
f 2002//2002 2082//2082 2083//2083
f 2002//2002 2083//2083 2003//2003
f 2003//2003 2083//2083 2084//2084
f 2003//2003 2084//2084 2004//2004
f 2004//2004 2084//2084 2085//2085
f 2004//2004 2085//2085 2005//2005
f 2005//2005 2085//2085 2086//2086
f 2005//2005 2086//2086 2006//2006
f 2006//2006 2086//2086 2087//2087
f 2006//2006 2087//2087 2007//2007
f 2007//2007 2087//2087 2088//2088
f 2007//2007 2088//2088 2008//2008
f 2008//2008 2088//2088 2089//2089
f 2008//2008 2089//2089 2009//2009
f 2009//2009 2089//2089 2090//2090
f 2009//2009 2090//2090 2010//2010
f 2010//2010 2090//2090 2091//2091
f 2010//2010 2091//2091 2011//2011
f 2011//2011 2091//2091 2092//2092
f 2011//2011 2092//2092 2012//2012
f 2012//2012 2092//2092 2093//2093
f 2012//2012 2093//2093 2013//2013
f 2013//2013 2093//2093 2094//2094
f 2013//2013 2094//2094 2014//2014
f 2014//2014 2094//2094 2095//2095
f 2014//2014 2095//2095 2015//2015
f 2015//2015 2095//2095 2096//2096
f 2015//2015 2096//2096 2016//2016
f 2016//2016 2096//2096 2097//2097
f 2016//2016 2097//2097 2017//2017
f 2017//2017 2097//2097 2098//2098
f 2017//2017 2098//2098 2018//2018
f 2018//2018 2098//2098 2099//2099
f 2018//2018 2099//2099 2019//2019
f 2019//2019 2099//2099 2100//2100
f 2019//2019 2100//2100 2020//2020
f 2020//2020 2100//2100 2101//2101
f 2020//2020 2101//2101 2021//2021
f 2021//2021 2101//2101 2102//2102
f 2021//2021 2102//2102 2022//2022
f 2022//2022 2102//2102 2103//2103
f 2022//2022 2103//2103 2023//2023
f 2023//2023 2103//2103 2104//2104
f 2023//2023 2104//2104 2024//2024
f 2024//2024 2104//2104 2105//2105
f 2024//2024 2105//2105 2025//2025
f 2025//2025 2105//2105 2106//2106
f 2025//2025 2106//2106 2026//2026
f 2026//2026 2106//2106 2107//2107
f 2026//2026 2107//2107 2027//2027
f 2027//2027 2107//2107 2108//2108
f 2027//2027 2108//2108 2028//2028
f 2028//2028 2108//2108 2109//2109
f 2028//2028 2109//2109 2029//2029
f 2029//2029 2109//2109 2110//2110
f 2029//2029 2110//2110 2030//2030
f 2030//2030 2110//2110 2111//2111
f 2030//2030 2111//2111 2031//2031
f 2031//2031 2111//2111 2112//2112
f 2031//2031 2112//2112 2032//2032
f 2032//2032 2112//2112 2113//2113
f 2032//2032 2113//2113 2033//2033
f 2033//2033 2113//2113 2114//2114
f 2033//2033 2114//2114 2034//2034
f 2034//2034 2114//2114 2115//2115
f 2034//2034 2115//2115 2035//2035
f 2035//2035 2115//2115 2116//2116
f 2035//2035 2116//2116 2036//2036
f 2036//2036 2116//2116 2117//2117
f 2036//2036 2117//2117 2037//2037
f 2037//2037 2117//2117 2118//2118
f 2037//2037 2118//2118 2038//2038
f 2038//2038 2118//2118 2119//2119
f 2038//2038 2119//2119 2039//2039
f 2039//2039 2119//2119 2120//2120
f 2039//2039 2120//2120 2040//2040
f 2040//2040 2120//2120 2121//2121
f 2040//2040 2121//2121 2041//2041
f 2041//2041 2121//2121 2122//2122
f 2041//2041 2122//2122 2042//2042
f 2042//2042 2122//2122 2123//2123
f 2042//2042 2123//2123 2043//2043
f 2043//2043 2123//2123 2124//2124
f 2043//2043 2124//2124 2044//2044
f 2044//2044 2124//2124 2125//2125
f 2044//2044 2125//2125 2045//2045
f 2045//2045 2125//2125 2126//2126
f 2045//2045 2126//2126 2046//2046
f 2046//2046 2126//2126 2127//2127
f 2046//2046 2127//2127 2047//2047
f 2047//2047 2127//2127 2128//2128
f 2047//2047 2128//2128 2048//2048
f 2048//2048 2128//2128 2129//2129
f 2048//2048 2129//2129 2049//2049
f 2049//2049 2129//2129 2130//2130
f 2049//2049 2130//2130 2050//2050
f 2050//2050 2130//2130 2051//2051
f 2130//2130 2131//2131 2051//2051
f 2051//2051 2131//2131 2132//2132
f 2051//2051 2132//2132 2052//2052
f 2052//2052 2132//2132 2133//2133
f 2052//2052 2133//2133 2053//2053
f 2053//2053 2133//2133 2134//2134
f 2053//2053 2134//2134 2054//2054
f 2054//2054 2134//2134 2135//2135
f 2054//2054 2135//2135 2055//2055
f 2055//2055 2135//2135 2136//2136
f 2055//2055 2136//2136 2056//2056
f 2056//2056 2136//2136 2137//2137
f 2056//2056 2137//2137 2057//2057
f 2057//2057 2137//2137 2138//2138
f 2057//2057 2138//2138 2058//2058
f 2058//2058 2138//2138 2139//2139
f 2058//2058 2139//2139 2059//2059
f 2059//2059 2139//2139 2140//2140
f 2059//2059 2140//2140 2060//2060
f 2060//2060 2140//2140 2141//2141
f 2060//2060 2141//2141 2061//2061
f 2061//2061 2141//2141 2142//2142
f 2061//2061 2142//2142 2062//2062
f 2062//2062 2142//2142 2143//2143
f 2062//2062 2143//2143 2063//2063
f 2063//2063 2143//2143 2144//2144
f 2063//2063 2144//2144 2064//2064
f 2064//2064 2144//2144 2145//2145
f 2064//2064 2145//2145 2065//2065
f 2065//2065 2145//2145 2146//2146
f 2065//2065 2146//2146 2066//2066
f 2066//2066 2146//2146 2147//2147
f 2066//2066 2147//2147 2067//2067
f 2067//2067 2147//2147 2148//2148
f 2067//2067 2148//2148 2068//2068
f 2068//2068 2148//2148 2149//2149
f 2068//2068 2149//2149 2069//2069
f 2069//2069 2149//2149 2150//2150
f 2069//2069 2150//2150 2070//2070
f 2070//2070 2150//2150 2151//2151
f 2070//2070 2151//2151 2071//2071
f 2071//2071 2151//2151 2152//2152
f 2071//2071 2152//2152 2072//2072
f 2072//2072 2152//2152 2153//2153
f 2072//2072 2153//2153 2073//2073
f 2073//2073 2153//2153 2154//2154
f 2073//2073 2154//2154 2074//2074
f 2074//2074 2154//2154 2155//2155
f 2074//2074 2155//2155 2075//2075
f 2075//2075 2155//2155 2156//2156
f 2075//2075 2156//2156 2076//2076
f 2076//2076 2156//2156 2157//2157
f 2076//2076 2157//2157 2077//2077
f 2077//2077 2157//2157 2158//2158
f 2077//2077 2158//2158 2078//2078
f 2078//2078 2158//2158 2159//2159
f 2078//2078 2159//2159 2079//2079
f 2079//2079 2159//2159 2160//2160
f 2079//2079 2160//2160 2080//2080
f 2080//2080 2160//2160 2161//2161
f 2080//2080 2161//2161 2081//2081
f 2081//2081 2161//2161 2162//2162
f 2081//2081 2162//2162 2082//2082
f 2082//2082 2162//2162 2163//2163
f 2082//2082 2163//2163 2083//2083
f 2083//2083 2163//2163 2164//2164
f 2083//2083 2164//2164 2084//2084
f 2084//2084 2164//2164 2165//2165
f 2084//2084 2165//2165 2085//2085
f 2085//2085 2165//2165 2166//2166
f 2085//2085 2166//2166 2086//2086
f 2086//2086 2166//2166 2167//2167
f 2086//2086 2167//2167 2087//2087
f 2087//2087 2167//2167 2168//2168
f 2087//2087 2168//2168 2088//2088
f 2088//2088 2168//2168 2169//2169
f 2088//2088 2169//2169 2089//2089
f 2089//2089 2169//2169 2170//2170
f 2089//2089 2170//2170 2090//2090
f 2090//2090 2170//2170 2171//2171
f 2090//2090 2171//2171 2091//2091
f 2091//2091 2171//2171 2172//2172
f 2091//2091 2172//2172 2092//2092
f 2092//2092 2172//2172 2173//2173
f 2092//2092 2173//2173 2093//2093
f 2093//2093 2173//2173 2174//2174
f 2093//2093 2174//2174 2094//2094
f 2094//2094 2174//2174 2175//2175
f 2094//2094 2175//2175 2095//2095
f 2095//2095 2175//2175 2176//2176
f 2095//2095 2176//2176 2096//2096
f 2096//2096 2176//2176 2177//2177
f 2096//2096 2177//2177 2097//2097
f 2097//2097 2177//2177 2178//2178
f 2097//2097 2178//2178 2098//2098
f 2098//2098 2178//2178 2179//2179
f 2098//2098 2179//2179 2099//2099
f 2099//2099 2179//2179 2180//2180
f 2099//2099 2180//2180 2100//2100
f 2100//2100 2180//2180 2181//2181
f 2100//2100 2181//2181 2101//2101
f 2101//2101 2181//2181 2182//2182
f 2101//2101 2182//2182 2102//2102
f 2102//2102 2182//2182 2183//2183
f 2102//2102 2183//2183 2103//2103
f 2103//2103 2183//2183 2184//2184
f 2103//2103 2184//2184 2104//2104
f 2104//2104 2184//2184 2185//2185
f 2104//2104 2185//2185 2105//2105
f 2105//2105 2185//2185 2186//2186
f 2105//2105 2186//2186 2106//2106
f 2106//2106 2186//2186 2187//2187
f 2106//2106 2187//2187 2107//2107
f 2107//2107 2187//2187 2188//2188
f 2107//2107 2188//2188 2108//2108
f 2108//2108 2188//2188 2189//2189
f 2108//2108 2189//2189 2109//2109
f 2109//2109 2189//2189 2190//2190
f 2109//2109 2190//2190 2110//2110
f 2110//2110 2190//2190 2191//2191
f 2110//2110 2191//2191 2111//2111
f 2111//2111 2191//2191 2192//2192
f 2111//2111 2192//2192 2112//2112
f 2112//2112 2192//2192 2193//2193
f 2112//2112 2193//2193 2113//2113
f 2113//2113 2193//2193 2194//2194
f 2113//2113 2194//2194 2114//2114
f 2114//2114 2194//2194 2195//2195
f 2114//2114 2195//2195 2115//2115
f 2115//2115 2195//2195 2196//2196
f 2115//2115 2196//2196 2116//2116
f 2116//2116 2196//2196 2197//2197
f 2116//2116 2197//2197 2117//2117
f 2117//2117 2197//2197 2198//2198
f 2117//2117 2198//2198 2118//2118
f 2118//2118 2198//2198 2199//2199
f 2118//2118 2199//2199 2119//2119
f 2119//2119 2199//2199 2200//2200
f 2119//2119 2200//2200 2120//2120
f 2120//2120 2200//2200 2201//2201
f 2120//2120 2201//2201 2121//2121
f 2121//2121 2201//2201 2202//2202
f 2121//2121 2202//2202 2122//2122
f 2122//2122 2202//2202 2203//2203
f 2122//2122 2203//2203 2123//2123
f 2123//2123 2203//2203 2204//2204
f 2123//2123 2204//2204 2124//2124
f 2124//2124 2204//2204 2205//2205
f 2124//2124 2205//2205 2125//2125
f 2125//2125 2205//2205 2206//2206
f 2125//2125 2206//2206 2126//2126
f 2126//2126 2206//2206 2207//2207
f 2126//2126 2207//2207 2127//2127
f 2127//2127 2207//2207 2208//2208
f 2127//2127 2208//2208 2128//2128
f 2128//2128 2208//2208 2209//2209
f 2128//2128 2209//2209 2129//2129
f 2129//2129 2209//2209 2210//2210
f 2129//2129 2210//2210 2130//2130
f 2130//2130 2210//2210 2131//2131
f 2210//2210 2211//2211 2131//2131
f 2131//2131 2211//2211 2212//2212
f 2131//2131 2212//2212 2132//2132
f 2132//2132 2212//2212 2213//2213
f 2132//2132 2213//2213 2133//2133
f 2133//2133 2213//2213 2214//2214
f 2133//2133 2214//2214 2134//2134
f 2134//2134 2214//2214 2215//2215
f 2134//2134 2215//2215 2135//2135
f 2135//2135 2215//2215 2216//2216
f 2135//2135 2216//2216 2136//2136
f 2136//2136 2216//2216 2217//2217
f 2136//2136 2217//2217 2137//2137
f 2137//2137 2217//2217 2218//2218
f 2137//2137 2218//2218 2138//2138
f 2138//2138 2218//2218 2219//2219
f 2138//2138 2219//2219 2139//2139
f 2139//2139 2219//2219 2220//2220
f 2139//2139 2220//2220 2140//2140
f 2140//2140 2220//2220 2221//2221
f 2140//2140 2221//2221 2141//2141
f 2141//2141 2221//2221 2222//2222
f 2141//2141 2222//2222 2142//2142
f 2142//2142 2222//2222 2223//2223
f 2142//2142 2223//2223 2143//2143
f 2143//2143 2223//2223 2224//2224
f 2143//2143 2224//2224 2144//2144
f 2144//2144 2224//2224 2225//2225
f 2144//2144 2225//2225 2145//2145
f 2145//2145 2225//2225 2226//2226
f 2145//2145 2226//2226 2146//2146
f 2146//2146 2226//2226 2227//2227
f 2146//2146 2227//2227 2147//2147
f 2147//2147 2227//2227 2228//2228
f 2147//2147 2228//2228 2148//2148
f 2148//2148 2228//2228 2229//2229
f 2148//2148 2229//2229 2149//2149
f 2149//2149 2229//2229 2230//2230
f 2149//2149 2230//2230 2150//2150
f 2150//2150 2230//2230 2231//2231
f 2150//2150 2231//2231 2151//2151
f 2151//2151 2231//2231 2232//2232
f 2151//2151 2232//2232 2152//2152
f 2152//2152 2232//2232 2233//2233
f 2152//2152 2233//2233 2153//2153
f 2153//2153 2233//2233 2234//2234
f 2153//2153 2234//2234 2154//2154
f 2154//2154 2234//2234 2235//2235
f 2154//2154 2235//2235 2155//2155
f 2155//2155 2235//2235 2236//2236
f 2155//2155 2236//2236 2156//2156
f 2156//2156 2236//2236 2237//2237
f 2156//2156 2237//2237 2157//2157
f 2157//2157 2237//2237 2238//2238
f 2157//2157 2238//2238 2158//2158
f 2158//2158 2238//2238 2239//2239
f 2158//2158 2239//2239 2159//2159
f 2159//2159 2239//2239 2240//2240
f 2159//2159 2240//2240 2160//2160
f 2160//2160 2240//2240 2241//2241
f 2160//2160 2241//2241 2161//2161
f 2161//2161 2241//2241 2242//2242
f 2161//2161 2242//2242 2162//2162
f 2162//2162 2242//2242 2243//2243
f 2162//2162 2243//2243 2163//2163
f 2163//2163 2243//2243 2244//2244
f 2163//2163 2244//2244 2164//2164
f 2164//2164 2244//2244 2245//2245
f 2164//2164 2245//2245 2165//2165
f 2165//2165 2245//2245 2246//2246
f 2165//2165 2246//2246 2166//2166
f 2166//2166 2246//2246 2247//2247
f 2166//2166 2247//2247 2167//2167
f 2167//2167 2247//2247 2248//2248
f 2167//2167 2248//2248 2168//2168
f 2168//2168 2248//2248 2249//2249
f 2168//2168 2249//2249 2169//2169
f 2169//2169 2249//2249 2250//2250
f 2169//2169 2250//2250 2170//2170
f 2170//2170 2250//2250 2251//2251
f 2170//2170 2251//2251 2171//2171
f 2171//2171 2251//2251 2252//2252
f 2171//2171 2252//2252 2172//2172
f 2172//2172 2252//2252 2253//2253
f 2172//2172 2253//2253 2173//2173
f 2173//2173 2253//2253 2254//2254
f 2173//2173 2254//2254 2174//2174
f 2174//2174 2254//2254 2255//2255
f 2174//2174 2255//2255 2175//2175
f 2175//2175 2255//2255 2256//2256
f 2175//2175 2256//2256 2176//2176
f 2176//2176 2256//2256 2257//2257
f 2176//2176 2257//2257 2177//2177
f 2177//2177 2257//2257 2258//2258
f 2177//2177 2258//2258 2178//2178
f 2178//2178 2258//2258 2259//2259
f 2178//2178 2259//2259 2179//2179
f 2179//2179 2259//2259 2260//2260
f 2179//2179 2260//2260 2180//2180
f 2180//2180 2260//2260 2261//2261
f 2180//2180 2261//2261 2181//2181
f 2181//2181 2261//2261 2262//2262
f 2181//2181 2262//2262 2182//2182
f 2182//2182 2262//2262 2263//2263
f 2182//2182 2263//2263 2183//2183
f 2183//2183 2263//2263 2264//2264
f 2183//2183 2264//2264 2184//2184
f 2184//2184 2264//2264 2265//2265
f 2184//2184 2265//2265 2185//2185
f 2185//2185 2265//2265 2266//2266
f 2185//2185 2266//2266 2186//2186
f 2186//2186 2266//2266 2267//2267
f 2186//2186 2267//2267 2187//2187
f 2187//2187 2267//2267 2268//2268
f 2187//2187 2268//2268 2188//2188
f 2188//2188 2268//2268 2269//2269
f 2188//2188 2269//2269 2189//2189
f 2189//2189 2269//2269 2270//2270
f 2189//2189 2270//2270 2190//2190
f 2190//2190 2270//2270 2271//2271
f 2190//2190 2271//2271 2191//2191
f 2191//2191 2271//2271 2272//2272
f 2191//2191 2272//2272 2192//2192
f 2192//2192 2272//2272 2273//2273
f 2192//2192 2273//2273 2193//2193
f 2193//2193 2273//2273 2274//2274
f 2193//2193 2274//2274 2194//2194
f 2194//2194 2274//2274 2275//2275
f 2194//2194 2275//2275 2195//2195
f 2195//2195 2275//2275 2276//2276
f 2195//2195 2276//2276 2196//2196
f 2196//2196 2276//2276 2277//2277
f 2196//2196 2277//2277 2197//2197
f 2197//2197 2277//2277 2278//2278
f 2197//2197 2278//2278 2198//2198
f 2198//2198 2278//2278 2279//2279
f 2198//2198 2279//2279 2199//2199
f 2199//2199 2279//2279 2280//2280
f 2199//2199 2280//2280 2200//2200
f 2200//2200 2280//2280 2281//2281
f 2200//2200 2281//2281 2201//2201
f 2201//2201 2281//2281 2282//2282
f 2201//2201 2282//2282 2202//2202
f 2202//2202 2282//2282 2283//2283
f 2202//2202 2283//2283 2203//2203
f 2203//2203 2283//2283 2284//2284
f 2203//2203 2284//2284 2204//2204
f 2204//2204 2284//2284 2285//2285
f 2204//2204 2285//2285 2205//2205
f 2205//2205 2285//2285 2286//2286
f 2205//2205 2286//2286 2206//2206
f 2206//2206 2286//2286 2287//2287
f 2206//2206 2287//2287 2207//2207
f 2207//2207 2287//2287 2288//2288
f 2207//2207 2288//2288 2208//2208
f 2208//2208 2288//2288 2289//2289
f 2208//2208 2289//2289 2209//2209
f 2209//2209 2289//2289 2290//2290
f 2209//2209 2290//2290 2210//2210
f 2210//2210 2290//2290 2211//2211
f 2290//2290 2291//2291 2211//2211
f 2211//2211 2291//2291 2292//2292
f 2211//2211 2292//2292 2212//2212
f 2212//2212 2292//2292 2293//2293
f 2212//2212 2293//2293 2213//2213
f 2213//2213 2293//2293 2294//2294
f 2213//2213 2294//2294 2214//2214
f 2214//2214 2294//2294 2295//2295
f 2214//2214 2295//2295 2215//2215
f 2215//2215 2295//2295 2296//2296
f 2215//2215 2296//2296 2216//2216
f 2216//2216 2296//2296 2297//2297
f 2216//2216 2297//2297 2217//2217
f 2217//2217 2297//2297 2298//2298
f 2217//2217 2298//2298 2218//2218
f 2218//2218 2298//2298 2299//2299
f 2218//2218 2299//2299 2219//2219
f 2219//2219 2299//2299 2300//2300
f 2219//2219 2300//2300 2220//2220
f 2220//2220 2300//2300 2301//2301
f 2220//2220 2301//2301 2221//2221
f 2221//2221 2301//2301 2302//2302
f 2221//2221 2302//2302 2222//2222
f 2222//2222 2302//2302 2303//2303
f 2222//2222 2303//2303 2223//2223
f 2223//2223 2303//2303 2304//2304
f 2223//2223 2304//2304 2224//2224
f 2224//2224 2304//2304 2305//2305
f 2224//2224 2305//2305 2225//2225
f 2225//2225 2305//2305 2306//2306
f 2225//2225 2306//2306 2226//2226
f 2226//2226 2306//2306 2307//2307
f 2226//2226 2307//2307 2227//2227
f 2227//2227 2307//2307 2308//2308
f 2227//2227 2308//2308 2228//2228
f 2228//2228 2308//2308 2309//2309
f 2228//2228 2309//2309 2229//2229
f 2229//2229 2309//2309 2310//2310
f 2229//2229 2310//2310 2230//2230
f 2230//2230 2310//2310 2311//2311
f 2230//2230 2311//2311 2231//2231
f 2231//2231 2311//2311 2312//2312
f 2231//2231 2312//2312 2232//2232
f 2232//2232 2312//2312 2313//2313
f 2232//2232 2313//2313 2233//2233
f 2233//2233 2313//2313 2314//2314
f 2233//2233 2314//2314 2234//2234
f 2234//2234 2314//2314 2315//2315
f 2234//2234 2315//2315 2235//2235
f 2235//2235 2315//2315 2316//2316
f 2235//2235 2316//2316 2236//2236
f 2236//2236 2316//2316 2317//2317
f 2236//2236 2317//2317 2237//2237
f 2237//2237 2317//2317 2318//2318
f 2237//2237 2318//2318 2238//2238
f 2238//2238 2318//2318 2319//2319
f 2238//2238 2319//2319 2239//2239
f 2239//2239 2319//2319 2320//2320
f 2239//2239 2320//2320 2240//2240
f 2240//2240 2320//2320 2321//2321
f 2240//2240 2321//2321 2241//2241
f 2241//2241 2321//2321 2322//2322
f 2241//2241 2322//2322 2242//2242
f 2242//2242 2322//2322 2323//2323
f 2242//2242 2323//2323 2243//2243
f 2243//2243 2323//2323 2324//2324
f 2243//2243 2324//2324 2244//2244
f 2244//2244 2324//2324 2325//2325
f 2244//2244 2325//2325 2245//2245
f 2245//2245 2325//2325 2326//2326
f 2245//2245 2326//2326 2246//2246
f 2246//2246 2326//2326 2327//2327
f 2246//2246 2327//2327 2247//2247
f 2247//2247 2327//2327 2328//2328
f 2247//2247 2328//2328 2248//2248
f 2248//2248 2328//2328 2329//2329
f 2248//2248 2329//2329 2249//2249
f 2249//2249 2329//2329 2330//2330
f 2249//2249 2330//2330 2250//2250
f 2250//2250 2330//2330 2331//2331
f 2250//2250 2331//2331 2251//2251
f 2251//2251 2331//2331 2332//2332
f 2251//2251 2332//2332 2252//2252
f 2252//2252 2332//2332 2333//2333
f 2252//2252 2333//2333 2253//2253
f 2253//2253 2333//2333 2334//2334
f 2253//2253 2334//2334 2254//2254
f 2254//2254 2334//2334 2335//2335
f 2254//2254 2335//2335 2255//2255
f 2255//2255 2335//2335 2336//2336
f 2255//2255 2336//2336 2256//2256
f 2256//2256 2336//2336 2337//2337
f 2256//2256 2337//2337 2257//2257
f 2257//2257 2337//2337 2338//2338
f 2257//2257 2338//2338 2258//2258
f 2258//2258 2338//2338 2339//2339
f 2258//2258 2339//2339 2259//2259
f 2259//2259 2339//2339 2340//2340
f 2259//2259 2340//2340 2260//2260
f 2260//2260 2340//2340 2341//2341
f 2260//2260 2341//2341 2261//2261
f 2261//2261 2341//2341 2342//2342
f 2261//2261 2342//2342 2262//2262
f 2262//2262 2342//2342 2343//2343
f 2262//2262 2343//2343 2263//2263
f 2263//2263 2343//2343 2344//2344
f 2263//2263 2344//2344 2264//2264
f 2264//2264 2344//2344 2345//2345
f 2264//2264 2345//2345 2265//2265
f 2265//2265 2345//2345 2346//2346
f 2265//2265 2346//2346 2266//2266
f 2266//2266 2346//2346 2347//2347
f 2266//2266 2347//2347 2267//2267
f 2267//2267 2347//2347 2348//2348
f 2267//2267 2348//2348 2268//2268
f 2268//2268 2348//2348 2349//2349
f 2268//2268 2349//2349 2269//2269
f 2269//2269 2349//2349 2350//2350
f 2269//2269 2350//2350 2270//2270
f 2270//2270 2350//2350 2351//2351
f 2270//2270 2351//2351 2271//2271
f 2271//2271 2351//2351 2352//2352
f 2271//2271 2352//2352 2272//2272
f 2272//2272 2352//2352 2353//2353
f 2272//2272 2353//2353 2273//2273
f 2273//2273 2353//2353 2354//2354
f 2273//2273 2354//2354 2274//2274
f 2274//2274 2354//2354 2355//2355
f 2274//2274 2355//2355 2275//2275
f 2275//2275 2355//2355 2356//2356
f 2275//2275 2356//2356 2276//2276
f 2276//2276 2356//2356 2357//2357
f 2276//2276 2357//2357 2277//2277
f 2277//2277 2357//2357 2358//2358
f 2277//2277 2358//2358 2278//2278
f 2278//2278 2358//2358 2359//2359
f 2278//2278 2359//2359 2279//2279
f 2279//2279 2359//2359 2360//2360
f 2279//2279 2360//2360 2280//2280
f 2280//2280 2360//2360 2361//2361
f 2280//2280 2361//2361 2281//2281
f 2281//2281 2361//2361 2362//2362
f 2281//2281 2362//2362 2282//2282
f 2282//2282 2362//2362 2363//2363
f 2282//2282 2363//2363 2283//2283
f 2283//2283 2363//2363 2364//2364
f 2283//2283 2364//2364 2284//2284
f 2284//2284 2364//2364 2365//2365
f 2284//2284 2365//2365 2285//2285
f 2285//2285 2365//2365 2366//2366
f 2285//2285 2366//2366 2286//2286
f 2286//2286 2366//2366 2367//2367
f 2286//2286 2367//2367 2287//2287
f 2287//2287 2367//2367 2368//2368
f 2287//2287 2368//2368 2288//2288
f 2288//2288 2368//2368 2369//2369
f 2288//2288 2369//2369 2289//2289
f 2289//2289 2369//2369 2370//2370
f 2289//2289 2370//2370 2290//2290
f 2290//2290 2370//2370 2291//2291
f 2370//2370 2371//2371 2291//2291
f 2291//2291 2371//2371 2372//2372
f 2291//2291 2372//2372 2292//2292
f 2292//2292 2372//2372 2373//2373
f 2292//2292 2373//2373 2293//2293
f 2293//2293 2373//2373 2374//2374
f 2293//2293 2374//2374 2294//2294
f 2294//2294 2374//2374 2375//2375
f 2294//2294 2375//2375 2295//2295
f 2295//2295 2375//2375 2376//2376
f 2295//2295 2376//2376 2296//2296
f 2296//2296 2376//2376 2377//2377
f 2296//2296 2377//2377 2297//2297
f 2297//2297 2377//2377 2378//2378
f 2297//2297 2378//2378 2298//2298
f 2298//2298 2378//2378 2379//2379
f 2298//2298 2379//2379 2299//2299
f 2299//2299 2379//2379 2380//2380
f 2299//2299 2380//2380 2300//2300
f 2300//2300 2380//2380 2381//2381
f 2300//2300 2381//2381 2301//2301
f 2301//2301 2381//2381 2382//2382
f 2301//2301 2382//2382 2302//2302
f 2302//2302 2382//2382 2383//2383
f 2302//2302 2383//2383 2303//2303
f 2303//2303 2383//2383 2384//2384
f 2303//2303 2384//2384 2304//2304
f 2304//2304 2384//2384 2385//2385
f 2304//2304 2385//2385 2305//2305
f 2305//2305 2385//2385 2386//2386
f 2305//2305 2386//2386 2306//2306
f 2306//2306 2386//2386 2387//2387
f 2306//2306 2387//2387 2307//2307
f 2307//2307 2387//2387 2388//2388
f 2307//2307 2388//2388 2308//2308
f 2308//2308 2388//2388 2389//2389
f 2308//2308 2389//2389 2309//2309
f 2309//2309 2389//2389 2390//2390
f 2309//2309 2390//2390 2310//2310
f 2310//2310 2390//2390 2391//2391
f 2310//2310 2391//2391 2311//2311
f 2311//2311 2391//2391 2392//2392
f 2311//2311 2392//2392 2312//2312
f 2312//2312 2392//2392 2393//2393
f 2312//2312 2393//2393 2313//2313
f 2313//2313 2393//2393 2394//2394
f 2313//2313 2394//2394 2314//2314
f 2314//2314 2394//2394 2395//2395
f 2314//2314 2395//2395 2315//2315
f 2315//2315 2395//2395 2396//2396
f 2315//2315 2396//2396 2316//2316
f 2316//2316 2396//2396 2397//2397
f 2316//2316 2397//2397 2317//2317
f 2317//2317 2397//2397 2398//2398
f 2317//2317 2398//2398 2318//2318
f 2318//2318 2398//2398 2399//2399
f 2318//2318 2399//2399 2319//2319
f 2319//2319 2399//2399 2400//2400
f 2319//2319 2400//2400 2320//2320
f 2320//2320 2400//2400 2401//2401
f 2320//2320 2401//2401 2321//2321
f 2321//2321 2401//2401 2402//2402
f 2321//2321 2402//2402 2322//2322
f 2322//2322 2402//2402 2403//2403
f 2322//2322 2403//2403 2323//2323
f 2323//2323 2403//2403 2404//2404
f 2323//2323 2404//2404 2324//2324
f 2324//2324 2404//2404 2405//2405
f 2324//2324 2405//2405 2325//2325
f 2325//2325 2405//2405 2406//2406
f 2325//2325 2406//2406 2326//2326
f 2326//2326 2406//2406 2407//2407
f 2326//2326 2407//2407 2327//2327
f 2327//2327 2407//2407 2408//2408
f 2327//2327 2408//2408 2328//2328
f 2328//2328 2408//2408 2409//2409
f 2328//2328 2409//2409 2329//2329
f 2329//2329 2409//2409 2410//2410
f 2329//2329 2410//2410 2330//2330
f 2330//2330 2410//2410 2411//2411
f 2330//2330 2411//2411 2331//2331
f 2331//2331 2411//2411 2412//2412
f 2331//2331 2412//2412 2332//2332
f 2332//2332 2412//2412 2413//2413
f 2332//2332 2413//2413 2333//2333
f 2333//2333 2413//2413 2414//2414
f 2333//2333 2414//2414 2334//2334
f 2334//2334 2414//2414 2415//2415
f 2334//2334 2415//2415 2335//2335
f 2335//2335 2415//2415 2416//2416
f 2335//2335 2416//2416 2336//2336
f 2336//2336 2416//2416 2417//2417
f 2336//2336 2417//2417 2337//2337
f 2337//2337 2417//2417 2418//2418
f 2337//2337 2418//2418 2338//2338
f 2338//2338 2418//2418 2419//2419
f 2338//2338 2419//2419 2339//2339
f 2339//2339 2419//2419 2420//2420
f 2339//2339 2420//2420 2340//2340
f 2340//2340 2420//2420 2421//2421
f 2340//2340 2421//2421 2341//2341
f 2341//2341 2421//2421 2422//2422
f 2341//2341 2422//2422 2342//2342
f 2342//2342 2422//2422 2423//2423
f 2342//2342 2423//2423 2343//2343
f 2343//2343 2423//2423 2424//2424
f 2343//2343 2424//2424 2344//2344
f 2344//2344 2424//2424 2425//2425
f 2344//2344 2425//2425 2345//2345
f 2345//2345 2425//2425 2426//2426
f 2345//2345 2426//2426 2346//2346
f 2346//2346 2426//2426 2427//2427
f 2346//2346 2427//2427 2347//2347
f 2347//2347 2427//2427 2428//2428
f 2347//2347 2428//2428 2348//2348
f 2348//2348 2428//2428 2429//2429
f 2348//2348 2429//2429 2349//2349
f 2349//2349 2429//2429 2430//2430
f 2349//2349 2430//2430 2350//2350
f 2350//2350 2430//2430 2431//2431
f 2350//2350 2431//2431 2351//2351
f 2351//2351 2431//2431 2432//2432
f 2351//2351 2432//2432 2352//2352
f 2352//2352 2432//2432 2433//2433
f 2352//2352 2433//2433 2353//2353
f 2353//2353 2433//2433 2434//2434
f 2353//2353 2434//2434 2354//2354
f 2354//2354 2434//2434 2435//2435
f 2354//2354 2435//2435 2355//2355
f 2355//2355 2435//2435 2436//2436
f 2355//2355 2436//2436 2356//2356
f 2356//2356 2436//2436 2437//2437
f 2356//2356 2437//2437 2357//2357
f 2357//2357 2437//2437 2438//2438
f 2357//2357 2438//2438 2358//2358
f 2358//2358 2438//2438 2439//2439
f 2358//2358 2439//2439 2359//2359
f 2359//2359 2439//2439 2440//2440
f 2359//2359 2440//2440 2360//2360
f 2360//2360 2440//2440 2441//2441
f 2360//2360 2441//2441 2361//2361
f 2361//2361 2441//2441 2442//2442
f 2361//2361 2442//2442 2362//2362
f 2362//2362 2442//2442 2443//2443
f 2362//2362 2443//2443 2363//2363
f 2363//2363 2443//2443 2444//2444
f 2363//2363 2444//2444 2364//2364
f 2364//2364 2444//2444 2445//2445
f 2364//2364 2445//2445 2365//2365
f 2365//2365 2445//2445 2446//2446
f 2365//2365 2446//2446 2366//2366
f 2366//2366 2446//2446 2447//2447
f 2366//2366 2447//2447 2367//2367
f 2367//2367 2447//2447 2448//2448
f 2367//2367 2448//2448 2368//2368
f 2368//2368 2448//2448 2449//2449
f 2368//2368 2449//2449 2369//2369
f 2369//2369 2449//2449 2450//2450
f 2369//2369 2450//2450 2370//2370
f 2370//2370 2450//2450 2371//2371
f 2450//2450 2451//2451 2371//2371
f 2371//2371 2451//2451 2452//2452
f 2371//2371 2452//2452 2372//2372
f 2372//2372 2452//2452 2453//2453
f 2372//2372 2453//2453 2373//2373
f 2373//2373 2453//2453 2454//2454
f 2373//2373 2454//2454 2374//2374
f 2374//2374 2454//2454 2455//2455
f 2374//2374 2455//2455 2375//2375
f 2375//2375 2455//2455 2456//2456
f 2375//2375 2456//2456 2376//2376
f 2376//2376 2456//2456 2457//2457
f 2376//2376 2457//2457 2377//2377
f 2377//2377 2457//2457 2458//2458
f 2377//2377 2458//2458 2378//2378
f 2378//2378 2458//2458 2459//2459
f 2378//2378 2459//2459 2379//2379
f 2379//2379 2459//2459 2460//2460
f 2379//2379 2460//2460 2380//2380
f 2380//2380 2460//2460 2461//2461
f 2380//2380 2461//2461 2381//2381
f 2381//2381 2461//2461 2462//2462
f 2381//2381 2462//2462 2382//2382
f 2382//2382 2462//2462 2463//2463
f 2382//2382 2463//2463 2383//2383
f 2383//2383 2463//2463 2464//2464
f 2383//2383 2464//2464 2384//2384
f 2384//2384 2464//2464 2465//2465
f 2384//2384 2465//2465 2385//2385
f 2385//2385 2465//2465 2466//2466
f 2385//2385 2466//2466 2386//2386
f 2386//2386 2466//2466 2467//2467
f 2386//2386 2467//2467 2387//2387
f 2387//2387 2467//2467 2468//2468
f 2387//2387 2468//2468 2388//2388
f 2388//2388 2468//2468 2469//2469
f 2388//2388 2469//2469 2389//2389
f 2389//2389 2469//2469 2470//2470
f 2389//2389 2470//2470 2390//2390
f 2390//2390 2470//2470 2471//2471
f 2390//2390 2471//2471 2391//2391
f 2391//2391 2471//2471 2472//2472
f 2391//2391 2472//2472 2392//2392
f 2392//2392 2472//2472 2473//2473
f 2392//2392 2473//2473 2393//2393
f 2393//2393 2473//2473 2474//2474
f 2393//2393 2474//2474 2394//2394
f 2394//2394 2474//2474 2475//2475
f 2394//2394 2475//2475 2395//2395
f 2395//2395 2475//2475 2476//2476
f 2395//2395 2476//2476 2396//2396
f 2396//2396 2476//2476 2477//2477
f 2396//2396 2477//2477 2397//2397
f 2397//2397 2477//2477 2478//2478
f 2397//2397 2478//2478 2398//2398
f 2398//2398 2478//2478 2479//2479
f 2398//2398 2479//2479 2399//2399
f 2399//2399 2479//2479 2480//2480
f 2399//2399 2480//2480 2400//2400
f 2400//2400 2480//2480 2481//2481
f 2400//2400 2481//2481 2401//2401
f 2401//2401 2481//2481 2482//2482
f 2401//2401 2482//2482 2402//2402
f 2402//2402 2482//2482 2483//2483
f 2402//2402 2483//2483 2403//2403
f 2403//2403 2483//2483 2484//2484
f 2403//2403 2484//2484 2404//2404
f 2404//2404 2484//2484 2485//2485
f 2404//2404 2485//2485 2405//2405
f 2405//2405 2485//2485 2486//2486
f 2405//2405 2486//2486 2406//2406
f 2406//2406 2486//2486 2487//2487
f 2406//2406 2487//2487 2407//2407
f 2407//2407 2487//2487 2488//2488
f 2407//2407 2488//2488 2408//2408
f 2408//2408 2488//2488 2489//2489
f 2408//2408 2489//2489 2409//2409
f 2409//2409 2489//2489 2490//2490
f 2409//2409 2490//2490 2410//2410
f 2410//2410 2490//2490 2491//2491
f 2410//2410 2491//2491 2411//2411
f 2411//2411 2491//2491 2492//2492
f 2411//2411 2492//2492 2412//2412
f 2412//2412 2492//2492 2493//2493
f 2412//2412 2493//2493 2413//2413
f 2413//2413 2493//2493 2494//2494
f 2413//2413 2494//2494 2414//2414
f 2414//2414 2494//2494 2495//2495
f 2414//2414 2495//2495 2415//2415
f 2415//2415 2495//2495 2496//2496
f 2415//2415 2496//2496 2416//2416
f 2416//2416 2496//2496 2497//2497
f 2416//2416 2497//2497 2417//2417
f 2417//2417 2497//2497 2498//2498
f 2417//2417 2498//2498 2418//2418
f 2418//2418 2498//2498 2499//2499
f 2418//2418 2499//2499 2419//2419
f 2419//2419 2499//2499 2500//2500
f 2419//2419 2500//2500 2420//2420
f 2420//2420 2500//2500 2501//2501
f 2420//2420 2501//2501 2421//2421
f 2421//2421 2501//2501 2502//2502
f 2421//2421 2502//2502 2422//2422
f 2422//2422 2502//2502 2503//2503
f 2422//2422 2503//2503 2423//2423
f 2423//2423 2503//2503 2504//2504
f 2423//2423 2504//2504 2424//2424
f 2424//2424 2504//2504 2505//2505
f 2424//2424 2505//2505 2425//2425
f 2425//2425 2505//2505 2506//2506
f 2425//2425 2506//2506 2426//2426
f 2426//2426 2506//2506 2507//2507
f 2426//2426 2507//2507 2427//2427
f 2427//2427 2507//2507 2508//2508
f 2427//2427 2508//2508 2428//2428
f 2428//2428 2508//2508 2509//2509
f 2428//2428 2509//2509 2429//2429
f 2429//2429 2509//2509 2510//2510
f 2429//2429 2510//2510 2430//2430
f 2430//2430 2510//2510 2511//2511
f 2430//2430 2511//2511 2431//2431
f 2431//2431 2511//2511 2512//2512
f 2431//2431 2512//2512 2432//2432
f 2432//2432 2512//2512 2513//2513
f 2432//2432 2513//2513 2433//2433
f 2433//2433 2513//2513 2514//2514
f 2433//2433 2514//2514 2434//2434
f 2434//2434 2514//2514 2515//2515
f 2434//2434 2515//2515 2435//2435
f 2435//2435 2515//2515 2516//2516
f 2435//2435 2516//2516 2436//2436
f 2436//2436 2516//2516 2517//2517
f 2436//2436 2517//2517 2437//2437
f 2437//2437 2517//2517 2518//2518
f 2437//2437 2518//2518 2438//2438
f 2438//2438 2518//2518 2519//2519
f 2438//2438 2519//2519 2439//2439
f 2439//2439 2519//2519 2520//2520
f 2439//2439 2520//2520 2440//2440
f 2440//2440 2520//2520 2521//2521
f 2440//2440 2521//2521 2441//2441
f 2441//2441 2521//2521 2522//2522
f 2441//2441 2522//2522 2442//2442
f 2442//2442 2522//2522 2523//2523
f 2442//2442 2523//2523 2443//2443
f 2443//2443 2523//2523 2524//2524
f 2443//2443 2524//2524 2444//2444
f 2444//2444 2524//2524 2525//2525
f 2444//2444 2525//2525 2445//2445
f 2445//2445 2525//2525 2526//2526
f 2445//2445 2526//2526 2446//2446
f 2446//2446 2526//2526 2527//2527
f 2446//2446 2527//2527 2447//2447
f 2447//2447 2527//2527 2528//2528
f 2447//2447 2528//2528 2448//2448
f 2448//2448 2528//2528 2529//2529
f 2448//2448 2529//2529 2449//2449
f 2449//2449 2529//2529 2530//2530
f 2449//2449 2530//2530 2450//2450
f 2450//2450 2530//2530 2451//2451
f 2530//2530 2531//2531 2451//2451
f 2451//2451 2531//2531 2532//2532
f 2451//2451 2532//2532 2452//2452
f 2452//2452 2532//2532 2533//2533
f 2452//2452 2533//2533 2453//2453
f 2453//2453 2533//2533 2534//2534
f 2453//2453 2534//2534 2454//2454
f 2454//2454 2534//2534 2535//2535
f 2454//2454 2535//2535 2455//2455
f 2455//2455 2535//2535 2536//2536
f 2455//2455 2536//2536 2456//2456
f 2456//2456 2536//2536 2537//2537
f 2456//2456 2537//2537 2457//2457
f 2457//2457 2537//2537 2538//2538
f 2457//2457 2538//2538 2458//2458
f 2458//2458 2538//2538 2539//2539
f 2458//2458 2539//2539 2459//2459
f 2459//2459 2539//2539 2540//2540
f 2459//2459 2540//2540 2460//2460
f 2460//2460 2540//2540 2541//2541
f 2460//2460 2541//2541 2461//2461
f 2461//2461 2541//2541 2542//2542
f 2461//2461 2542//2542 2462//2462
f 2462//2462 2542//2542 2543//2543
f 2462//2462 2543//2543 2463//2463
f 2463//2463 2543//2543 2544//2544
f 2463//2463 2544//2544 2464//2464
f 2464//2464 2544//2544 2545//2545
f 2464//2464 2545//2545 2465//2465
f 2465//2465 2545//2545 2546//2546
f 2465//2465 2546//2546 2466//2466
f 2466//2466 2546//2546 2547//2547
f 2466//2466 2547//2547 2467//2467
f 2467//2467 2547//2547 2548//2548
f 2467//2467 2548//2548 2468//2468
f 2468//2468 2548//2548 2549//2549
f 2468//2468 2549//2549 2469//2469
f 2469//2469 2549//2549 2550//2550
f 2469//2469 2550//2550 2470//2470
f 2470//2470 2550//2550 2551//2551
f 2470//2470 2551//2551 2471//2471
f 2471//2471 2551//2551 2552//2552
f 2471//2471 2552//2552 2472//2472
f 2472//2472 2552//2552 2553//2553
f 2472//2472 2553//2553 2473//2473
f 2473//2473 2553//2553 2554//2554
f 2473//2473 2554//2554 2474//2474
f 2474//2474 2554//2554 2555//2555
f 2474//2474 2555//2555 2475//2475
f 2475//2475 2555//2555 2556//2556
f 2475//2475 2556//2556 2476//2476
f 2476//2476 2556//2556 2557//2557
f 2476//2476 2557//2557 2477//2477
f 2477//2477 2557//2557 2558//2558
f 2477//2477 2558//2558 2478//2478
f 2478//2478 2558//2558 2559//2559
f 2478//2478 2559//2559 2479//2479
f 2479//2479 2559//2559 2560//2560
f 2479//2479 2560//2560 2480//2480
f 2480//2480 2560//2560 2561//2561
f 2480//2480 2561//2561 2481//2481
f 2481//2481 2561//2561 2562//2562
f 2481//2481 2562//2562 2482//2482
f 2482//2482 2562//2562 2563//2563
f 2482//2482 2563//2563 2483//2483
f 2483//2483 2563//2563 2564//2564
f 2483//2483 2564//2564 2484//2484
f 2484//2484 2564//2564 2565//2565
f 2484//2484 2565//2565 2485//2485
f 2485//2485 2565//2565 2566//2566
f 2485//2485 2566//2566 2486//2486
f 2486//2486 2566//2566 2567//2567
f 2486//2486 2567//2567 2487//2487
f 2487//2487 2567//2567 2568//2568
f 2487//2487 2568//2568 2488//2488
f 2488//2488 2568//2568 2569//2569
f 2488//2488 2569//2569 2489//2489
f 2489//2489 2569//2569 2570//2570
f 2489//2489 2570//2570 2490//2490
f 2490//2490 2570//2570 2571//2571
f 2490//2490 2571//2571 2491//2491
f 2491//2491 2571//2571 2572//2572
f 2491//2491 2572//2572 2492//2492
f 2492//2492 2572//2572 2573//2573
f 2492//2492 2573//2573 2493//2493
f 2493//2493 2573//2573 2574//2574
f 2493//2493 2574//2574 2494//2494
f 2494//2494 2574//2574 2575//2575
f 2494//2494 2575//2575 2495//2495
f 2495//2495 2575//2575 2576//2576
f 2495//2495 2576//2576 2496//2496
f 2496//2496 2576//2576 2577//2577
f 2496//2496 2577//2577 2497//2497
f 2497//2497 2577//2577 2578//2578
f 2497//2497 2578//2578 2498//2498
f 2498//2498 2578//2578 2579//2579
f 2498//2498 2579//2579 2499//2499
f 2499//2499 2579//2579 2580//2580
f 2499//2499 2580//2580 2500//2500
f 2500//2500 2580//2580 2581//2581
f 2500//2500 2581//2581 2501//2501
f 2501//2501 2581//2581 2582//2582
f 2501//2501 2582//2582 2502//2502
f 2502//2502 2582//2582 2583//2583
f 2502//2502 2583//2583 2503//2503
f 2503//2503 2583//2583 2584//2584
f 2503//2503 2584//2584 2504//2504
f 2504//2504 2584//2584 2585//2585
f 2504//2504 2585//2585 2505//2505
f 2505//2505 2585//2585 2586//2586
f 2505//2505 2586//2586 2506//2506
f 2506//2506 2586//2586 2587//2587
f 2506//2506 2587//2587 2507//2507
f 2507//2507 2587//2587 2588//2588
f 2507//2507 2588//2588 2508//2508
f 2508//2508 2588//2588 2589//2589
f 2508//2508 2589//2589 2509//2509
f 2509//2509 2589//2589 2590//2590
f 2509//2509 2590//2590 2510//2510
f 2510//2510 2590//2590 2591//2591
f 2510//2510 2591//2591 2511//2511
f 2511//2511 2591//2591 2592//2592
f 2511//2511 2592//2592 2512//2512
f 2512//2512 2592//2592 2593//2593
f 2512//2512 2593//2593 2513//2513
f 2513//2513 2593//2593 2594//2594
f 2513//2513 2594//2594 2514//2514
f 2514//2514 2594//2594 2595//2595
f 2514//2514 2595//2595 2515//2515
f 2515//2515 2595//2595 2596//2596
f 2515//2515 2596//2596 2516//2516
f 2516//2516 2596//2596 2597//2597
f 2516//2516 2597//2597 2517//2517
f 2517//2517 2597//2597 2598//2598
f 2517//2517 2598//2598 2518//2518
f 2518//2518 2598//2598 2599//2599
f 2518//2518 2599//2599 2519//2519
f 2519//2519 2599//2599 2600//2600
f 2519//2519 2600//2600 2520//2520
f 2520//2520 2600//2600 2601//2601
f 2520//2520 2601//2601 2521//2521
f 2521//2521 2601//2601 2602//2602
f 2521//2521 2602//2602 2522//2522
f 2522//2522 2602//2602 2603//2603
f 2522//2522 2603//2603 2523//2523
f 2523//2523 2603//2603 2604//2604
f 2523//2523 2604//2604 2524//2524
f 2524//2524 2604//2604 2605//2605
f 2524//2524 2605//2605 2525//2525
f 2525//2525 2605//2605 2606//2606
f 2525//2525 2606//2606 2526//2526
f 2526//2526 2606//2606 2607//2607
f 2526//2526 2607//2607 2527//2527
f 2527//2527 2607//2607 2608//2608
f 2527//2527 2608//2608 2528//2528
f 2528//2528 2608//2608 2609//2609
f 2528//2528 2609//2609 2529//2529
f 2529//2529 2609//2609 2610//2610
f 2529//2529 2610//2610 2530//2530
f 2530//2530 2610//2610 2531//2531
f 2610//2610 451//451 2531//2531
f 2531//2531 451//451 450//450
f 2531//2531 450//450 2532//2532
f 2532//2532 450//450 453//453
f 2532//2532 453//453 2533//2533
f 2533//2533 453//453 454//454
f 2533//2533 454//454 2534//2534
f 2534//2534 454//454 455//455
f 2534//2534 455//455 2535//2535
f 2535//2535 455//455 456//456
f 2535//2535 456//456 2536//2536
f 2536//2536 456//456 457//457
f 2536//2536 457//457 2537//2537
f 2537//2537 457//457 458//458
f 2537//2537 458//458 2538//2538
f 2538//2538 458//458 459//459
f 2538//2538 459//459 2539//2539
f 2539//2539 459//459 460//460
f 2539//2539 460//460 2540//2540
f 2540//2540 460//460 461//461
f 2540//2540 461//461 2541//2541
f 2541//2541 461//461 462//462
f 2541//2541 462//462 2542//2542
f 2542//2542 462//462 463//463
f 2542//2542 463//463 2543//2543
f 2543//2543 463//463 464//464
f 2543//2543 464//464 2544//2544
f 2544//2544 464//464 465//465
f 2544//2544 465//465 2545//2545
f 2545//2545 465//465 466//466
f 2545//2545 466//466 2546//2546
f 2546//2546 466//466 467//467
f 2546//2546 467//467 2547//2547
f 2547//2547 467//467 468//468
f 2547//2547 468//468 2548//2548
f 2548//2548 468//468 469//469
f 2548//2548 469//469 2549//2549
f 2549//2549 469//469 470//470
f 2549//2549 470//470 2550//2550
f 2550//2550 470//470 471//471
f 2550//2550 471//471 2551//2551
f 2551//2551 471//471 472//472
f 2551//2551 472//472 2552//2552
f 2552//2552 472//472 473//473
f 2552//2552 473//473 2553//2553
f 2553//2553 473//473 474//474
f 2553//2553 474//474 2554//2554
f 2554//2554 474//474 475//475
f 2554//2554 475//475 2555//2555
f 2555//2555 475//475 476//476
f 2555//2555 476//476 2556//2556
f 2556//2556 476//476 477//477
f 2556//2556 477//477 2557//2557
f 2557//2557 477//477 478//478
f 2557//2557 478//478 2558//2558
f 2558//2558 478//478 479//479
f 2558//2558 479//479 2559//2559
f 2559//2559 479//479 480//480
f 2559//2559 480//480 2560//2560
f 2560//2560 480//480 481//481
f 2560//2560 481//481 2561//2561
f 2561//2561 481//481 482//482
f 2561//2561 482//482 2562//2562
f 2562//2562 482//482 483//483
f 2562//2562 483//483 2563//2563
f 2563//2563 483//483 484//484
f 2563//2563 484//484 2564//2564
f 2564//2564 484//484 485//485
f 2564//2564 485//485 2565//2565
f 2565//2565 485//485 486//486
f 2565//2565 486//486 2566//2566
f 2566//2566 486//486 487//487
f 2566//2566 487//487 2567//2567
f 2567//2567 487//487 488//488
f 2567//2567 488//488 2568//2568
f 2568//2568 488//488 489//489
f 2568//2568 489//489 2569//2569
f 2569//2569 489//489 490//490
f 2569//2569 490//490 2570//2570
f 2570//2570 490//490 491//491
f 2570//2570 491//491 2571//2571
f 2571//2571 491//491 492//492
f 2571//2571 492//492 2572//2572
f 2572//2572 492//492 493//493
f 2572//2572 493//493 2573//2573
f 2573//2573 493//493 494//494
f 2573//2573 494//494 2574//2574
f 2574//2574 494//494 495//495
f 2574//2574 495//495 2575//2575
f 2575//2575 495//495 496//496
f 2575//2575 496//496 2576//2576
f 2576//2576 496//496 497//497
f 2576//2576 497//497 2577//2577
f 2577//2577 497//497 498//498
f 2577//2577 498//498 2578//2578
f 2578//2578 498//498 499//499
f 2578//2578 499//499 2579//2579
f 2579//2579 499//499 500//500
f 2579//2579 500//500 2580//2580
f 2580//2580 500//500 501//501
f 2580//2580 501//501 2581//2581
f 2581//2581 501//501 502//502
f 2581//2581 502//502 2582//2582
f 2582//2582 502//502 503//503
f 2582//2582 503//503 2583//2583
f 2583//2583 503//503 504//504
f 2583//2583 504//504 2584//2584
f 2584//2584 504//504 505//505
f 2584//2584 505//505 2585//2585
f 2585//2585 505//505 506//506
f 2585//2585 506//506 2586//2586
f 2586//2586 506//506 507//507
f 2586//2586 507//507 2587//2587
f 2587//2587 507//507 508//508
f 2587//2587 508//508 2588//2588
f 2588//2588 508//508 509//509
f 2588//2588 509//509 2589//2589
f 2589//2589 509//509 510//510
f 2589//2589 510//510 2590//2590
f 2590//2590 510//510 511//511
f 2590//2590 511//511 2591//2591
f 2591//2591 511//511 512//512
f 2591//2591 512//512 2592//2592
f 2592//2592 512//512 513//513
f 2592//2592 513//513 2593//2593
f 2593//2593 513//513 514//514
f 2593//2593 514//514 2594//2594
f 2594//2594 514//514 515//515
f 2594//2594 515//515 2595//2595
f 2595//2595 515//515 516//516
f 2595//2595 516//516 2596//2596
f 2596//2596 516//516 517//517
f 2596//2596 517//517 2597//2597
f 2597//2597 517//517 518//518
f 2597//2597 518//518 2598//2598
f 2598//2598 518//518 519//519
f 2598//2598 519//519 2599//2599
f 2599//2599 519//519 520//520
f 2599//2599 520//520 2600//2600
f 2600//2600 520//520 521//521
f 2600//2600 521//521 2601//2601
f 2601//2601 521//521 522//522
f 2601//2601 522//522 2602//2602
f 2602//2602 522//522 523//523
f 2602//2602 523//523 2603//2603
f 2603//2603 523//523 524//524
f 2603//2603 524//524 2604//2604
f 2604//2604 524//524 525//525
f 2604//2604 525//525 2605//2605
f 2605//2605 525//525 526//526
f 2605//2605 526//526 2606//2606
f 2606//2606 526//526 527//527
f 2606//2606 527//527 2607//2607
f 2607//2607 527//527 528//528
f 2607//2607 528//528 2608//2608
f 2608//2608 528//528 529//529
f 2608//2608 529//529 2609//2609
f 2609//2609 529//529 530//530
f 2609//2609 530//530 2610//2610
f 2610//2610 530//530 451//451
f 2611//2611 2612//2612 2613//2613
f 2613//2613 2612//2612 2614//2614
f 2613//2613 2614//2614 2615//2615
f 2615//2615 2614//2614 2616//2616
f 2615//2615 2616//2616 2617//2617
f 2617//2617 2616//2616 2618//2618
f 2617//2617 2618//2618 2619//2619
f 2619//2619 2618//2618 2620//2620
f 2619//2619 2620//2620 2621//2621
f 2621//2621 2620//2620 2622//2622
f 2621//2621 2622//2622 2623//2623
f 2623//2623 2622//2622 2624//2624
f 2623//2623 2624//2624 2625//2625
f 2625//2625 2624//2624 2626//2626
f 2625//2625 2626//2626 2627//2627
f 2627//2627 2626//2626 2628//2628
f 2627//2627 2628//2628 2629//2629
f 2629//2629 2628//2628 2630//2630
f 2629//2629 2630//2630 2631//2631
f 2631//2631 2630//2630 2632//2632
f 2631//2631 2632//2632 2633//2633
f 2633//2633 2632//2632 2634//2634
f 2633//2633 2634//2634 2635//2635
f 2635//2635 2634//2634 2636//2636
f 2635//2635 2636//2636 2637//2637
f 2637//2637 2636//2636 2638//2638
f 2637//2637 2638//2638 2639//2639
f 2639//2639 2638//2638 2640//2640
f 2639//2639 2640//2640 2641//2641
f 2641//2641 2640//2640 2642//2642
f 2641//2641 2642//2642 2643//2643
f 2643//2643 2642//2642 2644//2644
f 2643//2643 2644//2644 2645//2645
f 2645//2645 2644//2644 2646//2646
f 2645//2645 2646//2646 2647//2647
f 2647//2647 2646//2646 2648//2648
f 2647//2647 2648//2648 2649//2649
f 2649//2649 2648//2648 2650//2650
f 2649//2649 2650//2650 2651//2651
f 2651//2651 2650//2650 2652//2652
f 2651//2651 2652//2652 2653//2653
f 2653//2653 2652//2652 2654//2654
f 2653//2653 2654//2654 2655//2655
f 2655//2655 2654//2654 2656//2656
f 2655//2655 2656//2656 2657//2657
f 2657//2657 2656//2656 2658//2658
f 2657//2657 2658//2658 2659//2659
f 2659//2659 2658//2658 2660//2660
f 2659//2659 2660//2660 2661//2661
f 2661//2661 2660//2660 2662//2662
f 2661//2661 2662//2662 2663//2663
f 2663//2663 2662//2662 2664//2664
f 2663//2663 2664//2664 2665//2665
f 2665//2665 2664//2664 2666//2666
f 2665//2665 2666//2666 2667//2667
f 2667//2667 2666//2666 2668//2668
f 2667//2667 2668//2668 2669//2669
f 2669//2669 2668//2668 2670//2670
f 2669//2669 2670//2670 2671//2671
f 2671//2671 2670//2670 2672//2672
f 2671//2671 2672//2672 2673//2673
f 2673//2673 2672//2672 2674//2674
f 2673//2673 2674//2674 2675//2675
f 2675//2675 2674//2674 2676//2676
f 2675//2675 2676//2676 2677//2677
f 2677//2677 2676//2676 2678//2678
f 2677//2677 2678//2678 2679//2679
f 2679//2679 2678//2678 2680//2680
f 2679//2679 2680//2680 2681//2681
f 2681//2681 2680//2680 2682//2682
f 2681//2681 2682//2682 2683//2683
f 2683//2683 2682//2682 2684//2684
f 2683//2683 2684//2684 2685//2685
f 2685//2685 2684//2684 2686//2686
f 2685//2685 2686//2686 2687//2687
f 2687//2687 2686//2686 2688//2688
f 2687//2687 2688//2688 2689//2689
f 2689//2689 2688//2688 2690//2690
f 2689//2689 2690//2690 2691//2691
f 2691//2691 2690//2690 2692//2692
f 2691//2691 2692//2692 2693//2693
f 2693//2693 2692//2692 2694//2694
f 2693//2693 2694//2694 2695//2695
f 2695//2695 2694//2694 2696//2696
f 2695//2695 2696//2696 2697//2697
f 2697//2697 2696//2696 2698//2698
f 2697//2697 2698//2698 2699//2699
f 2699//2699 2698//2698 2700//2700
f 2699//2699 2700//2700 2701//2701
f 2701//2701 2700//2700 2702//2702
f 2701//2701 2702//2702 2703//2703
f 2703//2703 2702//2702 2704//2704
f 2703//2703 2704//2704 2705//2705
f 2705//2705 2704//2704 2706//2706
f 2705//2705 2706//2706 2707//2707
f 2707//2707 2706//2706 2708//2708
f 2707//2707 2708//2708 2709//2709
f 2709//2709 2708//2708 2710//2710
f 2709//2709 2710//2710 2711//2711
f 2711//2711 2710//2710 2712//2712
f 2711//2711 2712//2712 2713//2713
f 2713//2713 2712//2712 2714//2714
f 2713//2713 2714//2714 2715//2715
f 2715//2715 2714//2714 2716//2716
f 2715//2715 2716//2716 2717//2717
f 2717//2717 2716//2716 2718//2718
f 2717//2717 2718//2718 2719//2719
f 2719//2719 2718//2718 2720//2720
f 2719//2719 2720//2720 2721//2721
f 2721//2721 2720//2720 2722//2722
f 2721//2721 2722//2722 2723//2723
f 2723//2723 2722//2722 2724//2724
f 2723//2723 2724//2724 2725//2725
f 2725//2725 2724//2724 2726//2726
f 2725//2725 2726//2726 2727//2727
f 2727//2727 2726//2726 2728//2728
f 2727//2727 2728//2728 2729//2729
f 2729//2729 2728//2728 2730//2730
f 2729//2729 2730//2730 2731//2731
f 2731//2731 2730//2730 2732//2732
f 2731//2731 2732//2732 2733//2733
f 2733//2733 2732//2732 2734//2734
f 2733//2733 2734//2734 2735//2735
f 2735//2735 2734//2734 2736//2736
f 2735//2735 2736//2736 2737//2737
f 2737//2737 2736//2736 2738//2738
f 2737//2737 2738//2738 2739//2739
f 2739//2739 2738//2738 2740//2740
f 2739//2739 2740//2740 2741//2741
f 2741//2741 2740//2740 2742//2742
f 2741//2741 2742//2742 2743//2743
f 2743//2743 2742//2742 2744//2744
f 2743//2743 2744//2744 2745//2745
f 2745//2745 2744//2744 2746//2746
f 2745//2745 2746//2746 2747//2747
f 2747//2747 2746//2746 2748//2748
f 2747//2747 2748//2748 2749//2749
f 2749//2749 2748//2748 2750//2750
f 2749//2749 2750//2750 2751//2751
f 2751//2751 2750//2750 2752//2752
f 2751//2751 2752//2752 2753//2753
f 2753//2753 2752//2752 2754//2754
f 2753//2753 2754//2754 2755//2755
f 2755//2755 2754//2754 2756//2756
f 2755//2755 2756//2756 2757//2757
f 2757//2757 2756//2756 2758//2758
f 2757//2757 2758//2758 2759//2759
f 2759//2759 2758//2758 2760//2760
f 2759//2759 2760//2760 2761//2761
f 2761//2761 2760//2760 2762//2762
f 2761//2761 2762//2762 2763//2763
f 2763//2763 2762//2762 2764//2764
f 2763//2763 2764//2764 2765//2765
f 2765//2765 2764//2764 2766//2766
f 2765//2765 2766//2766 2767//2767
f 2767//2767 2766//2766 2768//2768
f 2767//2767 2768//2768 2769//2769
f 2769//2769 2768//2768 2770//2770
f 2769//2769 2770//2770 2771//2771
f 2771//2771 2770//2770 2772//2772
f 2771//2771 2772//2772 2773//2773
f 2773//2773 2772//2772 2774//2774
f 2773//2773 2774//2774 2775//2775
f 2775//2775 2774//2774 2776//2776
f 2775//2775 2776//2776 2777//2777
f 2777//2777 2776//2776 2778//2778
f 2777//2777 2778//2778 2779//2779
f 2779//2779 2778//2778 2780//2780
f 2779//2779 2780//2780 2781//2781
f 2781//2781 2780//2780 2782//2782
f 2781//2781 2782//2782 2783//2783
f 2783//2783 2782//2782 2784//2784
f 2783//2783 2784//2784 2785//2785
f 2785//2785 2784//2784 2786//2786
f 2785//2785 2786//2786 2787//2787
f 2787//2787 2786//2786 2788//2788
f 2787//2787 2788//2788 2789//2789
f 2789//2789 2788//2788 2790//2790
f 2789//2789 2790//2790 2791//2791
f 2791//2791 2790//2790 2792//2792
f 2791//2791 2792//2792 2793//2793
f 2793//2793 2792//2792 2794//2794
f 2793//2793 2794//2794 2795//2795
f 2795//2795 2794//2794 2796//2796
f 2795//2795 2796//2796 2797//2797
f 2797//2797 2796//2796 2798//2798
f 2797//2797 2798//2798 2799//2799
f 2799//2799 2798//2798 2800//2800
f 2799//2799 2800//2800 2801//2801
f 2801//2801 2800//2800 2802//2802
f 2801//2801 2802//2802 2803//2803
f 2803//2803 2802//2802 2804//2804
f 2803//2803 2804//2804 2805//2805
f 2805//2805 2804//2804 2806//2806
f 2805//2805 2806//2806 2807//2807
f 2807//2807 2806//2806 2808//2808
f 2807//2807 2808//2808 2809//2809
f 2809//2809 2808//2808 2810//2810
f 2809//2809 2810//2810 2811//2811
f 2811//2811 2810//2810 2812//2812
f 2811//2811 2812//2812 2813//2813
f 2813//2813 2812//2812 2814//2814
f 2813//2813 2814//2814 2815//2815
f 2815//2815 2814//2814 2816//2816
f 2815//2815 2816//2816 2817//2817
f 2817//2817 2816//2816 2818//2818
f 2817//2817 2818//2818 2819//2819
f 2819//2819 2818//2818 2820//2820
f 2819//2819 2820//2820 2821//2821
f 2821//2821 2820//2820 2822//2822
f 2821//2821 2822//2822 2823//2823
f 2823//2823 2822//2822 2824//2824
f 2823//2823 2824//2824 2825//2825
f 2825//2825 2824//2824 2826//2826
f 2825//2825 2826//2826 2827//2827
f 2827//2827 2826//2826 2828//2828
f 2827//2827 2828//2828 2829//2829
f 2829//2829 2828//2828 2830//2830
f 2829//2829 2830//2830 2831//2831
f 2831//2831 2830//2830 2832//2832
f 2831//2831 2832//2832 2833//2833
f 2833//2833 2832//2832 2834//2834
f 2833//2833 2834//2834 2835//2835
f 2835//2835 2834//2834 2836//2836
f 2835//2835 2836//2836 2837//2837
f 2837//2837 2836//2836 2838//2838
f 2837//2837 2838//2838 2839//2839
f 2839//2839 2838//2838 2840//2840
f 2839//2839 2840//2840 2841//2841
f 2841//2841 2840//2840 2842//2842
f 2841//2841 2842//2842 2843//2843
f 2843//2843 2842//2842 2844//2844
f 2843//2843 2844//2844 2845//2845
f 2845//2845 2844//2844 2846//2846
f 2845//2845 2846//2846 2847//2847
f 2847//2847 2846//2846 2848//2848
f 2847//2847 2848//2848 2849//2849
f 2849//2849 2848//2848 2850//2850
f 2849//2849 2850//2850 2851//2851
f 2851//2851 2850//2850 2852//2852
f 2851//2851 2852//2852 2853//2853
f 2853//2853 2852//2852 2854//2854
f 2853//2853 2854//2854 2855//2855
f 2855//2855 2854//2854 2856//2856
f 2855//2855 2856//2856 2857//2857
f 2857//2857 2856//2856 2858//2858
f 2857//2857 2858//2858 2859//2859
f 2859//2859 2858//2858 2860//2860
f 2859//2859 2860//2860 2861//2861
f 2861//2861 2860//2860 2862//2862
f 2861//2861 2862//2862 2611//2611
f 2611//2611 2862//2862 2612//2612
f 2799//2799 2801//2801 2803//2803
f 2673//2673 2675//2675 2677//2677
f 2799//2799 2803//2803 2797//2797
f 2693//2693 2695//2695 2697//2697
f 2693//2693 2697//2697 2691//2691
f 2691//2691 2697//2697 2699//2699
f 2691//2691 2699//2699 2689//2689
f 2835//2835 2787//2787 2833//2833
f 2833//2833 2787//2787 2789//2789
f 2833//2833 2789//2789 2831//2831
f 2831//2831 2789//2789 2791//2791
f 2831//2831 2791//2791 2829//2829
f 2829//2829 2791//2791 2793//2793
f 2829//2829 2793//2793 2795//2795
f 2669//2669 2683//2683 2667//2667
f 2667//2667 2683//2683 2685//2685
f 2673//2673 2677//2677 2671//2671
f 2671//2671 2677//2677 2679//2679
f 2671//2671 2679//2679 2669//2669
f 2669//2669 2679//2679 2681//2681
f 2669//2669 2681//2681 2683//2683
f 2709//2709 2661//2661 2707//2707
f 2707//2707 2661//2661 2663//2663
f 2707//2707 2663//2663 2705//2705
f 2705//2705 2663//2663 2665//2665
f 2705//2705 2665//2665 2703//2703
f 2703//2703 2665//2665 2667//2667
f 2703//2703 2667//2667 2701//2701
f 2701//2701 2667//2667 2685//2685
f 2701//2701 2685//2685 2699//2699
f 2699//2699 2685//2685 2687//2687
f 2699//2699 2687//2687 2689//2689
f 2827//2827 2815//2815 2825//2825
f 2825//2825 2815//2815 2817//2817
f 2825//2825 2817//2817 2823//2823
f 2823//2823 2817//2817 2819//2819
f 2823//2823 2819//2819 2821//2821
f 2709//2709 2711//2711 2661//2661
f 2661//2661 2711//2711 2713//2713
f 2661//2661 2713//2713 2659//2659
f 2659//2659 2713//2713 2715//2715
f 2659//2659 2715//2715 2657//2657
f 2803//2803 2805//2805 2797//2797
f 2797//2797 2805//2805 2807//2807
f 2797//2797 2807//2807 2795//2795
f 2795//2795 2807//2807 2809//2809
f 2795//2795 2809//2809 2829//2829
f 2829//2829 2809//2809 2811//2811
f 2829//2829 2811//2811 2827//2827
f 2827//2827 2811//2811 2813//2813
f 2827//2827 2813//2813 2815//2815
f 2767//2767 2657//2657 2765//2765
f 2765//2765 2657//2657 2763//2763
f 2767//2767 2769//2769 2657//2657
f 2657//2657 2769//2769 2771//2771
f 2657//2657 2771//2771 2773//2773
f 2841//2841 2779//2779 2781//2781
f 2835//2835 2837//2837 2787//2787
f 2787//2787 2837//2837 2839//2839
f 2787//2787 2839//2839 2785//2785
f 2785//2785 2839//2839 2841//2841
f 2785//2785 2841//2841 2783//2783
f 2783//2783 2841//2841 2781//2781
f 2773//2773 2775//2775 2657//2657
f 2657//2657 2775//2775 2777//2777
f 2657//2657 2777//2777 2655//2655
f 2655//2655 2777//2777 2779//2779
f 2655//2655 2779//2779 2653//2653
f 2715//2715 2717//2717 2657//2657
f 2657//2657 2717//2717 2719//2719
f 2657//2657 2719//2719 2763//2763
f 2763//2763 2719//2719 2721//2721
f 2763//2763 2721//2721 2723//2723
f 2637//2637 2629//2629 2635//2635
f 2635//2635 2629//2629 2631//2631
f 2635//2635 2631//2631 2633//2633
f 2611//2611 2613//2613 2861//2861
f 2861//2861 2613//2613 2615//2615
f 2861//2861 2615//2615 2859//2859
f 2859//2859 2615//2615 2617//2617
f 2859//2859 2617//2617 2857//2857
f 2653//2653 2779//2779 2651//2651
f 2651//2651 2779//2779 2841//2841
f 2651//2651 2841//2841 2843//2843
f 2843//2843 2845//2845 2651//2651
f 2651//2651 2845//2845 2847//2847
f 2651//2651 2847//2847 2849//2849
f 2851//2851 2853//2853 2643//2643
f 2723//2723 2725//2725 2763//2763
f 2763//2763 2725//2725 2727//2727
f 2763//2763 2727//2727 2729//2729
f 2643//2643 2853//2853 2641//2641
f 2641//2641 2853//2853 2855//2855
f 2641//2641 2855//2855 2639//2639
f 2617//2617 2619//2619 2857//2857
f 2857//2857 2619//2619 2621//2621
f 2857//2857 2621//2621 2855//2855
f 2855//2855 2621//2621 2623//2623
f 2855//2855 2623//2623 2639//2639
f 2639//2639 2623//2623 2625//2625
f 2639//2639 2625//2625 2637//2637
f 2637//2637 2625//2625 2627//2627
f 2637//2637 2627//2627 2629//2629
f 2643//2643 2645//2645 2851//2851
f 2851//2851 2645//2645 2647//2647
f 2851//2851 2647//2647 2849//2849
f 2849//2849 2647//2647 2649//2649
f 2849//2849 2649//2649 2651//2651
f 2763//2763 2755//2755 2761//2761
f 2761//2761 2755//2755 2757//2757
f 2761//2761 2757//2757 2759//2759
f 2737//2737 2739//2739 2735//2735
f 2735//2735 2739//2739 2741//2741
f 2735//2735 2741//2741 2733//2733
f 2733//2733 2741//2741 2743//2743
f 2733//2733 2743//2743 2731//2731
f 2731//2731 2743//2743 2745//2745
f 2745//2745 2747//2747 2731//2731
f 2731//2731 2747//2747 2749//2749
f 2731//2731 2749//2749 2729//2729
f 2729//2729 2749//2749 2751//2751
f 2729//2729 2751//2751 2763//2763
f 2763//2763 2751//2751 2753//2753
f 2763//2763 2753//2753 2755//2755
f 2698//2698 2696//2696 2694//2694
f 2804//2804 2802//2802 2800//2800
f 2824//2824 2822//2822 2820//2820
f 2804//2804 2800//2800 2806//2806
f 2806//2806 2800//2800 2798//2798
f 2806//2806 2798//2798 2808//2808
f 2698//2698 2694//2694 2700//2700
f 2788//2788 2842//2842 2840//2840
f 2636//2636 2634//2634 2632//2632
f 2828//2828 2814//2814 2830//2830
f 2830//2830 2814//2814 2812//2812
f 2824//2824 2820//2820 2826//2826
f 2826//2826 2820//2820 2818//2818
f 2826//2826 2818//2818 2828//2828
f 2828//2828 2818//2818 2816//2816
f 2828//2828 2816//2816 2814//2814
f 2848//2848 2846//2846 2788//2788
f 2788//2788 2846//2846 2844//2844
f 2788//2788 2844//2844 2842//2842
f 2840//2840 2838//2838 2788//2788
f 2788//2788 2838//2838 2836//2836
f 2788//2788 2836//2836 2790//2790
f 2790//2790 2836//2836 2834//2834
f 2790//2790 2834//2834 2792//2792
f 2792//2792 2834//2834 2832//2832
f 2792//2792 2832//2832 2794//2794
f 2794//2794 2832//2832 2830//2830
f 2794//2794 2830//2830 2796//2796
f 2796//2796 2830//2830 2812//2812
f 2796//2796 2812//2812 2798//2798
f 2798//2798 2812//2812 2810//2810
f 2798//2798 2810//2810 2808//2808
f 2718//2718 2716//2716 2662//2662
f 2662//2662 2716//2716 2714//2714
f 2670//2670 2682//2682 2672//2672
f 2672//2672 2682//2682 2680//2680
f 2672//2672 2680//2680 2674//2674
f 2674//2674 2680//2680 2678//2678
f 2674//2674 2678//2678 2676//2676
f 2714//2714 2712//2712 2662//2662
f 2662//2662 2712//2712 2710//2710
f 2662//2662 2710//2710 2664//2664
f 2664//2664 2710//2710 2708//2708
f 2664//2664 2708//2708 2666//2666
f 2666//2666 2708//2708 2706//2706
f 2666//2666 2706//2706 2668//2668
f 2668//2668 2706//2706 2704//2704
f 2668//2668 2704//2704 2702//2702
f 2614//2614 2612//2612 2862//2862
f 2694//2694 2692//2692 2700//2700
f 2700//2700 2692//2692 2690//2690
f 2700//2700 2690//2690 2702//2702
f 2702//2702 2690//2690 2688//2688
f 2702//2702 2688//2688 2668//2668
f 2668//2668 2688//2688 2686//2686
f 2668//2668 2686//2686 2670//2670
f 2670//2670 2686//2686 2684//2684
f 2670//2670 2684//2684 2682//2682
f 2778//2778 2776//2776 2658//2658
f 2658//2658 2776//2776 2774//2774
f 2658//2658 2774//2774 2772//2772
f 2734//2734 2742//2742 2736//2736
f 2736//2736 2742//2742 2740//2740
f 2736//2736 2740//2740 2738//2738
f 2660//2660 2722//2722 2662//2662
f 2662//2662 2722//2722 2720//2720
f 2662//2662 2720//2720 2718//2718
f 2772//2772 2770//2770 2658//2658
f 2658//2658 2770//2770 2768//2768
f 2658//2658 2768//2768 2766//2766
f 2778//2778 2658//2658 2780//2780
f 2780//2780 2658//2658 2656//2656
f 2780//2780 2656//2656 2782//2782
f 2782//2782 2656//2656 2654//2654
f 2782//2782 2654//2654 2784//2784
f 2784//2784 2654//2654 2652//2652
f 2784//2784 2652//2652 2650//2650
f 2650//2650 2648//2648 2784//2784
f 2784//2784 2648//2648 2646//2646
f 2784//2784 2646//2646 2644//2644
f 2726//2726 2766//2766 2728//2728
f 2728//2728 2766//2766 2730//2730
f 2660//2660 2658//2658 2722//2722
f 2722//2722 2658//2658 2766//2766
f 2722//2722 2766//2766 2724//2724
f 2724//2724 2766//2766 2726//2726
f 2644//2644 2642//2642 2784//2784
f 2784//2784 2642//2642 2640//2640
f 2784//2784 2640//2640 2638//2638
f 2624//2624 2622//2622 2858//2858
f 2858//2858 2622//2622 2620//2620
f 2858//2858 2620//2620 2860//2860
f 2860//2860 2620//2620 2618//2618
f 2860//2860 2618//2618 2862//2862
f 2862//2862 2618//2618 2616//2616
f 2862//2862 2616//2616 2614//2614
f 2624//2624 2858//2858 2626//2626
f 2626//2626 2858//2858 2856//2856
f 2626//2626 2856//2856 2628//2628
f 2628//2628 2856//2856 2854//2854
f 2628//2628 2854//2854 2630//2630
f 2630//2630 2854//2854 2852//2852
f 2630//2630 2852//2852 2632//2632
f 2632//2632 2852//2852 2850//2850
f 2632//2632 2850//2850 2848//2848
f 2730//2730 2748//2748 2732//2732
f 2732//2732 2748//2748 2746//2746
f 2732//2732 2746//2746 2734//2734
f 2734//2734 2746//2746 2744//2744
f 2734//2734 2744//2744 2742//2742
f 2788//2788 2786//2786 2848//2848
f 2848//2848 2786//2786 2784//2784
f 2848//2848 2784//2784 2632//2632
f 2632//2632 2784//2784 2638//2638
f 2632//2632 2638//2638 2636//2636
f 2760//2760 2758//2758 2762//2762
f 2762//2762 2758//2758 2756//2756
f 2762//2762 2756//2756 2764//2764
f 2764//2764 2756//2756 2754//2754
f 2764//2764 2754//2754 2766//2766
f 2766//2766 2754//2754 2752//2752
f 2766//2766 2752//2752 2730//2730
f 2730//2730 2752//2752 2750//2750
f 2730//2730 2750//2750 2748//2748
f 2863//2863 2864//2864 2865//2865
f 2866//2866 2867//2867 2868//2868
f 2869//2869 2870//2870 2871//2871
f 2872//2872 2873//2873 2874//2874
f 2875//2875 2876//2876 2877//2877
f 2878//2878 2879//2879 2880//2880
f 2880//2880 2879//2879 2881//2881
f 2880//2880 2881//2881 2882//2882
f 2882//2882 2881//2881 2883//2883
f 2883//2883 2881//2881 2884//2884
f 2883//2883 2884//2884 2885//2885
f 2885//2885 2884//2884 2886//2886
f 2886//2886 2884//2884 2887//2887
f 2886//2886 2887//2887 2888//2888
f 2889//2889 2890//2890 2887//2887
f 2887//2887 2890//2890 2891//2891
f 2887//2887 2891//2891 2888//2888
f 2892//2892 2893//2893 2894//2894
f 2894//2894 2893//2893 2895//2895
f 2894//2894 2895//2895 2889//2889
f 2889//2889 2895//2895 2896//2896
f 2889//2889 2896//2896 2890//2890
f 2892//2892 2894//2894 2897//2897
f 2897//2897 2894//2894 2898//2898
f 2897//2897 2898//2898 2899//2899
f 2899//2899 2898//2898 2900//2900
f 2899//2899 2900//2900 2901//2901
f 2877//2877 2876//2876 2900//2900
f 2900//2900 2876//2876 2902//2902
f 2900//2900 2902//2902 2901//2901
f 2875//2875 2877//2877 2903//2903
f 2903//2903 2877//2877 2904//2904
f 2903//2903 2904//2904 2905//2905
f 2906//2906 2907//2907 2908//2908
f 2908//2908 2909//2909 2906//2906
f 2906//2906 2909//2909 2910//2910
f 2906//2906 2910//2910 2904//2904
f 2904//2904 2910//2910 2911//2911
f 2904//2904 2911//2911 2905//2905
f 2912//2912 2913//2913 2914//2914
f 2914//2914 2913//2913 2915//2915
f 2914//2914 2915//2915 2907//2907
f 2907//2907 2915//2915 2916//2916
f 2907//2907 2916//2916 2908//2908
f 2912//2912 2914//2914 2917//2917
f 2917//2917 2914//2914 2918//2918
f 2917//2917 2918//2918 2919//2919
f 2919//2919 2918//2918 2920//2920
f 2919//2919 2920//2920 2921//2921
f 2874//2874 2873//2873 2920//2920
f 2920//2920 2873//2873 2922//2922
f 2920//2920 2922//2922 2921//2921
f 2872//2872 2874//2874 2923//2923
f 2923//2923 2874//2874 2924//2924
f 2923//2923 2924//2924 2925//2925
f 2926//2926 2927//2927 2928//2928
f 2928//2928 2929//2929 2926//2926
f 2926//2926 2929//2929 2930//2930
f 2926//2926 2930//2930 2924//2924
f 2924//2924 2930//2930 2931//2931
f 2924//2924 2931//2931 2925//2925
f 2932//2932 2933//2933 2934//2934
f 2934//2934 2933//2933 2935//2935
f 2934//2934 2935//2935 2927//2927
f 2927//2927 2935//2935 2936//2936
f 2927//2927 2936//2936 2928//2928
f 2932//2932 2934//2934 2937//2937
f 2937//2937 2934//2934 2938//2938
f 2937//2937 2938//2938 2939//2939
f 2939//2939 2938//2938 2940//2940
f 2939//2939 2940//2940 2941//2941
f 2871//2871 2870//2870 2940//2940
f 2940//2940 2870//2870 2942//2942
f 2940//2940 2942//2942 2941//2941
f 2869//2869 2871//2871 2943//2943
f 2943//2943 2871//2871 2944//2944
f 2943//2943 2944//2944 2945//2945
f 2946//2946 2947//2947 2948//2948
f 2948//2948 2949//2949 2946//2946
f 2946//2946 2949//2949 2950//2950
f 2946//2946 2950//2950 2944//2944
f 2944//2944 2950//2950 2951//2951
f 2944//2944 2951//2951 2945//2945
f 2952//2952 2953//2953 2954//2954
f 2954//2954 2953//2953 2955//2955
f 2954//2954 2955//2955 2947//2947
f 2947//2947 2955//2955 2956//2956
f 2947//2947 2956//2956 2948//2948
f 2952//2952 2954//2954 2957//2957
f 2957//2957 2954//2954 2958//2958
f 2957//2957 2958//2958 2959//2959
f 2959//2959 2958//2958 2960//2960
f 2959//2959 2960//2960 2961//2961
f 2868//2868 2867//2867 2960//2960
f 2960//2960 2867//2867 2962//2962
f 2960//2960 2962//2962 2961//2961
f 2866//2866 2868//2868 2963//2963
f 2963//2963 2868//2868 2964//2964
f 2963//2963 2964//2964 2965//2965
f 2966//2966 2967//2967 2968//2968
f 2968//2968 2969//2969 2966//2966
f 2966//2966 2969//2969 2970//2970
f 2966//2966 2970//2970 2964//2964
f 2964//2964 2970//2970 2971//2971
f 2964//2964 2971//2971 2965//2965
f 2972//2972 2973//2973 2974//2974
f 2974//2974 2973//2973 2975//2975
f 2974//2974 2975//2975 2967//2967
f 2967//2967 2975//2975 2976//2976
f 2967//2967 2976//2976 2968//2968
f 2972//2972 2974//2974 2977//2977
f 2977//2977 2974//2974 2978//2978
f 2977//2977 2978//2978 2979//2979
f 2979//2979 2978//2978 2980//2980
f 2979//2979 2980//2980 2981//2981
f 2865//2865 2864//2864 2980//2980
f 2980//2980 2864//2864 2982//2982
f 2980//2980 2982//2982 2981//2981
f 2863//2863 2865//2865 2983//2983
f 2983//2983 2865//2865 2984//2984
f 2983//2983 2984//2984 2985//2985
f 2985//2985 2984//2984 2986//2986
f 2986//2986 2984//2984 2987//2987
f 2986//2986 2987//2987 2988//2988
f 2989//2989 2990//2990 2991//2991
f 2989//2989 2991//2991 2987//2987
f 2987//2987 2991//2991 2992//2992
f 2987//2987 2992//2992 2988//2988
f 2990//2990 2989//2989 2993//2993
f 2993//2993 2989//2989 2994//2994
f 2993//2993 2994//2994 2995//2995
f 2878//2878 2996//2996 2879//2879
f 2879//2879 2996//2996 2997//2997
f 2879//2879 2997//2997 2998//2998
f 2998//2998 2997//2997 2999//2999
f 2998//2998 2999//2999 2994//2994
f 2994//2994 2999//2999 3000//3000
f 2994//2994 3000//3000 2995//2995
f 2941//2941 2942//2942 3001//3001
f 2870//2870 2869//2869 3002//3002
f 2945//2945 2951//2951 3003//3003
f 2956//2956 2955//2955 3004//3004
f 2961//2961 2962//2962 3005//3005
f 2867//2867 2866//2866 3006//3006
f 2965//2965 2971//2971 3007//3007
f 2976//2976 2975//2975 3008//3008
f 2981//2981 2982//2982 3009//3009
f 2864//2864 2863//2863 3010//3010
f 2985//2985 2986//2986 3011//3011
f 2990//2990 2993//2993 3012//3012
f 2996//2996 2878//2878 3013//3013
f 2880//2880 2882//2882 3014//3014
f 2885//2885 2886//2886 3015//3015
f 2896//2896 2895//2895 3016//3016
f 2901//2901 2902//2902 3017//3017
f 2876//2876 2875//2875 3018//3018
f 2905//2905 2911//2911 3019//3019
f 2916//2916 2915//2915 3020//3020
f 2921//2921 2922//2922 3021//3021
f 2873//2873 2872//2872 3022//3022
f 2925//2925 2931//2931 3023//3023
f 2936//2936 2935//2935 3024//3024
f 3025//3025 3026//3026 3027//3027
f 3028//3028 3029//3029 3030//3030
f 3031//3031 3032//3032 3033//3033
f 3034//3034 3035//3035 3036//3036
f 3037//3037 3038//3038 3039//3039
f 3040//3040 3041//3041 3042//3042
f 3043//3043 3044//3044 3045//3045
f 3046//3046 3047//3047 3048//3048
f 3049//3049 3050//3050 3051//3051
f 3052//3052 3053//3053 3054//3054
f 3055//3055 3056//3056 3057//3057
f 3058//3058 3059//3059 3060//3060
f 3061//3061 3062//3062 3063//3063
f 3064//3064 3065//3065 3066//3066
f 3067//3067 3068//3068 3069//3069
f 3070//3070 3071//3071 3072//3072
f 3073//3073 3074//3074 3075//3075
f 3076//3076 3077//3077 3078//3078
f 3079//3079 3080//3080 3081//3081
f 3082//3082 3083//3083 3084//3084
f 3085//3085 3086//3086 3087//3087
f 3088//3088 3089//3089 3090//3090
f 3091//3091 3092//3092 3093//3093
f 3094//3094 3095//3095 3096//3096
f 3097//3097 3098//3098 3099//3099
f 3100//3100 3101//3101 3102//3102
f 3103//3103 3104//3104 3105//3105
f 3106//3106 3107//3107 3108//3108
f 3106//3106 3108//3108 3109//3109
f 3103//3103 3105//3105 3110//3110
f 3091//3091 3093//3093 3111//3111
f 3079//3079 3081//3081 3112//3112
f 3076//3076 3078//3078 3113//3113
f 3064//3064 3066//3066 3114//3114
f 3061//3061 3063//3063 3115//3115
f 3049//3049 3051//3051 3116//3116
f 3037//3037 3039//3039 3117//3117
f 3034//3034 3036//3036 3118//3118
f 3024//3024 3119//3119 3120//3120
f 3120//3120 3119//3119 3121//3121
f 3120//3120 3121//3121 3122//3122
f 3122//3122 3121//3121 3123//3123
f 3122//3122 3123//3123 3124//3124
f 3124//3124 3123//3123 3125//3125
f 3124//3124 3125//3125 3126//3126
f 3126//3126 3125//3125 3127//3127
f 3126//3126 3127//3127 3128//3128
f 3128//3128 3127//3127 3129//3129
f 3128//3128 3129//3129 3130//3130
f 3130//3130 3129//3129 3131//3131
f 3130//3130 3131//3131 3132//3132
f 3132//3132 3131//3131 3133//3133
f 3132//3132 3133//3133 3134//3134
f 3134//3134 3133//3133 3135//3135
f 3134//3134 3135//3135 3136//3136
f 3136//3136 3135//3135 3137//3137
f 3136//3136 3137//3137 3138//3138
f 3138//3138 3137//3137 3139//3139
f 3138//3138 3139//3139 3140//3140
f 3140//3140 3139//3139 3141//3141
f 3140//3140 3141//3141 3142//3142
f 3142//3142 3141//3141 3143//3143
f 3142//3142 3143//3143 3144//3144
f 3144//3144 3143//3143 3145//3145
f 3144//3144 3145//3145 3108//3108
f 3108//3108 3145//3145 3146//3146
f 3108//3108 3146//3146 3109//3109
f 3147//3147 3110//3110 3148//3148
f 3148//3148 3110//3110 3105//3105
f 3148//3148 3105//3105 3149//3149
f 3149//3149 3105//3105 3150//3150
f 3149//3149 3150//3150 3151//3151
f 3151//3151 3150//3150 3152//3152
f 3151//3151 3152//3152 3153//3153
f 3153//3153 3152//3152 3154//3154
f 3153//3153 3154//3154 3155//3155
f 3155//3155 3154//3154 3156//3156
f 3155//3155 3156//3156 3157//3157
f 3157//3157 3156//3156 3158//3158
f 3157//3157 3158//3158 3159//3159
f 3159//3159 3158//3158 3160//3160
f 3159//3159 3160//3160 3161//3161
f 3161//3161 3160//3160 3162//3162
f 3161//3161 3162//3162 3163//3163
f 3163//3163 3162//3162 3164//3164
f 3163//3163 3164//3164 3165//3165
f 3165//3165 3164//3164 3166//3166
f 3165//3165 3166//3166 3167//3167
f 3167//3167 3166//3166 3168//3168
f 3167//3167 3168//3168 3169//3169
f 3169//3169 3168//3168 3170//3170
f 3169//3169 3170//3170 3171//3171
f 3171//3171 3170//3170 3172//3172
f 3171//3171 3172//3172 3173//3173
f 3173//3173 3172//3172 3174//3174
f 3173//3173 3174//3174 3175//3175
f 3175//3175 3174//3174 3023//3023
f 3176//3176 3177//3177 3178//3178
f 3178//3178 3177//3177 3179//3179
f 3178//3178 3179//3179 3180//3180
f 3180//3180 3179//3179 3181//3181
f 3180//3180 3181//3181 3182//3182
f 3182//3182 3181//3181 3183//3183
f 3182//3182 3183//3183 3184//3184
f 3184//3184 3183//3183 3185//3185
f 3184//3184 3185//3185 3186//3186
f 3186//3186 3185//3185 3187//3187
f 3186//3186 3187//3187 3188//3188
f 3188//3188 3187//3187 3189//3189
f 3188//3188 3189//3189 3190//3190
f 3190//3190 3189//3189 3191//3191
f 3190//3190 3191//3191 3192//3192
f 3192//3192 3191//3191 3193//3193
f 3192//3192 3193//3193 3194//3194
f 3194//3194 3193//3193 3195//3195
f 3194//3194 3195//3195 3196//3196
f 3196//3196 3195//3195 3197//3197
f 3196//3196 3197//3197 3198//3198
f 3198//3198 3197//3197 3199//3199
f 3198//3198 3199//3199 3200//3200
f 3200//3200 3199//3199 3201//3201
f 3200//3200 3201//3201 3202//3202
f 3202//3202 3201//3201 3203//3203
f 3202//3202 3203//3203 3204//3204
f 3204//3204 3203//3203 3205//3205
f 3204//3204 3205//3205 3206//3206
f 3206//3206 3205//3205 3020//3020
f 3207//3207 3088//3088 3208//3208
f 3208//3208 3088//3088 3090//3090
f 3208//3208 3090//3090 3209//3209
f 3209//3209 3090//3090 3210//3210
f 3209//3209 3210//3210 3211//3211
f 3211//3211 3210//3210 3212//3212
f 3211//3211 3212//3212 3213//3213
f 3213//3213 3212//3212 3214//3214
f 3213//3213 3214//3214 3215//3215
f 3215//3215 3214//3214 3216//3216
f 3215//3215 3216//3216 3217//3217
f 3217//3217 3216//3216 3218//3218
f 3217//3217 3218//3218 3219//3219
f 3219//3219 3218//3218 3220//3220
f 3219//3219 3220//3220 3221//3221
f 3221//3221 3220//3220 3222//3222
f 3221//3221 3222//3222 3223//3223
f 3223//3223 3222//3222 3224//3224
f 3223//3223 3224//3224 3225//3225
f 3225//3225 3224//3224 3226//3226
f 3225//3225 3226//3226 3227//3227
f 3227//3227 3226//3226 3228//3228
f 3227//3227 3228//3228 3229//3229
f 3229//3229 3228//3228 3230//3230
f 3229//3229 3230//3230 3231//3231
f 3231//3231 3230//3230 3232//3232
f 3231//3231 3232//3232 3233//3233
f 3233//3233 3232//3232 3234//3234
f 3233//3233 3234//3234 3235//3235
f 3235//3235 3234//3234 3019//3019
f 3080//3080 3236//3236 3081//3081
f 3081//3081 3236//3236 3237//3237
f 3081//3081 3237//3237 3238//3238
f 3238//3238 3237//3237 3239//3239
f 3238//3238 3239//3239 3240//3240
f 3240//3240 3239//3239 3241//3241
f 3240//3240 3241//3241 3242//3242
f 3242//3242 3241//3241 3243//3243
f 3242//3242 3243//3243 3244//3244
f 3244//3244 3243//3243 3245//3245
f 3244//3244 3245//3245 3246//3246
f 3246//3246 3245//3245 3247//3247
f 3246//3246 3247//3247 3248//3248
f 3248//3248 3247//3247 3249//3249
f 3248//3248 3249//3249 3250//3250
f 3250//3250 3249//3249 3251//3251
f 3250//3250 3251//3251 3252//3252
f 3252//3252 3251//3251 3253//3253
f 3252//3252 3253//3253 3254//3254
f 3254//3254 3253//3253 3255//3255
f 3254//3254 3255//3255 3256//3256
f 3256//3256 3255//3255 3257//3257
f 3256//3256 3257//3257 3258//3258
f 3258//3258 3257//3257 3259//3259
f 3258//3258 3259//3259 3260//3260
f 3260//3260 3259//3259 3261//3261
f 3260//3260 3261//3261 3262//3262
f 3262//3262 3261//3261 3263//3263
f 3262//3262 3263//3263 3264//3264
f 3264//3264 3263//3263 3016//3016
f 3077//3077 3265//3265 3078//3078
f 3078//3078 3265//3265 3266//3266
f 3078//3078 3266//3266 3267//3267
f 3267//3267 3266//3266 3268//3268
f 3267//3267 3268//3268 3269//3269
f 3269//3269 3268//3268 3270//3270
f 3269//3269 3270//3270 3271//3271
f 3271//3271 3270//3270 3272//3272
f 3271//3271 3272//3272 3273//3273
f 3273//3273 3272//3272 3274//3274
f 3273//3273 3274//3274 3275//3275
f 3275//3275 3274//3274 3276//3276
f 3275//3275 3276//3276 3277//3277
f 3277//3277 3276//3276 3278//3278
f 3277//3277 3278//3278 3279//3279
f 3279//3279 3278//3278 3280//3280
f 3279//3279 3280//3280 3281//3281
f 3281//3281 3280//3280 3282//3282
f 3281//3281 3282//3282 3283//3283
f 3283//3283 3282//3282 3284//3284
f 3283//3283 3284//3284 3285//3285
f 3285//3285 3284//3284 3286//3286
f 3285//3285 3286//3286 3287//3287
f 3287//3287 3286//3286 3288//3288
f 3287//3287 3288//3288 3289//3289
f 3289//3289 3288//3288 3290//3290
f 3289//3289 3290//3290 3291//3291
f 3291//3291 3290//3290 3292//3292
f 3291//3291 3292//3292 3293//3293
f 3293//3293 3292//3292 3015//3015
f 3012//3012 3294//3294 3295//3295
f 3295//3295 3294//3294 3296//3296
f 3295//3295 3296//3296 3297//3297
f 3297//3297 3296//3296 3298//3298
f 3297//3297 3298//3298 3299//3299
f 3299//3299 3298//3298 3300//3300
f 3299//3299 3300//3300 3301//3301
f 3301//3301 3300//3300 3302//3302
f 3301//3301 3302//3302 3303//3303
f 3303//3303 3302//3302 3304//3304
f 3303//3303 3304//3304 3305//3305
f 3305//3305 3304//3304 3306//3306
f 3305//3305 3306//3306 3307//3307
f 3307//3307 3306//3306 3308//3308
f 3307//3307 3308//3308 3309//3309
f 3309//3309 3308//3308 3310//3310
f 3309//3309 3310//3310 3311//3311
f 3311//3311 3310//3310 3312//3312
f 3311//3311 3312//3312 3313//3313
f 3313//3313 3312//3312 3314//3314
f 3313//3313 3314//3314 3315//3315
f 3315//3315 3314//3314 3316//3316
f 3315//3315 3316//3316 3317//3317
f 3317//3317 3316//3316 3318//3318
f 3317//3317 3318//3318 3319//3319
f 3319//3319 3318//3318 3320//3320
f 3319//3319 3320//3320 3066//3066
f 3066//3066 3320//3320 3321//3321
f 3066//3066 3321//3321 3114//3114
f 3322//3322 3115//3115 3323//3323
f 3323//3323 3115//3115 3063//3063
f 3323//3323 3063//3063 3324//3324
f 3324//3324 3063//3063 3325//3325
f 3324//3324 3325//3325 3326//3326
f 3326//3326 3325//3325 3327//3327
f 3326//3326 3327//3327 3328//3328
f 3328//3328 3327//3327 3329//3329
f 3328//3328 3329//3329 3330//3330
f 3330//3330 3329//3329 3331//3331
f 3330//3330 3331//3331 3332//3332
f 3332//3332 3331//3331 3333//3333
f 3332//3332 3333//3333 3334//3334
f 3334//3334 3333//3333 3335//3335
f 3334//3334 3335//3335 3336//3336
f 3336//3336 3335//3335 3337//3337
f 3336//3336 3337//3337 3338//3338
f 3338//3338 3337//3337 3339//3339
f 3338//3338 3339//3339 3340//3340
f 3340//3340 3339//3339 3341//3341
f 3340//3340 3341//3341 3342//3342
f 3342//3342 3341//3341 3343//3343
f 3342//3342 3343//3343 3344//3344
f 3344//3344 3343//3343 3345//3345
f 3344//3344 3345//3345 3346//3346
f 3346//3346 3345//3345 3347//3347
f 3346//3346 3347//3347 3348//3348
f 3348//3348 3347//3347 3349//3349
f 3348//3348 3349//3349 3350//3350
f 3350//3350 3349//3349 3011//3011
f 3351//3351 3352//3352 3353//3353
f 3353//3353 3352//3352 3354//3354
f 3353//3353 3354//3354 3355//3355
f 3355//3355 3354//3354 3356//3356
f 3355//3355 3356//3356 3357//3357
f 3357//3357 3356//3356 3358//3358
f 3357//3357 3358//3358 3359//3359
f 3359//3359 3358//3358 3360//3360
f 3359//3359 3360//3360 3361//3361
f 3361//3361 3360//3360 3362//3362
f 3361//3361 3362//3362 3363//3363
f 3363//3363 3362//3362 3364//3364
f 3363//3363 3364//3364 3365//3365
f 3365//3365 3364//3364 3366//3366
f 3365//3365 3366//3366 3367//3367
f 3367//3367 3366//3366 3368//3368
f 3367//3367 3368//3368 3369//3369
f 3369//3369 3368//3368 3370//3370
f 3369//3369 3370//3370 3371//3371
f 3371//3371 3370//3370 3372//3372
f 3371//3371 3372//3372 3373//3373
f 3373//3373 3372//3372 3374//3374
f 3373//3373 3374//3374 3375//3375
f 3375//3375 3374//3374 3376//3376
f 3375//3375 3376//3376 3377//3377
f 3377//3377 3376//3376 3378//3378
f 3377//3377 3378//3378 3379//3379
f 3379//3379 3378//3378 3380//3380
f 3379//3379 3380//3380 3381//3381
f 3381//3381 3380//3380 3008//3008
f 3382//3382 3046//3046 3383//3383
f 3383//3383 3046//3046 3048//3048
f 3383//3383 3048//3048 3384//3384
f 3384//3384 3048//3048 3385//3385
f 3384//3384 3385//3385 3386//3386
f 3386//3386 3385//3385 3387//3387
f 3386//3386 3387//3387 3388//3388
f 3388//3388 3387//3387 3389//3389
f 3388//3388 3389//3389 3390//3390
f 3390//3390 3389//3389 3391//3391
f 3390//3390 3391//3391 3392//3392
f 3392//3392 3391//3391 3393//3393
f 3392//3392 3393//3393 3394//3394
f 3394//3394 3393//3393 3395//3395
f 3394//3394 3395//3395 3396//3396
f 3396//3396 3395//3395 3397//3397
f 3396//3396 3397//3397 3398//3398
f 3398//3398 3397//3397 3399//3399
f 3398//3398 3399//3399 3400//3400
f 3400//3400 3399//3399 3401//3401
f 3400//3400 3401//3401 3402//3402
f 3402//3402 3401//3401 3403//3403
f 3402//3402 3403//3403 3404//3404
f 3404//3404 3403//3403 3405//3405
f 3404//3404 3405//3405 3406//3406
f 3406//3406 3405//3405 3407//3407
f 3406//3406 3407//3407 3408//3408
f 3408//3408 3407//3407 3409//3409
f 3408//3408 3409//3409 3410//3410
f 3410//3410 3409//3409 3007//3007
f 3038//3038 3411//3411 3039//3039
f 3039//3039 3411//3411 3412//3412
f 3039//3039 3412//3412 3413//3413
f 3413//3413 3412//3412 3414//3414
f 3413//3413 3414//3414 3415//3415
f 3415//3415 3414//3414 3416//3416
f 3415//3415 3416//3416 3417//3417
f 3417//3417 3416//3416 3418//3418
f 3417//3417 3418//3418 3419//3419
f 3419//3419 3418//3418 3420//3420
f 3419//3419 3420//3420 3421//3421
f 3421//3421 3420//3420 3422//3422
f 3421//3421 3422//3422 3423//3423
f 3423//3423 3422//3422 3424//3424
f 3423//3423 3424//3424 3425//3425
f 3425//3425 3424//3424 3426//3426
f 3425//3425 3426//3426 3427//3427
f 3427//3427 3426//3426 3428//3428
f 3427//3427 3428//3428 3429//3429
f 3429//3429 3428//3428 3430//3430
f 3429//3429 3430//3430 3431//3431
f 3431//3431 3430//3430 3432//3432
f 3431//3431 3432//3432 3433//3433
f 3433//3433 3432//3432 3434//3434
f 3433//3433 3434//3434 3435//3435
f 3435//3435 3434//3434 3436//3436
f 3435//3435 3436//3436 3437//3437
f 3437//3437 3436//3436 3438//3438
f 3437//3437 3438//3438 3439//3439
f 3439//3439 3438//3438 3004//3004
f 3035//3035 3440//3440 3036//3036
f 3036//3036 3440//3440 3441//3441
f 3036//3036 3441//3441 3442//3442
f 3442//3442 3441//3441 3443//3443
f 3442//3442 3443//3443 3444//3444
f 3444//3444 3443//3443 3445//3445
f 3444//3444 3445//3445 3446//3446
f 3446//3446 3445//3445 3447//3447
f 3446//3446 3447//3447 3448//3448
f 3448//3448 3447//3447 3449//3449
f 3448//3448 3449//3449 3450//3450
f 3450//3450 3449//3449 3451//3451
f 3450//3450 3451//3451 3452//3452
f 3452//3452 3451//3451 3453//3453
f 3452//3452 3453//3453 3454//3454
f 3454//3454 3453//3453 3455//3455
f 3454//3454 3455//3455 3456//3456
f 3456//3456 3455//3455 3457//3457
f 3456//3456 3457//3457 3458//3458
f 3458//3458 3457//3457 3459//3459
f 3458//3458 3459//3459 3460//3460
f 3460//3460 3459//3459 3461//3461
f 3460//3460 3461//3461 3462//3462
f 3462//3462 3461//3461 3463//3463
f 3462//3462 3463//3463 3464//3464
f 3464//3464 3463//3463 3465//3465
f 3464//3464 3465//3465 3466//3466
f 3466//3466 3465//3465 3467//3467
f 3466//3466 3467//3467 3468//3468
f 3468//3468 3467//3467 3003//3003
f 3469//3469 3109//3109 3470//3470
f 3470//3470 3109//3109 3146//3146
f 3470//3470 3146//3146 3471//3471
f 3471//3471 3146//3146 3145//3145
f 3471//3471 3145//3145 3472//3472
f 3472//3472 3145//3145 3143//3143
f 3472//3472 3143//3143 3473//3473
f 3473//3473 3143//3143 3141//3141
f 3473//3473 3141//3141 3474//3474
f 3474//3474 3141//3141 3139//3139
f 3474//3474 3139//3139 3475//3475
f 3475//3475 3139//3139 3137//3137
f 3475//3475 3137//3137 3476//3476
f 3476//3476 3137//3137 3135//3135
f 3476//3476 3135//3135 3477//3477
f 3477//3477 3135//3135 3133//3133
f 3477//3477 3133//3133 3478//3478
f 3478//3478 3133//3133 3131//3131
f 3478//3478 3131//3131 3479//3479
f 3479//3479 3131//3131 3129//3129
f 3479//3479 3129//3129 3480//3480
f 3480//3480 3129//3129 3127//3127
f 3480//3480 3127//3127 3481//3481
f 3481//3481 3127//3127 3125//3125
f 3481//3481 3125//3125 3482//3482
f 3482//3482 3125//3125 3123//3123
f 3482//3482 3123//3123 3483//3483
f 3483//3483 3123//3123 3121//3121
f 3483//3483 3121//3121 3484//3484
f 3484//3484 3121//3121 3119//3119
f 3484//3484 3119//3119 2937//2937
f 2937//2937 3119//3119 2932//2932
f 3024//3024 2935//2935 3119//3119
f 3119//3119 2935//2935 2933//2933
f 3119//3119 2933//2933 2932//2932
f 2928//2928 2936//2936 3485//3485
f 3485//3485 2936//2936 3024//3024
f 3485//3485 3024//3024 3486//3486
f 3486//3486 3024//3024 3120//3120
f 3486//3486 3120//3120 3487//3487
f 3487//3487 3120//3120 3122//3122
f 3487//3487 3122//3122 3488//3488
f 3488//3488 3122//3122 3124//3124
f 3488//3488 3124//3124 3489//3489
f 3489//3489 3124//3124 3126//3126
f 3489//3489 3126//3126 3490//3490
f 3490//3490 3126//3126 3128//3128
f 3490//3490 3128//3128 3491//3491
f 3491//3491 3128//3128 3130//3130
f 3491//3491 3130//3130 3492//3492
f 3492//3492 3130//3130 3132//3132
f 3492//3492 3132//3132 3493//3493
f 3493//3493 3132//3132 3134//3134
f 3493//3493 3134//3134 3494//3494
f 3494//3494 3134//3134 3136//3136
f 3494//3494 3136//3136 3495//3495
f 3495//3495 3136//3136 3138//3138
f 3495//3495 3138//3138 3496//3496
f 3496//3496 3138//3138 3140//3140
f 3496//3496 3140//3140 3497//3497
f 3497//3497 3140//3140 3142//3142
f 3497//3497 3142//3142 3498//3498
f 3498//3498 3142//3142 3144//3144
f 3498//3498 3144//3144 3499//3499
f 3499//3499 3144//3144 3108//3108
f 3499//3499 3108//3108 3500//3500
f 3500//3500 3108//3108 3107//3107
f 3500//3500 3147//3147 3499//3499
f 3499//3499 3147//3147 3148//3148
f 3499//3499 3148//3148 3498//3498
f 3498//3498 3148//3148 3149//3149
f 3498//3498 3149//3149 3497//3497
f 3497//3497 3149//3149 3151//3151
f 3497//3497 3151//3151 3496//3496
f 3496//3496 3151//3151 3153//3153
f 3496//3496 3153//3153 3495//3495
f 3495//3495 3153//3153 3155//3155
f 3495//3495 3155//3155 3494//3494
f 3494//3494 3155//3155 3157//3157
f 3494//3494 3157//3157 3493//3493
f 3493//3493 3157//3157 3159//3159
f 3493//3493 3159//3159 3492//3492
f 3492//3492 3159//3159 3161//3161
f 3492//3492 3161//3161 3491//3491
f 3491//3491 3161//3161 3163//3163
f 3491//3491 3163//3163 3490//3490
f 3490//3490 3163//3163 3165//3165
f 3490//3490 3165//3165 3489//3489
f 3489//3489 3165//3165 3167//3167
f 3489//3489 3167//3167 3488//3488
f 3488//3488 3167//3167 3169//3169
f 3488//3488 3169//3169 3487//3487
f 3487//3487 3169//3169 3171//3171
f 3487//3487 3171//3171 3486//3486
f 3486//3486 3171//3171 3173//3173
f 3486//3486 3173//3173 3485//3485
f 3485//3485 3173//3173 3175//3175
f 3485//3485 3175//3175 2928//2928
f 2928//2928 3175//3175 2929//2929
f 3023//3023 2931//2931 3175//3175
f 3175//3175 2931//2931 2930//2930
f 3175//3175 2930//2930 2929//2929
f 2923//2923 2925//2925 3501//3501
f 3501//3501 2925//2925 3023//3023
f 3501//3501 3023//3023 3502//3502
f 3502//3502 3023//3023 3174//3174
f 3502//3502 3174//3174 3503//3503
f 3503//3503 3174//3174 3172//3172
f 3503//3503 3172//3172 3504//3504
f 3504//3504 3172//3172 3170//3170
f 3504//3504 3170//3170 3505//3505
f 3505//3505 3170//3170 3168//3168
f 3505//3505 3168//3168 3506//3506
f 3506//3506 3168//3168 3166//3166
f 3506//3506 3166//3166 3507//3507
f 3507//3507 3166//3166 3164//3164
f 3507//3507 3164//3164 3508//3508
f 3508//3508 3164//3164 3162//3162
f 3508//3508 3162//3162 3509//3509
f 3509//3509 3162//3162 3160//3160
f 3509//3509 3160//3160 3510//3510
f 3510//3510 3160//3160 3158//3158
f 3510//3510 3158//3158 3511//3511
f 3511//3511 3158//3158 3156//3156
f 3511//3511 3156//3156 3512//3512
f 3512//3512 3156//3156 3154//3154
f 3512//3512 3154//3154 3513//3513
f 3513//3513 3154//3154 3152//3152
f 3513//3513 3152//3152 3514//3514
f 3514//3514 3152//3152 3150//3150
f 3514//3514 3150//3150 3515//3515
f 3515//3515 3150//3150 3105//3105
f 3515//3515 3105//3105 3516//3516
f 3516//3516 3105//3105 3104//3104
f 3516//3516 3100//3100 3515//3515
f 3515//3515 3100//3100 3102//3102
f 3515//3515 3102//3102 3514//3514
f 3514//3514 3102//3102 3517//3517
f 3514//3514 3517//3517 3513//3513
f 3513//3513 3517//3517 3518//3518
f 3513//3513 3518//3518 3512//3512
f 3512//3512 3518//3518 3519//3519
f 3512//3512 3519//3519 3511//3511
f 3511//3511 3519//3519 3520//3520
f 3511//3511 3520//3520 3510//3510
f 3510//3510 3520//3520 3521//3521
f 3510//3510 3521//3521 3509//3509
f 3509//3509 3521//3521 3522//3522
f 3509//3509 3522//3522 3508//3508
f 3508//3508 3522//3522 3523//3523
f 3508//3508 3523//3523 3507//3507
f 3507//3507 3523//3523 3524//3524
f 3507//3507 3524//3524 3506//3506
f 3506//3506 3524//3524 3525//3525
f 3506//3506 3525//3525 3505//3505
f 3505//3505 3525//3525 3526//3526
f 3505//3505 3526//3526 3504//3504
f 3504//3504 3526//3526 3527//3527
f 3504//3504 3527//3527 3503//3503
f 3503//3503 3527//3527 3528//3528
f 3503//3503 3528//3528 3502//3502
f 3502//3502 3528//3528 3529//3529
f 3502//3502 3529//3529 3501//3501
f 3501//3501 3529//3529 3022//3022
f 3501//3501 3022//3022 2923//2923
f 2923//2923 3022//3022 2872//2872
f 2922//2922 2873//2873 3021//3021
f 3021//3021 2873//2873 3022//3022
f 3021//3021 3022//3022 3530//3530
f 3530//3530 3022//3022 3529//3529
f 3530//3530 3529//3529 3531//3531
f 3531//3531 3529//3529 3528//3528
f 3531//3531 3528//3528 3532//3532
f 3532//3532 3528//3528 3527//3527
f 3532//3532 3527//3527 3533//3533
f 3533//3533 3527//3527 3526//3526
f 3533//3533 3526//3526 3534//3534
f 3534//3534 3526//3526 3525//3525
f 3534//3534 3525//3525 3535//3535
f 3535//3535 3525//3525 3524//3524
f 3535//3535 3524//3524 3536//3536
f 3536//3536 3524//3524 3523//3523
f 3536//3536 3523//3523 3537//3537
f 3537//3537 3523//3523 3522//3522
f 3537//3537 3522//3522 3538//3538
f 3538//3538 3522//3522 3521//3521
f 3538//3538 3521//3521 3539//3539
f 3539//3539 3521//3521 3520//3520
f 3539//3539 3520//3520 3540//3540
f 3540//3540 3520//3520 3519//3519
f 3540//3540 3519//3519 3541//3541
f 3541//3541 3519//3519 3518//3518
f 3541//3541 3518//3518 3542//3542
f 3542//3542 3518//3518 3517//3517
f 3542//3542 3517//3517 3099//3099
f 3099//3099 3517//3517 3102//3102
f 3099//3099 3102//3102 3097//3097
f 3097//3097 3102//3102 3101//3101
f 2919//2919 2921//2921 3543//3543
f 3543//3543 2921//2921 3021//3021
f 3543//3543 3021//3021 3544//3544
f 3544//3544 3021//3021 3530//3530
f 3544//3544 3530//3530 3545//3545
f 3545//3545 3530//3530 3531//3531
f 3545//3545 3531//3531 3546//3546
f 3546//3546 3531//3531 3532//3532
f 3546//3546 3532//3532 3547//3547
f 3547//3547 3532//3532 3533//3533
f 3547//3547 3533//3533 3548//3548
f 3548//3548 3533//3533 3534//3534
f 3548//3548 3534//3534 3549//3549
f 3549//3549 3534//3534 3535//3535
f 3549//3549 3535//3535 3550//3550
f 3550//3550 3535//3535 3536//3536
f 3550//3550 3536//3536 3551//3551
f 3551//3551 3536//3536 3537//3537
f 3551//3551 3537//3537 3552//3552
f 3552//3552 3537//3537 3538//3538
f 3552//3552 3538//3538 3553//3553
f 3553//3553 3538//3538 3539//3539
f 3553//3553 3539//3539 3554//3554
f 3554//3554 3539//3539 3540//3540
f 3554//3554 3540//3540 3555//3555
f 3555//3555 3540//3540 3541//3541
f 3555//3555 3541//3541 3556//3556
f 3556//3556 3541//3541 3542//3542
f 3556//3556 3542//3542 3557//3557
f 3557//3557 3542//3542 3099//3099
f 3557//3557 3099//3099 3558//3558
f 3558//3558 3099//3099 3098//3098
f 3558//3558 3094//3094 3557//3557
f 3557//3557 3094//3094 3096//3096
f 3557//3557 3096//3096 3556//3556
f 3556//3556 3096//3096 3559//3559
f 3556//3556 3559//3559 3555//3555
f 3555//3555 3559//3559 3560//3560
f 3555//3555 3560//3560 3554//3554
f 3554//3554 3560//3560 3561//3561
f 3554//3554 3561//3561 3553//3553
f 3553//3553 3561//3561 3562//3562
f 3553//3553 3562//3562 3552//3552
f 3552//3552 3562//3562 3563//3563
f 3552//3552 3563//3563 3551//3551
f 3551//3551 3563//3563 3564//3564
f 3551//3551 3564//3564 3550//3550
f 3550//3550 3564//3564 3565//3565
f 3550//3550 3565//3565 3549//3549
f 3549//3549 3565//3565 3566//3566
f 3549//3549 3566//3566 3548//3548
f 3548//3548 3566//3566 3567//3567
f 3548//3548 3567//3567 3547//3547
f 3547//3547 3567//3567 3568//3568
f 3547//3547 3568//3568 3546//3546
f 3546//3546 3568//3568 3569//3569
f 3546//3546 3569//3569 3545//3545
f 3545//3545 3569//3569 3570//3570
f 3545//3545 3570//3570 3544//3544
f 3544//3544 3570//3570 3571//3571
f 3544//3544 3571//3571 3543//3543
f 3543//3543 3571//3571 3572//3572
f 3543//3543 3572//3572 2919//2919
f 2919//2919 3572//3572 2917//2917
f 3095//3095 3176//3176 3096//3096
f 3096//3096 3176//3176 3178//3178
f 3096//3096 3178//3178 3559//3559
f 3559//3559 3178//3178 3180//3180
f 3559//3559 3180//3180 3560//3560
f 3560//3560 3180//3180 3182//3182
f 3560//3560 3182//3182 3561//3561
f 3561//3561 3182//3182 3184//3184
f 3561//3561 3184//3184 3562//3562
f 3562//3562 3184//3184 3186//3186
f 3562//3562 3186//3186 3563//3563
f 3563//3563 3186//3186 3188//3188
f 3563//3563 3188//3188 3564//3564
f 3564//3564 3188//3188 3190//3190
f 3564//3564 3190//3190 3565//3565
f 3565//3565 3190//3190 3192//3192
f 3565//3565 3192//3192 3566//3566
f 3566//3566 3192//3192 3194//3194
f 3566//3566 3194//3194 3567//3567
f 3567//3567 3194//3194 3196//3196
f 3567//3567 3196//3196 3568//3568
f 3568//3568 3196//3196 3198//3198
f 3568//3568 3198//3198 3569//3569
f 3569//3569 3198//3198 3200//3200
f 3569//3569 3200//3200 3570//3570
f 3570//3570 3200//3200 3202//3202
f 3570//3570 3202//3202 3571//3571
f 3571//3571 3202//3202 3204//3204
f 3571//3571 3204//3204 3572//3572
f 3572//3572 3204//3204 3206//3206
f 3572//3572 3206//3206 2917//2917
f 2917//2917 3206//3206 2912//2912
f 3020//3020 2915//2915 3206//3206
f 3206//3206 2915//2915 2913//2913
f 3206//3206 2913//2913 2912//2912
f 2908//2908 2916//2916 3573//3573
f 3573//3573 2916//2916 3020//3020
f 3573//3573 3020//3020 3574//3574
f 3574//3574 3020//3020 3205//3205
f 3574//3574 3205//3205 3575//3575
f 3575//3575 3205//3205 3203//3203
f 3575//3575 3203//3203 3576//3576
f 3576//3576 3203//3203 3201//3201
f 3576//3576 3201//3201 3577//3577
f 3577//3577 3201//3201 3199//3199
f 3577//3577 3199//3199 3578//3578
f 3578//3578 3199//3199 3197//3197
f 3578//3578 3197//3197 3579//3579
f 3579//3579 3197//3197 3195//3195
f 3579//3579 3195//3195 3580//3580
f 3580//3580 3195//3195 3193//3193
f 3580//3580 3193//3193 3581//3581
f 3581//3581 3193//3193 3191//3191
f 3581//3581 3191//3191 3582//3582
f 3582//3582 3191//3191 3189//3189
f 3582//3582 3189//3189 3583//3583
f 3583//3583 3189//3189 3187//3187
f 3583//3583 3187//3187 3584//3584
f 3584//3584 3187//3187 3185//3185
f 3584//3584 3185//3185 3585//3585
f 3585//3585 3185//3185 3183//3183
f 3585//3585 3183//3183 3586//3586
f 3586//3586 3183//3183 3181//3181
f 3586//3586 3181//3181 3093//3093
f 3093//3093 3181//3181 3179//3179
f 3093//3093 3179//3179 3111//3111
f 3111//3111 3179//3179 3177//3177
f 3092//3092 3207//3207 3093//3093
f 3093//3093 3207//3207 3208//3208
f 3093//3093 3208//3208 3586//3586
f 3586//3586 3208//3208 3209//3209
f 3586//3586 3209//3209 3585//3585
f 3585//3585 3209//3209 3211//3211
f 3585//3585 3211//3211 3584//3584
f 3584//3584 3211//3211 3213//3213
f 3584//3584 3213//3213 3583//3583
f 3583//3583 3213//3213 3215//3215
f 3583//3583 3215//3215 3582//3582
f 3582//3582 3215//3215 3217//3217
f 3582//3582 3217//3217 3581//3581
f 3581//3581 3217//3217 3219//3219
f 3581//3581 3219//3219 3580//3580
f 3580//3580 3219//3219 3221//3221
f 3580//3580 3221//3221 3579//3579
f 3579//3579 3221//3221 3223//3223
f 3579//3579 3223//3223 3578//3578
f 3578//3578 3223//3223 3225//3225
f 3578//3578 3225//3225 3577//3577
f 3577//3577 3225//3225 3227//3227
f 3577//3577 3227//3227 3576//3576
f 3576//3576 3227//3227 3229//3229
f 3576//3576 3229//3229 3575//3575
f 3575//3575 3229//3229 3231//3231
f 3575//3575 3231//3231 3574//3574
f 3574//3574 3231//3231 3233//3233
f 3574//3574 3233//3233 3573//3573
f 3573//3573 3233//3233 3235//3235
f 3573//3573 3235//3235 2908//2908
f 2908//2908 3235//3235 2909//2909
f 3019//3019 2911//2911 3235//3235
f 3235//3235 2911//2911 2910//2910
f 3235//3235 2910//2910 2909//2909
f 2903//2903 2905//2905 3587//3587
f 3587//3587 2905//2905 3019//3019
f 3587//3587 3019//3019 3588//3588
f 3588//3588 3019//3019 3234//3234
f 3588//3588 3234//3234 3589//3589
f 3589//3589 3234//3234 3232//3232
f 3589//3589 3232//3232 3590//3590
f 3590//3590 3232//3232 3230//3230
f 3590//3590 3230//3230 3591//3591
f 3591//3591 3230//3230 3228//3228
f 3591//3591 3228//3228 3592//3592
f 3592//3592 3228//3228 3226//3226
f 3592//3592 3226//3226 3593//3593
f 3593//3593 3226//3226 3224//3224
f 3593//3593 3224//3224 3594//3594
f 3594//3594 3224//3224 3222//3222
f 3594//3594 3222//3222 3595//3595
f 3595//3595 3222//3222 3220//3220
f 3595//3595 3220//3220 3596//3596
f 3596//3596 3220//3220 3218//3218
f 3596//3596 3218//3218 3597//3597
f 3597//3597 3218//3218 3216//3216
f 3597//3597 3216//3216 3598//3598
f 3598//3598 3216//3216 3214//3214
f 3598//3598 3214//3214 3599//3599
f 3599//3599 3214//3214 3212//3212
f 3599//3599 3212//3212 3600//3600
f 3600//3600 3212//3212 3210//3210
f 3600//3600 3210//3210 3087//3087
f 3087//3087 3210//3210 3090//3090
f 3087//3087 3090//3090 3085//3085
f 3085//3085 3090//3090 3089//3089
f 3086//3086 3601//3601 3087//3087
f 3087//3087 3601//3601 3602//3602
f 3087//3087 3602//3602 3600//3600
f 3600//3600 3602//3602 3603//3603
f 3600//3600 3603//3603 3599//3599
f 3599//3599 3603//3603 3604//3604
f 3599//3599 3604//3604 3598//3598
f 3598//3598 3604//3604 3605//3605
f 3598//3598 3605//3605 3597//3597
f 3597//3597 3605//3605 3606//3606
f 3597//3597 3606//3606 3596//3596
f 3596//3596 3606//3606 3607//3607
f 3596//3596 3607//3607 3595//3595
f 3595//3595 3607//3607 3608//3608
f 3595//3595 3608//3608 3594//3594
f 3594//3594 3608//3608 3609//3609
f 3594//3594 3609//3609 3593//3593
f 3593//3593 3609//3609 3610//3610
f 3593//3593 3610//3610 3592//3592
f 3592//3592 3610//3610 3611//3611
f 3592//3592 3611//3611 3591//3591
f 3591//3591 3611//3611 3612//3612
f 3591//3591 3612//3612 3590//3590
f 3590//3590 3612//3612 3613//3613
f 3590//3590 3613//3613 3589//3589
f 3589//3589 3613//3613 3614//3614
f 3589//3589 3614//3614 3588//3588
f 3588//3588 3614//3614 3615//3615
f 3588//3588 3615//3615 3587//3587
f 3587//3587 3615//3615 3018//3018
f 3587//3587 3018//3018 2903//2903
f 2903//2903 3018//3018 2875//2875
f 2902//2902 2876//2876 3017//3017
f 3017//3017 2876//2876 3018//3018
f 3017//3017 3018//3018 3616//3616
f 3616//3616 3018//3018 3615//3615
f 3616//3616 3615//3615 3617//3617
f 3617//3617 3615//3615 3614//3614
f 3617//3617 3614//3614 3618//3618
f 3618//3618 3614//3614 3613//3613
f 3618//3618 3613//3613 3619//3619
f 3619//3619 3613//3613 3612//3612
f 3619//3619 3612//3612 3620//3620
f 3620//3620 3612//3612 3611//3611
f 3620//3620 3611//3611 3621//3621
f 3621//3621 3611//3611 3610//3610
f 3621//3621 3610//3610 3622//3622
f 3622//3622 3610//3610 3609//3609
f 3622//3622 3609//3609 3623//3623
f 3623//3623 3609//3609 3608//3608
f 3623//3623 3608//3608 3624//3624
f 3624//3624 3608//3608 3607//3607
f 3624//3624 3607//3607 3625//3625
f 3625//3625 3607//3607 3606//3606
f 3625//3625 3606//3606 3626//3626
f 3626//3626 3606//3606 3605//3605
f 3626//3626 3605//3605 3627//3627
f 3627//3627 3605//3605 3604//3604
f 3627//3627 3604//3604 3628//3628
f 3628//3628 3604//3604 3603//3603
f 3628//3628 3603//3603 3084//3084
f 3084//3084 3603//3603 3602//3602
f 3084//3084 3602//3602 3082//3082
f 3082//3082 3602//3602 3601//3601
f 2899//2899 2901//2901 3629//3629
f 3629//3629 2901//2901 3017//3017
f 3629//3629 3017//3017 3630//3630
f 3630//3630 3017//3017 3616//3616
f 3630//3630 3616//3616 3631//3631
f 3631//3631 3616//3616 3617//3617
f 3631//3631 3617//3617 3632//3632
f 3632//3632 3617//3617 3618//3618
f 3632//3632 3618//3618 3633//3633
f 3633//3633 3618//3618 3619//3619
f 3633//3633 3619//3619 3634//3634
f 3634//3634 3619//3619 3620//3620
f 3634//3634 3620//3620 3635//3635
f 3635//3635 3620//3620 3621//3621
f 3635//3635 3621//3621 3636//3636
f 3636//3636 3621//3621 3622//3622
f 3636//3636 3622//3622 3637//3637
f 3637//3637 3622//3622 3623//3623
f 3637//3637 3623//3623 3638//3638
f 3638//3638 3623//3623 3624//3624
f 3638//3638 3624//3624 3639//3639
f 3639//3639 3624//3624 3625//3625
f 3639//3639 3625//3625 3640//3640
f 3640//3640 3625//3625 3626//3626
f 3640//3640 3626//3626 3641//3641
f 3641//3641 3626//3626 3627//3627
f 3641//3641 3627//3627 3642//3642
f 3642//3642 3627//3627 3628//3628
f 3642//3642 3628//3628 3643//3643
f 3643//3643 3628//3628 3084//3084
f 3643//3643 3084//3084 3644//3644
f 3644//3644 3084//3084 3083//3083
f 3643//3643 3645//3645 3642//3642
f 3642//3642 3645//3645 3646//3646
f 3642//3642 3646//3646 3641//3641
f 3641//3641 3646//3646 3647//3647
f 3641//3641 3647//3647 3640//3640
f 3640//3640 3647//3647 3648//3648
f 3640//3640 3648//3648 3639//3639
f 3639//3639 3648//3648 3649//3649
f 3639//3639 3649//3649 3638//3638
f 3638//3638 3649//3649 3650//3650
f 3638//3638 3650//3650 3637//3637
f 3637//3637 3650//3650 3651//3651
f 3637//3637 3651//3651 3636//3636
f 3636//3636 3651//3651 3652//3652
f 3636//3636 3652//3652 3635//3635
f 3635//3635 3652//3652 3653//3653
f 3635//3635 3653//3653 3634//3634
f 3634//3634 3653//3653 3654//3654
f 3634//3634 3654//3654 3633//3633
f 3633//3633 3654//3654 3655//3655
f 3633//3633 3655//3655 3632//3632
f 3632//3632 3655//3655 3656//3656
f 3632//3632 3656//3656 3631//3631
f 3631//3631 3656//3656 3657//3657
f 3631//3631 3657//3657 3630//3630
f 3630//3630 3657//3657 3658//3658
f 3630//3630 3658//3658 3629//3629
f 3629//3629 3658//3658 3659//3659
f 3629//3629 3659//3659 2899//2899
f 2899//2899 3659//3659 2897//2897
f 3644//3644 3660//3660 3643//3643
f 3643//3643 3660//3660 3112//3112
f 3643//3643 3112//3112 3645//3645
f 3645//3645 3112//3112 3081//3081
f 3645//3645 3081//3081 3646//3646
f 3646//3646 3081//3081 3238//3238
f 3646//3646 3238//3238 3647//3647
f 3647//3647 3238//3238 3240//3240
f 3647//3647 3240//3240 3648//3648
f 3648//3648 3240//3240 3242//3242
f 3648//3648 3242//3242 3649//3649
f 3649//3649 3242//3242 3244//3244
f 3649//3649 3244//3244 3650//3650
f 3650//3650 3244//3244 3246//3246
f 3650//3650 3246//3246 3651//3651
f 3651//3651 3246//3246 3248//3248
f 3651//3651 3248//3248 3652//3652
f 3652//3652 3248//3248 3250//3250
f 3652//3652 3250//3250 3653//3653
f 3653//3653 3250//3250 3252//3252
f 3653//3653 3252//3252 3654//3654
f 3654//3654 3252//3252 3254//3254
f 3654//3654 3254//3254 3655//3655
f 3655//3655 3254//3254 3256//3256
f 3655//3655 3256//3256 3656//3656
f 3656//3656 3256//3256 3258//3258
f 3656//3656 3258//3258 3657//3657
f 3657//3657 3258//3258 3260//3260
f 3657//3657 3260//3260 3658//3658
f 3658//3658 3260//3260 3262//3262
f 3658//3658 3262//3262 3659//3659
f 3659//3659 3262//3262 3264//3264
f 3659//3659 3264//3264 2897//2897
f 2897//2897 3264//3264 2892//2892
f 3016//3016 2895//2895 3264//3264
f 3264//3264 2895//2895 2893//2893
f 3264//3264 2893//2893 2892//2892
f 2890//2890 2896//2896 3661//3661
f 3661//3661 2896//2896 3016//3016
f 3661//3661 3016//3016 3662//3662
f 3662//3662 3016//3016 3263//3263
f 3662//3662 3263//3263 3663//3663
f 3663//3663 3263//3263 3261//3261
f 3663//3663 3261//3261 3664//3664
f 3664//3664 3261//3261 3259//3259
f 3664//3664 3259//3259 3665//3665
f 3665//3665 3259//3259 3257//3257
f 3665//3665 3257//3257 3666//3666
f 3666//3666 3257//3257 3255//3255
f 3666//3666 3255//3255 3667//3667
f 3667//3667 3255//3255 3253//3253
f 3667//3667 3253//3253 3668//3668
f 3668//3668 3253//3253 3251//3251
f 3668//3668 3251//3251 3669//3669
f 3669//3669 3251//3251 3249//3249
f 3669//3669 3249//3249 3670//3670
f 3670//3670 3249//3249 3247//3247
f 3670//3670 3247//3247 3671//3671
f 3671//3671 3247//3247 3245//3245
f 3671//3671 3245//3245 3672//3672
f 3672//3672 3245//3245 3243//3243
f 3672//3672 3243//3243 3673//3673
f 3673//3673 3243//3243 3241//3241
f 3673//3673 3241//3241 3674//3674
f 3674//3674 3241//3241 3239//3239
f 3674//3674 3239//3239 3675//3675
f 3675//3675 3239//3239 3237//3237
f 3675//3675 3237//3237 3676//3676
f 3676//3676 3237//3237 3236//3236
f 3676//3676 3113//3113 3675//3675
f 3675//3675 3113//3113 3078//3078
f 3675//3675 3078//3078 3674//3674
f 3674//3674 3078//3078 3267//3267
f 3674//3674 3267//3267 3673//3673
f 3673//3673 3267//3267 3269//3269
f 3673//3673 3269//3269 3672//3672
f 3672//3672 3269//3269 3271//3271
f 3672//3672 3271//3271 3671//3671
f 3671//3671 3271//3271 3273//3273
f 3671//3671 3273//3273 3670//3670
f 3670//3670 3273//3273 3275//3275
f 3670//3670 3275//3275 3669//3669
f 3669//3669 3275//3275 3277//3277
f 3669//3669 3277//3277 3668//3668
f 3668//3668 3277//3277 3279//3279
f 3668//3668 3279//3279 3667//3667
f 3667//3667 3279//3279 3281//3281
f 3667//3667 3281//3281 3666//3666
f 3666//3666 3281//3281 3283//3283
f 3666//3666 3283//3283 3665//3665
f 3665//3665 3283//3283 3285//3285
f 3665//3665 3285//3285 3664//3664
f 3664//3664 3285//3285 3287//3287
f 3664//3664 3287//3287 3663//3663
f 3663//3663 3287//3287 3289//3289
f 3663//3663 3289//3289 3662//3662
f 3662//3662 3289//3289 3291//3291
f 3662//3662 3291//3291 3661//3661
f 3661//3661 3291//3291 3293//3293
f 3661//3661 3293//3293 2890//2890
f 2890//2890 3293//3293 2891//2891
f 3015//3015 2886//2886 3293//3293
f 3293//3293 2886//2886 2888//2888
f 3293//3293 2888//2888 2891//2891
f 2883//2883 2885//2885 3677//3677
f 3677//3677 2885//2885 3015//3015
f 3677//3677 3015//3015 3678//3678
f 3678//3678 3015//3015 3292//3292
f 3678//3678 3292//3292 3679//3679
f 3679//3679 3292//3292 3290//3290
f 3679//3679 3290//3290 3680//3680
f 3680//3680 3290//3290 3288//3288
f 3680//3680 3288//3288 3681//3681
f 3681//3681 3288//3288 3286//3286
f 3681//3681 3286//3286 3682//3682
f 3682//3682 3286//3286 3284//3284
f 3682//3682 3284//3284 3683//3683
f 3683//3683 3284//3284 3282//3282
f 3683//3683 3282//3282 3684//3684
f 3684//3684 3282//3282 3280//3280
f 3684//3684 3280//3280 3685//3685
f 3685//3685 3280//3280 3278//3278
f 3685//3685 3278//3278 3686//3686
f 3686//3686 3278//3278 3276//3276
f 3686//3686 3276//3276 3687//3687
f 3687//3687 3276//3276 3274//3274
f 3687//3687 3274//3274 3688//3688
f 3688//3688 3274//3274 3272//3272
f 3688//3688 3272//3272 3689//3689
f 3689//3689 3272//3272 3270//3270
f 3689//3689 3270//3270 3690//3690
f 3690//3690 3270//3270 3268//3268
f 3690//3690 3268//3268 3075//3075
f 3075//3075 3268//3268 3266//3266
f 3075//3075 3266//3266 3073//3073
f 3073//3073 3266//3266 3265//3265
f 3074//3074 3070//3070 3075//3075
f 3075//3075 3070//3070 3072//3072
f 3075//3075 3072//3072 3690//3690
f 3690//3690 3072//3072 3691//3691
f 3690//3690 3691//3691 3689//3689
f 3689//3689 3691//3691 3692//3692
f 3689//3689 3692//3692 3688//3688
f 3688//3688 3692//3692 3693//3693
f 3688//3688 3693//3693 3687//3687
f 3687//3687 3693//3693 3694//3694
f 3687//3687 3694//3694 3686//3686
f 3686//3686 3694//3694 3695//3695
f 3686//3686 3695//3695 3685//3685
f 3685//3685 3695//3695 3696//3696
f 3685//3685 3696//3696 3684//3684
f 3684//3684 3696//3696 3697//3697
f 3684//3684 3697//3697 3683//3683
f 3683//3683 3697//3697 3698//3698
f 3683//3683 3698//3698 3682//3682
f 3682//3682 3698//3698 3699//3699
f 3682//3682 3699//3699 3681//3681
f 3681//3681 3699//3699 3700//3700
f 3681//3681 3700//3700 3680//3680
f 3680//3680 3700//3700 3701//3701
f 3680//3680 3701//3701 3679//3679
f 3679//3679 3701//3701 3702//3702
f 3679//3679 3702//3702 3678//3678
f 3678//3678 3702//3702 3703//3703
f 3678//3678 3703//3703 3677//3677
f 3677//3677 3703//3703 3014//3014
f 3677//3677 3014//3014 2883//2883
f 2883//2883 3014//3014 2882//2882
f 2878//2878 2880//2880 3013//3013
f 3013//3013 2880//2880 3014//3014
f 3013//3013 3014//3014 3704//3704
f 3704//3704 3014//3014 3703//3703
f 3704//3704 3703//3703 3705//3705
f 3705//3705 3703//3703 3702//3702
f 3705//3705 3702//3702 3706//3706
f 3706//3706 3702//3702 3701//3701
f 3706//3706 3701//3701 3707//3707
f 3707//3707 3701//3701 3700//3700
f 3707//3707 3700//3700 3708//3708
f 3708//3708 3700//3700 3699//3699
f 3708//3708 3699//3699 3709//3709
f 3709//3709 3699//3699 3698//3698
f 3709//3709 3698//3698 3710//3710
f 3710//3710 3698//3698 3697//3697
f 3710//3710 3697//3697 3711//3711
f 3711//3711 3697//3697 3696//3696
f 3711//3711 3696//3696 3712//3712
f 3712//3712 3696//3696 3695//3695
f 3712//3712 3695//3695 3713//3713
f 3713//3713 3695//3695 3694//3694
f 3713//3713 3694//3694 3714//3714
f 3714//3714 3694//3694 3693//3693
f 3714//3714 3693//3693 3715//3715
f 3715//3715 3693//3693 3692//3692
f 3715//3715 3692//3692 3716//3716
f 3716//3716 3692//3692 3691//3691
f 3716//3716 3691//3691 3717//3717
f 3717//3717 3691//3691 3072//3072
f 3717//3717 3072//3072 3718//3718
f 3718//3718 3072//3072 3071//3071
f 2997//2997 2996//2996 3719//3719
f 3719//3719 2996//2996 3013//3013
f 3719//3719 3013//3013 3720//3720
f 3720//3720 3013//3013 3704//3704
f 3720//3720 3704//3704 3721//3721
f 3721//3721 3704//3704 3705//3705
f 3721//3721 3705//3705 3722//3722
f 3722//3722 3705//3705 3706//3706
f 3722//3722 3706//3706 3723//3723
f 3723//3723 3706//3706 3707//3707
f 3723//3723 3707//3707 3724//3724
f 3724//3724 3707//3707 3708//3708
f 3724//3724 3708//3708 3725//3725
f 3725//3725 3708//3708 3709//3709
f 3725//3725 3709//3709 3726//3726
f 3726//3726 3709//3709 3710//3710
f 3726//3726 3710//3710 3727//3727
f 3727//3727 3710//3710 3711//3711
f 3727//3727 3711//3711 3728//3728
f 3728//3728 3711//3711 3712//3712
f 3728//3728 3712//3712 3729//3729
f 3729//3729 3712//3712 3713//3713
f 3729//3729 3713//3713 3730//3730
f 3730//3730 3713//3713 3714//3714
f 3730//3730 3714//3714 3731//3731
f 3731//3731 3714//3714 3715//3715
f 3731//3731 3715//3715 3732//3732
f 3732//3732 3715//3715 3716//3716
f 3732//3732 3716//3716 3069//3069
f 3069//3069 3716//3716 3717//3717
f 3069//3069 3717//3717 3067//3067
f 3067//3067 3717//3717 3718//3718
f 3068//3068 3733//3733 3069//3069
f 3069//3069 3733//3733 3734//3734
f 3069//3069 3734//3734 3732//3732
f 3732//3732 3734//3734 3735//3735
f 3732//3732 3735//3735 3731//3731
f 3731//3731 3735//3735 3736//3736
f 3731//3731 3736//3736 3730//3730
f 3730//3730 3736//3736 3737//3737
f 3730//3730 3737//3737 3729//3729
f 3729//3729 3737//3737 3738//3738
f 3729//3729 3738//3738 3728//3728
f 3728//3728 3738//3738 3739//3739
f 3728//3728 3739//3739 3727//3727
f 3727//3727 3739//3739 3740//3740
f 3727//3727 3740//3740 3726//3726
f 3726//3726 3740//3740 3741//3741
f 3726//3726 3741//3741 3725//3725
f 3725//3725 3741//3741 3742//3742
f 3725//3725 3742//3742 3724//3724
f 3724//3724 3742//3742 3743//3743
f 3724//3724 3743//3743 3723//3723
f 3723//3723 3743//3743 3744//3744
f 3723//3723 3744//3744 3722//3722
f 3722//3722 3744//3744 3745//3745
f 3722//3722 3745//3745 3721//3721
f 3721//3721 3745//3745 3746//3746
f 3721//3721 3746//3746 3720//3720
f 3720//3720 3746//3746 3747//3747
f 3720//3720 3747//3747 3719//3719
f 3719//3719 3747//3747 3748//3748
f 3719//3719 3748//3748 2997//2997
f 2997//2997 3748//3748 2999//2999
f 3733//3733 3114//3114 3734//3734
f 3734//3734 3114//3114 3321//3321
f 3734//3734 3321//3321 3735//3735
f 3735//3735 3321//3321 3320//3320
f 3735//3735 3320//3320 3736//3736
f 3736//3736 3320//3320 3318//3318
f 3736//3736 3318//3318 3737//3737
f 3737//3737 3318//3318 3316//3316
f 3737//3737 3316//3316 3738//3738
f 3738//3738 3316//3316 3314//3314
f 3738//3738 3314//3314 3739//3739
f 3739//3739 3314//3314 3312//3312
f 3739//3739 3312//3312 3740//3740
f 3740//3740 3312//3312 3310//3310
f 3740//3740 3310//3310 3741//3741
f 3741//3741 3310//3310 3308//3308
f 3741//3741 3308//3308 3742//3742
f 3742//3742 3308//3308 3306//3306
f 3742//3742 3306//3306 3743//3743
f 3743//3743 3306//3306 3304//3304
f 3743//3743 3304//3304 3744//3744
f 3744//3744 3304//3304 3302//3302
f 3744//3744 3302//3302 3745//3745
f 3745//3745 3302//3302 3300//3300
f 3745//3745 3300//3300 3746//3746
f 3746//3746 3300//3300 3298//3298
f 3746//3746 3298//3298 3747//3747
f 3747//3747 3298//3298 3296//3296
f 3747//3747 3296//3296 3748//3748
f 3748//3748 3296//3296 3294//3294
f 3748//3748 3294//3294 2999//2999
f 2999//2999 3294//3294 3000//3000
f 3012//3012 2993//2993 3294//3294
f 3294//3294 2993//2993 2995//2995
f 3294//3294 2995//2995 3000//3000
f 2991//2991 2990//2990 3749//3749
f 3749//3749 2990//2990 3012//3012
f 3749//3749 3012//3012 3750//3750
f 3750//3750 3012//3012 3295//3295
f 3750//3750 3295//3295 3751//3751
f 3751//3751 3295//3295 3297//3297
f 3751//3751 3297//3297 3752//3752
f 3752//3752 3297//3297 3299//3299
f 3752//3752 3299//3299 3753//3753
f 3753//3753 3299//3299 3301//3301
f 3753//3753 3301//3301 3754//3754
f 3754//3754 3301//3301 3303//3303
f 3754//3754 3303//3303 3755//3755
f 3755//3755 3303//3303 3305//3305
f 3755//3755 3305//3305 3756//3756
f 3756//3756 3305//3305 3307//3307
f 3756//3756 3307//3307 3757//3757
f 3757//3757 3307//3307 3309//3309
f 3757//3757 3309//3309 3758//3758
f 3758//3758 3309//3309 3311//3311
f 3758//3758 3311//3311 3759//3759
f 3759//3759 3311//3311 3313//3313
f 3759//3759 3313//3313 3760//3760
f 3760//3760 3313//3313 3315//3315
f 3760//3760 3315//3315 3761//3761
f 3761//3761 3315//3315 3317//3317
f 3761//3761 3317//3317 3762//3762
f 3762//3762 3317//3317 3319//3319
f 3762//3762 3319//3319 3763//3763
f 3763//3763 3319//3319 3066//3066
f 3763//3763 3066//3066 3764//3764
f 3764//3764 3066//3066 3065//3065
f 3764//3764 3322//3322 3763//3763
f 3763//3763 3322//3322 3323//3323
f 3763//3763 3323//3323 3762//3762
f 3762//3762 3323//3323 3324//3324
f 3762//3762 3324//3324 3761//3761
f 3761//3761 3324//3324 3326//3326
f 3761//3761 3326//3326 3760//3760
f 3760//3760 3326//3326 3328//3328
f 3760//3760 3328//3328 3759//3759
f 3759//3759 3328//3328 3330//3330
f 3759//3759 3330//3330 3758//3758
f 3758//3758 3330//3330 3332//3332
f 3758//3758 3332//3332 3757//3757
f 3757//3757 3332//3332 3334//3334
f 3757//3757 3334//3334 3756//3756
f 3756//3756 3334//3334 3336//3336
f 3756//3756 3336//3336 3755//3755
f 3755//3755 3336//3336 3338//3338
f 3755//3755 3338//3338 3754//3754
f 3754//3754 3338//3338 3340//3340
f 3754//3754 3340//3340 3753//3753
f 3753//3753 3340//3340 3342//3342
f 3753//3753 3342//3342 3752//3752
f 3752//3752 3342//3342 3344//3344
f 3752//3752 3344//3344 3751//3751
f 3751//3751 3344//3344 3346//3346
f 3751//3751 3346//3346 3750//3750
f 3750//3750 3346//3346 3348//3348
f 3750//3750 3348//3348 3749//3749
f 3749//3749 3348//3348 3350//3350
f 3749//3749 3350//3350 2991//2991
f 2991//2991 3350//3350 2992//2992
f 3011//3011 2986//2986 3350//3350
f 3350//3350 2986//2986 2988//2988
f 3350//3350 2988//2988 2992//2992
f 2983//2983 2985//2985 3765//3765
f 3765//3765 2985//2985 3011//3011
f 3765//3765 3011//3011 3766//3766
f 3766//3766 3011//3011 3349//3349
f 3766//3766 3349//3349 3767//3767
f 3767//3767 3349//3349 3347//3347
f 3767//3767 3347//3347 3768//3768
f 3768//3768 3347//3347 3345//3345
f 3768//3768 3345//3345 3769//3769
f 3769//3769 3345//3345 3343//3343
f 3769//3769 3343//3343 3770//3770
f 3770//3770 3343//3343 3341//3341
f 3770//3770 3341//3341 3771//3771
f 3771//3771 3341//3341 3339//3339
f 3771//3771 3339//3339 3772//3772
f 3772//3772 3339//3339 3337//3337
f 3772//3772 3337//3337 3773//3773
f 3773//3773 3337//3337 3335//3335
f 3773//3773 3335//3335 3774//3774
f 3774//3774 3335//3335 3333//3333
f 3774//3774 3333//3333 3775//3775
f 3775//3775 3333//3333 3331//3331
f 3775//3775 3331//3331 3776//3776
f 3776//3776 3331//3331 3329//3329
f 3776//3776 3329//3329 3777//3777
f 3777//3777 3329//3329 3327//3327
f 3777//3777 3327//3327 3778//3778
f 3778//3778 3327//3327 3325//3325
f 3778//3778 3325//3325 3779//3779
f 3779//3779 3325//3325 3063//3063
f 3779//3779 3063//3063 3780//3780
f 3780//3780 3063//3063 3062//3062
f 3780//3780 3058//3058 3779//3779
f 3779//3779 3058//3058 3060//3060
f 3779//3779 3060//3060 3778//3778
f 3778//3778 3060//3060 3781//3781
f 3778//3778 3781//3781 3777//3777
f 3777//3777 3781//3781 3782//3782
f 3777//3777 3782//3782 3776//3776
f 3776//3776 3782//3782 3783//3783
f 3776//3776 3783//3783 3775//3775
f 3775//3775 3783//3783 3784//3784
f 3775//3775 3784//3784 3774//3774
f 3774//3774 3784//3784 3785//3785
f 3774//3774 3785//3785 3773//3773
f 3773//3773 3785//3785 3786//3786
f 3773//3773 3786//3786 3772//3772
f 3772//3772 3786//3786 3787//3787
f 3772//3772 3787//3787 3771//3771
f 3771//3771 3787//3787 3788//3788
f 3771//3771 3788//3788 3770//3770
f 3770//3770 3788//3788 3789//3789
f 3770//3770 3789//3789 3769//3769
f 3769//3769 3789//3789 3790//3790
f 3769//3769 3790//3790 3768//3768
f 3768//3768 3790//3790 3791//3791
f 3768//3768 3791//3791 3767//3767
f 3767//3767 3791//3791 3792//3792
f 3767//3767 3792//3792 3766//3766
f 3766//3766 3792//3792 3793//3793
f 3766//3766 3793//3793 3765//3765
f 3765//3765 3793//3793 3010//3010
f 3765//3765 3010//3010 2983//2983
f 2983//2983 3010//3010 2863//2863
f 2982//2982 2864//2864 3009//3009
f 3009//3009 2864//2864 3010//3010
f 3009//3009 3010//3010 3794//3794
f 3794//3794 3010//3010 3793//3793
f 3794//3794 3793//3793 3795//3795
f 3795//3795 3793//3793 3792//3792
f 3795//3795 3792//3792 3796//3796
f 3796//3796 3792//3792 3791//3791
f 3796//3796 3791//3791 3797//3797
f 3797//3797 3791//3791 3790//3790
f 3797//3797 3790//3790 3798//3798
f 3798//3798 3790//3790 3789//3789
f 3798//3798 3789//3789 3799//3799
f 3799//3799 3789//3789 3788//3788
f 3799//3799 3788//3788 3800//3800
f 3800//3800 3788//3788 3787//3787
f 3800//3800 3787//3787 3801//3801
f 3801//3801 3787//3787 3786//3786
f 3801//3801 3786//3786 3802//3802
f 3802//3802 3786//3786 3785//3785
f 3802//3802 3785//3785 3803//3803
f 3803//3803 3785//3785 3784//3784
f 3803//3803 3784//3784 3804//3804
f 3804//3804 3784//3784 3783//3783
f 3804//3804 3783//3783 3805//3805
f 3805//3805 3783//3783 3782//3782
f 3805//3805 3782//3782 3806//3806
f 3806//3806 3782//3782 3781//3781
f 3806//3806 3781//3781 3057//3057
f 3057//3057 3781//3781 3060//3060
f 3057//3057 3060//3060 3055//3055
f 3055//3055 3060//3060 3059//3059
f 2979//2979 2981//2981 3807//3807
f 3807//3807 2981//2981 3009//3009
f 3807//3807 3009//3009 3808//3808
f 3808//3808 3009//3009 3794//3794
f 3808//3808 3794//3794 3809//3809
f 3809//3809 3794//3794 3795//3795
f 3809//3809 3795//3795 3810//3810
f 3810//3810 3795//3795 3796//3796
f 3810//3810 3796//3796 3811//3811
f 3811//3811 3796//3796 3797//3797
f 3811//3811 3797//3797 3812//3812
f 3812//3812 3797//3797 3798//3798
f 3812//3812 3798//3798 3813//3813
f 3813//3813 3798//3798 3799//3799
f 3813//3813 3799//3799 3814//3814
f 3814//3814 3799//3799 3800//3800
f 3814//3814 3800//3800 3815//3815
f 3815//3815 3800//3800 3801//3801
f 3815//3815 3801//3801 3816//3816
f 3816//3816 3801//3801 3802//3802
f 3816//3816 3802//3802 3817//3817
f 3817//3817 3802//3802 3803//3803
f 3817//3817 3803//3803 3818//3818
f 3818//3818 3803//3803 3804//3804
f 3818//3818 3804//3804 3819//3819
f 3819//3819 3804//3804 3805//3805
f 3819//3819 3805//3805 3820//3820
f 3820//3820 3805//3805 3806//3806
f 3820//3820 3806//3806 3821//3821
f 3821//3821 3806//3806 3057//3057
f 3821//3821 3057//3057 3822//3822
f 3822//3822 3057//3057 3056//3056
f 3822//3822 3052//3052 3821//3821
f 3821//3821 3052//3052 3054//3054
f 3821//3821 3054//3054 3820//3820
f 3820//3820 3054//3054 3823//3823
f 3820//3820 3823//3823 3819//3819
f 3819//3819 3823//3823 3824//3824
f 3819//3819 3824//3824 3818//3818
f 3818//3818 3824//3824 3825//3825
f 3818//3818 3825//3825 3817//3817
f 3817//3817 3825//3825 3826//3826
f 3817//3817 3826//3826 3816//3816
f 3816//3816 3826//3826 3827//3827
f 3816//3816 3827//3827 3815//3815
f 3815//3815 3827//3827 3828//3828
f 3815//3815 3828//3828 3814//3814
f 3814//3814 3828//3828 3829//3829
f 3814//3814 3829//3829 3813//3813
f 3813//3813 3829//3829 3830//3830
f 3813//3813 3830//3830 3812//3812
f 3812//3812 3830//3830 3831//3831
f 3812//3812 3831//3831 3811//3811
f 3811//3811 3831//3831 3832//3832
f 3811//3811 3832//3832 3810//3810
f 3810//3810 3832//3832 3833//3833
f 3810//3810 3833//3833 3809//3809
f 3809//3809 3833//3833 3834//3834
f 3809//3809 3834//3834 3808//3808
f 3808//3808 3834//3834 3835//3835
f 3808//3808 3835//3835 3807//3807
f 3807//3807 3835//3835 3836//3836
f 3807//3807 3836//3836 2979//2979
f 2979//2979 3836//3836 2977//2977
f 3053//3053 3351//3351 3054//3054
f 3054//3054 3351//3351 3353//3353
f 3054//3054 3353//3353 3823//3823
f 3823//3823 3353//3353 3355//3355
f 3823//3823 3355//3355 3824//3824
f 3824//3824 3355//3355 3357//3357
f 3824//3824 3357//3357 3825//3825
f 3825//3825 3357//3357 3359//3359
f 3825//3825 3359//3359 3826//3826
f 3826//3826 3359//3359 3361//3361
f 3826//3826 3361//3361 3827//3827
f 3827//3827 3361//3361 3363//3363
f 3827//3827 3363//3363 3828//3828
f 3828//3828 3363//3363 3365//3365
f 3828//3828 3365//3365 3829//3829
f 3829//3829 3365//3365 3367//3367
f 3829//3829 3367//3367 3830//3830
f 3830//3830 3367//3367 3369//3369
f 3830//3830 3369//3369 3831//3831
f 3831//3831 3369//3369 3371//3371
f 3831//3831 3371//3371 3832//3832
f 3832//3832 3371//3371 3373//3373
f 3832//3832 3373//3373 3833//3833
f 3833//3833 3373//3373 3375//3375
f 3833//3833 3375//3375 3834//3834
f 3834//3834 3375//3375 3377//3377
f 3834//3834 3377//3377 3835//3835
f 3835//3835 3377//3377 3379//3379
f 3835//3835 3379//3379 3836//3836
f 3836//3836 3379//3379 3381//3381
f 3836//3836 3381//3381 2977//2977
f 2977//2977 3381//3381 2972//2972
f 3008//3008 2975//2975 3381//3381
f 3381//3381 2975//2975 2973//2973
f 3381//3381 2973//2973 2972//2972
f 2968//2968 2976//2976 3837//3837
f 3837//3837 2976//2976 3008//3008
f 3837//3837 3008//3008 3838//3838
f 3838//3838 3008//3008 3380//3380
f 3838//3838 3380//3380 3839//3839
f 3839//3839 3380//3380 3378//3378
f 3839//3839 3378//3378 3840//3840
f 3840//3840 3378//3378 3376//3376
f 3840//3840 3376//3376 3841//3841
f 3841//3841 3376//3376 3374//3374
f 3841//3841 3374//3374 3842//3842
f 3842//3842 3374//3374 3372//3372
f 3842//3842 3372//3372 3843//3843
f 3843//3843 3372//3372 3370//3370
f 3843//3843 3370//3370 3844//3844
f 3844//3844 3370//3370 3368//3368
f 3844//3844 3368//3368 3845//3845
f 3845//3845 3368//3368 3366//3366
f 3845//3845 3366//3366 3846//3846
f 3846//3846 3366//3366 3364//3364
f 3846//3846 3364//3364 3847//3847
f 3847//3847 3364//3364 3362//3362
f 3847//3847 3362//3362 3848//3848
f 3848//3848 3362//3362 3360//3360
f 3848//3848 3360//3360 3849//3849
f 3849//3849 3360//3360 3358//3358
f 3849//3849 3358//3358 3850//3850
f 3850//3850 3358//3358 3356//3356
f 3850//3850 3356//3356 3051//3051
f 3051//3051 3356//3356 3354//3354
f 3051//3051 3354//3354 3116//3116
f 3116//3116 3354//3354 3352//3352
f 3050//3050 3382//3382 3051//3051
f 3051//3051 3382//3382 3383//3383
f 3051//3051 3383//3383 3850//3850
f 3850//3850 3383//3383 3384//3384
f 3850//3850 3384//3384 3849//3849
f 3849//3849 3384//3384 3386//3386
f 3849//3849 3386//3386 3848//3848
f 3848//3848 3386//3386 3388//3388
f 3848//3848 3388//3388 3847//3847
f 3847//3847 3388//3388 3390//3390
f 3847//3847 3390//3390 3846//3846
f 3846//3846 3390//3390 3392//3392
f 3846//3846 3392//3392 3845//3845
f 3845//3845 3392//3392 3394//3394
f 3845//3845 3394//3394 3844//3844
f 3844//3844 3394//3394 3396//3396
f 3844//3844 3396//3396 3843//3843
f 3843//3843 3396//3396 3398//3398
f 3843//3843 3398//3398 3842//3842
f 3842//3842 3398//3398 3400//3400
f 3842//3842 3400//3400 3841//3841
f 3841//3841 3400//3400 3402//3402
f 3841//3841 3402//3402 3840//3840
f 3840//3840 3402//3402 3404//3404
f 3840//3840 3404//3404 3839//3839
f 3839//3839 3404//3404 3406//3406
f 3839//3839 3406//3406 3838//3838
f 3838//3838 3406//3406 3408//3408
f 3838//3838 3408//3408 3837//3837
f 3837//3837 3408//3408 3410//3410
f 3837//3837 3410//3410 2968//2968
f 2968//2968 3410//3410 2969//2969
f 3007//3007 2971//2971 3410//3410
f 3410//3410 2971//2971 2970//2970
f 3410//3410 2970//2970 2969//2969
f 2963//2963 2965//2965 3851//3851
f 3851//3851 2965//2965 3007//3007
f 3851//3851 3007//3007 3852//3852
f 3852//3852 3007//3007 3409//3409
f 3852//3852 3409//3409 3853//3853
f 3853//3853 3409//3409 3407//3407
f 3853//3853 3407//3407 3854//3854
f 3854//3854 3407//3407 3405//3405
f 3854//3854 3405//3405 3855//3855
f 3855//3855 3405//3405 3403//3403
f 3855//3855 3403//3403 3856//3856
f 3856//3856 3403//3403 3401//3401
f 3856//3856 3401//3401 3857//3857
f 3857//3857 3401//3401 3399//3399
f 3857//3857 3399//3399 3858//3858
f 3858//3858 3399//3399 3397//3397
f 3858//3858 3397//3397 3859//3859
f 3859//3859 3397//3397 3395//3395
f 3859//3859 3395//3395 3860//3860
f 3860//3860 3395//3395 3393//3393
f 3860//3860 3393//3393 3861//3861
f 3861//3861 3393//3393 3391//3391
f 3861//3861 3391//3391 3862//3862
f 3862//3862 3391//3391 3389//3389
f 3862//3862 3389//3389 3863//3863
f 3863//3863 3389//3389 3387//3387
f 3863//3863 3387//3387 3864//3864
f 3864//3864 3387//3387 3385//3385
f 3864//3864 3385//3385 3045//3045
f 3045//3045 3385//3385 3048//3048
f 3045//3045 3048//3048 3043//3043
f 3043//3043 3048//3048 3047//3047
f 3044//3044 3865//3865 3045//3045
f 3045//3045 3865//3865 3866//3866
f 3045//3045 3866//3866 3864//3864
f 3864//3864 3866//3866 3867//3867
f 3864//3864 3867//3867 3863//3863
f 3863//3863 3867//3867 3868//3868
f 3863//3863 3868//3868 3862//3862
f 3862//3862 3868//3868 3869//3869
f 3862//3862 3869//3869 3861//3861
f 3861//3861 3869//3869 3870//3870
f 3861//3861 3870//3870 3860//3860
f 3860//3860 3870//3870 3871//3871
f 3860//3860 3871//3871 3859//3859
f 3859//3859 3871//3871 3872//3872
f 3859//3859 3872//3872 3858//3858
f 3858//3858 3872//3872 3873//3873
f 3858//3858 3873//3873 3857//3857
f 3857//3857 3873//3873 3874//3874
f 3857//3857 3874//3874 3856//3856
f 3856//3856 3874//3874 3875//3875
f 3856//3856 3875//3875 3855//3855
f 3855//3855 3875//3875 3876//3876
f 3855//3855 3876//3876 3854//3854
f 3854//3854 3876//3876 3877//3877
f 3854//3854 3877//3877 3853//3853
f 3853//3853 3877//3877 3878//3878
f 3853//3853 3878//3878 3852//3852
f 3852//3852 3878//3878 3879//3879
f 3852//3852 3879//3879 3851//3851
f 3851//3851 3879//3879 3006//3006
f 3851//3851 3006//3006 2963//2963
f 2963//2963 3006//3006 2866//2866
f 2962//2962 2867//2867 3005//3005
f 3005//3005 2867//2867 3006//3006
f 3005//3005 3006//3006 3880//3880
f 3880//3880 3006//3006 3879//3879
f 3880//3880 3879//3879 3881//3881
f 3881//3881 3879//3879 3878//3878
f 3881//3881 3878//3878 3882//3882
f 3882//3882 3878//3878 3877//3877
f 3882//3882 3877//3877 3883//3883
f 3883//3883 3877//3877 3876//3876
f 3883//3883 3876//3876 3884//3884
f 3884//3884 3876//3876 3875//3875
f 3884//3884 3875//3875 3885//3885
f 3885//3885 3875//3875 3874//3874
f 3885//3885 3874//3874 3886//3886
f 3886//3886 3874//3874 3873//3873
f 3886//3886 3873//3873 3887//3887
f 3887//3887 3873//3873 3872//3872
f 3887//3887 3872//3872 3888//3888
f 3888//3888 3872//3872 3871//3871
f 3888//3888 3871//3871 3889//3889
f 3889//3889 3871//3871 3870//3870
f 3889//3889 3870//3870 3890//3890
f 3890//3890 3870//3870 3869//3869
f 3890//3890 3869//3869 3891//3891
f 3891//3891 3869//3869 3868//3868
f 3891//3891 3868//3868 3892//3892
f 3892//3892 3868//3868 3867//3867
f 3892//3892 3867//3867 3042//3042
f 3042//3042 3867//3867 3866//3866
f 3042//3042 3866//3866 3040//3040
f 3040//3040 3866//3866 3865//3865
f 2959//2959 2961//2961 3893//3893
f 3893//3893 2961//2961 3005//3005
f 3893//3893 3005//3005 3894//3894
f 3894//3894 3005//3005 3880//3880
f 3894//3894 3880//3880 3895//3895
f 3895//3895 3880//3880 3881//3881
f 3895//3895 3881//3881 3896//3896
f 3896//3896 3881//3881 3882//3882
f 3896//3896 3882//3882 3897//3897
f 3897//3897 3882//3882 3883//3883
f 3897//3897 3883//3883 3898//3898
f 3898//3898 3883//3883 3884//3884
f 3898//3898 3884//3884 3899//3899
f 3899//3899 3884//3884 3885//3885
f 3899//3899 3885//3885 3900//3900
f 3900//3900 3885//3885 3886//3886
f 3900//3900 3886//3886 3901//3901
f 3901//3901 3886//3886 3887//3887
f 3901//3901 3887//3887 3902//3902
f 3902//3902 3887//3887 3888//3888
f 3902//3902 3888//3888 3903//3903
f 3903//3903 3888//3888 3889//3889
f 3903//3903 3889//3889 3904//3904
f 3904//3904 3889//3889 3890//3890
f 3904//3904 3890//3890 3905//3905
f 3905//3905 3890//3890 3891//3891
f 3905//3905 3891//3891 3906//3906
f 3906//3906 3891//3891 3892//3892
f 3906//3906 3892//3892 3907//3907
f 3907//3907 3892//3892 3042//3042
f 3907//3907 3042//3042 3908//3908
f 3908//3908 3042//3042 3041//3041
f 3907//3907 3909//3909 3906//3906
f 3906//3906 3909//3909 3910//3910
f 3906//3906 3910//3910 3905//3905
f 3905//3905 3910//3910 3911//3911
f 3905//3905 3911//3911 3904//3904
f 3904//3904 3911//3911 3912//3912
f 3904//3904 3912//3912 3903//3903
f 3903//3903 3912//3912 3913//3913
f 3903//3903 3913//3913 3902//3902
f 3902//3902 3913//3913 3914//3914
f 3902//3902 3914//3914 3901//3901
f 3901//3901 3914//3914 3915//3915
f 3901//3901 3915//3915 3900//3900
f 3900//3900 3915//3915 3916//3916
f 3900//3900 3916//3916 3899//3899
f 3899//3899 3916//3916 3917//3917
f 3899//3899 3917//3917 3898//3898
f 3898//3898 3917//3917 3918//3918
f 3898//3898 3918//3918 3897//3897
f 3897//3897 3918//3918 3919//3919
f 3897//3897 3919//3919 3896//3896
f 3896//3896 3919//3919 3920//3920
f 3896//3896 3920//3920 3895//3895
f 3895//3895 3920//3920 3921//3921
f 3895//3895 3921//3921 3894//3894
f 3894//3894 3921//3921 3922//3922
f 3894//3894 3922//3922 3893//3893
f 3893//3893 3922//3922 3923//3923
f 3893//3893 3923//3923 2959//2959
f 2959//2959 3923//3923 2957//2957
f 3908//3908 3924//3924 3907//3907
f 3907//3907 3924//3924 3117//3117
f 3907//3907 3117//3117 3909//3909
f 3909//3909 3117//3117 3039//3039
f 3909//3909 3039//3039 3910//3910
f 3910//3910 3039//3039 3413//3413
f 3910//3910 3413//3413 3911//3911
f 3911//3911 3413//3413 3415//3415
f 3911//3911 3415//3415 3912//3912
f 3912//3912 3415//3415 3417//3417
f 3912//3912 3417//3417 3913//3913
f 3913//3913 3417//3417 3419//3419
f 3913//3913 3419//3419 3914//3914
f 3914//3914 3419//3419 3421//3421
f 3914//3914 3421//3421 3915//3915
f 3915//3915 3421//3421 3423//3423
f 3915//3915 3423//3423 3916//3916
f 3916//3916 3423//3423 3425//3425
f 3916//3916 3425//3425 3917//3917
f 3917//3917 3425//3425 3427//3427
f 3917//3917 3427//3427 3918//3918
f 3918//3918 3427//3427 3429//3429
f 3918//3918 3429//3429 3919//3919
f 3919//3919 3429//3429 3431//3431
f 3919//3919 3431//3431 3920//3920
f 3920//3920 3431//3431 3433//3433
f 3920//3920 3433//3433 3921//3921
f 3921//3921 3433//3433 3435//3435
f 3921//3921 3435//3435 3922//3922
f 3922//3922 3435//3435 3437//3437
f 3922//3922 3437//3437 3923//3923
f 3923//3923 3437//3437 3439//3439
f 3923//3923 3439//3439 2957//2957
f 2957//2957 3439//3439 2952//2952
f 3004//3004 2955//2955 3439//3439
f 3439//3439 2955//2955 2953//2953
f 3439//3439 2953//2953 2952//2952
f 2948//2948 2956//2956 3925//3925
f 3925//3925 2956//2956 3004//3004
f 3925//3925 3004//3004 3926//3926
f 3926//3926 3004//3004 3438//3438
f 3926//3926 3438//3438 3927//3927
f 3927//3927 3438//3438 3436//3436
f 3927//3927 3436//3436 3928//3928
f 3928//3928 3436//3436 3434//3434
f 3928//3928 3434//3434 3929//3929
f 3929//3929 3434//3434 3432//3432
f 3929//3929 3432//3432 3930//3930
f 3930//3930 3432//3432 3430//3430
f 3930//3930 3430//3430 3931//3931
f 3931//3931 3430//3430 3428//3428
f 3931//3931 3428//3428 3932//3932
f 3932//3932 3428//3428 3426//3426
f 3932//3932 3426//3426 3933//3933
f 3933//3933 3426//3426 3424//3424
f 3933//3933 3424//3424 3934//3934
f 3934//3934 3424//3424 3422//3422
f 3934//3934 3422//3422 3935//3935
f 3935//3935 3422//3422 3420//3420
f 3935//3935 3420//3420 3936//3936
f 3936//3936 3420//3420 3418//3418
f 3936//3936 3418//3418 3937//3937
f 3937//3937 3418//3418 3416//3416
f 3937//3937 3416//3416 3938//3938
f 3938//3938 3416//3416 3414//3414
f 3938//3938 3414//3414 3939//3939
f 3939//3939 3414//3414 3412//3412
f 3939//3939 3412//3412 3940//3940
f 3940//3940 3412//3412 3411//3411
f 3940//3940 3118//3118 3939//3939
f 3939//3939 3118//3118 3036//3036
f 3939//3939 3036//3036 3938//3938
f 3938//3938 3036//3036 3442//3442
f 3938//3938 3442//3442 3937//3937
f 3937//3937 3442//3442 3444//3444
f 3937//3937 3444//3444 3936//3936
f 3936//3936 3444//3444 3446//3446
f 3936//3936 3446//3446 3935//3935
f 3935//3935 3446//3446 3448//3448
f 3935//3935 3448//3448 3934//3934
f 3934//3934 3448//3448 3450//3450
f 3934//3934 3450//3450 3933//3933
f 3933//3933 3450//3450 3452//3452
f 3933//3933 3452//3452 3932//3932
f 3932//3932 3452//3452 3454//3454
f 3932//3932 3454//3454 3931//3931
f 3931//3931 3454//3454 3456//3456
f 3931//3931 3456//3456 3930//3930
f 3930//3930 3456//3456 3458//3458
f 3930//3930 3458//3458 3929//3929
f 3929//3929 3458//3458 3460//3460
f 3929//3929 3460//3460 3928//3928
f 3928//3928 3460//3460 3462//3462
f 3928//3928 3462//3462 3927//3927
f 3927//3927 3462//3462 3464//3464
f 3927//3927 3464//3464 3926//3926
f 3926//3926 3464//3464 3466//3466
f 3926//3926 3466//3466 3925//3925
f 3925//3925 3466//3466 3468//3468
f 3925//3925 3468//3468 2948//2948
f 2948//2948 3468//3468 2949//2949
f 3003//3003 2951//2951 3468//3468
f 3468//3468 2951//2951 2950//2950
f 3468//3468 2950//2950 2949//2949
f 2943//2943 2945//2945 3941//3941
f 3941//3941 2945//2945 3003//3003
f 3941//3941 3003//3003 3942//3942
f 3942//3942 3003//3003 3467//3467
f 3942//3942 3467//3467 3943//3943
f 3943//3943 3467//3467 3465//3465
f 3943//3943 3465//3465 3944//3944
f 3944//3944 3465//3465 3463//3463
f 3944//3944 3463//3463 3945//3945
f 3945//3945 3463//3463 3461//3461
f 3945//3945 3461//3461 3946//3946
f 3946//3946 3461//3461 3459//3459
f 3946//3946 3459//3459 3947//3947
f 3947//3947 3459//3459 3457//3457
f 3947//3947 3457//3457 3948//3948
f 3948//3948 3457//3457 3455//3455
f 3948//3948 3455//3455 3949//3949
f 3949//3949 3455//3455 3453//3453
f 3949//3949 3453//3453 3950//3950
f 3950//3950 3453//3453 3451//3451
f 3950//3950 3451//3451 3951//3951
f 3951//3951 3451//3451 3449//3449
f 3951//3951 3449//3449 3952//3952
f 3952//3952 3449//3449 3447//3447
f 3952//3952 3447//3447 3953//3953
f 3953//3953 3447//3447 3445//3445
f 3953//3953 3445//3445 3954//3954
f 3954//3954 3445//3445 3443//3443
f 3954//3954 3443//3443 3033//3033
f 3033//3033 3443//3443 3441//3441
f 3033//3033 3441//3441 3031//3031
f 3031//3031 3441//3441 3440//3440
f 3032//3032 3028//3028 3033//3033
f 3033//3033 3028//3028 3030//3030
f 3033//3033 3030//3030 3954//3954
f 3954//3954 3030//3030 3955//3955
f 3954//3954 3955//3955 3953//3953
f 3953//3953 3955//3955 3956//3956
f 3953//3953 3956//3956 3952//3952
f 3952//3952 3956//3956 3957//3957
f 3952//3952 3957//3957 3951//3951
f 3951//3951 3957//3957 3958//3958
f 3951//3951 3958//3958 3950//3950
f 3950//3950 3958//3958 3959//3959
f 3950//3950 3959//3959 3949//3949
f 3949//3949 3959//3959 3960//3960
f 3949//3949 3960//3960 3948//3948
f 3948//3948 3960//3960 3961//3961
f 3948//3948 3961//3961 3947//3947
f 3947//3947 3961//3961 3962//3962
f 3947//3947 3962//3962 3946//3946
f 3946//3946 3962//3962 3963//3963
f 3946//3946 3963//3963 3945//3945
f 3945//3945 3963//3963 3964//3964
f 3945//3945 3964//3964 3944//3944
f 3944//3944 3964//3964 3965//3965
f 3944//3944 3965//3965 3943//3943
f 3943//3943 3965//3965 3966//3966
f 3943//3943 3966//3966 3942//3942
f 3942//3942 3966//3966 3967//3967
f 3942//3942 3967//3967 3941//3941
f 3941//3941 3967//3967 3002//3002
f 3941//3941 3002//3002 2943//2943
f 2943//2943 3002//3002 2869//2869
f 2942//2942 2870//2870 3001//3001
f 3001//3001 2870//2870 3002//3002
f 3001//3001 3002//3002 3968//3968
f 3968//3968 3002//3002 3967//3967
f 3968//3968 3967//3967 3969//3969
f 3969//3969 3967//3967 3966//3966
f 3969//3969 3966//3966 3970//3970
f 3970//3970 3966//3966 3965//3965
f 3970//3970 3965//3965 3971//3971
f 3971//3971 3965//3965 3964//3964
f 3971//3971 3964//3964 3972//3972
f 3972//3972 3964//3964 3963//3963
f 3972//3972 3963//3963 3973//3973
f 3973//3973 3963//3963 3962//3962
f 3973//3973 3962//3962 3974//3974
f 3974//3974 3962//3962 3961//3961
f 3974//3974 3961//3961 3975//3975
f 3975//3975 3961//3961 3960//3960
f 3975//3975 3960//3960 3976//3976
f 3976//3976 3960//3960 3959//3959
f 3976//3976 3959//3959 3977//3977
f 3977//3977 3959//3959 3958//3958
f 3977//3977 3958//3958 3978//3978
f 3978//3978 3958//3958 3957//3957
f 3978//3978 3957//3957 3979//3979
f 3979//3979 3957//3957 3956//3956
f 3979//3979 3956//3956 3980//3980
f 3980//3980 3956//3956 3955//3955
f 3980//3980 3955//3955 3981//3981
f 3981//3981 3955//3955 3030//3030
f 3981//3981 3030//3030 3982//3982
f 3982//3982 3030//3030 3029//3029
f 2939//2939 2941//2941 3983//3983
f 3983//3983 2941//2941 3001//3001
f 3983//3983 3001//3001 3984//3984
f 3984//3984 3001//3001 3968//3968
f 3984//3984 3968//3968 3985//3985
f 3985//3985 3968//3968 3969//3969
f 3985//3985 3969//3969 3986//3986
f 3986//3986 3969//3969 3970//3970
f 3986//3986 3970//3970 3987//3987
f 3987//3987 3970//3970 3971//3971
f 3987//3987 3971//3971 3988//3988
f 3988//3988 3971//3971 3972//3972
f 3988//3988 3972//3972 3989//3989
f 3989//3989 3972//3972 3973//3973
f 3989//3989 3973//3973 3990//3990
f 3990//3990 3973//3973 3974//3974
f 3990//3990 3974//3974 3991//3991
f 3991//3991 3974//3974 3975//3975
f 3991//3991 3975//3975 3992//3992
f 3992//3992 3975//3975 3976//3976
f 3992//3992 3976//3976 3993//3993
f 3993//3993 3976//3976 3977//3977
f 3993//3993 3977//3977 3994//3994
f 3994//3994 3977//3977 3978//3978
f 3994//3994 3978//3978 3995//3995
f 3995//3995 3978//3978 3979//3979
f 3995//3995 3979//3979 3996//3996
f 3996//3996 3979//3979 3980//3980
f 3996//3996 3980//3980 3027//3027
f 3027//3027 3980//3980 3981//3981
f 3027//3027 3981//3981 3025//3025
f 3025//3025 3981//3981 3982//3982
f 3026//3026 3469//3469 3027//3027
f 3027//3027 3469//3469 3470//3470
f 3027//3027 3470//3470 3996//3996
f 3996//3996 3470//3470 3471//3471
f 3996//3996 3471//3471 3995//3995
f 3995//3995 3471//3471 3472//3472
f 3995//3995 3472//3472 3994//3994
f 3994//3994 3472//3472 3473//3473
f 3994//3994 3473//3473 3993//3993
f 3993//3993 3473//3473 3474//3474
f 3993//3993 3474//3474 3992//3992
f 3992//3992 3474//3474 3475//3475
f 3992//3992 3475//3475 3991//3991
f 3991//3991 3475//3475 3476//3476
f 3991//3991 3476//3476 3990//3990
f 3990//3990 3476//3476 3477//3477
f 3990//3990 3477//3477 3989//3989
f 3989//3989 3477//3477 3478//3478
f 3989//3989 3478//3478 3988//3988
f 3988//3988 3478//3478 3479//3479
f 3988//3988 3479//3479 3987//3987
f 3987//3987 3479//3479 3480//3480
f 3987//3987 3480//3480 3986//3986
f 3986//3986 3480//3480 3481//3481
f 3986//3986 3481//3481 3985//3985
f 3985//3985 3481//3481 3482//3482
f 3985//3985 3482//3482 3984//3984
f 3984//3984 3482//3482 3483//3483
f 3984//3984 3483//3483 3983//3983
f 3983//3983 3483//3483 3484//3484
f 3983//3983 3484//3484 2939//2939
f 2939//2939 3484//3484 2937//2937
f 3997//3997 3998//3998 3111//3111
f 3111//3111 3998//3998 3091//3091
f 3091//3091 3998//3998 3999//3999
f 3091//3091 3999//3999 3092//3092
f 3092//3092 3999//3999 4000//4000
f 3092//3092 4000//4000 3207//3207
f 3207//3207 4000//4000 4001//4001
f 3207//3207 4001//4001 3088//3088
f 3088//3088 4001//4001 4002//4002
f 3088//3088 4002//4002 3089//3089
f 3089//3089 4002//4002 4003//4003
f 3089//3089 4003//4003 3085//3085
f 3085//3085 4003//4003 4004//4004
f 3085//3085 4004//4004 3086//3086
f 3086//3086 4004//4004 4005//4005
f 3086//3086 4005//4005 3601//3601
f 3601//3601 4005//4005 4006//4006
f 3601//3601 4006//4006 3082//3082
f 3082//3082 4006//4006 4007//4007
f 3082//3082 4007//4007 3083//3083
f 3083//3083 4007//4007 4008//4008
f 3083//3083 4008//4008 3644//3644
f 3644//3644 4008//4008 4009//4009
f 3644//3644 4009//4009 3660//3660
f 3660//3660 4009//4009 4010//4010
f 3660//3660 4010//4010 3112//3112
f 3112//3112 4010//4010 4011//4011
f 3112//3112 4011//4011 3079//3079
f 3079//3079 4011//4011 4012//4012
f 3079//3079 4012//4012 3080//3080
f 3080//3080 4012//4012 4013//4013
f 3080//3080 4013//4013 3236//3236
f 3236//3236 4013//4013 4014//4014
f 3236//3236 4014//4014 3676//3676
f 3676//3676 4014//4014 3113//3113
f 3113//3113 4014//4014 4015//4015
f 3113//3113 4015//4015 3076//3076
f 3076//3076 4015//4015 4016//4016
f 3076//3076 4016//4016 3077//3077
f 3077//3077 4016//4016 4017//4017
f 3077//3077 4017//4017 3265//3265
f 3265//3265 4017//4017 4018//4018
f 3265//3265 4018//4018 3073//3073
f 3073//3073 4018//4018 4019//4019
f 3073//3073 4019//4019 3074//3074
f 3074//3074 4019//4019 4020//4020
f 3074//3074 4020//4020 3070//3070
f 3070//3070 4020//4020 4021//4021
f 3070//3070 4021//4021 3071//3071
f 3071//3071 4021//4021 4022//4022
f 3071//3071 4022//4022 3718//3718
f 3718//3718 4022//4022 4023//4023
f 3718//3718 4023//4023 3067//3067
f 3067//3067 4023//4023 4024//4024
f 3067//3067 4024//4024 3068//3068
f 3068//3068 4024//4024 4025//4025
f 3068//3068 4025//4025 3733//3733
f 4025//4025 4026//4026 3733//3733
f 3733//3733 4026//4026 4027//4027
f 3733//3733 4027//4027 3114//3114
f 3114//3114 4027//4027 4028//4028
f 3114//3114 4028//4028 3064//3064
f 3064//3064 4028//4028 4029//4029
f 3064//3064 4029//4029 3065//3065
f 3065//3065 4029//4029 4030//4030
f 3065//3065 4030//4030 3764//3764
f 3764//3764 4030//4030 4031//4031
f 3764//3764 4031//4031 3322//3322
f 3322//3322 4031//4031 4032//4032
f 3322//3322 4032//4032 3115//3115
f 3115//3115 4032//4032 4033//4033
f 4034//4034 3044//3044 4035//4035
f 4035//4035 3044//3044 3043//3043
f 4035//4035 3043//3043 4036//4036
f 4036//4036 3043//3043 3047//3047
f 4036//4036 3047//3047 4037//4037
f 4037//4037 3047//3047 3046//3046
f 4037//4037 3046//3046 4038//4038
f 4038//4038 3046//3046 3382//3382
f 4038//4038 3382//3382 4039//4039
f 4039//4039 3382//3382 3050//3050
f 4039//4039 3050//3050 4040//4040
f 4040//4040 3050//3050 3049//3049
f 4040//4040 3049//3049 4041//4041
f 4041//4041 3049//3049 3116//3116
f 4041//4041 3116//3116 4042//4042
f 4042//4042 3116//3116 3352//3352
f 4042//4042 3352//3352 4043//4043
f 4043//4043 3352//3352 3351//3351
f 4043//4043 3351//3351 4044//4044
f 4044//4044 3351//3351 3053//3053
f 4044//4044 3053//3053 4045//4045
f 4045//4045 3053//3053 3052//3052
f 4045//4045 3052//3052 4046//4046
f 4046//4046 3052//3052 3822//3822
f 4046//4046 3822//3822 4047//4047
f 4047//4047 3822//3822 3056//3056
f 4047//4047 3056//3056 4048//4048
f 4048//4048 3056//3056 3055//3055
f 4048//4048 3055//3055 4049//4049
f 4049//4049 3055//3055 3059//3059
f 4049//4049 3059//3059 4050//4050
f 4050//4050 3059//3059 3058//3058
f 4050//4050 3058//3058 4051//4051
f 4051//4051 3058//3058 3780//3780
f 4051//4051 3780//3780 4052//4052
f 4052//4052 3780//3780 3062//3062
f 4052//4052 3062//3062 4033//4033
f 4033//4033 3062//3062 3061//3061
f 4033//4033 3061//3061 3115//3115
f 4053//4053 3982//3982 4054//4054
f 4054//4054 3982//3982 3029//3029
f 4054//4054 3029//3029 4055//4055
f 4055//4055 3029//3029 3028//3028
f 4055//4055 3028//3028 4056//4056
f 4056//4056 3028//3028 3032//3032
f 4056//4056 3032//3032 4057//4057
f 4057//4057 3032//3032 3031//3031
f 4057//4057 3031//3031 4058//4058
f 4058//4058 3031//3031 3440//3440
f 4058//4058 3440//3440 4059//4059
f 4059//4059 3440//3440 3035//3035
f 4059//4059 3035//3035 4060//4060
f 4060//4060 3035//3035 3034//3034
f 4060//4060 3034//3034 4061//4061
f 4061//4061 3034//3034 3118//3118
f 4061//4061 3118//3118 4062//4062
f 4062//4062 3118//3118 3940//3940
f 4062//4062 3940//3940 4063//4063
f 4063//4063 3940//3940 3411//3411
f 4063//4063 3411//3411 4064//4064
f 4064//4064 3411//3411 3038//3038
f 4064//4064 3038//3038 4065//4065
f 4065//4065 3038//3038 3037//3037
f 4065//4065 3037//3037 4066//4066
f 4066//4066 3037//3037 3117//3117
f 4066//4066 3117//3117 4067//4067
f 4067//4067 3117//3117 3924//3924
f 4067//4067 3924//3924 4068//4068
f 4068//4068 3924//3924 3908//3908
f 4068//4068 3908//3908 4069//4069
f 4069//4069 3908//3908 3041//3041
f 4069//4069 3041//3041 4070//4070
f 4070//4070 3041//3041 3040//3040
f 4070//4070 3040//3040 4034//4034
f 4034//4034 3040//3040 3865//3865
f 4034//4034 3865//3865 3044//3044
f 3111//3111 3177//3177 3997//3997
f 3997//3997 3177//3177 3176//3176
f 3997//3997 3176//3176 4071//4071
f 4071//4071 3176//3176 3095//3095
f 4071//4071 3095//3095 4072//4072
f 4072//4072 3095//3095 3094//3094
f 4072//4072 3094//3094 4073//4073
f 4073//4073 3094//3094 3558//3558
f 4073//4073 3558//3558 4074//4074
f 4074//4074 3558//3558 3098//3098
f 4074//4074 3098//3098 4075//4075
f 4075//4075 3098//3098 3097//3097
f 4075//4075 3097//3097 4076//4076
f 4076//4076 3097//3097 3101//3101
f 4076//4076 3101//3101 4077//4077
f 4077//4077 3101//3101 3100//3100
f 4077//4077 3100//3100 4078//4078
f 4078//4078 3100//3100 3516//3516
f 4078//4078 3516//3516 4079//4079
f 4079//4079 3516//3516 3104//3104
f 4079//4079 3104//3104 4080//4080
f 4080//4080 3104//3104 3103//3103
f 4080//4080 3103//3103 4081//4081
f 4081//4081 3103//3103 3110//3110
f 4081//4081 3110//3110 4082//4082
f 4082//4082 3110//3110 3147//3147
f 4082//4082 3147//3147 4083//4083
f 4083//4083 3147//3147 3500//3500
f 4083//4083 3500//3500 4084//4084
f 4084//4084 3500//3500 3107//3107
f 4084//4084 3107//3107 4085//4085
f 4085//4085 3107//3107 3106//3106
f 4085//4085 3106//3106 4086//4086
f 4086//4086 3106//3106 3109//3109
f 4086//4086 3109//3109 4087//4087
f 4087//4087 3109//3109 3469//3469
f 4087//4087 3469//3469 4088//4088
f 4088//4088 3469//3469 3026//3026
f 4088//4088 3026//3026 4053//4053
f 4053//4053 3026//3026 3025//3025
f 4053//4053 3025//3025 3982//3982
f 4053//4053 4054//4054 4089//4089
f 4058//4058 4059//4059 4090//4090
f 4063//4063 4064//4064 4091//4091
f 4065//4065 4066//4066 4092//4092
f 4068//4068 4069//4069 4093//4093
f 4070//4070 4034//4034 4094//4094
f 4036//4036 4037//4037 4095//4095
f 4038//4038 4039//4039 4096//4096
f 4043//4043 4044//4044 4097//4097
f 4048//4048 4049//4049 4098//4098
f 4050//4050 4051//4051 4099//4099
f 4033//4033 4032//4032 4100//4100
f 4031//4031 4030//4030 4101//4101
f 4028//4028 4027//4027 4102//4102
f 4026//4026 4025//4025 4103//4103
f 4021//4021 4020//4020 4104//4104
f 4016//4016 4015//4015 4105//4105
f 4014//4014 4013//4013 4106//4106
f 4011//4011 4010//4010 4107//4107
f 4009//4009 4008//4008 4108//4108
f 4006//4006 4005//4005 4109//4109
f 4004//4004 4003//4003 4110//4110
f 4002//4002 4001//4001 4111//4111
f 3999//3999 3998//3998 4112//4112
f 4073//4073 4074//4074 4113//4113
f 4078//4078 4079//4079 4114//4114
f 4080//4080 4081//4081 4115//4115
f 4083//4083 4084//4084 4116//4116
f 4085//4085 4086//4086 4117//4117
f 4118//4118 4119//4119 4120//4120
f 4120//4120 4119//4119 4121//4121
f 4120//4120 4121//4121 4122//4122
f 4122//4122 4121//4121 4123//4123
f 4122//4122 4123//4123 4124//4124
f 4124//4124 4123//4123 4125//4125
f 4124//4124 4125//4125 4126//4126
f 4126//4126 4125//4125 4127//4127
f 4126//4126 4127//4127 4128//4128
f 4128//4128 4127//4127 4129//4129
f 4128//4128 4129//4129 4130//4130
f 4130//4130 4129//4129 4131//4131
f 4130//4130 4131//4131 4132//4132
f 4132//4132 4131//4131 4133//4133
f 4132//4132 4133//4133 4134//4134
f 4134//4134 4133//4133 4135//4135
f 4134//4134 4135//4135 4136//4136
f 4136//4136 4135//4135 4137//4137
f 4136//4136 4137//4137 4138//4138
f 4138//4138 4137//4137 4139//4139
f 4138//4138 4139//4139 4140//4140
f 4140//4140 4139//4139 4141//4141
f 4140//4140 4141//4141 4142//4142
f 4142//4142 4141//4141 4143//4143
f 4142//4142 4143//4143 4144//4144
f 4144//4144 4143//4143 4145//4145
f 4144//4144 4145//4145 4146//4146
f 4146//4146 4145//4145 4147//4147
f 4146//4146 4147//4147 4148//4148
f 4148//4148 4147//4147 4149//4149
f 4148//4148 4149//4149 4150//4150
f 4150//4150 4149//4149 4151//4151
f 4150//4150 4151//4151 4152//4152
f 4152//4152 4151//4151 4153//4153
f 4152//4152 4153//4153 4154//4154
f 4154//4154 4153//4153 4113//4113
f 4155//4155 4156//4156 4157//4157
f 4157//4157 4156//4156 4158//4158
f 4157//4157 4158//4158 4159//4159
f 4159//4159 4158//4158 4160//4160
f 4159//4159 4160//4160 4161//4161
f 4161//4161 4160//4160 4162//4162
f 4161//4161 4162//4162 4163//4163
f 4163//4163 4162//4162 4164//4164
f 4163//4163 4164//4164 4165//4165
f 4165//4165 4164//4164 4166//4166
f 4165//4165 4166//4166 4167//4167
f 4167//4167 4166//4166 4168//4168
f 4167//4167 4168//4168 4169//4169
f 4169//4169 4168//4168 4170//4170
f 4169//4169 4170//4170 4171//4171
f 4171//4171 4170//4170 4172//4172
f 4171//4171 4172//4172 4173//4173
f 4173//4173 4172//4172 4174//4174
f 4173//4173 4174//4174 4175//4175
f 4175//4175 4174//4174 4176//4176
f 4175//4175 4176//4176 4177//4177
f 4177//4177 4176//4176 4178//4178
f 4177//4177 4178//4178 4179//4179
f 4179//4179 4178//4178 4180//4180
f 4179//4179 4180//4180 4181//4181
f 4181//4181 4180//4180 4182//4182
f 4181//4181 4182//4182 4183//4183
f 4183//4183 4182//4182 4184//4184
f 4183//4183 4184//4184 4185//4185
f 4185//4185 4184//4184 4186//4186
f 4185//4185 4186//4186 4187//4187
f 4187//4187 4186//4186 4188//4188
f 4187//4187 4188//4188 4189//4189
f 4189//4189 4188//4188 4190//4190
f 4189//4189 4190//4190 4191//4191
f 4191//4191 4190//4190 4112//4112
f 4192//4192 4193//4193 4194//4194
f 4194//4194 4193//4193 4195//4195
f 4194//4194 4195//4195 4196//4196
f 4196//4196 4195//4195 4197//4197
f 4196//4196 4197//4197 4198//4198
f 4198//4198 4197//4197 4199//4199
f 4198//4198 4199//4199 4200//4200
f 4200//4200 4199//4199 4201//4201
f 4200//4200 4201//4201 4202//4202
f 4202//4202 4201//4201 4203//4203
f 4202//4202 4203//4203 4204//4204
f 4204//4204 4203//4203 4205//4205
f 4204//4204 4205//4205 4206//4206
f 4206//4206 4205//4205 4207//4207
f 4206//4206 4207//4207 4208//4208
f 4208//4208 4207//4207 4209//4209
f 4208//4208 4209//4209 4210//4210
f 4210//4210 4209//4209 4211//4211
f 4210//4210 4211//4211 4212//4212
f 4212//4212 4211//4211 4213//4213
f 4212//4212 4213//4213 4214//4214
f 4214//4214 4213//4213 4215//4215
f 4214//4214 4215//4215 4216//4216
f 4216//4216 4215//4215 4217//4217
f 4216//4216 4217//4217 4218//4218
f 4218//4218 4217//4217 4219//4219
f 4218//4218 4219//4219 4220//4220
f 4220//4220 4219//4219 4221//4221
f 4220//4220 4221//4221 4222//4222
f 4222//4222 4221//4221 4223//4223
f 4222//4222 4223//4223 4224//4224
f 4224//4224 4223//4223 4225//4225
f 4224//4224 4225//4225 4226//4226
f 4226//4226 4225//4225 4227//4227
f 4226//4226 4227//4227 4228//4228
f 4228//4228 4227//4227 4104//4104
f 4229//4229 4230//4230 4231//4231
f 4231//4231 4230//4230 4232//4232
f 4231//4231 4232//4232 4233//4233
f 4233//4233 4232//4232 4234//4234
f 4233//4233 4234//4234 4235//4235
f 4235//4235 4234//4234 4236//4236
f 4235//4235 4236//4236 4237//4237
f 4237//4237 4236//4236 4238//4238
f 4237//4237 4238//4238 4239//4239
f 4239//4239 4238//4238 4240//4240
f 4239//4239 4240//4240 4241//4241
f 4241//4241 4240//4240 4242//4242
f 4241//4241 4242//4242 4243//4243
f 4243//4243 4242//4242 4244//4244
f 4243//4243 4244//4244 4245//4245
f 4245//4245 4244//4244 4246//4246
f 4245//4245 4246//4246 4247//4247
f 4247//4247 4246//4246 4248//4248
f 4247//4247 4248//4248 4249//4249
f 4249//4249 4248//4248 4250//4250
f 4249//4249 4250//4250 4251//4251
f 4251//4251 4250//4250 4252//4252
f 4251//4251 4252//4252 4253//4253
f 4253//4253 4252//4252 4254//4254
f 4253//4253 4254//4254 4255//4255
f 4255//4255 4254//4254 4256//4256
f 4255//4255 4256//4256 4257//4257
f 4257//4257 4256//4256 4258//4258
f 4257//4257 4258//4258 4259//4259
f 4259//4259 4258//4258 4260//4260
f 4259//4259 4260//4260 4261//4261
f 4261//4261 4260//4260 4262//4262
f 4261//4261 4262//4262 4263//4263
f 4263//4263 4262//4262 4264//4264
f 4263//4263 4264//4264 4265//4265
f 4265//4265 4264//4264 4103//4103
f 4266//4266 4267//4267 4268//4268
f 4268//4268 4267//4267 4269//4269
f 4268//4268 4269//4269 4270//4270
f 4270//4270 4269//4269 4271//4271
f 4270//4270 4271//4271 4272//4272
f 4272//4272 4271//4271 4273//4273
f 4272//4272 4273//4273 4274//4274
f 4274//4274 4273//4273 4275//4275
f 4274//4274 4275//4275 4276//4276
f 4276//4276 4275//4275 4277//4277
f 4276//4276 4277//4277 4278//4278
f 4278//4278 4277//4277 4279//4279
f 4278//4278 4279//4279 4280//4280
f 4280//4280 4279//4279 4281//4281
f 4280//4280 4281//4281 4282//4282
f 4282//4282 4281//4281 4283//4283
f 4282//4282 4283//4283 4284//4284
f 4284//4284 4283//4283 4285//4285
f 4284//4284 4285//4285 4286//4286
f 4286//4286 4285//4285 4287//4287
f 4286//4286 4287//4287 4288//4288
f 4288//4288 4287//4287 4289//4289
f 4288//4288 4289//4289 4290//4290
f 4290//4290 4289//4289 4291//4291
f 4290//4290 4291//4291 4292//4292
f 4292//4292 4291//4291 4293//4293
f 4292//4292 4293//4293 4294//4294
f 4294//4294 4293//4293 4295//4295
f 4294//4294 4295//4295 4296//4296
f 4296//4296 4295//4295 4297//4297
f 4296//4296 4297//4297 4298//4298
f 4298//4298 4297//4297 4299//4299
f 4298//4298 4299//4299 4300//4300
f 4300//4300 4299//4299 4301//4301
f 4300//4300 4301//4301 4302//4302
f 4302//4302 4301//4301 4097//4097
f 4303//4303 4304//4304 4305//4305
f 4305//4305 4304//4304 4306//4306
f 4305//4305 4306//4306 4307//4307
f 4307//4307 4306//4306 4308//4308
f 4307//4307 4308//4308 4309//4309
f 4309//4309 4308//4308 4310//4310
f 4309//4309 4310//4310 4311//4311
f 4311//4311 4310//4310 4312//4312
f 4311//4311 4312//4312 4313//4313
f 4313//4313 4312//4312 4314//4314
f 4313//4313 4314//4314 4315//4315
f 4315//4315 4314//4314 4316//4316
f 4315//4315 4316//4316 4317//4317
f 4317//4317 4316//4316 4318//4318
f 4317//4317 4318//4318 4319//4319
f 4319//4319 4318//4318 4320//4320
f 4319//4319 4320//4320 4321//4321
f 4321//4321 4320//4320 4322//4322
f 4321//4321 4322//4322 4323//4323
f 4323//4323 4322//4322 4324//4324
f 4323//4323 4324//4324 4325//4325
f 4325//4325 4324//4324 4326//4326
f 4325//4325 4326//4326 4327//4327
f 4327//4327 4326//4326 4328//4328
f 4327//4327 4328//4328 4329//4329
f 4329//4329 4328//4328 4330//4330
f 4329//4329 4330//4330 4331//4331
f 4331//4331 4330//4330 4332//4332
f 4331//4331 4332//4332 4333//4333
f 4333//4333 4332//4332 4334//4334
f 4333//4333 4334//4334 4335//4335
f 4335//4335 4334//4334 4336//4336
f 4335//4335 4336//4336 4337//4337
f 4337//4337 4336//4336 4338//4338
f 4337//4337 4338//4338 4339//4339
f 4339//4339 4338//4338 4096//4096
f 4340//4340 4341//4341 4342//4342
f 4342//4342 4341//4341 4343//4343
f 4342//4342 4343//4343 4344//4344
f 4344//4344 4343//4343 4345//4345
f 4344//4344 4345//4345 4346//4346
f 4346//4346 4345//4345 4347//4347
f 4346//4346 4347//4347 4348//4348
f 4348//4348 4347//4347 4349//4349
f 4348//4348 4349//4349 4350//4350
f 4350//4350 4349//4349 4351//4351
f 4350//4350 4351//4351 4352//4352
f 4352//4352 4351//4351 4353//4353
f 4352//4352 4353//4353 4354//4354
f 4354//4354 4353//4353 4355//4355
f 4354//4354 4355//4355 4356//4356
f 4356//4356 4355//4355 4357//4357
f 4356//4356 4357//4357 4358//4358
f 4358//4358 4357//4357 4359//4359
f 4358//4358 4359//4359 4360//4360
f 4360//4360 4359//4359 4361//4361
f 4360//4360 4361//4361 4362//4362
f 4362//4362 4361//4361 4363//4363
f 4362//4362 4363//4363 4364//4364
f 4364//4364 4363//4363 4365//4365
f 4364//4364 4365//4365 4366//4366
f 4366//4366 4365//4365 4367//4367
f 4366//4366 4367//4367 4368//4368
f 4368//4368 4367//4367 4369//4369
f 4368//4368 4369//4369 4370//4370
f 4370//4370 4369//4369 4371//4371
f 4370//4370 4371//4371 4372//4372
f 4372//4372 4371//4371 4373//4373
f 4372//4372 4373//4373 4374//4374
f 4374//4374 4373//4373 4375//4375
f 4374//4374 4375//4375 4376//4376
f 4376//4376 4375//4375 4090//4090
f 4377//4377 4378//4378 4379//4379
f 4379//4379 4378//4378 4380//4380
f 4379//4379 4380//4380 4381//4381
f 4381//4381 4380//4380 4382//4382
f 4381//4381 4382//4382 4383//4383
f 4383//4383 4382//4382 4384//4384
f 4383//4383 4384//4384 4385//4385
f 4385//4385 4384//4384 4386//4386
f 4385//4385 4386//4386 4387//4387
f 4387//4387 4386//4386 4388//4388
f 4387//4387 4388//4388 4389//4389
f 4389//4389 4388//4388 4390//4390
f 4389//4389 4390//4390 4391//4391
f 4391//4391 4390//4390 4392//4392
f 4391//4391 4392//4392 4393//4393
f 4393//4393 4392//4392 4394//4394
f 4393//4393 4394//4394 4395//4395
f 4395//4395 4394//4394 4396//4396
f 4395//4395 4396//4396 4397//4397
f 4397//4397 4396//4396 4398//4398
f 4397//4397 4398//4398 4399//4399
f 4399//4399 4398//4398 4400//4400
f 4399//4399 4400//4400 4401//4401
f 4401//4401 4400//4400 4402//4402
f 4401//4401 4402//4402 4403//4403
f 4403//4403 4402//4402 4404//4404
f 4403//4403 4404//4404 4405//4405
f 4405//4405 4404//4404 4406//4406
f 4405//4405 4406//4406 4407//4407
f 4407//4407 4406//4406 4408//4408
f 4407//4407 4408//4408 4409//4409
f 4409//4409 4408//4408 4410//4410
f 4409//4409 4410//4410 4411//4411
f 4411//4411 4410//4410 4412//4412
f 4411//4411 4412//4412 4413//4413
f 4413//4413 4412//4412 4089//4089
f 4414//4414 4415//4415 4416//4416
f 4416//4416 4415//4415 4417//4417
f 4416//4416 4417//4417 4418//4418
f 4418//4418 4417//4417 4419//4419
f 4418//4418 4419//4419 4420//4420
f 4420//4420 4419//4419 4421//4421
f 4420//4420 4421//4421 4422//4422
f 4422//4422 4421//4421 4423//4423
f 4422//4422 4423//4423 4424//4424
f 4424//4424 4423//4423 4425//4425
f 4424//4424 4425//4425 4426//4426
f 4426//4426 4425//4425 4427//4427
f 4426//4426 4427//4427 4428//4428
f 4428//4428 4427//4427 4429//4429
f 4428//4428 4429//4429 4430//4430
f 4430//4430 4429//4429 4431//4431
f 4430//4430 4431//4431 4432//4432
f 4432//4432 4431//4431 4433//4433
f 4432//4432 4433//4433 4434//4434
f 4434//4434 4433//4433 4435//4435
f 4434//4434 4435//4435 4436//4436
f 4436//4436 4435//4435 4437//4437
f 4436//4436 4437//4437 4438//4438
f 4438//4438 4437//4437 4439//4439
f 4438//4438 4439//4439 4440//4440
f 4440//4440 4439//4439 4441//4441
f 4440//4440 4441//4441 4442//4442
f 4442//4442 4441//4441 4443//4443
f 4442//4442 4443//4443 4444//4444
f 4444//4444 4443//4443 4445//4445
f 4444//4444 4445//4445 4446//4446
f 4446//4446 4445//4445 4447//4447
f 4446//4446 4447//4447 4448//4448
f 4448//4448 4447//4447 4449//4449
f 4448//4448 4449//4449 4450//4450
f 4450//4450 4449//4449 4117//4117
f 4450//4450 4117//4117 4087//4087
f 4087//4087 4117//4117 4086//4086
f 4415//4415 4451//4451 4417//4417
f 4417//4417 4451//4451 4452//4452
f 4417//4417 4452//4452 4419//4419
f 4419//4419 4452//4452 4453//4453
f 4419//4419 4453//4453 4421//4421
f 4421//4421 4453//4453 4454//4454
f 4421//4421 4454//4454 4423//4423
f 4423//4423 4454//4454 4455//4455
f 4423//4423 4455//4455 4425//4425
f 4425//4425 4455//4455 4456//4456
f 4425//4425 4456//4456 4427//4427
f 4427//4427 4456//4456 4457//4457
f 4427//4427 4457//4457 4429//4429
f 4429//4429 4457//4457 4458//4458
f 4429//4429 4458//4458 4431//4431
f 4431//4431 4458//4458 4459//4459
f 4431//4431 4459//4459 4433//4433
f 4433//4433 4459//4459 4460//4460
f 4433//4433 4460//4460 4435//4435
f 4435//4435 4460//4460 4461//4461
f 4435//4435 4461//4461 4437//4437
f 4437//4437 4461//4461 4462//4462
f 4437//4437 4462//4462 4439//4439
f 4439//4439 4462//4462 4463//4463
f 4439//4439 4463//4463 4441//4441
f 4441//4441 4463//4463 4464//4464
f 4441//4441 4464//4464 4443//4443
f 4443//4443 4464//4464 4465//4465
f 4443//4443 4465//4465 4445//4445
f 4445//4445 4465//4465 4466//4466
f 4445//4445 4466//4466 4447//4447
f 4447//4447 4466//4466 4467//4467
f 4447//4447 4467//4467 4449//4449
f 4449//4449 4467//4467 4468//4468
f 4449//4449 4468//4468 4117//4117
f 4117//4117 4468//4468 4116//4116
f 4117//4117 4116//4116 4085//4085
f 4085//4085 4116//4116 4084//4084
f 4082//4082 4083//4083 4469//4469
f 4469//4469 4083//4083 4116//4116
f 4469//4469 4116//4116 4470//4470
f 4470//4470 4116//4116 4468//4468
f 4470//4470 4468//4468 4471//4471
f 4471//4471 4468//4468 4467//4467
f 4471//4471 4467//4467 4472//4472
f 4472//4472 4467//4467 4466//4466
f 4472//4472 4466//4466 4473//4473
f 4473//4473 4466//4466 4465//4465
f 4473//4473 4465//4465 4474//4474
f 4474//4474 4465//4465 4464//4464
f 4474//4474 4464//4464 4475//4475
f 4475//4475 4464//4464 4463//4463
f 4475//4475 4463//4463 4476//4476
f 4476//4476 4463//4463 4462//4462
f 4476//4476 4462//4462 4477//4477
f 4477//4477 4462//4462 4461//4461
f 4477//4477 4461//4461 4478//4478
f 4478//4478 4461//4461 4460//4460
f 4478//4478 4460//4460 4479//4479
f 4479//4479 4460//4460 4459//4459
f 4479//4479 4459//4459 4480//4480
f 4480//4480 4459//4459 4458//4458
f 4480//4480 4458//4458 4481//4481
f 4481//4481 4458//4458 4457//4457
f 4481//4481 4457//4457 4482//4482
f 4482//4482 4457//4457 4456//4456
f 4482//4482 4456//4456 4483//4483
f 4483//4483 4456//4456 4455//4455
f 4483//4483 4455//4455 4484//4484
f 4484//4484 4455//4455 4454//4454
f 4484//4484 4454//4454 4485//4485
f 4485//4485 4454//4454 4453//4453
f 4485//4485 4453//4453 4486//4486
f 4486//4486 4453//4453 4452//4452
f 4486//4486 4452//4452 4487//4487
f 4487//4487 4452//4452 4451//4451
f 4487//4487 4488//4488 4486//4486
f 4486//4486 4488//4488 4489//4489
f 4486//4486 4489//4489 4485//4485
f 4485//4485 4489//4489 4490//4490
f 4485//4485 4490//4490 4484//4484
f 4484//4484 4490//4490 4491//4491
f 4484//4484 4491//4491 4483//4483
f 4483//4483 4491//4491 4492//4492
f 4483//4483 4492//4492 4482//4482
f 4482//4482 4492//4492 4493//4493
f 4482//4482 4493//4493 4481//4481
f 4481//4481 4493//4493 4494//4494
f 4481//4481 4494//4494 4480//4480
f 4480//4480 4494//4494 4495//4495
f 4480//4480 4495//4495 4479//4479
f 4479//4479 4495//4495 4496//4496
f 4479//4479 4496//4496 4478//4478
f 4478//4478 4496//4496 4497//4497
f 4478//4478 4497//4497 4477//4477
f 4477//4477 4497//4497 4498//4498
f 4477//4477 4498//4498 4476//4476
f 4476//4476 4498//4498 4499//4499
f 4476//4476 4499//4499 4475//4475
f 4475//4475 4499//4499 4500//4500
f 4475//4475 4500//4500 4474//4474
f 4474//4474 4500//4500 4501//4501
f 4474//4474 4501//4501 4473//4473
f 4473//4473 4501//4501 4502//4502
f 4473//4473 4502//4502 4472//4472
f 4472//4472 4502//4502 4503//4503
f 4472//4472 4503//4503 4471//4471
f 4471//4471 4503//4503 4504//4504
f 4471//4471 4504//4504 4470//4470
f 4470//4470 4504//4504 4505//4505
f 4470//4470 4505//4505 4469//4469
f 4469//4469 4505//4505 4115//4115
f 4469//4469 4115//4115 4082//4082
f 4082//4082 4115//4115 4081//4081
f 4488//4488 4506//4506 4489//4489
f 4489//4489 4506//4506 4507//4507
f 4489//4489 4507//4507 4490//4490
f 4490//4490 4507//4507 4508//4508
f 4490//4490 4508//4508 4491//4491
f 4491//4491 4508//4508 4509//4509
f 4491//4491 4509//4509 4492//4492
f 4492//4492 4509//4509 4510//4510
f 4492//4492 4510//4510 4493//4493
f 4493//4493 4510//4510 4511//4511
f 4493//4493 4511//4511 4494//4494
f 4494//4494 4511//4511 4512//4512
f 4494//4494 4512//4512 4495//4495
f 4495//4495 4512//4512 4513//4513
f 4495//4495 4513//4513 4496//4496
f 4496//4496 4513//4513 4514//4514
f 4496//4496 4514//4514 4497//4497
f 4497//4497 4514//4514 4515//4515
f 4497//4497 4515//4515 4498//4498
f 4498//4498 4515//4515 4516//4516
f 4498//4498 4516//4516 4499//4499
f 4499//4499 4516//4516 4517//4517
f 4499//4499 4517//4517 4500//4500
f 4500//4500 4517//4517 4518//4518
f 4500//4500 4518//4518 4501//4501
f 4501//4501 4518//4518 4519//4519
f 4501//4501 4519//4519 4502//4502
f 4502//4502 4519//4519 4520//4520
f 4502//4502 4520//4520 4503//4503
f 4503//4503 4520//4520 4521//4521
f 4503//4503 4521//4521 4504//4504
f 4504//4504 4521//4521 4522//4522
f 4504//4504 4522//4522 4505//4505
f 4505//4505 4522//4522 4523//4523
f 4505//4505 4523//4523 4115//4115
f 4115//4115 4523//4523 4114//4114
f 4115//4115 4114//4114 4080//4080
f 4080//4080 4114//4114 4079//4079
f 4077//4077 4078//4078 4524//4524
f 4524//4524 4078//4078 4114//4114
f 4524//4524 4114//4114 4525//4525
f 4525//4525 4114//4114 4523//4523
f 4525//4525 4523//4523 4526//4526
f 4526//4526 4523//4523 4522//4522
f 4526//4526 4522//4522 4527//4527
f 4527//4527 4522//4522 4521//4521
f 4527//4527 4521//4521 4528//4528
f 4528//4528 4521//4521 4520//4520
f 4528//4528 4520//4520 4529//4529
f 4529//4529 4520//4520 4519//4519
f 4529//4529 4519//4519 4530//4530
f 4530//4530 4519//4519 4518//4518
f 4530//4530 4518//4518 4531//4531
f 4531//4531 4518//4518 4517//4517
f 4531//4531 4517//4517 4532//4532
f 4532//4532 4517//4517 4516//4516
f 4532//4532 4516//4516 4533//4533
f 4533//4533 4516//4516 4515//4515
f 4533//4533 4515//4515 4534//4534
f 4534//4534 4515//4515 4514//4514
f 4534//4534 4514//4514 4535//4535
f 4535//4535 4514//4514 4513//4513
f 4535//4535 4513//4513 4536//4536
f 4536//4536 4513//4513 4512//4512
f 4536//4536 4512//4512 4537//4537
f 4537//4537 4512//4512 4511//4511
f 4537//4537 4511//4511 4538//4538
f 4538//4538 4511//4511 4510//4510
f 4538//4538 4510//4510 4539//4539
f 4539//4539 4510//4510 4509//4509
f 4539//4539 4509//4509 4540//4540
f 4540//4540 4509//4509 4508//4508
f 4540//4540 4508//4508 4541//4541
f 4541//4541 4508//4508 4507//4507
f 4541//4541 4507//4507 4542//4542
f 4542//4542 4507//4507 4506//4506
f 4542//4542 4118//4118 4541//4541
f 4541//4541 4118//4118 4120//4120
f 4541//4541 4120//4120 4540//4540
f 4540//4540 4120//4120 4122//4122
f 4540//4540 4122//4122 4539//4539
f 4539//4539 4122//4122 4124//4124
f 4539//4539 4124//4124 4538//4538
f 4538//4538 4124//4124 4126//4126
f 4538//4538 4126//4126 4537//4537
f 4537//4537 4126//4126 4128//4128
f 4537//4537 4128//4128 4536//4536
f 4536//4536 4128//4128 4130//4130
f 4536//4536 4130//4130 4535//4535
f 4535//4535 4130//4130 4132//4132
f 4535//4535 4132//4132 4534//4534
f 4534//4534 4132//4132 4134//4134
f 4534//4534 4134//4134 4533//4533
f 4533//4533 4134//4134 4136//4136
f 4533//4533 4136//4136 4532//4532
f 4532//4532 4136//4136 4138//4138
f 4532//4532 4138//4138 4531//4531
f 4531//4531 4138//4138 4140//4140
f 4531//4531 4140//4140 4530//4530
f 4530//4530 4140//4140 4142//4142
f 4530//4530 4142//4142 4529//4529
f 4529//4529 4142//4142 4144//4144
f 4529//4529 4144//4144 4528//4528
f 4528//4528 4144//4144 4146//4146
f 4528//4528 4146//4146 4527//4527
f 4527//4527 4146//4146 4148//4148
f 4527//4527 4148//4148 4526//4526
f 4526//4526 4148//4148 4150//4150
f 4526//4526 4150//4150 4525//4525
f 4525//4525 4150//4150 4152//4152
f 4525//4525 4152//4152 4524//4524
f 4524//4524 4152//4152 4154//4154
f 4524//4524 4154//4154 4077//4077
f 4077//4077 4154//4154 4076//4076
f 4113//4113 4074//4074 4154//4154
f 4154//4154 4074//4074 4075//4075
f 4154//4154 4075//4075 4076//4076
f 4072//4072 4073//4073 4543//4543
f 4543//4543 4073//4073 4113//4113
f 4543//4543 4113//4113 4544//4544
f 4544//4544 4113//4113 4153//4153
f 4544//4544 4153//4153 4545//4545
f 4545//4545 4153//4153 4151//4151
f 4545//4545 4151//4151 4546//4546
f 4546//4546 4151//4151 4149//4149
f 4546//4546 4149//4149 4547//4547
f 4547//4547 4149//4149 4147//4147
f 4547//4547 4147//4147 4548//4548
f 4548//4548 4147//4147 4145//4145
f 4548//4548 4145//4145 4549//4549
f 4549//4549 4145//4145 4143//4143
f 4549//4549 4143//4143 4550//4550
f 4550//4550 4143//4143 4141//4141
f 4550//4550 4141//4141 4551//4551
f 4551//4551 4141//4141 4139//4139
f 4551//4551 4139//4139 4552//4552
f 4552//4552 4139//4139 4137//4137
f 4552//4552 4137//4137 4553//4553
f 4553//4553 4137//4137 4135//4135
f 4553//4553 4135//4135 4554//4554
f 4554//4554 4135//4135 4133//4133
f 4554//4554 4133//4133 4555//4555
f 4555//4555 4133//4133 4131//4131
f 4555//4555 4131//4131 4556//4556
f 4556//4556 4131//4131 4129//4129
f 4556//4556 4129//4129 4557//4557
f 4557//4557 4129//4129 4127//4127
f 4557//4557 4127//4127 4558//4558
f 4558//4558 4127//4127 4125//4125
f 4558//4558 4125//4125 4559//4559
f 4559//4559 4125//4125 4123//4123
f 4559//4559 4123//4123 4560//4560
f 4560//4560 4123//4123 4121//4121
f 4560//4560 4121//4121 4561//4561
f 4561//4561 4121//4121 4119//4119
f 4561//4561 4155//4155 4560//4560
f 4560//4560 4155//4155 4157//4157
f 4560//4560 4157//4157 4559//4559
f 4559//4559 4157//4157 4159//4159
f 4559//4559 4159//4159 4558//4558
f 4558//4558 4159//4159 4161//4161
f 4558//4558 4161//4161 4557//4557
f 4557//4557 4161//4161 4163//4163
f 4557//4557 4163//4163 4556//4556
f 4556//4556 4163//4163 4165//4165
f 4556//4556 4165//4165 4555//4555
f 4555//4555 4165//4165 4167//4167
f 4555//4555 4167//4167 4554//4554
f 4554//4554 4167//4167 4169//4169
f 4554//4554 4169//4169 4553//4553
f 4553//4553 4169//4169 4171//4171
f 4553//4553 4171//4171 4552//4552
f 4552//4552 4171//4171 4173//4173
f 4552//4552 4173//4173 4551//4551
f 4551//4551 4173//4173 4175//4175
f 4551//4551 4175//4175 4550//4550
f 4550//4550 4175//4175 4177//4177
f 4550//4550 4177//4177 4549//4549
f 4549//4549 4177//4177 4179//4179
f 4549//4549 4179//4179 4548//4548
f 4548//4548 4179//4179 4181//4181
f 4548//4548 4181//4181 4547//4547
f 4547//4547 4181//4181 4183//4183
f 4547//4547 4183//4183 4546//4546
f 4546//4546 4183//4183 4185//4185
f 4546//4546 4185//4185 4545//4545
f 4545//4545 4185//4185 4187//4187
f 4545//4545 4187//4187 4544//4544
f 4544//4544 4187//4187 4189//4189
f 4544//4544 4189//4189 4543//4543
f 4543//4543 4189//4189 4191//4191
f 4543//4543 4191//4191 4072//4072
f 4072//4072 4191//4191 4071//4071
f 4112//4112 3998//3998 4191//4191
f 4191//4191 3998//3998 3997//3997
f 4191//4191 3997//3997 4071//4071
f 4000//4000 3999//3999 4562//4562
f 4562//4562 3999//3999 4112//4112
f 4562//4562 4112//4112 4563//4563
f 4563//4563 4112//4112 4190//4190
f 4563//4563 4190//4190 4564//4564
f 4564//4564 4190//4190 4188//4188
f 4564//4564 4188//4188 4565//4565
f 4565//4565 4188//4188 4186//4186
f 4565//4565 4186//4186 4566//4566
f 4566//4566 4186//4186 4184//4184
f 4566//4566 4184//4184 4567//4567
f 4567//4567 4184//4184 4182//4182
f 4567//4567 4182//4182 4568//4568
f 4568//4568 4182//4182 4180//4180
f 4568//4568 4180//4180 4569//4569
f 4569//4569 4180//4180 4178//4178
f 4569//4569 4178//4178 4570//4570
f 4570//4570 4178//4178 4176//4176
f 4570//4570 4176//4176 4571//4571
f 4571//4571 4176//4176 4174//4174
f 4571//4571 4174//4174 4572//4572
f 4572//4572 4174//4174 4172//4172
f 4572//4572 4172//4172 4573//4573
f 4573//4573 4172//4172 4170//4170
f 4573//4573 4170//4170 4574//4574
f 4574//4574 4170//4170 4168//4168
f 4574//4574 4168//4168 4575//4575
f 4575//4575 4168//4168 4166//4166
f 4575//4575 4166//4166 4576//4576
f 4576//4576 4166//4166 4164//4164
f 4576//4576 4164//4164 4577//4577
f 4577//4577 4164//4164 4162//4162
f 4577//4577 4162//4162 4578//4578
f 4578//4578 4162//4162 4160//4160
f 4578//4578 4160//4160 4579//4579
f 4579//4579 4160//4160 4158//4158
f 4579//4579 4158//4158 4580//4580
f 4580//4580 4158//4158 4156//4156
f 4580//4580 4581//4581 4579//4579
f 4579//4579 4581//4581 4582//4582
f 4579//4579 4582//4582 4578//4578
f 4578//4578 4582//4582 4583//4583
f 4578//4578 4583//4583 4577//4577
f 4577//4577 4583//4583 4584//4584
f 4577//4577 4584//4584 4576//4576
f 4576//4576 4584//4584 4585//4585
f 4576//4576 4585//4585 4575//4575
f 4575//4575 4585//4585 4586//4586
f 4575//4575 4586//4586 4574//4574
f 4574//4574 4586//4586 4587//4587
f 4574//4574 4587//4587 4573//4573
f 4573//4573 4587//4587 4588//4588
f 4573//4573 4588//4588 4572//4572
f 4572//4572 4588//4588 4589//4589
f 4572//4572 4589//4589 4571//4571
f 4571//4571 4589//4589 4590//4590
f 4571//4571 4590//4590 4570//4570
f 4570//4570 4590//4590 4591//4591
f 4570//4570 4591//4591 4569//4569
f 4569//4569 4591//4591 4592//4592
f 4569//4569 4592//4592 4568//4568
f 4568//4568 4592//4592 4593//4593
f 4568//4568 4593//4593 4567//4567
f 4567//4567 4593//4593 4594//4594
f 4567//4567 4594//4594 4566//4566
f 4566//4566 4594//4594 4595//4595
f 4566//4566 4595//4595 4565//4565
f 4565//4565 4595//4595 4596//4596
f 4565//4565 4596//4596 4564//4564
f 4564//4564 4596//4596 4597//4597
f 4564//4564 4597//4597 4563//4563
f 4563//4563 4597//4597 4598//4598
f 4563//4563 4598//4598 4562//4562
f 4562//4562 4598//4598 4111//4111
f 4562//4562 4111//4111 4000//4000
f 4000//4000 4111//4111 4001//4001
f 4003//4003 4002//4002 4110//4110
f 4110//4110 4002//4002 4111//4111
f 4110//4110 4111//4111 4599//4599
f 4599//4599 4111//4111 4598//4598
f 4599//4599 4598//4598 4600//4600
f 4600//4600 4598//4598 4597//4597
f 4600//4600 4597//4597 4601//4601
f 4601//4601 4597//4597 4596//4596
f 4601//4601 4596//4596 4602//4602
f 4602//4602 4596//4596 4595//4595
f 4602//4602 4595//4595 4603//4603
f 4603//4603 4595//4595 4594//4594
f 4603//4603 4594//4594 4604//4604
f 4604//4604 4594//4594 4593//4593
f 4604//4604 4593//4593 4605//4605
f 4605//4605 4593//4593 4592//4592
f 4605//4605 4592//4592 4606//4606
f 4606//4606 4592//4592 4591//4591
f 4606//4606 4591//4591 4607//4607
f 4607//4607 4591//4591 4590//4590
f 4607//4607 4590//4590 4608//4608
f 4608//4608 4590//4590 4589//4589
f 4608//4608 4589//4589 4609//4609
f 4609//4609 4589//4589 4588//4588
f 4609//4609 4588//4588 4610//4610
f 4610//4610 4588//4588 4587//4587
f 4610//4610 4587//4587 4611//4611
f 4611//4611 4587//4587 4586//4586
f 4611//4611 4586//4586 4612//4612
f 4612//4612 4586//4586 4585//4585
f 4612//4612 4585//4585 4613//4613
f 4613//4613 4585//4585 4584//4584
f 4613//4613 4584//4584 4614//4614
f 4614//4614 4584//4584 4583//4583
f 4614//4614 4583//4583 4615//4615
f 4615//4615 4583//4583 4582//4582
f 4615//4615 4582//4582 4616//4616
f 4616//4616 4582//4582 4581//4581
f 4616//4616 4617//4617 4615//4615
f 4615//4615 4617//4617 4618//4618
f 4615//4615 4618//4618 4614//4614
f 4614//4614 4618//4618 4619//4619
f 4614//4614 4619//4619 4613//4613
f 4613//4613 4619//4619 4620//4620
f 4613//4613 4620//4620 4612//4612
f 4612//4612 4620//4620 4621//4621
f 4612//4612 4621//4621 4611//4611
f 4611//4611 4621//4621 4622//4622
f 4611//4611 4622//4622 4610//4610
f 4610//4610 4622//4622 4623//4623
f 4610//4610 4623//4623 4609//4609
f 4609//4609 4623//4623 4624//4624
f 4609//4609 4624//4624 4608//4608
f 4608//4608 4624//4624 4625//4625
f 4608//4608 4625//4625 4607//4607
f 4607//4607 4625//4625 4626//4626
f 4607//4607 4626//4626 4606//4606
f 4606//4606 4626//4626 4627//4627
f 4606//4606 4627//4627 4605//4605
f 4605//4605 4627//4627 4628//4628
f 4605//4605 4628//4628 4604//4604
f 4604//4604 4628//4628 4629//4629
f 4604//4604 4629//4629 4603//4603
f 4603//4603 4629//4629 4630//4630
f 4603//4603 4630//4630 4602//4602
f 4602//4602 4630//4630 4631//4631
f 4602//4602 4631//4631 4601//4601
f 4601//4601 4631//4631 4632//4632
f 4601//4601 4632//4632 4600//4600
f 4600//4600 4632//4632 4633//4633
f 4600//4600 4633//4633 4599//4599
f 4599//4599 4633//4633 4634//4634
f 4599//4599 4634//4634 4110//4110
f 4110//4110 4634//4634 4109//4109
f 4110//4110 4109//4109 4004//4004
f 4004//4004 4109//4109 4005//4005
f 4007//4007 4006//4006 4635//4635
f 4635//4635 4006//4006 4109//4109
f 4635//4635 4109//4109 4636//4636
f 4636//4636 4109//4109 4634//4634
f 4636//4636 4634//4634 4637//4637
f 4637//4637 4634//4634 4633//4633
f 4637//4637 4633//4633 4638//4638
f 4638//4638 4633//4633 4632//4632
f 4638//4638 4632//4632 4639//4639
f 4639//4639 4632//4632 4631//4631
f 4639//4639 4631//4631 4640//4640
f 4640//4640 4631//4631 4630//4630
f 4640//4640 4630//4630 4641//4641
f 4641//4641 4630//4630 4629//4629
f 4641//4641 4629//4629 4642//4642
f 4642//4642 4629//4629 4628//4628
f 4642//4642 4628//4628 4643//4643
f 4643//4643 4628//4628 4627//4627
f 4643//4643 4627//4627 4644//4644
f 4644//4644 4627//4627 4626//4626
f 4644//4644 4626//4626 4645//4645
f 4645//4645 4626//4626 4625//4625
f 4645//4645 4625//4625 4646//4646
f 4646//4646 4625//4625 4624//4624
f 4646//4646 4624//4624 4647//4647
f 4647//4647 4624//4624 4623//4623
f 4647//4647 4623//4623 4648//4648
f 4648//4648 4623//4623 4622//4622
f 4648//4648 4622//4622 4649//4649
f 4649//4649 4622//4622 4621//4621
f 4649//4649 4621//4621 4650//4650
f 4650//4650 4621//4621 4620//4620
f 4650//4650 4620//4620 4651//4651
f 4651//4651 4620//4620 4619//4619
f 4651//4651 4619//4619 4652//4652
f 4652//4652 4619//4619 4618//4618
f 4652//4652 4618//4618 4653//4653
f 4653//4653 4618//4618 4617//4617
f 4653//4653 4654//4654 4652//4652
f 4652//4652 4654//4654 4655//4655
f 4652//4652 4655//4655 4651//4651
f 4651//4651 4655//4655 4656//4656
f 4651//4651 4656//4656 4650//4650
f 4650//4650 4656//4656 4657//4657
f 4650//4650 4657//4657 4649//4649
f 4649//4649 4657//4657 4658//4658
f 4649//4649 4658//4658 4648//4648
f 4648//4648 4658//4658 4659//4659
f 4648//4648 4659//4659 4647//4647
f 4647//4647 4659//4659 4660//4660
f 4647//4647 4660//4660 4646//4646
f 4646//4646 4660//4660 4661//4661
f 4646//4646 4661//4661 4645//4645
f 4645//4645 4661//4661 4662//4662
f 4645//4645 4662//4662 4644//4644
f 4644//4644 4662//4662 4663//4663
f 4644//4644 4663//4663 4643//4643
f 4643//4643 4663//4663 4664//4664
f 4643//4643 4664//4664 4642//4642
f 4642//4642 4664//4664 4665//4665
f 4642//4642 4665//4665 4641//4641
f 4641//4641 4665//4665 4666//4666
f 4641//4641 4666//4666 4640//4640
f 4640//4640 4666//4666 4667//4667
f 4640//4640 4667//4667 4639//4639
f 4639//4639 4667//4667 4668//4668
f 4639//4639 4668//4668 4638//4638
f 4638//4638 4668//4668 4669//4669
f 4638//4638 4669//4669 4637//4637
f 4637//4637 4669//4669 4670//4670
f 4637//4637 4670//4670 4636//4636
f 4636//4636 4670//4670 4671//4671
f 4636//4636 4671//4671 4635//4635
f 4635//4635 4671//4671 4108//4108
f 4635//4635 4108//4108 4007//4007
f 4007//4007 4108//4108 4008//4008
f 4654//4654 4672//4672 4655//4655
f 4655//4655 4672//4672 4673//4673
f 4655//4655 4673//4673 4656//4656
f 4656//4656 4673//4673 4674//4674
f 4656//4656 4674//4674 4657//4657
f 4657//4657 4674//4674 4675//4675
f 4657//4657 4675//4675 4658//4658
f 4658//4658 4675//4675 4676//4676
f 4658//4658 4676//4676 4659//4659
f 4659//4659 4676//4676 4677//4677
f 4659//4659 4677//4677 4660//4660
f 4660//4660 4677//4677 4678//4678
f 4660//4660 4678//4678 4661//4661
f 4661//4661 4678//4678 4679//4679
f 4661//4661 4679//4679 4662//4662
f 4662//4662 4679//4679 4680//4680
f 4662//4662 4680//4680 4663//4663
f 4663//4663 4680//4680 4681//4681
f 4663//4663 4681//4681 4664//4664
f 4664//4664 4681//4681 4682//4682
f 4664//4664 4682//4682 4665//4665
f 4665//4665 4682//4682 4683//4683
f 4665//4665 4683//4683 4666//4666
f 4666//4666 4683//4683 4684//4684
f 4666//4666 4684//4684 4667//4667
f 4667//4667 4684//4684 4685//4685
f 4667//4667 4685//4685 4668//4668
f 4668//4668 4685//4685 4686//4686
f 4668//4668 4686//4686 4669//4669
f 4669//4669 4686//4686 4687//4687
f 4669//4669 4687//4687 4670//4670
f 4670//4670 4687//4687 4688//4688
f 4670//4670 4688//4688 4671//4671
f 4671//4671 4688//4688 4689//4689
f 4671//4671 4689//4689 4108//4108
f 4108//4108 4689//4689 4107//4107
f 4108//4108 4107//4107 4009//4009
f 4009//4009 4107//4107 4010//4010
f 4012//4012 4011//4011 4690//4690
f 4690//4690 4011//4011 4107//4107
f 4690//4690 4107//4107 4691//4691
f 4691//4691 4107//4107 4689//4689
f 4691//4691 4689//4689 4692//4692
f 4692//4692 4689//4689 4688//4688
f 4692//4692 4688//4688 4693//4693
f 4693//4693 4688//4688 4687//4687
f 4693//4693 4687//4687 4694//4694
f 4694//4694 4687//4687 4686//4686
f 4694//4694 4686//4686 4695//4695
f 4695//4695 4686//4686 4685//4685
f 4695//4695 4685//4685 4696//4696
f 4696//4696 4685//4685 4684//4684
f 4696//4696 4684//4684 4697//4697
f 4697//4697 4684//4684 4683//4683
f 4697//4697 4683//4683 4698//4698
f 4698//4698 4683//4683 4682//4682
f 4698//4698 4682//4682 4699//4699
f 4699//4699 4682//4682 4681//4681
f 4699//4699 4681//4681 4700//4700
f 4700//4700 4681//4681 4680//4680
f 4700//4700 4680//4680 4701//4701
f 4701//4701 4680//4680 4679//4679
f 4701//4701 4679//4679 4702//4702
f 4702//4702 4679//4679 4678//4678
f 4702//4702 4678//4678 4703//4703
f 4703//4703 4678//4678 4677//4677
f 4703//4703 4677//4677 4704//4704
f 4704//4704 4677//4677 4676//4676
f 4704//4704 4676//4676 4705//4705
f 4705//4705 4676//4676 4675//4675
f 4705//4705 4675//4675 4706//4706
f 4706//4706 4675//4675 4674//4674
f 4706//4706 4674//4674 4707//4707
f 4707//4707 4674//4674 4673//4673
f 4707//4707 4673//4673 4708//4708
f 4708//4708 4673//4673 4672//4672
f 4708//4708 4709//4709 4707//4707
f 4707//4707 4709//4709 4710//4710
f 4707//4707 4710//4710 4706//4706
f 4706//4706 4710//4710 4711//4711
f 4706//4706 4711//4711 4705//4705
f 4705//4705 4711//4711 4712//4712
f 4705//4705 4712//4712 4704//4704
f 4704//4704 4712//4712 4713//4713
f 4704//4704 4713//4713 4703//4703
f 4703//4703 4713//4713 4714//4714
f 4703//4703 4714//4714 4702//4702
f 4702//4702 4714//4714 4715//4715
f 4702//4702 4715//4715 4701//4701
f 4701//4701 4715//4715 4716//4716
f 4701//4701 4716//4716 4700//4700
f 4700//4700 4716//4716 4717//4717
f 4700//4700 4717//4717 4699//4699
f 4699//4699 4717//4717 4718//4718
f 4699//4699 4718//4718 4698//4698
f 4698//4698 4718//4718 4719//4719
f 4698//4698 4719//4719 4697//4697
f 4697//4697 4719//4719 4720//4720
f 4697//4697 4720//4720 4696//4696
f 4696//4696 4720//4720 4721//4721
f 4696//4696 4721//4721 4695//4695
f 4695//4695 4721//4721 4722//4722
f 4695//4695 4722//4722 4694//4694
f 4694//4694 4722//4722 4723//4723
f 4694//4694 4723//4723 4693//4693
f 4693//4693 4723//4723 4724//4724
f 4693//4693 4724//4724 4692//4692
f 4692//4692 4724//4724 4725//4725
f 4692//4692 4725//4725 4691//4691
f 4691//4691 4725//4725 4726//4726
f 4691//4691 4726//4726 4690//4690
f 4690//4690 4726//4726 4106//4106
f 4690//4690 4106//4106 4012//4012
f 4012//4012 4106//4106 4013//4013
f 4709//4709 4727//4727 4710//4710
f 4710//4710 4727//4727 4728//4728
f 4710//4710 4728//4728 4711//4711
f 4711//4711 4728//4728 4729//4729
f 4711//4711 4729//4729 4712//4712
f 4712//4712 4729//4729 4730//4730
f 4712//4712 4730//4730 4713//4713
f 4713//4713 4730//4730 4731//4731
f 4713//4713 4731//4731 4714//4714
f 4714//4714 4731//4731 4732//4732
f 4714//4714 4732//4732 4715//4715
f 4715//4715 4732//4732 4733//4733
f 4715//4715 4733//4733 4716//4716
f 4716//4716 4733//4733 4734//4734
f 4716//4716 4734//4734 4717//4717
f 4717//4717 4734//4734 4735//4735
f 4717//4717 4735//4735 4718//4718
f 4718//4718 4735//4735 4736//4736
f 4718//4718 4736//4736 4719//4719
f 4719//4719 4736//4736 4737//4737
f 4719//4719 4737//4737 4720//4720
f 4720//4720 4737//4737 4738//4738
f 4720//4720 4738//4738 4721//4721
f 4721//4721 4738//4738 4739//4739
f 4721//4721 4739//4739 4722//4722
f 4722//4722 4739//4739 4740//4740
f 4722//4722 4740//4740 4723//4723
f 4723//4723 4740//4740 4741//4741
f 4723//4723 4741//4741 4724//4724
f 4724//4724 4741//4741 4742//4742
f 4724//4724 4742//4742 4725//4725
f 4725//4725 4742//4742 4743//4743
f 4725//4725 4743//4743 4726//4726
f 4726//4726 4743//4743 4744//4744
f 4726//4726 4744//4744 4106//4106
f 4106//4106 4744//4744 4105//4105
f 4106//4106 4105//4105 4014//4014
f 4014//4014 4105//4105 4015//4015
f 4017//4017 4016//4016 4745//4745
f 4745//4745 4016//4016 4105//4105
f 4745//4745 4105//4105 4746//4746
f 4746//4746 4105//4105 4744//4744
f 4746//4746 4744//4744 4747//4747
f 4747//4747 4744//4744 4743//4743
f 4747//4747 4743//4743 4748//4748
f 4748//4748 4743//4743 4742//4742
f 4748//4748 4742//4742 4749//4749
f 4749//4749 4742//4742 4741//4741
f 4749//4749 4741//4741 4750//4750
f 4750//4750 4741//4741 4740//4740
f 4750//4750 4740//4740 4751//4751
f 4751//4751 4740//4740 4739//4739
f 4751//4751 4739//4739 4752//4752
f 4752//4752 4739//4739 4738//4738
f 4752//4752 4738//4738 4753//4753
f 4753//4753 4738//4738 4737//4737
f 4753//4753 4737//4737 4754//4754
f 4754//4754 4737//4737 4736//4736
f 4754//4754 4736//4736 4755//4755
f 4755//4755 4736//4736 4735//4735
f 4755//4755 4735//4735 4756//4756
f 4756//4756 4735//4735 4734//4734
f 4756//4756 4734//4734 4757//4757
f 4757//4757 4734//4734 4733//4733
f 4757//4757 4733//4733 4758//4758
f 4758//4758 4733//4733 4732//4732
f 4758//4758 4732//4732 4759//4759
f 4759//4759 4732//4732 4731//4731
f 4759//4759 4731//4731 4760//4760
f 4760//4760 4731//4731 4730//4730
f 4760//4760 4730//4730 4761//4761
f 4761//4761 4730//4730 4729//4729
f 4761//4761 4729//4729 4762//4762
f 4762//4762 4729//4729 4728//4728
f 4762//4762 4728//4728 4763//4763
f 4763//4763 4728//4728 4727//4727
f 4763//4763 4192//4192 4762//4762
f 4762//4762 4192//4192 4194//4194
f 4762//4762 4194//4194 4761//4761
f 4761//4761 4194//4194 4196//4196
f 4761//4761 4196//4196 4760//4760
f 4760//4760 4196//4196 4198//4198
f 4760//4760 4198//4198 4759//4759
f 4759//4759 4198//4198 4200//4200
f 4759//4759 4200//4200 4758//4758
f 4758//4758 4200//4200 4202//4202
f 4758//4758 4202//4202 4757//4757
f 4757//4757 4202//4202 4204//4204
f 4757//4757 4204//4204 4756//4756
f 4756//4756 4204//4204 4206//4206
f 4756//4756 4206//4206 4755//4755
f 4755//4755 4206//4206 4208//4208
f 4755//4755 4208//4208 4754//4754
f 4754//4754 4208//4208 4210//4210
f 4754//4754 4210//4210 4753//4753
f 4753//4753 4210//4210 4212//4212
f 4753//4753 4212//4212 4752//4752
f 4752//4752 4212//4212 4214//4214
f 4752//4752 4214//4214 4751//4751
f 4751//4751 4214//4214 4216//4216
f 4751//4751 4216//4216 4750//4750
f 4750//4750 4216//4216 4218//4218
f 4750//4750 4218//4218 4749//4749
f 4749//4749 4218//4218 4220//4220
f 4749//4749 4220//4220 4748//4748
f 4748//4748 4220//4220 4222//4222
f 4748//4748 4222//4222 4747//4747
f 4747//4747 4222//4222 4224//4224
f 4747//4747 4224//4224 4746//4746
f 4746//4746 4224//4224 4226//4226
f 4746//4746 4226//4226 4745//4745
f 4745//4745 4226//4226 4228//4228
f 4745//4745 4228//4228 4017//4017
f 4017//4017 4228//4228 4018//4018
f 4104//4104 4020//4020 4228//4228
f 4228//4228 4020//4020 4019//4019
f 4228//4228 4019//4019 4018//4018
f 4022//4022 4021//4021 4764//4764
f 4764//4764 4021//4021 4104//4104
f 4764//4764 4104//4104 4765//4765
f 4765//4765 4104//4104 4227//4227
f 4765//4765 4227//4227 4766//4766
f 4766//4766 4227//4227 4225//4225
f 4766//4766 4225//4225 4767//4767
f 4767//4767 4225//4225 4223//4223
f 4767//4767 4223//4223 4768//4768
f 4768//4768 4223//4223 4221//4221
f 4768//4768 4221//4221 4769//4769
f 4769//4769 4221//4221 4219//4219
f 4769//4769 4219//4219 4770//4770
f 4770//4770 4219//4219 4217//4217
f 4770//4770 4217//4217 4771//4771
f 4771//4771 4217//4217 4215//4215
f 4771//4771 4215//4215 4772//4772
f 4772//4772 4215//4215 4213//4213
f 4772//4772 4213//4213 4773//4773
f 4773//4773 4213//4213 4211//4211
f 4773//4773 4211//4211 4774//4774
f 4774//4774 4211//4211 4209//4209
f 4774//4774 4209//4209 4775//4775
f 4775//4775 4209//4209 4207//4207
f 4775//4775 4207//4207 4776//4776
f 4776//4776 4207//4207 4205//4205
f 4776//4776 4205//4205 4777//4777
f 4777//4777 4205//4205 4203//4203
f 4777//4777 4203//4203 4778//4778
f 4778//4778 4203//4203 4201//4201
f 4778//4778 4201//4201 4779//4779
f 4779//4779 4201//4201 4199//4199
f 4779//4779 4199//4199 4780//4780
f 4780//4780 4199//4199 4197//4197
f 4780//4780 4197//4197 4781//4781
f 4781//4781 4197//4197 4195//4195
f 4781//4781 4195//4195 4782//4782
f 4782//4782 4195//4195 4193//4193
f 4782//4782 4229//4229 4781//4781
f 4781//4781 4229//4229 4231//4231
f 4781//4781 4231//4231 4780//4780
f 4780//4780 4231//4231 4233//4233
f 4780//4780 4233//4233 4779//4779
f 4779//4779 4233//4233 4235//4235
f 4779//4779 4235//4235 4778//4778
f 4778//4778 4235//4235 4237//4237
f 4778//4778 4237//4237 4777//4777
f 4777//4777 4237//4237 4239//4239
f 4777//4777 4239//4239 4776//4776
f 4776//4776 4239//4239 4241//4241
f 4776//4776 4241//4241 4775//4775
f 4775//4775 4241//4241 4243//4243
f 4775//4775 4243//4243 4774//4774
f 4774//4774 4243//4243 4245//4245
f 4774//4774 4245//4245 4773//4773
f 4773//4773 4245//4245 4247//4247
f 4773//4773 4247//4247 4772//4772
f 4772//4772 4247//4247 4249//4249
f 4772//4772 4249//4249 4771//4771
f 4771//4771 4249//4249 4251//4251
f 4771//4771 4251//4251 4770//4770
f 4770//4770 4251//4251 4253//4253
f 4770//4770 4253//4253 4769//4769
f 4769//4769 4253//4253 4255//4255
f 4769//4769 4255//4255 4768//4768
f 4768//4768 4255//4255 4257//4257
f 4768//4768 4257//4257 4767//4767
f 4767//4767 4257//4257 4259//4259
f 4767//4767 4259//4259 4766//4766
f 4766//4766 4259//4259 4261//4261
f 4766//4766 4261//4261 4765//4765
f 4765//4765 4261//4261 4263//4263
f 4765//4765 4263//4263 4764//4764
f 4764//4764 4263//4263 4265//4265
f 4764//4764 4265//4265 4022//4022
f 4022//4022 4265//4265 4023//4023
f 4103//4103 4025//4025 4265//4265
f 4265//4265 4025//4025 4024//4024
f 4265//4265 4024//4024 4023//4023
f 4230//4230 4783//4783 4232//4232
f 4232//4232 4783//4783 4784//4784
f 4232//4232 4784//4784 4234//4234
f 4234//4234 4784//4784 4785//4785
f 4234//4234 4785//4785 4236//4236
f 4236//4236 4785//4785 4786//4786
f 4236//4236 4786//4786 4238//4238
f 4238//4238 4786//4786 4787//4787
f 4238//4238 4787//4787 4240//4240
f 4240//4240 4787//4787 4788//4788
f 4240//4240 4788//4788 4242//4242
f 4242//4242 4788//4788 4789//4789
f 4242//4242 4789//4789 4244//4244
f 4244//4244 4789//4789 4790//4790
f 4244//4244 4790//4790 4246//4246
f 4246//4246 4790//4790 4791//4791
f 4246//4246 4791//4791 4248//4248
f 4248//4248 4791//4791 4792//4792
f 4248//4248 4792//4792 4250//4250
f 4250//4250 4792//4792 4793//4793
f 4250//4250 4793//4793 4252//4252
f 4252//4252 4793//4793 4794//4794
f 4252//4252 4794//4794 4254//4254
f 4254//4254 4794//4794 4795//4795
f 4254//4254 4795//4795 4256//4256
f 4256//4256 4795//4795 4796//4796
f 4256//4256 4796//4796 4258//4258
f 4258//4258 4796//4796 4797//4797
f 4258//4258 4797//4797 4260//4260
f 4260//4260 4797//4797 4798//4798
f 4260//4260 4798//4798 4262//4262
f 4262//4262 4798//4798 4799//4799
f 4262//4262 4799//4799 4264//4264
f 4264//4264 4799//4799 4800//4800
f 4264//4264 4800//4800 4103//4103
f 4103//4103 4800//4800 4102//4102
f 4103//4103 4102//4102 4026//4026
f 4026//4026 4102//4102 4027//4027
f 4029//4029 4028//4028 4801//4801
f 4801//4801 4028//4028 4102//4102
f 4801//4801 4102//4102 4802//4802
f 4802//4802 4102//4102 4800//4800
f 4802//4802 4800//4800 4803//4803
f 4803//4803 4800//4800 4799//4799
f 4803//4803 4799//4799 4804//4804
f 4804//4804 4799//4799 4798//4798
f 4804//4804 4798//4798 4805//4805
f 4805//4805 4798//4798 4797//4797
f 4805//4805 4797//4797 4806//4806
f 4806//4806 4797//4797 4796//4796
f 4806//4806 4796//4796 4807//4807
f 4807//4807 4796//4796 4795//4795
f 4807//4807 4795//4795 4808//4808
f 4808//4808 4795//4795 4794//4794
f 4808//4808 4794//4794 4809//4809
f 4809//4809 4794//4794 4793//4793
f 4809//4809 4793//4793 4810//4810
f 4810//4810 4793//4793 4792//4792
f 4810//4810 4792//4792 4811//4811
f 4811//4811 4792//4792 4791//4791
f 4811//4811 4791//4791 4812//4812
f 4812//4812 4791//4791 4790//4790
f 4812//4812 4790//4790 4813//4813
f 4813//4813 4790//4790 4789//4789
f 4813//4813 4789//4789 4814//4814
f 4814//4814 4789//4789 4788//4788
f 4814//4814 4788//4788 4815//4815
f 4815//4815 4788//4788 4787//4787
f 4815//4815 4787//4787 4816//4816
f 4816//4816 4787//4787 4786//4786
f 4816//4816 4786//4786 4817//4817
f 4817//4817 4786//4786 4785//4785
f 4817//4817 4785//4785 4818//4818
f 4818//4818 4785//4785 4784//4784
f 4818//4818 4784//4784 4819//4819
f 4819//4819 4784//4784 4783//4783
f 4819//4819 4820//4820 4818//4818
f 4818//4818 4820//4820 4821//4821
f 4818//4818 4821//4821 4817//4817
f 4817//4817 4821//4821 4822//4822
f 4817//4817 4822//4822 4816//4816
f 4816//4816 4822//4822 4823//4823
f 4816//4816 4823//4823 4815//4815
f 4815//4815 4823//4823 4824//4824
f 4815//4815 4824//4824 4814//4814
f 4814//4814 4824//4824 4825//4825
f 4814//4814 4825//4825 4813//4813
f 4813//4813 4825//4825 4826//4826
f 4813//4813 4826//4826 4812//4812
f 4812//4812 4826//4826 4827//4827
f 4812//4812 4827//4827 4811//4811
f 4811//4811 4827//4827 4828//4828
f 4811//4811 4828//4828 4810//4810
f 4810//4810 4828//4828 4829//4829
f 4810//4810 4829//4829 4809//4809
f 4809//4809 4829//4829 4830//4830
f 4809//4809 4830//4830 4808//4808
f 4808//4808 4830//4830 4831//4831
f 4808//4808 4831//4831 4807//4807
f 4807//4807 4831//4831 4832//4832
f 4807//4807 4832//4832 4806//4806
f 4806//4806 4832//4832 4833//4833
f 4806//4806 4833//4833 4805//4805
f 4805//4805 4833//4833 4834//4834
f 4805//4805 4834//4834 4804//4804
f 4804//4804 4834//4834 4835//4835
f 4804//4804 4835//4835 4803//4803
f 4803//4803 4835//4835 4836//4836
f 4803//4803 4836//4836 4802//4802
f 4802//4802 4836//4836 4837//4837
f 4802//4802 4837//4837 4801//4801
f 4801//4801 4837//4837 4101//4101
f 4801//4801 4101//4101 4029//4029
f 4029//4029 4101//4101 4030//4030
f 4820//4820 4838//4838 4821//4821
f 4821//4821 4838//4838 4839//4839
f 4821//4821 4839//4839 4822//4822
f 4822//4822 4839//4839 4840//4840
f 4822//4822 4840//4840 4823//4823
f 4823//4823 4840//4840 4841//4841
f 4823//4823 4841//4841 4824//4824
f 4824//4824 4841//4841 4842//4842
f 4824//4824 4842//4842 4825//4825
f 4825//4825 4842//4842 4843//4843
f 4825//4825 4843//4843 4826//4826
f 4826//4826 4843//4843 4844//4844
f 4826//4826 4844//4844 4827//4827
f 4827//4827 4844//4844 4845//4845
f 4827//4827 4845//4845 4828//4828
f 4828//4828 4845//4845 4846//4846
f 4828//4828 4846//4846 4829//4829
f 4829//4829 4846//4846 4847//4847
f 4829//4829 4847//4847 4830//4830
f 4830//4830 4847//4847 4848//4848
f 4830//4830 4848//4848 4831//4831
f 4831//4831 4848//4848 4849//4849
f 4831//4831 4849//4849 4832//4832
f 4832//4832 4849//4849 4850//4850
f 4832//4832 4850//4850 4833//4833
f 4833//4833 4850//4850 4851//4851
f 4833//4833 4851//4851 4834//4834
f 4834//4834 4851//4851 4852//4852
f 4834//4834 4852//4852 4835//4835
f 4835//4835 4852//4852 4853//4853
f 4835//4835 4853//4853 4836//4836
f 4836//4836 4853//4853 4854//4854
f 4836//4836 4854//4854 4837//4837
f 4837//4837 4854//4854 4855//4855
f 4837//4837 4855//4855 4101//4101
f 4101//4101 4855//4855 4100//4100
f 4101//4101 4100//4100 4031//4031
f 4031//4031 4100//4100 4032//4032
f 4052//4052 4033//4033 4856//4856
f 4856//4856 4033//4033 4100//4100
f 4856//4856 4100//4100 4857//4857
f 4857//4857 4100//4100 4855//4855
f 4857//4857 4855//4855 4858//4858
f 4858//4858 4855//4855 4854//4854
f 4858//4858 4854//4854 4859//4859
f 4859//4859 4854//4854 4853//4853
f 4859//4859 4853//4853 4860//4860
f 4860//4860 4853//4853 4852//4852
f 4860//4860 4852//4852 4861//4861
f 4861//4861 4852//4852 4851//4851
f 4861//4861 4851//4851 4862//4862
f 4862//4862 4851//4851 4850//4850
f 4862//4862 4850//4850 4863//4863
f 4863//4863 4850//4850 4849//4849
f 4863//4863 4849//4849 4864//4864
f 4864//4864 4849//4849 4848//4848
f 4864//4864 4848//4848 4865//4865
f 4865//4865 4848//4848 4847//4847
f 4865//4865 4847//4847 4866//4866
f 4866//4866 4847//4847 4846//4846
f 4866//4866 4846//4846 4867//4867
f 4867//4867 4846//4846 4845//4845
f 4867//4867 4845//4845 4868//4868
f 4868//4868 4845//4845 4844//4844
f 4868//4868 4844//4844 4869//4869
f 4869//4869 4844//4844 4843//4843
f 4869//4869 4843//4843 4870//4870
f 4870//4870 4843//4843 4842//4842
f 4870//4870 4842//4842 4871//4871
f 4871//4871 4842//4842 4841//4841
f 4871//4871 4841//4841 4872//4872
f 4872//4872 4841//4841 4840//4840
f 4872//4872 4840//4840 4873//4873
f 4873//4873 4840//4840 4839//4839
f 4873//4873 4839//4839 4874//4874
f 4874//4874 4839//4839 4838//4838
f 4874//4874 4875//4875 4873//4873
f 4873//4873 4875//4875 4876//4876
f 4873//4873 4876//4876 4872//4872
f 4872//4872 4876//4876 4877//4877
f 4872//4872 4877//4877 4871//4871
f 4871//4871 4877//4877 4878//4878
f 4871//4871 4878//4878 4870//4870
f 4870//4870 4878//4878 4879//4879
f 4870//4870 4879//4879 4869//4869
f 4869//4869 4879//4879 4880//4880
f 4869//4869 4880//4880 4868//4868
f 4868//4868 4880//4880 4881//4881
f 4868//4868 4881//4881 4867//4867
f 4867//4867 4881//4881 4882//4882
f 4867//4867 4882//4882 4866//4866
f 4866//4866 4882//4882 4883//4883
f 4866//4866 4883//4883 4865//4865
f 4865//4865 4883//4883 4884//4884
f 4865//4865 4884//4884 4864//4864
f 4864//4864 4884//4884 4885//4885
f 4864//4864 4885//4885 4863//4863
f 4863//4863 4885//4885 4886//4886
f 4863//4863 4886//4886 4862//4862
f 4862//4862 4886//4886 4887//4887
f 4862//4862 4887//4887 4861//4861
f 4861//4861 4887//4887 4888//4888
f 4861//4861 4888//4888 4860//4860
f 4860//4860 4888//4888 4889//4889
f 4860//4860 4889//4889 4859//4859
f 4859//4859 4889//4889 4890//4890
f 4859//4859 4890//4890 4858//4858
f 4858//4858 4890//4890 4891//4891
f 4858//4858 4891//4891 4857//4857
f 4857//4857 4891//4891 4892//4892
f 4857//4857 4892//4892 4856//4856
f 4856//4856 4892//4892 4099//4099
f 4856//4856 4099//4099 4052//4052
f 4052//4052 4099//4099 4051//4051
f 4875//4875 4893//4893 4876//4876
f 4876//4876 4893//4893 4894//4894
f 4876//4876 4894//4894 4877//4877
f 4877//4877 4894//4894 4895//4895
f 4877//4877 4895//4895 4878//4878
f 4878//4878 4895//4895 4896//4896
f 4878//4878 4896//4896 4879//4879
f 4879//4879 4896//4896 4897//4897
f 4879//4879 4897//4897 4880//4880
f 4880//4880 4897//4897 4898//4898
f 4880//4880 4898//4898 4881//4881
f 4881//4881 4898//4898 4899//4899
f 4881//4881 4899//4899 4882//4882
f 4882//4882 4899//4899 4900//4900
f 4882//4882 4900//4900 4883//4883
f 4883//4883 4900//4900 4901//4901
f 4883//4883 4901//4901 4884//4884
f 4884//4884 4901//4901 4902//4902
f 4884//4884 4902//4902 4885//4885
f 4885//4885 4902//4902 4903//4903
f 4885//4885 4903//4903 4886//4886
f 4886//4886 4903//4903 4904//4904
f 4886//4886 4904//4904 4887//4887
f 4887//4887 4904//4904 4905//4905
f 4887//4887 4905//4905 4888//4888
f 4888//4888 4905//4905 4906//4906
f 4888//4888 4906//4906 4889//4889
f 4889//4889 4906//4906 4907//4907
f 4889//4889 4907//4907 4890//4890
f 4890//4890 4907//4907 4908//4908
f 4890//4890 4908//4908 4891//4891
f 4891//4891 4908//4908 4909//4909
f 4891//4891 4909//4909 4892//4892
f 4892//4892 4909//4909 4910//4910
f 4892//4892 4910//4910 4099//4099
f 4099//4099 4910//4910 4098//4098
f 4099//4099 4098//4098 4050//4050
f 4050//4050 4098//4098 4049//4049
f 4047//4047 4048//4048 4911//4911
f 4911//4911 4048//4048 4098//4098
f 4911//4911 4098//4098 4912//4912
f 4912//4912 4098//4098 4910//4910
f 4912//4912 4910//4910 4913//4913
f 4913//4913 4910//4910 4909//4909
f 4913//4913 4909//4909 4914//4914
f 4914//4914 4909//4909 4908//4908
f 4914//4914 4908//4908 4915//4915
f 4915//4915 4908//4908 4907//4907
f 4915//4915 4907//4907 4916//4916
f 4916//4916 4907//4907 4906//4906
f 4916//4916 4906//4906 4917//4917
f 4917//4917 4906//4906 4905//4905
f 4917//4917 4905//4905 4918//4918
f 4918//4918 4905//4905 4904//4904
f 4918//4918 4904//4904 4919//4919
f 4919//4919 4904//4904 4903//4903
f 4919//4919 4903//4903 4920//4920
f 4920//4920 4903//4903 4902//4902
f 4920//4920 4902//4902 4921//4921
f 4921//4921 4902//4902 4901//4901
f 4921//4921 4901//4901 4922//4922
f 4922//4922 4901//4901 4900//4900
f 4922//4922 4900//4900 4923//4923
f 4923//4923 4900//4900 4899//4899
f 4923//4923 4899//4899 4924//4924
f 4924//4924 4899//4899 4898//4898
f 4924//4924 4898//4898 4925//4925
f 4925//4925 4898//4898 4897//4897
f 4925//4925 4897//4897 4926//4926
f 4926//4926 4897//4897 4896//4896
f 4926//4926 4896//4896 4927//4927
f 4927//4927 4896//4896 4895//4895
f 4927//4927 4895//4895 4928//4928
f 4928//4928 4895//4895 4894//4894
f 4928//4928 4894//4894 4929//4929
f 4929//4929 4894//4894 4893//4893
f 4929//4929 4266//4266 4928//4928
f 4928//4928 4266//4266 4268//4268
f 4928//4928 4268//4268 4927//4927
f 4927//4927 4268//4268 4270//4270
f 4927//4927 4270//4270 4926//4926
f 4926//4926 4270//4270 4272//4272
f 4926//4926 4272//4272 4925//4925
f 4925//4925 4272//4272 4274//4274
f 4925//4925 4274//4274 4924//4924
f 4924//4924 4274//4274 4276//4276
f 4924//4924 4276//4276 4923//4923
f 4923//4923 4276//4276 4278//4278
f 4923//4923 4278//4278 4922//4922
f 4922//4922 4278//4278 4280//4280
f 4922//4922 4280//4280 4921//4921
f 4921//4921 4280//4280 4282//4282
f 4921//4921 4282//4282 4920//4920
f 4920//4920 4282//4282 4284//4284
f 4920//4920 4284//4284 4919//4919
f 4919//4919 4284//4284 4286//4286
f 4919//4919 4286//4286 4918//4918
f 4918//4918 4286//4286 4288//4288
f 4918//4918 4288//4288 4917//4917
f 4917//4917 4288//4288 4290//4290
f 4917//4917 4290//4290 4916//4916
f 4916//4916 4290//4290 4292//4292
f 4916//4916 4292//4292 4915//4915
f 4915//4915 4292//4292 4294//4294
f 4915//4915 4294//4294 4914//4914
f 4914//4914 4294//4294 4296//4296
f 4914//4914 4296//4296 4913//4913
f 4913//4913 4296//4296 4298//4298
f 4913//4913 4298//4298 4912//4912
f 4912//4912 4298//4298 4300//4300
f 4912//4912 4300//4300 4911//4911
f 4911//4911 4300//4300 4302//4302
f 4911//4911 4302//4302 4047//4047
f 4047//4047 4302//4302 4046//4046
f 4097//4097 4044//4044 4302//4302
f 4302//4302 4044//4044 4045//4045
f 4302//4302 4045//4045 4046//4046
f 4042//4042 4043//4043 4930//4930
f 4930//4930 4043//4043 4097//4097
f 4930//4930 4097//4097 4931//4931
f 4931//4931 4097//4097 4301//4301
f 4931//4931 4301//4301 4932//4932
f 4932//4932 4301//4301 4299//4299
f 4932//4932 4299//4299 4933//4933
f 4933//4933 4299//4299 4297//4297
f 4933//4933 4297//4297 4934//4934
f 4934//4934 4297//4297 4295//4295
f 4934//4934 4295//4295 4935//4935
f 4935//4935 4295//4295 4293//4293
f 4935//4935 4293//4293 4936//4936
f 4936//4936 4293//4293 4291//4291
f 4936//4936 4291//4291 4937//4937
f 4937//4937 4291//4291 4289//4289
f 4937//4937 4289//4289 4938//4938
f 4938//4938 4289//4289 4287//4287
f 4938//4938 4287//4287 4939//4939
f 4939//4939 4287//4287 4285//4285
f 4939//4939 4285//4285 4940//4940
f 4940//4940 4285//4285 4283//4283
f 4940//4940 4283//4283 4941//4941
f 4941//4941 4283//4283 4281//4281
f 4941//4941 4281//4281 4942//4942
f 4942//4942 4281//4281 4279//4279
f 4942//4942 4279//4279 4943//4943
f 4943//4943 4279//4279 4277//4277
f 4943//4943 4277//4277 4944//4944
f 4944//4944 4277//4277 4275//4275
f 4944//4944 4275//4275 4945//4945
f 4945//4945 4275//4275 4273//4273
f 4945//4945 4273//4273 4946//4946
f 4946//4946 4273//4273 4271//4271
f 4946//4946 4271//4271 4947//4947
f 4947//4947 4271//4271 4269//4269
f 4947//4947 4269//4269 4948//4948
f 4948//4948 4269//4269 4267//4267
f 4948//4948 4303//4303 4947//4947
f 4947//4947 4303//4303 4305//4305
f 4947//4947 4305//4305 4946//4946
f 4946//4946 4305//4305 4307//4307
f 4946//4946 4307//4307 4945//4945
f 4945//4945 4307//4307 4309//4309
f 4945//4945 4309//4309 4944//4944
f 4944//4944 4309//4309 4311//4311
f 4944//4944 4311//4311 4943//4943
f 4943//4943 4311//4311 4313//4313
f 4943//4943 4313//4313 4942//4942
f 4942//4942 4313//4313 4315//4315
f 4942//4942 4315//4315 4941//4941
f 4941//4941 4315//4315 4317//4317
f 4941//4941 4317//4317 4940//4940
f 4940//4940 4317//4317 4319//4319
f 4940//4940 4319//4319 4939//4939
f 4939//4939 4319//4319 4321//4321
f 4939//4939 4321//4321 4938//4938
f 4938//4938 4321//4321 4323//4323
f 4938//4938 4323//4323 4937//4937
f 4937//4937 4323//4323 4325//4325
f 4937//4937 4325//4325 4936//4936
f 4936//4936 4325//4325 4327//4327
f 4936//4936 4327//4327 4935//4935
f 4935//4935 4327//4327 4329//4329
f 4935//4935 4329//4329 4934//4934
f 4934//4934 4329//4329 4331//4331
f 4934//4934 4331//4331 4933//4933
f 4933//4933 4331//4331 4333//4333
f 4933//4933 4333//4333 4932//4932
f 4932//4932 4333//4333 4335//4335
f 4932//4932 4335//4335 4931//4931
f 4931//4931 4335//4335 4337//4337
f 4931//4931 4337//4337 4930//4930
f 4930//4930 4337//4337 4339//4339
f 4930//4930 4339//4339 4042//4042
f 4042//4042 4339//4339 4041//4041
f 4096//4096 4039//4039 4339//4339
f 4339//4339 4039//4039 4040//4040
f 4339//4339 4040//4040 4041//4041
f 4037//4037 4038//4038 4095//4095
f 4095//4095 4038//4038 4096//4096
f 4095//4095 4096//4096 4949//4949
f 4949//4949 4096//4096 4338//4338
f 4949//4949 4338//4338 4950//4950
f 4950//4950 4338//4338 4336//4336
f 4950//4950 4336//4336 4951//4951
f 4951//4951 4336//4336 4334//4334
f 4951//4951 4334//4334 4952//4952
f 4952//4952 4334//4334 4332//4332
f 4952//4952 4332//4332 4953//4953
f 4953//4953 4332//4332 4330//4330
f 4953//4953 4330//4330 4954//4954
f 4954//4954 4330//4330 4328//4328
f 4954//4954 4328//4328 4955//4955
f 4955//4955 4328//4328 4326//4326
f 4955//4955 4326//4326 4956//4956
f 4956//4956 4326//4326 4324//4324
f 4956//4956 4324//4324 4957//4957
f 4957//4957 4324//4324 4322//4322
f 4957//4957 4322//4322 4958//4958
f 4958//4958 4322//4322 4320//4320
f 4958//4958 4320//4320 4959//4959
f 4959//4959 4320//4320 4318//4318
f 4959//4959 4318//4318 4960//4960
f 4960//4960 4318//4318 4316//4316
f 4960//4960 4316//4316 4961//4961
f 4961//4961 4316//4316 4314//4314
f 4961//4961 4314//4314 4962//4962
f 4962//4962 4314//4314 4312//4312
f 4962//4962 4312//4312 4963//4963
f 4963//4963 4312//4312 4310//4310
f 4963//4963 4310//4310 4964//4964
f 4964//4964 4310//4310 4308//4308
f 4964//4964 4308//4308 4965//4965
f 4965//4965 4308//4308 4306//4306
f 4965//4965 4306//4306 4966//4966
f 4966//4966 4306//4306 4304//4304
f 4035//4035 4036//4036 4967//4967
f 4967//4967 4036//4036 4095//4095
f 4967//4967 4095//4095 4968//4968
f 4968//4968 4095//4095 4949//4949
f 4968//4968 4949//4949 4969//4969
f 4969//4969 4949//4949 4950//4950
f 4969//4969 4950//4950 4970//4970
f 4970//4970 4950//4950 4951//4951
f 4970//4970 4951//4951 4971//4971
f 4971//4971 4951//4951 4952//4952
f 4971//4971 4952//4952 4972//4972
f 4972//4972 4952//4952 4953//4953
f 4972//4972 4953//4953 4973//4973
f 4973//4973 4953//4953 4954//4954
f 4973//4973 4954//4954 4974//4974
f 4974//4974 4954//4954 4955//4955
f 4974//4974 4955//4955 4975//4975
f 4975//4975 4955//4955 4956//4956
f 4975//4975 4956//4956 4976//4976
f 4976//4976 4956//4956 4957//4957
f 4976//4976 4957//4957 4977//4977
f 4977//4977 4957//4957 4958//4958
f 4977//4977 4958//4958 4978//4978
f 4978//4978 4958//4958 4959//4959
f 4978//4978 4959//4959 4979//4979
f 4979//4979 4959//4959 4960//4960
f 4979//4979 4960//4960 4980//4980
f 4980//4980 4960//4960 4961//4961
f 4980//4980 4961//4961 4981//4981
f 4981//4981 4961//4961 4962//4962
f 4981//4981 4962//4962 4982//4982
f 4982//4982 4962//4962 4963//4963
f 4982//4982 4963//4963 4983//4983
f 4983//4983 4963//4963 4964//4964
f 4983//4983 4964//4964 4984//4984
f 4984//4984 4964//4964 4965//4965
f 4984//4984 4965//4965 4985//4985
f 4985//4985 4965//4965 4966//4966
f 4985//4985 4986//4986 4984//4984
f 4984//4984 4986//4986 4987//4987
f 4984//4984 4987//4987 4983//4983
f 4983//4983 4987//4987 4988//4988
f 4983//4983 4988//4988 4982//4982
f 4982//4982 4988//4988 4989//4989
f 4982//4982 4989//4989 4981//4981
f 4981//4981 4989//4989 4990//4990
f 4981//4981 4990//4990 4980//4980
f 4980//4980 4990//4990 4991//4991
f 4980//4980 4991//4991 4979//4979
f 4979//4979 4991//4991 4992//4992
f 4979//4979 4992//4992 4978//4978
f 4978//4978 4992//4992 4993//4993
f 4978//4978 4993//4993 4977//4977
f 4977//4977 4993//4993 4994//4994
f 4977//4977 4994//4994 4976//4976
f 4976//4976 4994//4994 4995//4995
f 4976//4976 4995//4995 4975//4975
f 4975//4975 4995//4995 4996//4996
f 4975//4975 4996//4996 4974//4974
f 4974//4974 4996//4996 4997//4997
f 4974//4974 4997//4997 4973//4973
f 4973//4973 4997//4997 4998//4998
f 4973//4973 4998//4998 4972//4972
f 4972//4972 4998//4998 4999//4999
f 4972//4972 4999//4999 4971//4971
f 4971//4971 4999//4999 5000//5000
f 4971//4971 5000//5000 4970//4970
f 4970//4970 5000//5000 5001//5001
f 4970//4970 5001//5001 4969//4969
f 4969//4969 5001//5001 5002//5002
f 4969//4969 5002//5002 4968//4968
f 4968//4968 5002//5002 5003//5003
f 4968//4968 5003//5003 4967//4967
f 4967//4967 5003//5003 4094//4094
f 4967//4967 4094//4094 4035//4035
f 4035//4035 4094//4094 4034//4034
f 4986//4986 5004//5004 4987//4987
f 4987//4987 5004//5004 5005//5005
f 4987//4987 5005//5005 4988//4988
f 4988//4988 5005//5005 5006//5006
f 4988//4988 5006//5006 4989//4989
f 4989//4989 5006//5006 5007//5007
f 4989//4989 5007//5007 4990//4990
f 4990//4990 5007//5007 5008//5008
f 4990//4990 5008//5008 4991//4991
f 4991//4991 5008//5008 5009//5009
f 4991//4991 5009//5009 4992//4992
f 4992//4992 5009//5009 5010//5010
f 4992//4992 5010//5010 4993//4993
f 4993//4993 5010//5010 5011//5011
f 4993//4993 5011//5011 4994//4994
f 4994//4994 5011//5011 5012//5012
f 4994//4994 5012//5012 4995//4995
f 4995//4995 5012//5012 5013//5013
f 4995//4995 5013//5013 4996//4996
f 4996//4996 5013//5013 5014//5014
f 4996//4996 5014//5014 4997//4997
f 4997//4997 5014//5014 5015//5015
f 4997//4997 5015//5015 4998//4998
f 4998//4998 5015//5015 5016//5016
f 4998//4998 5016//5016 4999//4999
f 4999//4999 5016//5016 5017//5017
f 4999//4999 5017//5017 5000//5000
f 5000//5000 5017//5017 5018//5018
f 5000//5000 5018//5018 5001//5001
f 5001//5001 5018//5018 5019//5019
f 5001//5001 5019//5019 5002//5002
f 5002//5002 5019//5019 5020//5020
f 5002//5002 5020//5020 5003//5003
f 5003//5003 5020//5020 5021//5021
f 5003//5003 5021//5021 4094//4094
f 4094//4094 5021//5021 4093//4093
f 4094//4094 4093//4093 4070//4070
f 4070//4070 4093//4093 4069//4069
f 4067//4067 4068//4068 5022//5022
f 5022//5022 4068//4068 4093//4093
f 5022//5022 4093//4093 5023//5023
f 5023//5023 4093//4093 5021//5021
f 5023//5023 5021//5021 5024//5024
f 5024//5024 5021//5021 5020//5020
f 5024//5024 5020//5020 5025//5025
f 5025//5025 5020//5020 5019//5019
f 5025//5025 5019//5019 5026//5026
f 5026//5026 5019//5019 5018//5018
f 5026//5026 5018//5018 5027//5027
f 5027//5027 5018//5018 5017//5017
f 5027//5027 5017//5017 5028//5028
f 5028//5028 5017//5017 5016//5016
f 5028//5028 5016//5016 5029//5029
f 5029//5029 5016//5016 5015//5015
f 5029//5029 5015//5015 5030//5030
f 5030//5030 5015//5015 5014//5014
f 5030//5030 5014//5014 5031//5031
f 5031//5031 5014//5014 5013//5013
f 5031//5031 5013//5013 5032//5032
f 5032//5032 5013//5013 5012//5012
f 5032//5032 5012//5012 5033//5033
f 5033//5033 5012//5012 5011//5011
f 5033//5033 5011//5011 5034//5034
f 5034//5034 5011//5011 5010//5010
f 5034//5034 5010//5010 5035//5035
f 5035//5035 5010//5010 5009//5009
f 5035//5035 5009//5009 5036//5036
f 5036//5036 5009//5009 5008//5008
f 5036//5036 5008//5008 5037//5037
f 5037//5037 5008//5008 5007//5007
f 5037//5037 5007//5007 5038//5038
f 5038//5038 5007//5007 5006//5006
f 5038//5038 5006//5006 5039//5039
f 5039//5039 5006//5006 5005//5005
f 5039//5039 5005//5005 5040//5040
f 5040//5040 5005//5005 5004//5004
f 5040//5040 5041//5041 5039//5039
f 5039//5039 5041//5041 5042//5042
f 5039//5039 5042//5042 5038//5038
f 5038//5038 5042//5042 5043//5043
f 5038//5038 5043//5043 5037//5037
f 5037//5037 5043//5043 5044//5044
f 5037//5037 5044//5044 5036//5036
f 5036//5036 5044//5044 5045//5045
f 5036//5036 5045//5045 5035//5035
f 5035//5035 5045//5045 5046//5046
f 5035//5035 5046//5046 5034//5034
f 5034//5034 5046//5046 5047//5047
f 5034//5034 5047//5047 5033//5033
f 5033//5033 5047//5047 5048//5048
f 5033//5033 5048//5048 5032//5032
f 5032//5032 5048//5048 5049//5049
f 5032//5032 5049//5049 5031//5031
f 5031//5031 5049//5049 5050//5050
f 5031//5031 5050//5050 5030//5030
f 5030//5030 5050//5050 5051//5051
f 5030//5030 5051//5051 5029//5029
f 5029//5029 5051//5051 5052//5052
f 5029//5029 5052//5052 5028//5028
f 5028//5028 5052//5052 5053//5053
f 5028//5028 5053//5053 5027//5027
f 5027//5027 5053//5053 5054//5054
f 5027//5027 5054//5054 5026//5026
f 5026//5026 5054//5054 5055//5055
f 5026//5026 5055//5055 5025//5025
f 5025//5025 5055//5055 5056//5056
f 5025//5025 5056//5056 5024//5024
f 5024//5024 5056//5056 5057//5057
f 5024//5024 5057//5057 5023//5023
f 5023//5023 5057//5057 5058//5058
f 5023//5023 5058//5058 5022//5022
f 5022//5022 5058//5058 4092//4092
f 5022//5022 4092//4092 4067//4067
f 4067//4067 4092//4092 4066//4066
f 5041//5041 5059//5059 5042//5042
f 5042//5042 5059//5059 5060//5060
f 5042//5042 5060//5060 5043//5043
f 5043//5043 5060//5060 5061//5061
f 5043//5043 5061//5061 5044//5044
f 5044//5044 5061//5061 5062//5062
f 5044//5044 5062//5062 5045//5045
f 5045//5045 5062//5062 5063//5063
f 5045//5045 5063//5063 5046//5046
f 5046//5046 5063//5063 5064//5064
f 5046//5046 5064//5064 5047//5047
f 5047//5047 5064//5064 5065//5065
f 5047//5047 5065//5065 5048//5048
f 5048//5048 5065//5065 5066//5066
f 5048//5048 5066//5066 5049//5049
f 5049//5049 5066//5066 5067//5067
f 5049//5049 5067//5067 5050//5050
f 5050//5050 5067//5067 5068//5068
f 5050//5050 5068//5068 5051//5051
f 5051//5051 5068//5068 5069//5069
f 5051//5051 5069//5069 5052//5052
f 5052//5052 5069//5069 5070//5070
f 5052//5052 5070//5070 5053//5053
f 5053//5053 5070//5070 5071//5071
f 5053//5053 5071//5071 5054//5054
f 5054//5054 5071//5071 5072//5072
f 5054//5054 5072//5072 5055//5055
f 5055//5055 5072//5072 5073//5073
f 5055//5055 5073//5073 5056//5056
f 5056//5056 5073//5073 5074//5074
f 5056//5056 5074//5074 5057//5057
f 5057//5057 5074//5074 5075//5075
f 5057//5057 5075//5075 5058//5058
f 5058//5058 5075//5075 5076//5076
f 5058//5058 5076//5076 4092//4092
f 4092//4092 5076//5076 4091//4091
f 4092//4092 4091//4091 4065//4065
f 4065//4065 4091//4091 4064//4064
f 4062//4062 4063//4063 5077//5077
f 5077//5077 4063//4063 4091//4091
f 5077//5077 4091//4091 5078//5078
f 5078//5078 4091//4091 5076//5076
f 5078//5078 5076//5076 5079//5079
f 5079//5079 5076//5076 5075//5075
f 5079//5079 5075//5075 5080//5080
f 5080//5080 5075//5075 5074//5074
f 5080//5080 5074//5074 5081//5081
f 5081//5081 5074//5074 5073//5073
f 5081//5081 5073//5073 5082//5082
f 5082//5082 5073//5073 5072//5072
f 5082//5082 5072//5072 5083//5083
f 5083//5083 5072//5072 5071//5071
f 5083//5083 5071//5071 5084//5084
f 5084//5084 5071//5071 5070//5070
f 5084//5084 5070//5070 5085//5085
f 5085//5085 5070//5070 5069//5069
f 5085//5085 5069//5069 5086//5086
f 5086//5086 5069//5069 5068//5068
f 5086//5086 5068//5068 5087//5087
f 5087//5087 5068//5068 5067//5067
f 5087//5087 5067//5067 5088//5088
f 5088//5088 5067//5067 5066//5066
f 5088//5088 5066//5066 5089//5089
f 5089//5089 5066//5066 5065//5065
f 5089//5089 5065//5065 5090//5090
f 5090//5090 5065//5065 5064//5064
f 5090//5090 5064//5064 5091//5091
f 5091//5091 5064//5064 5063//5063
f 5091//5091 5063//5063 5092//5092
f 5092//5092 5063//5063 5062//5062
f 5092//5092 5062//5062 5093//5093
f 5093//5093 5062//5062 5061//5061
f 5093//5093 5061//5061 5094//5094
f 5094//5094 5061//5061 5060//5060
f 5094//5094 5060//5060 5095//5095
f 5095//5095 5060//5060 5059//5059
f 5095//5095 4340//4340 5094//5094
f 5094//5094 4340//4340 4342//4342
f 5094//5094 4342//4342 5093//5093
f 5093//5093 4342//4342 4344//4344
f 5093//5093 4344//4344 5092//5092
f 5092//5092 4344//4344 4346//4346
f 5092//5092 4346//4346 5091//5091
f 5091//5091 4346//4346 4348//4348
f 5091//5091 4348//4348 5090//5090
f 5090//5090 4348//4348 4350//4350
f 5090//5090 4350//4350 5089//5089
f 5089//5089 4350//4350 4352//4352
f 5089//5089 4352//4352 5088//5088
f 5088//5088 4352//4352 4354//4354
f 5088//5088 4354//4354 5087//5087
f 5087//5087 4354//4354 4356//4356
f 5087//5087 4356//4356 5086//5086
f 5086//5086 4356//4356 4358//4358
f 5086//5086 4358//4358 5085//5085
f 5085//5085 4358//4358 4360//4360
f 5085//5085 4360//4360 5084//5084
f 5084//5084 4360//4360 4362//4362
f 5084//5084 4362//4362 5083//5083
f 5083//5083 4362//4362 4364//4364
f 5083//5083 4364//4364 5082//5082
f 5082//5082 4364//4364 4366//4366
f 5082//5082 4366//4366 5081//5081
f 5081//5081 4366//4366 4368//4368
f 5081//5081 4368//4368 5080//5080
f 5080//5080 4368//4368 4370//4370
f 5080//5080 4370//4370 5079//5079
f 5079//5079 4370//4370 4372//4372
f 5079//5079 4372//4372 5078//5078
f 5078//5078 4372//4372 4374//4374
f 5078//5078 4374//4374 5077//5077
f 5077//5077 4374//4374 4376//4376
f 5077//5077 4376//4376 4062//4062
f 4062//4062 4376//4376 4061//4061
f 4090//4090 4059//4059 4376//4376
f 4376//4376 4059//4059 4060//4060
f 4376//4376 4060//4060 4061//4061
f 4057//4057 4058//4058 5096//5096
f 5096//5096 4058//4058 4090//4090
f 5096//5096 4090//4090 5097//5097
f 5097//5097 4090//4090 4375//4375
f 5097//5097 4375//4375 5098//5098
f 5098//5098 4375//4375 4373//4373
f 5098//5098 4373//4373 5099//5099
f 5099//5099 4373//4373 4371//4371
f 5099//5099 4371//4371 5100//5100
f 5100//5100 4371//4371 4369//4369
f 5100//5100 4369//4369 5101//5101
f 5101//5101 4369//4369 4367//4367
f 5101//5101 4367//4367 5102//5102
f 5102//5102 4367//4367 4365//4365
f 5102//5102 4365//4365 5103//5103
f 5103//5103 4365//4365 4363//4363
f 5103//5103 4363//4363 5104//5104
f 5104//5104 4363//4363 4361//4361
f 5104//5104 4361//4361 5105//5105
f 5105//5105 4361//4361 4359//4359
f 5105//5105 4359//4359 5106//5106
f 5106//5106 4359//4359 4357//4357
f 5106//5106 4357//4357 5107//5107
f 5107//5107 4357//4357 4355//4355
f 5107//5107 4355//4355 5108//5108
f 5108//5108 4355//4355 4353//4353
f 5108//5108 4353//4353 5109//5109
f 5109//5109 4353//4353 4351//4351
f 5109//5109 4351//4351 5110//5110
f 5110//5110 4351//4351 4349//4349
f 5110//5110 4349//4349 5111//5111
f 5111//5111 4349//4349 4347//4347
f 5111//5111 4347//4347 5112//5112
f 5112//5112 4347//4347 4345//4345
f 5112//5112 4345//4345 5113//5113
f 5113//5113 4345//4345 4343//4343
f 5113//5113 4343//4343 5114//5114
f 5114//5114 4343//4343 4341//4341
f 5114//5114 4377//4377 5113//5113
f 5113//5113 4377//4377 4379//4379
f 5113//5113 4379//4379 5112//5112
f 5112//5112 4379//4379 4381//4381
f 5112//5112 4381//4381 5111//5111
f 5111//5111 4381//4381 4383//4383
f 5111//5111 4383//4383 5110//5110
f 5110//5110 4383//4383 4385//4385
f 5110//5110 4385//4385 5109//5109
f 5109//5109 4385//4385 4387//4387
f 5109//5109 4387//4387 5108//5108
f 5108//5108 4387//4387 4389//4389
f 5108//5108 4389//4389 5107//5107
f 5107//5107 4389//4389 4391//4391
f 5107//5107 4391//4391 5106//5106
f 5106//5106 4391//4391 4393//4393
f 5106//5106 4393//4393 5105//5105
f 5105//5105 4393//4393 4395//4395
f 5105//5105 4395//4395 5104//5104
f 5104//5104 4395//4395 4397//4397
f 5104//5104 4397//4397 5103//5103
f 5103//5103 4397//4397 4399//4399
f 5103//5103 4399//4399 5102//5102
f 5102//5102 4399//4399 4401//4401
f 5102//5102 4401//4401 5101//5101
f 5101//5101 4401//4401 4403//4403
f 5101//5101 4403//4403 5100//5100
f 5100//5100 4403//4403 4405//4405
f 5100//5100 4405//4405 5099//5099
f 5099//5099 4405//4405 4407//4407
f 5099//5099 4407//4407 5098//5098
f 5098//5098 4407//4407 4409//4409
f 5098//5098 4409//4409 5097//5097
f 5097//5097 4409//4409 4411//4411
f 5097//5097 4411//4411 5096//5096
f 5096//5096 4411//4411 4413//4413
f 5096//5096 4413//4413 4057//4057
f 4057//4057 4413//4413 4056//4056
f 4089//4089 4054//4054 4413//4413
f 4413//4413 4054//4054 4055//4055
f 4413//4413 4055//4055 4056//4056
f 4088//4088 4053//4053 5115//5115
f 5115//5115 4053//4053 4089//4089
f 5115//5115 4089//4089 5116//5116
f 5116//5116 4089//4089 4412//4412
f 5116//5116 4412//4412 5117//5117
f 5117//5117 4412//4412 4410//4410
f 5117//5117 4410//4410 5118//5118
f 5118//5118 4410//4410 4408//4408
f 5118//5118 4408//4408 5119//5119
f 5119//5119 4408//4408 4406//4406
f 5119//5119 4406//4406 5120//5120
f 5120//5120 4406//4406 4404//4404
f 5120//5120 4404//4404 5121//5121
f 5121//5121 4404//4404 4402//4402
f 5121//5121 4402//4402 5122//5122
f 5122//5122 4402//4402 4400//4400
f 5122//5122 4400//4400 5123//5123
f 5123//5123 4400//4400 4398//4398
f 5123//5123 4398//4398 5124//5124
f 5124//5124 4398//4398 4396//4396
f 5124//5124 4396//4396 5125//5125
f 5125//5125 4396//4396 4394//4394
f 5125//5125 4394//4394 5126//5126
f 5126//5126 4394//4394 4392//4392
f 5126//5126 4392//4392 5127//5127
f 5127//5127 4392//4392 4390//4390
f 5127//5127 4390//4390 5128//5128
f 5128//5128 4390//4390 4388//4388
f 5128//5128 4388//4388 5129//5129
f 5129//5129 4388//4388 4386//4386
f 5129//5129 4386//4386 5130//5130
f 5130//5130 4386//4386 4384//4384
f 5130//5130 4384//4384 5131//5131
f 5131//5131 4384//4384 4382//4382
f 5131//5131 4382//4382 5132//5132
f 5132//5132 4382//4382 4380//4380
f 5132//5132 4380//4380 5133//5133
f 5133//5133 4380//4380 4378//4378
f 5133//5133 4414//4414 5132//5132
f 5132//5132 4414//4414 4416//4416
f 5132//5132 4416//4416 5131//5131
f 5131//5131 4416//4416 4418//4418
f 5131//5131 4418//4418 5130//5130
f 5130//5130 4418//4418 4420//4420
f 5130//5130 4420//4420 5129//5129
f 5129//5129 4420//4420 4422//4422
f 5129//5129 4422//4422 5128//5128
f 5128//5128 4422//4422 4424//4424
f 5128//5128 4424//4424 5127//5127
f 5127//5127 4424//4424 4426//4426
f 5127//5127 4426//4426 5126//5126
f 5126//5126 4426//4426 4428//4428
f 5126//5126 4428//4428 5125//5125
f 5125//5125 4428//4428 4430//4430
f 5125//5125 4430//4430 5124//5124
f 5124//5124 4430//4430 4432//4432
f 5124//5124 4432//4432 5123//5123
f 5123//5123 4432//4432 4434//4434
f 5123//5123 4434//4434 5122//5122
f 5122//5122 4434//4434 4436//4436
f 5122//5122 4436//4436 5121//5121
f 5121//5121 4436//4436 4438//4438
f 5121//5121 4438//4438 5120//5120
f 5120//5120 4438//4438 4440//4440
f 5120//5120 4440//4440 5119//5119
f 5119//5119 4440//4440 4442//4442
f 5119//5119 4442//4442 5118//5118
f 5118//5118 4442//4442 4444//4444
f 5118//5118 4444//4444 5117//5117
f 5117//5117 4444//4444 4446//4446
f 5117//5117 4446//4446 5116//5116
f 5116//5116 4446//4446 4448//4448
f 5116//5116 4448//4448 5115//5115
f 5115//5115 4448//4448 4450//4450
f 5115//5115 4450//4450 4088//4088
f 4088//4088 4450//4450 4087//4087
f 5134//5134 4561//4561 5135//5135
f 5135//5135 4561//4561 4119//4119
f 5135//5135 4119//4119 5136//5136
f 5136//5136 4119//4119 4118//4118
f 5136//5136 4118//4118 5137//5137
f 5137//5137 4118//4118 4542//4542
f 5137//5137 4542//4542 5138//5138
f 5138//5138 4542//4542 4506//4506
f 5138//5138 4506//4506 5139//5139
f 5139//5139 4506//4506 4488//4488
f 5139//5139 4488//4488 5140//5140
f 5140//5140 4488//4488 4487//4487
f 5140//5140 4487//4487 5141//5141
f 5141//5141 4487//4487 4451//4451
f 5141//5141 4451//4451 5142//5142
f 5142//5142 4451//4451 4415//4415
f 5142//5142 4415//4415 5143//5143
f 5143//5143 4415//4415 4414//4414
f 5143//5143 4414//4414 5144//5144
f 5144//5144 4414//4414 5133//5133
f 5144//5144 5133//5133 5145//5145
f 5145//5145 5133//5133 4378//4378
f 5145//5145 4378//4378 5146//5146
f 5146//5146 4378//4378 4377//4377
f 5146//5146 4377//4377 5147//5147
f 5147//5147 4377//4377 5114//5114
f 5147//5147 5114//5114 5148//5148
f 5148//5148 5114//5114 4341//4341
f 5148//5148 4341//4341 5149//5149
f 5149//5149 4341//4341 4340//4340
f 5149//5149 4340//4340 5150//5150
f 5150//5150 4340//4340 5095//5095
f 5150//5150 5095//5095 5151//5151
f 5151//5151 5095//5095 5059//5059
f 5151//5151 5059//5059 5152//5152
f 5153//5153 4230//4230 5154//5154
f 5154//5154 4230//4230 4229//4229
f 5154//5154 4229//4229 5155//5155
f 5155//5155 4229//4229 4782//4782
f 5155//5155 4782//4782 5156//5156
f 5156//5156 4782//4782 4193//4193
f 5156//5156 4193//4193 5157//5157
f 5157//5157 4193//4193 4192//4192
f 5157//5157 4192//4192 5158//5158
f 5158//5158 4192//4192 4763//4763
f 5158//5158 4763//4763 5159//5159
f 5159//5159 4763//4763 4727//4727
f 5159//5159 4727//4727 5160//5160
f 5160//5160 4727//4727 4709//4709
f 5160//5160 4709//4709 5161//5161
f 5161//5161 4709//4709 4708//4708
f 5161//5161 4708//4708 5162//5162
f 5162//5162 4708//4708 4672//4672
f 5162//5162 4672//4672 5163//5163
f 5163//5163 4672//4672 4654//4654
f 5163//5163 4654//4654 5164//5164
f 5164//5164 4654//4654 4653//4653
f 5164//5164 4653//4653 5165//5165
f 5165//5165 4653//4653 4617//4617
f 5165//5165 4617//4617 5166//5166
f 5166//5166 4617//4617 4616//4616
f 5166//5166 4616//4616 5167//5167
f 5167//5167 4616//4616 4581//4581
f 5167//5167 4581//4581 5168//5168
f 5168//5168 4581//4581 4580//4580
f 5168//5168 4580//4580 5169//5169
f 5169//5169 4580//4580 4156//4156
f 5169//5169 4156//4156 5134//5134
f 5134//5134 4156//4156 4155//4155
f 5134//5134 4155//4155 4561//4561
f 5059//5059 5041//5041 5152//5152
f 5152//5152 5041//5041 5040//5040
f 5152//5152 5040//5040 5170//5170
f 5170//5170 5040//5040 5004//5004
f 5170//5170 5004//5004 5171//5171
f 5171//5171 5004//5004 4986//4986
f 5171//5171 4986//4986 5172//5172
f 5172//5172 4986//4986 4985//4985
f 5172//5172 4985//4985 5173//5173
f 5173//5173 4985//4985 4966//4966
f 5173//5173 4966//4966 5174//5174
f 5174//5174 4966//4966 4304//4304
f 5174//5174 4304//4304 5175//5175
f 5175//5175 4304//4304 4303//4303
f 5175//5175 4303//4303 5176//5176
f 5176//5176 4303//4303 4948//4948
f 5176//5176 4948//4948 5177//5177
f 5177//5177 4948//4948 4267//4267
f 5177//5177 4267//4267 5178//5178
f 5178//5178 4267//4267 4266//4266
f 5178//5178 4266//4266 5179//5179
f 5179//5179 4266//4266 4929//4929
f 5179//5179 4929//4929 5180//5180
f 5180//5180 4929//4929 4893//4893
f 5180//5180 4893//4893 5181//5181
f 5181//5181 4893//4893 4875//4875
f 5181//5181 4875//4875 5182//5182
f 5182//5182 4875//4875 4874//4874
f 5182//5182 4874//4874 5183//5183
f 5183//5183 4874//4874 4838//4838
f 5183//5183 4838//4838 5184//5184
f 5184//5184 4838//4838 4820//4820
f 5184//5184 4820//4820 5185//5185
f 5185//5185 4820//4820 4819//4819
f 5185//5185 4819//4819 5153//5153
f 5153//5153 4819//4819 4783//4783
f 5153//5153 4783//4783 4230//4230
f 5186//5186 5187//5187 5188//5188
f 5188//5188 5189//5189 5186//5186
f 5186//5186 5189//5189 5190//5190
f 5186//5186 5190//5190 5191//5191
f 5190//5190 5192//5192 5191//5191
f 5191//5191 5192//5192 5193//5193
f 5191//5191 5193//5193 5194//5194
f 5193//5193 5195//5195 5194//5194
f 5194//5194 5195//5195 5196//5196
f 5194//5194 5196//5196 5197//5197
f 5196//5196 5198//5198 5197//5197
f 5197//5197 5198//5198 5199//5199
f 5197//5197 5199//5199 5200//5200
f 5199//5199 5201//5201 5200//5200
f 5200//5200 5201//5201 5202//5202
f 5200//5200 5202//5202 5203//5203
f 5202//5202 5204//5204 5203//5203
f 5203//5203 5204//5204 5205//5205
f 5203//5203 5205//5205 5206//5206
f 5206//5206 5205//5205 5207//5207
f 5206//5206 5207//5207 5208//5208
f 5207//5207 5209//5209 5208//5208
f 5208//5208 5209//5209 5210//5210
f 5208//5208 5210//5210 5211//5211
f 5210//5210 5212//5212 5211//5211
f 5211//5211 5212//5212 5213//5213
f 5211//5211 5213//5213 5214//5214
f 5213//5213 5215//5215 5214//5214
f 5214//5214 5215//5215 5216//5216
f 5214//5214 5216//5216 5217//5217
f 5216//5216 5218//5218 5217//5217
f 5217//5217 5218//5218 5219//5219
f 5217//5217 5219//5219 5220//5220
f 5219//5219 5221//5221 5220//5220
f 5220//5220 5221//5221 5222//5222
f 5220//5220 5222//5222 5223//5223
f 5222//5222 5224//5224 5223//5223
f 5223//5223 5224//5224 5225//5225
f 5223//5223 5225//5225 5226//5226
f 5225//5225 5227//5227 5226//5226
f 5226//5226 5227//5227 5228//5228
f 5226//5226 5228//5228 5229//5229
f 5228//5228 5230//5230 5229//5229
f 5229//5229 5230//5230 5231//5231
f 5229//5229 5231//5231 5232//5232
f 5232//5232 5231//5231 5233//5233
f 5232//5232 5233//5233 5234//5234
f 5233//5233 5235//5235 5234//5234
f 5234//5234 5235//5235 5236//5236
f 5234//5234 5236//5236 5237//5237
f 5236//5236 5238//5238 5237//5237
f 5237//5237 5238//5238 5239//5239
f 5237//5237 5239//5239 5240//5240
f 5239//5239 5241//5241 5240//5240
f 5240//5240 5241//5241 5242//5242
f 5240//5240 5242//5242 5243//5243
f 5242//5242 5244//5244 5243//5243
f 5243//5243 5244//5244 5245//5245
f 5243//5243 5245//5245 5246//5246
f 5245//5245 5247//5247 5246//5246
f 5246//5246 5247//5247 5248//5248
f 5246//5246 5248//5248 5249//5249
f 5248//5248 5250//5250 5249//5249
f 5249//5249 5250//5250 5251//5251
f 5249//5249 5251//5251 5252//5252
f 5251//5251 5253//5253 5252//5252
f 5252//5252 5253//5253 5254//5254
f 5252//5252 5254//5254 5255//5255
f 5255//5255 5254//5254 5256//5256
f 5255//5255 5256//5256 5257//5257
f 5257//5257 5256//5256 5258//5258
f 5257//5257 5258//5258 5259//5259
f 5258//5258 5260//5260 5259//5259
f 5259//5259 5260//5260 5261//5261
f 5259//5259 5261//5261 5262//5262
f 5261//5261 5263//5263 5262//5262
f 5262//5262 5263//5263 5264//5264
f 5262//5262 5264//5264 5265//5265
f 5264//5264 5266//5266 5265//5265
f 5265//5265 5266//5266 5267//5267
f 5265//5265 5267//5267 5268//5268
f 5267//5267 5269//5269 5268//5268
f 5268//5268 5269//5269 5270//5270
f 5268//5268 5270//5270 5271//5271
f 5270//5270 5272//5272 5271//5271
f 5271//5271 5272//5272 5273//5273
f 5271//5271 5273//5273 5274//5274
f 5273//5273 5275//5275 5274//5274
f 5274//5274 5275//5275 5276//5276
f 5274//5274 5276//5276 5277//5277
f 5276//5276 5278//5278 5277//5277
f 5277//5277 5278//5278 5279//5279
f 5277//5277 5279//5279 5280//5280
f 5280//5280 5279//5279 5281//5281
f 5280//5280 5281//5281 5282//5282
f 5281//5281 5283//5283 5282//5282
f 5282//5282 5283//5283 5284//5284
f 5282//5282 5284//5284 5285//5285
f 5284//5284 5286//5286 5285//5285
f 5285//5285 5286//5286 5287//5287
f 5285//5285 5287//5287 5288//5288
f 5287//5287 5289//5289 5288//5288
f 5288//5288 5289//5289 5290//5290
f 5288//5288 5290//5290 5291//5291
f 5290//5290 5292//5292 5291//5291
f 5291//5291 5292//5292 5293//5293
f 5291//5291 5293//5293 5294//5294
f 5293//5293 5295//5295 5294//5294
f 5294//5294 5295//5295 5296//5296
f 5294//5294 5296//5296 5297//5297
f 5296//5296 5298//5298 5297//5297
f 5297//5297 5298//5298 5299//5299
f 5297//5297 5299//5299 5300//5300
f 5299//5299 5301//5301 5300//5300
f 5300//5300 5301//5301 5302//5302
f 5300//5300 5302//5302 5303//5303
f 5302//5302 5304//5304 5303//5303
f 5303//5303 5304//5304 5305//5305
f 5303//5303 5305//5305 5306//5306
f 5306//5306 5305//5305 5307//5307
f 5306//5306 5307//5307 5308//5308
f 5307//5307 5309//5309 5308//5308
f 5308//5308 5309//5309 5310//5310
f 5308//5308 5310//5310 5311//5311
f 5310//5310 5312//5312 5311//5311
f 5311//5311 5312//5312 5313//5313
f 5311//5311 5313//5313 5314//5314
f 5313//5313 5315//5315 5314//5314
f 5314//5314 5315//5315 5316//5316
f 5314//5314 5316//5316 5317//5317
f 5316//5316 5318//5318 5317//5317
f 5317//5317 5318//5318 5319//5319
f 5317//5317 5319//5319 5320//5320
f 5319//5319 5321//5321 5320//5320
f 5320//5320 5321//5321 5322//5322
f 5320//5320 5322//5322 5323//5323
f 5322//5322 5324//5324 5323//5323
f 5323//5323 5324//5324 5325//5325
f 5323//5323 5325//5325 5326//5326
f 5325//5325 5327//5327 5326//5326
f 5326//5326 5327//5327 5328//5328
f 5326//5326 5328//5328 5329//5329
f 5329//5329 5328//5328 5330//5330
f 5329//5329 5330//5330 5331//5331
f 5331//5331 5330//5330 5332//5332
f 5331//5331 5332//5332 5187//5187
f 5187//5187 5332//5332 5333//5333
f 5187//5187 5333//5333 5188//5188
f 5329//5329 5334//5334 5326//5326
f 5326//5326 5334//5334 5335//5335
f 5326//5326 5335//5335 5323//5323
f 5323//5323 5335//5335 5336//5336
f 5323//5323 5336//5336 5320//5320
f 5320//5320 5336//5336 5337//5337
f 5320//5320 5337//5337 5317//5317
f 5317//5317 5337//5337 5338//5338
f 5317//5317 5338//5338 5314//5314
f 5314//5314 5338//5338 5339//5339
f 5314//5314 5339//5339 5311//5311
f 5311//5311 5339//5339 5340//5340
f 5311//5311 5340//5340 5308//5308
f 5308//5308 5340//5340 5341//5341
f 5308//5308 5341//5341 5306//5306
f 5306//5306 5341//5341 5342//5342
f 5306//5306 5342//5342 5303//5303
f 5303//5303 5342//5342 5343//5343
f 5303//5303 5343//5343 5300//5300
f 5300//5300 5343//5343 5344//5344
f 5300//5300 5344//5344 5297//5297
f 5297//5297 5344//5344 5345//5345
f 5297//5297 5345//5345 5294//5294
f 5294//5294 5345//5345 5346//5346
f 5294//5294 5346//5346 5291//5291
f 5291//5291 5346//5346 5347//5347
f 5291//5291 5347//5347 5288//5288
f 5288//5288 5347//5347 5348//5348
f 5288//5288 5348//5348 5285//5285
f 5285//5285 5348//5348 5349//5349
f 5285//5285 5349//5349 5282//5282
f 5282//5282 5349//5349 5350//5350
f 5282//5282 5350//5350 5280//5280
f 5280//5280 5350//5350 5351//5351
f 5280//5280 5351//5351 5277//5277
f 5277//5277 5351//5351 5352//5352
f 5277//5277 5352//5352 5274//5274
f 5274//5274 5352//5352 5353//5353
f 5274//5274 5353//5353 5271//5271
f 5271//5271 5353//5353 5354//5354
f 5271//5271 5354//5354 5268//5268
f 5268//5268 5354//5354 5355//5355
f 5268//5268 5355//5355 5265//5265
f 5265//5265 5355//5355 5356//5356
f 5265//5265 5356//5356 5262//5262
f 5262//5262 5356//5356 5357//5357
f 5262//5262 5357//5357 5259//5259
f 5259//5259 5357//5357 5358//5358
f 5259//5259 5358//5358 5257//5257
f 5257//5257 5358//5358 5359//5359
f 5257//5257 5359//5359 5255//5255
f 5255//5255 5359//5359 5360//5360
f 5255//5255 5360//5360 5252//5252
f 5252//5252 5360//5360 5361//5361
f 5252//5252 5361//5361 5249//5249
f 5249//5249 5361//5361 5362//5362
f 5249//5249 5362//5362 5246//5246
f 5246//5246 5362//5362 5363//5363
f 5246//5246 5363//5363 5243//5243
f 5243//5243 5363//5363 5364//5364
f 5243//5243 5364//5364 5240//5240
f 5240//5240 5364//5364 5365//5365
f 5240//5240 5365//5365 5237//5237
f 5237//5237 5365//5365 5366//5366
f 5237//5237 5366//5366 5234//5234
f 5234//5234 5366//5366 5367//5367
f 5234//5234 5367//5367 5232//5232
f 5232//5232 5367//5367 5368//5368
f 5232//5232 5368//5368 5229//5229
f 5229//5229 5368//5368 5369//5369
f 5229//5229 5369//5369 5226//5226
f 5226//5226 5369//5369 5370//5370
f 5226//5226 5370//5370 5223//5223
f 5223//5223 5370//5370 5371//5371
f 5223//5223 5371//5371 5220//5220
f 5220//5220 5371//5371 5372//5372
f 5220//5220 5372//5372 5217//5217
f 5217//5217 5372//5372 5373//5373
f 5217//5217 5373//5373 5214//5214
f 5214//5214 5373//5373 5374//5374
f 5214//5214 5374//5374 5211//5211
f 5211//5211 5374//5374 5375//5375
f 5211//5211 5375//5375 5208//5208
f 5208//5208 5375//5375 5376//5376
f 5208//5208 5376//5376 5206//5206
f 5206//5206 5376//5376 5377//5377
f 5206//5206 5377//5377 5203//5203
f 5203//5203 5377//5377 5378//5378
f 5203//5203 5378//5378 5200//5200
f 5200//5200 5378//5378 5379//5379
f 5200//5200 5379//5379 5197//5197
f 5197//5197 5379//5379 5380//5380
f 5197//5197 5380//5380 5194//5194
f 5194//5194 5380//5380 5381//5381
f 5194//5194 5381//5381 5191//5191
f 5191//5191 5381//5381 5382//5382
f 5191//5191 5382//5382 5186//5186
f 5186//5186 5382//5382 5383//5383
f 5186//5186 5383//5383 5187//5187
f 5187//5187 5383//5383 5384//5384
f 5187//5187 5384//5384 5331//5331
f 5331//5331 5384//5384 5385//5385
f 5331//5331 5385//5385 5329//5329
f 5329//5329 5385//5385 5334//5334
f 5334//5334 5386//5386 5335//5335
f 5335//5335 5386//5386 5387//5387
f 5335//5335 5387//5387 5336//5336
f 5336//5336 5387//5387 5388//5388
f 5336//5336 5388//5388 5337//5337
f 5337//5337 5388//5388 5389//5389
f 5337//5337 5389//5389 5338//5338
f 5338//5338 5389//5389 5390//5390
f 5338//5338 5390//5390 5339//5339
f 5339//5339 5390//5390 5391//5391
f 5339//5339 5391//5391 5340//5340
f 5340//5340 5391//5391 5392//5392
f 5340//5340 5392//5392 5341//5341
f 5341//5341 5392//5392 5393//5393
f 5341//5341 5393//5393 5342//5342
f 5342//5342 5393//5393 5394//5394
f 5342//5342 5394//5394 5343//5343
f 5343//5343 5394//5394 5395//5395
f 5343//5343 5395//5395 5344//5344
f 5344//5344 5395//5395 5396//5396
f 5344//5344 5396//5396 5345//5345
f 5345//5345 5396//5396 5397//5397
f 5345//5345 5397//5397 5346//5346
f 5346//5346 5397//5397 5398//5398
f 5346//5346 5398//5398 5347//5347
f 5347//5347 5398//5398 5399//5399
f 5347//5347 5399//5399 5348//5348
f 5348//5348 5399//5399 5400//5400
f 5348//5348 5400//5400 5349//5349
f 5349//5349 5400//5400 5401//5401
f 5349//5349 5401//5401 5350//5350
f 5350//5350 5401//5401 5402//5402
f 5350//5350 5402//5402 5351//5351
f 5351//5351 5402//5402 5403//5403
f 5351//5351 5403//5403 5352//5352
f 5352//5352 5403//5403 5404//5404
f 5352//5352 5404//5404 5353//5353
f 5353//5353 5404//5404 5405//5405
f 5353//5353 5405//5405 5354//5354
f 5354//5354 5405//5405 5406//5406
f 5354//5354 5406//5406 5355//5355
f 5355//5355 5406//5406 5407//5407
f 5355//5355 5407//5407 5356//5356
f 5356//5356 5407//5407 5408//5408
f 5356//5356 5408//5408 5357//5357
f 5357//5357 5408//5408 5409//5409
f 5357//5357 5409//5409 5358//5358
f 5358//5358 5409//5409 5410//5410
f 5358//5358 5410//5410 5359//5359
f 5359//5359 5410//5410 5411//5411
f 5359//5359 5411//5411 5360//5360
f 5360//5360 5411//5411 5412//5412
f 5360//5360 5412//5412 5361//5361
f 5361//5361 5412//5412 5413//5413
f 5361//5361 5413//5413 5362//5362
f 5362//5362 5413//5413 5414//5414
f 5362//5362 5414//5414 5363//5363
f 5363//5363 5414//5414 5415//5415
f 5363//5363 5415//5415 5364//5364
f 5364//5364 5415//5415 5416//5416
f 5364//5364 5416//5416 5365//5365
f 5365//5365 5416//5416 5417//5417
f 5365//5365 5417//5417 5366//5366
f 5366//5366 5417//5417 5418//5418
f 5366//5366 5418//5418 5367//5367
f 5367//5367 5418//5418 5419//5419
f 5367//5367 5419//5419 5368//5368
f 5368//5368 5419//5419 5420//5420
f 5368//5368 5420//5420 5369//5369
f 5369//5369 5420//5420 5421//5421
f 5369//5369 5421//5421 5370//5370
f 5370//5370 5421//5421 5422//5422
f 5370//5370 5422//5422 5371//5371
f 5371//5371 5422//5422 5423//5423
f 5371//5371 5423//5423 5372//5372
f 5372//5372 5423//5423 5424//5424
f 5372//5372 5424//5424 5373//5373
f 5373//5373 5424//5424 5425//5425
f 5373//5373 5425//5425 5374//5374
f 5374//5374 5425//5425 5426//5426
f 5374//5374 5426//5426 5375//5375
f 5375//5375 5426//5426 5427//5427
f 5375//5375 5427//5427 5376//5376
f 5376//5376 5427//5427 5428//5428
f 5376//5376 5428//5428 5377//5377
f 5377//5377 5428//5428 5429//5429
f 5377//5377 5429//5429 5378//5378
f 5378//5378 5429//5429 5430//5430
f 5378//5378 5430//5430 5379//5379
f 5379//5379 5430//5430 5431//5431
f 5379//5379 5431//5431 5380//5380
f 5380//5380 5431//5431 5432//5432
f 5380//5380 5432//5432 5381//5381
f 5381//5381 5432//5432 5433//5433
f 5381//5381 5433//5433 5382//5382
f 5382//5382 5433//5433 5434//5434
f 5382//5382 5434//5434 5383//5383
f 5383//5383 5434//5434 5435//5435
f 5383//5383 5435//5435 5384//5384
f 5384//5384 5435//5435 5436//5436
f 5384//5384 5436//5436 5385//5385
f 5385//5385 5436//5436 5437//5437
f 5385//5385 5437//5437 5334//5334
f 5334//5334 5437//5437 5386//5386
f 5386//5386 5438//5438 5387//5387
f 5387//5387 5438//5438 5439//5439
f 5387//5387 5439//5439 5388//5388
f 5388//5388 5439//5439 5440//5440
f 5388//5388 5440//5440 5389//5389
f 5389//5389 5440//5440 5441//5441
f 5389//5389 5441//5441 5390//5390
f 5390//5390 5441//5441 5442//5442
f 5390//5390 5442//5442 5391//5391
f 5391//5391 5442//5442 5443//5443
f 5391//5391 5443//5443 5392//5392
f 5392//5392 5443//5443 5444//5444
f 5392//5392 5444//5444 5393//5393
f 5393//5393 5444//5444 5445//5445
f 5393//5393 5445//5445 5394//5394
f 5394//5394 5445//5445 5446//5446
f 5394//5394 5446//5446 5395//5395
f 5395//5395 5446//5446 5447//5447
f 5395//5395 5447//5447 5396//5396
f 5396//5396 5447//5447 5448//5448
f 5396//5396 5448//5448 5397//5397
f 5397//5397 5448//5448 5449//5449
f 5397//5397 5449//5449 5398//5398
f 5398//5398 5449//5449 5450//5450
f 5398//5398 5450//5450 5399//5399
f 5399//5399 5450//5450 5451//5451
f 5399//5399 5451//5451 5400//5400
f 5400//5400 5451//5451 5452//5452
f 5400//5400 5452//5452 5401//5401
f 5401//5401 5452//5452 5453//5453
f 5401//5401 5453//5453 5402//5402
f 5402//5402 5453//5453 5454//5454
f 5402//5402 5454//5454 5403//5403
f 5403//5403 5454//5454 5455//5455
f 5403//5403 5455//5455 5404//5404
f 5404//5404 5455//5455 5456//5456
f 5404//5404 5456//5456 5405//5405
f 5405//5405 5456//5456 5457//5457
f 5405//5405 5457//5457 5406//5406
f 5406//5406 5457//5457 5458//5458
f 5406//5406 5458//5458 5407//5407
f 5407//5407 5458//5458 5459//5459
f 5407//5407 5459//5459 5408//5408
f 5408//5408 5459//5459 5460//5460
f 5408//5408 5460//5460 5409//5409
f 5409//5409 5460//5460 5461//5461
f 5409//5409 5461//5461 5410//5410
f 5410//5410 5461//5461 5462//5462
f 5410//5410 5462//5462 5411//5411
f 5411//5411 5462//5462 5463//5463
f 5411//5411 5463//5463 5412//5412
f 5412//5412 5463//5463 5464//5464
f 5412//5412 5464//5464 5413//5413
f 5413//5413 5464//5464 5465//5465
f 5413//5413 5465//5465 5414//5414
f 5414//5414 5465//5465 5466//5466
f 5414//5414 5466//5466 5415//5415
f 5415//5415 5466//5466 5467//5467
f 5415//5415 5467//5467 5416//5416
f 5416//5416 5467//5467 5468//5468
f 5416//5416 5468//5468 5417//5417
f 5417//5417 5468//5468 5469//5469
f 5417//5417 5469//5469 5418//5418
f 5418//5418 5469//5469 5470//5470
f 5418//5418 5470//5470 5419//5419
f 5419//5419 5470//5470 5471//5471
f 5419//5419 5471//5471 5420//5420
f 5420//5420 5471//5471 5472//5472
f 5420//5420 5472//5472 5421//5421
f 5421//5421 5472//5472 5473//5473
f 5421//5421 5473//5473 5422//5422
f 5422//5422 5473//5473 5474//5474
f 5422//5422 5474//5474 5423//5423
f 5423//5423 5474//5474 5475//5475
f 5423//5423 5475//5475 5424//5424
f 5424//5424 5475//5475 5476//5476
f 5424//5424 5476//5476 5425//5425
f 5425//5425 5476//5476 5477//5477
f 5425//5425 5477//5477 5426//5426
f 5426//5426 5477//5477 5478//5478
f 5426//5426 5478//5478 5427//5427
f 5427//5427 5478//5478 5479//5479
f 5427//5427 5479//5479 5428//5428
f 5428//5428 5479//5479 5480//5480
f 5428//5428 5480//5480 5429//5429
f 5429//5429 5480//5480 5481//5481
f 5429//5429 5481//5481 5430//5430
f 5430//5430 5481//5481 5482//5482
f 5430//5430 5482//5482 5431//5431
f 5431//5431 5482//5482 5483//5483
f 5431//5431 5483//5483 5432//5432
f 5432//5432 5483//5483 5484//5484
f 5432//5432 5484//5484 5433//5433
f 5433//5433 5484//5484 5485//5485
f 5433//5433 5485//5485 5434//5434
f 5434//5434 5485//5485 5486//5486
f 5434//5434 5486//5486 5435//5435
f 5435//5435 5486//5486 5487//5487
f 5435//5435 5487//5487 5436//5436
f 5436//5436 5487//5487 5488//5488
f 5436//5436 5488//5488 5437//5437
f 5437//5437 5488//5488 5489//5489
f 5437//5437 5489//5489 5386//5386
f 5386//5386 5489//5489 5438//5438
f 5438//5438 5490//5490 5439//5439
f 5439//5439 5490//5490 5491//5491
f 5439//5439 5491//5491 5440//5440
f 5440//5440 5491//5491 5492//5492
f 5440//5440 5492//5492 5441//5441
f 5441//5441 5492//5492 5493//5493
f 5441//5441 5493//5493 5442//5442
f 5442//5442 5493//5493 5494//5494
f 5442//5442 5494//5494 5443//5443
f 5443//5443 5494//5494 5495//5495
f 5443//5443 5495//5495 5444//5444
f 5444//5444 5495//5495 5496//5496
f 5444//5444 5496//5496 5445//5445
f 5445//5445 5496//5496 5497//5497
f 5445//5445 5497//5497 5446//5446
f 5446//5446 5497//5497 5498//5498
f 5446//5446 5498//5498 5447//5447
f 5447//5447 5498//5498 5499//5499
f 5447//5447 5499//5499 5448//5448
f 5448//5448 5499//5499 5500//5500
f 5448//5448 5500//5500 5449//5449
f 5449//5449 5500//5500 5501//5501
f 5449//5449 5501//5501 5450//5450
f 5450//5450 5501//5501 5502//5502
f 5450//5450 5502//5502 5451//5451
f 5451//5451 5502//5502 5503//5503
f 5451//5451 5503//5503 5452//5452
f 5452//5452 5503//5503 5504//5504
f 5452//5452 5504//5504 5453//5453
f 5453//5453 5504//5504 5505//5505
f 5453//5453 5505//5505 5454//5454
f 5454//5454 5505//5505 5506//5506
f 5454//5454 5506//5506 5455//5455
f 5455//5455 5506//5506 5507//5507
f 5455//5455 5507//5507 5456//5456
f 5456//5456 5507//5507 5508//5508
f 5456//5456 5508//5508 5457//5457
f 5457//5457 5508//5508 5509//5509
f 5457//5457 5509//5509 5458//5458
f 5458//5458 5509//5509 5510//5510
f 5458//5458 5510//5510 5459//5459
f 5459//5459 5510//5510 5511//5511
f 5459//5459 5511//5511 5460//5460
f 5460//5460 5511//5511 5512//5512
f 5460//5460 5512//5512 5461//5461
f 5461//5461 5512//5512 5513//5513
f 5461//5461 5513//5513 5462//5462
f 5462//5462 5513//5513 5514//5514
f 5462//5462 5514//5514 5463//5463
f 5463//5463 5514//5514 5515//5515
f 5463//5463 5515//5515 5464//5464
f 5464//5464 5515//5515 5516//5516
f 5464//5464 5516//5516 5465//5465
f 5465//5465 5516//5516 5517//5517
f 5465//5465 5517//5517 5466//5466
f 5466//5466 5517//5517 5518//5518
f 5466//5466 5518//5518 5467//5467
f 5467//5467 5518//5518 5519//5519
f 5467//5467 5519//5519 5468//5468
f 5468//5468 5519//5519 5520//5520
f 5468//5468 5520//5520 5469//5469
f 5469//5469 5520//5520 5521//5521
f 5469//5469 5521//5521 5470//5470
f 5470//5470 5521//5521 5522//5522
f 5470//5470 5522//5522 5471//5471
f 5471//5471 5522//5522 5523//5523
f 5471//5471 5523//5523 5472//5472
f 5472//5472 5523//5523 5524//5524
f 5472//5472 5524//5524 5473//5473
f 5473//5473 5524//5524 5525//5525
f 5473//5473 5525//5525 5474//5474
f 5474//5474 5525//5525 5526//5526
f 5474//5474 5526//5526 5475//5475
f 5475//5475 5526//5526 5527//5527
f 5475//5475 5527//5527 5476//5476
f 5476//5476 5527//5527 5528//5528
f 5476//5476 5528//5528 5477//5477
f 5477//5477 5528//5528 5529//5529
f 5477//5477 5529//5529 5478//5478
f 5478//5478 5529//5529 5530//5530
f 5478//5478 5530//5530 5479//5479
f 5479//5479 5530//5530 5531//5531
f 5479//5479 5531//5531 5480//5480
f 5480//5480 5531//5531 5532//5532
f 5480//5480 5532//5532 5481//5481
f 5481//5481 5532//5532 5533//5533
f 5481//5481 5533//5533 5482//5482
f 5482//5482 5533//5533 5534//5534
f 5482//5482 5534//5534 5483//5483
f 5483//5483 5534//5534 5535//5535
f 5483//5483 5535//5535 5484//5484
f 5484//5484 5535//5535 5536//5536
f 5484//5484 5536//5536 5485//5485
f 5485//5485 5536//5536 5537//5537
f 5485//5485 5537//5537 5486//5486
f 5486//5486 5537//5537 5538//5538
f 5486//5486 5538//5538 5487//5487
f 5487//5487 5538//5538 5539//5539
f 5487//5487 5539//5539 5488//5488
f 5488//5488 5539//5539 5540//5540
f 5488//5488 5540//5540 5489//5489
f 5489//5489 5540//5540 5541//5541
f 5489//5489 5541//5541 5438//5438
f 5438//5438 5541//5541 5490//5490
f 5490//5490 5542//5542 5491//5491
f 5491//5491 5542//5542 5543//5543
f 5491//5491 5543//5543 5492//5492
f 5492//5492 5543//5543 5544//5544
f 5492//5492 5544//5544 5493//5493
f 5493//5493 5544//5544 5545//5545
f 5493//5493 5545//5545 5494//5494
f 5494//5494 5545//5545 5546//5546
f 5494//5494 5546//5546 5495//5495
f 5495//5495 5546//5546 5547//5547
f 5495//5495 5547//5547 5496//5496
f 5496//5496 5547//5547 5548//5548
f 5496//5496 5548//5548 5497//5497
f 5497//5497 5548//5548 5549//5549
f 5497//5497 5549//5549 5498//5498
f 5498//5498 5549//5549 5550//5550
f 5498//5498 5550//5550 5499//5499
f 5499//5499 5550//5550 5551//5551
f 5499//5499 5551//5551 5500//5500
f 5500//5500 5551//5551 5552//5552
f 5500//5500 5552//5552 5501//5501
f 5501//5501 5552//5552 5553//5553
f 5501//5501 5553//5553 5502//5502
f 5502//5502 5553//5553 5554//5554
f 5502//5502 5554//5554 5503//5503
f 5503//5503 5554//5554 5555//5555
f 5503//5503 5555//5555 5504//5504
f 5504//5504 5555//5555 5556//5556
f 5504//5504 5556//5556 5505//5505
f 5505//5505 5556//5556 5557//5557
f 5505//5505 5557//5557 5506//5506
f 5506//5506 5557//5557 5558//5558
f 5506//5506 5558//5558 5507//5507
f 5507//5507 5558//5558 5559//5559
f 5507//5507 5559//5559 5508//5508
f 5508//5508 5559//5559 5560//5560
f 5508//5508 5560//5560 5509//5509
f 5509//5509 5560//5560 5561//5561
f 5509//5509 5561//5561 5510//5510
f 5510//5510 5561//5561 5562//5562
f 5510//5510 5562//5562 5511//5511
f 5511//5511 5562//5562 5563//5563
f 5511//5511 5563//5563 5512//5512
f 5512//5512 5563//5563 5564//5564
f 5512//5512 5564//5564 5513//5513
f 5513//5513 5564//5564 5565//5565
f 5513//5513 5565//5565 5514//5514
f 5514//5514 5565//5565 5566//5566
f 5514//5514 5566//5566 5515//5515
f 5515//5515 5566//5566 5567//5567
f 5515//5515 5567//5567 5516//5516
f 5516//5516 5567//5567 5568//5568
f 5516//5516 5568//5568 5517//5517
f 5517//5517 5568//5568 5569//5569
f 5517//5517 5569//5569 5518//5518
f 5518//5518 5569//5569 5570//5570
f 5518//5518 5570//5570 5519//5519
f 5519//5519 5570//5570 5571//5571
f 5519//5519 5571//5571 5520//5520
f 5520//5520 5571//5571 5572//5572
f 5520//5520 5572//5572 5521//5521
f 5521//5521 5572//5572 5573//5573
f 5521//5521 5573//5573 5522//5522
f 5522//5522 5573//5573 5574//5574
f 5522//5522 5574//5574 5523//5523
f 5523//5523 5574//5574 5575//5575
f 5523//5523 5575//5575 5524//5524
f 5524//5524 5575//5575 5576//5576
f 5524//5524 5576//5576 5525//5525
f 5525//5525 5576//5576 5577//5577
f 5525//5525 5577//5577 5526//5526
f 5526//5526 5577//5577 5578//5578
f 5526//5526 5578//5578 5527//5527
f 5527//5527 5578//5578 5579//5579
f 5527//5527 5579//5579 5528//5528
f 5528//5528 5579//5579 5580//5580
f 5528//5528 5580//5580 5529//5529
f 5529//5529 5580//5580 5581//5581
f 5529//5529 5581//5581 5530//5530
f 5530//5530 5581//5581 5582//5582
f 5530//5530 5582//5582 5531//5531
f 5531//5531 5582//5582 5583//5583
f 5531//5531 5583//5583 5532//5532
f 5532//5532 5583//5583 5584//5584
f 5532//5532 5584//5584 5533//5533
f 5533//5533 5584//5584 5585//5585
f 5533//5533 5585//5585 5534//5534
f 5534//5534 5585//5585 5586//5586
f 5534//5534 5586//5586 5535//5535
f 5535//5535 5586//5586 5587//5587
f 5535//5535 5587//5587 5536//5536
f 5536//5536 5587//5587 5588//5588
f 5536//5536 5588//5588 5537//5537
f 5537//5537 5588//5588 5589//5589
f 5537//5537 5589//5589 5538//5538
f 5538//5538 5589//5589 5590//5590
f 5538//5538 5590//5590 5539//5539
f 5539//5539 5590//5590 5591//5591
f 5539//5539 5591//5591 5540//5540
f 5540//5540 5591//5591 5592//5592
f 5540//5540 5592//5592 5541//5541
f 5541//5541 5592//5592 5593//5593
f 5541//5541 5593//5593 5490//5490
f 5490//5490 5593//5593 5542//5542
f 5542//5542 5594//5594 5543//5543
f 5543//5543 5594//5594 5595//5595
f 5543//5543 5595//5595 5544//5544
f 5544//5544 5595//5595 5596//5596
f 5544//5544 5596//5596 5545//5545
f 5545//5545 5596//5596 5597//5597
f 5545//5545 5597//5597 5546//5546
f 5546//5546 5597//5597 5598//5598
f 5546//5546 5598//5598 5547//5547
f 5547//5547 5598//5598 5599//5599
f 5547//5547 5599//5599 5548//5548
f 5548//5548 5599//5599 5600//5600
f 5548//5548 5600//5600 5549//5549
f 5549//5549 5600//5600 5601//5601
f 5549//5549 5601//5601 5550//5550
f 5550//5550 5601//5601 5602//5602
f 5550//5550 5602//5602 5551//5551
f 5551//5551 5602//5602 5603//5603
f 5551//5551 5603//5603 5552//5552
f 5552//5552 5603//5603 5604//5604
f 5552//5552 5604//5604 5553//5553
f 5553//5553 5604//5604 5605//5605
f 5553//5553 5605//5605 5554//5554
f 5554//5554 5605//5605 5606//5606
f 5554//5554 5606//5606 5555//5555
f 5555//5555 5606//5606 5607//5607
f 5555//5555 5607//5607 5556//5556
f 5556//5556 5607//5607 5608//5608
f 5556//5556 5608//5608 5557//5557
f 5557//5557 5608//5608 5609//5609
f 5557//5557 5609//5609 5558//5558
f 5558//5558 5609//5609 5610//5610
f 5558//5558 5610//5610 5559//5559
f 5559//5559 5610//5610 5611//5611
f 5559//5559 5611//5611 5560//5560
f 5560//5560 5611//5611 5612//5612
f 5560//5560 5612//5612 5561//5561
f 5561//5561 5612//5612 5613//5613
f 5561//5561 5613//5613 5562//5562
f 5562//5562 5613//5613 5614//5614
f 5562//5562 5614//5614 5563//5563
f 5563//5563 5614//5614 5615//5615
f 5563//5563 5615//5615 5564//5564
f 5564//5564 5615//5615 5616//5616
f 5564//5564 5616//5616 5565//5565
f 5565//5565 5616//5616 5617//5617
f 5565//5565 5617//5617 5566//5566
f 5566//5566 5617//5617 5618//5618
f 5566//5566 5618//5618 5567//5567
f 5567//5567 5618//5618 5619//5619
f 5567//5567 5619//5619 5568//5568
f 5568//5568 5619//5619 5620//5620
f 5568//5568 5620//5620 5569//5569
f 5569//5569 5620//5620 5621//5621
f 5569//5569 5621//5621 5570//5570
f 5570//5570 5621//5621 5622//5622
f 5570//5570 5622//5622 5571//5571
f 5571//5571 5622//5622 5623//5623
f 5571//5571 5623//5623 5572//5572
f 5572//5572 5623//5623 5624//5624
f 5572//5572 5624//5624 5573//5573
f 5573//5573 5624//5624 5625//5625
f 5573//5573 5625//5625 5574//5574
f 5574//5574 5625//5625 5626//5626
f 5574//5574 5626//5626 5575//5575
f 5575//5575 5626//5626 5627//5627
f 5575//5575 5627//5627 5576//5576
f 5576//5576 5627//5627 5628//5628
f 5576//5576 5628//5628 5577//5577
f 5577//5577 5628//5628 5629//5629
f 5577//5577 5629//5629 5578//5578
f 5578//5578 5629//5629 5630//5630
f 5578//5578 5630//5630 5579//5579
f 5579//5579 5630//5630 5631//5631
f 5579//5579 5631//5631 5580//5580
f 5580//5580 5631//5631 5632//5632
f 5580//5580 5632//5632 5581//5581
f 5581//5581 5632//5632 5633//5633
f 5581//5581 5633//5633 5582//5582
f 5582//5582 5633//5633 5634//5634
f 5582//5582 5634//5634 5583//5583
f 5583//5583 5634//5634 5635//5635
f 5583//5583 5635//5635 5584//5584
f 5584//5584 5635//5635 5636//5636
f 5584//5584 5636//5636 5585//5585
f 5585//5585 5636//5636 5637//5637
f 5585//5585 5637//5637 5586//5586
f 5586//5586 5637//5637 5638//5638
f 5586//5586 5638//5638 5587//5587
f 5587//5587 5638//5638 5639//5639
f 5587//5587 5639//5639 5588//5588
f 5588//5588 5639//5639 5640//5640
f 5588//5588 5640//5640 5589//5589
f 5589//5589 5640//5640 5641//5641
f 5589//5589 5641//5641 5590//5590
f 5590//5590 5641//5641 5642//5642
f 5590//5590 5642//5642 5591//5591
f 5591//5591 5642//5642 5643//5643
f 5591//5591 5643//5643 5592//5592
f 5592//5592 5643//5643 5644//5644
f 5592//5592 5644//5644 5593//5593
f 5593//5593 5644//5644 5645//5645
f 5593//5593 5645//5645 5542//5542
f 5542//5542 5645//5645 5594//5594
f 5594//5594 5646//5646 5595//5595
f 5595//5595 5646//5646 5647//5647
f 5595//5595 5647//5647 5596//5596
f 5596//5596 5647//5647 5648//5648
f 5596//5596 5648//5648 5597//5597
f 5597//5597 5648//5648 5649//5649
f 5597//5597 5649//5649 5598//5598
f 5598//5598 5649//5649 5650//5650
f 5598//5598 5650//5650 5599//5599
f 5599//5599 5650//5650 5651//5651
f 5599//5599 5651//5651 5600//5600
f 5600//5600 5651//5651 5652//5652
f 5600//5600 5652//5652 5601//5601
f 5601//5601 5652//5652 5653//5653
f 5601//5601 5653//5653 5602//5602
f 5602//5602 5653//5653 5654//5654
f 5602//5602 5654//5654 5603//5603
f 5603//5603 5654//5654 5655//5655
f 5603//5603 5655//5655 5604//5604
f 5604//5604 5655//5655 5656//5656
f 5604//5604 5656//5656 5605//5605
f 5605//5605 5656//5656 5657//5657
f 5605//5605 5657//5657 5606//5606
f 5606//5606 5657//5657 5658//5658
f 5606//5606 5658//5658 5607//5607
f 5607//5607 5658//5658 5659//5659
f 5607//5607 5659//5659 5608//5608
f 5608//5608 5659//5659 5660//5660
f 5608//5608 5660//5660 5609//5609
f 5609//5609 5660//5660 5661//5661
f 5609//5609 5661//5661 5610//5610
f 5610//5610 5661//5661 5662//5662
f 5610//5610 5662//5662 5611//5611
f 5611//5611 5662//5662 5663//5663
f 5611//5611 5663//5663 5612//5612
f 5612//5612 5663//5663 5664//5664
f 5612//5612 5664//5664 5613//5613
f 5613//5613 5664//5664 5665//5665
f 5613//5613 5665//5665 5614//5614
f 5614//5614 5665//5665 5666//5666
f 5614//5614 5666//5666 5615//5615
f 5615//5615 5666//5666 5667//5667
f 5615//5615 5667//5667 5616//5616
f 5616//5616 5667//5667 5668//5668
f 5616//5616 5668//5668 5617//5617
f 5617//5617 5668//5668 5669//5669
f 5617//5617 5669//5669 5618//5618
f 5618//5618 5669//5669 5670//5670
f 5618//5618 5670//5670 5619//5619
f 5619//5619 5670//5670 5671//5671
f 5619//5619 5671//5671 5620//5620
f 5620//5620 5671//5671 5672//5672
f 5620//5620 5672//5672 5621//5621
f 5621//5621 5672//5672 5673//5673
f 5621//5621 5673//5673 5622//5622
f 5622//5622 5673//5673 5674//5674
f 5622//5622 5674//5674 5623//5623
f 5623//5623 5674//5674 5675//5675
f 5623//5623 5675//5675 5624//5624
f 5624//5624 5675//5675 5676//5676
f 5624//5624 5676//5676 5625//5625
f 5625//5625 5676//5676 5677//5677
f 5625//5625 5677//5677 5626//5626
f 5626//5626 5677//5677 5678//5678
f 5626//5626 5678//5678 5627//5627
f 5627//5627 5678//5678 5679//5679
f 5627//5627 5679//5679 5628//5628
f 5628//5628 5679//5679 5680//5680
f 5628//5628 5680//5680 5629//5629
f 5629//5629 5680//5680 5681//5681
f 5629//5629 5681//5681 5630//5630
f 5630//5630 5681//5681 5682//5682
f 5630//5630 5682//5682 5631//5631
f 5631//5631 5682//5682 5683//5683
f 5631//5631 5683//5683 5632//5632
f 5632//5632 5683//5683 5684//5684
f 5632//5632 5684//5684 5633//5633
f 5633//5633 5684//5684 5685//5685
f 5633//5633 5685//5685 5634//5634
f 5634//5634 5685//5685 5686//5686
f 5634//5634 5686//5686 5635//5635
f 5635//5635 5686//5686 5687//5687
f 5635//5635 5687//5687 5636//5636
f 5636//5636 5687//5687 5688//5688
f 5636//5636 5688//5688 5637//5637
f 5637//5637 5688//5688 5689//5689
f 5637//5637 5689//5689 5638//5638
f 5638//5638 5689//5689 5690//5690
f 5638//5638 5690//5690 5639//5639
f 5639//5639 5690//5690 5691//5691
f 5639//5639 5691//5691 5640//5640
f 5640//5640 5691//5691 5692//5692
f 5640//5640 5692//5692 5641//5641
f 5641//5641 5692//5692 5693//5693
f 5641//5641 5693//5693 5642//5642
f 5642//5642 5693//5693 5694//5694
f 5642//5642 5694//5694 5643//5643
f 5643//5643 5694//5694 5695//5695
f 5643//5643 5695//5695 5644//5644
f 5644//5644 5695//5695 5696//5696
f 5644//5644 5696//5696 5645//5645
f 5645//5645 5696//5696 5697//5697
f 5645//5645 5697//5697 5594//5594
f 5594//5594 5697//5697 5646//5646
f 5646//5646 5698//5698 5647//5647
f 5647//5647 5698//5698 5699//5699
f 5647//5647 5699//5699 5648//5648
f 5648//5648 5699//5699 5700//5700
f 5648//5648 5700//5700 5649//5649
f 5649//5649 5700//5700 5701//5701
f 5649//5649 5701//5701 5650//5650
f 5650//5650 5701//5701 5702//5702
f 5650//5650 5702//5702 5651//5651
f 5651//5651 5702//5702 5703//5703
f 5651//5651 5703//5703 5652//5652
f 5652//5652 5703//5703 5704//5704
f 5652//5652 5704//5704 5653//5653
f 5653//5653 5704//5704 5705//5705
f 5653//5653 5705//5705 5654//5654
f 5654//5654 5705//5705 5706//5706
f 5654//5654 5706//5706 5655//5655
f 5655//5655 5706//5706 5707//5707
f 5655//5655 5707//5707 5656//5656
f 5656//5656 5707//5707 5708//5708
f 5656//5656 5708//5708 5657//5657
f 5657//5657 5708//5708 5709//5709
f 5657//5657 5709//5709 5658//5658
f 5658//5658 5709//5709 5710//5710
f 5658//5658 5710//5710 5659//5659
f 5659//5659 5710//5710 5711//5711
f 5659//5659 5711//5711 5660//5660
f 5660//5660 5711//5711 5712//5712
f 5660//5660 5712//5712 5661//5661
f 5661//5661 5712//5712 5713//5713
f 5661//5661 5713//5713 5662//5662
f 5662//5662 5713//5713 5714//5714
f 5662//5662 5714//5714 5663//5663
f 5663//5663 5714//5714 5715//5715
f 5663//5663 5715//5715 5664//5664
f 5664//5664 5715//5715 5716//5716
f 5664//5664 5716//5716 5665//5665
f 5665//5665 5716//5716 5717//5717
f 5665//5665 5717//5717 5666//5666
f 5666//5666 5717//5717 5718//5718
f 5666//5666 5718//5718 5667//5667
f 5667//5667 5718//5718 5719//5719
f 5667//5667 5719//5719 5668//5668
f 5668//5668 5719//5719 5720//5720
f 5668//5668 5720//5720 5669//5669
f 5669//5669 5720//5720 5721//5721
f 5669//5669 5721//5721 5670//5670
f 5670//5670 5721//5721 5722//5722
f 5670//5670 5722//5722 5671//5671
f 5671//5671 5722//5722 5723//5723
f 5671//5671 5723//5723 5672//5672
f 5672//5672 5723//5723 5724//5724
f 5672//5672 5724//5724 5673//5673
f 5673//5673 5724//5724 5725//5725
f 5673//5673 5725//5725 5674//5674
f 5674//5674 5725//5725 5726//5726
f 5674//5674 5726//5726 5675//5675
f 5675//5675 5726//5726 5727//5727
f 5675//5675 5727//5727 5676//5676
f 5676//5676 5727//5727 5728//5728
f 5676//5676 5728//5728 5677//5677
f 5677//5677 5728//5728 5729//5729
f 5677//5677 5729//5729 5678//5678
f 5678//5678 5729//5729 5730//5730
f 5678//5678 5730//5730 5679//5679
f 5679//5679 5730//5730 5731//5731
f 5679//5679 5731//5731 5680//5680
f 5680//5680 5731//5731 5732//5732
f 5680//5680 5732//5732 5681//5681
f 5681//5681 5732//5732 5733//5733
f 5681//5681 5733//5733 5682//5682
f 5682//5682 5733//5733 5734//5734
f 5682//5682 5734//5734 5683//5683
f 5683//5683 5734//5734 5735//5735
f 5683//5683 5735//5735 5684//5684
f 5684//5684 5735//5735 5736//5736
f 5684//5684 5736//5736 5685//5685
f 5685//5685 5736//5736 5737//5737
f 5685//5685 5737//5737 5686//5686
f 5686//5686 5737//5737 5738//5738
f 5686//5686 5738//5738 5687//5687
f 5687//5687 5738//5738 5739//5739
f 5687//5687 5739//5739 5688//5688
f 5688//5688 5739//5739 5740//5740
f 5688//5688 5740//5740 5689//5689
f 5689//5689 5740//5740 5741//5741
f 5689//5689 5741//5741 5690//5690
f 5690//5690 5741//5741 5742//5742
f 5690//5690 5742//5742 5691//5691
f 5691//5691 5742//5742 5743//5743
f 5691//5691 5743//5743 5692//5692
f 5692//5692 5743//5743 5744//5744
f 5692//5692 5744//5744 5693//5693
f 5693//5693 5744//5744 5745//5745
f 5693//5693 5745//5745 5694//5694
f 5694//5694 5745//5745 5746//5746
f 5694//5694 5746//5746 5695//5695
f 5695//5695 5746//5746 5747//5747
f 5695//5695 5747//5747 5696//5696
f 5696//5696 5747//5747 5748//5748
f 5696//5696 5748//5748 5697//5697
f 5697//5697 5748//5748 5749//5749
f 5697//5697 5749//5749 5646//5646
f 5646//5646 5749//5749 5698//5698
f 5698//5698 5750//5750 5699//5699
f 5699//5699 5750//5750 5751//5751
f 5699//5699 5751//5751 5700//5700
f 5700//5700 5751//5751 5752//5752
f 5700//5700 5752//5752 5701//5701
f 5701//5701 5752//5752 5753//5753
f 5701//5701 5753//5753 5702//5702
f 5702//5702 5753//5753 5754//5754
f 5702//5702 5754//5754 5703//5703
f 5703//5703 5754//5754 5755//5755
f 5703//5703 5755//5755 5704//5704
f 5704//5704 5755//5755 5756//5756
f 5704//5704 5756//5756 5705//5705
f 5705//5705 5756//5756 5757//5757
f 5705//5705 5757//5757 5706//5706
f 5706//5706 5757//5757 5758//5758
f 5706//5706 5758//5758 5707//5707
f 5707//5707 5758//5758 5759//5759
f 5707//5707 5759//5759 5708//5708
f 5708//5708 5759//5759 5760//5760
f 5708//5708 5760//5760 5709//5709
f 5709//5709 5760//5760 5761//5761
f 5709//5709 5761//5761 5710//5710
f 5710//5710 5761//5761 5762//5762
f 5710//5710 5762//5762 5711//5711
f 5711//5711 5762//5762 5763//5763
f 5711//5711 5763//5763 5712//5712
f 5712//5712 5763//5763 5764//5764
f 5712//5712 5764//5764 5713//5713
f 5713//5713 5764//5764 5765//5765
f 5713//5713 5765//5765 5714//5714
f 5714//5714 5765//5765 5766//5766
f 5714//5714 5766//5766 5715//5715
f 5715//5715 5766//5766 5767//5767
f 5715//5715 5767//5767 5716//5716
f 5716//5716 5767//5767 5768//5768
f 5716//5716 5768//5768 5717//5717
f 5717//5717 5768//5768 5769//5769
f 5717//5717 5769//5769 5718//5718
f 5718//5718 5769//5769 5770//5770
f 5718//5718 5770//5770 5719//5719
f 5719//5719 5770//5770 5771//5771
f 5719//5719 5771//5771 5720//5720
f 5720//5720 5771//5771 5772//5772
f 5720//5720 5772//5772 5721//5721
f 5721//5721 5772//5772 5773//5773
f 5721//5721 5773//5773 5722//5722
f 5722//5722 5773//5773 5774//5774
f 5722//5722 5774//5774 5723//5723
f 5723//5723 5774//5774 5775//5775
f 5723//5723 5775//5775 5724//5724
f 5724//5724 5775//5775 5776//5776
f 5724//5724 5776//5776 5725//5725
f 5725//5725 5776//5776 5777//5777
f 5725//5725 5777//5777 5726//5726
f 5726//5726 5777//5777 5778//5778
f 5726//5726 5778//5778 5727//5727
f 5727//5727 5778//5778 5779//5779
f 5727//5727 5779//5779 5728//5728
f 5728//5728 5779//5779 5780//5780
f 5728//5728 5780//5780 5729//5729
f 5729//5729 5780//5780 5781//5781
f 5729//5729 5781//5781 5730//5730
f 5730//5730 5781//5781 5782//5782
f 5730//5730 5782//5782 5731//5731
f 5731//5731 5782//5782 5783//5783
f 5731//5731 5783//5783 5732//5732
f 5732//5732 5783//5783 5784//5784
f 5732//5732 5784//5784 5733//5733
f 5733//5733 5784//5784 5785//5785
f 5733//5733 5785//5785 5734//5734
f 5734//5734 5785//5785 5786//5786
f 5734//5734 5786//5786 5735//5735
f 5735//5735 5786//5786 5787//5787
f 5735//5735 5787//5787 5736//5736
f 5736//5736 5787//5787 5788//5788
f 5736//5736 5788//5788 5737//5737
f 5737//5737 5788//5788 5789//5789
f 5737//5737 5789//5789 5738//5738
f 5738//5738 5789//5789 5790//5790
f 5738//5738 5790//5790 5739//5739
f 5739//5739 5790//5790 5791//5791
f 5739//5739 5791//5791 5740//5740
f 5740//5740 5791//5791 5792//5792
f 5740//5740 5792//5792 5741//5741
f 5741//5741 5792//5792 5793//5793
f 5741//5741 5793//5793 5742//5742
f 5742//5742 5793//5793 5794//5794
f 5742//5742 5794//5794 5743//5743
f 5743//5743 5794//5794 5795//5795
f 5743//5743 5795//5795 5744//5744
f 5744//5744 5795//5795 5796//5796
f 5744//5744 5796//5796 5745//5745
f 5745//5745 5796//5796 5797//5797
f 5745//5745 5797//5797 5746//5746
f 5746//5746 5797//5797 5798//5798
f 5746//5746 5798//5798 5747//5747
f 5747//5747 5798//5798 5799//5799
f 5747//5747 5799//5799 5748//5748
f 5748//5748 5799//5799 5800//5800
f 5748//5748 5800//5800 5749//5749
f 5749//5749 5800//5800 5801//5801
f 5749//5749 5801//5801 5698//5698
f 5698//5698 5801//5801 5750//5750
f 5750//5750 5802//5802 5751//5751
f 5751//5751 5802//5802 5803//5803
f 5751//5751 5803//5803 5752//5752
f 5752//5752 5803//5803 5804//5804
f 5752//5752 5804//5804 5753//5753
f 5753//5753 5804//5804 5805//5805
f 5753//5753 5805//5805 5754//5754
f 5754//5754 5805//5805 5806//5806
f 5754//5754 5806//5806 5755//5755
f 5755//5755 5806//5806 5807//5807
f 5755//5755 5807//5807 5756//5756
f 5756//5756 5807//5807 5808//5808
f 5756//5756 5808//5808 5757//5757
f 5757//5757 5808//5808 5809//5809
f 5757//5757 5809//5809 5758//5758
f 5758//5758 5809//5809 5810//5810
f 5758//5758 5810//5810 5759//5759
f 5759//5759 5810//5810 5811//5811
f 5759//5759 5811//5811 5760//5760
f 5760//5760 5811//5811 5812//5812
f 5760//5760 5812//5812 5761//5761
f 5761//5761 5812//5812 5813//5813
f 5761//5761 5813//5813 5762//5762
f 5762//5762 5813//5813 5814//5814
f 5762//5762 5814//5814 5763//5763
f 5763//5763 5814//5814 5815//5815
f 5763//5763 5815//5815 5764//5764
f 5764//5764 5815//5815 5816//5816
f 5764//5764 5816//5816 5765//5765
f 5765//5765 5816//5816 5817//5817
f 5765//5765 5817//5817 5766//5766
f 5766//5766 5817//5817 5818//5818
f 5766//5766 5818//5818 5767//5767
f 5767//5767 5818//5818 5819//5819
f 5767//5767 5819//5819 5768//5768
f 5768//5768 5819//5819 5820//5820
f 5768//5768 5820//5820 5769//5769
f 5769//5769 5820//5820 5821//5821
f 5769//5769 5821//5821 5770//5770
f 5770//5770 5821//5821 5822//5822
f 5770//5770 5822//5822 5771//5771
f 5771//5771 5822//5822 5823//5823
f 5771//5771 5823//5823 5772//5772
f 5772//5772 5823//5823 5824//5824
f 5772//5772 5824//5824 5773//5773
f 5773//5773 5824//5824 5825//5825
f 5773//5773 5825//5825 5774//5774
f 5774//5774 5825//5825 5826//5826
f 5774//5774 5826//5826 5775//5775
f 5775//5775 5826//5826 5827//5827
f 5775//5775 5827//5827 5776//5776
f 5776//5776 5827//5827 5828//5828
f 5776//5776 5828//5828 5777//5777
f 5777//5777 5828//5828 5829//5829
f 5777//5777 5829//5829 5778//5778
f 5778//5778 5829//5829 5830//5830
f 5778//5778 5830//5830 5779//5779
f 5779//5779 5830//5830 5831//5831
f 5779//5779 5831//5831 5780//5780
f 5780//5780 5831//5831 5832//5832
f 5780//5780 5832//5832 5781//5781
f 5781//5781 5832//5832 5833//5833
f 5781//5781 5833//5833 5782//5782
f 5782//5782 5833//5833 5834//5834
f 5782//5782 5834//5834 5783//5783
f 5783//5783 5834//5834 5835//5835
f 5783//5783 5835//5835 5784//5784
f 5784//5784 5835//5835 5836//5836
f 5784//5784 5836//5836 5785//5785
f 5785//5785 5836//5836 5837//5837
f 5785//5785 5837//5837 5786//5786
f 5786//5786 5837//5837 5838//5838
f 5786//5786 5838//5838 5787//5787
f 5787//5787 5838//5838 5839//5839
f 5787//5787 5839//5839 5788//5788
f 5788//5788 5839//5839 5840//5840
f 5788//5788 5840//5840 5789//5789
f 5789//5789 5840//5840 5841//5841
f 5789//5789 5841//5841 5790//5790
f 5790//5790 5841//5841 5842//5842
f 5790//5790 5842//5842 5791//5791
f 5791//5791 5842//5842 5843//5843
f 5791//5791 5843//5843 5792//5792
f 5792//5792 5843//5843 5844//5844
f 5792//5792 5844//5844 5793//5793
f 5793//5793 5844//5844 5845//5845
f 5793//5793 5845//5845 5794//5794
f 5794//5794 5845//5845 5846//5846
f 5794//5794 5846//5846 5795//5795
f 5795//5795 5846//5846 5847//5847
f 5795//5795 5847//5847 5796//5796
f 5796//5796 5847//5847 5848//5848
f 5796//5796 5848//5848 5797//5797
f 5797//5797 5848//5848 5849//5849
f 5797//5797 5849//5849 5798//5798
f 5798//5798 5849//5849 5850//5850
f 5798//5798 5850//5850 5799//5799
f 5799//5799 5850//5850 5851//5851
f 5799//5799 5851//5851 5800//5800
f 5800//5800 5851//5851 5852//5852
f 5800//5800 5852//5852 5801//5801
f 5801//5801 5852//5852 5853//5853
f 5801//5801 5853//5853 5750//5750
f 5750//5750 5853//5853 5802//5802
f 5802//5802 5854//5854 5803//5803
f 5803//5803 5854//5854 5855//5855
f 5803//5803 5855//5855 5804//5804
f 5804//5804 5855//5855 5856//5856
f 5804//5804 5856//5856 5805//5805
f 5805//5805 5856//5856 5857//5857
f 5805//5805 5857//5857 5806//5806
f 5806//5806 5857//5857 5858//5858
f 5806//5806 5858//5858 5807//5807
f 5807//5807 5858//5858 5859//5859
f 5807//5807 5859//5859 5808//5808
f 5808//5808 5859//5859 5860//5860
f 5808//5808 5860//5860 5809//5809
f 5809//5809 5860//5860 5861//5861
f 5809//5809 5861//5861 5810//5810
f 5810//5810 5861//5861 5862//5862
f 5810//5810 5862//5862 5811//5811
f 5811//5811 5862//5862 5863//5863
f 5811//5811 5863//5863 5812//5812
f 5812//5812 5863//5863 5864//5864
f 5812//5812 5864//5864 5813//5813
f 5813//5813 5864//5864 5865//5865
f 5813//5813 5865//5865 5814//5814
f 5814//5814 5865//5865 5866//5866
f 5814//5814 5866//5866 5815//5815
f 5815//5815 5866//5866 5867//5867
f 5815//5815 5867//5867 5816//5816
f 5816//5816 5867//5867 5868//5868
f 5816//5816 5868//5868 5817//5817
f 5817//5817 5868//5868 5869//5869
f 5817//5817 5869//5869 5818//5818
f 5818//5818 5869//5869 5870//5870
f 5818//5818 5870//5870 5819//5819
f 5819//5819 5870//5870 5871//5871
f 5819//5819 5871//5871 5820//5820
f 5820//5820 5871//5871 5872//5872
f 5820//5820 5872//5872 5821//5821
f 5821//5821 5872//5872 5873//5873
f 5821//5821 5873//5873 5822//5822
f 5822//5822 5873//5873 5874//5874
f 5822//5822 5874//5874 5823//5823
f 5823//5823 5874//5874 5875//5875
f 5823//5823 5875//5875 5824//5824
f 5824//5824 5875//5875 5876//5876
f 5824//5824 5876//5876 5825//5825
f 5825//5825 5876//5876 5877//5877
f 5825//5825 5877//5877 5826//5826
f 5826//5826 5877//5877 5878//5878
f 5826//5826 5878//5878 5827//5827
f 5827//5827 5878//5878 5879//5879
f 5827//5827 5879//5879 5828//5828
f 5828//5828 5879//5879 5880//5880
f 5828//5828 5880//5880 5829//5829
f 5829//5829 5880//5880 5881//5881
f 5829//5829 5881//5881 5830//5830
f 5830//5830 5881//5881 5882//5882
f 5830//5830 5882//5882 5831//5831
f 5831//5831 5882//5882 5883//5883
f 5831//5831 5883//5883 5832//5832
f 5832//5832 5883//5883 5884//5884
f 5832//5832 5884//5884 5833//5833
f 5833//5833 5884//5884 5885//5885
f 5833//5833 5885//5885 5834//5834
f 5834//5834 5885//5885 5886//5886
f 5834//5834 5886//5886 5835//5835
f 5835//5835 5886//5886 5887//5887
f 5835//5835 5887//5887 5836//5836
f 5836//5836 5887//5887 5888//5888
f 5836//5836 5888//5888 5837//5837
f 5837//5837 5888//5888 5889//5889
f 5837//5837 5889//5889 5838//5838
f 5838//5838 5889//5889 5890//5890
f 5838//5838 5890//5890 5839//5839
f 5839//5839 5890//5890 5891//5891
f 5839//5839 5891//5891 5840//5840
f 5840//5840 5891//5891 5892//5892
f 5840//5840 5892//5892 5841//5841
f 5841//5841 5892//5892 5893//5893
f 5841//5841 5893//5893 5842//5842
f 5842//5842 5893//5893 5894//5894
f 5842//5842 5894//5894 5843//5843
f 5843//5843 5894//5894 5895//5895
f 5843//5843 5895//5895 5844//5844
f 5844//5844 5895//5895 5896//5896
f 5844//5844 5896//5896 5845//5845
f 5845//5845 5896//5896 5897//5897
f 5845//5845 5897//5897 5846//5846
f 5846//5846 5897//5897 5898//5898
f 5846//5846 5898//5898 5847//5847
f 5847//5847 5898//5898 5899//5899
f 5847//5847 5899//5899 5848//5848
f 5848//5848 5899//5899 5900//5900
f 5848//5848 5900//5900 5849//5849
f 5849//5849 5900//5900 5901//5901
f 5849//5849 5901//5901 5850//5850
f 5850//5850 5901//5901 5902//5902
f 5850//5850 5902//5902 5851//5851
f 5851//5851 5902//5902 5903//5903
f 5851//5851 5903//5903 5852//5852
f 5852//5852 5903//5903 5904//5904
f 5852//5852 5904//5904 5853//5853
f 5853//5853 5904//5904 5905//5905
f 5853//5853 5905//5905 5802//5802
f 5802//5802 5905//5905 5854//5854
f 5854//5854 5906//5906 5855//5855
f 5855//5855 5906//5906 5907//5907
f 5855//5855 5907//5907 5856//5856
f 5856//5856 5907//5907 5908//5908
f 5856//5856 5908//5908 5857//5857
f 5857//5857 5908//5908 5909//5909
f 5857//5857 5909//5909 5858//5858
f 5858//5858 5909//5909 5910//5910
f 5858//5858 5910//5910 5859//5859
f 5859//5859 5910//5910 5911//5911
f 5859//5859 5911//5911 5860//5860
f 5860//5860 5911//5911 5912//5912
f 5860//5860 5912//5912 5861//5861
f 5861//5861 5912//5912 5913//5913
f 5861//5861 5913//5913 5862//5862
f 5862//5862 5913//5913 5914//5914
f 5862//5862 5914//5914 5863//5863
f 5863//5863 5914//5914 5915//5915
f 5863//5863 5915//5915 5864//5864
f 5864//5864 5915//5915 5916//5916
f 5864//5864 5916//5916 5865//5865
f 5865//5865 5916//5916 5917//5917
f 5865//5865 5917//5917 5866//5866
f 5866//5866 5917//5917 5918//5918
f 5866//5866 5918//5918 5867//5867
f 5867//5867 5918//5918 5919//5919
f 5867//5867 5919//5919 5868//5868
f 5868//5868 5919//5919 5920//5920
f 5868//5868 5920//5920 5869//5869
f 5869//5869 5920//5920 5921//5921
f 5869//5869 5921//5921 5870//5870
f 5870//5870 5921//5921 5922//5922
f 5870//5870 5922//5922 5871//5871
f 5871//5871 5922//5922 5923//5923
f 5871//5871 5923//5923 5872//5872
f 5872//5872 5923//5923 5924//5924
f 5872//5872 5924//5924 5873//5873
f 5873//5873 5924//5924 5925//5925
f 5873//5873 5925//5925 5874//5874
f 5874//5874 5925//5925 5926//5926
f 5874//5874 5926//5926 5875//5875
f 5875//5875 5926//5926 5927//5927
f 5875//5875 5927//5927 5876//5876
f 5876//5876 5927//5927 5928//5928
f 5876//5876 5928//5928 5877//5877
f 5877//5877 5928//5928 5929//5929
f 5877//5877 5929//5929 5878//5878
f 5878//5878 5929//5929 5930//5930
f 5878//5878 5930//5930 5879//5879
f 5879//5879 5930//5930 5931//5931
f 5879//5879 5931//5931 5880//5880
f 5880//5880 5931//5931 5932//5932
f 5880//5880 5932//5932 5881//5881
f 5881//5881 5932//5932 5933//5933
f 5881//5881 5933//5933 5882//5882
f 5882//5882 5933//5933 5934//5934
f 5882//5882 5934//5934 5883//5883
f 5883//5883 5934//5934 5935//5935
f 5883//5883 5935//5935 5884//5884
f 5884//5884 5935//5935 5936//5936
f 5884//5884 5936//5936 5885//5885
f 5885//5885 5936//5936 5937//5937
f 5885//5885 5937//5937 5886//5886
f 5886//5886 5937//5937 5938//5938
f 5886//5886 5938//5938 5887//5887
f 5887//5887 5938//5938 5939//5939
f 5887//5887 5939//5939 5888//5888
f 5888//5888 5939//5939 5940//5940
f 5888//5888 5940//5940 5889//5889
f 5889//5889 5940//5940 5941//5941
f 5889//5889 5941//5941 5890//5890
f 5890//5890 5941//5941 5942//5942
f 5890//5890 5942//5942 5891//5891
f 5891//5891 5942//5942 5943//5943
f 5891//5891 5943//5943 5892//5892
f 5892//5892 5943//5943 5944//5944
f 5892//5892 5944//5944 5893//5893
f 5893//5893 5944//5944 5945//5945
f 5893//5893 5945//5945 5894//5894
f 5894//5894 5945//5945 5946//5946
f 5894//5894 5946//5946 5895//5895
f 5895//5895 5946//5946 5947//5947
f 5895//5895 5947//5947 5896//5896
f 5896//5896 5947//5947 5948//5948
f 5896//5896 5948//5948 5897//5897
f 5897//5897 5948//5948 5949//5949
f 5897//5897 5949//5949 5898//5898
f 5898//5898 5949//5949 5950//5950
f 5898//5898 5950//5950 5899//5899
f 5899//5899 5950//5950 5951//5951
f 5899//5899 5951//5951 5900//5900
f 5900//5900 5951//5951 5952//5952
f 5900//5900 5952//5952 5901//5901
f 5901//5901 5952//5952 5953//5953
f 5901//5901 5953//5953 5902//5902
f 5902//5902 5953//5953 5954//5954
f 5902//5902 5954//5954 5903//5903
f 5903//5903 5954//5954 5955//5955
f 5903//5903 5955//5955 5904//5904
f 5904//5904 5955//5955 5956//5956
f 5904//5904 5956//5956 5905//5905
f 5905//5905 5956//5956 5957//5957
f 5905//5905 5957//5957 5854//5854
f 5854//5854 5957//5957 5906//5906
f 5906//5906 5144//5144 5907//5907
f 5907//5907 5144//5144 5145//5145
f 5907//5907 5145//5145 5908//5908
f 5908//5908 5145//5145 5146//5146
f 5908//5908 5146//5146 5909//5909
f 5909//5909 5146//5146 5147//5147
f 5909//5909 5147//5147 5910//5910
f 5910//5910 5147//5147 5148//5148
f 5910//5910 5148//5148 5911//5911
f 5911//5911 5148//5148 5149//5149
f 5911//5911 5149//5149 5912//5912
f 5912//5912 5149//5149 5150//5150
f 5912//5912 5150//5150 5913//5913
f 5913//5913 5150//5150 5151//5151
f 5913//5913 5151//5151 5914//5914
f 5914//5914 5151//5151 5152//5152
f 5914//5914 5152//5152 5915//5915
f 5915//5915 5152//5152 5170//5170
f 5915//5915 5170//5170 5916//5916
f 5916//5916 5170//5170 5171//5171
f 5916//5916 5171//5171 5917//5917
f 5917//5917 5171//5171 5172//5172
f 5917//5917 5172//5172 5918//5918
f 5918//5918 5172//5172 5173//5173
f 5918//5918 5173//5173 5919//5919
f 5919//5919 5173//5173 5174//5174
f 5919//5919 5174//5174 5920//5920
f 5920//5920 5174//5174 5175//5175
f 5920//5920 5175//5175 5921//5921
f 5921//5921 5175//5175 5176//5176
f 5921//5921 5176//5176 5922//5922
f 5922//5922 5176//5176 5177//5177
f 5922//5922 5177//5177 5923//5923
f 5923//5923 5177//5177 5178//5178
f 5923//5923 5178//5178 5924//5924
f 5924//5924 5178//5178 5179//5179
f 5924//5924 5179//5179 5925//5925
f 5925//5925 5179//5179 5180//5180
f 5925//5925 5180//5180 5926//5926
f 5926//5926 5180//5180 5181//5181
f 5926//5926 5181//5181 5927//5927
f 5927//5927 5181//5181 5182//5182
f 5927//5927 5182//5182 5928//5928
f 5928//5928 5182//5182 5183//5183
f 5928//5928 5183//5183 5929//5929
f 5929//5929 5183//5183 5184//5184
f 5929//5929 5184//5184 5930//5930
f 5930//5930 5184//5184 5185//5185
f 5930//5930 5185//5185 5931//5931
f 5931//5931 5185//5185 5153//5153
f 5931//5931 5153//5153 5932//5932
f 5932//5932 5153//5153 5154//5154
f 5932//5932 5154//5154 5933//5933
f 5933//5933 5154//5154 5155//5155
f 5933//5933 5155//5155 5934//5934
f 5934//5934 5155//5155 5156//5156
f 5934//5934 5156//5156 5935//5935
f 5935//5935 5156//5156 5157//5157
f 5935//5935 5157//5157 5936//5936
f 5936//5936 5157//5157 5158//5158
f 5936//5936 5158//5158 5937//5937
f 5937//5937 5158//5158 5159//5159
f 5937//5937 5159//5159 5938//5938
f 5938//5938 5159//5159 5160//5160
f 5938//5938 5160//5160 5939//5939
f 5939//5939 5160//5160 5161//5161
f 5939//5939 5161//5161 5940//5940
f 5940//5940 5161//5161 5162//5162
f 5940//5940 5162//5162 5941//5941
f 5941//5941 5162//5162 5163//5163
f 5941//5941 5163//5163 5942//5942
f 5942//5942 5163//5163 5164//5164
f 5942//5942 5164//5164 5943//5943
f 5943//5943 5164//5164 5165//5165
f 5943//5943 5165//5165 5944//5944
f 5944//5944 5165//5165 5166//5166
f 5944//5944 5166//5166 5945//5945
f 5945//5945 5166//5166 5167//5167
f 5945//5945 5167//5167 5946//5946
f 5946//5946 5167//5167 5168//5168
f 5946//5946 5168//5168 5947//5947
f 5947//5947 5168//5168 5169//5169
f 5947//5947 5169//5169 5948//5948
f 5948//5948 5169//5169 5134//5134
f 5948//5948 5134//5134 5949//5949
f 5949//5949 5134//5134 5135//5135
f 5949//5949 5135//5135 5950//5950
f 5950//5950 5135//5135 5136//5136
f 5950//5950 5136//5136 5951//5951
f 5951//5951 5136//5136 5137//5137
f 5951//5951 5137//5137 5952//5952
f 5952//5952 5137//5137 5138//5138
f 5952//5952 5138//5138 5953//5953
f 5953//5953 5138//5138 5139//5139
f 5953//5953 5139//5139 5954//5954
f 5954//5954 5139//5139 5140//5140
f 5954//5954 5140//5140 5955//5955
f 5955//5955 5140//5140 5141//5141
f 5955//5955 5141//5141 5956//5956
f 5956//5956 5141//5141 5142//5142
f 5956//5956 5142//5142 5957//5957
f 5957//5957 5142//5142 5143//5143
f 5957//5957 5143//5143 5906//5906
f 5906//5906 5143//5143 5144//5144
f 5330//5330 5328//5328 5958//5958
f 5327//5327 5325//5325 5959//5959
f 5324//5324 5322//5322 5960//5960
f 5307//5307 5305//5305 5961//5961
f 5304//5304 5302//5302 5962//5962
f 5301//5301 5299//5299 5963//5963
f 5281//5281 5279//5279 5964//5964
f 5278//5278 5276//5276 5965//5965
f 5275//5275 5273//5273 5966//5966
f 5256//5256 5254//5254 5967//5967
f 5253//5253 5251//5251 5968//5968
f 5250//5250 5248//5248 5969//5969
f 5233//5233 5231//5231 5970//5970
f 5230//5230 5228//5228 5971//5971
f 5227//5227 5225//5225 5972//5972
f 5207//5207 5205//5205 5973//5973
f 5204//5204 5202//5202 5974//5974
f 5201//5201 5199//5199 5975//5975
f 5976//5976 5977//5977 5978//5978
f 5979//5979 5980//5980 5981//5981
f 5982//5982 5983//5983 5984//5984
f 5985//5985 5986//5986 5987//5987
f 5988//5988 5989//5989 5990//5990
f 5991//5991 5992//5992 5993//5993
f 5994//5994 5995//5995 5996//5996
f 5997//5997 5998//5998 5999//5999
f 6000//6000 6001//6001 6002//6002
f 6001//6001 6000//6000 6003//6003
f 6004//6004 6005//6005 6006//6006
f 6007//6007 6008//6008 6009//6009
f 6008//6008 6007//6007 6010//6010
f 6011//6011 6012//6012 6013//6013
f 6014//6014 6015//6015 6016//6016
f 6015//6015 6014//6014 6017//6017
f 6018//6018 6019//6019 6020//6020
f 6021//6021 6022//6022 6023//6023
f 6022//6022 6021//6021 6024//6024
f 6025//6025 6026//6026 6027//6027
f 6028//6028 6029//6029 6030//6030
f 6029//6029 6028//6028 6031//6031
f 6032//6032 6033//6033 6034//6034
f 6035//6035 6036//6036 6037//6037
f 6038//6038 6037//6037 6039//6039
f 6039//6039 6040//6040 6041//6041
f 6041//6041 6040//6040 6032//6032
f 6033//6033 6042//6042 6043//6043
f 6043//6043 6042//6042 6044//6044
f 6043//6043 6044//6044 6031//6031
f 6045//6045 6030//6030 6046//6046
f 6046//6046 6047//6047 6048//6048
f 6048//6048 6047//6047 6025//6025
f 6026//6026 6049//6049 6050//6050
f 6050//6050 6049//6049 6051//6051
f 6050//6050 6051//6051 6024//6024
f 6052//6052 6023//6023 6053//6053
f 6053//6053 6054//6054 6055//6055
f 6055//6055 6054//6054 6018//6018
f 6019//6019 6056//6056 6057//6057
f 6057//6057 6056//6056 6058//6058
f 6057//6057 6058//6058 6017//6017
f 6059//6059 6016//6016 6060//6060
f 6060//6060 6061//6061 6062//6062
f 6062//6062 6061//6061 6011//6011
f 6012//6012 6063//6063 6064//6064
f 6064//6064 6063//6063 6065//6065
f 6064//6064 6065//6065 6010//6010
f 6066//6066 6009//6009 6067//6067
f 6067//6067 6068//6068 6069//6069
f 6069//6069 6068//6068 6004//6004
f 6005//6005 6070//6070 6071//6071
f 6071//6071 6070//6070 6072//6072
f 6071//6071 6072//6072 6003//6003
f 6073//6073 6002//6002 6074//6074
f 6074//6074 6075//6075 6076//6076
f 6076//6076 6075//6075 5997//5997
f 5994//5994 5996//5996 5998//5998
f 5995//5995 6077//6077 6078//6078
f 6078//6078 6077//6077 6079//6079
f 6078//6078 6079//6079 6080//6080
f 6081//6081 6080//6080 6082//6082
f 6082//6082 6083//6083 6084//6084
f 6084//6084 6083//6083 5991//5991
f 5988//5988 5990//5990 5992//5992
f 5989//5989 6085//6085 6086//6086
f 6086//6086 6085//6085 6087//6087
f 6086//6086 6087//6087 6088//6088
f 6089//6089 6088//6088 6090//6090
f 6090//6090 6091//6091 6092//6092
f 6092//6092 6091//6091 5985//5985
f 5982//5982 5984//5984 5986//5986
f 5983//5983 6093//6093 6094//6094
f 6094//6094 6093//6093 6095//6095
f 6094//6094 6095//6095 6096//6096
f 6097//6097 6096//6096 6098//6098
f 6098//6098 6099//6099 6100//6100
f 6100//6100 6099//6099 5979//5979
f 5976//5976 5978//5978 5980//5980
f 5977//5977 6101//6101 6102//6102
f 6102//6102 6101//6101 6103//6103
f 6102//6102 6103//6103 6036//6036
f 6104//6104 5188//5188 5333//5333
f 6060//6060 6062//6062 6059//6059
f 6059//6059 6062//6062 6105//6105
f 6059//6059 6105//6105 6106//6106
f 6106//6106 6105//6105 6107//6107
f 6106//6106 6107//6107 6108//6108
f 6108//6108 6107//6107 6109//6109
f 6108//6108 6109//6109 6110//6110
f 6110//6110 6109//6109 6111//6111
f 6110//6110 6111//6111 6112//6112
f 6112//6112 6111//6111 6113//6113
f 6112//6112 6113//6113 6114//6114
f 6114//6114 6113//6113 6115//6115
f 6114//6114 6115//6115 6116//6116
f 6116//6116 6115//6115 6117//6117
f 6116//6116 6117//6117 6118//6118
f 6118//6118 6117//6117 6119//6119
f 6118//6118 6119//6119 6120//6120
f 6120//6120 6119//6119 6121//6121
f 6120//6120 6121//6121 6122//6122
f 6122//6122 6121//6121 6123//6123
f 6122//6122 6123//6123 6124//6124
f 6124//6124 6123//6123 6125//6125
f 6124//6124 6125//6125 6126//6126
f 6126//6126 6125//6125 6127//6127
f 6126//6126 6127//6127 6128//6128
f 6128//6128 6127//6127 6129//6129
f 6128//6128 6129//6129 6130//6130
f 6130//6130 6129//6129 6131//6131
f 6130//6130 6131//6131 6132//6132
f 6132//6132 6131//6131 6133//6133
f 6132//6132 6133//6133 6134//6134
f 6134//6134 6133//6133 6104//6104
f 6134//6134 6104//6104 6135//6135
f 6135//6135 6104//6104 5333//5333
f 6135//6135 5333//5333 5332//5332
f 6136//6136 5190//5190 5189//5189
f 6011//6011 6013//6013 6062//6062
f 6062//6062 6013//6013 6137//6137
f 6062//6062 6137//6137 6105//6105
f 6105//6105 6137//6137 6138//6138
f 6105//6105 6138//6138 6107//6107
f 6107//6107 6138//6138 6139//6139
f 6107//6107 6139//6139 6109//6109
f 6109//6109 6139//6139 6140//6140
f 6109//6109 6140//6140 6111//6111
f 6111//6111 6140//6140 6141//6141
f 6111//6111 6141//6141 6113//6113
f 6113//6113 6141//6141 6142//6142
f 6113//6113 6142//6142 6115//6115
f 6115//6115 6142//6142 6143//6143
f 6115//6115 6143//6143 6117//6117
f 6117//6117 6143//6143 6144//6144
f 6117//6117 6144//6144 6119//6119
f 6119//6119 6144//6144 6145//6145
f 6119//6119 6145//6145 6121//6121
f 6121//6121 6145//6145 6146//6146
f 6121//6121 6146//6146 6123//6123
f 6123//6123 6146//6146 6147//6147
f 6123//6123 6147//6147 6125//6125
f 6125//6125 6147//6147 6148//6148
f 6125//6125 6148//6148 6127//6127
f 6127//6127 6148//6148 6149//6149
f 6127//6127 6149//6149 6129//6129
f 6129//6129 6149//6149 6150//6150
f 6129//6129 6150//6150 6131//6131
f 6131//6131 6150//6150 6151//6151
f 6131//6131 6151//6151 6133//6133
f 6133//6133 6151//6151 6136//6136
f 6133//6133 6136//6136 6104//6104
f 6104//6104 6136//6136 5189//5189
f 6104//6104 5189//5189 5188//5188
f 6152//6152 5193//5193 5192//5192
f 6012//6012 6064//6064 6013//6013
f 6013//6013 6064//6064 6153//6153
f 6013//6013 6153//6153 6137//6137
f 6137//6137 6153//6153 6154//6154
f 6137//6137 6154//6154 6138//6138
f 6138//6138 6154//6154 6155//6155
f 6138//6138 6155//6155 6139//6139
f 6139//6139 6155//6155 6156//6156
f 6139//6139 6156//6156 6140//6140
f 6140//6140 6156//6156 6157//6157
f 6140//6140 6157//6157 6141//6141
f 6141//6141 6157//6157 6158//6158
f 6141//6141 6158//6158 6142//6142
f 6142//6142 6158//6158 6159//6159
f 6142//6142 6159//6159 6143//6143
f 6143//6143 6159//6159 6160//6160
f 6143//6143 6160//6160 6144//6144
f 6144//6144 6160//6160 6161//6161
f 6144//6144 6161//6161 6145//6145
f 6145//6145 6161//6161 6162//6162
f 6145//6145 6162//6162 6146//6146
f 6146//6146 6162//6162 6163//6163
f 6146//6146 6163//6163 6147//6147
f 6147//6147 6163//6163 6164//6164
f 6147//6147 6164//6164 6148//6148
f 6148//6148 6164//6164 6165//6165
f 6148//6148 6165//6165 6149//6149
f 6149//6149 6165//6165 6166//6166
f 6149//6149 6166//6166 6150//6150
f 6150//6150 6166//6166 6167//6167
f 6150//6150 6167//6167 6151//6151
f 6151//6151 6167//6167 6152//6152
f 6151//6151 6152//6152 6136//6136
f 6136//6136 6152//6152 5192//5192
f 6136//6136 5192//5192 5190//5190
f 5198//5198 5196//5196 6168//6168
f 6168//6168 5196//5196 5195//5195
f 6010//6010 6007//6007 6064//6064
f 6064//6064 6007//6007 6169//6169
f 6064//6064 6169//6169 6153//6153
f 6153//6153 6169//6169 6170//6170
f 6153//6153 6170//6170 6154//6154
f 6154//6154 6170//6170 6171//6171
f 6154//6154 6171//6171 6155//6155
f 6155//6155 6171//6171 6172//6172
f 6155//6155 6172//6172 6156//6156
f 6156//6156 6172//6172 6173//6173
f 6156//6156 6173//6173 6157//6157
f 6157//6157 6173//6173 6174//6174
f 6157//6157 6174//6174 6158//6158
f 6158//6158 6174//6174 6175//6175
f 6158//6158 6175//6175 6159//6159
f 6159//6159 6175//6175 6176//6176
f 6159//6159 6176//6176 6160//6160
f 6160//6160 6176//6176 6177//6177
f 6160//6160 6177//6177 6161//6161
f 6161//6161 6177//6177 6178//6178
f 6161//6161 6178//6178 6162//6162
f 6162//6162 6178//6178 6179//6179
f 6162//6162 6179//6179 6163//6163
f 6163//6163 6179//6179 6180//6180
f 6163//6163 6180//6180 6164//6164
f 6164//6164 6180//6180 6181//6181
f 6164//6164 6181//6181 6165//6165
f 6165//6165 6181//6181 6182//6182
f 6165//6165 6182//6182 6166//6166
f 6166//6166 6182//6182 6183//6183
f 6166//6166 6183//6183 6167//6167
f 6167//6167 6183//6183 6168//6168
f 6167//6167 6168//6168 6152//6152
f 6152//6152 6168//6168 5195//5195
f 6152//6152 5195//5195 5193//5193
f 6009//6009 6066//6066 6007//6007
f 6007//6007 6066//6066 6184//6184
f 6007//6007 6184//6184 6169//6169
f 6169//6169 6184//6184 6185//6185
f 6169//6169 6185//6185 6170//6170
f 6170//6170 6185//6185 6186//6186
f 6170//6170 6186//6186 6171//6171
f 6171//6171 6186//6186 6187//6187
f 6171//6171 6187//6187 6172//6172
f 6172//6172 6187//6187 6188//6188
f 6172//6172 6188//6188 6173//6173
f 6173//6173 6188//6188 6189//6189
f 6173//6173 6189//6189 6174//6174
f 6174//6174 6189//6189 6190//6190
f 6174//6174 6190//6190 6175//6175
f 6175//6175 6190//6190 6191//6191
f 6175//6175 6191//6191 6176//6176
f 6176//6176 6191//6191 6192//6192
f 6176//6176 6192//6192 6177//6177
f 6177//6177 6192//6192 6193//6193
f 6177//6177 6193//6193 6178//6178
f 6178//6178 6193//6193 6194//6194
f 6178//6178 6194//6194 6179//6179
f 6179//6179 6194//6194 6195//6195
f 6179//6179 6195//6195 6180//6180
f 6180//6180 6195//6195 6196//6196
f 6180//6180 6196//6196 6181//6181
f 6181//6181 6196//6196 6197//6197
f 6181//6181 6197//6197 6182//6182
f 6182//6182 6197//6197 6198//6198
f 6182//6182 6198//6198 6183//6183
f 6183//6183 6198//6198 5975//5975
f 6183//6183 5975//5975 6168//6168
f 6168//6168 5975//5975 5199//5199
f 6168//6168 5199//5199 5198//5198
f 6067//6067 6069//6069 6066//6066
f 6066//6066 6069//6069 6199//6199
f 6066//6066 6199//6199 6184//6184
f 6184//6184 6199//6199 6200//6200
f 6184//6184 6200//6200 6185//6185
f 6185//6185 6200//6200 6201//6201
f 6185//6185 6201//6201 6186//6186
f 6186//6186 6201//6201 6202//6202
f 6186//6186 6202//6202 6187//6187
f 6187//6187 6202//6202 6203//6203
f 6187//6187 6203//6203 6188//6188
f 6188//6188 6203//6203 6204//6204
f 6188//6188 6204//6204 6189//6189
f 6189//6189 6204//6204 6205//6205
f 6189//6189 6205//6205 6190//6190
f 6190//6190 6205//6205 6206//6206
f 6190//6190 6206//6206 6191//6191
f 6191//6191 6206//6206 6207//6207
f 6191//6191 6207//6207 6192//6192
f 6192//6192 6207//6207 6208//6208
f 6192//6192 6208//6208 6193//6193
f 6193//6193 6208//6208 6209//6209
f 6193//6193 6209//6209 6194//6194
f 6194//6194 6209//6209 6210//6210
f 6194//6194 6210//6210 6195//6195
f 6195//6195 6210//6210 6211//6211
f 6195//6195 6211//6211 6196//6196
f 6196//6196 6211//6211 6212//6212
f 6196//6196 6212//6212 6197//6197
f 6197//6197 6212//6212 6213//6213
f 6197//6197 6213//6213 6198//6198
f 6198//6198 6213//6213 5974//5974
f 6198//6198 5974//5974 5975//5975
f 5975//5975 5974//5974 5202//5202
f 5975//5975 5202//5202 5201//5201
f 6004//6004 6006//6006 6069//6069
f 6069//6069 6006//6006 6214//6214
f 6069//6069 6214//6214 6199//6199
f 6199//6199 6214//6214 6215//6215
f 6199//6199 6215//6215 6200//6200
f 6200//6200 6215//6215 6216//6216
f 6200//6200 6216//6216 6201//6201
f 6201//6201 6216//6216 6217//6217
f 6201//6201 6217//6217 6202//6202
f 6202//6202 6217//6217 6218//6218
f 6202//6202 6218//6218 6203//6203
f 6203//6203 6218//6218 6219//6219
f 6203//6203 6219//6219 6204//6204
f 6204//6204 6219//6219 6220//6220
f 6204//6204 6220//6220 6205//6205
f 6205//6205 6220//6220 6221//6221
f 6205//6205 6221//6221 6206//6206
f 6206//6206 6221//6221 6222//6222
f 6206//6206 6222//6222 6207//6207
f 6207//6207 6222//6222 6223//6223
f 6207//6207 6223//6223 6208//6208
f 6208//6208 6223//6223 6224//6224
f 6208//6208 6224//6224 6209//6209
f 6209//6209 6224//6224 6225//6225
f 6209//6209 6225//6225 6210//6210
f 6210//6210 6225//6225 6226//6226
f 6210//6210 6226//6226 6211//6211
f 6211//6211 6226//6226 6227//6227
f 6211//6211 6227//6227 6212//6212
f 6212//6212 6227//6227 6228//6228
f 6212//6212 6228//6228 6213//6213
f 6213//6213 6228//6228 5973//5973
f 6213//6213 5973//5973 5974//5974
f 5974//5974 5973//5973 5205//5205
f 5974//5974 5205//5205 5204//5204
f 6229//6229 5210//5210 5209//5209
f 6005//6005 6071//6071 6006//6006
f 6006//6006 6071//6071 6230//6230
f 6006//6006 6230//6230 6214//6214
f 6214//6214 6230//6230 6231//6231
f 6214//6214 6231//6231 6215//6215
f 6215//6215 6231//6231 6232//6232
f 6215//6215 6232//6232 6216//6216
f 6216//6216 6232//6232 6233//6233
f 6216//6216 6233//6233 6217//6217
f 6217//6217 6233//6233 6234//6234
f 6217//6217 6234//6234 6218//6218
f 6218//6218 6234//6234 6235//6235
f 6218//6218 6235//6235 6219//6219
f 6219//6219 6235//6235 6236//6236
f 6219//6219 6236//6236 6220//6220
f 6220//6220 6236//6236 6237//6237
f 6220//6220 6237//6237 6221//6221
f 6221//6221 6237//6237 6238//6238
f 6221//6221 6238//6238 6222//6222
f 6222//6222 6238//6238 6239//6239
f 6222//6222 6239//6239 6223//6223
f 6223//6223 6239//6239 6240//6240
f 6223//6223 6240//6240 6224//6224
f 6224//6224 6240//6240 6241//6241
f 6224//6224 6241//6241 6225//6225
f 6225//6225 6241//6241 6242//6242
f 6225//6225 6242//6242 6226//6226
f 6226//6226 6242//6242 6243//6243
f 6226//6226 6243//6243 6227//6227
f 6227//6227 6243//6243 6244//6244
f 6227//6227 6244//6244 6228//6228
f 6228//6228 6244//6244 6229//6229
f 6228//6228 6229//6229 5973//5973
f 5973//5973 6229//6229 5209//5209
f 5973//5973 5209//5209 5207//5207
f 6245//6245 5213//5213 5212//5212
f 6003//6003 6000//6000 6071//6071
f 6071//6071 6000//6000 6246//6246
f 6071//6071 6246//6246 6230//6230
f 6230//6230 6246//6246 6247//6247
f 6230//6230 6247//6247 6231//6231
f 6231//6231 6247//6247 6248//6248
f 6231//6231 6248//6248 6232//6232
f 6232//6232 6248//6248 6249//6249
f 6232//6232 6249//6249 6233//6233
f 6233//6233 6249//6249 6250//6250
f 6233//6233 6250//6250 6234//6234
f 6234//6234 6250//6250 6251//6251
f 6234//6234 6251//6251 6235//6235
f 6235//6235 6251//6251 6252//6252
f 6235//6235 6252//6252 6236//6236
f 6236//6236 6252//6252 6253//6253
f 6236//6236 6253//6253 6237//6237
f 6237//6237 6253//6253 6254//6254
f 6237//6237 6254//6254 6238//6238
f 6238//6238 6254//6254 6255//6255
f 6238//6238 6255//6255 6239//6239
f 6239//6239 6255//6255 6256//6256
f 6239//6239 6256//6256 6240//6240
f 6240//6240 6256//6256 6257//6257
f 6240//6240 6257//6257 6241//6241
f 6241//6241 6257//6257 6258//6258
f 6241//6241 6258//6258 6242//6242
f 6242//6242 6258//6258 6259//6259
f 6242//6242 6259//6259 6243//6243
f 6243//6243 6259//6259 6260//6260
f 6243//6243 6260//6260 6244//6244
f 6244//6244 6260//6260 6245//6245
f 6244//6244 6245//6245 6229//6229
f 6229//6229 6245//6245 5212//5212
f 6229//6229 5212//5212 5210//5210
f 6261//6261 5216//5216 5215//5215
f 6002//6002 6073//6073 6000//6000
f 6000//6000 6073//6073 6262//6262
f 6000//6000 6262//6262 6246//6246
f 6246//6246 6262//6262 6263//6263
f 6246//6246 6263//6263 6247//6247
f 6247//6247 6263//6263 6264//6264
f 6247//6247 6264//6264 6248//6248
f 6248//6248 6264//6264 6265//6265
f 6248//6248 6265//6265 6249//6249
f 6249//6249 6265//6265 6266//6266
f 6249//6249 6266//6266 6250//6250
f 6250//6250 6266//6266 6267//6267
f 6250//6250 6267//6267 6251//6251
f 6251//6251 6267//6267 6268//6268
f 6251//6251 6268//6268 6252//6252
f 6252//6252 6268//6268 6269//6269
f 6252//6252 6269//6269 6253//6253
f 6253//6253 6269//6269 6270//6270
f 6253//6253 6270//6270 6254//6254
f 6254//6254 6270//6270 6271//6271
f 6254//6254 6271//6271 6255//6255
f 6255//6255 6271//6271 6272//6272
f 6255//6255 6272//6272 6256//6256
f 6256//6256 6272//6272 6273//6273
f 6256//6256 6273//6273 6257//6257
f 6257//6257 6273//6273 6274//6274
f 6257//6257 6274//6274 6258//6258
f 6258//6258 6274//6274 6275//6275
f 6258//6258 6275//6275 6259//6259
f 6259//6259 6275//6275 6276//6276
f 6259//6259 6276//6276 6260//6260
f 6260//6260 6276//6276 6261//6261
f 6260//6260 6261//6261 6245//6245
f 6245//6245 6261//6261 5215//5215
f 6245//6245 5215//5215 5213//5213
f 6277//6277 5219//5219 5218//5218
f 6074//6074 6076//6076 6073//6073
f 6073//6073 6076//6076 6278//6278
f 6073//6073 6278//6278 6262//6262
f 6262//6262 6278//6278 6279//6279
f 6262//6262 6279//6279 6263//6263
f 6263//6263 6279//6279 6280//6280
f 6263//6263 6280//6280 6264//6264
f 6264//6264 6280//6280 6281//6281
f 6264//6264 6281//6281 6265//6265
f 6265//6265 6281//6281 6282//6282
f 6265//6265 6282//6282 6266//6266
f 6266//6266 6282//6282 6283//6283
f 6266//6266 6283//6283 6267//6267
f 6267//6267 6283//6283 6284//6284
f 6267//6267 6284//6284 6268//6268
f 6268//6268 6284//6284 6285//6285
f 6268//6268 6285//6285 6269//6269
f 6269//6269 6285//6285 6286//6286
f 6269//6269 6286//6286 6270//6270
f 6270//6270 6286//6286 6287//6287
f 6270//6270 6287//6287 6271//6271
f 6271//6271 6287//6287 6288//6288
f 6271//6271 6288//6288 6272//6272
f 6272//6272 6288//6288 6289//6289
f 6272//6272 6289//6289 6273//6273
f 6273//6273 6289//6289 6290//6290
f 6273//6273 6290//6290 6274//6274
f 6274//6274 6290//6290 6291//6291
f 6274//6274 6291//6291 6275//6275
f 6275//6275 6291//6291 6292//6292
f 6275//6275 6292//6292 6276//6276
f 6276//6276 6292//6292 6277//6277
f 6276//6276 6277//6277 6261//6261
f 6261//6261 6277//6277 5218//5218
f 6261//6261 5218//5218 5216//5216
f 5224//5224 5222//5222 6293//6293
f 6293//6293 5222//5222 5221//5221
f 5997//5997 5999//5999 6076//6076
f 6076//6076 5999//5999 6294//6294
f 6076//6076 6294//6294 6278//6278
f 6278//6278 6294//6294 6295//6295
f 6278//6278 6295//6295 6279//6279
f 6279//6279 6295//6295 6296//6296
f 6279//6279 6296//6296 6280//6280
f 6280//6280 6296//6296 6297//6297
f 6280//6280 6297//6297 6281//6281
f 6281//6281 6297//6297 6298//6298
f 6281//6281 6298//6298 6282//6282
f 6282//6282 6298//6298 6299//6299
f 6282//6282 6299//6299 6283//6283
f 6283//6283 6299//6299 6300//6300
f 6283//6283 6300//6300 6284//6284
f 6284//6284 6300//6300 6301//6301
f 6284//6284 6301//6301 6285//6285
f 6285//6285 6301//6301 6302//6302
f 6285//6285 6302//6302 6286//6286
f 6286//6286 6302//6302 6303//6303
f 6286//6286 6303//6303 6287//6287
f 6287//6287 6303//6303 6304//6304
f 6287//6287 6304//6304 6288//6288
f 6288//6288 6304//6304 6305//6305
f 6288//6288 6305//6305 6289//6289
f 6289//6289 6305//6305 6306//6306
f 6289//6289 6306//6306 6290//6290
f 6290//6290 6306//6306 6307//6307
f 6290//6290 6307//6307 6291//6291
f 6291//6291 6307//6307 6308//6308
f 6291//6291 6308//6308 6292//6292
f 6292//6292 6308//6308 6293//6293
f 6292//6292 6293//6293 6277//6277
f 6277//6277 6293//6293 5221//5221
f 6277//6277 5221//5221 5219//5219
f 5998//5998 5996//5996 5999//5999
f 5999//5999 5996//5996 6309//6309
f 5999//5999 6309//6309 6294//6294
f 6294//6294 6309//6309 6310//6310
f 6294//6294 6310//6310 6295//6295
f 6295//6295 6310//6310 6311//6311
f 6295//6295 6311//6311 6296//6296
f 6296//6296 6311//6311 6312//6312
f 6296//6296 6312//6312 6297//6297
f 6297//6297 6312//6312 6313//6313
f 6297//6297 6313//6313 6298//6298
f 6298//6298 6313//6313 6314//6314
f 6298//6298 6314//6314 6299//6299
f 6299//6299 6314//6314 6315//6315
f 6299//6299 6315//6315 6300//6300
f 6300//6300 6315//6315 6316//6316
f 6300//6300 6316//6316 6301//6301
f 6301//6301 6316//6316 6317//6317
f 6301//6301 6317//6317 6302//6302
f 6302//6302 6317//6317 6318//6318
f 6302//6302 6318//6318 6303//6303
f 6303//6303 6318//6318 6319//6319
f 6303//6303 6319//6319 6304//6304
f 6304//6304 6319//6319 6320//6320
f 6304//6304 6320//6320 6305//6305
f 6305//6305 6320//6320 6321//6321
f 6305//6305 6321//6321 6306//6306
f 6306//6306 6321//6321 6322//6322
f 6306//6306 6322//6322 6307//6307
f 6307//6307 6322//6322 6323//6323
f 6307//6307 6323//6323 6308//6308
f 6308//6308 6323//6323 5972//5972
f 6308//6308 5972//5972 6293//6293
f 6293//6293 5972//5972 5225//5225
f 6293//6293 5225//5225 5224//5224
f 5995//5995 6078//6078 5996//5996
f 5996//5996 6078//6078 6324//6324
f 5996//5996 6324//6324 6309//6309
f 6309//6309 6324//6324 6325//6325
f 6309//6309 6325//6325 6310//6310
f 6310//6310 6325//6325 6326//6326
f 6310//6310 6326//6326 6311//6311
f 6311//6311 6326//6326 6327//6327
f 6311//6311 6327//6327 6312//6312
f 6312//6312 6327//6327 6328//6328
f 6312//6312 6328//6328 6313//6313
f 6313//6313 6328//6328 6329//6329
f 6313//6313 6329//6329 6314//6314
f 6314//6314 6329//6329 6330//6330
f 6314//6314 6330//6330 6315//6315
f 6315//6315 6330//6330 6331//6331
f 6315//6315 6331//6331 6316//6316
f 6316//6316 6331//6331 6332//6332
f 6316//6316 6332//6332 6317//6317
f 6317//6317 6332//6332 6333//6333
f 6317//6317 6333//6333 6318//6318
f 6318//6318 6333//6333 6334//6334
f 6318//6318 6334//6334 6319//6319
f 6319//6319 6334//6334 6335//6335
f 6319//6319 6335//6335 6320//6320
f 6320//6320 6335//6335 6336//6336
f 6320//6320 6336//6336 6321//6321
f 6321//6321 6336//6336 6337//6337
f 6321//6321 6337//6337 6322//6322
f 6322//6322 6337//6337 6338//6338
f 6322//6322 6338//6338 6323//6323
f 6323//6323 6338//6338 5971//5971
f 6323//6323 5971//5971 5972//5972
f 5972//5972 5971//5971 5228//5228
f 5972//5972 5228//5228 5227//5227
f 6080//6080 6081//6081 6078//6078
f 6078//6078 6081//6081 6339//6339
f 6078//6078 6339//6339 6324//6324
f 6324//6324 6339//6339 6340//6340
f 6324//6324 6340//6340 6325//6325
f 6325//6325 6340//6340 6341//6341
f 6325//6325 6341//6341 6326//6326
f 6326//6326 6341//6341 6342//6342
f 6326//6326 6342//6342 6327//6327
f 6327//6327 6342//6342 6343//6343
f 6327//6327 6343//6343 6328//6328
f 6328//6328 6343//6343 6344//6344
f 6328//6328 6344//6344 6329//6329
f 6329//6329 6344//6344 6345//6345
f 6329//6329 6345//6345 6330//6330
f 6330//6330 6345//6345 6346//6346
f 6330//6330 6346//6346 6331//6331
f 6331//6331 6346//6346 6347//6347
f 6331//6331 6347//6347 6332//6332
f 6332//6332 6347//6347 6348//6348
f 6332//6332 6348//6348 6333//6333
f 6333//6333 6348//6348 6349//6349
f 6333//6333 6349//6349 6334//6334
f 6334//6334 6349//6349 6350//6350
f 6334//6334 6350//6350 6335//6335
f 6335//6335 6350//6350 6351//6351
f 6335//6335 6351//6351 6336//6336
f 6336//6336 6351//6351 6352//6352
f 6336//6336 6352//6352 6337//6337
f 6337//6337 6352//6352 6353//6353
f 6337//6337 6353//6353 6338//6338
f 6338//6338 6353//6353 5970//5970
f 6338//6338 5970//5970 5971//5971
f 5971//5971 5970//5970 5231//5231
f 5971//5971 5231//5231 5230//5230
f 6354//6354 5236//5236 5235//5235
f 6082//6082 6084//6084 6081//6081
f 6081//6081 6084//6084 6355//6355
f 6081//6081 6355//6355 6339//6339
f 6339//6339 6355//6355 6356//6356
f 6339//6339 6356//6356 6340//6340
f 6340//6340 6356//6356 6357//6357
f 6340//6340 6357//6357 6341//6341
f 6341//6341 6357//6357 6358//6358
f 6341//6341 6358//6358 6342//6342
f 6342//6342 6358//6358 6359//6359
f 6342//6342 6359//6359 6343//6343
f 6343//6343 6359//6359 6360//6360
f 6343//6343 6360//6360 6344//6344
f 6344//6344 6360//6360 6361//6361
f 6344//6344 6361//6361 6345//6345
f 6345//6345 6361//6361 6362//6362
f 6345//6345 6362//6362 6346//6346
f 6346//6346 6362//6362 6363//6363
f 6346//6346 6363//6363 6347//6347
f 6347//6347 6363//6363 6364//6364
f 6347//6347 6364//6364 6348//6348
f 6348//6348 6364//6364 6365//6365
f 6348//6348 6365//6365 6349//6349
f 6349//6349 6365//6365 6366//6366
f 6349//6349 6366//6366 6350//6350
f 6350//6350 6366//6366 6367//6367
f 6350//6350 6367//6367 6351//6351
f 6351//6351 6367//6367 6368//6368
f 6351//6351 6368//6368 6352//6352
f 6352//6352 6368//6368 6369//6369
f 6352//6352 6369//6369 6353//6353
f 6353//6353 6369//6369 6354//6354
f 6353//6353 6354//6354 5970//5970
f 5970//5970 6354//6354 5235//5235
f 5970//5970 5235//5235 5233//5233
f 6370//6370 5239//5239 5238//5238
f 5991//5991 5993//5993 6084//6084
f 6084//6084 5993//5993 6371//6371
f 6084//6084 6371//6371 6355//6355
f 6355//6355 6371//6371 6372//6372
f 6355//6355 6372//6372 6356//6356
f 6356//6356 6372//6372 6373//6373
f 6356//6356 6373//6373 6357//6357
f 6357//6357 6373//6373 6374//6374
f 6357//6357 6374//6374 6358//6358
f 6358//6358 6374//6374 6375//6375
f 6358//6358 6375//6375 6359//6359
f 6359//6359 6375//6375 6376//6376
f 6359//6359 6376//6376 6360//6360
f 6360//6360 6376//6376 6377//6377
f 6360//6360 6377//6377 6361//6361
f 6361//6361 6377//6377 6378//6378
f 6361//6361 6378//6378 6362//6362
f 6362//6362 6378//6378 6379//6379
f 6362//6362 6379//6379 6363//6363
f 6363//6363 6379//6379 6380//6380
f 6363//6363 6380//6380 6364//6364
f 6364//6364 6380//6380 6381//6381
f 6364//6364 6381//6381 6365//6365
f 6365//6365 6381//6381 6382//6382
f 6365//6365 6382//6382 6366//6366
f 6366//6366 6382//6382 6383//6383
f 6366//6366 6383//6383 6367//6367
f 6367//6367 6383//6383 6384//6384
f 6367//6367 6384//6384 6368//6368
f 6368//6368 6384//6384 6385//6385
f 6368//6368 6385//6385 6369//6369
f 6369//6369 6385//6385 6370//6370
f 6369//6369 6370//6370 6354//6354
f 6354//6354 6370//6370 5238//5238
f 6354//6354 5238//5238 5236//5236
f 6386//6386 5242//5242 5241//5241
f 5992//5992 5990//5990 5993//5993
f 5993//5993 5990//5990 6387//6387
f 5993//5993 6387//6387 6371//6371
f 6371//6371 6387//6387 6388//6388
f 6371//6371 6388//6388 6372//6372
f 6372//6372 6388//6388 6389//6389
f 6372//6372 6389//6389 6373//6373
f 6373//6373 6389//6389 6390//6390
f 6373//6373 6390//6390 6374//6374
f 6374//6374 6390//6390 6391//6391
f 6374//6374 6391//6391 6375//6375
f 6375//6375 6391//6391 6392//6392
f 6375//6375 6392//6392 6376//6376
f 6376//6376 6392//6392 6393//6393
f 6376//6376 6393//6393 6377//6377
f 6377//6377 6393//6393 6394//6394
f 6377//6377 6394//6394 6378//6378
f 6378//6378 6394//6394 6395//6395
f 6378//6378 6395//6395 6379//6379
f 6379//6379 6395//6395 6396//6396
f 6379//6379 6396//6396 6380//6380
f 6380//6380 6396//6396 6397//6397
f 6380//6380 6397//6397 6381//6381
f 6381//6381 6397//6397 6398//6398
f 6381//6381 6398//6398 6382//6382
f 6382//6382 6398//6398 6399//6399
f 6382//6382 6399//6399 6383//6383
f 6383//6383 6399//6399 6400//6400
f 6383//6383 6400//6400 6384//6384
f 6384//6384 6400//6400 6401//6401
f 6384//6384 6401//6401 6385//6385
f 6385//6385 6401//6401 6386//6386
f 6385//6385 6386//6386 6370//6370
f 6370//6370 6386//6386 5241//5241
f 6370//6370 5241//5241 5239//5239
f 5247//5247 5245//5245 6402//6402
f 6402//6402 5245//5245 5244//5244
f 5989//5989 6086//6086 5990//5990
f 5990//5990 6086//6086 6403//6403
f 5990//5990 6403//6403 6387//6387
f 6387//6387 6403//6403 6404//6404
f 6387//6387 6404//6404 6388//6388
f 6388//6388 6404//6404 6405//6405
f 6388//6388 6405//6405 6389//6389
f 6389//6389 6405//6405 6406//6406
f 6389//6389 6406//6406 6390//6390
f 6390//6390 6406//6406 6407//6407
f 6390//6390 6407//6407 6391//6391
f 6391//6391 6407//6407 6408//6408
f 6391//6391 6408//6408 6392//6392
f 6392//6392 6408//6408 6409//6409
f 6392//6392 6409//6409 6393//6393
f 6393//6393 6409//6409 6410//6410
f 6393//6393 6410//6410 6394//6394
f 6394//6394 6410//6410 6411//6411
f 6394//6394 6411//6411 6395//6395
f 6395//6395 6411//6411 6412//6412
f 6395//6395 6412//6412 6396//6396
f 6396//6396 6412//6412 6413//6413
f 6396//6396 6413//6413 6397//6397
f 6397//6397 6413//6413 6414//6414
f 6397//6397 6414//6414 6398//6398
f 6398//6398 6414//6414 6415//6415
f 6398//6398 6415//6415 6399//6399
f 6399//6399 6415//6415 6416//6416
f 6399//6399 6416//6416 6400//6400
f 6400//6400 6416//6416 6417//6417
f 6400//6400 6417//6417 6401//6401
f 6401//6401 6417//6417 6402//6402
f 6401//6401 6402//6402 6386//6386
f 6386//6386 6402//6402 5244//5244
f 6386//6386 5244//5244 5242//5242
f 6088//6088 6089//6089 6086//6086
f 6086//6086 6089//6089 6418//6418
f 6086//6086 6418//6418 6403//6403
f 6403//6403 6418//6418 6419//6419
f 6403//6403 6419//6419 6404//6404
f 6404//6404 6419//6419 6420//6420
f 6404//6404 6420//6420 6405//6405
f 6405//6405 6420//6420 6421//6421
f 6405//6405 6421//6421 6406//6406
f 6406//6406 6421//6421 6422//6422
f 6406//6406 6422//6422 6407//6407
f 6407//6407 6422//6422 6423//6423
f 6407//6407 6423//6423 6408//6408
f 6408//6408 6423//6423 6424//6424
f 6408//6408 6424//6424 6409//6409
f 6409//6409 6424//6424 6425//6425
f 6409//6409 6425//6425 6410//6410
f 6410//6410 6425//6425 6426//6426
f 6410//6410 6426//6426 6411//6411
f 6411//6411 6426//6426 6427//6427
f 6411//6411 6427//6427 6412//6412
f 6412//6412 6427//6427 6428//6428
f 6412//6412 6428//6428 6413//6413
f 6413//6413 6428//6428 6429//6429
f 6413//6413 6429//6429 6414//6414
f 6414//6414 6429//6429 6430//6430
f 6414//6414 6430//6430 6415//6415
f 6415//6415 6430//6430 6431//6431
f 6415//6415 6431//6431 6416//6416
f 6416//6416 6431//6431 6432//6432
f 6416//6416 6432//6432 6417//6417
f 6417//6417 6432//6432 5969//5969
f 6417//6417 5969//5969 6402//6402
f 6402//6402 5969//5969 5248//5248
f 6402//6402 5248//5248 5247//5247
f 6090//6090 6092//6092 6089//6089
f 6089//6089 6092//6092 6433//6433
f 6089//6089 6433//6433 6418//6418
f 6418//6418 6433//6433 6434//6434
f 6418//6418 6434//6434 6419//6419
f 6419//6419 6434//6434 6435//6435
f 6419//6419 6435//6435 6420//6420
f 6420//6420 6435//6435 6436//6436
f 6420//6420 6436//6436 6421//6421
f 6421//6421 6436//6436 6437//6437
f 6421//6421 6437//6437 6422//6422
f 6422//6422 6437//6437 6438//6438
f 6422//6422 6438//6438 6423//6423
f 6423//6423 6438//6438 6439//6439
f 6423//6423 6439//6439 6424//6424
f 6424//6424 6439//6439 6440//6440
f 6424//6424 6440//6440 6425//6425
f 6425//6425 6440//6440 6441//6441
f 6425//6425 6441//6441 6426//6426
f 6426//6426 6441//6441 6442//6442
f 6426//6426 6442//6442 6427//6427
f 6427//6427 6442//6442 6443//6443
f 6427//6427 6443//6443 6428//6428
f 6428//6428 6443//6443 6444//6444
f 6428//6428 6444//6444 6429//6429
f 6429//6429 6444//6444 6445//6445
f 6429//6429 6445//6445 6430//6430
f 6430//6430 6445//6445 6446//6446
f 6430//6430 6446//6446 6431//6431
f 6431//6431 6446//6446 6447//6447
f 6431//6431 6447//6447 6432//6432
f 6432//6432 6447//6447 5968//5968
f 6432//6432 5968//5968 5969//5969
f 5969//5969 5968//5968 5251//5251
f 5969//5969 5251//5251 5250//5250
f 5985//5985 5987//5987 6092//6092
f 6092//6092 5987//5987 6448//6448
f 6092//6092 6448//6448 6433//6433
f 6433//6433 6448//6448 6449//6449
f 6433//6433 6449//6449 6434//6434
f 6434//6434 6449//6449 6450//6450
f 6434//6434 6450//6450 6435//6435
f 6435//6435 6450//6450 6451//6451
f 6435//6435 6451//6451 6436//6436
f 6436//6436 6451//6451 6452//6452
f 6436//6436 6452//6452 6437//6437
f 6437//6437 6452//6452 6453//6453
f 6437//6437 6453//6453 6438//6438
f 6438//6438 6453//6453 6454//6454
f 6438//6438 6454//6454 6439//6439
f 6439//6439 6454//6454 6455//6455
f 6439//6439 6455//6455 6440//6440
f 6440//6440 6455//6455 6456//6456
f 6440//6440 6456//6456 6441//6441
f 6441//6441 6456//6456 6457//6457
f 6441//6441 6457//6457 6442//6442
f 6442//6442 6457//6457 6458//6458
f 6442//6442 6458//6458 6443//6443
f 6443//6443 6458//6458 6459//6459
f 6443//6443 6459//6459 6444//6444
f 6444//6444 6459//6459 6460//6460
f 6444//6444 6460//6460 6445//6445
f 6445//6445 6460//6460 6461//6461
f 6445//6445 6461//6461 6446//6446
f 6446//6446 6461//6461 6462//6462
f 6446//6446 6462//6462 6447//6447
f 6447//6447 6462//6462 5967//5967
f 6447//6447 5967//5967 5968//5968
f 5968//5968 5967//5967 5254//5254
f 5968//5968 5254//5254 5253//5253
f 5986//5986 5984//5984 5987//5987
f 5987//5987 5984//5984 6463//6463
f 5987//5987 6463//6463 6448//6448
f 6448//6448 6463//6463 6464//6464
f 6448//6448 6464//6464 6449//6449
f 6449//6449 6464//6464 6465//6465
f 6449//6449 6465//6465 6450//6450
f 6450//6450 6465//6465 6466//6466
f 6450//6450 6466//6466 6451//6451
f 6451//6451 6466//6466 6467//6467
f 6451//6451 6467//6467 6452//6452
f 6452//6452 6467//6467 6468//6468
f 6452//6452 6468//6468 6453//6453
f 6453//6453 6468//6468 6469//6469
f 6453//6453 6469//6469 6454//6454
f 6454//6454 6469//6469 6470//6470
f 6454//6454 6470//6470 6455//6455
f 6455//6455 6470//6470 6471//6471
f 6455//6455 6471//6471 6456//6456
f 6456//6456 6471//6471 6472//6472
f 6456//6456 6472//6472 6457//6457
f 6457//6457 6472//6472 6473//6473
f 6457//6457 6473//6473 6458//6458
f 6458//6458 6473//6473 6474//6474
f 6458//6458 6474//6474 6459//6459
f 6459//6459 6474//6474 6475//6475
f 6459//6459 6475//6475 6460//6460
f 6460//6460 6475//6475 6476//6476
f 6460//6460 6476//6476 6461//6461
f 6461//6461 6476//6476 6477//6477
f 6461//6461 6477//6477 6462//6462
f 6462//6462 6477//6477 6478//6478
f 6462//6462 6478//6478 5967//5967
f 5967//5967 6478//6478 5258//5258
f 5967//5967 5258//5258 5256//5256
f 6479//6479 5261//5261 5260//5260
f 5983//5983 6094//6094 5984//5984
f 5984//5984 6094//6094 6480//6480
f 5984//5984 6480//6480 6463//6463
f 6463//6463 6480//6480 6481//6481
f 6463//6463 6481//6481 6464//6464
f 6464//6464 6481//6481 6482//6482
f 6464//6464 6482//6482 6465//6465
f 6465//6465 6482//6482 6483//6483
f 6465//6465 6483//6483 6466//6466
f 6466//6466 6483//6483 6484//6484
f 6466//6466 6484//6484 6467//6467
f 6467//6467 6484//6484 6485//6485
f 6467//6467 6485//6485 6468//6468
f 6468//6468 6485//6485 6486//6486
f 6468//6468 6486//6486 6469//6469
f 6469//6469 6486//6486 6487//6487
f 6469//6469 6487//6487 6470//6470
f 6470//6470 6487//6487 6488//6488
f 6470//6470 6488//6488 6471//6471
f 6471//6471 6488//6488 6489//6489
f 6471//6471 6489//6489 6472//6472
f 6472//6472 6489//6489 6490//6490
f 6472//6472 6490//6490 6473//6473
f 6473//6473 6490//6490 6491//6491
f 6473//6473 6491//6491 6474//6474
f 6474//6474 6491//6491 6492//6492
f 6474//6474 6492//6492 6475//6475
f 6475//6475 6492//6492 6493//6493
f 6475//6475 6493//6493 6476//6476
f 6476//6476 6493//6493 6494//6494
f 6476//6476 6494//6494 6477//6477
f 6477//6477 6494//6494 6479//6479
f 6477//6477 6479//6479 6478//6478
f 6478//6478 6479//6479 5260//5260
f 6478//6478 5260//5260 5258//5258
f 6495//6495 5264//5264 5263//5263
f 6096//6096 6097//6097 6094//6094
f 6094//6094 6097//6097 6496//6496
f 6094//6094 6496//6496 6480//6480
f 6480//6480 6496//6496 6497//6497
f 6480//6480 6497//6497 6481//6481
f 6481//6481 6497//6497 6498//6498
f 6481//6481 6498//6498 6482//6482
f 6482//6482 6498//6498 6499//6499
f 6482//6482 6499//6499 6483//6483
f 6483//6483 6499//6499 6500//6500
f 6483//6483 6500//6500 6484//6484
f 6484//6484 6500//6500 6501//6501
f 6484//6484 6501//6501 6485//6485
f 6485//6485 6501//6501 6502//6502
f 6485//6485 6502//6502 6486//6486
f 6486//6486 6502//6502 6503//6503
f 6486//6486 6503//6503 6487//6487
f 6487//6487 6503//6503 6504//6504
f 6487//6487 6504//6504 6488//6488
f 6488//6488 6504//6504 6505//6505
f 6488//6488 6505//6505 6489//6489
f 6489//6489 6505//6505 6506//6506
f 6489//6489 6506//6506 6490//6490
f 6490//6490 6506//6506 6507//6507
f 6490//6490 6507//6507 6491//6491
f 6491//6491 6507//6507 6508//6508
f 6491//6491 6508//6508 6492//6492
f 6492//6492 6508//6508 6509//6509
f 6492//6492 6509//6509 6493//6493
f 6493//6493 6509//6509 6510//6510
f 6493//6493 6510//6510 6494//6494
f 6494//6494 6510//6510 6495//6495
f 6494//6494 6495//6495 6479//6479
f 6479//6479 6495//6495 5263//5263
f 6479//6479 5263//5263 5261//5261
f 6511//6511 5267//5267 5266//5266
f 6098//6098 6100//6100 6097//6097
f 6097//6097 6100//6100 6512//6512
f 6097//6097 6512//6512 6496//6496
f 6496//6496 6512//6512 6513//6513
f 6496//6496 6513//6513 6497//6497
f 6497//6497 6513//6513 6514//6514
f 6497//6497 6514//6514 6498//6498
f 6498//6498 6514//6514 6515//6515
f 6498//6498 6515//6515 6499//6499
f 6499//6499 6515//6515 6516//6516
f 6499//6499 6516//6516 6500//6500
f 6500//6500 6516//6516 6517//6517
f 6500//6500 6517//6517 6501//6501
f 6501//6501 6517//6517 6518//6518
f 6501//6501 6518//6518 6502//6502
f 6502//6502 6518//6518 6519//6519
f 6502//6502 6519//6519 6503//6503
f 6503//6503 6519//6519 6520//6520
f 6503//6503 6520//6520 6504//6504
f 6504//6504 6520//6520 6521//6521
f 6504//6504 6521//6521 6505//6505
f 6505//6505 6521//6521 6522//6522
f 6505//6505 6522//6522 6506//6506
f 6506//6506 6522//6522 6523//6523
f 6506//6506 6523//6523 6507//6507
f 6507//6507 6523//6523 6524//6524
f 6507//6507 6524//6524 6508//6508
f 6508//6508 6524//6524 6525//6525
f 6508//6508 6525//6525 6509//6509
f 6509//6509 6525//6525 6526//6526
f 6509//6509 6526//6526 6510//6510
f 6510//6510 6526//6526 6511//6511
f 6510//6510 6511//6511 6495//6495
f 6495//6495 6511//6511 5266//5266
f 6495//6495 5266//5266 5264//5264
f 5272//5272 5270//5270 6527//6527
f 6527//6527 5270//5270 5269//5269
f 5979//5979 5981//5981 6100//6100
f 6100//6100 5981//5981 6528//6528
f 6100//6100 6528//6528 6512//6512
f 6512//6512 6528//6528 6529//6529
f 6512//6512 6529//6529 6513//6513
f 6513//6513 6529//6529 6530//6530
f 6513//6513 6530//6530 6514//6514
f 6514//6514 6530//6530 6531//6531
f 6514//6514 6531//6531 6515//6515
f 6515//6515 6531//6531 6532//6532
f 6515//6515 6532//6532 6516//6516
f 6516//6516 6532//6532 6533//6533
f 6516//6516 6533//6533 6517//6517
f 6517//6517 6533//6533 6534//6534
f 6517//6517 6534//6534 6518//6518
f 6518//6518 6534//6534 6535//6535
f 6518//6518 6535//6535 6519//6519
f 6519//6519 6535//6535 6536//6536
f 6519//6519 6536//6536 6520//6520
f 6520//6520 6536//6536 6537//6537
f 6520//6520 6537//6537 6521//6521
f 6521//6521 6537//6537 6538//6538
f 6521//6521 6538//6538 6522//6522
f 6522//6522 6538//6538 6539//6539
f 6522//6522 6539//6539 6523//6523
f 6523//6523 6539//6539 6540//6540
f 6523//6523 6540//6540 6524//6524
f 6524//6524 6540//6540 6541//6541
f 6524//6524 6541//6541 6525//6525
f 6525//6525 6541//6541 6542//6542
f 6525//6525 6542//6542 6526//6526
f 6526//6526 6542//6542 6527//6527
f 6526//6526 6527//6527 6511//6511
f 6511//6511 6527//6527 5269//5269
f 6511//6511 5269//5269 5267//5267
f 5980//5980 5978//5978 5981//5981
f 5981//5981 5978//5978 6543//6543
f 5981//5981 6543//6543 6528//6528
f 6528//6528 6543//6543 6544//6544
f 6528//6528 6544//6544 6529//6529
f 6529//6529 6544//6544 6545//6545
f 6529//6529 6545//6545 6530//6530
f 6530//6530 6545//6545 6546//6546
f 6530//6530 6546//6546 6531//6531
f 6531//6531 6546//6546 6547//6547
f 6531//6531 6547//6547 6532//6532
f 6532//6532 6547//6547 6548//6548
f 6532//6532 6548//6548 6533//6533
f 6533//6533 6548//6548 6549//6549
f 6533//6533 6549//6549 6534//6534
f 6534//6534 6549//6549 6550//6550
f 6534//6534 6550//6550 6535//6535
f 6535//6535 6550//6550 6551//6551
f 6535//6535 6551//6551 6536//6536
f 6536//6536 6551//6551 6552//6552
f 6536//6536 6552//6552 6537//6537
f 6537//6537 6552//6552 6553//6553
f 6537//6537 6553//6553 6538//6538
f 6538//6538 6553//6553 6554//6554
f 6538//6538 6554//6554 6539//6539
f 6539//6539 6554//6554 6555//6555
f 6539//6539 6555//6555 6540//6540
f 6540//6540 6555//6555 6556//6556
f 6540//6540 6556//6556 6541//6541
f 6541//6541 6556//6556 6557//6557
f 6541//6541 6557//6557 6542//6542
f 6542//6542 6557//6557 5966//5966
f 6542//6542 5966//5966 6527//6527
f 6527//6527 5966//5966 5273//5273
f 6527//6527 5273//5273 5272//5272
f 5977//5977 6102//6102 5978//5978
f 5978//5978 6102//6102 6558//6558
f 5978//5978 6558//6558 6543//6543
f 6543//6543 6558//6558 6559//6559
f 6543//6543 6559//6559 6544//6544
f 6544//6544 6559//6559 6560//6560
f 6544//6544 6560//6560 6545//6545
f 6545//6545 6560//6560 6561//6561
f 6545//6545 6561//6561 6546//6546
f 6546//6546 6561//6561 6562//6562
f 6546//6546 6562//6562 6547//6547
f 6547//6547 6562//6562 6563//6563
f 6547//6547 6563//6563 6548//6548
f 6548//6548 6563//6563 6564//6564
f 6548//6548 6564//6564 6549//6549
f 6549//6549 6564//6564 6565//6565
f 6549//6549 6565//6565 6550//6550
f 6550//6550 6565//6565 6566//6566
f 6550//6550 6566//6566 6551//6551
f 6551//6551 6566//6566 6567//6567
f 6551//6551 6567//6567 6552//6552
f 6552//6552 6567//6567 6568//6568
f 6552//6552 6568//6568 6553//6553
f 6553//6553 6568//6568 6569//6569
f 6553//6553 6569//6569 6554//6554
f 6554//6554 6569//6569 6570//6570
f 6554//6554 6570//6570 6555//6555
f 6555//6555 6570//6570 6571//6571
f 6555//6555 6571//6571 6556//6556
f 6556//6556 6571//6571 6572//6572
f 6556//6556 6572//6572 6557//6557
f 6557//6557 6572//6572 5965//5965
f 6557//6557 5965//5965 5966//5966
f 5966//5966 5965//5965 5276//5276
f 5966//5966 5276//5276 5275//5275
f 6036//6036 6035//6035 6102//6102
f 6102//6102 6035//6035 6573//6573
f 6102//6102 6573//6573 6558//6558
f 6558//6558 6573//6573 6574//6574
f 6558//6558 6574//6574 6559//6559
f 6559//6559 6574//6574 6575//6575
f 6559//6559 6575//6575 6560//6560
f 6560//6560 6575//6575 6576//6576
f 6560//6560 6576//6576 6561//6561
f 6561//6561 6576//6576 6577//6577
f 6561//6561 6577//6577 6562//6562
f 6562//6562 6577//6577 6578//6578
f 6562//6562 6578//6578 6563//6563
f 6563//6563 6578//6578 6579//6579
f 6563//6563 6579//6579 6564//6564
f 6564//6564 6579//6579 6580//6580
f 6564//6564 6580//6580 6565//6565
f 6565//6565 6580//6580 6581//6581
f 6565//6565 6581//6581 6566//6566
f 6566//6566 6581//6581 6582//6582
f 6566//6566 6582//6582 6567//6567
f 6567//6567 6582//6582 6583//6583
f 6567//6567 6583//6583 6568//6568
f 6568//6568 6583//6583 6584//6584
f 6568//6568 6584//6584 6569//6569
f 6569//6569 6584//6584 6585//6585
f 6569//6569 6585//6585 6570//6570
f 6570//6570 6585//6585 6586//6586
f 6570//6570 6586//6586 6571//6571
f 6571//6571 6586//6586 6587//6587
f 6571//6571 6587//6587 6572//6572
f 6572//6572 6587//6587 5964//5964
f 6572//6572 5964//5964 5965//5965
f 5965//5965 5964//5964 5279//5279
f 5965//5965 5279//5279 5278//5278
f 6588//6588 5284//5284 5283//5283
f 6037//6037 6038//6038 6035//6035
f 6035//6035 6038//6038 6589//6589
f 6035//6035 6589//6589 6573//6573
f 6573//6573 6589//6589 6590//6590
f 6573//6573 6590//6590 6574//6574
f 6574//6574 6590//6590 6591//6591
f 6574//6574 6591//6591 6575//6575
f 6575//6575 6591//6591 6592//6592
f 6575//6575 6592//6592 6576//6576
f 6576//6576 6592//6592 6593//6593
f 6576//6576 6593//6593 6577//6577
f 6577//6577 6593//6593 6594//6594
f 6577//6577 6594//6594 6578//6578
f 6578//6578 6594//6594 6595//6595
f 6578//6578 6595//6595 6579//6579
f 6579//6579 6595//6595 6596//6596
f 6579//6579 6596//6596 6580//6580
f 6580//6580 6596//6596 6597//6597
f 6580//6580 6597//6597 6581//6581
f 6581//6581 6597//6597 6598//6598
f 6581//6581 6598//6598 6582//6582
f 6582//6582 6598//6598 6599//6599
f 6582//6582 6599//6599 6583//6583
f 6583//6583 6599//6599 6600//6600
f 6583//6583 6600//6600 6584//6584
f 6584//6584 6600//6600 6601//6601
f 6584//6584 6601//6601 6585//6585
f 6585//6585 6601//6601 6602//6602
f 6585//6585 6602//6602 6586//6586
f 6586//6586 6602//6602 6603//6603
f 6586//6586 6603//6603 6587//6587
f 6587//6587 6603//6603 6588//6588
f 6587//6587 6588//6588 5964//5964
f 5964//5964 6588//6588 5283//5283
f 5964//5964 5283//5283 5281//5281
f 6604//6604 5287//5287 5286//5286
f 6039//6039 6041//6041 6038//6038
f 6038//6038 6041//6041 6605//6605
f 6038//6038 6605//6605 6589//6589
f 6589//6589 6605//6605 6606//6606
f 6589//6589 6606//6606 6590//6590
f 6590//6590 6606//6606 6607//6607
f 6590//6590 6607//6607 6591//6591
f 6591//6591 6607//6607 6608//6608
f 6591//6591 6608//6608 6592//6592
f 6592//6592 6608//6608 6609//6609
f 6592//6592 6609//6609 6593//6593
f 6593//6593 6609//6609 6610//6610
f 6593//6593 6610//6610 6594//6594
f 6594//6594 6610//6610 6611//6611
f 6594//6594 6611//6611 6595//6595
f 6595//6595 6611//6611 6612//6612
f 6595//6595 6612//6612 6596//6596
f 6596//6596 6612//6612 6613//6613
f 6596//6596 6613//6613 6597//6597
f 6597//6597 6613//6613 6614//6614
f 6597//6597 6614//6614 6598//6598
f 6598//6598 6614//6614 6615//6615
f 6598//6598 6615//6615 6599//6599
f 6599//6599 6615//6615 6616//6616
f 6599//6599 6616//6616 6600//6600
f 6600//6600 6616//6616 6617//6617
f 6600//6600 6617//6617 6601//6601
f 6601//6601 6617//6617 6618//6618
f 6601//6601 6618//6618 6602//6602
f 6602//6602 6618//6618 6619//6619
f 6602//6602 6619//6619 6603//6603
f 6603//6603 6619//6619 6604//6604
f 6603//6603 6604//6604 6588//6588
f 6588//6588 6604//6604 5286//5286
f 6588//6588 5286//5286 5284//5284
f 6620//6620 5290//5290 5289//5289
f 6032//6032 6034//6034 6041//6041
f 6041//6041 6034//6034 6621//6621
f 6041//6041 6621//6621 6605//6605
f 6605//6605 6621//6621 6622//6622
f 6605//6605 6622//6622 6606//6606
f 6606//6606 6622//6622 6623//6623
f 6606//6606 6623//6623 6607//6607
f 6607//6607 6623//6623 6624//6624
f 6607//6607 6624//6624 6608//6608
f 6608//6608 6624//6624 6625//6625
f 6608//6608 6625//6625 6609//6609
f 6609//6609 6625//6625 6626//6626
f 6609//6609 6626//6626 6610//6610
f 6610//6610 6626//6626 6627//6627
f 6610//6610 6627//6627 6611//6611
f 6611//6611 6627//6627 6628//6628
f 6611//6611 6628//6628 6612//6612
f 6612//6612 6628//6628 6629//6629
f 6612//6612 6629//6629 6613//6613
f 6613//6613 6629//6629 6630//6630
f 6613//6613 6630//6630 6614//6614
f 6614//6614 6630//6630 6631//6631
f 6614//6614 6631//6631 6615//6615
f 6615//6615 6631//6631 6632//6632
f 6615//6615 6632//6632 6616//6616
f 6616//6616 6632//6632 6633//6633
f 6616//6616 6633//6633 6617//6617
f 6617//6617 6633//6633 6634//6634
f 6617//6617 6634//6634 6618//6618
f 6618//6618 6634//6634 6635//6635
f 6618//6618 6635//6635 6619//6619
f 6619//6619 6635//6635 6620//6620
f 6619//6619 6620//6620 6604//6604
f 6604//6604 6620//6620 5289//5289
f 6604//6604 5289//5289 5287//5287
f 6636//6636 5293//5293 5292//5292
f 6033//6033 6043//6043 6034//6034
f 6034//6034 6043//6043 6637//6637
f 6034//6034 6637//6637 6621//6621
f 6621//6621 6637//6637 6638//6638
f 6621//6621 6638//6638 6622//6622
f 6622//6622 6638//6638 6639//6639
f 6622//6622 6639//6639 6623//6623
f 6623//6623 6639//6639 6640//6640
f 6623//6623 6640//6640 6624//6624
f 6624//6624 6640//6640 6641//6641
f 6624//6624 6641//6641 6625//6625
f 6625//6625 6641//6641 6642//6642
f 6625//6625 6642//6642 6626//6626
f 6626//6626 6642//6642 6643//6643
f 6626//6626 6643//6643 6627//6627
f 6627//6627 6643//6643 6644//6644
f 6627//6627 6644//6644 6628//6628
f 6628//6628 6644//6644 6645//6645
f 6628//6628 6645//6645 6629//6629
f 6629//6629 6645//6645 6646//6646
f 6629//6629 6646//6646 6630//6630
f 6630//6630 6646//6646 6647//6647
f 6630//6630 6647//6647 6631//6631
f 6631//6631 6647//6647 6648//6648
f 6631//6631 6648//6648 6632//6632
f 6632//6632 6648//6648 6649//6649
f 6632//6632 6649//6649 6633//6633
f 6633//6633 6649//6649 6650//6650
f 6633//6633 6650//6650 6634//6634
f 6634//6634 6650//6650 6651//6651
f 6634//6634 6651//6651 6635//6635
f 6635//6635 6651//6651 6636//6636
f 6635//6635 6636//6636 6620//6620
f 6620//6620 6636//6636 5292//5292
f 6620//6620 5292//5292 5290//5290
f 5298//5298 5296//5296 6652//6652
f 6652//6652 5296//5296 5295//5295
f 6031//6031 6028//6028 6043//6043
f 6043//6043 6028//6028 6653//6653
f 6043//6043 6653//6653 6637//6637
f 6637//6637 6653//6653 6654//6654
f 6637//6637 6654//6654 6638//6638
f 6638//6638 6654//6654 6655//6655
f 6638//6638 6655//6655 6639//6639
f 6639//6639 6655//6655 6656//6656
f 6639//6639 6656//6656 6640//6640
f 6640//6640 6656//6656 6657//6657
f 6640//6640 6657//6657 6641//6641
f 6641//6641 6657//6657 6658//6658
f 6641//6641 6658//6658 6642//6642
f 6642//6642 6658//6658 6659//6659
f 6642//6642 6659//6659 6643//6643
f 6643//6643 6659//6659 6660//6660
f 6643//6643 6660//6660 6644//6644
f 6644//6644 6660//6660 6661//6661
f 6644//6644 6661//6661 6645//6645
f 6645//6645 6661//6661 6662//6662
f 6645//6645 6662//6662 6646//6646
f 6646//6646 6662//6662 6663//6663
f 6646//6646 6663//6663 6647//6647
f 6647//6647 6663//6663 6664//6664
f 6647//6647 6664//6664 6648//6648
f 6648//6648 6664//6664 6665//6665
f 6648//6648 6665//6665 6649//6649
f 6649//6649 6665//6665 6666//6666
f 6649//6649 6666//6666 6650//6650
f 6650//6650 6666//6666 6667//6667
f 6650//6650 6667//6667 6651//6651
f 6651//6651 6667//6667 6652//6652
f 6651//6651 6652//6652 6636//6636
f 6636//6636 6652//6652 5295//5295
f 6636//6636 5295//5295 5293//5293
f 6030//6030 6045//6045 6028//6028
f 6028//6028 6045//6045 6668//6668
f 6028//6028 6668//6668 6653//6653
f 6653//6653 6668//6668 6669//6669
f 6653//6653 6669//6669 6654//6654
f 6654//6654 6669//6669 6670//6670
f 6654//6654 6670//6670 6655//6655
f 6655//6655 6670//6670 6671//6671
f 6655//6655 6671//6671 6656//6656
f 6656//6656 6671//6671 6672//6672
f 6656//6656 6672//6672 6657//6657
f 6657//6657 6672//6672 6673//6673
f 6657//6657 6673//6673 6658//6658
f 6658//6658 6673//6673 6674//6674
f 6658//6658 6674//6674 6659//6659
f 6659//6659 6674//6674 6675//6675
f 6659//6659 6675//6675 6660//6660
f 6660//6660 6675//6675 6676//6676
f 6660//6660 6676//6676 6661//6661
f 6661//6661 6676//6676 6677//6677
f 6661//6661 6677//6677 6662//6662
f 6662//6662 6677//6677 6678//6678
f 6662//6662 6678//6678 6663//6663
f 6663//6663 6678//6678 6679//6679
f 6663//6663 6679//6679 6664//6664
f 6664//6664 6679//6679 6680//6680
f 6664//6664 6680//6680 6665//6665
f 6665//6665 6680//6680 6681//6681
f 6665//6665 6681//6681 6666//6666
f 6666//6666 6681//6681 6682//6682
f 6666//6666 6682//6682 6667//6667
f 6667//6667 6682//6682 5963//5963
f 6667//6667 5963//5963 6652//6652
f 6652//6652 5963//5963 5299//5299
f 6652//6652 5299//5299 5298//5298
f 6046//6046 6048//6048 6045//6045
f 6045//6045 6048//6048 6683//6683
f 6045//6045 6683//6683 6668//6668
f 6668//6668 6683//6683 6684//6684
f 6668//6668 6684//6684 6669//6669
f 6669//6669 6684//6684 6685//6685
f 6669//6669 6685//6685 6670//6670
f 6670//6670 6685//6685 6686//6686
f 6670//6670 6686//6686 6671//6671
f 6671//6671 6686//6686 6687//6687
f 6671//6671 6687//6687 6672//6672
f 6672//6672 6687//6687 6688//6688
f 6672//6672 6688//6688 6673//6673
f 6673//6673 6688//6688 6689//6689
f 6673//6673 6689//6689 6674//6674
f 6674//6674 6689//6689 6690//6690
f 6674//6674 6690//6690 6675//6675
f 6675//6675 6690//6690 6691//6691
f 6675//6675 6691//6691 6676//6676
f 6676//6676 6691//6691 6692//6692
f 6676//6676 6692//6692 6677//6677
f 6677//6677 6692//6692 6693//6693
f 6677//6677 6693//6693 6678//6678
f 6678//6678 6693//6693 6694//6694
f 6678//6678 6694//6694 6679//6679
f 6679//6679 6694//6694 6695//6695
f 6679//6679 6695//6695 6680//6680
f 6680//6680 6695//6695 6696//6696
f 6680//6680 6696//6696 6681//6681
f 6681//6681 6696//6696 6697//6697
f 6681//6681 6697//6697 6682//6682
f 6682//6682 6697//6697 5962//5962
f 6682//6682 5962//5962 5963//5963
f 5963//5963 5962//5962 5302//5302
f 5963//5963 5302//5302 5301//5301
f 6025//6025 6027//6027 6048//6048
f 6048//6048 6027//6027 6698//6698
f 6048//6048 6698//6698 6683//6683
f 6683//6683 6698//6698 6699//6699
f 6683//6683 6699//6699 6684//6684
f 6684//6684 6699//6699 6700//6700
f 6684//6684 6700//6700 6685//6685
f 6685//6685 6700//6700 6701//6701
f 6685//6685 6701//6701 6686//6686
f 6686//6686 6701//6701 6702//6702
f 6686//6686 6702//6702 6687//6687
f 6687//6687 6702//6702 6703//6703
f 6687//6687 6703//6703 6688//6688
f 6688//6688 6703//6703 6704//6704
f 6688//6688 6704//6704 6689//6689
f 6689//6689 6704//6704 6705//6705
f 6689//6689 6705//6705 6690//6690
f 6690//6690 6705//6705 6706//6706
f 6690//6690 6706//6706 6691//6691
f 6691//6691 6706//6706 6707//6707
f 6691//6691 6707//6707 6692//6692
f 6692//6692 6707//6707 6708//6708
f 6692//6692 6708//6708 6693//6693
f 6693//6693 6708//6708 6709//6709
f 6693//6693 6709//6709 6694//6694
f 6694//6694 6709//6709 6710//6710
f 6694//6694 6710//6710 6695//6695
f 6695//6695 6710//6710 6711//6711
f 6695//6695 6711//6711 6696//6696
f 6696//6696 6711//6711 6712//6712
f 6696//6696 6712//6712 6697//6697
f 6697//6697 6712//6712 5961//5961
f 6697//6697 5961//5961 5962//5962
f 5962//5962 5961//5961 5305//5305
f 5962//5962 5305//5305 5304//5304
f 6713//6713 5310//5310 5309//5309
f 6026//6026 6050//6050 6027//6027
f 6027//6027 6050//6050 6714//6714
f 6027//6027 6714//6714 6698//6698
f 6698//6698 6714//6714 6715//6715
f 6698//6698 6715//6715 6699//6699
f 6699//6699 6715//6715 6716//6716
f 6699//6699 6716//6716 6700//6700
f 6700//6700 6716//6716 6717//6717
f 6700//6700 6717//6717 6701//6701
f 6701//6701 6717//6717 6718//6718
f 6701//6701 6718//6718 6702//6702
f 6702//6702 6718//6718 6719//6719
f 6702//6702 6719//6719 6703//6703
f 6703//6703 6719//6719 6720//6720
f 6703//6703 6720//6720 6704//6704
f 6704//6704 6720//6720 6721//6721
f 6704//6704 6721//6721 6705//6705
f 6705//6705 6721//6721 6722//6722
f 6705//6705 6722//6722 6706//6706
f 6706//6706 6722//6722 6723//6723
f 6706//6706 6723//6723 6707//6707
f 6707//6707 6723//6723 6724//6724
f 6707//6707 6724//6724 6708//6708
f 6708//6708 6724//6724 6725//6725
f 6708//6708 6725//6725 6709//6709
f 6709//6709 6725//6725 6726//6726
f 6709//6709 6726//6726 6710//6710
f 6710//6710 6726//6726 6727//6727
f 6710//6710 6727//6727 6711//6711
f 6711//6711 6727//6727 6728//6728
f 6711//6711 6728//6728 6712//6712
f 6712//6712 6728//6728 6713//6713
f 6712//6712 6713//6713 5961//5961
f 5961//5961 6713//6713 5309//5309
f 5961//5961 5309//5309 5307//5307
f 6729//6729 5313//5313 5312//5312
f 6024//6024 6021//6021 6050//6050
f 6050//6050 6021//6021 6730//6730
f 6050//6050 6730//6730 6714//6714
f 6714//6714 6730//6730 6731//6731
f 6714//6714 6731//6731 6715//6715
f 6715//6715 6731//6731 6732//6732
f 6715//6715 6732//6732 6716//6716
f 6716//6716 6732//6732 6733//6733
f 6716//6716 6733//6733 6717//6717
f 6717//6717 6733//6733 6734//6734
f 6717//6717 6734//6734 6718//6718
f 6718//6718 6734//6734 6735//6735
f 6718//6718 6735//6735 6719//6719
f 6719//6719 6735//6735 6736//6736
f 6719//6719 6736//6736 6720//6720
f 6720//6720 6736//6736 6737//6737
f 6720//6720 6737//6737 6721//6721
f 6721//6721 6737//6737 6738//6738
f 6721//6721 6738//6738 6722//6722
f 6722//6722 6738//6738 6739//6739
f 6722//6722 6739//6739 6723//6723
f 6723//6723 6739//6739 6740//6740
f 6723//6723 6740//6740 6724//6724
f 6724//6724 6740//6740 6741//6741
f 6724//6724 6741//6741 6725//6725
f 6725//6725 6741//6741 6742//6742
f 6725//6725 6742//6742 6726//6726
f 6726//6726 6742//6742 6743//6743
f 6726//6726 6743//6743 6727//6727
f 6727//6727 6743//6743 6744//6744
f 6727//6727 6744//6744 6728//6728
f 6728//6728 6744//6744 6729//6729
f 6728//6728 6729//6729 6713//6713
f 6713//6713 6729//6729 5312//5312
f 6713//6713 5312//5312 5310//5310
f 6745//6745 5316//5316 5315//5315
f 6023//6023 6052//6052 6021//6021
f 6021//6021 6052//6052 6746//6746
f 6021//6021 6746//6746 6730//6730
f 6730//6730 6746//6746 6747//6747
f 6730//6730 6747//6747 6731//6731
f 6731//6731 6747//6747 6748//6748
f 6731//6731 6748//6748 6732//6732
f 6732//6732 6748//6748 6749//6749
f 6732//6732 6749//6749 6733//6733
f 6733//6733 6749//6749 6750//6750
f 6733//6733 6750//6750 6734//6734
f 6734//6734 6750//6750 6751//6751
f 6734//6734 6751//6751 6735//6735
f 6735//6735 6751//6751 6752//6752
f 6735//6735 6752//6752 6736//6736
f 6736//6736 6752//6752 6753//6753
f 6736//6736 6753//6753 6737//6737
f 6737//6737 6753//6753 6754//6754
f 6737//6737 6754//6754 6738//6738
f 6738//6738 6754//6754 6755//6755
f 6738//6738 6755//6755 6739//6739
f 6739//6739 6755//6755 6756//6756
f 6739//6739 6756//6756 6740//6740
f 6740//6740 6756//6756 6757//6757
f 6740//6740 6757//6757 6741//6741
f 6741//6741 6757//6757 6758//6758
f 6741//6741 6758//6758 6742//6742
f 6742//6742 6758//6758 6759//6759
f 6742//6742 6759//6759 6743//6743
f 6743//6743 6759//6759 6760//6760
f 6743//6743 6760//6760 6744//6744
f 6744//6744 6760//6760 6745//6745
f 6744//6744 6745//6745 6729//6729
f 6729//6729 6745//6745 5315//5315
f 6729//6729 5315//5315 5313//5313
f 5321//5321 5319//5319 6761//6761
f 6761//6761 5319//5319 5318//5318
f 6053//6053 6055//6055 6052//6052
f 6052//6052 6055//6055 6762//6762
f 6052//6052 6762//6762 6746//6746
f 6746//6746 6762//6762 6763//6763
f 6746//6746 6763//6763 6747//6747
f 6747//6747 6763//6763 6764//6764
f 6747//6747 6764//6764 6748//6748
f 6748//6748 6764//6764 6765//6765
f 6748//6748 6765//6765 6749//6749
f 6749//6749 6765//6765 6766//6766
f 6749//6749 6766//6766 6750//6750
f 6750//6750 6766//6766 6767//6767
f 6750//6750 6767//6767 6751//6751
f 6751//6751 6767//6767 6768//6768
f 6751//6751 6768//6768 6752//6752
f 6752//6752 6768//6768 6769//6769
f 6752//6752 6769//6769 6753//6753
f 6753//6753 6769//6769 6770//6770
f 6753//6753 6770//6770 6754//6754
f 6754//6754 6770//6770 6771//6771
f 6754//6754 6771//6771 6755//6755
f 6755//6755 6771//6771 6772//6772
f 6755//6755 6772//6772 6756//6756
f 6756//6756 6772//6772 6773//6773
f 6756//6756 6773//6773 6757//6757
f 6757//6757 6773//6773 6774//6774
f 6757//6757 6774//6774 6758//6758
f 6758//6758 6774//6774 6775//6775
f 6758//6758 6775//6775 6759//6759
f 6759//6759 6775//6775 6776//6776
f 6759//6759 6776//6776 6760//6760
f 6760//6760 6776//6776 6761//6761
f 6760//6760 6761//6761 6745//6745
f 6745//6745 6761//6761 5318//5318
f 6745//6745 5318//5318 5316//5316
f 6018//6018 6020//6020 6055//6055
f 6055//6055 6020//6020 6777//6777
f 6055//6055 6777//6777 6762//6762
f 6762//6762 6777//6777 6778//6778
f 6762//6762 6778//6778 6763//6763
f 6763//6763 6778//6778 6779//6779
f 6763//6763 6779//6779 6764//6764
f 6764//6764 6779//6779 6780//6780
f 6764//6764 6780//6780 6765//6765
f 6765//6765 6780//6780 6781//6781
f 6765//6765 6781//6781 6766//6766
f 6766//6766 6781//6781 6782//6782
f 6766//6766 6782//6782 6767//6767
f 6767//6767 6782//6782 6783//6783
f 6767//6767 6783//6783 6768//6768
f 6768//6768 6783//6783 6784//6784
f 6768//6768 6784//6784 6769//6769
f 6769//6769 6784//6784 6785//6785
f 6769//6769 6785//6785 6770//6770
f 6770//6770 6785//6785 6786//6786
f 6770//6770 6786//6786 6771//6771
f 6771//6771 6786//6786 6787//6787
f 6771//6771 6787//6787 6772//6772
f 6772//6772 6787//6787 6788//6788
f 6772//6772 6788//6788 6773//6773
f 6773//6773 6788//6788 6789//6789
f 6773//6773 6789//6789 6774//6774
f 6774//6774 6789//6789 6790//6790
f 6774//6774 6790//6790 6775//6775
f 6775//6775 6790//6790 6791//6791
f 6775//6775 6791//6791 6776//6776
f 6776//6776 6791//6791 5960//5960
f 6776//6776 5960//5960 6761//6761
f 6761//6761 5960//5960 5322//5322
f 6761//6761 5322//5322 5321//5321
f 6019//6019 6057//6057 6020//6020
f 6020//6020 6057//6057 6792//6792
f 6020//6020 6792//6792 6777//6777
f 6777//6777 6792//6792 6793//6793
f 6777//6777 6793//6793 6778//6778
f 6778//6778 6793//6793 6794//6794
f 6778//6778 6794//6794 6779//6779
f 6779//6779 6794//6794 6795//6795
f 6779//6779 6795//6795 6780//6780
f 6780//6780 6795//6795 6796//6796
f 6780//6780 6796//6796 6781//6781
f 6781//6781 6796//6796 6797//6797
f 6781//6781 6797//6797 6782//6782
f 6782//6782 6797//6797 6798//6798
f 6782//6782 6798//6798 6783//6783
f 6783//6783 6798//6798 6799//6799
f 6783//6783 6799//6799 6784//6784
f 6784//6784 6799//6799 6800//6800
f 6784//6784 6800//6800 6785//6785
f 6785//6785 6800//6800 6801//6801
f 6785//6785 6801//6801 6786//6786
f 6786//6786 6801//6801 6802//6802
f 6786//6786 6802//6802 6787//6787
f 6787//6787 6802//6802 6803//6803
f 6787//6787 6803//6803 6788//6788
f 6788//6788 6803//6803 6804//6804
f 6788//6788 6804//6804 6789//6789
f 6789//6789 6804//6804 6805//6805
f 6789//6789 6805//6805 6790//6790
f 6790//6790 6805//6805 6806//6806
f 6790//6790 6806//6806 6791//6791
f 6791//6791 6806//6806 5959//5959
f 6791//6791 5959//5959 5960//5960
f 5960//5960 5959//5959 5325//5325
f 5960//5960 5325//5325 5324//5324
f 6017//6017 6014//6014 6057//6057
f 6057//6057 6014//6014 6807//6807
f 6057//6057 6807//6807 6792//6792
f 6792//6792 6807//6807 6808//6808
f 6792//6792 6808//6808 6793//6793
f 6793//6793 6808//6808 6809//6809
f 6793//6793 6809//6809 6794//6794
f 6794//6794 6809//6809 6810//6810
f 6794//6794 6810//6810 6795//6795
f 6795//6795 6810//6810 6811//6811
f 6795//6795 6811//6811 6796//6796
f 6796//6796 6811//6811 6812//6812
f 6796//6796 6812//6812 6797//6797
f 6797//6797 6812//6812 6813//6813
f 6797//6797 6813//6813 6798//6798
f 6798//6798 6813//6813 6814//6814
f 6798//6798 6814//6814 6799//6799
f 6799//6799 6814//6814 6815//6815
f 6799//6799 6815//6815 6800//6800
f 6800//6800 6815//6815 6816//6816
f 6800//6800 6816//6816 6801//6801
f 6801//6801 6816//6816 6817//6817
f 6801//6801 6817//6817 6802//6802
f 6802//6802 6817//6817 6818//6818
f 6802//6802 6818//6818 6803//6803
f 6803//6803 6818//6818 6819//6819
f 6803//6803 6819//6819 6804//6804
f 6804//6804 6819//6819 6820//6820
f 6804//6804 6820//6820 6805//6805
f 6805//6805 6820//6820 6821//6821
f 6805//6805 6821//6821 6806//6806
f 6806//6806 6821//6821 5958//5958
f 6806//6806 5958//5958 5959//5959
f 5959//5959 5958//5958 5328//5328
f 5959//5959 5328//5328 5327//5327
f 6016//6016 6059//6059 6014//6014
f 6014//6014 6059//6059 6106//6106
f 6014//6014 6106//6106 6807//6807
f 6807//6807 6106//6106 6108//6108
f 6807//6807 6108//6108 6808//6808
f 6808//6808 6108//6108 6110//6110
f 6808//6808 6110//6110 6809//6809
f 6809//6809 6110//6110 6112//6112
f 6809//6809 6112//6112 6810//6810
f 6810//6810 6112//6112 6114//6114
f 6810//6810 6114//6114 6811//6811
f 6811//6811 6114//6114 6116//6116
f 6811//6811 6116//6116 6812//6812
f 6812//6812 6116//6116 6118//6118
f 6812//6812 6118//6118 6813//6813
f 6813//6813 6118//6118 6120//6120
f 6813//6813 6120//6120 6814//6814
f 6814//6814 6120//6120 6122//6122
f 6814//6814 6122//6122 6815//6815
f 6815//6815 6122//6122 6124//6124
f 6815//6815 6124//6124 6816//6816
f 6816//6816 6124//6124 6126//6126
f 6816//6816 6126//6126 6817//6817
f 6817//6817 6126//6126 6128//6128
f 6817//6817 6128//6128 6818//6818
f 6818//6818 6128//6128 6130//6130
f 6818//6818 6130//6130 6819//6819
f 6819//6819 6130//6130 6132//6132
f 6819//6819 6132//6132 6820//6820
f 6820//6820 6132//6132 6134//6134
f 6820//6820 6134//6134 6821//6821
f 6821//6821 6134//6134 6135//6135
f 6821//6821 6135//6135 5958//5958
f 5958//5958 6135//6135 5332//5332
f 5958//5958 5332//5332 5330//5330
f 6051//6051 6822//6822 6024//6024
f 6024//6024 6822//6822 6823//6823
f 6024//6024 6823//6823 6022//6022
f 6033//6033 6824//6824 6042//6042
f 6042//6042 6824//6824 6825//6825
f 6042//6042 6825//6825 6044//6044
f 6044//6044 6825//6825 6826//6826
f 6044//6044 6826//6826 6031//6031
f 6031//6031 6826//6826 6827//6827
f 6031//6031 6827//6827 6029//6029
f 6029//6029 6827//6827 6828//6828
f 6029//6029 6828//6828 6030//6030
f 6030//6030 6828//6828 6829//6829
f 6030//6030 6829//6829 6046//6046
f 6046//6046 6829//6829 6830//6830
f 6046//6046 6830//6830 6047//6047
f 6047//6047 6830//6830 6831//6831
f 6047//6047 6831//6831 6025//6025
f 6025//6025 6831//6831 6832//6832
f 6025//6025 6832//6832 6026//6026
f 6026//6026 6832//6832 6833//6833
f 6026//6026 6833//6833 6049//6049
f 6049//6049 6833//6833 6834//6834
f 6049//6049 6834//6834 6051//6051
f 6051//6051 6834//6834 6835//6835
f 6051//6051 6835//6835 6822//6822
f 6022//6022 6823//6823 6023//6023
f 6023//6023 6823//6823 6836//6836
f 6023//6023 6836//6836 6053//6053
f 6053//6053 6836//6836 6837//6837
f 6053//6053 6837//6837 6054//6054
f 6054//6054 6837//6837 6838//6838
f 6054//6054 6838//6838 6018//6018
f 6018//6018 6838//6838 6839//6839
f 6018//6018 6839//6839 6019//6019
f 6839//6839 6840//6840 6019//6019
f 6019//6019 6840//6840 6841//6841
f 6019//6019 6841//6841 6056//6056
f 6056//6056 6841//6841 6842//6842
f 6056//6056 6842//6842 6058//6058
f 6058//6058 6842//6842 6843//6843
f 6058//6058 6843//6843 6017//6017
f 6017//6017 6843//6843 6844//6844
f 6017//6017 6844//6844 6015//6015
f 6015//6015 6844//6844 6845//6845
f 6015//6015 6845//6845 6016//6016
f 6016//6016 6845//6845 6846//6846
f 6016//6016 6846//6846 6060//6060
f 6060//6060 6846//6846 6847//6847
f 6060//6060 6847//6847 6061//6061
f 6061//6061 6847//6847 6848//6848
f 6061//6061 6848//6848 6011//6011
f 6011//6011 6848//6848 6849//6849
f 6011//6011 6849//6849 6012//6012
f 6012//6012 6849//6849 6850//6850
f 6012//6012 6850//6850 6063//6063
f 6063//6063 6850//6850 6851//6851
f 6063//6063 6851//6851 6065//6065
f 6851//6851 6852//6852 6065//6065
f 6065//6065 6852//6852 6853//6853
f 6065//6065 6853//6853 6010//6010
f 6010//6010 6853//6853 6854//6854
f 6010//6010 6854//6854 6008//6008
f 6008//6008 6854//6854 6855//6855
f 6008//6008 6855//6855 6009//6009
f 6009//6009 6855//6855 6856//6856
f 6009//6009 6856//6856 6067//6067
f 6067//6067 6856//6856 6068//6068
f 6068//6068 6856//6856 6857//6857
f 6068//6068 6857//6857 6004//6004
f 6857//6857 6858//6858 6004//6004
f 6004//6004 6858//6858 6859//6859
f 6004//6004 6859//6859 6005//6005
f 6005//6005 6859//6859 6860//6860
f 6005//6005 6860//6860 6070//6070
f 6070//6070 6860//6860 6861//6861
f 6070//6070 6861//6861 6072//6072
f 6072//6072 6861//6861 6862//6862
f 6072//6072 6862//6862 6003//6003
f 6003//6003 6862//6862 6863//6863
f 6003//6003 6863//6863 6001//6001
f 6001//6001 6863//6863 6864//6864
f 6001//6001 6864//6864 6002//6002
f 6002//6002 6864//6864 6865//6865
f 6002//6002 6865//6865 6074//6074
f 6074//6074 6865//6865 6866//6866
f 6074//6074 6866//6866 6075//6075
f 6075//6075 6866//6866 6867//6867
f 6075//6075 6867//6867 5997//5997
f 5997//5997 6867//6867 6868//6868
f 5997//5997 6868//6868 5998//5998
f 5998//5998 6868//6868 6869//6869
f 5998//5998 6869//6869 5994//5994
f 5994//5994 6869//6869 6870//6870
f 5994//5994 6870//6870 5995//5995
f 6870//6870 6871//6871 5995//5995
f 5995//5995 6871//6871 6872//6872
f 5995//5995 6872//6872 6077//6077
f 6077//6077 6872//6872 6873//6873
f 6077//6077 6873//6873 6079//6079
f 6079//6079 6873//6873 6874//6874
f 6079//6079 6874//6874 6080//6080
f 6080//6080 6874//6874 6875//6875
f 6080//6080 6875//6875 6082//6082
f 6082//6082 6875//6875 6876//6876
f 6082//6082 6876//6876 6083//6083
f 6083//6083 6876//6876 6877//6877
f 6083//6083 6877//6877 5991//5991
f 5991//5991 6877//6877 6878//6878
f 5991//5991 6878//6878 5992//5992
f 5992//5992 6878//6878 6879//6879
f 5992//5992 6879//6879 5988//5988
f 5988//5988 6879//6879 6880//6880
f 5988//5988 6880//6880 5989//5989
f 5989//5989 6880//6880 6881//6881
f 5989//5989 6881//6881 6085//6085
f 6085//6085 6881//6881 6882//6882
f 6085//6085 6882//6882 6087//6087
f 6087//6087 6882//6882 6883//6883
f 6087//6087 6883//6883 6088//6088
f 6088//6088 6883//6883 6884//6884
f 6088//6088 6884//6884 6090//6090
f 6090//6090 6884//6884 6885//6885
f 6090//6090 6885//6885 6091//6091
f 6091//6091 6885//6885 6886//6886
f 6091//6091 6886//6886 5985//5985
f 5985//5985 6886//6886 6887//6887
f 5985//5985 6887//6887 5986//5986
f 5986//5986 6887//6887 6888//6888
f 5986//5986 6888//6888 5982//5982
f 5982//5982 6888//6888 6889//6889
f 5982//5982 6889//6889 5983//5983
f 6096//6096 6890//6890 6891//6891
f 6096//6096 6891//6891 6098//6098
f 6889//6889 6892//6892 5983//5983
f 5983//5983 6892//6892 6893//6893
f 5983//5983 6893//6893 6093//6093
f 6093//6093 6893//6893 6890//6890
f 6093//6093 6890//6890 6095//6095
f 6095//6095 6890//6890 6096//6096
f 6891//6891 6894//6894 6098//6098
f 6098//6098 6894//6894 6895//6895
f 6098//6098 6895//6895 6099//6099
f 6099//6099 6895//6895 6896//6896
f 6099//6099 6896//6896 5979//5979
f 5979//5979 6896//6896 6897//6897
f 5979//5979 6897//6897 5980//5980
f 5980//5980 6897//6897 6898//6898
f 5980//5980 6898//6898 5976//5976
f 5976//5976 6898//6898 6899//6899
f 5976//5976 6899//6899 5977//5977
f 5977//5977 6899//6899 6900//6900
f 5977//5977 6900//6900 6101//6101
f 6101//6101 6900//6900 6901//6901
f 6101//6101 6901//6901 6103//6103
f 6103//6103 6901//6901 6902//6902
f 6103//6103 6902//6902 6036//6036
f 6036//6036 6902//6902 6903//6903
f 6036//6036 6903//6903 6037//6037
f 6037//6037 6903//6903 6904//6904
f 6037//6037 6904//6904 6039//6039
f 6039//6039 6904//6904 6905//6905
f 6039//6039 6905//6905 6040//6040
f 6040//6040 6905//6905 6906//6906
f 6040//6040 6906//6906 6032//6032
f 6032//6032 6906//6906 6907//6907
f 6032//6032 6907//6907 6033//6033
f 6033//6033 6907//6907 6908//6908
f 6033//6033 6908//6908 6824//6824
f 6909//6909 6910//6910 6911//6911
f 6911//6911 6910//6910 6912//6912
f 6911//6911 6912//6912 6913//6913
f 6914//6914 6915//6915 6911//6911
f 6911//6911 6915//6915 6916//6916
f 6911//6911 6916//6916 6909//6909
f 6917//6917 6918//6918 6911//6911
f 6911//6911 6918//6918 6919//6919
f 6911//6911 6919//6919 6914//6914
f 6920//6920 6921//6921 6911//6911
f 6911//6911 6921//6921 6922//6922
f 6911//6911 6922//6922 6917//6917
f 6923//6923 6924//6924 6911//6911
f 6911//6911 6924//6924 6925//6925
f 6911//6911 6925//6925 6920//6920
f 6926//6926 6927//6927 6911//6911
f 6911//6911 6927//6927 6928//6928
f 6911//6911 6928//6928 6923//6923
f 6929//6929 6930//6930 6911//6911
f 6911//6911 6930//6930 6931//6931
f 6911//6911 6931//6931 6926//6926
f 6932//6932 6933//6933 6911//6911
f 6911//6911 6933//6933 6934//6934
f 6911//6911 6934//6934 6929//6929
f 6935//6935 6936//6936 6911//6911
f 6911//6911 6936//6936 6937//6937
f 6911//6911 6937//6937 6932//6932
f 6938//6938 6939//6939 6911//6911
f 6911//6911 6939//6939 6940//6940
f 6911//6911 6940//6940 6935//6935
f 6941//6941 6942//6942 6911//6911
f 6911//6911 6942//6942 6943//6943
f 6911//6911 6943//6943 6938//6938
f 6944//6944 6945//6945 6911//6911
f 6911//6911 6945//6945 6946//6946
f 6911//6911 6946//6946 6941//6941
f 6947//6947 6948//6948 6911//6911
f 6911//6911 6948//6948 6949//6949
f 6911//6911 6949//6949 6944//6944
f 6913//6913 6950//6950 6911//6911
f 6911//6911 6950//6950 6951//6951
f 6911//6911 6951//6951 6947//6947
f 2938//2938 6910//6910 2940//2940
f 2940//2940 6910//6910 6909//6909
f 2940//2940 6909//6909 2871//2871
f 2871//2871 6909//6909 6916//6916
f 2871//2871 6916//6916 2944//2944
f 2944//2944 6916//6916 6915//6915
f 2944//2944 6915//6915 2946//2946
f 2946//2946 6915//6915 6914//6914
f 2946//2946 6914//6914 2947//2947
f 2947//2947 6914//6914 6919//6919
f 2947//2947 6919//6919 2954//2954
f 2954//2954 6919//6919 6918//6918
f 2954//2954 6918//6918 2958//2958
f 2958//2958 6918//6918 6917//6917
f 2958//2958 6917//6917 2960//2960
f 2960//2960 6917//6917 6922//6922
f 2960//2960 6922//6922 2868//2868
f 2868//2868 6922//6922 6921//6921
f 2868//2868 6921//6921 2964//2964
f 2964//2964 6921//6921 6920//6920
f 2964//2964 6920//6920 2966//2966
f 2966//2966 6920//6920 6925//6925
f 2966//2966 6925//6925 2967//2967
f 2967//2967 6925//6925 6924//6924
f 2967//2967 6924//6924 2974//2974
f 2974//2974 6924//6924 6923//6923
f 2974//2974 6923//6923 2978//2978
f 2978//2978 6923//6923 6928//6928
f 2978//2978 6928//6928 2980//2980
f 2980//2980 6928//6928 6927//6927
f 2980//2980 6927//6927 2865//2865
f 2865//2865 6927//6927 6926//6926
f 2865//2865 6926//6926 2984//2984
f 2984//2984 6926//6926 6931//6931
f 2984//2984 6931//6931 2987//2987
f 2987//2987 6931//6931 6930//6930
f 2987//2987 6930//6930 2989//2989
f 2989//2989 6930//6930 6929//6929
f 2989//2989 6929//6929 2994//2994
f 2994//2994 6929//6929 6934//6934
f 2994//2994 6934//6934 2998//2998
f 2998//2998 6934//6934 6933//6933
f 2998//2998 6933//6933 2879//2879
f 2879//2879 6933//6933 6932//6932
f 2879//2879 6932//6932 2881//2881
f 2881//2881 6932//6932 6937//6937
f 2881//2881 6937//6937 2884//2884
f 2884//2884 6937//6937 6936//6936
f 2884//2884 6936//6936 2887//2887
f 2887//2887 6936//6936 6935//6935
f 2887//2887 6935//6935 2889//2889
f 2889//2889 6935//6935 6940//6940
f 2889//2889 6940//6940 2894//2894
f 2894//2894 6940//6940 6939//6939
f 2894//2894 6939//6939 2898//2898
f 2898//2898 6939//6939 6938//6938
f 2898//2898 6938//6938 2900//2900
f 2900//2900 6938//6938 6943//6943
f 2900//2900 6943//6943 2877//2877
f 2877//2877 6943//6943 6942//6942
f 2877//2877 6942//6942 2904//2904
f 2904//2904 6942//6942 6941//6941
f 2904//2904 6941//6941 2906//2906
f 2906//2906 6941//6941 6946//6946
f 2906//2906 6946//6946 2907//2907
f 2907//2907 6946//6946 6945//6945
f 2907//2907 6945//6945 2914//2914
f 2914//2914 6945//6945 6944//6944
f 2914//2914 6944//6944 2918//2918
f 2918//2918 6944//6944 6949//6949
f 2918//2918 6949//6949 2920//2920
f 2920//2920 6949//6949 6948//6948
f 2920//2920 6948//6948 2874//2874
f 2874//2874 6948//6948 6947//6947
f 2874//2874 6947//6947 2924//2924
f 2924//2924 6947//6947 6951//6951
f 2924//2924 6951//6951 2926//2926
f 2926//2926 6951//6951 6950//6950
f 2926//2926 6950//6950 2927//2927
f 2927//2927 6950//6950 6913//6913
f 2927//2927 6913//6913 2934//2934
f 2934//2934 6913//6913 6912//6912
f 2934//2934 6912//6912 2938//2938
f 2938//2938 6912//6912 6910//6910
f 6952//6952 6953//6953 6954//6954
f 6955//6955 6956//6956 6954//6954
f 6954//6954 6956//6956 6957//6957
f 6954//6954 6957//6957 6952//6952
f 6957//6957 6958//6958 6952//6952
f 6952//6952 6958//6958 6959//6959
f 6952//6952 6959//6959 6960//6960
f 6960//6960 6959//6959 6961//6961
f 6959//6959 6962//6962 6961//6961
f 6961//6961 6962//6962 6963//6963
f 6961//6961 6963//6963 6964//6964
f 6964//6964 6963//6963 6965//6965
f 6964//6964 6965//6965 6966//6966
f 6965//6965 6967//6967 6966//6966
f 6966//6966 6967//6967 6968//6968
f 6966//6966 6968//6968 6969//6969
f 6969//6969 6968//6968 6970//6970
f 6969//6969 6970//6970 6971//6971
f 6970//6970 6972//6972 6971//6971
f 6971//6971 6972//6972 6973//6973
f 6971//6971 6973//6973 6974//6974
f 6974//6974 6973//6973 6975//6975
f 6974//6974 6975//6975 6976//6976
f 6976//6976 6975//6975 6977//6977
f 6976//6976 6977//6977 6978//6978
f 6978//6978 6977//6977 6979//6979
f 6978//6978 6979//6979 6980//6980
f 6981//6981 6982//6982 6983//6983
f 6984//6984 6978//6978 6985//6985
f 6985//6985 6978//6978 6980//6980
f 6985//6985 6980//6980 6983//6983
f 6983//6983 6980//6980 6986//6986
f 6983//6983 6986//6986 6981//6981
f 6981//6981 6986//6986 6987//6987
f 6981//6981 6987//6987 6988//6988
f 6987//6987 6989//6989 6988//6988
f 6988//6988 6989//6989 6990//6990
f 6988//6988 6990//6990 6991//6991
f 6991//6991 6990//6990 6992//6992
f 6990//6990 6993//6993 6992//6992
f 6992//6992 6993//6993 6994//6994
f 6992//6992 6994//6994 6995//6995
f 6995//6995 6994//6994 6996//6996
f 6994//6994 6997//6997 6996//6996
f 6996//6996 6997//6997 6998//6998
f 6996//6996 6998//6998 6999//6999
f 6999//6999 6998//6998 7000//7000
f 6999//6999 7000//7000 7001//7001
f 7002//7002 7003//7003 7004//7004
f 7004//7004 7003//7003 7005//7005
f 7004//7004 7005//7005 7001//7001
f 7001//7001 7005//7005 7006//7006
f 7001//7001 7006//7006 6999//6999
f 7002//7002 7007//7007 7003//7003
f 7003//7003 7007//7007 7008//7008
f 7003//7003 7008//7008 7009//7009
f 7009//7009 7008//7008 7010//7010
f 7010//7010 7008//7008 7011//7011
f 7010//7010 7011//7011 7012//7012
f 7012//7012 7011//7011 7013//7013
f 7012//7012 7013//7013 7014//7014
f 7014//7014 7013//7013 7015//7015
f 7014//7014 7015//7015 7016//7016
f 7016//7016 7015//7015 7017//7017
f 7016//7016 7017//7017 7018//7018
f 7018//7018 7017//7017 7019//7019
f 7018//7018 7019//7019 7020//7020
f 7020//7020 7019//7019 7021//7021
f 7020//7020 7021//7021 7022//7022
f 7023//7023 7024//7024 7025//7025
f 7021//7021 7026//7026 7022//7022
f 7022//7022 7026//7026 7027//7027
f 7022//7022 7027//7027 7025//7025
f 7025//7025 7027//7027 7028//7028
f 7025//7025 7028//7028 7023//7023
f 7024//7024 7023//7023 7029//7029
f 7029//7029 7023//7023 7030//7030
f 7029//7029 7030//7030 7031//7031
f 7031//7031 7030//7030 7032//7032
f 7031//7031 7032//7032 7033//7033
f 7032//7032 7034//7034 7033//7033
f 7033//7033 7034//7034 7035//7035
f 7033//7033 7035//7035 7036//7036
f 7037//7037 7038//7038 7039//7039
f 7039//7039 7038//7038 7040//7040
f 7039//7039 7040//7040 7035//7035
f 7035//7035 7040//7040 7041//7041
f 7035//7035 7041//7041 7036//7036
f 7039//7039 7042//7042 7037//7037
f 7037//7037 7042//7042 7043//7043
f 7037//7037 7043//7043 7044//7044
f 7044//7044 7043//7043 7045//7045
f 7044//7044 7045//7045 7046//7046
f 7046//7046 7045//7045 7047//7047
f 7046//7046 7047//7047 7048//7048
f 7048//7048 7047//7047 7049//7049
f 7048//7048 7049//7049 7050//7050
f 7049//7049 7051//7051 7050//7050
f 7050//7050 7051//7051 7052//7052
f 7050//7050 7052//7052 7053//7053
f 7054//7054 7055//7055 7056//7056
f 7052//7052 7057//7057 7053//7053
f 7053//7053 7057//7057 7058//7058
f 7053//7053 7058//7058 7059//7059
f 7059//7059 7058//7058 7060//7060
f 7059//7059 7060//7060 7061//7061
f 7061//7061 7060//7060 7062//7062
f 7061//7061 7062//7062 7063//7063
f 7063//7063 7062//7062 7064//7064
f 7063//7063 7064//7064 7065//7065
f 7065//7065 7064//7064 7066//7066
f 7065//7065 7066//7066 7067//7067
f 7067//7067 7066//7066 7068//7068
f 7067//7067 7068//7068 7069//7069
f 7069//7069 7068//7068 7070//7070
f 7069//7069 7070//7070 7056//7056
f 7056//7056 7070//7070 7071//7071
f 7056//7056 7071//7071 7054//7054
f 7054//7054 7071//7071 7072//7072
f 7054//7054 7072//7072 7073//7073
f 7073//7073 7072//7072 7074//7074
f 7073//7073 7074//7074 7075//7075
f 7075//7075 7074//7074 7076//7076
f 7075//7075 7076//7076 7077//7077
f 7077//7077 7076//7076 7078//7078
f 7077//7077 7078//7078 7079//7079
f 7079//7079 7078//7078 7080//7080
f 7079//7079 7080//7080 7081//7081
f 7080//7080 7082//7082 7081//7081
f 7081//7081 7082//7082 7083//7083
f 7081//7081 7083//7083 7084//7084
f 7084//7084 7083//7083 7085//7085
f 7084//7084 7085//7085 7086//7086
f 7086//7086 7085//7085 7087//7087
f 7086//7086 7087//7087 7088//7088
f 7088//7088 7087//7087 7089//7089
f 7088//7088 7089//7089 7090//7090
f 7090//7090 7089//7089 7091//7091
f 7090//7090 7091//7091 7092//7092
f 7092//7092 7091//7091 7093//7093
f 7092//7092 7093//7093 7094//7094
f 7094//7094 7093//7093 7095//7095
f 7094//7094 7095//7095 7096//7096
f 7096//7096 7095//7095 7097//7097
f 7096//7096 7097//7097 7098//7098
f 7097//7097 7099//7099 7098//7098
f 7098//7098 7099//7099 7100//7100
f 7098//7098 7100//7100 7101//7101
f 7101//7101 7100//7100 7102//7102
f 7101//7101 7102//7102 7103//7103
f 7103//7103 7102//7102 7104//7104
f 7103//7103 7104//7104 7105//7105
f 7105//7105 7104//7104 7106//7106
f 7105//7105 7106//7106 7107//7107
f 7106//7106 7108//7108 7107//7107
f 7107//7107 7108//7108 7109//7109
f 7107//7107 7109//7109 7110//7110
f 7110//7110 7109//7109 7111//7111
f 7110//7110 7111//7111 7112//7112
f 7112//7112 7111//7111 7113//7113
f 7112//7112 7113//7113 7114//7114
f 7114//7114 7113//7113 7115//7115
f 7114//7114 7115//7115 7116//7116
f 7116//7116 7115//7115 7117//7117
f 7116//7116 7117//7117 7118//7118
f 6955//6955 7119//7119 6956//6956
f 6956//6956 7119//7119 7118//7118
f 6956//6956 7118//7118 7120//7120
f 7120//7120 7118//7118 7117//7117
f 7121//7121 7122//7122 7123//7123
f 7122//7122 7121//7121 7124//7124
f 7125//7125 7126//7126 7127//7127
f 7128//7128 7129//7129 7130//7130
f 7130//7130 7129//7129 7131//7131
f 7130//7130 7132//7132 7128//7128
f 7128//7128 7132//7132 7133//7133
f 7128//7128 7133//7133 7134//7134
f 7135//7135 7136//7136 7137//7137
f 7133//7133 7138//7138 7134//7134
f 7134//7134 7138//7138 7139//7139
f 7134//7134 7139//7139 7137//7137
f 7137//7137 7139//7139 7140//7140
f 7137//7137 7140//7140 7135//7135
f 7136//7136 7135//7135 7141//7141
f 7141//7141 7135//7135 7142//7142
f 7141//7141 7142//7142 7143//7143
f 7143//7143 7142//7142 7144//7144
f 7143//7143 7144//7144 7145//7145
f 7145//7145 7144//7144 7146//7146
f 7145//7145 7146//7146 7147//7147
f 7147//7147 7146//7146 7148//7148
f 7147//7147 7148//7148 7149//7149
f 7149//7149 7148//7148 7150//7150
f 7149//7149 7150//7150 7151//7151
f 7151//7151 7150//7150 7152//7152
f 7151//7151 7152//7152 7153//7153
f 7153//7153 7152//7152 7154//7154
f 7153//7153 7154//7154 7155//7155
f 7155//7155 7154//7154 7156//7156
f 7155//7155 7156//7156 7157//7157
f 7157//7157 7156//7156 7158//7158
f 7157//7157 7158//7158 7159//7159
f 7158//7158 7160//7160 7159//7159
f 7159//7159 7160//7160 7161//7161
f 7159//7159 7161//7161 7162//7162
f 7161//7161 7163//7163 7162//7162
f 7162//7162 7163//7163 7164//7164
f 7162//7162 7164//7164 7165//7165
f 7165//7165 7164//7164 7166//7166
f 7165//7165 7166//7166 7167//7167
f 7167//7167 7166//7166 7168//7168
f 7167//7167 7168//7168 7169//7169
f 7169//7169 7168//7168 7170//7170
f 7170//7170 7168//7168 7171//7171
f 7170//7170 7171//7171 7172//7172
f 7173//7173 7174//7174 7175//7175
f 7176//7176 7177//7177 7178//7178
f 7178//7178 7177//7177 7179//7179
f 7178//7178 7180//7180 7176//7176
f 7176//7176 7180//7180 7181//7181
f 7176//7176 7181//7181 7182//7182
f 7183//7183 7184//7184 7185//7185
f 7181//7181 7186//7186 7182//7182
f 7182//7182 7186//7186 7187//7187
f 7182//7182 7187//7187 7185//7185
f 7185//7185 7187//7187 7188//7188
f 7185//7185 7188//7188 7183//7183
f 7184//7184 7183//7183 7189//7189
f 7189//7189 7183//7183 7190//7190
f 7189//7189 7190//7190 7191//7191
f 7191//7191 7190//7190 7192//7192
f 7191//7191 7192//7192 7193//7193
f 7193//7193 7192//7192 7194//7194
f 7193//7193 7194//7194 7195//7195
f 7195//7195 7194//7194 7196//7196
f 7195//7195 7196//7196 7197//7197
f 7197//7197 7196//7196 7198//7198
f 7197//7197 7198//7198 7199//7199
f 7199//7199 7198//7198 7200//7200
f 7199//7199 7200//7200 7201//7201
f 7201//7201 7200//7200 7202//7202
f 7201//7201 7202//7202 7203//7203
f 7203//7203 7202//7202 7204//7204
f 7203//7203 7204//7204 7205//7205
f 7205//7205 7204//7204 7206//7206
f 7205//7205 7206//7206 7207//7207
f 7206//7206 7208//7208 7207//7207
f 7207//7207 7208//7208 7209//7209
f 7207//7207 7209//7209 7210//7210
f 7209//7209 7211//7211 7210//7210
f 7210//7210 7211//7211 7212//7212
f 7210//7210 7212//7212 7213//7213
f 7213//7213 7212//7212 7214//7214
f 7213//7213 7214//7214 7215//7215
f 7215//7215 7214//7214 7216//7216
f 7215//7215 7216//7216 7217//7217
f 7217//7217 7216//7216 7218//7218
f 7218//7218 7216//7216 7219//7219
f 7218//7218 7219//7219 7220//7220
f 7221//7221 7222//7222 7223//7223
f 7224//7224 7225//7225 7226//7226
f 7226//7226 7225//7225 7227//7227
f 7226//7226 7228//7228 7224//7224
f 7224//7224 7228//7228 7229//7229
f 7224//7224 7229//7229 7230//7230
f 7231//7231 7232//7232 7233//7233
f 7229//7229 7234//7234 7230//7230
f 7230//7230 7234//7234 7235//7235
f 7230//7230 7235//7235 7233//7233
f 7233//7233 7235//7235 7236//7236
f 7233//7233 7236//7236 7231//7231
f 7232//7232 7231//7231 7237//7237
f 7237//7237 7231//7231 7238//7238
f 7237//7237 7238//7238 7239//7239
f 7239//7239 7238//7238 7240//7240
f 7239//7239 7240//7240 7241//7241
f 7241//7241 7240//7240 7242//7242
f 7241//7241 7242//7242 7243//7243
f 7243//7243 7242//7242 7244//7244
f 7243//7243 7244//7244 7245//7245
f 7245//7245 7244//7244 7246//7246
f 7245//7245 7246//7246 7247//7247
f 7247//7247 7246//7246 7248//7248
f 7247//7247 7248//7248 7249//7249
f 7249//7249 7248//7248 7250//7250
f 7249//7249 7250//7250 7251//7251
f 7251//7251 7250//7250 7252//7252
f 7251//7251 7252//7252 7253//7253
f 7253//7253 7252//7252 7254//7254
f 7253//7253 7254//7254 7255//7255
f 7254//7254 7256//7256 7255//7255
f 7255//7255 7256//7256 7257//7257
f 7255//7255 7257//7257 7258//7258
f 7121//7121 7259//7259 7124//7124
f 7124//7124 7259//7259 7260//7260
f 7124//7124 7260//7260 7261//7261
f 7261//7261 7260//7260 7262//7262
f 7261//7261 7262//7262 7263//7263
f 7263//7263 7262//7262 7258//7258
f 7263//7263 7258//7258 7264//7264
f 7264//7264 7258//7258 7257//7257
f 7177//7177 7265//7265 7179//7179
f 7179//7179 7265//7265 7266//7266
f 7179//7179 7266//7266 7267//7267
f 7267//7267 7266//7266 7173//7173
f 7267//7267 7173//7173 7268//7268
f 7268//7268 7173//7173 7175//7175
f 7268//7268 7175//7175 7269//7269
f 7269//7269 7175//7175 7270//7270
f 7269//7269 7270//7270 7271//7271
f 7271//7271 7270//7270 7272//7272
f 7271//7271 7272//7272 7172//7172
f 7172//7172 7272//7272 7273//7273
f 7172//7172 7273//7273 7170//7170
f 7129//7129 7274//7274 7131//7131
f 7131//7131 7274//7274 7275//7275
f 7131//7131 7275//7275 7276//7276
f 7276//7276 7275//7275 7125//7125
f 7276//7276 7125//7125 7277//7277
f 7277//7277 7125//7125 7127//7127
f 7277//7277 7127//7127 7278//7278
f 7278//7278 7127//7127 7279//7279
f 7278//7278 7279//7279 7280//7280
f 7280//7280 7279//7279 7281//7281
f 7280//7280 7281//7281 7123//7123
f 7123//7123 7281//7281 7282//7282
f 7123//7123 7282//7282 7121//7121
f 7225//7225 7283//7283 7227//7227
f 7227//7227 7283//7283 7284//7284
f 7227//7227 7284//7284 7285//7285
f 7285//7285 7284//7284 7221//7221
f 7285//7285 7221//7221 7286//7286
f 7286//7286 7221//7221 7223//7223
f 7286//7286 7223//7223 7287//7287
f 7287//7287 7223//7223 7288//7288
f 7287//7287 7288//7288 7289//7289
f 7289//7289 7288//7288 7290//7290
f 7289//7289 7290//7290 7220//7220
f 7220//7220 7290//7290 7291//7291
f 7220//7220 7291//7291 7218//7218
f 6953//6953 7241//7241 6954//6954
f 6954//6954 7241//7241 7243//7243
f 6954//6954 7243//7243 6955//6955
f 6955//6955 7243//7243 7245//7245
f 6955//6955 7245//7245 7119//7119
f 7126//7126 7092//7092 7127//7127
f 7127//7127 7092//7092 7094//7094
f 7127//7127 7094//7094 7279//7279
f 7279//7279 7094//7094 7281//7281
f 7281//7281 7094//7094 7096//7096
f 7281//7281 7096//7096 7282//7282
f 7222//7222 6984//6984 7223//7223
f 7223//7223 6984//6984 6985//6985
f 6982//6982 7291//7291 6983//6983
f 6983//6983 7291//7291 7290//7290
f 6983//6983 7290//7290 6985//6985
f 6985//6985 7290//7290 7288//7288
f 6985//6985 7288//7288 7223//7223
f 7174//7174 7036//7036 7175//7175
f 7175//7175 7036//7036 7041//7041
f 7175//7175 7041//7041 7270//7270
f 7270//7270 7041//7041 7040//7040
f 7270//7270 7040//7040 7272//7272
f 7272//7272 7040//7040 7038//7038
f 7272//7272 7038//7038 7273//7273
f 7149//7149 7067//7067 7147//7147
f 7147//7147 7067//7067 7069//7069
f 7147//7147 7069//7069 7145//7145
f 7145//7145 7069//7069 7056//7056
f 7145//7145 7056//7056 7055//7055
f 7197//7197 7009//7009 7195//7195
f 7195//7195 7009//7009 7010//7010
f 7195//7195 7010//7010 7193//7193
f 7193//7193 7010//7010 7012//7012
f 6971//6971 7225//7225 6969//6969
f 6969//6969 7225//7225 7224//7224
f 6969//6969 7224//7224 6966//6966
f 6966//6966 7224//7224 7230//7230
f 6966//6966 7230//7230 6964//6964
f 6964//6964 7230//7230 7233//7233
f 7225//7225 6971//6971 7283//7283
f 7283//7283 6971//6971 6974//6974
f 7283//7283 6974//6974 7284//7284
f 7284//7284 6974//6974 6976//6976
f 7284//7284 6976//6976 7221//7221
f 7221//7221 6976//6976 6978//6978
f 7221//7221 6978//6978 7222//7222
f 7222//7222 6978//6978 6984//6984
f 7241//7241 6953//6953 6952//6952
f 6964//6964 7233//7233 6961//6961
f 6961//6961 7233//7233 7232//7232
f 6961//6961 7232//7232 6960//6960
f 6960//6960 7232//7232 7237//7237
f 6960//6960 7237//7237 6952//6952
f 6952//6952 7237//7237 7239//7239
f 6952//6952 7239//7239 7241//7241
f 7009//7009 7197//7197 7003//7003
f 7003//7003 7197//7197 7199//7199
f 7003//7003 7199//7199 7005//7005
f 7005//7005 7199//7199 7201//7201
f 7005//7005 7201//7201 7006//7006
f 7006//7006 7201//7201 7203//7203
f 7006//7006 7203//7203 6999//6999
f 6999//6999 7203//7203 7205//7205
f 6995//6995 7213//7213 6992//6992
f 6992//6992 7213//7213 7215//7215
f 7291//7291 6982//6982 7218//7218
f 7218//7218 6982//6982 6981//6981
f 7218//7218 6981//6981 7217//7217
f 7217//7217 6981//6981 6988//6988
f 7217//7217 6988//6988 7215//7215
f 7215//7215 6988//6988 6991//6991
f 7215//7215 6991//6991 6992//6992
f 6996//6996 6999//6999 7205//7205
f 7213//7213 6995//6995 7210//7210
f 7210//7210 6995//6995 6996//6996
f 7210//7210 6996//6996 7207//7207
f 7207//7207 6996//6996 7205//7205
f 7036//7036 7174//7174 7033//7033
f 7033//7033 7174//7174 7173//7173
f 7033//7033 7173//7173 7031//7031
f 7031//7031 7173//7173 7266//7266
f 7031//7031 7266//7266 7029//7029
f 7029//7029 7266//7266 7265//7265
f 7029//7029 7265//7265 7024//7024
f 7024//7024 7265//7265 7177//7177
f 7024//7024 7177//7177 7025//7025
f 7020//7020 7185//7185 7018//7018
f 7018//7018 7185//7185 7184//7184
f 7018//7018 7184//7184 7016//7016
f 7016//7016 7184//7184 7189//7189
f 7016//7016 7189//7189 7014//7014
f 7014//7014 7189//7189 7191//7191
f 7014//7014 7191//7191 7012//7012
f 7012//7012 7191//7191 7193//7193
f 7185//7185 7020//7020 7182//7182
f 7182//7182 7020//7020 7022//7022
f 7182//7182 7022//7022 7176//7176
f 7176//7176 7022//7022 7025//7025
f 7176//7176 7025//7025 7177//7177
f 7157//7157 7059//7059 7155//7155
f 7155//7155 7059//7059 7061//7061
f 7155//7155 7061//7061 7153//7153
f 7153//7153 7061//7061 7063//7063
f 7153//7153 7063//7063 7151//7151
f 7151//7151 7063//7063 7065//7065
f 7151//7151 7065//7065 7149//7149
f 7149//7149 7065//7065 7067//7067
f 7273//7273 7038//7038 7037//7037
f 7048//7048 7165//7165 7046//7046
f 7046//7046 7165//7165 7167//7167
f 7046//7046 7167//7167 7044//7044
f 7044//7044 7167//7167 7169//7169
f 7044//7044 7169//7169 7037//7037
f 7037//7037 7169//7169 7170//7170
f 7037//7037 7170//7170 7273//7273
f 7059//7059 7157//7157 7053//7053
f 7053//7053 7157//7157 7159//7159
f 7053//7053 7159//7159 7050//7050
f 7050//7050 7159//7159 7162//7162
f 7050//7050 7162//7162 7048//7048
f 7048//7048 7162//7162 7165//7165
f 7092//7092 7126//7126 7090//7090
f 7090//7090 7126//7126 7125//7125
f 7090//7090 7125//7125 7088//7088
f 7088//7088 7125//7125 7275//7275
f 7088//7088 7275//7275 7086//7086
f 7086//7086 7275//7275 7274//7274
f 7086//7086 7274//7274 7084//7084
f 7084//7084 7274//7274 7129//7129
f 7079//7079 7137//7137 7077//7077
f 7077//7077 7137//7137 7136//7136
f 7145//7145 7055//7055 7143//7143
f 7143//7143 7055//7055 7054//7054
f 7143//7143 7054//7054 7141//7141
f 7141//7141 7054//7054 7073//7073
f 7141//7141 7073//7073 7136//7136
f 7136//7136 7073//7073 7075//7075
f 7136//7136 7075//7075 7077//7077
f 7137//7137 7079//7079 7134//7134
f 7134//7134 7079//7079 7081//7081
f 7134//7134 7081//7081 7128//7128
f 7128//7128 7081//7081 7084//7084
f 7128//7128 7084//7084 7129//7129
f 7110//7110 7253//7253 7107//7107
f 7107//7107 7253//7253 7255//7255
f 7107//7107 7255//7255 7105//7105
f 7105//7105 7255//7255 7258//7258
f 7105//7105 7258//7258 7262//7262
f 7119//7119 7245//7245 7118//7118
f 7118//7118 7245//7245 7247//7247
f 7118//7118 7247//7247 7116//7116
f 7116//7116 7247//7247 7249//7249
f 7116//7116 7249//7249 7114//7114
f 7114//7114 7249//7249 7251//7251
f 7114//7114 7251//7251 7112//7112
f 7112//7112 7251//7251 7253//7253
f 7112//7112 7253//7253 7110//7110
f 7105//7105 7262//7262 7103//7103
f 7103//7103 7262//7262 7260//7260
f 7103//7103 7260//7260 7101//7101
f 7101//7101 7260//7260 7259//7259
f 7101//7101 7259//7259 7098//7098
f 7098//7098 7259//7259 7121//7121
f 7098//7098 7121//7121 7096//7096
f 7096//7096 7121//7121 7282//7282
f 7292//7292 7293//7293 7294//7294
f 7292//7292 7294//7294 7295//7295
f 7296//7296 7295//7295 7294//7294
f 7297//7297 7296//7296 7294//7294
f 7298//7298 7297//7297 7294//7294
f 7299//7299 7298//7298 7294//7294
f 7300//7300 7299//7299 7294//7294
f 7301//7301 7300//7300 7294//7294
f 7302//7302 7301//7301 7294//7294
f 7303//7303 7302//7302 7294//7294
f 7304//7304 7303//7303 7294//7294
f 7305//7305 7304//7304 7294//7294
f 7306//7306 7305//7305 7294//7294
f 7307//7307 7306//7306 7294//7294
f 7308//7308 7307//7307 7294//7294
f 7309//7309 7308//7308 7294//7294
f 7310//7310 7309//7309 7294//7294
f 7311//7311 7310//7310 7294//7294
f 7312//7312 7311//7311 7294//7294
f 7313//7313 7312//7312 7294//7294
f 7314//7314 7313//7313 7294//7294
f 7315//7315 7314//7314 7294//7294
f 7316//7316 7315//7315 7294//7294
f 7317//7317 7316//7316 7294//7294
f 7318//7318 7317//7317 7294//7294
f 7319//7319 7318//7318 7294//7294
f 7320//7320 7319//7319 7294//7294
f 7321//7321 7320//7320 7294//7294
f 7322//7322 7321//7321 7294//7294
f 7323//7323 7322//7322 7294//7294
f 7324//7324 7323//7323 7294//7294
f 7325//7325 7324//7324 7294//7294
f 7326//7326 7325//7325 7294//7294
f 7327//7327 7326//7326 7294//7294
f 7328//7328 7327//7327 7294//7294
f 7329//7329 7328//7328 7294//7294
f 7293//7293 7329//7329 7294//7294
f 191//191 7330//7330 7331//7331
f 7331//7331 7330//7330 7332//7332
f 191//191 7333//7333 7330//7330
f 7330//7330 7333//7333 7334//7334
f 7330//7330 7334//7334 7335//7335
f 7334//7334 7336//7336 7335//7335
f 7335//7335 7336//7336 7337//7337
f 7335//7335 7337//7337 7338//7338
f 7339//7339 7340//7340 7341//7341
f 7341//7341 7340//7340 7338//7338
f 7341//7341 7338//7338 7342//7342
f 7342//7342 7338//7338 7337//7337
f 7339//7339 7343//7343 7340//7340
f 7340//7340 7343//7343 7344//7344
f 7340//7340 7344//7344 7345//7345
f 7344//7344 7346//7346 7345//7345
f 7345//7345 7346//7346 7347//7347
f 7345//7345 7347//7347 7348//7348
f 7349//7349 7350//7350 7351//7351
f 7351//7351 7350//7350 7348//7348
f 7351//7351 7348//7348 161//161
f 161//161 7348//7348 7347//7347
f 7349//7349 7352//7352 7350//7350
f 7350//7350 7352//7352 7353//7353
f 7350//7350 7353//7353 7354//7354
f 7353//7353 7355//7355 7354//7354
f 7354//7354 7355//7355 7356//7356
f 7354//7354 7356//7356 7357//7357
f 7356//7356 7358//7358 7357//7357
f 7357//7357 7358//7358 7359//7359
f 7357//7357 7359//7359 7360//7360
f 7359//7359 7361//7361 7360//7360
f 7360//7360 7361//7361 7362//7362
f 7360//7360 7362//7362 7363//7363
f 7362//7362 7364//7364 7363//7363
f 7363//7363 7364//7364 7365//7365
f 7363//7363 7365//7365 7366//7366
f 7365//7365 302//302 7366//7366
f 7366//7366 302//302 7367//7367
f 7366//7366 7367//7367 7368//7368
f 7367//7367 131//131 7368//7368
f 7368//7368 131//131 7369//7369
f 7368//7368 7369//7369 7370//7370
f 7369//7369 7371//7371 7370//7370
f 7370//7370 7371//7371 7372//7372
f 7370//7370 7372//7372 7373//7373
f 7372//7372 7374//7374 7373//7373
f 7373//7373 7374//7374 7375//7375
f 7373//7373 7375//7375 7376//7376
f 7375//7375 7377//7377 7376//7376
f 7376//7376 7377//7377 7378//7378
f 7376//7376 7378//7378 7379//7379
f 7378//7378 7380//7380 7379//7379
f 7379//7379 7380//7380 7381//7381
f 7379//7379 7381//7381 7382//7382
f 7381//7381 101//101 7382//7382
f 7382//7382 101//101 98//98
f 7382//7382 98//98 7383//7383
f 98//98 95//95 7383//7383
f 7383//7383 95//95 7384//7384
f 7383//7383 7384//7384 7385//7385
f 7384//7384 7386//7386 7385//7385
f 7385//7385 7386//7386 7387//7387
f 7385//7385 7387//7387 7388//7388
f 7387//7387 7389//7389 7388//7388
f 7388//7388 7389//7389 7390//7390
f 7388//7388 7390//7390 7391//7391
f 7390//7390 7392//7392 7391//7391
f 7391//7391 7392//7392 7393//7393
f 7391//7391 7393//7393 7394//7394
f 7393//7393 7395//7395 7394//7394
f 7394//7394 7395//7395 7396//7396
f 7394//7394 7396//7396 7397//7397
f 7396//7396 65//65 7397//7397
f 7397//7397 65//65 7398//7398
f 7397//7397 7398//7398 7399//7399
f 7398//7398 379//379 7399//7399
f 7399//7399 379//379 7400//7400
f 7399//7399 7400//7400 7401//7401
f 7400//7400 7402//7402 7401//7401
f 7401//7401 7402//7402 7403//7403
f 7401//7401 7403//7403 7404//7404
f 7403//7403 7405//7405 7404//7404
f 7404//7404 7405//7405 7406//7406
f 7404//7404 7406//7406 7407//7407
f 7406//7406 7408//7408 7407//7407
f 7407//7407 7408//7408 7409//7409
f 7407//7407 7409//7409 7410//7410
f 7411//7411 7412//7412 7413//7413
f 7413//7413 7412//7412 7410//7410
f 7413//7413 7410//7410 7414//7414
f 7414//7414 7410//7410 7409//7409
f 7411//7411 7415//7415 7412//7412
f 7412//7412 7415//7415 7416//7416
f 7412//7412 7416//7416 7417//7417
f 7416//7416 35//35 7417//7417
f 7417//7417 35//35 7418//7418
f 7417//7417 7418//7418 7419//7419
f 7420//7420 7421//7421 7422//7422
f 7422//7422 7421//7421 7419//7419
f 7422//7422 7419//7419 7423//7423
f 7423//7423 7419//7419 7418//7418
f 7420//7420 7424//7424 7421//7421
f 7421//7421 7424//7424 7425//7425
f 7421//7421 7425//7425 7426//7426
f 7425//7425 7427//7427 7426//7426
f 7426//7426 7427//7427 7428//7428
f 7426//7426 7428//7428 7429//7429
f 7430//7430 7431//7431 7432//7432
f 7432//7432 7431//7431 7429//7429
f 7432//7432 7429//7429 7433//7433
f 7433//7433 7429//7429 7428//7428
f 7430//7430 7434//7434 7431//7431
f 7431//7431 7434//7434 7435//7435
f 7431//7431 7435//7435 7332//7332
f 7332//7332 7435//7435 197//197
f 7332//7332 197//197 7331//7331
f 7431//7431 7436//7436 7429//7429
f 7429//7429 7436//7436 7437//7437
f 7429//7429 7437//7437 7426//7426
f 7426//7426 7437//7437 7438//7438
f 7426//7426 7438//7438 7421//7421
f 7421//7421 7438//7438 7439//7439
f 7421//7421 7439//7439 7419//7419
f 7419//7419 7439//7439 7440//7440
f 7419//7419 7440//7440 7417//7417
f 7417//7417 7440//7440 7441//7441
f 7417//7417 7441//7441 7412//7412
f 7412//7412 7441//7441 7442//7442
f 7412//7412 7442//7442 7410//7410
f 7410//7410 7442//7442 7443//7443
f 7410//7410 7443//7443 7407//7407
f 7407//7407 7443//7443 7444//7444
f 7407//7407 7444//7444 7404//7404
f 7404//7404 7444//7444 7445//7445
f 7404//7404 7445//7445 7401//7401
f 7401//7401 7445//7445 7446//7446
f 7401//7401 7446//7446 7399//7399
f 7399//7399 7446//7446 7447//7447
f 7399//7399 7447//7447 7397//7397
f 7397//7397 7447//7447 7448//7448
f 7397//7397 7448//7448 7394//7394
f 7394//7394 7448//7448 7449//7449
f 7394//7394 7449//7449 7391//7391
f 7391//7391 7449//7449 7450//7450
f 7391//7391 7450//7450 7388//7388
f 7388//7388 7450//7450 7451//7451
f 7388//7388 7451//7451 7385//7385
f 7385//7385 7451//7451 7452//7452
f 7385//7385 7452//7452 7383//7383
f 7383//7383 7452//7452 7453//7453
f 7383//7383 7453//7453 7382//7382
f 7382//7382 7453//7453 7454//7454
f 7382//7382 7454//7454 7379//7379
f 7379//7379 7454//7454 7455//7455
f 7379//7379 7455//7455 7376//7376
f 7376//7376 7455//7455 7456//7456
f 7376//7376 7456//7456 7373//7373
f 7373//7373 7456//7456 7457//7457
f 7373//7373 7457//7457 7370//7370
f 7370//7370 7457//7457 7458//7458
f 7370//7370 7458//7458 7368//7368
f 7368//7368 7458//7458 7459//7459
f 7368//7368 7459//7459 7366//7366
f 7366//7366 7459//7459 7460//7460
f 7366//7366 7460//7460 7363//7363
f 7363//7363 7460//7460 7461//7461
f 7363//7363 7461//7461 7360//7360
f 7360//7360 7461//7461 7462//7462
f 7360//7360 7462//7462 7357//7357
f 7357//7357 7462//7462 7463//7463
f 7357//7357 7463//7463 7354//7354
f 7354//7354 7463//7463 7464//7464
f 7354//7354 7464//7464 7350//7350
f 7350//7350 7464//7464 7465//7465
f 7350//7350 7465//7465 7348//7348
f 7348//7348 7465//7465 7466//7466
f 7348//7348 7466//7466 7345//7345
f 7345//7345 7466//7466 7467//7467
f 7345//7345 7467//7467 7340//7340
f 7340//7340 7467//7467 7468//7468
f 7340//7340 7468//7468 7338//7338
f 7338//7338 7468//7468 7469//7469
f 7338//7338 7469//7469 7335//7335
f 7335//7335 7469//7469 7470//7470
f 7335//7335 7470//7470 7330//7330
f 7330//7330 7470//7470 7471//7471
f 7330//7330 7471//7471 7332//7332
f 7332//7332 7471//7471 7472//7472
f 7332//7332 7472//7472 7431//7431
f 7431//7431 7472//7472 7436//7436
f 7436//7436 7473//7473 7437//7437
f 7437//7437 7473//7473 7474//7474
f 7437//7437 7474//7474 7438//7438
f 7438//7438 7474//7474 7475//7475
f 7438//7438 7475//7475 7439//7439
f 7439//7439 7475//7475 7476//7476
f 7439//7439 7476//7476 7440//7440
f 7440//7440 7476//7476 7477//7477
f 7440//7440 7477//7477 7441//7441
f 7441//7441 7477//7477 7478//7478
f 7441//7441 7478//7478 7442//7442
f 7442//7442 7478//7478 7479//7479
f 7442//7442 7479//7479 7443//7443
f 7443//7443 7479//7479 7480//7480
f 7443//7443 7480//7480 7444//7444
f 7444//7444 7480//7480 7481//7481
f 7444//7444 7481//7481 7445//7445
f 7445//7445 7481//7481 7482//7482
f 7445//7445 7482//7482 7446//7446
f 7446//7446 7482//7482 7483//7483
f 7446//7446 7483//7483 7447//7447
f 7447//7447 7483//7483 7484//7484
f 7447//7447 7484//7484 7448//7448
f 7448//7448 7484//7484 7485//7485
f 7448//7448 7485//7485 7449//7449
f 7449//7449 7485//7485 7486//7486
f 7449//7449 7486//7486 7450//7450
f 7450//7450 7486//7486 7487//7487
f 7450//7450 7487//7487 7451//7451
f 7451//7451 7487//7487 7488//7488
f 7451//7451 7488//7488 7452//7452
f 7452//7452 7488//7488 7489//7489
f 7452//7452 7489//7489 7453//7453
f 7453//7453 7489//7489 7490//7490
f 7453//7453 7490//7490 7454//7454
f 7454//7454 7490//7490 7491//7491
f 7454//7454 7491//7491 7455//7455
f 7455//7455 7491//7491 7492//7492
f 7455//7455 7492//7492 7456//7456
f 7456//7456 7492//7492 7493//7493
f 7456//7456 7493//7493 7457//7457
f 7457//7457 7493//7493 7494//7494
f 7457//7457 7494//7494 7458//7458
f 7458//7458 7494//7494 7495//7495
f 7458//7458 7495//7495 7459//7459
f 7459//7459 7495//7495 7496//7496
f 7459//7459 7496//7496 7460//7460
f 7460//7460 7496//7496 7497//7497
f 7460//7460 7497//7497 7461//7461
f 7461//7461 7497//7497 7498//7498
f 7461//7461 7498//7498 7462//7462
f 7462//7462 7498//7498 7499//7499
f 7462//7462 7499//7499 7463//7463
f 7463//7463 7499//7499 7500//7500
f 7463//7463 7500//7500 7464//7464
f 7464//7464 7500//7500 7501//7501
f 7464//7464 7501//7501 7465//7465
f 7465//7465 7501//7501 7502//7502
f 7465//7465 7502//7502 7466//7466
f 7466//7466 7502//7502 7503//7503
f 7466//7466 7503//7503 7467//7467
f 7467//7467 7503//7503 7504//7504
f 7467//7467 7504//7504 7468//7468
f 7468//7468 7504//7504 7505//7505
f 7468//7468 7505//7505 7469//7469
f 7469//7469 7505//7505 7506//7506
f 7469//7469 7506//7506 7470//7470
f 7470//7470 7506//7506 7507//7507
f 7470//7470 7507//7507 7471//7471
f 7471//7471 7507//7507 7508//7508
f 7471//7471 7508//7508 7472//7472
f 7472//7472 7508//7508 7509//7509
f 7472//7472 7509//7509 7436//7436
f 7436//7436 7509//7509 7473//7473
f 7473//7473 7510//7510 7474//7474
f 7474//7474 7510//7510 7511//7511
f 7474//7474 7511//7511 7475//7475
f 7475//7475 7511//7511 7512//7512
f 7475//7475 7512//7512 7476//7476
f 7476//7476 7512//7512 7513//7513
f 7476//7476 7513//7513 7477//7477
f 7477//7477 7513//7513 7514//7514
f 7477//7477 7514//7514 7478//7478
f 7478//7478 7514//7514 7515//7515
f 7478//7478 7515//7515 7479//7479
f 7479//7479 7515//7515 7516//7516
f 7479//7479 7516//7516 7480//7480
f 7480//7480 7516//7516 7517//7517
f 7480//7480 7517//7517 7481//7481
f 7481//7481 7517//7517 7518//7518
f 7481//7481 7518//7518 7482//7482
f 7482//7482 7518//7518 7519//7519
f 7482//7482 7519//7519 7483//7483
f 7483//7483 7519//7519 7520//7520
f 7483//7483 7520//7520 7484//7484
f 7484//7484 7520//7520 7521//7521
f 7484//7484 7521//7521 7485//7485
f 7485//7485 7521//7521 7522//7522
f 7485//7485 7522//7522 7486//7486
f 7486//7486 7522//7522 7523//7523
f 7486//7486 7523//7523 7487//7487
f 7487//7487 7523//7523 7524//7524
f 7487//7487 7524//7524 7488//7488
f 7488//7488 7524//7524 7525//7525
f 7488//7488 7525//7525 7489//7489
f 7489//7489 7525//7525 7526//7526
f 7489//7489 7526//7526 7490//7490
f 7490//7490 7526//7526 7527//7527
f 7490//7490 7527//7527 7491//7491
f 7491//7491 7527//7527 7528//7528
f 7491//7491 7528//7528 7492//7492
f 7492//7492 7528//7528 7529//7529
f 7492//7492 7529//7529 7493//7493
f 7493//7493 7529//7529 7530//7530
f 7493//7493 7530//7530 7494//7494
f 7494//7494 7530//7530 7531//7531
f 7494//7494 7531//7531 7495//7495
f 7495//7495 7531//7531 7532//7532
f 7495//7495 7532//7532 7496//7496
f 7496//7496 7532//7532 7533//7533
f 7496//7496 7533//7533 7497//7497
f 7497//7497 7533//7533 7534//7534
f 7497//7497 7534//7534 7498//7498
f 7498//7498 7534//7534 7535//7535
f 7498//7498 7535//7535 7499//7499
f 7499//7499 7535//7535 7536//7536
f 7499//7499 7536//7536 7500//7500
f 7500//7500 7536//7536 7537//7537
f 7500//7500 7537//7537 7501//7501
f 7501//7501 7537//7537 7538//7538
f 7501//7501 7538//7538 7502//7502
f 7502//7502 7538//7538 7539//7539
f 7502//7502 7539//7539 7503//7503
f 7503//7503 7539//7539 7540//7540
f 7503//7503 7540//7540 7504//7504
f 7504//7504 7540//7540 7541//7541
f 7504//7504 7541//7541 7505//7505
f 7505//7505 7541//7541 7542//7542
f 7505//7505 7542//7542 7506//7506
f 7506//7506 7542//7542 7543//7543
f 7506//7506 7543//7543 7507//7507
f 7507//7507 7543//7543 7544//7544
f 7507//7507 7544//7544 7508//7508
f 7508//7508 7544//7544 7545//7545
f 7508//7508 7545//7545 7509//7509
f 7509//7509 7545//7545 7546//7546
f 7509//7509 7546//7546 7473//7473
f 7473//7473 7546//7546 7510//7510
f 7510//7510 7293//7293 7511//7511
f 7511//7511 7293//7293 7292//7292
f 7511//7511 7292//7292 7512//7512
f 7512//7512 7292//7292 7295//7295
f 7512//7512 7295//7295 7513//7513
f 7513//7513 7295//7295 7296//7296
f 7513//7513 7296//7296 7514//7514
f 7514//7514 7296//7296 7297//7297
f 7514//7514 7297//7297 7515//7515
f 7515//7515 7297//7297 7298//7298
f 7515//7515 7298//7298 7516//7516
f 7516//7516 7298//7298 7299//7299
f 7516//7516 7299//7299 7517//7517
f 7517//7517 7299//7299 7300//7300
f 7517//7517 7300//7300 7518//7518
f 7518//7518 7300//7300 7301//7301
f 7518//7518 7301//7301 7519//7519
f 7519//7519 7301//7301 7302//7302
f 7519//7519 7302//7302 7520//7520
f 7520//7520 7302//7302 7303//7303
f 7520//7520 7303//7303 7521//7521
f 7521//7521 7303//7303 7304//7304
f 7521//7521 7304//7304 7522//7522
f 7522//7522 7304//7304 7305//7305
f 7522//7522 7305//7305 7523//7523
f 7523//7523 7305//7305 7306//7306
f 7523//7523 7306//7306 7524//7524
f 7524//7524 7306//7306 7307//7307
f 7524//7524 7307//7307 7525//7525
f 7525//7525 7307//7307 7308//7308
f 7525//7525 7308//7308 7526//7526
f 7526//7526 7308//7308 7309//7309
f 7526//7526 7309//7309 7527//7527
f 7527//7527 7309//7309 7310//7310
f 7527//7527 7310//7310 7528//7528
f 7528//7528 7310//7310 7311//7311
f 7528//7528 7311//7311 7529//7529
f 7529//7529 7311//7311 7312//7312
f 7529//7529 7312//7312 7530//7530
f 7530//7530 7312//7312 7313//7313
f 7530//7530 7313//7313 7531//7531
f 7531//7531 7313//7313 7314//7314
f 7531//7531 7314//7314 7532//7532
f 7532//7532 7314//7314 7315//7315
f 7532//7532 7315//7315 7533//7533
f 7533//7533 7315//7315 7316//7316
f 7533//7533 7316//7316 7534//7534
f 7534//7534 7316//7316 7317//7317
f 7534//7534 7317//7317 7535//7535
f 7535//7535 7317//7317 7318//7318
f 7535//7535 7318//7318 7536//7536
f 7536//7536 7318//7318 7319//7319
f 7536//7536 7319//7319 7537//7537
f 7537//7537 7319//7319 7320//7320
f 7537//7537 7320//7320 7538//7538
f 7538//7538 7320//7320 7321//7321
f 7538//7538 7321//7321 7539//7539
f 7539//7539 7321//7321 7322//7322
f 7539//7539 7322//7322 7540//7540
f 7540//7540 7322//7322 7323//7323
f 7540//7540 7323//7323 7541//7541
f 7541//7541 7323//7323 7324//7324
f 7541//7541 7324//7324 7542//7542
f 7542//7542 7324//7324 7325//7325
f 7542//7542 7325//7325 7543//7543
f 7543//7543 7325//7325 7326//7326
f 7543//7543 7326//7326 7544//7544
f 7544//7544 7326//7326 7327//7327
f 7544//7544 7327//7327 7545//7545
f 7545//7545 7327//7327 7328//7328
f 7545//7545 7328//7328 7546//7546
f 7546//7546 7328//7328 7329//7329
f 7546//7546 7329//7329 7510//7510
f 7510//7510 7329//7329 7293//7293
f 101//101 7381//7381 7547//7547
f 7374//7374 7372//7372 7548//7548
f 302//302 7365//7365 7549//7549
f 7358//7358 7356//7356 7550//7550
f 7355//7355 7353//7353 7551//7551
f 7433//7433 7428//7428 7552//7552
f 7427//7427 7425//7425 7553//7553
f 7423//7423 7418//7418 7554//7554
f 35//35 7416//7416 7555//7555
f 7414//7414 7409//7409 7556//7556
f 7557//7557 7558//7558 7559//7559
f 7560//7560 6977//6977 6975//6975
f 6977//6977 7560//7560 6979//6979
f 7561//7561 6993//6993 6990//6990
f 6993//6993 7561//7561 6994//6994
f 7015//7015 7013//7013 7562//7562
f 7019//7019 7017//7017 7563//7563
f 7027//7027 7026//7026 7564//7564
f 7023//7023 7028//7028 7565//7565
f 7032//7032 7030//7030 7566//7566
f 7035//7035 7034//7034 7567//7567
f 7043//7043 7042//7042 7568//7568
f 7047//7047 7045//7045 7569//7569
f 7051//7051 7049//7049 7570//7570
f 7058//7058 7057//7057 7571//7571
f 7062//7062 7060//7060 7572//7572
f 7066//7066 7064//7064 7573//7573
f 7071//7071 7070//7070 7574//7574
f 7074//7074 7072//7072 7575//7575
f 7078//7078 7076//7076 7576//7576
f 7082//7082 7080//7080 7577//7577
f 7087//7087 7085//7085 7578//7578
f 7091//7091 7089//7089 7579//7579
f 7095//7095 7093//7093 7580//7580
f 7100//7100 7099//7099 7581//7581
f 7104//7104 7102//7102 7582//7582
f 7108//7108 7106//7106 7583//7583
f 7111//7111 7109//7109 7584//7584
f 7117//7117 7115//7115 7585//7585
f 6956//6956 7120//7120 7586//7586
f 6958//6958 6957//6957 7587//7587
f 7588//7588 6962//6962 6959//6959
f 6962//6962 7588//7588 6963//6963
f 6970//6970 6968//6968 7589//7589
f 7589//7589 6968//6968 6967//6967
f 6967//6967 6965//6965 7590//7590
f 7590//7590 6965//6965 6963//6963
f 7011//7011 7008//7008 7558//7558
f 7558//7558 7008//7008 7007//7007
f 7558//7558 7007//7007 7559//7559
f 7559//7559 7007//7007 7002//7002
f 7002//7002 7004//7004 7591//7591
f 7591//7591 7004//7004 7001//7001
f 7001//7001 7000//7000 7592//7592
f 7592//7592 7000//7000 6998//6998
f 6998//6998 6997//6997 7593//7593
f 7593//7593 6997//6997 6994//6994
f 7594//7594 6990//6990 6989//6989
f 6989//6989 6987//6987 7595//7595
f 7595//7595 6987//6987 6986//6986
f 6986//6986 6980//6980 7596//7596
f 7596//7596 6980//6980 6979//6979
f 7597//7597 6975//6975 6973//6973
f 6973//6973 6972//6972 7598//7598
f 7598//7598 6972//6972 6970//6970
f 7013//7013 7011//7011 7562//7562
f 7562//7562 7011//7011 7558//7558
f 7562//7562 7558//7558 7599//7599
f 7599//7599 7558//7558 7557//7557
f 7599//7599 7557//7557 7600//7600
f 7017//7017 7015//7015 7563//7563
f 7563//7563 7015//7015 7562//7562
f 7563//7563 7562//7562 7601//7601
f 7601//7601 7562//7562 7599//7599
f 7601//7601 7599//7599 7602//7602
f 7602//7602 7599//7599 7600//7600
f 7602//7602 7600//7600 7551//7551
f 7603//7603 7604//7604 7605//7605
f 7606//7606 7604//7604 7607//7607
f 7607//7607 7604//7604 7603//7603
f 7607//7607 7603//7603 7608//7608
f 7120//7120 7117//7117 7586//7586
f 7586//7586 7117//7117 7585//7585
f 7586//7586 7585//7585 7609//7609
f 7609//7609 7585//7585 7610//7610
f 7609//7609 7610//7610 7611//7611
f 7611//7611 7610//7610 7612//7612
f 7611//7611 7612//7612 7613//7613
f 7613//7613 7612//7612 7614//7614
f 7115//7115 7113//7113 7585//7585
f 7585//7585 7113//7113 7615//7615
f 7585//7585 7615//7615 7610//7610
f 7610//7610 7615//7615 7616//7616
f 7610//7610 7616//7616 7612//7612
f 7612//7612 7616//7616 7617//7617
f 7612//7612 7617//7617 7614//7614
f 7614//7614 7617//7617 7618//7618
f 7106//7106 7104//7104 7583//7583
f 7583//7583 7104//7104 7582//7582
f 7583//7583 7582//7582 7619//7619
f 7619//7619 7582//7582 7620//7620
f 7619//7619 7620//7620 7621//7621
f 7621//7621 7620//7620 7622//7622
f 7621//7621 7622//7622 7623//7623
f 7623//7623 7622//7622 7624//7624
f 7102//7102 7100//7100 7582//7582
f 7582//7582 7100//7100 7581//7581
f 7582//7582 7581//7581 7620//7620
f 7620//7620 7581//7581 7625//7625
f 7620//7620 7625//7625 7622//7622
f 7622//7622 7625//7625 7626//7626
f 7622//7622 7626//7626 7624//7624
f 7624//7624 7626//7626 7627//7627
f 7085//7085 7083//7083 7578//7578
f 7578//7578 7083//7083 7628//7628
f 7578//7578 7628//7628 7629//7629
f 7629//7629 7628//7628 7630//7630
f 7629//7629 7630//7630 7631//7631
f 7631//7631 7630//7630 7632//7632
f 7631//7631 7632//7632 7633//7633
f 7633//7633 7632//7632 7555//7555
f 7072//7072 7071//7071 7575//7575
f 7575//7575 7071//7071 7574//7574
f 7575//7575 7574//7574 7634//7634
f 7634//7634 7574//7574 7635//7635
f 7634//7634 7635//7635 7636//7636
f 7636//7636 7635//7635 7637//7637
f 7636//7636 7637//7637 7638//7638
f 7638//7638 7637//7637 7553//7553
f 7060//7060 7058//7058 7572//7572
f 7572//7572 7058//7058 7571//7571
f 7572//7572 7571//7571 7639//7639
f 7639//7639 7571//7571 7640//7640
f 7639//7639 7640//7640 7641//7641
f 7641//7641 7640//7640 7642//7642
f 7641//7641 7642//7642 7643//7643
f 7643//7643 7642//7642 7644//7644
f 7045//7045 7043//7043 7569//7569
f 7569//7569 7043//7043 7568//7568
f 7569//7569 7568//7568 7645//7645
f 7645//7645 7568//7568 7646//7646
f 7645//7645 7646//7646 7647//7647
f 7647//7647 7646//7646 7648//7648
f 7647//7647 7648//7648 7649//7649
f 7649//7649 7648//7648 7650//7650
f 7030//7030 7023//7023 7566//7566
f 7566//7566 7023//7023 7565//7565
f 7566//7566 7565//7565 7651//7651
f 7651//7651 7565//7565 7652//7652
f 7651//7651 7652//7652 7653//7653
f 7653//7653 7652//7652 7654//7654
f 7653//7653 7654//7654 7655//7655
f 7655//7655 7654//7654 7656//7656
f 7657//7657 7608//7608 7658//7658
f 7658//7658 7608//7608 7603//7603
f 7658//7658 7603//7603 7659//7659
f 7659//7659 7603//7603 7605//7605
f 7659//7659 7605//7605 7660//7660
f 7660//7660 7605//7605 95//95
f 7660//7660 95//95 98//98
f 7392//7392 7390//7390 7661//7661
f 7661//7661 7390//7390 7606//7606
f 7661//7661 7606//7606 7662//7662
f 7662//7662 7606//7606 7607//7607
f 7662//7662 7607//7607 7663//7663
f 7663//7663 7607//7607 7608//7608
f 7663//7663 7608//7608 7587//7587
f 7587//7587 7608//7608 7657//7657
f 7587//7587 7657//7657 6958//6958
f 6958//6958 7657//7657 6959//6959
f 7390//7390 7389//7389 7606//7606
f 7606//7606 7389//7389 7387//7387
f 7606//7606 7387//7387 7604//7604
f 7604//7604 7387//7387 7386//7386
f 7604//7604 7386//7386 7605//7605
f 7605//7605 7386//7386 7384//7384
f 7605//7605 7384//7384 95//95
f 6957//6957 6956//6956 7587//7587
f 7587//7587 6956//6956 7586//7586
f 7587//7587 7586//7586 7663//7663
f 7663//7663 7586//7586 7609//7609
f 7663//7663 7609//7609 7662//7662
f 7662//7662 7609//7609 7611//7611
f 7662//7662 7611//7611 7661//7661
f 7661//7661 7611//7611 7613//7613
f 7661//7661 7613//7613 7392//7392
f 379//379 7398//7398 7664//7664
f 7664//7664 7398//7398 7618//7618
f 7664//7664 7618//7618 7665//7665
f 7665//7665 7618//7618 7617//7617
f 7665//7665 7617//7617 7666//7666
f 7666//7666 7617//7617 7616//7616
f 7666//7666 7616//7616 7584//7584
f 7584//7584 7616//7616 7615//7615
f 7584//7584 7615//7615 7111//7111
f 7111//7111 7615//7615 7113//7113
f 7398//7398 65//65 7618//7618
f 7618//7618 65//65 7396//7396
f 7618//7618 7396//7396 7614//7614
f 7614//7614 7396//7396 7395//7395
f 7614//7614 7395//7395 7613//7613
f 7613//7613 7395//7395 7393//7393
f 7613//7613 7393//7393 7392//7392
f 7109//7109 7108//7108 7584//7584
f 7584//7584 7108//7108 7583//7583
f 7584//7584 7583//7583 7666//7666
f 7666//7666 7583//7583 7619//7619
f 7666//7666 7619//7619 7665//7665
f 7665//7665 7619//7619 7621//7621
f 7665//7665 7621//7621 7664//7664
f 7664//7664 7621//7621 7623//7623
f 7664//7664 7623//7623 379//379
f 7408//7408 7406//7406 7667//7667
f 7667//7667 7406//7406 7627//7627
f 7667//7667 7627//7627 7668//7668
f 7668//7668 7627//7627 7626//7626
f 7668//7668 7626//7626 7669//7669
f 7669//7669 7626//7626 7625//7625
f 7669//7669 7625//7625 7670//7670
f 7670//7670 7625//7625 7581//7581
f 7670//7670 7581//7581 7097//7097
f 7097//7097 7581//7581 7099//7099
f 7406//7406 7405//7405 7627//7627
f 7627//7627 7405//7405 7403//7403
f 7627//7627 7403//7403 7624//7624
f 7624//7624 7403//7403 7402//7402
f 7624//7624 7402//7402 7623//7623
f 7623//7623 7402//7402 7400//7400
f 7623//7623 7400//7400 379//379
f 7409//7409 7408//7408 7556//7556
f 7556//7556 7408//7408 7667//7667
f 7556//7556 7667//7667 7671//7671
f 7671//7671 7667//7667 7668//7668
f 7671//7671 7668//7668 7672//7672
f 7672//7672 7668//7668 7669//7669
f 7672//7672 7669//7669 7580//7580
f 7580//7580 7669//7669 7670//7670
f 7580//7580 7670//7670 7095//7095
f 7095//7095 7670//7670 7097//7097
f 7413//7413 7414//7414 7673//7673
f 7673//7673 7414//7414 7556//7556
f 7673//7673 7556//7556 7674//7674
f 7674//7674 7556//7556 7671//7671
f 7674//7674 7671//7671 7675//7675
f 7675//7675 7671//7671 7672//7672
f 7675//7675 7672//7672 7579//7579
f 7579//7579 7672//7672 7580//7580
f 7579//7579 7580//7580 7091//7091
f 7091//7091 7580//7580 7093//7093
f 7089//7089 7087//7087 7579//7579
f 7579//7579 7087//7087 7578//7578
f 7579//7579 7578//7578 7675//7675
f 7675//7675 7578//7578 7629//7629
f 7675//7675 7629//7629 7674//7674
f 7674//7674 7629//7629 7631//7631
f 7674//7674 7631//7631 7673//7673
f 7673//7673 7631//7631 7633//7633
f 7673//7673 7633//7633 7413//7413
f 7413//7413 7633//7633 7411//7411
f 7555//7555 7416//7416 7633//7633
f 7633//7633 7416//7416 7415//7415
f 7633//7633 7415//7415 7411//7411
f 7418//7418 35//35 7554//7554
f 7554//7554 35//35 7555//7555
f 7554//7554 7555//7555 7676//7676
f 7676//7676 7555//7555 7632//7632
f 7676//7676 7632//7632 7677//7677
f 7677//7677 7632//7632 7630//7630
f 7677//7677 7630//7630 7577//7577
f 7577//7577 7630//7630 7628//7628
f 7577//7577 7628//7628 7082//7082
f 7082//7082 7628//7628 7083//7083
f 7422//7422 7423//7423 7678//7678
f 7678//7678 7423//7423 7554//7554
f 7678//7678 7554//7554 7679//7679
f 7679//7679 7554//7554 7676//7676
f 7679//7679 7676//7676 7680//7680
f 7680//7680 7676//7676 7677//7677
f 7680//7680 7677//7677 7576//7576
f 7576//7576 7677//7677 7577//7577
f 7576//7576 7577//7577 7078//7078
f 7078//7078 7577//7577 7080//7080
f 7076//7076 7074//7074 7576//7576
f 7576//7576 7074//7074 7575//7575
f 7576//7576 7575//7575 7680//7680
f 7680//7680 7575//7575 7634//7634
f 7680//7680 7634//7634 7679//7679
f 7679//7679 7634//7634 7636//7636
f 7679//7679 7636//7636 7678//7678
f 7678//7678 7636//7636 7638//7638
f 7678//7678 7638//7638 7422//7422
f 7422//7422 7638//7638 7420//7420
f 7553//7553 7425//7425 7638//7638
f 7638//7638 7425//7425 7424//7424
f 7638//7638 7424//7424 7420//7420
f 7428//7428 7427//7427 7552//7552
f 7552//7552 7427//7427 7553//7553
f 7552//7552 7553//7553 7681//7681
f 7681//7681 7553//7553 7637//7637
f 7681//7681 7637//7637 7682//7682
f 7682//7682 7637//7637 7635//7635
f 7682//7682 7635//7635 7683//7683
f 7683//7683 7635//7635 7574//7574
f 7683//7683 7574//7574 7068//7068
f 7068//7068 7574//7574 7070//7070
f 7432//7432 7433//7433 7684//7684
f 7684//7684 7433//7433 7552//7552
f 7684//7684 7552//7552 7685//7685
f 7685//7685 7552//7552 7681//7681
f 7685//7685 7681//7681 7686//7686
f 7686//7686 7681//7681 7682//7682
f 7686//7686 7682//7682 7573//7573
f 7573//7573 7682//7682 7683//7683
f 7573//7573 7683//7683 7066//7066
f 7066//7066 7683//7683 7068//7068
f 7064//7064 7062//7062 7573//7573
f 7573//7573 7062//7062 7572//7572
f 7573//7573 7572//7572 7686//7686
f 7686//7686 7572//7572 7639//7639
f 7686//7686 7639//7639 7685//7685
f 7685//7685 7639//7639 7641//7641
f 7685//7685 7641//7641 7684//7684
f 7684//7684 7641//7641 7643//7643
f 7684//7684 7643//7643 7432//7432
f 7432//7432 7643//7643 7430//7430
f 191//191 7331//7331 7687//7687
f 7687//7687 7331//7331 7644//7644
f 7687//7687 7644//7644 7688//7688
f 7688//7688 7644//7644 7642//7642
f 7688//7688 7642//7642 7689//7689
f 7689//7689 7642//7642 7640//7640
f 7689//7689 7640//7640 7690//7690
f 7690//7690 7640//7640 7571//7571
f 7690//7690 7571//7571 7052//7052
f 7052//7052 7571//7571 7057//7057
f 7331//7331 197//197 7644//7644
f 7644//7644 197//197 7435//7435
f 7644//7644 7435//7435 7643//7643
f 7643//7643 7435//7435 7434//7434
f 7643//7643 7434//7434 7430//7430
f 7333//7333 191//191 7691//7691
f 7691//7691 191//191 7687//7687
f 7691//7691 7687//7687 7692//7692
f 7692//7692 7687//7687 7688//7688
f 7692//7692 7688//7688 7693//7693
f 7693//7693 7688//7688 7689//7689
f 7693//7693 7689//7689 7570//7570
f 7570//7570 7689//7689 7690//7690
f 7570//7570 7690//7690 7051//7051
f 7051//7051 7690//7690 7052//7052
f 7049//7049 7047//7047 7570//7570
f 7570//7570 7047//7047 7569//7569
f 7570//7570 7569//7569 7693//7693
f 7693//7693 7569//7569 7645//7645
f 7693//7693 7645//7645 7692//7692
f 7692//7692 7645//7645 7647//7647
f 7692//7692 7647//7647 7691//7691
f 7691//7691 7647//7647 7649//7649
f 7691//7691 7649//7649 7333//7333
f 7333//7333 7649//7649 7334//7334
f 7339//7339 7341//7341 7694//7694
f 7694//7694 7341//7341 7650//7650
f 7694//7694 7650//7650 7695//7695
f 7695//7695 7650//7650 7648//7648
f 7695//7695 7648//7648 7696//7696
f 7696//7696 7648//7648 7646//7646
f 7696//7696 7646//7646 7697//7697
f 7697//7697 7646//7646 7568//7568
f 7697//7697 7568//7568 7039//7039
f 7039//7039 7568//7568 7042//7042
f 7341//7341 7342//7342 7650//7650
f 7650//7650 7342//7342 7337//7337
f 7650//7650 7337//7337 7649//7649
f 7649//7649 7337//7337 7336//7336
f 7649//7649 7336//7336 7334//7334
f 7343//7343 7339//7339 7698//7698
f 7698//7698 7339//7339 7694//7694
f 7698//7698 7694//7694 7699//7699
f 7699//7699 7694//7694 7695//7695
f 7699//7699 7695//7695 7700//7700
f 7700//7700 7695//7695 7696//7696
f 7700//7700 7696//7696 7567//7567
f 7567//7567 7696//7696 7697//7697
f 7567//7567 7697//7697 7035//7035
f 7035//7035 7697//7697 7039//7039
f 7034//7034 7032//7032 7567//7567
f 7567//7567 7032//7032 7566//7566
f 7567//7567 7566//7566 7700//7700
f 7700//7700 7566//7566 7651//7651
f 7700//7700 7651//7651 7699//7699
f 7699//7699 7651//7651 7653//7653
f 7699//7699 7653//7653 7698//7698
f 7698//7698 7653//7653 7655//7655
f 7698//7698 7655//7655 7343//7343
f 7343//7343 7655//7655 7344//7344
f 7349//7349 7351//7351 7701//7701
f 7701//7701 7351//7351 7656//7656
f 7701//7701 7656//7656 7702//7702
f 7702//7702 7656//7656 7654//7654
f 7702//7702 7654//7654 7703//7703
f 7703//7703 7654//7654 7652//7652
f 7703//7703 7652//7652 7564//7564
f 7564//7564 7652//7652 7565//7565
f 7564//7564 7565//7565 7027//7027
f 7027//7027 7565//7565 7028//7028
f 7351//7351 161//161 7656//7656
f 7656//7656 161//161 7347//7347
f 7656//7656 7347//7347 7655//7655
f 7655//7655 7347//7347 7346//7346
f 7655//7655 7346//7346 7344//7344
f 7352//7352 7349//7349 7704//7704
f 7704//7704 7349//7349 7701//7701
f 7704//7704 7701//7701 7705//7705
f 7705//7705 7701//7701 7702//7702
f 7705//7705 7702//7702 7706//7706
f 7706//7706 7702//7702 7703//7703
f 7706//7706 7703//7703 7707//7707
f 7707//7707 7703//7703 7564//7564
f 7707//7707 7564//7564 7021//7021
f 7021//7021 7564//7564 7026//7026
f 7021//7021 7019//7019 7707//7707
f 7707//7707 7019//7019 7563//7563
f 7707//7707 7563//7563 7706//7706
f 7706//7706 7563//7563 7601//7601
f 7706//7706 7601//7601 7705//7705
f 7705//7705 7601//7601 7602//7602
f 7705//7705 7602//7602 7704//7704
f 7704//7704 7602//7602 7551//7551
f 7704//7704 7551//7551 7352//7352
f 7352//7352 7551//7551 7353//7353
f 7002//7002 7591//7591 7559//7559
f 7559//7559 7591//7591 7708//7708
f 7559//7559 7708//7708 7557//7557
f 7557//7557 7708//7708 7709//7709
f 7557//7557 7709//7709 7600//7600
f 7600//7600 7709//7709 7550//7550
f 7600//7600 7550//7550 7551//7551
f 7551//7551 7550//7550 7356//7356
f 7551//7551 7356//7356 7355//7355
f 7001//7001 7592//7592 7591//7591
f 7591//7591 7592//7592 7710//7710
f 7591//7591 7710//7710 7708//7708
f 7708//7708 7710//7710 7711//7711
f 7708//7708 7711//7711 7709//7709
f 7709//7709 7711//7711 7712//7712
f 7709//7709 7712//7712 7550//7550
f 7550//7550 7712//7712 7359//7359
f 7550//7550 7359//7359 7358//7358
f 7713//7713 7362//7362 7361//7361
f 6998//6998 7593//7593 7592//7592
f 7592//7592 7593//7593 7714//7714
f 7592//7592 7714//7714 7710//7710
f 7710//7710 7714//7714 7715//7715
f 7710//7710 7715//7715 7711//7711
f 7711//7711 7715//7715 7713//7713
f 7711//7711 7713//7713 7712//7712
f 7712//7712 7713//7713 7361//7361
f 7712//7712 7361//7361 7359//7359
f 6994//6994 7561//7561 7593//7593
f 7593//7593 7561//7561 7716//7716
f 7593//7593 7716//7716 7714//7714
f 7714//7714 7716//7716 7717//7717
f 7714//7714 7717//7717 7715//7715
f 7715//7715 7717//7717 7718//7718
f 7715//7715 7718//7718 7713//7713
f 7713//7713 7718//7718 7364//7364
f 7713//7713 7364//7364 7362//7362
f 6990//6990 7594//7594 7561//7561
f 7561//7561 7594//7594 7719//7719
f 7561//7561 7719//7719 7716//7716
f 7716//7716 7719//7719 7720//7720
f 7716//7716 7720//7720 7717//7717
f 7717//7717 7720//7720 7549//7549
f 7717//7717 7549//7549 7718//7718
f 7718//7718 7549//7549 7365//7365
f 7718//7718 7365//7365 7364//7364
f 6989//6989 7595//7595 7594//7594
f 7594//7594 7595//7595 7721//7721
f 7594//7594 7721//7721 7719//7719
f 7719//7719 7721//7721 7722//7722
f 7719//7719 7722//7722 7720//7720
f 7720//7720 7722//7722 7723//7723
f 7720//7720 7723//7723 7549//7549
f 7549//7549 7723//7723 7367//7367
f 7549//7549 7367//7367 302//302
f 7724//7724 7369//7369 131//131
f 6986//6986 7596//7596 7595//7595
f 7595//7595 7596//7596 7725//7725
f 7595//7595 7725//7725 7721//7721
f 7721//7721 7725//7725 7726//7726
f 7721//7721 7726//7726 7722//7722
f 7722//7722 7726//7726 7724//7724
f 7722//7722 7724//7724 7723//7723
f 7723//7723 7724//7724 131//131
f 7723//7723 131//131 7367//7367
f 6979//6979 7560//7560 7596//7596
f 7596//7596 7560//7560 7727//7727
f 7596//7596 7727//7727 7725//7725
f 7725//7725 7727//7727 7728//7728
f 7725//7725 7728//7728 7726//7726
f 7726//7726 7728//7728 7729//7729
f 7726//7726 7729//7729 7724//7724
f 7724//7724 7729//7729 7371//7371
f 7724//7724 7371//7371 7369//7369
f 6975//6975 7597//7597 7560//7560
f 7560//7560 7597//7597 7730//7730
f 7560//7560 7730//7730 7727//7727
f 7727//7727 7730//7730 7731//7731
f 7727//7727 7731//7731 7728//7728
f 7728//7728 7731//7731 7548//7548
f 7728//7728 7548//7548 7729//7729
f 7729//7729 7548//7548 7372//7372
f 7729//7729 7372//7372 7371//7371
f 6973//6973 7598//7598 7597//7597
f 7597//7597 7598//7598 7732//7732
f 7597//7597 7732//7732 7730//7730
f 7730//7730 7732//7732 7733//7733
f 7730//7730 7733//7733 7731//7731
f 7731//7731 7733//7733 7734//7734
f 7731//7731 7734//7734 7548//7548
f 7548//7548 7734//7734 7375//7375
f 7548//7548 7375//7375 7374//7374
f 7735//7735 7378//7378 7377//7377
f 6970//6970 7589//7589 7598//7598
f 7598//7598 7589//7589 7736//7736
f 7598//7598 7736//7736 7732//7732
f 7732//7732 7736//7736 7737//7737
f 7732//7732 7737//7737 7733//7733
f 7733//7733 7737//7737 7735//7735
f 7733//7733 7735//7735 7734//7734
f 7734//7734 7735//7735 7377//7377
f 7734//7734 7377//7377 7375//7375
f 6967//6967 7590//7590 7589//7589
f 7589//7589 7590//7590 7738//7738
f 7589//7589 7738//7738 7736//7736
f 7736//7736 7738//7738 7739//7739
f 7736//7736 7739//7739 7737//7737
f 7737//7737 7739//7739 7740//7740
f 7737//7737 7740//7740 7735//7735
f 7735//7735 7740//7740 7380//7380
f 7735//7735 7380//7380 7378//7378
f 6963//6963 7588//7588 7590//7590
f 7590//7590 7588//7588 7741//7741
f 7590//7590 7741//7741 7738//7738
f 7738//7738 7741//7741 7742//7742
f 7738//7738 7742//7742 7739//7739
f 7739//7739 7742//7742 7547//7547
f 7739//7739 7547//7547 7740//7740
f 7740//7740 7547//7547 7381//7381
f 7740//7740 7381//7381 7380//7380
f 6959//6959 7657//7657 7588//7588
f 7588//7588 7657//7657 7658//7658
f 7588//7588 7658//7658 7741//7741
f 7741//7741 7658//7658 7659//7659
f 7741//7741 7659//7659 7742//7742
f 7742//7742 7659//7659 7660//7660
f 7742//7742 7660//7660 7547//7547
f 7547//7547 7660//7660 98//98
f 7547//7547 98//98 101//101
f 6901//6901 6900//6900 7743//7743
f 6896//6896 6895//6895 7744//7744
f 6890//6890 6893//6893 7745//7745
f 6889//6889 6888//6888 7746//7746
f 6884//6884 6883//6883 7747//7747
f 6882//6882 6881//6881 7748//7748
f 6877//6877 6876//6876 7749//7749
f 6873//6873 6872//6872 7750//7750
f 6870//6870 6869//6869 7751//7751
f 6865//6865 6864//6864 7752//7752
f 6863//6863 6862//6862 7753//7753
f 6858//6858 6857//6857 7754//7754
f 6854//6854 6853//6853 7755//7755
f 6851//6851 6850//6850 7756//7756
f 6846//6846 6845//6845 7757//7757
f 6844//6844 6843//6843 7758//7758
f 6842//6842 6841//6841 7759//7759
f 6839//6839 6838//6838 7760//7760
f 6823//6823 6822//6822 7761//7761
f 6834//6834 6833//6833 7762//7762
f 6829//6829 6828//6828 7763//7763
f 6827//6827 6826//6826 7764//7764
f 6825//6825 6824//6824 7765//7765
f 6907//6907 6906//6906 7766//7766
f 7200//7200 7198//7198 7767//7767
f 7208//7208 7206//7206 7768//7768
f 7212//7212 7211//7211 7769//7769
f 7220//7220 7219//7219 7770//7770
f 7286//7286 7287//7287 7771//7771
f 7227//7227 7285//7285 7772//7772
f 7235//7235 7234//7234 7773//7773
f 7231//7231 7236//7236 7774//7774
f 7248//7248 7246//7246 7775//7775
f 7256//7256 7254//7254 7776//7776
f 7263//7263 7264//7264 7777//7777
f 7123//7123 7122//7122 7778//7778
f 7277//7277 7278//7278 7779//7779
f 7131//7131 7276//7276 7780//7780
f 7139//7139 7138//7138 7781//7781
f 7135//7135 7140//7140 7782//7782
f 7152//7152 7150//7150 7783//7783
f 7160//7160 7158//7158 7784//7784
f 7164//7164 7163//7163 7785//7785
f 7172//7172 7171//7171 7786//7786
f 7268//7268 7269//7269 7787//7787
f 7179//7179 7267//7267 7788//7788
f 7187//7187 7186//7186 7789//7789
f 7183//7183 7188//7188 7790//7790
f 7183//7183 7790//7790 7190//7190
f 7179//7179 7788//7788 7178//7178
f 7164//7164 7785//7785 7166//7166
f 7152//7152 7783//7783 7154//7154
f 7135//7135 7782//7782 7142//7142
f 7131//7131 7780//7780 7130//7130
f 7263//7263 7777//7777 7261//7261
f 7248//7248 7775//7775 7250//7250
f 7231//7231 7774//7774 7238//7238
f 7227//7227 7772//7772 7226//7226
f 7212//7212 7769//7769 7214//7214
f 7200//7200 7767//7767 7202//7202
f 7194//7194 7192//7192 7791//7791
f 7791//7791 7192//7192 7792//7792
f 7791//7791 7792//7792 7793//7793
f 7793//7793 7792//7792 7794//7794
f 7793//7793 7794//7794 7795//7795
f 7795//7795 7794//7794 7796//7796
f 7795//7795 7796//7796 7797//7797
f 7797//7797 7796//7796 7798//7798
f 7797//7797 7798//7798 7799//7799
f 7799//7799 7798//7798 7766//7766
f 7269//7269 7271//7271 7787//7787
f 7787//7787 7271//7271 7800//7800
f 7787//7787 7800//7800 7801//7801
f 7801//7801 7800//7800 7802//7802
f 7801//7801 7802//7802 7803//7803
f 7803//7803 7802//7802 7804//7804
f 7803//7803 7804//7804 7805//7805
f 7805//7805 7804//7804 7806//7806
f 7805//7805 7806//7806 7807//7807
f 7807//7807 7806//7806 7762//7762
f 7163//7163 7161//7161 7785//7785
f 7785//7785 7161//7161 7808//7808
f 7785//7785 7808//7808 7809//7809
f 7809//7809 7808//7808 7810//7810
f 7809//7809 7810//7810 7811//7811
f 7811//7811 7810//7810 7812//7812
f 7811//7811 7812//7812 7813//7813
f 7813//7813 7812//7812 7814//7814
f 7813//7813 7814//7814 7815//7815
f 7815//7815 7814//7814 7760//7760
f 7144//7144 7142//7142 7816//7816
f 7816//7816 7142//7142 7782//7782
f 7816//7816 7782//7782 7817//7817
f 7817//7817 7782//7782 7818//7818
f 7817//7817 7818//7818 7819//7819
f 7819//7819 7818//7818 7820//7820
f 7819//7819 7820//7820 7821//7821
f 7821//7821 7820//7820 7822//7822
f 7821//7821 7822//7822 7823//7823
f 7823//7823 7822//7822 7756//7756
f 7132//7132 7130//7130 7824//7824
f 7824//7824 7130//7130 7780//7780
f 7824//7824 7780//7780 7825//7825
f 7825//7825 7780//7780 7826//7826
f 7825//7825 7826//7826 7827//7827
f 7827//7827 7826//7826 7828//7828
f 7827//7827 7828//7828 7829//7829
f 7829//7829 7828//7828 7830//7830
f 7829//7829 7830//7830 7831//7831
f 7831//7831 7830//7830 7754//7754
f 7280//7280 7123//7123 7832//7832
f 7832//7832 7123//7123 7778//7778
f 7832//7832 7778//7778 7833//7833
f 7833//7833 7778//7778 7834//7834
f 7833//7833 7834//7834 7835//7835
f 7835//7835 7834//7834 7836//7836
f 7835//7835 7836//7836 7837//7837
f 7837//7837 7836//7836 7838//7838
f 7837//7837 7838//7838 7839//7839
f 7839//7839 7838//7838 7753//7753
f 7257//7257 7256//7256 7840//7840
f 7840//7840 7256//7256 7776//7776
f 7840//7840 7776//7776 7841//7841
f 7841//7841 7776//7776 7842//7842
f 7841//7841 7842//7842 7843//7843
f 7843//7843 7842//7842 7844//7844
f 7843//7843 7844//7844 7845//7845
f 7845//7845 7844//7844 7846//7846
f 7845//7845 7846//7846 7847//7847
f 7847//7847 7846//7846 7751//7751
f 7244//7244 7242//7242 7848//7848
f 7848//7848 7242//7242 7849//7849
f 7848//7848 7849//7849 7850//7850
f 7850//7850 7849//7849 7851//7851
f 7850//7850 7851//7851 7852//7852
f 7852//7852 7851//7851 7853//7853
f 7852//7852 7853//7853 7854//7854
f 7854//7854 7853//7853 7855//7855
f 7854//7854 7855//7855 7856//7856
f 7856//7856 7855//7855 7749//7749
f 7236//7236 7235//7235 7774//7774
f 7774//7774 7235//7235 7773//7773
f 7774//7774 7773//7773 7857//7857
f 7857//7857 7773//7773 7858//7858
f 7857//7857 7858//7858 7859//7859
f 7859//7859 7858//7858 7860//7860
f 7859//7859 7860//7860 7861//7861
f 7861//7861 7860//7860 7862//7862
f 7861//7861 7862//7862 7863//7863
f 7863//7863 7862//7862 7748//7748
f 7285//7285 7286//7286 7772//7772
f 7772//7772 7286//7286 7771//7771
f 7772//7772 7771//7771 7864//7864
f 7864//7864 7771//7771 7865//7865
f 7864//7864 7865//7865 7866//7866
f 7866//7866 7865//7865 7867//7867
f 7866//7866 7867//7867 7868//7868
f 7868//7868 7867//7867 7869//7869
f 7868//7868 7869//7869 7870//7870
f 7870//7870 7869//7869 7746//7746
f 7216//7216 7214//7214 7871//7871
f 7871//7871 7214//7214 7769//7769
f 7871//7871 7769//7769 7872//7872
f 7872//7872 7769//7769 7873//7873
f 7872//7872 7873//7873 7874//7874
f 7874//7874 7873//7873 7875//7875
f 7874//7874 7875//7875 7876//7876
f 7876//7876 7875//7875 7877//7877
f 7876//7876 7877//7877 7878//7878
f 7878//7878 7877//7877 7744//7744
f 7206//7206 7204//7204 7768//7768
f 7768//7768 7204//7204 7879//7879
f 7768//7768 7879//7879 7880//7880
f 7880//7880 7879//7879 7881//7881
f 7880//7880 7881//7881 7882//7882
f 7882//7882 7881//7881 7883//7883
f 7882//7882 7883//7883 7884//7884
f 7884//7884 7883//7883 7885//7885
f 7884//7884 7885//7885 7886//7886
f 7886//7886 7885//7885 7743//7743
f 7196//7196 7194//7194 7887//7887
f 7887//7887 7194//7194 7791//7791
f 7887//7887 7791//7791 7888//7888
f 7888//7888 7791//7791 7793//7793
f 7888//7888 7793//7793 7889//7889
f 7889//7889 7793//7793 7795//7795
f 7889//7889 7795//7795 7890//7890
f 7890//7890 7795//7795 7797//7797
f 7890//7890 7797//7797 7891//7891
f 7891//7891 7797//7797 7799//7799
f 7891//7891 7799//7799 6903//6903
f 6903//6903 7799//7799 6904//6904
f 7766//7766 6906//6906 7799//7799
f 7799//7799 6906//6906 6905//6905
f 7799//7799 6905//6905 6904//6904
f 6908//6908 6907//6907 7892//7892
f 7892//7892 6907//6907 7766//7766
f 7892//7892 7766//7766 7893//7893
f 7893//7893 7766//7766 7798//7798
f 7893//7893 7798//7798 7894//7894
f 7894//7894 7798//7798 7796//7796
f 7894//7894 7796//7796 7895//7895
f 7895//7895 7796//7796 7794//7794
f 7895//7895 7794//7794 7790//7790
f 7790//7790 7794//7794 7792//7792
f 7790//7790 7792//7792 7190//7190
f 7190//7190 7792//7792 7192//7192
f 7188//7188 7187//7187 7790//7790
f 7790//7790 7187//7187 7789//7789
f 7790//7790 7789//7789 7895//7895
f 7895//7895 7789//7789 7896//7896
f 7895//7895 7896//7896 7894//7894
f 7894//7894 7896//7896 7897//7897
f 7894//7894 7897//7897 7893//7893
f 7893//7893 7897//7897 7898//7898
f 7893//7893 7898//7898 7892//7892
f 7892//7892 7898//7898 7765//7765
f 7892//7892 7765//7765 6908//6908
f 6908//6908 7765//7765 6824//6824
f 6826//6826 6825//6825 7764//7764
f 7764//7764 6825//6825 7765//7765
f 7764//7764 7765//7765 7899//7899
f 7899//7899 7765//7765 7898//7898
f 7899//7899 7898//7898 7900//7900
f 7900//7900 7898//7898 7897//7897
f 7900//7900 7897//7897 7901//7901
f 7901//7901 7897//7897 7896//7896
f 7901//7901 7896//7896 7902//7902
f 7902//7902 7896//7896 7789//7789
f 7902//7902 7789//7789 7181//7181
f 7181//7181 7789//7789 7186//7186
f 6828//6828 6827//6827 7763//7763
f 7763//7763 6827//6827 7764//7764
f 7763//7763 7764//7764 7903//7903
f 7903//7903 7764//7764 7899//7899
f 7903//7903 7899//7899 7904//7904
f 7904//7904 7899//7899 7900//7900
f 7904//7904 7900//7900 7905//7905
f 7905//7905 7900//7900 7901//7901
f 7905//7905 7901//7901 7906//7906
f 7906//7906 7901//7901 7902//7902
f 7906//7906 7902//7902 7180//7180
f 7180//7180 7902//7902 7181//7181
f 6830//6830 6829//6829 7907//7907
f 7907//7907 6829//6829 7763//7763
f 7907//7907 7763//7763 7908//7908
f 7908//7908 7763//7763 7903//7903
f 7908//7908 7903//7903 7909//7909
f 7909//7909 7903//7903 7904//7904
f 7909//7909 7904//7904 7910//7910
f 7910//7910 7904//7904 7905//7905
f 7910//7910 7905//7905 7788//7788
f 7788//7788 7905//7905 7906//7906
f 7788//7788 7906//7906 7178//7178
f 7178//7178 7906//7906 7180//7180
f 7267//7267 7268//7268 7788//7788
f 7788//7788 7268//7268 7787//7787
f 7788//7788 7787//7787 7910//7910
f 7910//7910 7787//7787 7801//7801
f 7910//7910 7801//7801 7909//7909
f 7909//7909 7801//7801 7803//7803
f 7909//7909 7803//7803 7908//7908
f 7908//7908 7803//7803 7805//7805
f 7908//7908 7805//7805 7907//7907
f 7907//7907 7805//7805 7807//7807
f 7907//7907 7807//7807 6830//6830
f 6830//6830 7807//7807 6831//6831
f 7762//7762 6833//6833 7807//7807
f 7807//7807 6833//6833 6832//6832
f 7807//7807 6832//6832 6831//6831
f 6835//6835 6834//6834 7911//7911
f 7911//7911 6834//6834 7762//7762
f 7911//7911 7762//7762 7912//7912
f 7912//7912 7762//7762 7806//7806
f 7912//7912 7806//7806 7913//7913
f 7913//7913 7806//7806 7804//7804
f 7913//7913 7804//7804 7914//7914
f 7914//7914 7804//7804 7802//7802
f 7914//7914 7802//7802 7786//7786
f 7786//7786 7802//7802 7800//7800
f 7786//7786 7800//7800 7172//7172
f 7172//7172 7800//7800 7271//7271
f 7171//7171 7168//7168 7786//7786
f 7786//7786 7168//7168 7915//7915
f 7786//7786 7915//7915 7914//7914
f 7914//7914 7915//7915 7916//7916
f 7914//7914 7916//7916 7913//7913
f 7913//7913 7916//7916 7917//7917
f 7913//7913 7917//7917 7912//7912
f 7912//7912 7917//7917 7918//7918
f 7912//7912 7918//7918 7911//7911
f 7911//7911 7918//7918 7761//7761
f 7911//7911 7761//7761 6835//6835
f 6835//6835 7761//7761 6822//6822
f 6836//6836 6823//6823 7815//7815
f 7815//7815 6823//6823 7761//7761
f 7815//7815 7761//7761 7813//7813
f 7813//7813 7761//7761 7918//7918
f 7813//7813 7918//7918 7811//7811
f 7811//7811 7918//7918 7917//7917
f 7811//7811 7917//7917 7809//7809
f 7809//7809 7917//7917 7916//7916
f 7809//7809 7916//7916 7785//7785
f 7785//7785 7916//7916 7915//7915
f 7785//7785 7915//7915 7166//7166
f 7166//7166 7915//7915 7168//7168
f 7760//7760 6838//6838 7815//7815
f 7815//7815 6838//6838 6837//6837
f 7815//7815 6837//6837 6836//6836
f 6840//6840 6839//6839 7919//7919
f 7919//7919 6839//6839 7760//7760
f 7919//7919 7760//7760 7920//7920
f 7920//7920 7760//7760 7814//7814
f 7920//7920 7814//7814 7921//7921
f 7921//7921 7814//7814 7812//7812
f 7921//7921 7812//7812 7922//7922
f 7922//7922 7812//7812 7810//7810
f 7922//7922 7810//7810 7784//7784
f 7784//7784 7810//7810 7808//7808
f 7784//7784 7808//7808 7160//7160
f 7160//7160 7808//7808 7161//7161
f 7158//7158 7156//7156 7784//7784
f 7784//7784 7156//7156 7923//7923
f 7784//7784 7923//7923 7922//7922
f 7922//7922 7923//7923 7924//7924
f 7922//7922 7924//7924 7921//7921
f 7921//7921 7924//7924 7925//7925
f 7921//7921 7925//7925 7920//7920
f 7920//7920 7925//7925 7926//7926
f 7920//7920 7926//7926 7919//7919
f 7919//7919 7926//7926 7759//7759
f 7919//7919 7759//7759 6840//6840
f 6840//6840 7759//7759 6841//6841
f 6843//6843 6842//6842 7758//7758
f 7758//7758 6842//6842 7759//7759
f 7758//7758 7759//7759 7927//7927
f 7927//7927 7759//7759 7926//7926
f 7927//7927 7926//7926 7928//7928
f 7928//7928 7926//7926 7925//7925
f 7928//7928 7925//7925 7929//7929
f 7929//7929 7925//7925 7924//7924
f 7929//7929 7924//7924 7783//7783
f 7783//7783 7924//7924 7923//7923
f 7783//7783 7923//7923 7154//7154
f 7154//7154 7923//7923 7156//7156
f 6845//6845 6844//6844 7757//7757
f 7757//7757 6844//6844 7758//7758
f 7757//7757 7758//7758 7930//7930
f 7930//7930 7758//7758 7927//7927
f 7930//7930 7927//7927 7931//7931
f 7931//7931 7927//7927 7928//7928
f 7931//7931 7928//7928 7932//7932
f 7932//7932 7928//7928 7929//7929
f 7932//7932 7929//7929 7933//7933
f 7933//7933 7929//7929 7783//7783
f 7933//7933 7783//7783 7148//7148
f 7148//7148 7783//7783 7150//7150
f 6847//6847 6846//6846 7934//7934
f 7934//7934 6846//6846 7757//7757
f 7934//7934 7757//7757 7935//7935
f 7935//7935 7757//7757 7930//7930
f 7935//7935 7930//7930 7936//7936
f 7936//7936 7930//7930 7931//7931
f 7936//7936 7931//7931 7937//7937
f 7937//7937 7931//7931 7932//7932
f 7937//7937 7932//7932 7938//7938
f 7938//7938 7932//7932 7933//7933
f 7938//7938 7933//7933 7146//7146
f 7146//7146 7933//7933 7148//7148
f 7146//7146 7144//7144 7938//7938
f 7938//7938 7144//7144 7816//7816
f 7938//7938 7816//7816 7937//7937
f 7937//7937 7816//7816 7817//7817
f 7937//7937 7817//7817 7936//7936
f 7936//7936 7817//7817 7819//7819
f 7936//7936 7819//7819 7935//7935
f 7935//7935 7819//7819 7821//7821
f 7935//7935 7821//7821 7934//7934
f 7934//7934 7821//7821 7823//7823
f 7934//7934 7823//7823 6847//6847
f 6847//6847 7823//7823 6848//6848
f 7756//7756 6850//6850 7823//7823
f 7823//7823 6850//6850 6849//6849
f 7823//7823 6849//6849 6848//6848
f 6852//6852 6851//6851 7939//7939
f 7939//7939 6851//6851 7756//7756
f 7939//7939 7756//7756 7940//7940
f 7940//7940 7756//7756 7822//7822
f 7940//7940 7822//7822 7941//7941
f 7941//7941 7822//7822 7820//7820
f 7941//7941 7820//7820 7942//7942
f 7942//7942 7820//7820 7818//7818
f 7942//7942 7818//7818 7781//7781
f 7781//7781 7818//7818 7782//7782
f 7781//7781 7782//7782 7139//7139
f 7139//7139 7782//7782 7140//7140
f 7138//7138 7133//7133 7781//7781
f 7781//7781 7133//7133 7943//7943
f 7781//7781 7943//7943 7942//7942
f 7942//7942 7943//7943 7944//7944
f 7942//7942 7944//7944 7941//7941
f 7941//7941 7944//7944 7945//7945
f 7941//7941 7945//7945 7940//7940
f 7940//7940 7945//7945 7946//7946
f 7940//7940 7946//7946 7939//7939
f 7939//7939 7946//7946 7755//7755
f 7939//7939 7755//7755 6852//6852
f 6852//6852 7755//7755 6853//6853
f 6855//6855 6854//6854 7831//7831
f 7831//7831 6854//6854 7755//7755
f 7831//7831 7755//7755 7829//7829
f 7829//7829 7755//7755 7946//7946
f 7829//7829 7946//7946 7827//7827
f 7827//7827 7946//7946 7945//7945
f 7827//7827 7945//7945 7825//7825
f 7825//7825 7945//7945 7944//7944
f 7825//7825 7944//7944 7824//7824
f 7824//7824 7944//7944 7943//7943
f 7824//7824 7943//7943 7132//7132
f 7132//7132 7943//7943 7133//7133
f 7754//7754 6857//6857 7831//7831
f 7831//7831 6857//6857 6856//6856
f 7831//7831 6856//6856 6855//6855
f 6859//6859 6858//6858 7947//7947
f 7947//7947 6858//6858 7754//7754
f 7947//7947 7754//7754 7948//7948
f 7948//7948 7754//7754 7830//7830
f 7948//7948 7830//7830 7949//7949
f 7949//7949 7830//7830 7828//7828
f 7949//7949 7828//7828 7950//7950
f 7950//7950 7828//7828 7826//7826
f 7950//7950 7826//7826 7779//7779
f 7779//7779 7826//7826 7780//7780
f 7779//7779 7780//7780 7277//7277
f 7277//7277 7780//7780 7276//7276
f 7278//7278 7280//7280 7779//7779
f 7779//7779 7280//7280 7832//7832
f 7779//7779 7832//7832 7950//7950
f 7950//7950 7832//7832 7833//7833
f 7950//7950 7833//7833 7949//7949
f 7949//7949 7833//7833 7835//7835
f 7949//7949 7835//7835 7948//7948
f 7948//7948 7835//7835 7837//7837
f 7948//7948 7837//7837 7947//7947
f 7947//7947 7837//7837 7839//7839
f 7947//7947 7839//7839 6859//6859
f 6859//6859 7839//7839 6860//6860
f 7753//7753 6862//6862 7839//7839
f 7839//7839 6862//6862 6861//6861
f 7839//7839 6861//6861 6860//6860
f 6864//6864 6863//6863 7752//7752
f 7752//7752 6863//6863 7753//7753
f 7752//7752 7753//7753 7951//7951
f 7951//7951 7753//7753 7838//7838
f 7951//7951 7838//7838 7952//7952
f 7952//7952 7838//7838 7836//7836
f 7952//7952 7836//7836 7953//7953
f 7953//7953 7836//7836 7834//7834
f 7953//7953 7834//7834 7954//7954
f 7954//7954 7834//7834 7778//7778
f 7954//7954 7778//7778 7124//7124
f 7124//7124 7778//7778 7122//7122
f 6866//6866 6865//6865 7955//7955
f 7955//7955 6865//6865 7752//7752
f 7955//7955 7752//7752 7956//7956
f 7956//7956 7752//7752 7951//7951
f 7956//7956 7951//7951 7957//7957
f 7957//7957 7951//7951 7952//7952
f 7957//7957 7952//7952 7958//7958
f 7958//7958 7952//7952 7953//7953
f 7958//7958 7953//7953 7777//7777
f 7777//7777 7953//7953 7954//7954
f 7777//7777 7954//7954 7261//7261
f 7261//7261 7954//7954 7124//7124
f 7264//7264 7257//7257 7777//7777
f 7777//7777 7257//7257 7840//7840
f 7777//7777 7840//7840 7958//7958
f 7958//7958 7840//7840 7841//7841
f 7958//7958 7841//7841 7957//7957
f 7957//7957 7841//7841 7843//7843
f 7957//7957 7843//7843 7956//7956
f 7956//7956 7843//7843 7845//7845
f 7956//7956 7845//7845 7955//7955
f 7955//7955 7845//7845 7847//7847
f 7955//7955 7847//7847 6866//6866
f 6866//6866 7847//7847 6867//6867
f 7751//7751 6869//6869 7847//7847
f 7847//7847 6869//6869 6868//6868
f 7847//7847 6868//6868 6867//6867
f 6871//6871 6870//6870 7959//7959
f 7959//7959 6870//6870 7751//7751
f 7959//7959 7751//7751 7960//7960
f 7960//7960 7751//7751 7846//7846
f 7960//7960 7846//7846 7961//7961
f 7961//7961 7846//7846 7844//7844
f 7961//7961 7844//7844 7962//7962
f 7962//7962 7844//7844 7842//7842
f 7962//7962 7842//7842 7963//7963
f 7963//7963 7842//7842 7776//7776
f 7963//7963 7776//7776 7252//7252
f 7252//7252 7776//7776 7254//7254
f 7252//7252 7250//7250 7963//7963
f 7963//7963 7250//7250 7775//7775
f 7963//7963 7775//7775 7962//7962
f 7962//7962 7775//7775 7964//7964
f 7962//7962 7964//7964 7961//7961
f 7961//7961 7964//7964 7965//7965
f 7961//7961 7965//7965 7960//7960
f 7960//7960 7965//7965 7966//7966
f 7960//7960 7966//7966 7959//7959
f 7959//7959 7966//7966 7750//7750
f 7959//7959 7750//7750 6871//6871
f 6871//6871 7750//7750 6872//6872
f 6874//6874 6873//6873 7856//7856
f 7856//7856 6873//6873 7750//7750
f 7856//7856 7750//7750 7854//7854
f 7854//7854 7750//7750 7966//7966
f 7854//7854 7966//7966 7852//7852
f 7852//7852 7966//7966 7965//7965
f 7852//7852 7965//7965 7850//7850
f 7850//7850 7965//7965 7964//7964
f 7850//7850 7964//7964 7848//7848
f 7848//7848 7964//7964 7775//7775
f 7848//7848 7775//7775 7244//7244
f 7244//7244 7775//7775 7246//7246
f 7749//7749 6876//6876 7856//7856
f 7856//7856 6876//6876 6875//6875
f 7856//7856 6875//6875 6874//6874
f 6878//6878 6877//6877 7967//7967
f 7967//7967 6877//6877 7749//7749
f 7967//7967 7749//7749 7968//7968
f 7968//7968 7749//7749 7855//7855
f 7968//7968 7855//7855 7969//7969
f 7969//7969 7855//7855 7853//7853
f 7969//7969 7853//7853 7970//7970
f 7970//7970 7853//7853 7851//7851
f 7970//7970 7851//7851 7971//7971
f 7971//7971 7851//7851 7849//7849
f 7971//7971 7849//7849 7240//7240
f 7240//7240 7849//7849 7242//7242
f 7240//7240 7238//7238 7971//7971
f 7971//7971 7238//7238 7774//7774
f 7971//7971 7774//7774 7970//7970
f 7970//7970 7774//7774 7857//7857
f 7970//7970 7857//7857 7969//7969
f 7969//7969 7857//7857 7859//7859
f 7969//7969 7859//7859 7968//7968
f 7968//7968 7859//7859 7861//7861
f 7968//7968 7861//7861 7967//7967
f 7967//7967 7861//7861 7863//7863
f 7967//7967 7863//7863 6878//6878
f 6878//6878 7863//7863 6879//6879
f 7748//7748 6881//6881 7863//7863
f 7863//7863 6881//6881 6880//6880
f 7863//7863 6880//6880 6879//6879
f 6883//6883 6882//6882 7747//7747
f 7747//7747 6882//6882 7748//7748
f 7747//7747 7748//7748 7972//7972
f 7972//7972 7748//7748 7862//7862
f 7972//7972 7862//7862 7973//7973
f 7973//7973 7862//7862 7860//7860
f 7973//7973 7860//7860 7974//7974
f 7974//7974 7860//7860 7858//7858
f 7974//7974 7858//7858 7975//7975
f 7975//7975 7858//7858 7773//7773
f 7975//7975 7773//7773 7229//7229
f 7229//7229 7773//7773 7234//7234
f 6885//6885 6884//6884 7976//7976
f 7976//7976 6884//6884 7747//7747
f 7976//7976 7747//7747 7977//7977
f 7977//7977 7747//7747 7972//7972
f 7977//7977 7972//7972 7978//7978
f 7978//7978 7972//7972 7973//7973
f 7978//7978 7973//7973 7979//7979
f 7979//7979 7973//7973 7974//7974
f 7979//7979 7974//7974 7980//7980
f 7980//7980 7974//7974 7975//7975
f 7980//7980 7975//7975 7228//7228
f 7228//7228 7975//7975 7229//7229
f 7228//7228 7226//7226 7980//7980
f 7980//7980 7226//7226 7772//7772
f 7980//7980 7772//7772 7979//7979
f 7979//7979 7772//7772 7864//7864
f 7979//7979 7864//7864 7978//7978
f 7978//7978 7864//7864 7866//7866
f 7978//7978 7866//7866 7977//7977
f 7977//7977 7866//7866 7868//7868
f 7977//7977 7868//7868 7976//7976
f 7976//7976 7868//7868 7870//7870
f 7976//7976 7870//7870 6885//6885
f 6885//6885 7870//7870 6886//6886
f 7746//7746 6888//6888 7870//7870
f 7870//7870 6888//6888 6887//6887
f 7870//7870 6887//6887 6886//6886
f 6892//6892 6889//6889 7981//7981
f 7981//7981 6889//6889 7746//7746
f 7981//7981 7746//7746 7982//7982
f 7982//7982 7746//7746 7869//7869
f 7982//7982 7869//7869 7983//7983
f 7983//7983 7869//7869 7867//7867
f 7983//7983 7867//7867 7984//7984
f 7984//7984 7867//7867 7865//7865
f 7984//7984 7865//7865 7985//7985
f 7985//7985 7865//7865 7771//7771
f 7985//7985 7771//7771 7289//7289
f 7289//7289 7771//7771 7287//7287
f 7289//7289 7220//7220 7985//7985
f 7985//7985 7220//7220 7770//7770
f 7985//7985 7770//7770 7984//7984
f 7984//7984 7770//7770 7986//7986
f 7984//7984 7986//7986 7983//7983
f 7983//7983 7986//7986 7987//7987
f 7983//7983 7987//7987 7982//7982
f 7982//7982 7987//7987 7988//7988
f 7982//7982 7988//7988 7981//7981
f 7981//7981 7988//7988 7745//7745
f 7981//7981 7745//7745 6892//6892
f 6892//6892 7745//7745 6893//6893
f 6891//6891 6890//6890 7878//7878
f 7878//7878 6890//6890 7745//7745
f 7878//7878 7745//7745 7876//7876
f 7876//7876 7745//7745 7988//7988
f 7876//7876 7988//7988 7874//7874
f 7874//7874 7988//7988 7987//7987
f 7874//7874 7987//7987 7872//7872
f 7872//7872 7987//7987 7986//7986
f 7872//7872 7986//7986 7871//7871
f 7871//7871 7986//7986 7770//7770
f 7871//7871 7770//7770 7216//7216
f 7216//7216 7770//7770 7219//7219
f 7744//7744 6895//6895 7878//7878
f 7878//7878 6895//6895 6894//6894
f 7878//7878 6894//6894 6891//6891
f 6897//6897 6896//6896 7989//7989
f 7989//7989 6896//6896 7744//7744
f 7989//7989 7744//7744 7990//7990
f 7990//7990 7744//7744 7877//7877
f 7990//7990 7877//7877 7991//7991
f 7991//7991 7877//7877 7875//7875
f 7991//7991 7875//7875 7992//7992
f 7992//7992 7875//7875 7873//7873
f 7992//7992 7873//7873 7993//7993
f 7993//7993 7873//7873 7769//7769
f 7993//7993 7769//7769 7209//7209
f 7209//7209 7769//7769 7211//7211
f 7209//7209 7208//7208 7993//7993
f 7993//7993 7208//7208 7768//7768
f 7993//7993 7768//7768 7992//7992
f 7992//7992 7768//7768 7880//7880
f 7992//7992 7880//7880 7991//7991
f 7991//7991 7880//7880 7882//7882
f 7991//7991 7882//7882 7990//7990
f 7990//7990 7882//7882 7884//7884
f 7990//7990 7884//7884 7989//7989
f 7989//7989 7884//7884 7886//7886
f 7989//7989 7886//7886 6897//6897
f 6897//6897 7886//7886 6898//6898
f 7743//7743 6900//6900 7886//7886
f 7886//7886 6900//6900 6899//6899
f 7886//7886 6899//6899 6898//6898
f 6902//6902 6901//6901 7994//7994
f 7994//7994 6901//6901 7743//7743
f 7994//7994 7743//7743 7995//7995
f 7995//7995 7743//7743 7885//7885
f 7995//7995 7885//7885 7996//7996
f 7996//7996 7885//7885 7883//7883
f 7996//7996 7883//7883 7997//7997
f 7997//7997 7883//7883 7881//7881
f 7997//7997 7881//7881 7767//7767
f 7767//7767 7881//7881 7879//7879
f 7767//7767 7879//7879 7202//7202
f 7202//7202 7879//7879 7204//7204
f 7198//7198 7196//7196 7767//7767
f 7767//7767 7196//7196 7887//7887
f 7767//7767 7887//7887 7997//7997
f 7997//7997 7887//7887 7888//7888
f 7997//7997 7888//7888 7996//7996
f 7996//7996 7888//7888 7889//7889
f 7996//7996 7889//7889 7995//7995
f 7995//7995 7889//7889 7890//7890
f 7995//7995 7890//7890 7994//7994
f 7994//7994 7890//7890 7891//7891
f 7994//7994 7891//7891 6902//6902
f 6902//6902 7891//7891 6903//6903
