# Chess piece OBJ — converted from knight top.STL
# 6006 triangles, 3005 unique vertices

v -6.51156 48.60697 3.81155
v -10.65211 36.36646 3.81155
v -9.94360 36.40156 3.81155
v -9.29791 51.03164 3.81155
v -9.02813 48.60853 3.81155
v -7.96253 29.74446 3.81155
v -8.62091 28.67645 3.81155
v 7.71788 20.87544 3.81155
v 9.03214 14.95029 3.81155
v -9.62553 9.62192 3.81155
v 9.71842 14.50031 3.81155
v 9.99656 9.62192 3.81155
v 10.47145 14.17412 3.81155
v 10.80669 14.03200 3.81155
v -11.53136 36.18346 3.81155
v -12.19075 35.93491 3.81155
v -1.98021 38.96641 3.81155
v -2.20541 37.14644 3.81155
v 9.33538 22.69939 3.81155
v -2.46505 36.09067 3.81155
v 8.69404 22.18738 3.81155
v -2.57951 38.17903 3.81155
v -2.13390 38.94091 3.81155
v -2.22081 48.66618 3.81155
v -1.81803 39.76509 3.81155
v -0.09916 48.32323 3.81155
v -2.85475 35.12691 3.81155
v -3.42632 34.17649 3.81155
v 8.14954 21.57339 3.81155
v -4.13799 33.33880 3.81155
v -4.94939 32.63890 3.81155
v -6.18546 31.65610 3.81155
v -7.18485 30.69103 3.81155
v -4.36790 48.76119 3.81155
v -3.80943 36.92097 3.81155
v -3.14301 37.49969 3.81155
v -9.26429 36.32240 3.81155
v -7.99723 35.96092 3.81155
v -7.11911 35.87181 3.81155
v -15.83522 35.65070 3.81155
v -15.76197 35.26144 3.81155
v -13.70567 34.62150 3.81155
v 12.06659 11.95814 3.81155
v 12.03822 12.32115 3.81155
v 7.56212 16.89506 3.81155
v -11.69556 11.95814 3.81155
v -11.69556 11.94344 3.81155
v -7.77851 21.57339 3.81155
v -7.34686 20.87544 3.81155
v 7.24011 19.31154 3.81155
v 14.40476 29.49114 3.81155
v 14.36593 31.63998 3.81155
v 10.05472 23.09436 3.81155
v -6.23818 35.92660 3.81155
v -5.37787 36.12383 3.81155
v -4.56105 36.45825 3.81155
v -12.69576 35.65020 3.81155
v -15.51873 37.17860 3.81155
v -13.17094 35.26596 3.81155
v -15.68686 36.81997 3.81155
v -13.55896 34.82970 3.81155
v -15.79720 36.43956 3.81155
v -15.84706 36.04662 3.81155
v 11.94527 11.20029 3.81155
v 12.03605 11.56694 3.81155
v 12.06659 11.94344 3.81155
v 11.95380 12.67535 3.81155
v 11.81538 13.01214 3.81155
v 11.62633 13.32333 3.81155
v 7.31642 17.67806 3.81155
v -11.02020 13.60138 3.81155
v -11.25530 13.32333 3.81155
v -11.44435 13.01214 3.81155
v 7.41174 20.11403 3.81155
v -8.32301 22.18738 3.81155
v -8.96435 22.69939 3.81155
v 14.07856 33.76987 3.81155
v 13.54653 35.85218 3.81155
v 12.77699 37.85888 3.81155
v 11.78029 39.76298 3.81155
v 10.56984 41.53889 3.81155
v 9.16192 43.16271 3.81155
v -15.62909 34.88831 3.81155
v -15.43983 34.54036 3.81155
v -13.81820 34.46961 3.81155
v 7.57547 44.61260 3.81155
v 5.83181 45.86907 3.81155
v 3.95441 46.91520 3.81155
v 1.96852 47.73694 3.81155
v 10.36711 9.69523 3.81155
v 10.72100 9.82728 3.81155
v 11.04900 10.01463 3.81155
v 11.39123 13.60138 3.81155
v 11.11579 13.83953 3.81155
v -11.58277 12.67535 3.81155
v -11.66719 12.32115 3.81155
v -11.66503 11.56694 3.81155
v -11.57424 11.20029 3.81155
v -11.42556 10.85305 3.81155
v -11.22288 10.53430 3.81155
v -10.97149 10.25237 3.81155
v -10.67797 10.01463 3.81155
v 8.43277 15.51085 3.81155
v 7.93792 16.16551 3.81155
v -9.99608 9.69523 3.81155
v -10.34997 9.82728 3.81155
v -7.04071 20.11403 3.81155
v -6.86908 19.31154 3.81155
v 7.20802 18.49152 3.81155
v -6.83699 18.49152 3.81155
v -6.94539 17.67806 3.81155
v -7.19110 16.89506 3.81155
v -7.56689 16.16551 3.81155
v -8.06174 15.51085 3.81155
v -8.66111 14.95029 3.81155
v -9.34739 14.50031 3.81155
v -10.10042 14.17412 3.81155
v 11.07779 23.64790 3.81155
v 12.00016 24.35663 3.81155
v 12.79849 25.20263 3.81155
v 11.34252 10.25237 3.81155
v 11.59391 10.53430 3.81155
v 11.79659 10.85305 3.81155
v -9.68369 23.09436 3.81155
v -9.51356 26.90480 3.81155
v -10.01213 25.77687 3.81155
v -14.28307 34.15426 3.81155
v -14.46580 34.10587 3.81155
v -14.65406 34.08882 3.81155
v -10.43566 14.03200 3.81155
v -10.74476 13.83953 3.81155
v 13.45260 26.16451 3.81155
v 13.94594 27.21792 3.81155
v 14.26603 28.33623 3.81155
v -15.19877 34.22607 3.81155
v -15.02581 34.14978 3.81155
v -14.84251 34.10360 3.81155
v -14.11104 34.23263 3.81155
v -13.95461 34.33875 3.81155
v -10.32872 23.86157 3.81155
v -10.27169 23.68059 3.81155
v -9.83917 23.17534 3.81155
v -10.28884 24.89487 3.81155
v -10.36116 24.43973 3.81155
v -10.36609 24.12408 3.81155
v -10.19726 23.53089 3.81155
v -10.10551 23.40204 3.81155
v -9.98467 23.28035 3.81155
v -9.51356 26.90480 -3.80845
v -8.62091 28.67645 -3.80845
v -9.68369 23.09436 -3.80845
v -2.57951 38.17903 -3.80845
v -3.14301 37.49969 -3.80845
v -2.22081 48.66618 -3.80845
v 8.69404 22.18738 -3.80845
v -2.85475 35.12691 -3.80845
v 9.33538 22.69939 -3.80845
v -2.46505 36.09067 -3.80845
v -2.20541 37.14644 -3.80845
v -9.94360 36.40156 -3.80845
v -10.65211 36.36646 -3.80845
v -6.51156 48.60697 -3.80845
v -9.02813 48.60853 -3.80845
v -9.29791 51.03164 -3.80845
v -1.98021 38.96641 -3.80845
v -1.81803 39.76509 -3.80845
v 10.05472 23.09436 -3.80845
v -6.18546 31.65610 -3.80845
v 8.14954 21.57339 -3.80845
v -7.18485 30.69103 -3.80845
v 7.71788 20.87544 -3.80845
v -7.96253 29.74446 -3.80845
v 7.56212 16.89506 -3.80845
v 7.93792 16.16551 -3.80845
v -9.62553 9.62192 -3.80845
v 12.00016 24.35663 -3.80845
v 11.07779 23.64790 -3.80845
v -0.09916 48.32323 -3.80845
v -4.94939 32.63890 -3.80845
v -4.13799 33.33880 -3.80845
v -3.42632 34.17649 -3.80845
v 8.43277 15.51085 -3.80845
v 9.03214 14.95029 -3.80845
v 9.99656 9.62192 -3.80845
v 9.71842 14.50031 -3.80845
v -11.53136 36.18346 -3.80845
v -12.19075 35.93491 -3.80845
v -15.51873 37.17860 -3.80845
v -12.69576 35.65020 -3.80845
v -13.17094 35.26596 -3.80845
v -15.68686 36.81997 -3.80845
v -13.55896 34.82970 -3.80845
v -6.23818 35.92660 -3.80845
v -7.11911 35.87181 -3.80845
v -4.36790 48.76119 -3.80845
v 12.77699 37.85888 -3.80845
v 11.78029 39.76298 -3.80845
v 1.96852 47.73694 -3.80845
v 3.95441 46.91520 -3.80845
v 13.54653 35.85218 -3.80845
v 14.07856 33.76987 -3.80845
v 14.36593 31.63998 -3.80845
v -7.99723 35.96092 -3.80845
v -9.26429 36.32240 -3.80845
v -2.13390 38.94091 -3.80845
v -10.36116 24.43973 -3.80845
v -9.83917 23.17534 -3.80845
v -10.28884 24.89487 -3.80845
v -10.01213 25.77687 -3.80845
v -3.80943 36.92097 -3.80845
v -4.56105 36.45825 -3.80845
v -5.37787 36.12383 -3.80845
v 5.83181 45.86907 -3.80845
v 7.57547 44.61260 -3.80845
v 10.56984 41.53889 -3.80845
v 9.16192 43.16271 -3.80845
v 14.40476 29.49114 -3.80845
v 14.26603 28.33623 -3.80845
v 13.94594 27.21792 -3.80845
v -7.77851 21.57339 -3.80845
v -8.32301 22.18738 -3.80845
v -8.96435 22.69939 -3.80845
v 11.81538 13.01214 -3.80845
v 11.95380 12.67535 -3.80845
v 12.03822 12.32115 -3.80845
v -15.76197 35.26144 -3.80845
v -13.70567 34.62150 -3.80845
v -15.62909 34.88831 -3.80845
v -15.43983 34.54036 -3.80845
v -15.83522 35.65070 -3.80845
v -15.84706 36.04662 -3.80845
v -15.79720 36.43956 -3.80845
v 13.45260 26.16451 -3.80845
v 12.79849 25.20263 -3.80845
v -11.69556 11.95814 -3.80845
v -11.66719 12.32115 -3.80845
v 12.06659 11.95814 -3.80845
v 12.06659 11.94344 -3.80845
v 12.03605 11.56694 -3.80845
v -13.81820 34.46961 -3.80845
v -13.95461 34.33875 -3.80845
v -14.11104 34.23263 -3.80845
v -14.28307 34.15426 -3.80845
v -14.46580 34.10587 -3.80845
v -14.65406 34.08882 -3.80845
v -9.34739 14.50031 -3.80845
v -8.66111 14.95029 -3.80845
v 7.31642 17.67806 -3.80845
v -8.06174 15.51085 -3.80845
v -7.56689 16.16551 -3.80845
v -6.86908 19.31154 -3.80845
v -7.04071 20.11403 -3.80845
v 7.24011 19.31154 -3.80845
v -7.34686 20.87544 -3.80845
v 7.41174 20.11403 -3.80845
v 10.47145 14.17412 -3.80845
v 10.80669 14.03200 -3.80845
v 11.11579 13.83953 -3.80845
v 11.94527 11.20029 -3.80845
v 11.79659 10.85305 -3.80845
v 11.59391 10.53430 -3.80845
v -9.98467 23.28035 -3.80845
v -10.10551 23.40204 -3.80845
v -10.19726 23.53089 -3.80845
v -10.27169 23.68059 -3.80845
v -10.32872 23.86157 -3.80845
v -10.36609 24.12408 -3.80845
v -14.84251 34.10360 -3.80845
v -15.02581 34.14978 -3.80845
v -15.19877 34.22607 -3.80845
v -10.74476 13.83953 -3.80845
v -10.43566 14.03200 -3.80845
v -10.10042 14.17412 -3.80845
v -7.19110 16.89506 -3.80845
v -6.94539 17.67806 -3.80845
v -6.83699 18.49152 -3.80845
v -11.42556 10.85305 -3.80845
v -11.57424 11.20029 -3.80845
v -11.25530 13.32333 -3.80845
v -11.02020 13.60138 -3.80845
v 11.39123 13.60138 -3.80845
v 11.62633 13.32333 -3.80845
v 11.34252 10.25237 -3.80845
v 11.04900 10.01463 -3.80845
v 10.36711 9.69523 -3.80845
v 10.72100 9.82728 -3.80845
v 7.20802 18.49152 -3.80845
v -9.99608 9.69523 -3.80845
v -10.34997 9.82728 -3.80845
v -10.67797 10.01463 -3.80845
v -11.66503 11.56694 -3.80845
v -11.69556 11.94344 -3.80845
v -11.58277 12.67535 -3.80845
v -11.44435 13.01214 -3.80845
v -10.97149 10.25237 -3.80845
v -11.22288 10.53430 -3.80845
v -6.51156 48.60697 2.03355
v -6.51156 48.60697 -2.03045
v -7.35581 48.43100 -2.03045
v -7.35581 48.43100 2.03355
v -8.16389 48.12980 -2.03045
v -8.16389 48.12980 2.03355
v -8.91735 47.71025 -2.03045
v -8.91735 47.71025 2.03355
v -9.59896 47.18193 -2.03045
v -9.59896 47.18193 2.03355
v -10.19316 46.55692 -2.03045
v -10.19316 46.55692 2.03355
v -9.02813 48.60853 2.03355
v -9.02813 48.60853 -2.03045
v -9.29791 51.03164 2.03355
v -9.29791 51.03164 -2.03045
v 11.57433 1.66134 8.16818
v 11.46334 1.66134 8.30736
v 12.80609 0.87040 9.30976
v 0.95729 1.66134 13.88145
v 0.77926 1.66134 13.88145
v 0.83275 0.87040 15.55624
v -10.12914 1.66134 9.14288
v -10.24014 1.66134 9.00369
v -11.51620 0.87040 10.08973
v -13.33666 1.66134 -2.47929
v -13.29705 1.66134 -2.65286
v -14.94175 0.87040 -2.97339
v -6.24993 1.66134 -12.23334
v -6.08954 1.66134 -12.31058
v -6.86439 0.87040 -13.79631
v 5.79459 1.66134 -12.77426
v 5.95498 1.66134 -12.69701
v 6.63346 0.87040 -14.22916
v 14.00455 1.66134 -2.47929
v 15.76886 0.87040 -1.98856
v 13.76674 1.66134 -3.52117
v 15.38765 0.87040 -3.94599
v 13.72713 1.66134 -3.69473
v 13.34188 1.66134 -4.88041
v 14.75925 0.87040 -5.83861
v 13.20192 1.66134 -5.20787
v 13.89400 0.87040 -7.63533
v 12.80609 0.87040 -9.30665
v 11.57433 1.66134 -8.16506
v 12.26113 1.66134 -7.12461
v 12.42989 1.66134 -6.81101
v 12.85190 1.66134 -6.02677
v 9.93549 1.66134 -10.04087
v 10.30470 1.66134 -9.65471
v 11.51339 0.87040 -10.82513
v 10.79703 1.66134 -9.13977
v 11.46334 1.66134 -8.30425
v 8.99664 1.66134 -10.86112
v 10.03712 0.87040 -12.16584
v 7.98804 1.66134 -11.59391
v 8.40152 0.87040 -13.30676
v 7.52940 1.66134 -11.86793
v 6.91782 1.66134 -12.23334
v 4.62739 1.66134 -13.21231
v 4.76196 0.87040 -14.91789
v 4.28410 1.66134 -13.30706
v 2.81775 0.87040 -15.36164
v 0.83275 0.87040 -15.55313
v 0.95729 1.66134 -13.87834
v 2.19896 1.66134 -13.76659
v 2.54937 1.66134 -13.70300
v 3.42562 1.66134 -13.54398
v -1.53108 1.66134 -13.76659
v -0.99896 1.66134 -13.81448
v -1.16043 0.87040 -15.48921
v -0.28940 1.66134 -13.87834
v 0.77926 1.66134 -13.87834
v -2.75774 1.66134 -13.54398
v -3.12908 0.87040 -15.17094
v -3.95950 1.66134 -13.21231
v -5.04086 0.87040 -14.60353
v -4.45970 1.66134 -13.02459
v -5.12670 1.66134 -12.77426
v -7.32015 1.66134 -11.59391
v -8.56973 0.87040 -12.76253
v -7.60827 1.66134 -11.38458
v -10.12886 0.87040 -11.51916
v -11.51620 0.87040 -10.08662
v -10.12914 1.66134 -9.13977
v -9.26760 1.66134 -10.04087
v -8.99941 1.66134 -10.27518
v -8.32875 1.66134 -10.86112
v -11.59324 1.66134 -7.12461
v -11.29892 1.66134 -7.57049
v -12.70896 0.87040 -8.48843
v -10.90644 1.66134 -8.16506
v -10.24014 1.66134 -9.00058
v -12.18401 1.66134 -6.02677
v -13.68755 0.87040 -6.75084
v -12.67399 1.66134 -4.88041
v -14.43591 0.87040 -4.90237
v -12.83909 1.66134 -4.37229
v -13.05924 1.66134 -3.69473
v -13.50401 1.66134 -1.24388
v -15.19677 0.87040 -0.99555
v -13.51999 1.66134 -0.88812
v -15.19677 0.87040 0.99866
v -14.94175 0.87040 2.97650
v -13.33666 1.66134 2.48240
v -13.50401 1.66134 1.24699
v -13.51999 1.66134 0.89123
v -13.55994 1.66134 0.00156
v -12.67399 1.66134 4.88352
v -12.83909 1.66134 4.37540
v -14.43591 0.87040 4.90549
v -13.05924 1.66134 3.69784
v -13.29705 1.66134 2.65597
v -12.18401 1.66134 6.02989
v -13.68755 0.87040 6.75395
v -11.59324 1.66134 7.12772
v -12.70896 0.87040 8.49154
v -11.29892 1.66134 7.57360
v -10.90644 1.66134 8.16818
v -9.26760 1.66134 10.04398
v -10.12886 0.87040 11.52227
v -8.99941 1.66134 10.27829
v -8.56973 0.87040 12.76564
v -6.86439 0.87040 13.79942
v -6.24993 1.66134 12.23645
v -7.32015 1.66134 11.59702
v -7.60827 1.66134 11.38769
v -8.32875 1.66134 10.86423
v -3.95950 1.66134 13.21542
v -4.45970 1.66134 13.02770
v -5.04086 0.87040 14.60664
v -5.12670 1.66134 12.77737
v -6.08954 1.66134 12.31369
v -2.75774 1.66134 13.54709
v -3.12908 0.87040 15.17405
v -1.53108 1.66134 13.76970
v -1.16043 0.87040 15.49233
v -0.99896 1.66134 13.81759
v -0.28940 1.66134 13.88145
v 2.19896 1.66134 13.76970
v 2.81775 0.87040 15.36475
v 2.54937 1.66134 13.70611
v 4.76196 0.87040 14.92100
v 6.63346 0.87040 14.23227
v 5.79459 1.66134 12.77737
v 4.62739 1.66134 13.21542
v 4.28410 1.66134 13.31017
v 3.42562 1.66134 13.54709
v 7.98804 1.66134 11.59702
v 7.52940 1.66134 11.87104
v 8.40152 0.87040 13.30987
v 6.91782 1.66134 12.23645
v 5.95498 1.66134 12.70013
v 8.99664 1.66134 10.86423
v 10.03712 0.87040 12.16895
v 9.93549 1.66134 10.04398
v 11.51339 0.87040 10.82824
v 10.30470 1.66134 9.65782
v 10.79703 1.66134 9.14288
v 12.26113 1.66134 7.12772
v 13.89400 0.87040 7.63844
v 12.42989 1.66134 6.81412
v 15.38765 0.87040 3.94910
v 13.76674 1.66134 3.52428
v 13.72713 1.66134 3.69784
v 14.75925 0.87040 5.84172
v 13.34188 1.66134 4.88352
v 13.20192 1.66134 5.21098
v 12.85190 1.66134 6.02989
v 14.00455 1.66134 2.48240
v 15.76886 0.87040 1.99167
v 14.10018 1.66134 1.77643
v 14.10018 1.66134 -1.77332
v 14.17189 1.66134 -1.24388
v 15.89663 0.87040 0.00156
v 14.22783 1.66134 0.00156
v 14.17189 1.66134 1.24699
v 12.29951 8.18718 3.51474
v 12.01640 8.18718 4.38606
v 12.55120 8.12986 4.58677
v 11.67633 8.18718 5.18169
v 11.57635 8.18718 5.41561
v 12.09100 8.12986 5.66346
v 10.82150 8.18718 6.74133
v 10.42896 8.18718 7.33601
v 10.89109 8.12986 7.67177
v 7.07709 8.18718 10.49374
v 6.24694 8.18718 10.98974
v 6.51762 8.12986 11.49276
v 5.51322 8.18718 11.34308
v 5.23816 8.18718 11.47554
v 5.46267 8.12986 12.00080
v 3.84654 8.18718 11.96372
v 3.11059 8.18718 12.16683
v 3.23770 8.12986 12.72373
v -1.44114 8.18718 12.34859
v -2.44270 8.18718 12.16683
v -2.56981 8.12986 12.72373
v -4.84533 8.18718 11.34308
v -5.57905 8.18718 10.98974
v -5.84973 8.12986 11.49276
v -6.40921 8.18718 10.49374
v -6.54022 8.18718 10.41546
v -6.85490 8.12986 10.89219
v -7.82929 8.18718 9.42251
v -8.28922 8.18718 9.02068
v -8.68397 8.12986 9.43356
v -9.09469 8.18718 8.17163
v -9.76107 8.18718 7.33601
v -10.22320 8.12986 7.67177
v -11.00844 8.18718 5.18169
v -11.34851 8.18718 4.38606
v -11.88331 8.12986 4.58677
v -11.63162 8.18718 3.51474
v -11.69451 8.18718 3.32120
v -12.24515 8.12986 3.47316
v -11.63162 8.18718 -3.51163
v -11.34851 8.18718 -4.38294
v -11.88331 8.12986 -4.58366
v -11.00844 8.18718 -5.17858
v -10.90846 8.18718 -5.41250
v -11.42311 8.12986 -5.66035
v -10.15362 8.18718 -6.73822
v -9.76107 8.18718 -7.33290
v -10.22320 8.12986 -7.66866
v -6.40921 8.18718 -10.49063
v -5.57905 8.18718 -10.98663
v -5.84973 8.12986 -11.48964
v -4.84533 8.18718 -11.33996
v -4.57027 8.18718 -11.47243
v -4.79478 8.12986 -11.99768
v -3.17865 8.18718 -11.96061
v -2.44270 8.18718 -12.16372
v -2.56981 8.12986 -12.72062
v 2.10902 8.18718 -12.34547
v 3.11059 8.18718 -12.16372
v 3.23770 8.12986 -12.72062
v 5.51322 8.18718 -11.33996
v 6.24694 8.18718 -10.98663
v 6.51762 8.12986 -11.48964
v 7.07709 8.18718 -10.49063
v 7.20811 8.18718 -10.41235
v 7.52279 8.12986 -10.88908
v 8.49718 8.18718 -9.41940
v 8.95711 8.18718 -9.01757
v 9.35186 8.12986 -9.43045
v 9.76258 8.18718 -8.16852
v 10.42896 8.18718 -7.33290
v 10.89109 8.12986 -7.66866
v 11.67633 8.18718 -5.17858
v 12.01640 8.18718 -4.38294
v 12.55120 8.12986 -4.58366
v 12.29951 8.18718 -3.51163
v 12.36239 8.18718 -3.31809
v 12.91303 8.12986 -3.47005
v 14.66602 1.95022 1.29147
v 13.80636 1.95022 5.05784
v 11.97570 1.95022 8.45979
v 11.17064 1.95022 9.46929
v 8.26135 1.95022 12.01106
v 4.78070 1.95022 13.68726
v 0.97955 1.95022 14.37707
v -0.31166 1.95022 14.37707
v -4.11281 1.95022 13.68726
v -7.59346 1.95022 12.01106
v -10.50276 1.95022 9.46929
v -11.30781 1.95022 8.45979
v -13.13848 1.95022 5.05784
v -13.99813 1.95022 1.29147
v -13.82480 1.95022 -2.56788
v -13.53748 1.95022 -3.82672
v -12.01914 1.95022 -7.37907
v -9.61045 1.95022 -10.39946
v -6.48503 1.95022 -12.67022
v -5.32169 1.95022 -13.23045
v -1.59767 1.95022 -14.25821
v 2.26556 1.95022 -14.25821
v 5.98957 1.95022 -13.23045
v 7.15291 1.95022 -12.67022
v 10.27833 1.95022 -10.39946
v 12.68702 1.95022 -7.37907
v 14.20537 1.95022 -3.82672
v 14.49269 1.95022 -2.56788
v 14.72395 1.95022 0.00156
v 14.66602 1.95022 -1.28835
v 15.16491 2.31782 0.00156
v 15.10521 2.31782 -1.32788
v 15.53837 2.75384 0.00156
v 15.47717 2.75384 -1.36136
v 15.83386 3.24605 0.00156
v 15.77146 3.24605 -1.38785
v 16.04308 3.78066 0.00156
v 15.97984 3.78066 -1.40660
v 16.16018 4.34269 0.00156
v 16.09646 4.34269 -1.41710
v 16.18187 4.91637 0.00156
v 16.11807 4.91637 -1.41904
v 16.10755 5.48563 0.00156
v 16.04405 5.48563 -1.41238
v 15.93929 6.03452 0.00156
v 15.87647 6.03452 -1.39730
v 15.68182 6.54764 0.00156
v 15.62004 6.54764 -1.37422
v 15.34235 7.01061 0.00156
v 15.28194 7.01061 -1.34379
v 14.93040 7.41046 0.00156
v 14.87164 7.41046 -1.30686
v 14.45752 7.73598 0.00156
v 14.40066 7.73598 -1.26447
v 13.93695 7.97804 0.00156
v 13.88219 7.97804 -1.21781
v 13.38329 8.12986 0.00156
v 13.33076 8.12986 -1.16818
v 11.97570 1.95022 -8.45668
v 13.06557 2.31782 -7.60524
v 12.33245 2.31782 -8.71587
v 13.38617 2.75384 -7.79679
v 12.63459 2.75384 -8.93538
v 13.63982 3.24605 -7.94834
v 12.87364 3.24605 -9.10906
v 13.81943 3.78066 -8.05565
v 13.04290 3.78066 -9.23204
v 13.91995 4.34269 -8.11571
v 13.13764 4.34269 -9.30087
v 13.93858 4.91637 -8.12683
v 13.15518 4.91637 -9.31362
v 13.87477 5.48563 -8.08871
v 13.09506 5.48563 -9.26994
v 13.73034 6.03452 -8.00242
v 12.95894 6.03452 -9.17104
v 13.50931 6.54764 -7.87036
v 12.75064 6.54764 -9.01970
v 13.21789 7.01061 -7.69625
v 12.47600 7.01061 -8.82017
v 12.86426 7.41046 -7.48496
v 12.14273 7.41046 -8.57803
v 12.45831 7.73598 -7.24242
v 11.76015 7.73598 -8.30007
v 12.01143 7.97804 -6.97542
v 11.33901 7.97804 -7.99409
v 11.53614 8.12986 -6.69145
v 4.78070 1.95022 -13.68415
v 3.53602 1.95022 -14.02766
v 4.91697 2.31782 -14.10354
v 3.63414 2.31782 -14.45757
v 5.03237 2.75384 -14.45872
v 3.71725 2.75384 -14.82167
v 5.12368 3.24605 -14.73974
v 3.78300 3.24605 -15.10974
v 5.18833 3.78066 -14.93872
v 3.82955 3.78066 -15.31372
v 5.22452 4.34269 -15.05009
v 3.85561 4.34269 -15.42788
v 5.23122 4.91637 -15.07072
v 3.86044 4.91637 -15.44903
v 5.20825 5.48563 -15.00003
v 3.84390 5.48563 -15.37657
v 5.15626 6.03452 -14.84001
v 3.80646 6.03452 -15.21253
v 5.07670 6.54764 -14.59514
v 3.74917 6.54764 -14.96152
v 4.97180 7.01061 -14.27229
v 3.67363 7.01061 -14.63056
v 4.84450 7.41046 -13.88050
v 3.58196 7.41046 -14.22894
v 4.69837 7.73598 -13.43076
v 3.47673 7.73598 -13.76791
v 4.53750 7.97804 -12.93567
v 3.36090 7.97804 -13.26039
v 4.36642 8.12986 -12.40911
v 0.97955 1.95022 -14.37396
v 2.32475 2.31782 -14.69519
v 0.99933 2.31782 -14.81448
v 2.37488 2.75384 -15.06527
v 1.01609 2.75384 -15.18757
v 2.41455 3.24605 -15.35808
v 1.02934 3.24605 -15.48275
v 2.44263 3.78066 -15.56541
v 1.03873 3.78066 -15.69176
v 2.45835 4.34269 -15.68145
v 1.04398 4.34269 -15.80874
v 2.46126 4.91637 -15.70294
v 1.04496 4.91637 -15.83041
v 2.45129 5.48563 -15.62929
v 1.04162 5.48563 -15.75617
v 2.42870 6.03452 -15.46256
v 1.03408 6.03452 -15.58808
v 2.39414 6.54764 -15.20742
v 1.02252 6.54764 -15.33087
v 2.34857 7.01061 -14.87103
v 1.00729 7.01061 -14.99174
v 2.29327 7.41046 -14.46280
v 0.98881 7.41046 -14.58021
v 2.22980 7.73598 -13.99420
v 0.96759 7.73598 -14.10780
v 2.15992 7.97804 -13.47834
v 0.94424 7.97804 -13.58775
v 2.08560 8.12986 -12.92970
v 0.91940 8.12986 -13.03465
v 2.00892 8.18718 -12.36364
v -0.31166 1.95022 -14.37396
v -0.33145 2.31782 -14.81448
v -1.65687 2.31782 -14.69519
v -0.34820 2.75384 -15.18757
v -1.70700 2.75384 -15.06527
v -0.36146 3.24605 -15.48275
v -1.74666 3.24605 -15.35808
v -0.37084 3.78066 -15.69176
v -1.77474 3.78066 -15.56541
v -0.37610 4.34269 -15.80874
v -1.79046 4.34269 -15.68145
v -0.37707 4.91637 -15.83041
v -1.79338 4.91637 -15.70294
v -0.37374 5.48563 -15.75617
v -1.78340 5.48563 -15.62929
v -0.36619 6.03452 -15.58808
v -1.76081 6.03452 -15.46256
v -0.35464 6.54764 -15.33087
v -1.72625 6.54764 -15.20742
v -0.33941 7.01061 -14.99174
v -1.68068 7.01061 -14.87103
v -0.32092 7.41046 -14.58021
v -1.62539 7.41046 -14.46280
v -0.29971 7.73598 -14.10780
v -1.56191 7.73598 -13.99420
v -0.27635 7.97804 -13.58775
v -1.49203 7.97804 -13.47834
v -0.25151 8.12986 -13.03465
v -1.41771 8.12986 -12.92970
v -7.59346 1.95022 -12.00795
v -8.63808 1.95022 -11.24900
v -7.83639 2.31782 -12.37598
v -8.91302 2.31782 -11.59376
v -8.04213 2.75384 -12.68766
v -9.14586 2.75384 -11.88575
v -8.20491 3.24605 -12.93426
v -9.33009 3.24605 -12.11676
v -8.32017 3.78066 -13.10887
v -9.46054 3.78066 -12.28034
v -8.38468 4.34269 -13.20660
v -9.53355 4.34269 -12.37189
v -8.39663 4.91637 -13.22470
v -9.54708 4.91637 -12.38885
v -8.35569 5.48563 -13.16267
v -9.50074 5.48563 -12.33074
v -8.26300 6.03452 -13.02225
v -9.39583 6.03452 -12.19920
v -8.12116 6.54764 -12.80737
v -9.23530 6.54764 -11.99790
v -7.93414 7.01061 -12.52406
v -9.02365 7.01061 -11.73249
v -7.70720 7.41046 -12.18026
v -8.76680 7.41046 -11.41042
v -7.44669 7.73598 -11.78560
v -8.47196 7.73598 -11.04070
v -7.15991 7.97804 -11.35115
v -8.14739 7.97804 -10.63370
v -6.85490 8.12986 -10.88908
v -7.80219 8.12986 -10.20084
v -6.54022 8.18718 -10.41235
v -10.50276 1.95022 -9.46618
v -9.91519 2.31782 -10.71819
v -10.83484 2.31782 -9.75631
v -10.17327 2.75384 -10.98813
v -11.11608 2.75384 -10.00203
v -10.37747 3.24605 -11.20170
v -11.33860 3.24605 -10.19644
v -10.52205 3.78066 -11.35293
v -11.49616 3.78066 -10.33409
v -10.60298 4.34269 -11.43757
v -11.58434 4.34269 -10.41114
v -10.61797 4.91637 -11.45324
v -11.60068 4.91637 -10.42541
v -10.56660 5.48563 -11.39952
v -11.54471 5.48563 -10.37651
v -10.45033 6.03452 -11.27791
v -11.41800 6.03452 -10.26581
v -10.27240 6.54764 -11.09181
v -11.22411 6.54764 -10.09641
v -10.03781 7.01061 -10.84645
v -10.96846 7.01061 -9.87306
v -9.75312 7.41046 -10.54869
v -10.65823 7.41046 -9.60202
v -9.42633 7.73598 -10.20689
v -10.30212 7.73598 -9.29089
v -9.06659 7.97804 -9.83063
v -9.91009 7.97804 -8.94839
v -8.68397 8.12986 -9.43045
v -9.49315 8.12986 -8.58412
v -13.96256 2.31782 -3.94403
v -14.25869 2.31782 -2.64662
v -14.32256 2.75384 -4.04338
v -14.62615 2.75384 -2.71330
v -14.60740 3.24605 -4.12199
v -14.91688 3.24605 -2.76606
v -14.80908 3.78066 -4.17765
v -15.12274 3.78066 -2.80342
v -14.92196 4.34269 -4.20881
v -15.23796 4.34269 -2.82433
v -14.94287 4.91637 -4.21458
v -15.25930 4.91637 -2.82820
v -14.87122 5.48563 -4.19480
v -15.18617 5.48563 -2.81493
v -14.70903 6.03452 -4.15004
v -15.02062 6.03452 -2.78489
v -14.46084 6.54764 -4.08155
v -14.76729 6.54764 -2.73891
v -14.13361 7.01061 -3.99123
v -14.43328 7.01061 -2.67830
v -13.73650 7.41046 -3.88164
v -14.02794 7.41046 -2.60474
v -13.28066 7.73598 -3.75584
v -13.56266 7.73598 -2.52031
v -12.77885 7.97804 -3.61735
v -13.05046 7.97804 -2.42736
v -12.24515 8.12986 -3.47005
v -12.50570 8.12986 -2.32850
v -11.69451 8.18718 -3.31809
v -13.99813 1.95022 -1.28835
v -14.05606 1.95022 0.00156
v -14.43732 2.31782 -1.32788
v -14.49703 2.31782 0.00156
v -14.80928 2.75384 -1.36136
v -14.87049 2.75384 0.00156
v -15.10357 3.24605 -1.38785
v -15.16597 3.24605 0.00156
v -15.31195 3.78066 -1.40660
v -15.37519 3.78066 0.00156
v -15.42858 4.34269 -1.41710
v -15.49229 4.34269 0.00156
v -15.45018 4.91637 -1.41904
v -15.51398 4.91637 0.00156
v -15.37616 5.48563 -1.41238
v -15.43966 5.48563 0.00156
v -15.20858 6.03452 -1.39730
v -15.27140 6.03452 0.00156
v -14.95215 6.54764 -1.37422
v -15.01393 6.54764 0.00156
v -14.61405 7.01061 -1.34379
v -14.67447 7.01061 0.00156
v -14.20376 7.41046 -1.30686
v -14.26252 7.41046 0.00156
v -13.73277 7.73598 -1.26447
v -13.78963 7.73598 0.00156
v -13.21430 7.97804 -1.21781
v -13.26906 7.97804 0.00156
v -12.66287 8.12986 -1.16818
v -12.71541 8.12986 0.00156
v -14.43732 2.31782 1.33099
v -14.80928 2.75384 1.36447
v -15.10357 3.24605 1.39096
v -15.31195 3.78066 1.40971
v -15.42858 4.34269 1.42021
v -15.45018 4.91637 1.42215
v -15.37616 5.48563 1.41549
v -15.20858 6.03452 1.40041
v -14.95215 6.54764 1.37733
v -14.61405 7.01061 1.34690
v -14.20376 7.41046 1.30997
v -13.73277 7.73598 1.26758
v -13.21430 7.97804 1.22092
v -12.66287 8.12986 1.17129
v -12.01914 1.95022 7.38218
v -12.39768 2.31782 7.60835
v -11.66456 2.31782 8.71898
v -12.71828 2.75384 7.79990
v -11.96670 2.75384 8.93850
v -12.97194 3.24605 7.95145
v -12.20575 3.24605 9.11218
v -13.15155 3.78066 8.05876
v -12.37501 3.78066 9.23515
v -13.25207 4.34269 8.11882
v -12.46975 4.34269 9.30398
v -13.27069 4.91637 8.12994
v -12.48730 4.91637 9.31673
v -13.20689 5.48563 8.09183
v -12.42717 5.48563 9.27305
v -13.06245 6.03452 8.00553
v -12.29105 6.03452 9.17415
v -12.84142 6.54764 7.87347
v -12.08275 6.54764 9.02281
v -12.55001 7.01061 7.69936
v -11.80812 7.01061 8.82328
v -12.19637 7.41046 7.48807
v -11.47484 7.41046 8.58114
v -11.79042 7.73598 7.24553
v -11.09227 7.73598 8.30318
v -11.34354 7.97804 6.97853
v -10.67112 7.97804 7.99720
v -10.86826 8.12986 6.69456
v -2.86813 1.95022 14.03077
v -4.24908 2.31782 14.10665
v -2.96626 2.31782 14.46068
v -4.36448 2.75384 14.46183
v -3.04936 2.75384 14.82478
v -4.45579 3.24605 14.74285
v -3.11511 3.24605 15.11285
v -4.52045 3.78066 14.94183
v -3.16167 3.78066 15.31683
v -4.55663 4.34269 15.05320
v -3.18772 4.34269 15.43099
v -4.56334 4.91637 15.07383
v -3.19255 4.91637 15.45214
v -4.54037 5.48563 15.00314
v -3.17601 5.48563 15.37968
v -4.48837 6.03452 14.84312
v -3.13857 6.03452 15.21565
v -4.40881 6.54764 14.59826
v -3.08128 6.54764 14.96463
v -4.30391 7.01061 14.27540
v -3.00574 7.01061 14.63367
v -4.17661 7.41046 13.88361
v -2.91407 7.41046 14.23205
v -4.03048 7.73598 13.43387
v -2.80885 7.73598 13.77102
v -3.86962 7.97804 12.93878
v -2.69301 7.97804 13.26350
v -3.69853 8.12986 12.41222
v -1.59767 1.95022 14.26132
v -1.65687 2.31782 14.69830
v -0.33145 2.31782 14.81759
v -1.70700 2.75384 15.06838
v -0.34820 2.75384 15.19068
v -1.74666 3.24605 15.36119
v -0.36146 3.24605 15.48586
v -1.77474 3.78066 15.56852
v -0.37084 3.78066 15.69487
v -1.79046 4.34269 15.68456
v -0.37610 4.34269 15.81185
v -1.79338 4.91637 15.70606
v -0.37707 4.91637 15.83352
v -1.78340 5.48563 15.63240
v -0.37374 5.48563 15.75928
v -1.76081 6.03452 15.46567
v -0.36619 6.03452 15.59119
v -1.72625 6.54764 15.21053
v -0.35464 6.54764 15.33398
v -1.68068 7.01061 14.87414
v -0.33941 7.01061 14.99485
v -1.62539 7.41046 14.46591
v -0.32092 7.41046 14.58332
v -1.56191 7.73598 13.99731
v -0.29971 7.73598 14.11091
v -1.49203 7.97804 13.48145
v -0.27635 7.97804 13.59086
v -1.41771 8.12986 12.93281
v -0.25151 8.12986 13.03777
v -1.34104 8.18718 12.36675
v 2.26556 1.95022 14.26132
v 0.99933 2.31782 14.81759
v 2.32475 2.31782 14.69830
v 1.01609 2.75384 15.19068
v 2.37488 2.75384 15.06838
v 1.02934 3.24605 15.48586
v 2.41455 3.24605 15.36119
v 1.03873 3.78066 15.69487
v 2.44263 3.78066 15.56852
v 1.04398 4.34269 15.81185
v 2.45835 4.34269 15.68456
v 1.04496 4.91637 15.83352
v 2.46126 4.91637 15.70606
v 1.04162 5.48563 15.75928
v 2.45129 5.48563 15.63240
v 1.03408 6.03452 15.59119
v 2.42870 6.03452 15.46567
v 1.02252 6.54764 15.33398
v 2.39414 6.54764 15.21053
v 1.00729 7.01061 14.99485
v 2.34857 7.01061 14.87414
v 0.98881 7.41046 14.58332
v 2.29327 7.41046 14.46591
v 0.96759 7.73598 14.11091
v 2.22980 7.73598 13.99731
v 0.94424 7.97804 13.59086
v 2.15992 7.97804 13.48145
v 0.91940 8.12986 13.03777
v 2.08560 8.12986 12.93281
v 9.30596 1.95022 11.25211
v 8.50428 2.31782 12.37909
v 9.58090 2.31782 11.59687
v 8.71002 2.75384 12.69077
v 9.81375 2.75384 11.88886
v 8.87280 3.24605 12.93737
v 9.99798 3.24605 12.11988
v 8.98806 3.78066 13.11198
v 10.12843 3.78066 12.28345
v 9.05257 4.34269 13.20971
v 10.20144 4.34269 12.37500
v 9.06452 4.91637 13.22781
v 10.21496 4.91637 12.39196
v 9.02357 5.48563 13.16578
v 10.16862 5.48563 12.33386
v 8.93088 6.03452 13.02536
v 10.06372 6.03452 12.20231
v 8.78904 6.54764 12.81048
v 9.90319 6.54764 12.00101
v 8.60203 7.01061 12.52717
v 9.69153 7.01061 11.73560
v 8.37509 7.41046 12.18337
v 9.43469 7.41046 11.41353
v 8.11458 7.73598 11.78871
v 9.13985 7.73598 11.04381
v 7.82780 7.97804 11.35426
v 8.81528 7.97804 10.63681
v 7.52279 8.12986 10.89219
v 8.47008 8.12986 10.20395
v 7.20811 8.18718 10.41546
v 10.27833 1.95022 10.40257
v 10.58307 2.31782 10.72130
v 11.50272 2.31782 9.75942
v 10.84116 2.75384 10.99124
v 11.78397 2.75384 10.00514
v 11.04536 3.24605 11.20481
v 12.00649 3.24605 10.19955
v 11.18994 3.78066 11.35604
v 12.16405 3.78066 10.33720
v 11.27086 4.34269 11.44068
v 12.25223 4.34269 10.41425
v 11.28585 4.91637 11.45635
v 12.26856 4.91637 10.42852
v 11.23449 5.48563 11.40263
v 12.21259 5.48563 10.37962
v 11.11822 6.03452 11.28102
v 12.08589 6.03452 10.26892
v 10.94029 6.54764 11.09492
v 11.89199 6.54764 10.09952
v 10.70569 7.01061 10.84956
v 11.63635 7.01061 9.87617
v 10.42101 7.41046 10.55180
v 11.32612 7.41046 9.60513
v 10.09422 7.73598 10.21000
v 10.97000 7.73598 9.29400
v 9.73447 7.97804 9.83374
v 10.57798 7.97804 8.95150
v 9.35186 8.12986 9.43356
v 10.16104 8.12986 8.58723
v 14.20537 1.95022 3.82983
v 14.49269 1.95022 2.57099
v 14.63045 2.31782 3.94714
v 14.92657 2.31782 2.64973
v 14.99045 2.75384 4.04649
v 15.29403 2.75384 2.71641
v 15.27528 3.24605 4.12510
v 15.58477 3.24605 2.76917
v 15.47697 3.78066 4.18076
v 15.79063 3.78066 2.80653
v 15.58985 4.34269 4.21192
v 15.90584 4.34269 2.82744
v 15.61076 4.91637 4.21769
v 15.92719 4.91637 2.83131
v 15.53911 5.48563 4.19791
v 15.85406 5.48563 2.81804
v 15.37692 6.03452 4.15315
v 15.68851 6.03452 2.78800
v 15.12873 6.54764 4.08466
v 15.43517 6.54764 2.74203
v 14.80149 7.01061 3.99435
v 15.10116 7.01061 2.68141
v 14.40439 7.41046 3.88475
v 14.69583 7.41046 2.60785
v 13.94854 7.73598 3.75895
v 14.23054 7.73598 2.52342
v 13.44674 7.97804 3.62046
v 13.71834 7.97804 2.43047
v 12.91303 8.12986 3.47316
v 13.17359 8.12986 2.33161
v 12.36239 8.18718 3.32120
v 15.10521 2.31782 1.33099
v 15.47717 2.75384 1.36447
v 15.77146 3.24605 1.39096
v 15.97984 3.78066 1.40971
v 16.09646 4.34269 1.42021
v 16.11807 4.91637 1.42215
v 16.04405 5.48563 1.41549
v 15.87647 6.03452 1.40041
v 15.62004 6.54764 1.37733
v 15.28194 7.01061 1.34690
v 14.87164 7.41046 1.30997
v 14.40066 7.73598 1.26758
v 13.88219 7.97804 1.22092
v 13.33076 8.12986 1.17129
v 12.61154 8.18718 -2.22650
v 12.67302 8.18718 -1.77264
v 13.17359 8.12986 -2.32850
v 13.71834 7.97804 -2.42736
v 14.23054 7.73598 -2.52031
v 14.69583 7.41046 -2.60474
v 15.10116 7.01061 -2.67830
v 15.43517 6.54764 -2.73891
v 15.68851 6.03452 -2.78489
v 15.85406 5.48563 -2.81493
v 15.92719 4.91637 -2.82820
v 15.90584 4.34269 -2.82433
v 15.79063 3.78066 -2.80342
v 15.58477 3.24605 -2.76606
v 15.29403 2.75384 -2.71330
v 14.92657 2.31782 -2.64662
v 14.63045 2.31782 -3.94403
v 14.99045 2.75384 -4.04338
v 15.27528 3.24605 -4.12199
v 15.47697 3.78066 -4.17765
v 15.58985 4.34269 -4.20881
v 15.61076 4.91637 -4.21458
v 15.53911 5.48563 -4.19480
v 15.37692 6.03452 -4.15004
v 15.12873 6.54764 -4.08155
v 14.80149 7.01061 -3.99123
v 14.40439 7.41046 -3.88164
v 13.94854 7.73598 -3.75584
v 13.44674 7.97804 -3.61735
v 13.06955 7.97804 -4.77820
v 13.55692 7.73598 -4.96111
v 13.99966 7.41046 -5.12727
v 14.38534 7.01061 -5.27202
v 14.70316 6.54764 -5.39130
v 14.94421 6.03452 -5.48177
v 15.10174 5.48563 -5.54089
v 15.17132 4.91637 -5.56701
v 15.15102 4.34269 -5.55938
v 15.04138 3.78066 -5.51824
v 14.84550 3.24605 -5.44472
v 14.56886 2.75384 -5.34090
v 14.21922 2.31782 -5.20967
v 13.80636 1.95022 -5.05473
v 11.57635 8.18718 -5.41250
v 12.09100 8.12986 -5.66035
v 12.58983 7.97804 -5.90057
v 13.05884 7.73598 -6.12643
v 13.48490 7.41046 -6.33161
v 13.85605 7.01061 -6.51035
v 14.16190 6.54764 -6.65764
v 14.39388 6.03452 -6.76935
v 14.54547 5.48563 -6.84235
v 14.61243 4.91637 -6.87460
v 14.59289 4.34269 -6.86519
v 14.48739 3.78066 -6.81438
v 14.29888 3.24605 -6.72360
v 14.03266 2.75384 -6.59540
v 13.69619 2.31782 -6.43336
v 13.29889 1.95022 -6.24203
v 11.04577 8.18718 -6.39847
v 10.82150 8.18718 -6.73822
v 9.73086 8.18718 -8.20829
v 10.16104 8.12986 -8.58412
v 10.57798 7.97804 -8.94839
v 10.97000 7.73598 -9.29089
v 11.32612 7.41046 -9.60202
v 11.63635 7.01061 -9.87306
v 11.89199 6.54764 -10.09641
v 12.08589 6.03452 -10.26581
v 12.21259 5.48563 -10.37651
v 12.26856 4.91637 -10.42541
v 12.25223 4.34269 -10.41114
v 12.16405 3.78066 -10.33409
v 12.00649 3.24605 -10.19644
v 11.78397 2.75384 -10.00203
v 11.50272 2.31782 -9.75631
v 11.17064 1.95022 -9.46618
v 10.58307 2.31782 -10.71819
v 10.84116 2.75384 -10.98813
v 11.04536 3.24605 -11.20170
v 11.18994 3.78066 -11.35293
v 11.27086 4.34269 -11.43757
v 11.28585 4.91637 -11.45324
v 11.23449 5.48563 -11.39952
v 11.11822 6.03452 -11.27791
v 10.94029 6.54764 -11.09181
v 10.70569 7.01061 -10.84645
v 10.42101 7.41046 -10.54869
v 10.09422 7.73598 -10.20689
v 9.73447 7.97804 -9.83063
v 8.11393 8.18718 -9.75424
v 8.47008 8.12986 -10.20084
v 8.81528 7.97804 -10.63370
v 9.13985 7.73598 -11.04070
v 9.43469 7.41046 -11.41042
v 9.69153 7.01061 -11.73249
v 9.90319 6.54764 -11.99790
v 10.06372 6.03452 -12.19920
v 10.16862 5.48563 -12.33074
v 10.21496 4.91637 -12.38885
v 10.20144 4.34269 -12.37189
v 10.12843 3.78066 -12.28034
v 9.99798 3.24605 -12.11676
v 9.81375 2.75384 -11.88575
v 9.58090 2.31782 -11.59376
v 9.30596 1.95022 -11.24900
v 8.26135 1.95022 -12.00795
v 8.50428 2.31782 -12.37598
v 8.71002 2.75384 -12.68766
v 8.87280 3.24605 -12.93426
v 8.98806 3.78066 -13.10887
v 9.05257 4.34269 -13.20660
v 9.06452 4.91637 -13.22470
v 9.02357 5.48563 -13.16267
v 8.93088 6.03452 -13.02225
v 8.78904 6.54764 -12.80737
v 8.60203 7.01061 -12.52406
v 8.37509 7.41046 -12.18026
v 8.11458 7.73598 -11.78560
v 7.82780 7.97804 -11.35115
v 6.77998 7.97804 -11.97719
v 7.02666 7.73598 -12.43560
v 7.25075 7.41046 -12.85202
v 7.44596 7.01061 -13.21478
v 7.60682 6.54764 -13.51372
v 7.72883 6.03452 -13.74044
v 7.80856 5.48563 -13.88861
v 7.84378 4.91637 -13.95406
v 7.83350 4.34269 -13.93496
v 7.77801 3.78066 -13.83184
v 7.67887 3.24605 -13.64760
v 7.53885 2.75384 -13.38740
v 7.36188 2.31782 -13.05853
v 5.23816 8.18718 -11.47243
v 5.46267 8.12986 -11.99768
v 5.68027 7.97804 -12.50679
v 5.88486 7.73598 -12.98546
v 6.07072 7.41046 -13.42029
v 6.23262 7.01061 -13.79909
v 6.36604 6.54764 -14.11125
v 6.46724 6.03452 -14.34800
v 6.53336 5.48563 -14.50271
v 6.56257 4.91637 -14.57105
v 6.55405 4.34269 -14.55111
v 6.50803 3.78066 -14.44343
v 6.42580 3.24605 -14.25104
v 6.30966 2.75384 -13.97934
v 6.16289 2.31782 -13.63593
v 4.18990 8.18718 -11.86585
v 3.84654 8.18718 -11.96061
v -0.22589 8.18718 -12.46401
v 0.33394 8.18718 -12.46401
v 0.89377 8.18718 -12.46401
v -1.44114 8.18718 -12.34547
v -1.34104 8.18718 -12.36364
v -2.69301 7.97804 -13.26039
v -2.80885 7.73598 -13.76791
v -2.91407 7.41046 -14.22894
v -3.00574 7.01061 -14.63056
v -3.08128 6.54764 -14.96152
v -3.13857 6.03452 -15.21253
v -3.17601 5.48563 -15.37657
v -3.19255 4.91637 -15.44903
v -3.18772 4.34269 -15.42788
v -3.16167 3.78066 -15.31372
v -3.11511 3.24605 -15.10974
v -3.04936 2.75384 -14.82167
v -2.96626 2.31782 -14.45757
v -2.86813 1.95022 -14.02766
v -3.52201 8.18718 -11.86585
v -3.69853 8.12986 -12.40911
v -3.86962 7.97804 -12.93567
v -4.03048 7.73598 -13.43076
v -4.17661 7.41046 -13.88050
v -4.30391 7.01061 -14.27229
v -4.40881 6.54764 -14.59514
v -4.48837 6.03452 -14.84001
v -4.54037 5.48563 -15.00003
v -4.56334 4.91637 -15.07072
v -4.55663 4.34269 -15.05009
v -4.52045 3.78066 -14.93872
v -4.45579 3.24605 -14.73974
v -4.36448 2.75384 -14.45872
v -4.24908 2.31782 -14.10354
v -4.11281 1.95022 -13.68415
v -5.49500 2.31782 -13.63593
v -5.64178 2.75384 -13.97934
v -5.75791 3.24605 -14.25104
v -5.84014 3.78066 -14.44343
v -5.88616 4.34269 -14.55111
v -5.89469 4.91637 -14.57105
v -5.86548 5.48563 -14.50271
v -5.79935 6.03452 -14.34800
v -5.69816 6.54764 -14.11125
v -5.56474 7.01061 -13.79909
v -5.40283 7.41046 -13.42029
v -5.21697 7.73598 -12.98546
v -5.01238 7.97804 -12.50679
v -6.11209 7.97804 -11.97719
v -6.35877 7.73598 -12.43560
v -6.58286 7.41046 -12.85202
v -6.77807 7.01061 -13.21478
v -6.93893 6.54764 -13.51372
v -7.06094 6.03452 -13.74044
v -7.14067 5.48563 -13.88861
v -7.17589 4.91637 -13.95406
v -7.16561 4.34269 -13.93496
v -7.11012 3.78066 -13.83184
v -7.01098 3.24605 -13.64760
v -6.87096 2.75384 -13.38740
v -6.69399 2.31782 -13.05853
v -8.28922 8.18718 -9.01757
v -7.82929 8.18718 -9.41940
v -7.44604 8.18718 -9.75424
v -9.09469 8.18718 -8.16852
v -9.06298 8.18718 -8.20829
v -10.67112 7.97804 -7.99409
v -11.09227 7.73598 -8.30007
v -11.47484 7.41046 -8.57803
v -11.80812 7.01061 -8.82017
v -12.08275 6.54764 -9.01970
v -12.29105 6.03452 -9.17104
v -12.42717 5.48563 -9.26994
v -12.48730 4.91637 -9.31362
v -12.46975 4.34269 -9.30087
v -12.37501 3.78066 -9.23204
v -12.20575 3.24605 -9.10906
v -11.96670 2.75384 -8.93538
v -11.66456 2.31782 -8.71587
v -11.30781 1.95022 -8.45668
v -10.37789 8.18718 -6.39847
v -10.86826 8.12986 -6.69145
v -11.34354 7.97804 -6.97542
v -11.79042 7.73598 -7.24242
v -12.19637 7.41046 -7.48496
v -12.55001 7.01061 -7.69625
v -12.84142 6.54764 -7.87036
v -13.06245 6.03452 -8.00242
v -13.20689 5.48563 -8.08871
v -13.27069 4.91637 -8.12683
v -13.25207 4.34269 -8.11571
v -13.15155 3.78066 -8.05565
v -12.97194 3.24605 -7.94834
v -12.71828 2.75384 -7.79679
v -12.39768 2.31782 -7.60524
v -12.63100 1.95022 -6.24203
v -13.02830 2.31782 -6.43336
v -13.36478 2.75384 -6.59540
v -13.63100 3.24605 -6.72360
v -13.81950 3.78066 -6.81438
v -13.92500 4.34269 -6.86519
v -13.94454 4.91637 -6.87460
v -13.87758 5.48563 -6.84235
v -13.72599 6.03452 -6.76935
v -13.49402 6.54764 -6.65764
v -13.18817 7.01061 -6.51035
v -12.81701 7.41046 -6.33161
v -12.39096 7.73598 -6.12643
v -11.92194 7.97804 -5.90057
v -12.40167 7.97804 -4.77820
v -12.88904 7.73598 -4.96111
v -13.33177 7.41046 -5.12727
v -13.71745 7.01061 -5.27202
v -14.03528 6.54764 -5.39130
v -14.27633 6.03452 -5.48177
v -14.43385 5.48563 -5.54089
v -14.50344 4.91637 -5.56701
v -14.48313 4.34269 -5.55938
v -14.37350 3.78066 -5.51824
v -14.17762 3.24605 -5.44472
v -13.90097 2.75384 -5.34090
v -13.55133 2.31782 -5.20967
v -13.13848 1.95022 -5.05473
v -12.09395 8.18718 -1.11698
v -12.00513 8.18718 -1.77264
v -11.94365 8.18718 -2.22650
v -12.00513 8.18718 1.77575
v -12.09395 8.18718 1.12009
v -12.14418 8.18718 0.00156
v -11.94365 8.18718 2.22961
v -12.50570 8.12986 2.33161
v -13.05046 7.97804 2.43047
v -13.56266 7.73598 2.52342
v -14.02794 7.41046 2.60785
v -14.43328 7.01061 2.68141
v -14.76729 6.54764 2.74203
v -15.02062 6.03452 2.78800
v -15.18617 5.48563 2.81804
v -15.25930 4.91637 2.83131
v -15.23796 4.34269 2.82744
v -15.12274 3.78066 2.80653
v -14.91688 3.24605 2.76917
v -14.62615 2.75384 2.71641
v -14.25869 2.31782 2.64973
v -13.82480 1.95022 2.57099
v -13.53748 1.95022 3.82983
v -13.96256 2.31782 3.94714
v -14.32256 2.75384 4.04649
v -14.60740 3.24605 4.12510
v -14.80908 3.78066 4.18076
v -14.92196 4.34269 4.21192
v -14.94287 4.91637 4.21769
v -14.87122 5.48563 4.19791
v -14.70903 6.03452 4.15315
v -14.46084 6.54764 4.08466
v -14.13361 7.01061 3.99435
v -13.73650 7.41046 3.88475
v -13.28066 7.73598 3.75895
v -12.77885 7.97804 3.62046
v -12.40167 7.97804 4.78131
v -12.88904 7.73598 4.96422
v -13.33177 7.41046 5.13038
v -13.71745 7.01061 5.27513
v -14.03528 6.54764 5.39441
v -14.27633 6.03452 5.48488
v -14.43385 5.48563 5.54400
v -14.50344 4.91637 5.57012
v -14.48313 4.34269 5.56250
v -14.37350 3.78066 5.52135
v -14.17762 3.24605 5.44783
v -13.90097 2.75384 5.34401
v -13.55133 2.31782 5.21278
v -10.90846 8.18718 5.41561
v -11.42311 8.12986 5.66346
v -11.92194 7.97804 5.90368
v -12.39096 7.73598 6.12954
v -12.81701 7.41046 6.33472
v -13.18817 7.01061 6.51346
v -13.49402 6.54764 6.66075
v -13.72599 6.03452 6.77246
v -13.87758 5.48563 6.84547
v -13.94454 4.91637 6.87771
v -13.92500 4.34269 6.86830
v -13.81950 3.78066 6.81749
v -13.63100 3.24605 6.72672
v -13.36478 2.75384 6.59851
v -13.02830 2.31782 6.43647
v -12.63100 1.95022 6.24514
v -10.37789 8.18718 6.40158
v -10.15362 8.18718 6.74133
v -9.06298 8.18718 8.21140
v -9.49315 8.12986 8.58723
v -9.91009 7.97804 8.95150
v -10.30212 7.73598 9.29400
v -10.65823 7.41046 9.60513
v -10.96846 7.01061 9.87617
v -11.22411 6.54764 10.09952
v -11.41800 6.03452 10.26892
v -11.54471 5.48563 10.37962
v -11.60068 4.91637 10.42852
v -11.58434 4.34269 10.41425
v -11.49616 3.78066 10.33720
v -11.33860 3.24605 10.19955
v -11.11608 2.75384 10.00514
v -10.83484 2.31782 9.75942
v -9.61045 1.95022 10.40257
v -9.91519 2.31782 10.72130
v -10.17327 2.75384 10.99124
v -10.37747 3.24605 11.20481
v -10.52205 3.78066 11.35604
v -10.60298 4.34269 11.44068
v -10.61797 4.91637 11.45635
v -10.56660 5.48563 11.40263
v -10.45033 6.03452 11.28102
v -10.27240 6.54764 11.09492
v -10.03781 7.01061 10.84956
v -9.75312 7.41046 10.55180
v -9.42633 7.73598 10.21000
v -9.06659 7.97804 9.83374
v -7.44604 8.18718 9.75735
v -7.80219 8.12986 10.20395
v -8.14739 7.97804 10.63681
v -8.47196 7.73598 11.04381
v -8.76680 7.41046 11.41353
v -9.02365 7.01061 11.73560
v -9.23530 6.54764 12.00101
v -9.39583 6.03452 12.20231
v -9.50074 5.48563 12.33386
v -9.54708 4.91637 12.39196
v -9.53355 4.34269 12.37500
v -9.46054 3.78066 12.28345
v -9.33009 3.24605 12.11988
v -9.14586 2.75384 11.88886
v -8.91302 2.31782 11.59687
v -8.63808 1.95022 11.25211
v -7.83639 2.31782 12.37909
v -8.04213 2.75384 12.69077
v -8.20491 3.24605 12.93737
v -8.32017 3.78066 13.11198
v -8.38468 4.34269 13.20971
v -8.39663 4.91637 13.22781
v -8.35569 5.48563 13.16578
v -8.26300 6.03452 13.02536
v -8.12116 6.54764 12.81048
v -7.93414 7.01061 12.52717
v -7.70720 7.41046 12.18337
v -7.44669 7.73598 11.78871
v -7.15991 7.97804 11.35426
v -6.11209 7.97804 11.98030
v -6.35877 7.73598 12.43871
v -6.58286 7.41046 12.85513
v -6.77807 7.01061 13.21789
v -6.93893 6.54764 13.51683
v -7.06094 6.03452 13.74356
v -7.14067 5.48563 13.89172
v -7.17589 4.91637 13.95717
v -7.16561 4.34269 13.93807
v -7.11012 3.78066 13.83495
v -7.01098 3.24605 13.65071
v -6.87096 2.75384 13.39051
v -6.69399 2.31782 13.06164
v -6.48503 1.95022 12.67333
v -4.57027 8.18718 11.47554
v -4.79478 8.12986 12.00080
v -5.01238 7.97804 12.50990
v -5.21697 7.73598 12.98857
v -5.40283 7.41046 13.42341
v -5.56474 7.01061 13.80220
v -5.69816 6.54764 14.11436
v -5.79935 6.03452 14.35111
v -5.86548 5.48563 14.50582
v -5.89469 4.91637 14.57416
v -5.88616 4.34269 14.55422
v -5.84014 3.78066 14.44654
v -5.75791 3.24605 14.25416
v -5.64178 2.75384 13.98245
v -5.49500 2.31782 13.63904
v -5.32169 1.95022 13.23356
v -3.52201 8.18718 11.86896
v -3.17865 8.18718 11.96372
v 0.89377 8.18718 12.46712
v 0.33394 8.18718 12.46712
v -0.22589 8.18718 12.46712
v 2.10902 8.18718 12.34859
v 2.00892 8.18718 12.36675
v 3.36090 7.97804 13.26350
v 3.47673 7.73598 13.77102
v 3.58196 7.41046 14.23205
v 3.67363 7.01061 14.63367
v 3.74917 6.54764 14.96463
v 3.80646 6.03452 15.21565
v 3.84390 5.48563 15.37968
v 3.86044 4.91637 15.45214
v 3.85561 4.34269 15.43099
v 3.82955 3.78066 15.31683
v 3.78300 3.24605 15.11285
v 3.71725 2.75384 14.82478
v 3.63414 2.31782 14.46068
v 3.53602 1.95022 14.03077
v 4.18990 8.18718 11.86896
v 4.36642 8.12986 12.41222
v 4.53750 7.97804 12.93878
v 4.69837 7.73598 13.43387
v 4.84450 7.41046 13.88361
v 4.97180 7.01061 14.27540
v 5.07670 6.54764 14.59826
v 5.15626 6.03452 14.84312
v 5.20825 5.48563 15.00314
v 5.23122 4.91637 15.07383
v 5.22452 4.34269 15.05320
v 5.18833 3.78066 14.94183
v 5.12368 3.24605 14.74285
v 5.03237 2.75384 14.46183
v 4.91697 2.31782 14.10665
v 5.98957 1.95022 13.23356
v 6.16289 2.31782 13.63904
v 6.30966 2.75384 13.98245
v 6.42580 3.24605 14.25416
v 6.50803 3.78066 14.44654
v 6.55405 4.34269 14.55422
v 6.56257 4.91637 14.57416
v 6.53336 5.48563 14.50582
v 6.46724 6.03452 14.35111
v 6.36604 6.54764 14.11436
v 6.23262 7.01061 13.80220
v 6.07072 7.41046 13.42341
v 5.88486 7.73598 12.98857
v 5.68027 7.97804 12.50990
v 6.77998 7.97804 11.98030
v 7.02666 7.73598 12.43871
v 7.25075 7.41046 12.85513
v 7.44596 7.01061 13.21789
v 7.60682 6.54764 13.51683
v 7.72883 6.03452 13.74356
v 7.80856 5.48563 13.89172
v 7.84378 4.91637 13.95717
v 7.83350 4.34269 13.93807
v 7.77801 3.78066 13.83495
v 7.67887 3.24605 13.65071
v 7.53885 2.75384 13.39051
v 7.36188 2.31782 13.06164
v 7.15291 1.95022 12.67333
v 8.95711 8.18718 9.02068
v 8.49718 8.18718 9.42251
v 8.11393 8.18718 9.75735
v 9.76258 8.18718 8.17163
v 9.73086 8.18718 8.21140
v 11.33901 7.97804 7.99720
v 11.76015 7.73598 8.30318
v 12.14273 7.41046 8.58114
v 12.47600 7.01061 8.82328
v 12.75064 6.54764 9.02281
v 12.95894 6.03452 9.17415
v 13.09506 5.48563 9.27305
v 13.15518 4.91637 9.31673
v 13.13764 4.34269 9.30398
v 13.04290 3.78066 9.23515
v 12.87364 3.24605 9.11218
v 12.63459 2.75384 8.93850
v 12.33245 2.31782 8.71898
v 11.04577 8.18718 6.40158
v 11.53614 8.12986 6.69456
v 12.01143 7.97804 6.97853
v 12.45831 7.73598 7.24553
v 12.86426 7.41046 7.48807
v 13.21789 7.01061 7.69936
v 13.50931 6.54764 7.87347
v 13.73034 6.03452 8.00553
v 13.87477 5.48563 8.09183
v 13.93858 4.91637 8.12994
v 13.91995 4.34269 8.11882
v 13.81943 3.78066 8.05876
v 13.63982 3.24605 7.95145
v 13.38617 2.75384 7.79990
v 13.06557 2.31782 7.60835
v 12.68702 1.95022 7.38218
v 13.29889 1.95022 6.24514
v 13.69619 2.31782 6.43647
v 14.03266 2.75384 6.59851
v 14.29888 3.24605 6.72672
v 14.48739 3.78066 6.81749
v 14.59289 4.34269 6.86830
v 14.61243 4.91637 6.87771
v 14.54547 5.48563 6.84547
v 14.39388 6.03452 6.77246
v 14.16190 6.54764 6.66075
v 13.85605 7.01061 6.51346
v 13.48490 7.41046 6.33472
v 13.05884 7.73598 6.12954
v 12.58983 7.97804 5.90368
v 13.06955 7.97804 4.78131
v 13.55692 7.73598 4.96422
v 13.99966 7.41046 5.13038
v 14.38534 7.01061 5.27513
v 14.70316 6.54764 5.39441
v 14.94421 6.03452 5.48488
v 15.10174 5.48563 5.54400
v 15.17132 4.91637 5.57012
v 15.15102 4.34269 5.56250
v 15.04138 3.78066 5.52135
v 14.84550 3.24605 5.44783
v 14.56886 2.75384 5.34401
v 14.21922 2.31782 5.21278
v 12.76184 8.18718 1.12009
v 12.67302 8.18718 1.77575
v 12.61154 8.18718 2.22961
v 12.76184 8.18718 -1.11698
v 12.81207 8.18718 0.00156
v 12.57231 8.19353 -2.43281
v 12.30180 8.19353 -3.51273
v 12.27477 8.19353 -3.62065
v 11.86223 8.19353 -4.77362
v 11.67187 8.19353 -5.17610
v 11.33867 8.19353 -5.88059
v 10.82354 8.19353 -6.74003
v 10.70913 8.19353 -6.93092
v 9.97967 8.19353 -7.91448
v 9.75545 8.19353 -8.16187
v 9.15731 8.19353 -8.82181
v 8.49737 8.19353 -9.41995
v 8.24998 8.19353 -9.64417
v 7.26642 8.19353 -10.37363
v 7.07553 8.19353 -10.48804
v 6.21609 8.19353 -11.00317
v 5.51160 8.19353 -11.33637
v 5.10912 8.19353 -11.52673
v 3.95615 8.19353 -11.93927
v 3.84823 8.19353 -11.96630
v 2.76831 8.19353 -12.23681
v 2.10758 8.19353 -12.33482
v 1.55701 8.19353 -12.41648
v 0.33394 8.19353 -12.47657
v -0.88913 8.19353 -12.41648
v -1.43969 8.19353 -12.33482
v -2.10042 8.19353 -12.23681
v -3.18034 8.19353 -11.96630
v -3.28826 8.19353 -11.93927
v -4.44123 8.19353 -11.52673
v -4.84371 8.19353 -11.33637
v -5.54820 8.19353 -11.00317
v -6.40764 8.19353 -10.48804
v -11.00398 8.19353 -5.17610
v -10.67078 8.19353 -5.88059
v -6.59853 8.19353 -10.37363
v -7.58210 8.19353 -9.64417
v -7.82948 8.19353 -9.41995
v -8.48942 8.19353 -8.82181
v -9.08756 8.19353 -8.16187
v -9.31178 8.19353 -7.91448
v -10.04124 8.19353 -6.93092
v -10.15565 8.19353 -6.74003
v -11.19434 8.19353 -4.77362
v -11.60688 8.19353 -3.62065
v -11.63391 8.19353 -3.51273
v -11.90442 8.19353 -2.43281
v -12.00243 8.19353 -1.77208
v -12.08410 8.19353 -1.22152
v -12.14418 8.19353 0.00156
v -12.08410 8.19353 1.22463
v -12.00243 8.19353 1.77519
v -11.90442 8.19353 2.43592
v -11.63391 8.19353 3.51584
v -11.60688 8.19353 3.62376
v -11.19434 8.19353 4.77673
v -11.00398 8.19353 5.17921
v -10.67078 8.19353 5.88370
v -10.15565 8.19353 6.74314
v -10.04124 8.19353 6.93403
v -9.31178 8.19353 7.91759
v -9.08756 8.19353 8.16498
v -8.48942 8.19353 8.82492
v -7.82948 8.19353 9.42306
v -7.58210 8.19353 9.64728
v -6.59853 8.19353 10.37674
v -6.40764 8.19353 10.49115
v -5.54820 8.19353 11.00628
v -4.84371 8.19353 11.33948
v -4.44123 8.19353 11.52984
v -3.28826 8.19353 11.94238
v -3.18034 8.19353 11.96941
v -2.10042 8.19353 12.23992
v -1.43969 8.19353 12.33793
v -0.88913 8.19353 12.41960
v 0.33394 8.19353 12.47968
v 1.55701 8.19353 12.41960
v 2.10758 8.19353 12.33793
v 2.76831 8.19353 12.23992
v 3.84823 8.19353 11.96941
v 3.95615 8.19353 11.94238
v 5.10912 8.19353 11.52984
v 5.51160 8.19353 11.33948
v 6.21609 8.19353 11.00628
v 7.07553 8.19353 10.49115
v 11.67187 8.19353 5.17921
v 11.33867 8.19353 5.88370
v 7.26642 8.19353 10.37674
v 8.24998 8.19353 9.64728
v 8.49737 8.19353 9.42306
v 9.15731 8.19353 8.82492
v 9.75545 8.19353 8.16498
v 9.97967 8.19353 7.91759
v 10.70913 8.19353 6.93403
v 10.82354 8.19353 6.74314
v 11.86223 8.19353 4.77673
v 12.27477 8.19353 3.62376
v 12.30180 8.19353 3.51584
v 12.57231 8.19353 2.43592
v 12.67031 8.19353 1.77519
v 12.75198 8.19353 1.22463
v 12.81207 8.19353 0.00156
v 12.75198 8.19353 -1.22152
v 12.67031 8.19353 -1.77208
v 10.80807 8.19966 -6.99703
v 11.44362 8.19966 -5.93669
v 11.97217 8.19966 -4.81916
v 12.38864 8.19966 -3.65520
v 10.07166 8.19966 -7.98998
v 9.24146 8.19966 -8.90596
v 8.32548 8.19966 -9.73616
v 5.15466 8.19966 -11.63667
v 6.27219 8.19966 -11.10812
v 7.33253 8.19966 -10.47257
v 1.56868 8.19966 -12.53491
v 2.79152 8.19966 -12.35352
v 3.99070 8.19966 -12.05315
v 0.33394 8.19966 -12.59557
v -0.90079 8.19966 -12.53491
v -2.12363 8.19966 -12.35352
v -3.32281 8.19966 -12.05315
v -4.48677 8.19966 -11.63667
v -5.60430 8.19966 -11.10812
v -6.66465 8.19966 -10.47257
v -7.65759 8.19966 -9.73616
v -8.57357 8.19966 -8.90596
v -9.40377 8.19966 -7.98998
v -11.30429 8.19966 -4.81916
v -10.77573 8.19966 -5.93669
v -10.14019 8.19966 -6.99703
v -12.20253 8.19966 -1.23318
v -12.02113 8.19966 -2.45602
v -11.72076 8.19966 -3.65520
v -12.26318 8.19966 0.00156
v -12.20253 8.19966 1.23629
v -12.02113 8.19966 2.45913
v -11.72076 8.19966 3.65831
v -11.30429 8.19966 4.82227
v -10.77573 8.19966 5.93980
v -10.14019 8.19966 7.00015
v -9.40377 8.19966 7.99309
v -8.57357 8.19966 8.90907
v -7.65759 8.19966 9.73927
v -4.48677 8.19966 11.63978
v -5.60430 8.19966 11.11123
v -6.66465 8.19966 10.47569
v -0.90079 8.19966 12.53803
v -2.12363 8.19966 12.35663
v -3.32281 8.19966 12.05626
v 0.33394 8.19966 12.59868
v 1.56868 8.19966 12.53803
v 2.79152 8.19966 12.35663
v 3.99070 8.19966 12.05626
v 5.15466 8.19966 11.63978
v 6.27219 8.19966 11.11123
v 7.33253 8.19966 10.47569
v 8.32548 8.19966 9.73927
v 9.24146 8.19966 8.90907
v 10.07166 8.19966 7.99309
v 11.97217 8.19966 4.82227
v 11.44362 8.19966 5.93980
v 10.80807 8.19966 7.00015
v 12.87041 8.19966 1.23629
v 12.68902 8.19966 2.45913
v 12.38864 8.19966 3.65831
v 12.93107 8.19966 0.00156
v 12.87041 8.19966 -1.23318
v 12.68902 8.19966 -2.45602
v 12.98618 8.22548 1.24769
v 12.80311 8.22548 2.48183
v 12.49996 8.22548 3.69208
v 12.07965 8.22548 4.86679
v 11.54621 8.22548 5.99464
v 10.90480 8.22548 7.06477
v 10.16158 8.22548 8.06689
v 9.32372 8.22548 8.99133
v 8.39928 8.22548 9.82919
v 7.39716 8.22548 10.57241
v 6.32702 8.22548 11.21382
v 5.19917 8.22548 11.74726
v 4.02447 8.22548 12.16758
v 2.81422 8.22548 12.47073
v 1.58008 8.22548 12.65379
v 0.33394 8.22548 12.71501
v -0.91219 8.22548 12.65379
v -2.14633 8.22548 12.47073
v -3.35658 8.22548 12.16758
v -4.53129 8.22548 11.74726
v -5.65914 8.22548 11.21382
v -6.72928 8.22548 10.57241
v -7.73139 8.22548 9.82919
v -8.65583 8.22548 8.99133
v -9.49369 8.22548 8.06689
v -10.23691 8.22548 7.06477
v -10.87833 8.22548 5.99464
v -11.41176 8.22548 4.86679
v -11.83208 8.22548 3.69208
v -12.13523 8.22548 2.48183
v -12.31830 8.22548 1.24769
v -12.37951 8.22548 0.00156
v -12.31830 8.22548 -1.24458
v -12.13523 8.22548 -2.47872
v -11.83208 8.22548 -3.68897
v -11.41176 8.22548 -4.86367
v -10.87833 8.22548 -5.99153
v -10.23691 8.22548 -7.06166
v -9.49369 8.22548 -8.06378
v -8.65583 8.22548 -8.98822
v -7.73139 8.22548 -9.82608
v -6.72928 8.22548 -10.56930
v -5.65914 8.22548 -11.21071
v -4.53129 8.22548 -11.74415
v -3.35658 8.22548 -12.16447
v -2.14633 8.22548 -12.46762
v -0.91219 8.22548 -12.65068
v 0.33394 8.22548 -12.71190
v 1.58008 8.22548 -12.65068
v 2.81422 8.22548 -12.46762
v 4.02447 8.22548 -12.16447
v 5.19917 8.22548 -11.74415
v 6.32702 8.22548 -11.21071
v 7.39716 8.22548 -10.56930
v 8.39928 8.22548 -9.82608
v 9.32372 8.22548 -8.98822
v 10.16158 8.22548 -8.06378
v 10.90480 8.22548 -7.06166
v 11.54621 8.22548 -5.99153
v 12.07965 8.22548 -4.86367
v 12.49996 8.22548 -3.68897
v 12.80311 8.22548 -2.47872
v 12.98618 8.22548 -1.24458
v 13.04740 8.22548 0.00156
v 13.09607 8.27027 1.25851
v 12.91141 8.27027 2.50337
v 12.60563 8.27027 3.72413
v 12.18166 8.27027 4.90904
v 11.64359 8.27027 6.04669
v 10.99661 8.27027 7.12612
v 10.24694 8.27027 8.13694
v 9.40179 8.27027 9.06940
v 8.46932 8.27027 9.91455
v 7.45851 8.27027 10.66422
v 6.37908 8.27027 11.31121
v 5.24143 8.27027 11.84927
v 4.05652 8.27027 12.27324
v 2.83576 8.27027 12.57903
v 1.59090 8.27027 12.76368
v 0.33394 8.27027 12.82543
v -0.92302 8.27027 12.76368
v -2.16787 8.27027 12.57903
v -3.38863 8.27027 12.27324
v -4.57354 8.27027 11.84927
v -5.71119 8.27027 11.31121
v -6.79062 8.27027 10.66422
v -7.80144 8.27027 9.91455
v -8.73391 8.27027 9.06940
v -9.57905 8.27027 8.13694
v -10.32872 8.27027 7.12612
v -10.97571 8.27027 6.04669
v -11.51377 8.27027 4.90904
v -11.93774 8.27027 3.72413
v -12.24353 8.27027 2.50337
v -12.42818 8.27027 1.25851
v -12.48993 8.27027 0.00156
v -12.42818 8.27027 -1.25540
v -12.24353 8.27027 -2.50026
v -11.93774 8.27027 -3.72102
v -11.51377 8.27027 -4.90593
v -10.97571 8.27027 -6.04358
v -10.32872 8.27027 -7.12301
v -9.57905 8.27027 -8.13383
v -8.73391 8.27027 -9.06629
v -7.80144 8.27027 -9.91144
v -6.79062 8.27027 -10.66111
v -5.71119 8.27027 -11.30809
v -4.57354 8.27027 -11.84616
v -3.38863 8.27027 -12.27013
v -2.16787 8.27027 -12.57591
v -0.92302 8.27027 -12.76057
v 0.33394 8.27027 -12.82232
v 1.59090 8.27027 -12.76057
v 2.83576 8.27027 -12.57591
v 4.05652 8.27027 -12.27013
v 5.24143 8.27027 -11.84616
v 6.37908 8.27027 -11.30809
v 7.45851 8.27027 -10.66111
v 8.46932 8.27027 -9.91144
v 9.40179 8.27027 -9.06629
v 10.24694 8.27027 -8.13383
v 10.99661 8.27027 -7.12301
v 11.64359 8.27027 -6.04358
v 12.18166 8.27027 -4.90593
v 12.60563 8.27027 -3.72102
v 12.91141 8.27027 -2.50026
v 13.09607 8.27027 -1.25540
v 13.15782 8.27027 0.00156
v 13.19702 8.33280 1.26846
v 13.01090 8.33280 2.52316
v 12.70270 8.33280 3.75358
v 12.27538 8.33280 4.94786
v 11.73305 8.33280 6.09451
v 11.08095 8.33280 7.18247
v 10.32535 8.33280 8.20129
v 9.47352 8.33280 9.14113
v 8.53367 8.33280 9.99296
v 7.51486 8.33280 10.74856
v 6.42689 8.33280 11.40066
v 5.28025 8.33280 11.94299
v 4.08596 8.33280 12.37031
v 2.85555 8.33280 12.67851
v 1.60085 8.33280 12.86463
v 0.33394 8.33280 12.92687
v -0.93296 8.33280 12.86463
v -2.18766 8.33280 12.67851
v -3.41808 8.33280 12.37031
v -4.61236 8.33280 11.94299
v -5.75901 8.33280 11.40066
v -6.84698 8.33280 10.74856
v -7.86579 8.33280 9.99296
v -8.80563 8.33280 9.14113
v -9.65746 8.33280 8.20129
v -10.41306 8.33280 7.18247
v -11.06517 8.33280 6.09451
v -11.60749 8.33280 4.94786
v -12.03481 8.33280 3.75358
v -12.34301 8.33280 2.52316
v -12.52913 8.33280 1.26846
v -12.59137 8.33280 0.00156
v -12.52913 8.33280 -1.26535
v -12.34301 8.33280 -2.52005
v -12.03481 8.33280 -3.75047
v -11.60749 8.33280 -4.94475
v -11.06517 8.33280 -6.09139
v -10.41306 8.33280 -7.17936
v -9.65746 8.33280 -8.19818
v -8.80563 8.33280 -9.13802
v -7.86579 8.33280 -9.98985
v -6.84698 8.33280 -10.74545
v -5.75901 8.33280 -11.39755
v -4.61236 8.33280 -11.93988
v -3.41808 8.33280 -12.36720
v -2.18766 8.33280 -12.67540
v -0.93296 8.33280 -12.86152
v 0.33394 8.33280 -12.92376
v 1.60085 8.33280 -12.86152
v 2.85555 8.33280 -12.67540
v 4.08596 8.33280 -12.36720
v 5.28025 8.33280 -11.93988
v 6.42689 8.33280 -11.39755
v 7.51486 8.33280 -10.74545
v 8.53367 8.33280 -9.98985
v 9.47352 8.33280 -9.13802
v 10.32535 8.33280 -8.19818
v 11.08095 8.33280 -7.17936
v 11.73305 8.33280 -6.09139
v 12.27538 8.33280 -4.94475
v 12.70270 8.33280 -3.75047
v 13.01090 8.33280 -2.52005
v 13.19702 8.33280 -1.26535
v 13.25926 8.33280 0.00156
v 13.28622 8.41132 1.27724
v 13.09881 8.41132 2.54065
v 12.78847 8.41132 3.77959
v 12.35819 8.41132 4.98216
v 11.81210 8.41132 6.13676
v 11.15547 8.41132 7.23227
v 10.39463 8.41132 8.25815
v 9.53690 8.41132 9.20451
v 8.59054 8.41132 10.06224
v 7.56466 8.41132 10.82309
v 6.46915 8.41132 11.47971
v 5.31455 8.41132 12.02580
v 4.11198 8.41132 12.45608
v 2.87303 8.41132 12.76642
v 1.60963 8.41132 12.95383
v 0.33394 8.41132 13.01650
v -0.94174 8.41132 12.95383
v -2.20515 8.41132 12.76642
v -3.44410 8.41132 12.45608
v -4.64666 8.41132 12.02580
v -5.80126 8.41132 11.47971
v -6.89677 8.41132 10.82309
v -7.92265 8.41132 10.06224
v -8.86901 8.41132 9.20451
v -9.72675 8.41132 8.25815
v -10.48759 8.41132 7.23227
v -11.14421 8.41132 6.13676
v -11.69030 8.41132 4.98216
v -12.12058 8.41132 3.77959
v -12.43092 8.41132 2.54065
v -12.61833 8.41132 1.27724
v -12.68100 8.41132 0.00156
v -12.61833 8.41132 -1.27413
v -12.43092 8.41132 -2.53753
v -12.12058 8.41132 -3.77648
v -11.69030 8.41132 -4.97905
v -11.14421 8.41132 -6.13365
v -10.48759 8.41132 -7.22916
v -9.72675 8.41132 -8.25504
v -8.86901 8.41132 -9.20140
v -7.92265 8.41132 -10.05913
v -6.89677 8.41132 -10.81998
v -5.80126 8.41132 -11.47660
v -4.64666 8.41132 -12.02269
v -3.44410 8.41132 -12.45297
v -2.20515 8.41132 -12.76331
v -0.94174 8.41132 -12.95072
v 0.33394 8.41132 -13.01339
v 1.60963 8.41132 -12.95072
v 2.87303 8.41132 -12.76331
v 4.11198 8.41132 -12.45297
v 5.31455 8.41132 -12.02269
v 6.46915 8.41132 -11.47660
v 7.56466 8.41132 -10.81998
v 8.59054 8.41132 -10.05913
v 9.53690 8.41132 -9.20140
v 10.39463 8.41132 -8.25504
v 11.15547 8.41132 -7.22916
v 11.81210 8.41132 -6.13365
v 12.35819 8.41132 -4.97905
v 12.78847 8.41132 -3.77648
v 13.09881 8.41132 -2.53753
v 13.28622 8.41132 -1.27413
v 13.34889 8.41132 0.00156
v 13.36119 8.50365 1.28463
v 13.17270 8.50365 2.55534
v 12.86056 8.50365 3.80146
v 12.42778 8.50365 5.01099
v 11.87854 8.50365 6.17227
v 11.21811 8.50365 7.27412
v 10.45287 8.50365 8.30594
v 9.59017 8.50365 9.25778
v 8.63833 8.50365 10.12048
v 7.60651 8.50365 10.88573
v 6.50466 8.50365 11.54615
v 5.34338 8.50365 12.09540
v 4.13385 8.50365 12.52817
v 2.88773 8.50365 12.84031
v 1.61702 8.50365 13.02880
v 0.33394 8.50365 13.09183
v -0.94913 8.50365 13.02880
v -2.21984 8.50365 12.84031
v -3.46596 8.50365 12.52817
v -4.67549 8.50365 12.09540
v -5.83677 8.50365 11.54615
v -6.93863 8.50365 10.88573
v -7.97044 8.50365 10.12048
v -8.92228 8.50365 9.25778
v -9.78498 8.50365 8.30594
v -10.55023 8.50365 7.27412
v -11.21065 8.50365 6.17227
v -11.75990 8.50365 5.01099
v -12.19267 8.50365 3.80146
v -12.50481 8.50365 2.55534
v -12.69330 8.50365 1.28463
v -12.75634 8.50365 0.00156
v -12.69330 8.50365 -1.28152
v -12.50481 8.50365 -2.55223
v -12.19267 8.50365 -3.79835
v -11.75990 8.50365 -5.00788
v -11.21065 8.50365 -6.16916
v -10.55023 8.50365 -7.27101
v -9.78498 8.50365 -8.30283
v -8.92228 8.50365 -9.25467
v -7.97044 8.50365 -10.11737
v -6.93863 8.50365 -10.88261
v -5.83677 8.50365 -11.54304
v -4.67549 8.50365 -12.09229
v -3.46596 8.50365 -12.52506
v -2.21984 8.50365 -12.83720
v -0.94913 8.50365 -13.02569
v 0.33394 8.50365 -13.08872
v 1.61702 8.50365 -13.02569
v 2.88773 8.50365 -12.83720
v 4.13385 8.50365 -12.52506
v 5.34338 8.50365 -12.09229
v 6.50466 8.50365 -11.54304
v 7.60651 8.50365 -10.88261
v 8.63833 8.50365 -10.11737
v 9.59017 8.50365 -9.25467
v 10.45287 8.50365 -8.30283
v 11.21811 8.50365 -7.27101
v 11.87854 8.50365 -6.16916
v 12.42778 8.50365 -5.00788
v 12.86056 8.50365 -3.79835
v 13.17270 8.50365 -2.55223
v 13.36119 8.50365 -1.28152
v 13.42422 8.50365 0.00156
v 13.41984 8.60721 1.29040
v 13.23050 8.60721 2.56684
v 12.91696 8.60721 3.81857
v 12.48224 8.60721 5.03354
v 11.93052 8.60721 6.20005
v 11.26712 8.60721 7.30687
v 10.49843 8.60721 8.34333
v 9.63185 8.60721 9.29946
v 8.67572 8.60721 10.16604
v 7.63926 8.60721 10.93473
v 6.53244 8.60721 11.59813
v 5.36593 8.60721 12.14985
v 4.15096 8.60721 12.58457
v 2.89923 8.60721 12.89812
v 1.62279 8.60721 13.08746
v 0.33394 8.60721 13.15077
v -0.95491 8.60721 13.08746
v -2.23134 8.60721 12.89812
v -3.48307 8.60721 12.58457
v -4.69804 8.60721 12.14985
v -5.86455 8.60721 11.59813
v -6.97137 8.60721 10.93473
v -8.00783 8.60721 10.16604
v -8.96396 8.60721 9.29946
v -9.83054 8.60721 8.34333
v -10.59923 8.60721 7.30687
v -11.26263 8.60721 6.20005
v -11.81435 8.60721 5.03354
v -12.24907 8.60721 3.81857
v -12.56262 8.60721 2.56684
v -12.75196 8.60721 1.29040
v -12.81528 8.60721 0.00156
v -12.75196 8.60721 -1.28729
v -12.56262 8.60721 -2.56373
v -12.24907 8.60721 -3.81546
v -11.81435 8.60721 -5.03043
v -11.26263 8.60721 -6.19694
v -10.59923 8.60721 -7.30376
v -9.83054 8.60721 -8.34022
v -8.96396 8.60721 -9.29635
v -8.00783 8.60721 -10.16293
v -6.97137 8.60721 -10.93162
v -5.86455 8.60721 -11.59502
v -4.69804 8.60721 -12.14674
v -3.48307 8.60721 -12.58146
v -2.23134 8.60721 -12.89500
v -0.95491 8.60721 -13.08435
v 0.33394 8.60721 -13.14766
v 1.62279 8.60721 -13.08435
v 2.89923 8.60721 -12.89500
v 4.15096 8.60721 -12.58146
v 5.36593 8.60721 -12.14674
v 6.53244 8.60721 -11.59502
v 7.63926 8.60721 -10.93162
v 8.67572 8.60721 -10.16293
v 9.63185 8.60721 -9.29635
v 10.49843 8.60721 -8.34022
v 11.26712 8.60721 -7.30376
v 11.93052 8.60721 -6.19694
v 12.48224 8.60721 -5.03043
v 12.91696 8.60721 -3.81546
v 13.23050 8.60721 -2.56373
v 13.41984 8.60721 -1.28729
v 13.48316 8.60721 0.00156
v 13.46055 8.71913 1.29441
v 13.27062 8.71913 2.57482
v 12.95610 8.71913 3.83045
v 12.52003 8.71913 5.04920
v 11.96659 8.71913 6.21934
v 11.30113 8.71913 7.32960
v 10.53005 8.71913 8.36928
v 9.66077 8.71913 9.32838
v 8.70167 8.71913 10.19766
v 7.66198 8.71913 10.96874
v 6.55173 8.71913 11.63421
v 5.38158 8.71913 12.18764
v 4.16283 8.71913 12.62372
v 2.90721 8.71913 12.93823
v 1.62680 8.71913 13.12816
v 0.33394 8.71913 13.19168
v -0.95891 8.71913 13.12816
v -2.23932 8.71913 12.93823
v -3.49495 8.71913 12.62372
v -4.71370 8.71913 12.18764
v -5.88384 8.71913 11.63421
v -6.99410 8.71913 10.96874
v -8.03378 8.71913 10.19766
v -8.99288 8.71913 9.32838
v -9.86216 8.71913 8.36928
v -10.63324 8.71913 7.32960
v -11.29871 8.71913 6.21934
v -11.85214 8.71913 5.04920
v -12.28822 8.71913 3.83045
v -12.60274 8.71913 2.57482
v -12.79267 8.71913 1.29441
v -12.85618 8.71913 0.00156
v -12.79267 8.71913 -1.29130
v -12.60274 8.71913 -2.57171
v -12.28822 8.71913 -3.82733
v -11.85214 8.71913 -5.04609
v -11.29871 8.71913 -6.21623
v -10.63324 8.71913 -7.32648
v -9.86216 8.71913 -8.36617
v -8.99288 8.71913 -9.32527
v -8.03378 8.71913 -10.19455
v -6.99410 8.71913 -10.96563
v -5.88384 8.71913 -11.63109
v -4.71370 8.71913 -12.18453
v -3.49495 8.71913 -12.62061
v -2.23932 8.71913 -12.93512
v -0.95891 8.71913 -13.12505
v 0.33394 8.71913 -13.18857
v 1.62680 8.71913 -13.12505
v 2.90721 8.71913 -12.93512
v 4.16283 8.71913 -12.62061
v 5.38158 8.71913 -12.18453
v 6.55173 8.71913 -11.63109
v 7.66198 8.71913 -10.96563
v 8.70167 8.71913 -10.19455
v 9.66077 8.71913 -9.32527
v 10.53005 8.71913 -8.36617
v 11.30113 8.71913 -7.32648
v 11.96659 8.71913 -6.21623
v 12.52003 8.71913 -5.04609
v 12.95610 8.71913 -3.82733
v 13.27062 8.71913 -2.57171
v 13.46055 8.71913 -1.29130
v 13.52407 8.71913 0.00156
v 13.48218 8.83629 1.29654
v 13.29194 8.83629 2.57906
v 12.97690 8.83629 3.83675
v 12.54011 8.83629 5.05751
v 11.98576 8.83629 6.22958
v 11.31920 8.83629 7.34167
v 10.54685 8.83629 8.38307
v 9.67614 8.83629 9.34375
v 8.71546 8.83629 10.21446
v 7.67406 8.83629 10.98681
v 6.56197 8.83629 11.65337
v 5.38990 8.83629 12.20772
v 4.16914 8.83629 12.64451
v 2.91145 8.83629 12.95955
v 1.62893 8.83629 13.14979
v 0.33394 8.83629 13.21341
v -0.96104 8.83629 13.14979
v -2.24356 8.83629 12.95955
v -3.50126 8.83629 12.64451
v -4.72201 8.83629 12.20772
v -5.89408 8.83629 11.65337
v -7.00617 8.83629 10.98681
v -8.04757 8.83629 10.21446
v -9.00825 8.83629 9.34375
v -9.87896 8.83629 8.38307
v -10.65131 8.83629 7.34167
v -11.31787 8.83629 6.22958
v -11.87222 8.83629 5.05751
v -12.30901 8.83629 3.83675
v -12.62405 8.83629 2.57906
v -12.81429 8.83629 1.29654
v -12.87791 8.83629 0.00156
v -12.81429 8.83629 -1.29343
v -12.62405 8.83629 -2.57595
v -12.30901 8.83629 -3.83364
v -11.87222 8.83629 -5.05440
v -11.31787 8.83629 -6.22647
v -10.65131 8.83629 -7.33856
v -9.87896 8.83629 -8.37996
v -9.00825 8.83629 -9.34064
v -8.04757 8.83629 -10.21135
v -7.00617 8.83629 -10.98370
v -5.89408 8.83629 -11.65026
v -4.72201 8.83629 -12.20461
v -3.50126 8.83629 -12.64140
v -2.24356 8.83629 -12.95644
v -0.96104 8.83629 -13.14668
v 0.33394 8.83629 -13.21030
v 1.62893 8.83629 -13.14668
v 2.91145 8.83629 -12.95644
v 4.16914 8.83629 -12.64140
v 5.38990 8.83629 -12.20461
v 6.56197 8.83629 -11.65026
v 7.67406 8.83629 -10.98370
v 8.71546 8.83629 -10.21135
v 9.67614 8.83629 -9.34064
v 10.54685 8.83629 -8.37996
v 11.31920 8.83629 -7.33856
v 11.98576 8.83629 -6.22647
v 12.54011 8.83629 -5.05440
v 12.97690 8.83629 -3.83364
v 13.29194 8.83629 -2.57595
v 13.48218 8.83629 -1.29343
v 13.54580 8.83629 0.00156
v 13.48413 8.95543 1.29674
v 13.29385 8.95543 2.57944
v 12.97877 8.95543 3.83732
v 12.54191 8.95543 5.05826
v 11.98748 8.95543 6.23050
v 11.32083 8.95543 7.34275
v 10.54836 8.95543 8.38431
v 9.67752 8.95543 9.34513
v 8.71670 8.95543 10.21597
v 7.67514 8.95543 10.98844
v 6.56289 8.95543 11.65510
v 5.39065 8.95543 12.20952
v 4.16971 8.95543 12.64638
v 2.91183 8.95543 12.96147
v 1.62912 8.95543 13.15174
v 0.33394 8.95543 13.21537
v -0.96124 8.95543 13.15174
v -2.24394 8.95543 12.96147
v -3.50182 8.95543 12.64638
v -4.72276 8.95543 12.20952
v -5.89500 8.95543 11.65510
v -7.00726 8.95543 10.98844
v -8.04881 8.95543 10.21597
v -9.00963 8.95543 9.34513
v -9.88047 8.95543 8.38431
v -10.65294 8.95543 7.34275
v -11.31960 8.95543 6.23050
v -11.87403 8.95543 5.05826
v -12.31088 8.95543 3.83732
v -12.62597 8.95543 2.57944
v -12.81624 8.95543 1.29674
v -12.87987 8.95543 0.00156
v -12.81624 8.95543 -1.29362
v -12.62597 8.95543 -2.57633
v -12.31088 8.95543 -3.83421
v -11.87403 8.95543 -5.05515
v -11.31960 8.95543 -6.22739
v -10.65294 8.95543 -7.33964
v -9.88047 8.95543 -8.38120
v -9.00963 8.95543 -9.34202
v -8.04881 8.95543 -10.21286
v -7.00726 8.95543 -10.98533
v -5.89500 8.95543 -11.65199
v -4.72276 8.95543 -12.20641
v -3.50182 8.95543 -12.64327
v -2.24394 8.95543 -12.95836
v -0.96124 8.95543 -13.14863
v 0.33394 8.95543 -13.21226
v 1.62912 8.95543 -13.14863
v 2.91183 8.95543 -12.95836
v 4.16971 8.95543 -12.64327
v 5.39065 8.95543 -12.20641
v 6.56289 8.95543 -11.65199
v 7.67514 8.95543 -10.98533
v 8.71670 8.95543 -10.21286
v 9.67752 8.95543 -9.34202
v 10.54836 8.95543 -8.38120
v 11.32083 8.95543 -7.33964
v 11.98748 8.95543 -6.22739
v 12.54191 8.95543 -5.05515
v 12.97877 8.95543 -3.83421
v 13.29385 8.95543 -2.57633
v 13.48413 8.95543 -1.29362
v 13.54775 8.95543 0.00156
v 13.46634 9.07325 1.29498
v 13.27632 9.07325 2.57595
v 12.96166 9.07325 3.83213
v 12.52540 9.07325 5.05142
v 11.97172 9.07325 6.22207
v 11.30596 9.07325 7.33282
v 10.53454 9.07325 8.37297
v 9.66488 9.07325 9.33249
v 8.70536 9.07325 10.20215
v 7.66521 9.07325 10.97357
v 6.55446 9.07325 11.63933
v 5.38381 9.07325 12.19301
v 4.16452 9.07325 12.62928
v 2.90834 9.07325 12.94393
v 1.62737 9.07325 13.13395
v 0.33394 9.07325 13.19749
v -0.95948 9.07325 13.13395
v -2.24046 9.07325 12.94393
v -3.49663 9.07325 12.62928
v -4.71592 9.07325 12.19301
v -5.88658 9.07325 11.63933
v -6.99732 9.07325 10.97357
v -8.03747 9.07325 10.20215
v -8.99699 9.07325 9.33249
v -9.86665 9.07325 8.37297
v -10.63807 9.07325 7.33282
v -11.30383 9.07325 6.22207
v -11.85751 9.07325 5.05142
v -12.29378 9.07325 3.83213
v -12.60843 9.07325 2.57595
v -12.79845 9.07325 1.29498
v -12.86199 9.07325 0.00156
v -12.79845 9.07325 -1.29187
v -12.60843 9.07325 -2.57284
v -12.29378 9.07325 -3.82902
v -11.85751 9.07325 -5.04831
v -11.30383 9.07325 -6.21896
v -10.63807 9.07325 -7.32971
v -9.86665 9.07325 -8.36986
v -8.99699 9.07325 -9.32938
v -8.03747 9.07325 -10.19904
v -6.99732 9.07325 -10.97046
v -5.88658 9.07325 -11.63622
v -4.71592 9.07325 -12.18990
v -3.49663 9.07325 -12.62617
v -2.24046 9.07325 -12.94082
v -0.95948 9.07325 -13.13084
v 0.33394 9.07325 -13.19438
v 1.62737 9.07325 -13.13084
v 2.90834 9.07325 -12.94082
v 4.16452 9.07325 -12.62617
v 5.38381 9.07325 -12.18990
v 6.55446 9.07325 -11.63622
v 7.66521 9.07325 -10.97046
v 8.70536 9.07325 -10.19904
v 9.66488 9.07325 -9.32938
v 10.53454 9.07325 -8.36986
v 11.30596 9.07325 -7.32971
v 11.97172 9.07325 -6.21896
v 12.52540 9.07325 -5.04831
v 12.96166 9.07325 -3.82902
v 13.27632 9.07325 -2.57284
v 13.46634 9.07325 -1.29187
v 13.52988 9.07325 0.00156
v 13.42930 9.18645 1.29134
v 13.23982 9.18645 2.56870
v 12.92605 9.18645 3.82133
v 12.49102 9.18645 5.03718
v 11.93890 9.18645 6.20453
v 11.27502 9.18645 7.31215
v 10.50577 9.18645 8.34936
v 9.63857 9.18645 9.30618
v 8.68175 9.18645 10.17339
v 7.64454 9.18645 10.94263
v 6.53692 9.18645 11.60651
v 5.36957 9.18645 12.15863
v 4.15372 9.18645 12.59367
v 2.90108 9.18645 12.90744
v 1.62372 9.18645 13.09692
v 0.33394 9.18645 13.16028
v -0.95584 9.18645 13.09692
v -2.23320 9.18645 12.90744
v -3.48583 9.18645 12.59367
v -4.70168 9.18645 12.15863
v -5.86904 9.18645 11.60651
v -6.97665 9.18645 10.94263
v -8.01386 9.18645 10.17339
v -8.97068 9.18645 9.30618
v -9.83789 9.18645 8.34936
v -10.60713 9.18645 7.31215
v -11.27101 9.18645 6.20453
v -11.82313 9.18645 5.03718
v -12.25817 9.18645 3.82133
v -12.57194 9.18645 2.56870
v -12.76142 9.18645 1.29134
v -12.82478 9.18645 0.00156
v -12.76142 9.18645 -1.28822
v -12.57194 9.18645 -2.56558
v -12.25817 9.18645 -3.81822
v -11.82313 9.18645 -5.03407
v -11.27101 9.18645 -6.20142
v -10.60713 9.18645 -7.30904
v -9.83789 9.18645 -8.34625
v -8.97068 9.18645 -9.30307
v -8.01386 9.18645 -10.17028
v -6.97665 9.18645 -10.93952
v -5.86904 9.18645 -11.60340
v -4.70168 9.18645 -12.15552
v -3.48583 9.18645 -12.59056
v -2.23320 9.18645 -12.90433
v -0.95584 9.18645 -13.09380
v 0.33394 9.18645 -13.15717
v 1.62372 9.18645 -13.09380
v 2.90108 9.18645 -12.90433
v 4.15372 9.18645 -12.59056
v 5.36957 9.18645 -12.15552
v 6.53692 9.18645 -11.60340
v 7.64454 9.18645 -10.93952
v 8.68175 9.18645 -10.17028
v 9.63857 9.18645 -9.30307
v 10.50577 9.18645 -8.34625
v 11.27502 9.18645 -7.30904
v 11.93890 9.18645 -6.20142
v 12.49102 9.18645 -5.03407
v 12.92605 9.18645 -3.81822
v 13.23982 9.18645 -2.56558
v 13.42930 9.18645 -1.28822
v 13.49267 9.18645 0.00156
v 13.37406 9.29189 1.28589
v 13.18538 9.29189 2.55787
v 12.87294 9.29189 3.80522
v 12.43973 9.29189 5.01594
v 11.88995 9.29189 6.17837
v 11.22887 9.29189 7.28131
v 10.46286 9.29189 8.31415
v 9.59931 9.29189 9.26693
v 8.64653 9.29189 10.13048
v 7.61370 9.29189 10.89648
v 6.51076 9.29189 11.55756
v 5.34833 9.29189 12.10735
v 4.13761 9.29189 12.54055
v 2.89025 9.29189 12.85299
v 1.61828 9.29189 13.04167
v 0.33394 9.29189 13.10477
v -0.95040 9.29189 13.04167
v -2.22237 9.29189 12.85299
v -3.46972 9.29189 12.54055
v -4.68044 9.29189 12.10735
v -5.84287 9.29189 11.55756
v -6.94581 9.29189 10.89648
v -7.97865 9.29189 10.13048
v -8.93143 9.29189 9.26693
v -9.79498 9.29189 8.31415
v -10.56098 9.29189 7.28131
v -11.22206 9.29189 6.17837
v -11.77185 9.29189 5.01594
v -12.20505 9.29189 3.80522
v -12.51750 9.29189 2.55787
v -12.70617 9.29189 1.28589
v -12.76927 9.29189 0.00156
v -12.70617 9.29189 -1.28278
v -12.51750 9.29189 -2.55475
v -12.20505 9.29189 -3.80211
v -11.77185 9.29189 -5.01283
v -11.22206 9.29189 -6.17526
v -10.56098 9.29189 -7.27820
v -9.79498 9.29189 -8.31104
v -8.93143 9.29189 -9.26382
v -7.97865 9.29189 -10.12737
v -6.94581 9.29189 -10.89337
v -5.84287 9.29189 -11.55445
v -4.68044 9.29189 -12.10423
v -3.46972 9.29189 -12.53744
v -2.22237 9.29189 -12.84988
v -0.95040 9.29189 -13.03856
v 0.33394 9.29189 -13.10166
v 1.61828 9.29189 -13.03856
v 2.89025 9.29189 -12.84988
v 4.13761 9.29189 -12.53744
v 5.34833 9.29189 -12.10423
v 6.51076 9.29189 -11.55445
v 7.61370 9.29189 -10.89337
v 8.64653 9.29189 -10.12737
v 9.59931 9.29189 -9.26382
v 10.46286 9.29189 -8.31104
v 11.22887 9.29189 -7.27820
v 11.88995 9.29189 -6.17526
v 12.43973 9.29189 -5.01283
v 12.87294 9.29189 -3.80211
v 13.18538 9.29189 -2.55475
v 13.37406 9.29189 -1.28278
v 13.43716 9.29189 0.00156
v 13.30215 9.38664 1.27881
v 13.11451 9.38664 2.54377
v 12.80378 9.38664 3.78424
v 12.37297 9.38664 4.98828
v 11.82621 9.38664 6.14430
v 11.16878 9.38664 7.24116
v 10.40700 9.38664 8.26830
v 9.54821 9.38664 9.21583
v 8.60069 9.38664 10.07461
v 7.57355 9.38664 10.83639
v 6.47669 9.38664 11.49383
v 5.32067 9.38664 12.04058
v 4.11663 9.38664 12.47140
v 2.87615 9.38664 12.78212
v 1.61120 9.38664 12.96976
v 0.33394 9.38664 13.03250
v -0.94331 9.38664 12.96976
v -2.20827 9.38664 12.78212
v -3.44874 9.38664 12.47140
v -4.65278 9.38664 12.04058
v -5.80880 9.38664 11.49383
v -6.90566 9.38664 10.83639
v -7.93280 9.38664 10.07461
v -8.88033 9.38664 9.21583
v -9.73912 9.38664 8.26830
v -10.50089 9.38664 7.24116
v -11.15833 9.38664 6.14430
v -11.70508 9.38664 4.98828
v -12.13590 9.38664 3.78424
v -12.44662 9.38664 2.54377
v -12.63426 9.38664 1.27881
v -12.69701 9.38664 0.00156
v -12.63426 9.38664 -1.27570
v -12.44662 9.38664 -2.54066
v -12.13590 9.38664 -3.78113
v -11.70508 9.38664 -4.98517
v -11.15833 9.38664 -6.14119
v -10.50089 9.38664 -7.23805
v -9.73912 9.38664 -8.26519
v -8.88033 9.38664 -9.21272
v -7.93280 9.38664 -10.07150
v -6.90566 9.38664 -10.83328
v -5.80880 9.38664 -11.49072
v -4.65278 9.38664 -12.03747
v -3.44874 9.38664 -12.46828
v -2.20827 9.38664 -12.77901
v -0.94331 9.38664 -12.96665
v 0.33394 9.38664 -13.02939
v 1.61120 9.38664 -12.96665
v 2.87615 9.38664 -12.77901
v 4.11663 9.38664 -12.46828
v 5.32067 9.38664 -12.03747
v 6.47669 9.38664 -11.49072
v 7.57355 9.38664 -10.83328
v 8.60069 9.38664 -10.07150
v 9.54821 9.38664 -9.21272
v 10.40700 9.38664 -8.26519
v 11.16878 9.38664 -7.23805
v 11.82621 9.38664 -6.14119
v 12.37297 9.38664 -4.98517
v 12.80378 9.38664 -3.78113
v 13.11451 9.38664 -2.54066
v 13.30215 9.38664 -1.27570
v 13.36489 9.38664 0.00156
v 13.21556 9.46805 1.27028
v 13.02917 9.46805 2.52679
v 12.72052 9.46805 3.75898
v 12.29259 9.46805 4.95499
v 11.74948 9.46805 6.10329
v 11.09644 9.46805 7.19282
v 10.33974 9.46805 8.21310
v 9.48669 9.46805 9.15430
v 8.54549 9.46805 10.00736
v 7.52521 9.46805 10.76405
v 6.43568 9.46805 11.41709
v 5.28737 9.46805 11.96020
v 4.09137 9.46805 12.38813
v 2.85918 9.46805 12.69678
v 1.60267 9.46805 12.88317
v 0.33394 9.46805 12.94550
v -0.93478 9.46805 12.88317
v -2.19129 9.46805 12.69678
v -3.42348 9.46805 12.38813
v -4.61949 9.46805 11.96020
v -5.76779 9.46805 11.41709
v -6.85733 9.46805 10.76405
v -7.87761 9.46805 10.00736
v -8.81880 9.46805 9.15430
v -9.67186 9.46805 8.21310
v -10.42855 9.46805 7.19282
v -11.08159 9.46805 6.10329
v -11.62470 9.46805 4.95499
v -12.05264 9.46805 3.75898
v -12.36128 9.46805 2.52679
v -12.54767 9.46805 1.27028
v -12.61000 9.46805 0.00156
v -12.54767 9.46805 -1.26717
v -12.36128 9.46805 -2.52368
v -12.05264 9.46805 -3.75587
v -11.62470 9.46805 -4.95188
v -11.08159 9.46805 -6.10018
v -10.42855 9.46805 -7.18971
v -9.67186 9.46805 -8.20999
v -8.81880 9.46805 -9.15119
v -7.87761 9.46805 -10.00425
v -6.85733 9.46805 -10.76094
v -5.76779 9.46805 -11.41398
v -4.61949 9.46805 -11.95709
v -3.42348 9.46805 -12.38502
v -2.19129 9.46805 -12.69367
v -0.93478 9.46805 -12.88006
v 0.33394 9.46805 -12.94239
v 1.60267 9.46805 -12.88006
v 2.85918 9.46805 -12.69367
v 4.09137 9.46805 -12.38502
v 5.28737 9.46805 -11.95709
v 6.43568 9.46805 -11.41398
v 7.52521 9.46805 -10.76094
v 8.54549 9.46805 -10.00425
v 9.48669 9.46805 -9.15119
v 10.33974 9.46805 -8.20999
v 11.09644 9.46805 -7.18971
v 11.74948 9.46805 -6.10018
v 12.29259 9.46805 -4.95188
v 12.72052 9.46805 -3.75587
v 13.02917 9.46805 -2.52368
v 13.21556 9.46805 -1.26717
v 13.27788 9.46805 0.00156
v 13.11670 9.53387 1.26055
v 12.93175 9.53387 2.50741
v 12.62547 9.53387 3.73015
v 12.20082 9.53387 4.91698
v 11.66188 9.53387 6.05646
v 11.01385 9.53387 7.13764
v 10.26296 9.53387 8.15009
v 9.41645 9.53387 9.08407
v 8.48248 9.53387 9.93057
v 7.47003 9.53387 10.68146
v 6.38885 9.53387 11.32949
v 5.24936 9.53387 11.86843
v 4.06254 9.53387 12.29308
v 2.83980 9.53387 12.59936
v 1.59294 9.53387 12.78432
v 0.33394 9.53387 12.84617
v -0.92505 9.53387 12.78432
v -2.17192 9.53387 12.59936
v -3.39465 9.53387 12.29308
v -4.58148 9.53387 11.86843
v -5.72096 9.53387 11.32949
v -6.80214 9.53387 10.68146
v -7.81459 9.53387 9.93057
v -8.74857 9.53387 9.08407
v -9.59507 9.53387 8.15009
v -10.34596 9.53387 7.13764
v -10.99399 9.53387 6.05646
v -11.53293 9.53387 4.91698
v -11.95758 9.53387 3.73015
v -12.26386 9.53387 2.50741
v -12.44882 9.53387 1.26055
v -12.51067 9.53387 0.00156
v -12.44882 9.53387 -1.25744
v -12.26386 9.53387 -2.50430
v -11.95758 9.53387 -3.72704
v -11.53293 9.53387 -4.91386
v -10.99399 9.53387 -6.05335
v -10.34596 9.53387 -7.13453
v -9.59507 9.53387 -8.14698
v -8.74857 9.53387 -9.08096
v -7.81459 9.53387 -9.92746
v -6.80214 9.53387 -10.67835
v -5.72096 9.53387 -11.32638
v -4.58148 9.53387 -11.86532
v -3.39465 9.53387 -12.28997
v -2.17192 9.53387 -12.59625
v -0.92505 9.53387 -12.78120
v 0.33394 9.53387 -12.84305
v 1.59294 9.53387 -12.78120
v 2.83980 9.53387 -12.59625
v 4.06254 9.53387 -12.28997
v 5.24936 9.53387 -11.86532
v 6.38885 9.53387 -11.32638
v 7.47003 9.53387 -10.67835
v 8.48248 9.53387 -9.92746
v 9.41645 9.53387 -9.08096
v 10.26296 9.53387 -8.14698
v 11.01385 9.53387 -7.13453
v 11.66188 9.53387 -6.05335
v 12.20082 9.53387 -4.91386
v 12.62547 9.53387 -3.72704
v 12.93175 9.53387 -2.50430
v 13.11670 9.53387 -1.25744
v 13.17855 9.53387 0.00156
v 13.00834 9.58227 1.24987
v 12.82495 9.58227 2.48617
v 12.52127 9.58227 3.69854
v 12.10021 9.58227 4.87530
v 11.56585 9.58227 6.00513
v 10.92331 9.58227 7.07714
v 10.17879 9.58227 8.08101
v 9.33946 9.58227 9.00707
v 8.41340 9.58227 9.84640
v 7.40953 9.58227 10.59092
v 6.33752 9.58227 11.23346
v 5.20769 9.58227 11.76783
v 4.03093 9.58227 12.18888
v 2.81856 9.58227 12.49256
v 1.58226 9.58227 12.67595
v 0.33394 9.58227 12.73727
v -0.91437 9.58227 12.67595
v -2.15067 9.58227 12.49256
v -3.36304 9.58227 12.18888
v -4.53981 9.58227 11.76783
v -5.66963 9.58227 11.23346
v -6.74164 9.58227 10.59092
v -7.74551 9.58227 9.84640
v -8.67157 9.58227 9.00707
v -9.51090 9.58227 8.08101
v -10.25542 9.58227 7.07714
v -10.89796 9.58227 6.00513
v -11.43233 9.58227 4.87530
v -11.85338 9.58227 3.69854
v -12.15706 9.58227 2.48617
v -12.34045 9.58227 1.24987
v -12.40178 9.58227 0.00156
v -12.34045 9.58227 -1.24676
v -12.15706 9.58227 -2.48306
v -11.85338 9.58227 -3.69543
v -11.43233 9.58227 -4.87219
v -10.89796 9.58227 -6.00202
v -10.25542 9.58227 -7.07403
v -9.51090 9.58227 -8.07790
v -8.67157 9.58227 -9.00396
v -7.74551 9.58227 -9.84329
v -6.74164 9.58227 -10.58781
v -5.66963 9.58227 -11.23035
v -4.53981 9.58227 -11.76472
v -3.36304 9.58227 -12.18577
v -2.15067 9.58227 -12.48945
v -0.91437 9.58227 -12.67284
v 0.33394 9.58227 -12.73416
v 1.58226 9.58227 -12.67284
v 2.81856 9.58227 -12.48945
v 4.03093 9.58227 -12.18577
v 5.20769 9.58227 -11.76472
v 6.33752 9.58227 -11.23035
v 7.40953 9.58227 -10.58781
v 8.41340 9.58227 -9.84329
v 9.33946 9.58227 -9.00396
v 10.17879 9.58227 -8.07790
v 10.92331 9.58227 -7.07403
v 11.56585 9.58227 -6.00202
v 12.10021 9.58227 -4.87219
v 12.52127 9.58227 -3.69543
v 12.82495 9.58227 -2.48306
v 13.00834 9.58227 -1.24676
v 13.06966 9.58227 0.00156
v 12.89347 9.61189 1.23856
v 12.71175 9.61189 2.46365
v 12.41082 9.61189 3.66504
v 11.99358 9.61189 4.83114
v 11.46405 9.61189 5.95072
v 10.82734 9.61189 7.01302
v 10.08957 9.61189 8.00779
v 9.25784 9.61189 8.92546
v 8.34018 9.61189 9.75718
v 7.34541 9.61189 10.49495
v 6.28311 9.61189 11.13167
v 5.16352 9.61189 11.66119
v 3.99742 9.61189 12.07843
v 2.79604 9.61189 12.37936
v 1.57095 9.61189 12.56109
v 0.33394 9.61189 12.62186
v -0.90306 9.61189 12.56109
v -2.12816 9.61189 12.37936
v -3.32954 9.61189 12.07843
v -4.49564 9.61189 11.66119
v -5.61522 9.61189 11.13167
v -6.67752 9.61189 10.49495
v -7.67229 9.61189 9.75718
v -8.58996 9.61189 8.92546
v -9.42168 9.61189 8.00779
v -10.15945 9.61189 7.01302
v -10.79617 9.61189 5.95072
v -11.32569 9.61189 4.83114
v -11.74293 9.61189 3.66504
v -12.04386 9.61189 2.46365
v -12.22559 9.61189 1.23856
v -12.28636 9.61189 0.00156
v -12.22559 9.61189 -1.23545
v -12.04386 9.61189 -2.46054
v -11.74293 9.61189 -3.66192
v -11.32569 9.61189 -4.82802
v -10.79617 9.61189 -5.94761
v -10.15945 9.61189 -7.00991
v -9.42168 9.61189 -8.00468
v -8.58996 9.61189 -8.92234
v -7.67229 9.61189 -9.75407
v -6.67752 9.61189 -10.49184
v -5.61522 9.61189 -11.12856
v -4.49564 9.61189 -11.65808
v -3.32954 9.61189 -12.07532
v -2.12816 9.61189 -12.37625
v -0.90306 9.61189 -12.55797
v 0.33394 9.61189 -12.61874
v 1.57095 9.61189 -12.55797
v 2.79604 9.61189 -12.37625
v 3.99742 9.61189 -12.07532
v 5.16352 9.61189 -11.65808
v 6.28311 9.61189 -11.12856
v 7.34541 9.61189 -10.49184
v 8.34018 9.61189 -9.75407
v 9.25784 9.61189 -8.92234
v 10.08957 9.61189 -8.00468
v 10.82734 9.61189 -7.00991
v 11.46405 9.61189 -5.94761
v 11.99358 9.61189 -4.82802
v 12.41082 9.61189 -3.66192
v 12.71175 9.61189 -2.46054
v 12.89347 9.61189 -1.23545
v 12.95424 9.61189 0.00156
v 12.77531 9.62192 1.22692
v 12.59529 9.62192 2.44049
v 12.29719 9.62192 3.63057
v 11.88388 9.62192 4.78570
v 11.35934 9.62192 5.89475
v 10.72861 9.62192 6.94705
v 9.99778 9.62192 7.93246
v 9.17388 9.62192 8.84150
v 8.26485 9.62192 9.66539
v 7.27944 9.62192 10.39623
v 6.22714 9.62192 11.02695
v 5.11808 9.62192 11.55149
v 3.96296 9.62192 11.96480
v 2.77288 9.62192 12.26290
v 1.55931 9.62192 12.44292
v 0.33394 9.62192 12.50312
v -0.89142 9.62192 12.44292
v -2.10499 9.62192 12.26290
v -3.29507 9.62192 11.96480
v -4.45020 9.62192 11.55149
v -5.55925 9.62192 11.02695
v -6.61155 9.62192 10.39623
v -7.59696 9.62192 9.66539
v -8.50600 9.62192 8.84150
v -9.32990 9.62192 7.93246
v -10.06073 9.62192 6.94705
v -10.69145 9.62192 5.89475
v -11.21599 9.62192 4.78570
v -11.62931 9.62192 3.63057
v -11.92740 9.62192 2.44049
v -12.10742 9.62192 1.22692
v -12.16762 9.62192 0.00156
v -12.10742 9.62192 -1.22381
v -11.92740 9.62192 -2.43738
v -11.62931 9.62192 -3.62746
v -11.21599 9.62192 -4.78259
v -10.69145 9.62192 -5.89164
v -10.06073 9.62192 -6.94394
v -9.32990 9.62192 -7.92935
v -8.50600 9.62192 -8.83838
v -7.59696 9.62192 -9.66228
v -6.61155 9.62192 -10.39311
v -5.55925 9.62192 -11.02384
v -4.45020 9.62192 -11.54838
v -3.29507 9.62192 -11.96169
v -2.10499 9.62192 -12.25979
v -0.89142 9.62192 -12.43981
v 0.33394 9.62192 -12.50001
v 1.55931 9.62192 -12.43981
v 2.77288 9.62192 -12.25979
v 3.96296 9.62192 -11.96169
v 5.11808 9.62192 -11.54838
v 6.22714 9.62192 -11.02384
v 7.27944 9.62192 -10.39311
v 8.26485 9.62192 -9.66228
v 9.17388 9.62192 -8.83838
v 9.99778 9.62192 -7.92935
v 10.72861 9.62192 -6.94394
v 11.35934 9.62192 -5.89164
v 11.88388 9.62192 -4.78259
v 12.29719 9.62192 -3.62746
v 12.59529 9.62192 -2.43738
v 12.77531 9.62192 -1.22381
v 12.83551 9.62192 0.00156
v 15.89663 0.00000 0.00156
v 15.76886 0.00000 1.99167
v 0.33394 0.00000 0.00156
v 14.75925 0.00000 -5.83861
v 15.38765 0.00000 -3.94599
v 15.76886 0.00000 -1.98856
v 11.51339 0.00000 -10.82513
v 12.80609 0.00000 -9.30665
v 13.89400 0.00000 -7.63533
v 6.63346 0.00000 -14.22916
v 8.40152 0.00000 -13.30676
v 10.03712 0.00000 -12.16584
v 0.83275 0.00000 -15.55313
v 2.81775 0.00000 -15.36164
v 4.76196 0.00000 -14.91789
v -5.04086 0.00000 -14.60353
v -3.12908 0.00000 -15.17094
v -1.16043 0.00000 -15.48921
v -10.12886 0.00000 -11.51916
v -8.56973 0.00000 -12.76253
v -6.86439 0.00000 -13.79631
v -13.68755 0.00000 -6.75084
v -12.70896 0.00000 -8.48843
v -11.51620 0.00000 -10.08662
v -15.19677 0.00000 -0.99555
v -14.94175 0.00000 -2.97339
v -14.43591 0.00000 -4.90237
v -14.43591 0.00000 4.90549
v -14.94175 0.00000 2.97650
v -15.19677 0.00000 0.99866
v -11.51620 0.00000 10.08973
v -12.70896 0.00000 8.49154
v -13.68755 0.00000 6.75395
v -6.86439 0.00000 13.79942
v -8.56973 0.00000 12.76564
v -10.12886 0.00000 11.52227
v -1.16043 0.00000 15.49233
v -3.12908 0.00000 15.17405
v -5.04086 0.00000 14.60664
v 4.76196 0.00000 14.92100
v 2.81775 0.00000 15.36475
v 0.83275 0.00000 15.55624
v 10.03712 0.00000 12.16895
v 8.40152 0.00000 13.30987
v 6.63346 0.00000 14.23227
v 13.89400 0.00000 7.63844
v 12.80609 0.00000 9.30976
v 11.51339 0.00000 10.82824
v 15.38765 0.00000 3.94910
v 14.75925 0.00000 5.84172

vn 0.11953 0.24136 0.96305
vn 0.08412 -0.82709 0.55574
vn -0.05059 -0.82973 0.55587
vn -0.76148 0.30491 0.57199
vn -0.47405 0.15211 0.86726
vn -0.68746 0.46781 0.55548
vn -0.45240 0.24438 0.85768
vn 0.35551 -0.16712 0.91961
vn 0.49472 0.66795 0.55596
vn -0.01604 0.91052 0.41316
vn 0.31713 0.63071 0.70826
vn 0.02269 0.35298 0.93536
vn 0.27852 0.64994 0.70711
vn 0.36379 0.74754 0.55574
vn 0.17943 -0.68298 0.70805
vn 0.33245 -0.76202 0.55570
vn -0.82268 0.12337 0.55495
vn -0.81477 0.16671 0.55529
vn 0.25793 -0.36391 0.89501
vn -0.66667 0.23327 0.70791
vn 0.42455 -0.42219 0.80094
vn 0.69370 -0.45806 0.55584
vn 0.75892 -0.33923 0.55584
vn 0.03698 0.44515 0.89469
vn -0.24850 0.00972 0.96858
vn 0.11845 0.58761 0.80043
vn -0.73388 0.39059 0.55576
vn -0.56208 0.42731 0.70815
vn 0.42039 -0.29446 0.85823
vn -0.57474 0.60070 0.55572
vn -0.52644 0.64428 0.55477
vn -0.47439 0.52387 0.70747
vn -0.62189 0.55220 0.55527
vn -0.03026 0.70601 0.70755
vn 0.43330 -0.55747 0.70815
vn 0.61004 -0.56471 0.55584
vn -0.18465 -0.81054 0.55582
vn -0.13241 -0.82054 0.55603
vn 0.00644 -0.83127 0.55584
vn -0.82390 -0.11108 0.55574
vn -0.79662 -0.23782 0.55574
vn 0.32018 -0.22944 0.91915
vn 0.83075 0.04324 0.55496
vn 0.81762 0.15049 0.55574
vn 0.16785 0.07466 0.98298
vn -0.83160 0.02162 0.55496
vn -0.83065 -0.04485 0.55498
vn -0.46992 -0.37103 0.80094
vn -0.73075 -0.39613 0.55596
vn 0.51088 -0.04932 0.85823
vn 0.39307 -0.01092 0.91944
vn 0.82788 0.07926 0.55527
vn 0.13148 -0.24122 0.96152
vn 0.14146 -0.81917 0.55584
vn 0.23162 -0.66699 0.70815
vn 0.39670 -0.73053 0.55584
vn 0.38029 -0.59484 0.70820
vn -0.71035 0.36750 0.60029
vn 0.47323 -0.52398 0.70816
vn -0.66706 0.23169 0.70806
vn 0.54530 -0.44938 0.70761
vn -0.69497 0.12516 0.70806
vn -0.83115 0.01836 0.55574
vn 0.79500 -0.24298 0.55582
vn 0.82376 -0.11172 0.55582
vn 0.83156 -0.02243 0.55498
vn 0.78432 0.27568 0.55574
vn 0.73197 0.39417 0.55574
vn 0.66185 0.50310 0.55574
vn 0.23445 0.05910 0.97033
vn -0.51483 0.48332 0.70806
vn -0.68715 0.46796 0.55574
vn -0.75150 0.35553 0.55574
vn 0.80157 -0.21998 0.55596
vn -0.47123 -0.52565 0.70826
vn -0.44101 -0.70457 0.55596
vn 0.81314 0.17458 0.55527
vn 0.78746 0.26755 0.55527
vn 0.75118 0.35692 0.55527
vn 0.70481 0.44149 0.55527
vn 0.64895 0.52012 0.55527
vn 0.58437 0.59176 0.55527
vn -0.74996 -0.35877 0.55574
vn -0.23620 -0.16239 0.95804
vn 0.63911 -0.53150 0.55591
vn 0.51193 0.65544 0.55527
vn 0.43260 0.71030 0.55527
vn 0.34745 0.75561 0.55527
vn 0.25763 0.79076 0.55527
vn 0.17884 -0.57155 0.80084
vn 0.42535 -0.84767 0.31706
vn 0.48767 -0.67323 0.55582
vn 0.57566 0.59980 0.55574
vn 0.47550 0.68195 0.55574
vn -0.79761 0.23447 0.55574
vn -0.82435 0.10772 0.55574
vn -0.81652 -0.15605 0.55582
vn -0.78071 -0.28557 0.55582
vn -0.72451 -0.40762 0.55582
vn -0.64937 -0.51903 0.55582
vn -0.55726 -0.61687 0.55582
vn -0.45059 -0.69859 0.55582
vn 0.60151 0.57367 0.55596
vn 0.58655 0.39283 0.70826
vn -0.17414 -0.68426 0.70814
vn -0.33215 -0.76206 0.55582
vn -0.78765 -0.26554 0.55596
vn -0.69764 -0.10799 0.70826
vn 0.70395 0.05314 0.70826
vn -0.70583 0.01272 0.70826
vn -0.81631 0.15667 0.55596
vn -0.77757 0.29375 0.55596
vn -0.71600 0.42221 0.55596
vn -0.63339 0.53827 0.55596
vn -0.53218 0.63851 0.55596
vn -0.41534 0.72001 0.55596
vn -0.35231 0.82212 0.44722
vn 0.47087 -0.68512 0.55578
vn 0.57354 -0.60180 0.55578
vn 0.66169 -0.50326 0.55578
vn 0.58977 -0.58587 0.55582
vn 0.57455 -0.41040 0.70814
vn 0.74547 -0.36790 0.55582
vn -0.14913 -0.27883 0.94869
vn -0.75518 0.34912 0.55481
vn -0.78370 0.27844 0.55524
vn 0.30162 -0.77459 0.55591
vn 0.16739 -0.81421 0.55591
vn 0.02842 -0.83075 0.55591
vn -0.40221 0.72758 0.55574
vn -0.51036 0.65627 0.55574
vn 0.73311 -0.39198 0.55578
vn 0.78599 -0.27080 0.55578
vn 0.93433 -0.16286 0.31703
vn -0.51908 -0.79081 0.32430
vn -0.24801 -0.79338 0.55591
vn -0.11138 -0.82374 0.55591
vn 0.42732 -0.71299 0.55591
vn 0.54088 -0.63119 0.55591
vn -0.80530 -0.20623 0.55585
vn -0.76266 -0.33092 0.55574
vn -0.19822 -0.33951 0.91948
vn -0.81380 0.17035 0.55562
vn -0.70492 0.04440 0.70790
vn -0.82805 -0.07398 0.55575
vn -0.70153 -0.44608 0.55576
vn -0.62079 -0.55287 0.55584
vn -0.59613 -0.73763 0.31708
vn -0.74919 0.36180 -0.55481
vn -0.38699 0.22357 -0.89457
vn -0.26160 -0.48911 -0.83207
vn 0.66771 -0.49518 -0.55584
vn 0.49123 -0.50716 -0.70815
vn 0.06234 0.51013 -0.85783
vn 0.39967 -0.44582 -0.80094
vn -0.63990 0.29860 -0.70808
vn 0.23666 -0.37809 -0.89501
vn -0.79703 0.23681 -0.55557
vn -0.82071 0.13450 -0.55529
vn -0.00467 -0.83126 -0.55587
vn 0.10786 -0.69787 -0.70806
vn 0.05750 0.17227 -0.98337
vn -0.59316 0.12196 -0.79579
vn 0.18249 0.79970 -0.57199
vn -0.81923 0.14451 -0.55495
vn 0.17388 -0.10124 -0.97955
vn 0.26547 -0.48705 -0.83205
vn -0.53826 0.63415 -0.55510
vn 0.40283 -0.31806 -0.85823
vn -0.50995 0.48909 -0.70763
vn 0.45122 -0.24460 -0.85823
vn -0.66563 0.49837 -0.55548
vn 0.17185 0.06492 -0.98298
vn 0.71600 0.42221 -0.55596
vn -0.06029 0.62715 -0.77656
vn 0.54074 -0.63143 -0.55578
vn 0.43379 -0.70917 -0.55578
vn 0.04610 0.19033 -0.98064
vn -0.53499 0.63720 -0.55477
vn -0.51390 0.48433 -0.70805
vn -0.68813 0.46640 -0.55583
vn 0.63339 0.53827 -0.55596
vn 0.45198 0.54229 -0.70826
vn 0.00923 0.42881 -0.90335
vn 0.41534 0.72001 -0.55596
vn 0.25264 -0.79205 -0.55573
vn 0.31505 -0.63202 -0.70802
vn -0.62140 0.33701 -0.70731
vn 0.48602 -0.67437 -0.55589
vn 0.50119 -0.49731 -0.70816
vn -0.65408 0.26613 -0.70806
vn 0.47666 -0.36351 -0.80041
vn 0.09660 -0.82566 -0.55584
vn -0.03886 -0.83038 -0.55584
vn -0.00975 0.70644 -0.70770
vn 0.76444 0.32758 -0.55527
vn 0.38744 0.22229 -0.89469
vn 0.28805 0.78019 -0.55527
vn 0.37644 0.74160 -0.55527
vn 0.79722 0.23687 -0.55527
vn 0.81929 0.14297 -0.55527
vn 0.83033 0.04716 -0.55527
vn -0.18061 -0.81130 -0.55603
vn -0.14058 -0.81933 -0.55582
vn 0.73931 -0.38008 -0.55584
vn -0.70202 0.07774 -0.70790
vn -0.21442 -0.32952 -0.91948
vn -0.80450 0.20991 -0.55562
vn -0.77273 0.30758 -0.55524
vn 0.47363 -0.68317 -0.55584
vn 0.30263 -0.63791 -0.70815
vn 0.22951 -0.79898 -0.55584
vn 0.45977 0.69302 -0.55527
vn 0.45616 0.53960 -0.70764
vn 0.66860 0.49461 -0.55527
vn 0.69212 0.64862 -0.31665
vn 0.82925 -0.06124 -0.55551
vn 0.81023 -0.18608 -0.55578
vn 0.77048 -0.31219 -0.55578
vn -0.49041 -0.34350 -0.80094
vn -0.58939 -0.58612 -0.55596
vn -0.48065 -0.67815 -0.55596
vn 0.75150 0.35553 -0.55574
vn 0.79761 0.23447 -0.55574
vn 0.82435 0.10772 -0.55574
vn -0.80792 -0.19599 -0.55574
vn 0.36143 -0.26335 -0.89444
vn -0.76763 -0.31921 -0.55574
vn -0.24434 -0.14986 -0.95804
vn -0.82857 -0.06800 -0.55574
vn -0.70420 0.05236 -0.70806
vn -0.80940 0.18979 -0.55574
vn 0.71124 -0.43039 -0.55578
vn 0.63401 -0.53771 -0.55578
vn -0.83075 0.04324 -0.55496
vn -0.81762 0.15049 -0.55574
vn 0.83160 0.02162 -0.55496
vn 0.83065 -0.04486 -0.55498
vn 0.81653 -0.15605 -0.55582
vn 0.60819 -0.56663 -0.55591
vn 0.50450 -0.66063 -0.55591
vn 0.38650 -0.73592 -0.55591
vn 0.25755 -0.79033 -0.55591
vn 0.12131 -0.82234 -0.55591
vn -0.01839 -0.83104 -0.55591
vn -0.37340 0.74262 -0.55596
vn -0.49472 0.66795 -0.55596
vn 0.22014 0.04225 -0.97455
vn -0.60151 0.57367 -0.55596
vn -0.69063 0.46254 -0.55596
vn -0.82736 -0.07988 -0.55596
vn -0.80157 -0.21998 -0.55596
vn 0.50722 -0.07851 -0.85823
vn -0.63888 -0.30033 -0.70826
vn 0.66896 -0.22552 -0.70826
vn 0.35231 0.82212 -0.44722
vn 0.40221 0.72759 -0.55574
vn 0.51036 0.65627 -0.55574
vn 0.78071 -0.28557 -0.55582
vn 0.72451 -0.40762 -0.55582
vn 0.64937 -0.51903 -0.55582
vn -0.63555 -0.70395 -0.31708
vn -0.64997 -0.51825 -0.55584
vn -0.72400 -0.40860 -0.55576
vn -0.77886 -0.29073 -0.55574
vn -0.81537 -0.16186 -0.55585
vn -0.83079 -0.03048 -0.55575
vn -0.15756 -0.81617 -0.55591
vn -0.29226 -0.77817 -0.55591
vn -0.64553 -0.69146 -0.32430
vn -0.47550 0.68195 -0.55574
vn -0.36379 0.74754 -0.55574
vn -0.27852 0.64994 -0.70711
vn -0.75947 0.33782 -0.55596
vn -0.80600 0.20318 -0.55596
vn -0.59704 0.04507 -0.80094
vn -0.74547 -0.36789 -0.55582
vn -0.79500 -0.24298 -0.55582
vn -0.56217 0.42733 -0.70806
vn -0.57566 0.59981 -0.55574
vn 0.60611 0.56902 -0.55574
vn 0.68715 0.46796 -0.55574
vn 0.55726 -0.61687 -0.55582
vn 0.38272 -0.59336 -0.70814
vn 0.20503 -0.80562 -0.55582
vn 0.37894 -0.86941 -0.31706
vn 0.83108 0.01498 -0.55596
vn -0.24825 -0.79337 -0.55582
vn -0.37283 -0.74301 -0.55582
vn -0.48767 -0.67323 -0.55582
vn -0.82376 -0.11172 -0.55582
vn -0.83156 -0.02243 -0.55498
vn -0.78432 0.27568 -0.55574
vn -0.73197 0.39417 -0.55574
vn -0.58977 -0.58587 -0.55582
vn -0.67645 -0.48319 -0.55582
vn 0.02178 0.97794 -0.20776
vn 0.15839 0.97134 0.17725
vn -0.17874 0.68321 0.70801
vn -0.21301 0.67332 -0.70801
vn -0.32924 0.76343 0.55568
vn -0.36737 0.74583 -0.55568
vn -0.44054 0.70508 0.55568
vn -0.47559 0.68194 -0.55568
vn -0.54178 0.63063 0.55568
vn -0.57294 0.60247 -0.55568
vn -0.80137 0.56464 0.19747
vn -0.82806 0.52488 -0.19701
vn -0.49560 0.04726 -0.86726
vn -0.34833 0.07162 0.93463
vn 0.12964 0.56810 -0.81268
vn -0.54095 0.21661 0.81268
vn 0.80835 0.04224 0.58718
vn 0.77814 0.04059 0.62678
vn 0.64347 0.60855 0.46435
vn 0.04492 0.04224 0.99810
vn -0.00488 0.04059 0.99916
vn 0.03815 0.60855 0.79260
vn -0.75234 0.04224 0.65742
vn -0.78422 0.04059 0.61915
vn -0.59589 0.60855 0.52401
vn -0.98307 0.04224 -0.17831
vn -0.97303 0.04059 -0.22709
vn -0.78122 0.60855 -0.13917
vn -0.47353 0.04224 -0.87977
vn -0.42913 0.04059 -0.90233
vn -0.37827 0.60855 -0.69755
vn 0.39259 0.04224 -0.91874
vn 0.43792 0.04059 -0.89810
vn 0.30952 0.60855 -0.73066
vn 0.98308 0.03989 -0.17878
vn 0.74335 0.65942 -0.11226
vn 0.97520 0.04059 -0.21758
vn 0.76424 0.60855 -0.21357
vn 0.96308 0.04224 -0.26589
vn 0.94028 0.04170 -0.33784
vn 0.68987 0.65905 -0.29955
vn 0.87291 -0.31436 -0.37310
vn 0.68403 0.60868 -0.40201
vn 0.62676 0.60825 -0.48703
vn 0.81766 0.04132 -0.57422
vn 0.85761 0.04178 -0.51261
vn 0.81439 0.39018 -0.42956
vn 0.85079 -0.31569 -0.42010
vn 0.69028 0.04099 -0.72238
vn 0.72209 0.04412 -0.69039
vn 0.53021 0.65960 -0.53273
vn 0.74840 0.04212 -0.66190
vn 0.74217 -0.31447 -0.59186
vn 0.63693 0.04081 -0.76984
vn 0.51405 0.53425 -0.67106
vn 0.56047 0.04196 -0.82711
vn 0.37570 0.65942 -0.65117
vn 0.48691 -0.31431 -0.81494
vn 0.47317 0.03989 -0.88007
vn 0.32212 0.04170 -0.94578
vn 0.19593 0.65905 -0.72613
vn 0.25255 -0.31436 -0.91509
vn 0.11218 0.60868 -0.78544
vn 0.01000 0.60825 -0.79369
vn 0.06086 0.04132 -0.99729
vn 0.13394 0.04178 -0.99011
vn 0.17192 0.39018 -0.90455
vn 0.20201 -0.31570 -0.92711
vn -0.13439 0.04099 -0.99008
vn -0.08955 0.04412 -0.99500
vn -0.08592 0.65960 -0.74669
vn -0.05087 0.04212 -0.99782
vn 0.00000 -0.31447 -0.94927
vn -0.20476 0.04081 -0.97796
vn -0.20415 0.53425 -0.82030
vn -0.29721 0.04196 -0.95389
vn -0.27486 0.65942 -0.69973
vn -0.33357 -0.31431 -0.88879
vn -0.39305 0.03989 -0.91865
vn -0.53860 0.04170 -0.84153
vn -0.44555 0.65905 -0.60592
vn -0.55799 -0.31436 -0.76800
vn -0.54414 0.60868 -0.57743
vn -0.61429 0.60825 -0.50267
vn -0.74177 0.04132 -0.66938
vn -0.69059 0.04178 -0.72204
vn -0.60001 0.39018 -0.69839
vn -0.59889 -0.31570 -0.73598
vn -0.85787 0.04099 -0.51223
vn -0.83376 0.04412 -0.55036
vn -0.63736 0.65960 -0.39838
vn -0.81184 0.04212 -0.58235
vn -0.74217 -0.31447 -0.59186
vn -0.89227 0.04081 -0.44966
vn -0.76863 0.53425 -0.35184
vn -0.93109 0.04196 -0.36237
vn -0.71844 0.65942 -0.22138
vn -0.90286 -0.31431 -0.29336
vn -0.96329 0.03989 -0.26547
vn -0.99375 0.04170 -0.10359
vn -0.75152 0.65905 -0.02944
vn -0.94835 -0.31436 -0.04259
vn -0.79072 0.60868 0.06541
vn -0.77601 0.60825 0.16686
vn -0.98583 0.04132 0.16258
vn -0.99509 0.04178 0.08974
vn -0.92012 0.39018 0.03367
vn -0.94881 -0.31569 0.00935
vn -0.93535 0.04099 0.35134
vn -0.95013 0.04412 0.30872
vn -0.70885 0.65960 0.24992
vn -0.96148 0.04212 0.27163
vn -0.92547 -0.31447 0.21123
vn -0.90788 0.04081 0.41725
vn -0.75431 0.53425 0.38157
vn -0.86384 0.04196 0.50202
vn -0.62103 0.65942 0.42367
vn -0.79228 -0.31431 0.52298
vn -0.80816 0.03989 0.58761
vn -0.70058 0.04170 0.71236
vn -0.49158 0.65905 0.56921
vn -0.62458 -0.31436 0.71489
vn -0.44187 0.60868 0.65899
vn -0.35338 0.60825 0.71075
vn -0.48754 0.04132 0.87212
vn -0.55026 0.04178 0.83394
vn -0.54736 0.39018 0.74037
vn -0.58426 -0.31569 0.74765
vn -0.30850 0.04099 0.95034
vn -0.35103 0.04412 0.93532
vn -0.24656 0.65960 0.71002
vn -0.38710 0.04212 0.92108
vn -0.41187 -0.31447 0.85526
vn -0.23983 0.04081 0.96996
vn -0.17198 0.53425 0.82765
vn -0.14610 0.04196 0.98838
vn -0.05596 0.65942 0.74969
vn -0.08510 -0.31431 0.94550
vn -0.04446 0.03989 0.99821
vn 0.12014 0.04170 0.99188
vn 0.13853 0.65905 0.73923
vn 0.16950 -0.31436 0.93405
vn 0.23972 0.60868 0.75634
vn 0.33536 0.60825 0.71943
vn 0.37788 0.04132 0.92493
vn 0.30892 0.04178 0.95017
vn 0.23757 0.39018 0.88956
vn 0.22025 -0.31570 0.92294
vn 0.55066 0.04099 0.83372
vn 0.51240 0.04412 0.85761
vn 0.40139 0.65960 0.63546
vn 0.47877 0.04212 0.87693
vn 0.41187 -0.31447 0.85526
vn 0.60881 0.04081 0.79227
vn 0.53985 0.53425 0.65049
vn 0.68166 0.04196 0.73047
vn 0.55124 0.65942 0.51118
vn 0.68616 -0.31431 0.65604
vn 0.75271 0.03989 0.65714
vn 0.85039 0.04170 0.52450
vn 0.66433 0.65905 0.35260
vn 0.83595 -0.31436 0.44985
vn 0.77156 0.60825 0.18636
vn 0.92547 -0.31447 0.21123
vn 0.95874 0.04132 0.28125
vn 0.74079 0.60868 0.28415
vn 0.93548 0.04178 0.35090
vn 0.84361 0.39018 0.36889
vn 0.85891 -0.31569 0.40325
vn 0.98412 0.04212 0.17244
vn 0.74709 0.65960 0.08239
vn 0.98998 0.04412 0.13410
vn 0.94073 -0.31431 -0.12743
vn 0.99611 0.04196 -0.07750
vn 0.84516 0.53425 -0.01650
vn 0.99901 0.04081 0.01799
vn 0.99516 0.04099 0.08929
vn 0.84941 0.46269 0.25382
vn 0.76239 0.58277 0.28131
vn 0.16067 0.98527 0.05848
vn 0.45627 0.86523 0.20783
vn 0.33204 0.92855 0.16594
vn 0.15479 0.98527 0.07265
vn 0.75195 0.45199 0.47988
vn 0.64897 0.59434 0.47497
vn 0.13933 0.98527 0.09912
vn 0.24633 0.87712 0.41229
vn 0.37883 0.62617 0.68146
vn 0.08252 0.98527 0.14976
vn 0.26586 0.78829 0.55490
vn 0.28434 0.71121 0.64291
vn 0.06876 0.98527 0.15655
vn 0.24467 0.32707 0.91278
vn 0.19029 0.57529 0.79551
vn 0.03971 0.98527 0.16631
vn -0.07272 0.90352 0.42233
vn -0.15248 0.75929 0.63263
vn -0.03801 0.98315 0.17882
vn -0.26586 0.78829 0.55490
vn -0.37883 0.62619 0.68145
vn -0.07952 0.98527 0.15137
vn -0.29260 0.82159 0.48926
vn -0.38555 0.71479 0.58346
vn -0.09277 0.98527 0.14363
vn -0.54229 0.57446 0.61312
vn -0.51763 0.64898 0.55758
vn -0.11693 0.98527 0.12476
vn -0.34254 0.89569 0.28357
vn -0.49344 0.79228 0.35892
vn -0.14627 0.98315 0.10965
vn -0.45628 0.86523 0.20783
vn -0.76239 0.58277 0.28131
vn -0.15948 0.98527 0.06167
vn -0.84947 0.46257 0.25385
vn -0.76458 0.60881 0.21157
vn -0.16436 0.98527 0.04713
vn -0.84946 0.46258 -0.25384
vn -0.76240 0.58276 -0.28131
vn -0.16067 0.98527 -0.05848
vn -0.45629 0.86522 -0.20783
vn -0.33204 0.92855 -0.16594
vn -0.15479 0.98527 -0.07265
vn -0.75197 0.45194 -0.47989
vn -0.64897 0.59434 -0.47497
vn -0.13933 0.98527 -0.09912
vn -0.24633 0.87712 -0.41229
vn -0.37883 0.62618 -0.68146
vn -0.08252 0.98527 -0.14976
vn -0.26584 0.78833 -0.55486
vn -0.28433 0.71122 -0.64290
vn -0.06876 0.98527 -0.15655
vn -0.24466 0.32708 -0.91277
vn -0.19029 0.57530 -0.79550
vn -0.03971 0.98527 -0.16631
vn 0.07273 0.90352 -0.42233
vn 0.15248 0.75929 -0.63263
vn 0.03801 0.98315 -0.17882
vn 0.26584 0.78832 -0.55487
vn 0.37884 0.62616 -0.68147
vn 0.07952 0.98527 -0.15137
vn 0.29259 0.82160 -0.48925
vn 0.38554 0.71482 -0.58343
vn 0.09277 0.98527 -0.14363
vn 0.54228 0.57446 -0.61312
vn 0.51762 0.64899 -0.55757
vn 0.11693 0.98527 -0.12476
vn 0.34251 0.89570 -0.28355
vn 0.49344 0.79227 -0.35892
vn 0.14627 0.98315 -0.10965
vn 0.45628 0.86522 -0.20783
vn 0.76239 0.58277 -0.28131
vn 0.15948 0.98527 -0.06167
vn 0.84940 0.46270 -0.25382
vn 0.76454 0.60887 -0.21156
vn 0.16436 0.98527 -0.04713
vn 0.55361 -0.83087 0.05629
vn 0.51868 -0.83087 0.20154
vn 0.45377 -0.82584 0.33478
vn 0.42193 -0.82584 0.37411
vn 0.30116 -0.83087 0.46793
vn 0.16582 -0.83087 0.53118
vn 0.02118 -0.82584 0.56350
vn -0.02942 -0.82584 0.56313
vn -0.17807 -0.83087 0.52720
vn -0.31191 -0.83087 0.46083
vn -0.42736 -0.82584 0.36790
vn -0.45862 -0.82584 0.32811
vn -0.52321 -0.83087 0.18948
vn -0.55476 -0.83087 0.04346
vn -0.55409 -0.82584 -0.10474
vn -0.54247 -0.82584 -0.15399
vn -0.47436 -0.83087 -0.29092
vn -0.37987 -0.83087 -0.40663
vn -0.26358 -0.82584 -0.49851
vn -0.21783 -0.82584 -0.52013
vn -0.06831 -0.83087 -0.55225
vn 0.08107 -0.83087 -0.55053
vn 0.22541 -0.82584 -0.51689
vn 0.27084 -0.82584 -0.49460
vn 0.38918 -0.83087 -0.39773
vn 0.48097 -0.83087 -0.27986
vn 0.54466 -0.82584 -0.14604
vn 0.55556 -0.82584 -0.09663
vn 0.57376 -0.81902 0.00103
vn 0.57154 -0.81902 -0.05041
vn 0.70236 -0.71182 0.00089
vn 0.69961 -0.71182 -0.06207
vn 0.81127 -0.58467 0.00073
vn 0.80807 -0.58466 -0.07199
vn 0.89745 -0.44112 0.00055
vn 0.89388 -0.44112 -0.07990
vn 0.95847 -0.28521 0.00036
vn 0.95464 -0.28521 -0.08556
vn 0.99262 -0.12130 0.00015
vn 0.98863 -0.12130 -0.08883
vn 0.99894 0.04600 -0.00006
vn 0.99491 0.04600 -0.08960
vn 0.97727 0.21202 -0.00027
vn 0.97331 0.21202 -0.08787
vn 0.92820 0.37209 -0.00047
vn 0.92442 0.37209 -0.08367
vn 0.85311 0.52173 -0.00066
vn 0.84962 0.52173 -0.07712
vn 0.75411 0.65675 -0.00082
vn 0.75100 0.65675 -0.06842
vn 0.63397 0.77336 -0.00097
vn 0.63133 0.77336 -0.05780
vn 0.49606 0.86829 -0.00109
vn 0.49397 0.86829 -0.04555
vn 0.34425 0.93888 -0.00118
vn 0.34276 0.93888 -0.03203
vn 0.18279 0.98315 -0.00124
vn 0.17014 0.98527 -0.01702
vn 0.46479 -0.81902 -0.33641
vn 0.60340 -0.71182 -0.35947
vn 0.56875 -0.71182 -0.41211
vn 0.69681 -0.58466 -0.41547
vn 0.65677 -0.58466 -0.47626
vn 0.77070 -0.44112 -0.45982
vn 0.72638 -0.44112 -0.52706
vn 0.82298 -0.28521 -0.49129
vn 0.77562 -0.28521 -0.56308
vn 0.85219 -0.12131 -0.50898
vn 0.80313 -0.12130 -0.58332
vn 0.85751 0.04600 -0.51241
vn 0.80813 0.04600 -0.58721
vn 0.83880 0.21202 -0.50147
vn 0.79047 0.21202 -0.57464
vn 0.79657 0.37209 -0.47647
vn 0.75065 0.37209 -0.54596
vn 0.73201 0.52173 -0.43812
vn 0.68979 0.52173 -0.50197
vn 0.64694 0.65675 -0.38749
vn 0.60960 0.65675 -0.44392
vn 0.54373 0.77336 -0.32600
vn 0.51232 0.77336 -0.37342
vn 0.42528 0.86829 -0.25537
vn 0.40068 0.86829 -0.29246
vn 0.29492 0.93888 -0.17758
vn 0.27781 0.93888 -0.20330
vn 0.13811 0.98677 -0.08491
vn 0.17828 -0.81902 -0.54536
vn 0.13604 -0.81899 -0.55744
vn 0.21789 -0.71182 -0.66771
vn 0.15716 -0.71182 -0.68455
vn 0.25140 -0.58466 -0.77134
vn 0.18124 -0.58467 -0.79077
vn 0.27785 -0.44112 -0.85335
vn 0.20024 -0.44112 -0.87482
vn 0.29652 -0.28521 -0.91144
vn 0.21363 -0.28521 -0.93435
vn 0.30688 -0.12130 -0.94399
vn 0.22103 -0.12130 -0.96769
vn 0.30863 0.04600 -0.95007
vn 0.22223 0.04600 -0.97391
vn 0.30174 0.21202 -0.92952
vn 0.21720 0.21202 -0.95282
vn 0.28638 0.37209 -0.88291
vn 0.20609 0.37209 -0.90503
vn 0.26300 0.52173 -0.81156
vn 0.18920 0.52173 -0.83187
vn 0.23225 0.65675 -0.71745
vn 0.16700 0.65675 -0.73538
vn 0.19498 0.77336 -0.60324
vn 0.14012 0.77336 -0.61829
vn 0.15225 0.86829 -0.47212
vn 0.10932 0.86829 -0.48387
vn 0.10526 0.93888 -0.32777
vn 0.07545 0.93888 -0.33588
vn 0.04814 0.98677 -0.15481
vn 0.02677 -0.81902 -0.57314
vn 0.09517 -0.71182 -0.69589
vn 0.03240 -0.71182 -0.70161
vn 0.10963 -0.58467 -0.80383
vn 0.03713 -0.58466 -0.81042
vn 0.12102 -0.44112 -0.88925
vn 0.04082 -0.44112 -0.89652
vn 0.12901 -0.28521 -0.94974
vn 0.04336 -0.28521 -0.95748
vn 0.13339 -0.12131 -0.98361
vn 0.04469 -0.12130 -0.99161
vn 0.13403 0.04600 -0.98991
vn 0.04476 0.04600 -0.99794
vn 0.13092 0.21202 -0.96846
vn 0.04358 0.21202 -0.97629
vn 0.12413 0.37209 -0.91986
vn 0.04118 0.37209 -0.92728
vn 0.11387 0.52173 -0.84548
vn 0.03762 0.52173 -0.85228
vn 0.10041 0.65675 -0.74739
vn 0.03301 0.65675 -0.75339
vn 0.08414 0.77336 -0.62836
vn 0.02747 0.77336 -0.63338
vn 0.06551 0.86829 -0.49172
vn 0.02117 0.86829 -0.49561
vn 0.04504 0.93888 -0.34129
vn 0.01427 0.93888 -0.34396
vn 0.02331 0.98315 -0.18130
vn 0.00522 0.98677 -0.16204
vn 0.05417 0.91704 -0.39509
vn -0.01716 -0.81899 -0.57355
vn -0.03062 -0.71182 -0.70169
vn -0.09339 -0.71182 -0.69613
vn -0.03566 -0.58467 -0.81049
vn -0.10817 -0.58467 -0.80403
vn -0.03971 -0.44112 -0.89657
vn -0.11992 -0.44112 -0.88940
vn -0.04264 -0.28521 -0.95752
vn -0.12830 -0.28521 -0.94984
vn -0.04438 -0.12130 -0.99162
vn -0.13309 -0.12131 -0.98365
vn -0.04487 0.04600 -0.99793
vn -0.13415 0.04600 -0.98989
vn -0.04411 0.21202 -0.97627
vn -0.13145 0.21202 -0.96839
vn -0.04211 0.37209 -0.92724
vn -0.12506 0.37209 -0.91973
vn -0.03893 0.52173 -0.85222
vn -0.11516 0.52173 -0.84530
vn -0.03466 0.65675 -0.75331
vn -0.10204 0.65675 -0.74717
vn -0.02941 0.77336 -0.63329
vn -0.08606 0.77336 -0.62810
vn -0.02335 0.86829 -0.49551
vn -0.06767 0.86829 -0.49143
vn -0.01662 0.93888 -0.34385
vn -0.04738 0.93888 -0.34098
vn -0.01132 0.97994 -0.19897
vn -0.02464 0.98527 -0.16920
vn -0.31522 -0.81902 -0.47941
vn -0.35101 -0.81899 -0.45392
vn -0.38618 -0.71182 -0.58667
vn -0.43722 -0.71182 -0.54969
vn -0.44632 -0.58466 -0.67747
vn -0.50525 -0.58466 -0.63474
vn -0.49394 -0.44112 -0.74929
vn -0.55912 -0.44112 -0.70200
vn -0.52772 -0.28521 -0.80011
vn -0.59731 -0.28521 -0.74958
vn -0.54670 -0.12130 -0.82849
vn -0.61877 -0.12131 -0.77615
vn -0.55036 0.04600 -0.83366
vn -0.62287 0.04600 -0.78097
vn -0.53859 0.21202 -0.81545
vn -0.60952 0.21202 -0.76389
vn -0.51173 0.37209 -0.77439
vn -0.57909 0.37209 -0.72540
vn -0.47052 0.52173 -0.71162
vn -0.53242 0.52173 -0.66658
vn -0.41612 0.65675 -0.62890
vn -0.47082 0.65675 -0.58907
vn -0.35006 0.77336 -0.52856
vn -0.39603 0.77336 -0.49505
vn -0.27419 0.86829 -0.41340
vn -0.31014 0.86829 -0.38716
vn -0.19063 0.93888 -0.28665
vn -0.21556 0.93888 -0.26841
vn -0.10173 0.98315 -0.15187
vn -0.10268 0.98677 -0.12546
vn -0.35518 0.75471 -0.55160
vn -0.43141 -0.81902 -0.37827
vn -0.48473 -0.71182 -0.50828
vn -0.52834 -0.71182 -0.46278
vn -0.56011 -0.58466 -0.58689
vn -0.61046 -0.58466 -0.53432
vn -0.61979 -0.44112 -0.64905
vn -0.67548 -0.44112 -0.59088
vn -0.66210 -0.28521 -0.69302
vn -0.72156 -0.28521 -0.63088
vn -0.68585 -0.12131 -0.71756
vn -0.74741 -0.12130 -0.65319
vn -0.69037 0.04600 -0.72199
vn -0.75231 0.04600 -0.65720
vn -0.67554 0.21202 -0.70618
vn -0.73613 0.21202 -0.64278
vn -0.64178 0.37209 -0.67057
vn -0.69931 0.37209 -0.61034
vn -0.59003 0.52173 -0.61617
vn -0.64288 0.52173 -0.56080
vn -0.52173 0.65675 -0.54450
vn -0.56844 0.65675 -0.49554
vn -0.43882 0.77336 -0.45756
vn -0.47806 0.77336 -0.41638
vn -0.34360 0.86829 -0.35780
vn -0.37429 0.86829 -0.32556
vn -0.23875 0.93888 -0.24801
vn -0.26002 0.93888 -0.22561
vn -0.13944 0.97994 -0.14239
vn -0.12988 0.98527 -0.11121
vn -0.67681 -0.71182 -0.18772
vn -0.69092 -0.71182 -0.12629
vn -0.78184 -0.58466 -0.21654
vn -0.79811 -0.58466 -0.14558
vn -0.86496 -0.44112 -0.23929
vn -0.88293 -0.44112 -0.16079
vn -0.92383 -0.28521 -0.25533
vn -0.94300 -0.28521 -0.17149
vn -0.95680 -0.12130 -0.26422
vn -0.97664 -0.12131 -0.17739
vn -0.96296 0.04600 -0.26570
vn -0.98290 0.04600 -0.17831
vn -0.94212 0.21202 -0.25973
vn -0.96161 0.21202 -0.17424
vn -0.89487 0.37209 -0.24648
vn -0.91336 0.37209 -0.16528
vn -0.82254 0.52173 -0.22633
vn -0.83952 0.52173 -0.15168
vn -0.72715 0.65675 -0.19983
vn -0.74214 0.65675 -0.13384
vn -0.61138 0.77336 -0.16772
vn -0.62396 0.77336 -0.11224
vn -0.47848 0.86829 -0.13092
vn -0.48829 0.86829 -0.08750
vn -0.33216 0.93888 -0.09045
vn -0.33893 0.93888 -0.06031
vn -0.17653 0.98315 -0.04744
vn -0.15987 0.98677 -0.02693
vn -0.63016 0.75694 -0.17306
vn -0.57136 -0.81902 -0.05246
vn -0.57374 -0.81899 -0.00859
vn -0.69945 -0.71182 -0.06385
vn -0.70236 -0.71182 -0.00089
vn -0.80794 -0.58467 -0.07345
vn -0.81127 -0.58466 -0.00073
vn -0.89379 -0.44112 -0.08100
vn -0.89745 -0.44112 -0.00055
vn -0.95457 -0.28521 -0.08627
vn -0.95846 -0.28521 -0.00036
vn -0.98861 -0.12130 -0.08913
vn -0.99262 -0.12130 -0.00015
vn -0.99493 0.04600 -0.08949
vn -0.99894 0.04600 0.00006
vn -0.97336 0.21202 -0.08734
vn -0.97727 0.21202 0.00027
vn -0.92450 0.37209 -0.08274
vn -0.92820 0.37209 0.00047
vn -0.84973 0.52173 -0.07582
vn -0.85311 0.52173 0.00066
vn -0.75115 0.65675 -0.06678
vn -0.75411 0.65675 0.00082
vn -0.63151 0.77336 -0.05586
vn -0.63397 0.77336 0.00097
vn -0.49416 0.86829 -0.04338
vn -0.49606 0.86829 0.00109
vn -0.34297 0.93888 -0.02968
vn -0.34425 0.93888 0.00118
vn -0.19869 0.97994 -0.01549
vn -0.18279 0.98315 0.00124
vn -0.69961 -0.71182 0.06207
vn -0.80807 -0.58466 0.07199
vn -0.89388 -0.44112 0.07989
vn -0.95464 -0.28521 0.08556
vn -0.98863 -0.12130 0.08883
vn -0.99491 0.04600 0.08960
vn -0.97331 0.21202 0.08787
vn -0.92442 0.37209 0.08367
vn -0.84962 0.52173 0.07712
vn -0.75100 0.65675 0.06842
vn -0.63133 0.77336 0.05780
vn -0.49397 0.86829 0.04555
vn -0.34276 0.93888 0.03203
vn -0.17014 0.98527 0.01702
vn -0.49307 -0.81902 0.29340
vn -0.60340 -0.71182 0.35947
vn -0.56875 -0.71182 0.41211
vn -0.69681 -0.58466 0.41547
vn -0.65677 -0.58466 0.47626
vn -0.77070 -0.44112 0.45982
vn -0.72638 -0.44112 0.52706
vn -0.82298 -0.28521 0.49129
vn -0.77562 -0.28521 0.56308
vn -0.85219 -0.12130 0.50898
vn -0.80313 -0.12131 0.58332
vn -0.85751 0.04600 0.51241
vn -0.80813 0.04600 0.58721
vn -0.83880 0.21202 0.50147
vn -0.79047 0.21202 0.57464
vn -0.79657 0.37209 0.47647
vn -0.75065 0.37209 0.54596
vn -0.73201 0.52173 0.43812
vn -0.68979 0.52173 0.50197
vn -0.64694 0.65675 0.38749
vn -0.60960 0.65675 0.44392
vn -0.54373 0.77336 0.32600
vn -0.51232 0.77336 0.37342
vn -0.42528 0.86829 0.25537
vn -0.40068 0.86829 0.29246
vn -0.29492 0.93888 0.17758
vn -0.27781 0.93888 0.20330
vn -0.13811 0.98677 0.08491
vn -0.12868 -0.81902 0.55915
vn -0.21789 -0.71182 0.66771
vn -0.15716 -0.71182 0.68455
vn -0.25140 -0.58466 0.77134
vn -0.18124 -0.58467 0.79077
vn -0.27785 -0.44112 0.85335
vn -0.20024 -0.44112 0.87482
vn -0.29652 -0.28521 0.91144
vn -0.21363 -0.28521 0.93435
vn -0.30688 -0.12130 0.94399
vn -0.22103 -0.12130 0.96769
vn -0.30864 0.04600 0.95007
vn -0.22223 0.04600 0.97391
vn -0.30174 0.21202 0.92952
vn -0.21720 0.21202 0.95282
vn -0.28638 0.37209 0.88291
vn -0.20609 0.37209 0.90503
vn -0.26300 0.52173 0.81156
vn -0.18920 0.52173 0.83187
vn -0.23225 0.65675 0.71745
vn -0.16700 0.65675 0.73538
vn -0.19498 0.77336 0.60324
vn -0.14012 0.77336 0.61829
vn -0.15225 0.86829 0.47212
vn -0.10932 0.86829 0.48387
vn -0.10526 0.93888 0.32777
vn -0.07545 0.93888 0.33588
vn -0.04814 0.98677 0.15481
vn -0.07804 -0.81902 0.56843
vn -0.09517 -0.71182 0.69589
vn -0.03240 -0.71182 0.70161
vn -0.10963 -0.58467 0.80383
vn -0.03713 -0.58467 0.81042
vn -0.12102 -0.44112 0.88925
vn -0.04082 -0.44112 0.89652
vn -0.12901 -0.28521 0.94974
vn -0.04336 -0.28521 0.95748
vn -0.13339 -0.12131 0.98361
vn -0.04469 -0.12130 0.99161
vn -0.13403 0.04600 0.98991
vn -0.04476 0.04600 0.99794
vn -0.13092 0.21202 0.96846
vn -0.04358 0.21202 0.97629
vn -0.12413 0.37209 0.91986
vn -0.04118 0.37209 0.92728
vn -0.11387 0.52173 0.84548
vn -0.03762 0.52173 0.85228
vn -0.10041 0.65675 0.74739
vn -0.03301 0.65675 0.75339
vn -0.08414 0.77336 0.62836
vn -0.02747 0.77336 0.63338
vn -0.06551 0.86829 0.49172
vn -0.02117 0.86829 0.49561
vn -0.04504 0.93888 0.34129
vn -0.01427 0.93888 0.34396
vn -0.02331 0.98315 0.18130
vn -0.00522 0.98677 0.16204
vn -0.05417 0.91704 0.39509
vn 0.07600 -0.81902 0.56871
vn 0.03062 -0.71182 0.70169
vn 0.09339 -0.71182 0.69613
vn 0.03566 -0.58467 0.81049
vn 0.10817 -0.58466 0.80403
vn 0.03971 -0.44112 0.89657
vn 0.11992 -0.44112 0.88940
vn 0.04264 -0.28521 0.95752
vn 0.12830 -0.28521 0.94984
vn 0.04438 -0.12130 0.99162
vn 0.13309 -0.12131 0.98365
vn 0.04487 0.04600 0.99793
vn 0.13415 0.04600 0.98989
vn 0.04411 0.21202 0.97627
vn 0.13145 0.21202 0.96839
vn 0.04211 0.37209 0.92724
vn 0.12506 0.37209 0.91973
vn 0.03893 0.52173 0.85222
vn 0.11516 0.52173 0.84530
vn 0.03466 0.65675 0.75331
vn 0.10204 0.65675 0.74717
vn 0.02941 0.77336 0.63329
vn 0.08606 0.77336 0.62810
vn 0.02335 0.86829 0.49551
vn 0.06767 0.86829 0.49143
vn 0.01662 0.93888 0.34385
vn 0.04738 0.93888 0.34098
vn 0.01132 0.97994 0.19897
vn 0.02464 0.98527 0.16920
vn 0.35693 -0.81902 0.44923
vn 0.38618 -0.71182 0.58666
vn 0.43722 -0.71182 0.54969
vn 0.44632 -0.58466 0.67747
vn 0.50525 -0.58466 0.63474
vn 0.49394 -0.44112 0.74929
vn 0.55912 -0.44112 0.70200
vn 0.52772 -0.28521 0.80011
vn 0.59731 -0.28521 0.74958
vn 0.54670 -0.12130 0.82849
vn 0.61877 -0.12130 0.77615
vn 0.55036 0.04600 0.83366
vn 0.62287 0.04600 0.78097
vn 0.53860 0.21202 0.81545
vn 0.60952 0.21202 0.76389
vn 0.51173 0.37209 0.77439
vn 0.57909 0.37209 0.72540
vn 0.47052 0.52173 0.71162
vn 0.53242 0.52173 0.66658
vn 0.41612 0.65675 0.62890
vn 0.47082 0.65675 0.58907
vn 0.35006 0.77336 0.52856
vn 0.39603 0.77336 0.49505
vn 0.27419 0.86829 0.41340
vn 0.31014 0.86829 0.38716
vn 0.19063 0.93888 0.28665
vn 0.21556 0.93888 0.26841
vn 0.10173 0.98315 0.15187
vn 0.10268 0.98677 0.12546
vn 0.35519 0.75470 0.55161
vn 0.39576 -0.81902 0.41542
vn 0.48473 -0.71182 0.50828
vn 0.52834 -0.71182 0.46278
vn 0.56011 -0.58467 0.58689
vn 0.61046 -0.58467 0.53432
vn 0.61979 -0.44112 0.64905
vn 0.67548 -0.44112 0.59088
vn 0.66210 -0.28521 0.69302
vn 0.72156 -0.28521 0.63088
vn 0.68585 -0.12130 0.71756
vn 0.74741 -0.12131 0.65319
vn 0.69037 0.04600 0.72199
vn 0.75231 0.04600 0.65720
vn 0.67554 0.21202 0.70618
vn 0.73613 0.21202 0.64278
vn 0.64178 0.37209 0.67057
vn 0.69931 0.37209 0.61034
vn 0.59003 0.52173 0.61617
vn 0.64288 0.52173 0.56080
vn 0.52173 0.65675 0.54449
vn 0.56844 0.65675 0.49554
vn 0.43882 0.77336 0.45756
vn 0.47806 0.77336 0.41638
vn 0.34360 0.86829 0.35780
vn 0.37429 0.86829 0.32556
vn 0.23875 0.93888 0.24801
vn 0.26002 0.93888 0.22561
vn 0.13944 0.97994 0.14239
vn 0.12988 0.98527 0.11121
vn 0.55281 -0.81902 0.15363
vn 0.56299 -0.81899 0.11090
vn 0.67681 -0.71182 0.18772
vn 0.69092 -0.71182 0.12629
vn 0.78184 -0.58467 0.21654
vn 0.79811 -0.58467 0.14558
vn 0.86496 -0.44112 0.23929
vn 0.88293 -0.44112 0.16079
vn 0.92383 -0.28521 0.25533
vn 0.94300 -0.28521 0.17149
vn 0.95680 -0.12131 0.26422
vn 0.97664 -0.12130 0.17739
vn 0.96296 0.04600 0.26570
vn 0.98290 0.04600 0.17831
vn 0.94212 0.21202 0.25973
vn 0.96161 0.21202 0.17424
vn 0.89487 0.37209 0.24648
vn 0.91336 0.37209 0.16528
vn 0.82254 0.52173 0.22633
vn 0.83952 0.52173 0.15168
vn 0.72715 0.65675 0.19983
vn 0.74214 0.65675 0.13384
vn 0.61138 0.77336 0.16772
vn 0.62396 0.77336 0.11224
vn 0.47848 0.86829 0.13092
vn 0.48829 0.86829 0.08750
vn 0.33216 0.93888 0.09044
vn 0.33893 0.93888 0.06031
vn 0.17653 0.98315 0.04744
vn 0.15987 0.98677 0.02693
vn 0.63013 0.75696 0.17305
vn 0.69945 -0.71182 0.06385
vn 0.80794 -0.58467 0.07345
vn 0.89378 -0.44112 0.08100
vn 0.95457 -0.28521 0.08627
vn 0.98861 -0.12130 0.08913
vn 0.99493 0.04600 0.08949
vn 0.97336 0.21202 0.08734
vn 0.92450 0.37209 0.08274
vn 0.84973 0.52173 0.07582
vn 0.75115 0.65675 0.06678
vn 0.63151 0.77336 0.05586
vn 0.49416 0.86829 0.04338
vn 0.34297 0.93888 0.02968
vn 0.19869 0.97994 0.01549
vn 0.41332 0.90722 -0.07829
vn 0.63883 0.76396 -0.09090
vn 0.17963 0.98315 -0.03385
vn 0.33851 0.93888 -0.06263
vn 0.48790 0.86829 -0.08965
vn 0.62361 0.77336 -0.11416
vn 0.74184 0.65675 -0.13546
vn 0.83928 0.52173 -0.15297
vn 0.91320 0.37209 -0.16620
vn 0.96151 0.21202 -0.17476
vn 0.98288 0.04600 -0.17842
vn 0.97669 -0.12131 -0.17709
vn 0.94313 -0.28521 -0.17079
vn 0.88312 -0.44112 -0.15970
vn 0.79837 -0.58466 -0.14414
vn 0.69123 -0.71182 -0.12453
vn 0.67729 -0.71182 -0.18599
vn 0.78223 -0.58467 -0.21512
vn 0.86525 -0.44112 -0.23822
vn 0.92402 -0.28521 -0.25464
vn 0.95688 -0.12131 -0.26393
vn 0.96293 0.04600 -0.26581
vn 0.94198 0.21202 -0.26025
vn 0.89462 0.37209 -0.24738
vn 0.82219 0.52173 -0.22759
vn 0.72671 0.65675 -0.20142
vn 0.61087 0.77336 -0.16960
vn 0.47789 0.86829 -0.13302
vn 0.33153 0.93888 -0.09272
vn 0.32188 0.93888 -0.12207
vn 0.46405 0.86829 -0.17533
vn 0.59320 0.77336 -0.22367
vn 0.70573 0.65675 -0.26575
vn 0.79848 0.52173 -0.30037
vn 0.86885 0.37209 -0.32658
vn 0.91486 0.21202 -0.34364
vn 0.93522 0.04600 -0.35106
vn 0.92937 -0.12131 -0.34864
vn 0.89747 -0.28521 -0.33645
vn 0.84042 -0.44112 -0.31482
vn 0.75980 -0.58466 -0.28437
vn 0.65789 -0.71182 -0.24595
vn 0.53754 -0.81902 -0.20064
vn 0.25894 0.95704 -0.13046
vn 0.16415 0.98315 -0.08042
vn 0.30965 0.93888 -0.15043
vn 0.44646 0.86829 -0.21622
vn 0.57077 0.77336 -0.27595
vn 0.67907 0.65675 -0.32794
vn 0.76834 0.52173 -0.37074
vn 0.83607 0.37209 -0.40315
vn 0.88037 0.21202 -0.42426
vn 0.89999 0.04600 -0.43348
vn 0.89438 -0.12130 -0.43054
vn 0.86370 -0.28521 -0.41554
vn 0.80881 -0.44112 -0.38889
vn 0.73125 -0.58466 -0.35134
vn 0.63319 -0.71182 -0.30394
vn 0.52065 -0.81899 -0.24120
vn 0.65601 0.63892 -0.40179
vn 0.83641 0.12758 -0.53305
vn 0.32053 0.90364 -0.28406
vn 0.13684 0.98315 -0.12120
vn 0.25847 0.93888 -0.22738
vn 0.37285 0.86829 -0.32720
vn 0.47679 0.77336 -0.41785
vn 0.56735 0.65675 -0.49678
vn 0.64202 0.52173 -0.56179
vn 0.69869 0.37209 -0.61105
vn 0.73578 0.21202 -0.64318
vn 0.75224 0.04600 -0.65729
vn 0.74761 -0.12130 -0.65297
vn 0.72203 -0.28521 -0.63034
vn 0.67621 -0.44112 -0.59005
vn 0.61143 -0.58466 -0.53322
vn 0.52952 -0.71182 -0.46144
vn 0.43772 -0.81899 -0.37102
vn 0.48602 -0.71182 -0.50704
vn 0.56117 -0.58466 -0.58588
vn 0.62059 -0.44112 -0.64829
vn 0.66262 -0.28521 -0.69253
vn 0.68607 -0.12130 -0.71735
vn 0.69029 0.04600 -0.72207
vn 0.67516 0.21202 -0.70655
vn 0.64110 0.37209 -0.67122
vn 0.58908 0.52173 -0.61708
vn 0.52054 0.65675 -0.54564
vn 0.43741 0.77336 -0.45890
vn 0.34202 0.86829 -0.35931
vn 0.23705 0.93888 -0.24964
vn 0.42862 0.71386 -0.55379
vn 0.11300 0.98315 -0.14368
vn 0.21371 0.93888 -0.26988
vn 0.30844 0.86829 -0.38852
vn 0.39451 0.77336 -0.49626
vn 0.46953 0.65675 -0.59010
vn 0.53139 0.52173 -0.66740
vn 0.57836 0.37209 -0.72598
vn 0.60911 0.21202 -0.76422
vn 0.62278 0.04600 -0.78104
vn 0.61900 -0.12130 -0.77596
vn 0.59787 -0.28521 -0.74913
vn 0.55998 -0.44112 -0.70131
vn 0.50640 -0.58466 -0.63382
vn 0.43861 -0.71182 -0.54857
vn 0.35854 -0.81902 -0.44794
vn 0.31694 -0.81902 -0.47828
vn 0.38768 -0.71182 -0.58568
vn 0.44754 -0.58466 -0.67666
vn 0.49486 -0.44112 -0.74868
vn 0.52831 -0.28521 -0.79971
vn 0.54696 -0.12131 -0.82833
vn 0.55027 0.04600 -0.83372
vn 0.53815 0.21202 -0.81575
vn 0.51095 0.37209 -0.77491
vn 0.46943 0.52173 -0.71234
vn 0.41475 0.65675 -0.62981
vn 0.34844 0.77336 -0.52963
vn 0.27237 0.86829 -0.41460
vn 0.18866 0.93888 -0.28795
vn 0.16209 0.93888 -0.30370
vn 0.23411 0.86829 -0.43735
vn 0.29956 0.77336 -0.55873
vn 0.35662 0.65675 -0.66446
vn 0.40368 0.52173 -0.75155
vn 0.43943 0.37209 -0.81759
vn 0.46286 0.21202 -0.86070
vn 0.47332 0.04600 -0.87969
vn 0.47050 -0.12131 -0.87402
vn 0.45450 -0.28521 -0.84385
vn 0.42576 -0.44112 -0.79003
vn 0.38508 -0.58466 -0.71406
vn 0.33361 -0.71182 -0.61807
vn 0.23930 0.80404 -0.54429
vn 0.07070 0.98315 -0.16857
vn 0.13421 0.93888 -0.31701
vn 0.19396 0.86829 -0.45657
vn 0.24827 0.77336 -0.58334
vn 0.29562 0.65675 -0.69375
vn 0.33469 0.52173 -0.78471
vn 0.36438 0.37209 -0.85369
vn 0.38385 0.21202 -0.89873
vn 0.39256 0.04600 -0.91858
vn 0.39026 -0.12130 -0.91268
vn 0.37703 -0.28521 -0.88119
vn 0.35323 -0.44112 -0.82501
vn 0.31953 -0.58466 -0.74570
vn 0.27687 -0.71182 -0.64549
vn 0.26792 0.54531 -0.79426
vn 0.25777 -0.07946 -0.96293
vn -0.02213 0.87762 -0.47884
vn 0.00000 0.18287 -0.98314
vn 0.03704 0.60093 -0.79844
vn -0.07273 0.90352 -0.42233
vn -0.06692 0.87600 -0.47765
vn -0.07775 0.93888 -0.33536
vn -0.11145 0.86829 -0.48338
vn -0.14202 0.77336 -0.61786
vn -0.16861 0.65675 -0.73502
vn -0.19047 0.52173 -0.83157
vn -0.20700 0.37209 -0.90482
vn -0.21772 0.21202 -0.95270
vn -0.22234 0.04600 -0.97388
vn -0.22073 -0.12131 -0.96776
vn -0.21293 -0.28521 -0.93451
vn -0.19916 -0.44112 -0.87507
vn -0.17981 -0.58467 -0.79110
vn -0.15542 -0.71182 -0.68495
vn -0.12667 -0.81902 -0.55960
vn -0.21887 0.73167 -0.64557
vn -0.05766 0.98315 -0.17346
vn -0.10750 0.93888 -0.32704
vn -0.15433 0.86829 -0.47145
vn -0.19683 0.77336 -0.60264
vn -0.23382 0.65675 -0.71694
vn -0.26425 0.52173 -0.81115
vn -0.28727 0.37209 -0.88262
vn -0.30224 0.21202 -0.92935
vn -0.30874 0.04600 -0.95003
vn -0.30659 -0.12130 -0.94408
vn -0.29584 -0.28521 -0.91166
vn -0.27680 -0.44112 -0.85369
vn -0.25000 -0.58466 -0.77179
vn -0.21619 -0.71182 -0.66826
vn -0.17632 -0.81902 -0.54600
vn -0.27522 -0.71182 -0.64619
vn -0.31818 -0.58466 -0.74628
vn -0.35221 -0.44112 -0.82545
vn -0.37637 -0.28521 -0.88148
vn -0.38998 -0.12130 -0.91280
vn -0.39266 0.04600 -0.91853
vn -0.38433 0.21202 -0.89852
vn -0.36523 0.37209 -0.85332
vn -0.33590 0.52173 -0.78420
vn -0.29714 0.65675 -0.69310
vn -0.25006 0.77336 -0.58257
vn -0.19597 0.86829 -0.45571
vn -0.13638 0.93888 -0.31608
vn -0.16417 0.93888 -0.30259
vn -0.23603 0.86829 -0.43631
vn -0.30127 0.77336 -0.55781
vn -0.35807 0.65675 -0.66367
vn -0.40484 0.52173 -0.75093
vn -0.44025 0.37209 -0.81714
vn -0.46333 0.21202 -0.86045
vn -0.47342 0.04600 -0.87964
vn -0.47024 -0.12130 -0.87416
vn -0.45387 -0.28521 -0.84419
vn -0.42478 -0.44112 -0.79055
vn -0.38379 -0.58466 -0.71475
vn -0.33204 -0.71182 -0.61892
vn -0.36257 0.84660 -0.38962
vn -0.61919 0.35626 -0.69977
vn -0.51286 0.54785 -0.66094
vn -0.34252 0.89570 -0.28356
vn -0.38688 0.85661 -0.34137
vn -0.27920 0.93888 -0.20139
vn -0.40196 0.86829 -0.29070
vn -0.51346 0.77336 -0.37185
vn -0.61057 0.65675 -0.44259
vn -0.69056 0.52173 -0.50091
vn -0.75120 0.37209 -0.54520
vn -0.79078 0.21202 -0.57421
vn -0.80819 0.04600 -0.58712
vn -0.80295 -0.12130 -0.58357
vn -0.77520 -0.28521 -0.56366
vn -0.72572 -0.44112 -0.52795
vn -0.65590 -0.58466 -0.47745
vn -0.56770 -0.71182 -0.41356
vn -0.45912 -0.81899 -0.34418
vn -0.52761 0.78642 -0.32119
vn -0.15755 0.98315 -0.09269
vn -0.29613 0.93888 -0.17555
vn -0.42640 0.86829 -0.25349
vn -0.54473 0.77336 -0.32433
vn -0.64779 0.65675 -0.38607
vn -0.73269 0.52173 -0.43700
vn -0.79705 0.37209 -0.47567
vn -0.83907 0.21202 -0.50101
vn -0.85757 0.04600 -0.51231
vn -0.85203 -0.12131 -0.50924
vn -0.82261 -0.28521 -0.49190
vn -0.77013 -0.44112 -0.46078
vn -0.69606 -0.58466 -0.41673
vn -0.60248 -0.71182 -0.36101
vn -0.51649 -0.81902 -0.24987
vn -0.63242 -0.71182 -0.30555
vn -0.73061 -0.58466 -0.35266
vn -0.80833 -0.44112 -0.38989
vn -0.86339 -0.28521 -0.41618
vn -0.89425 -0.12131 -0.43082
vn -0.90004 0.04600 -0.43337
vn -0.88060 0.21202 -0.42378
vn -0.83648 0.37209 -0.40231
vn -0.76891 0.52173 -0.36956
vn -0.67979 0.65675 -0.32645
vn -0.57161 0.77336 -0.27419
vn -0.44741 0.86829 -0.21425
vn -0.31067 0.93888 -0.14830
vn -0.32271 0.93888 -0.11986
vn -0.46481 0.86829 -0.17328
vn -0.59389 0.77336 -0.22185
vn -0.70631 0.65675 -0.26420
vn -0.79894 0.52173 -0.29915
vn -0.86917 0.37209 -0.32571
vn -0.91504 0.21202 -0.34314
vn -0.93526 0.04600 -0.35095
vn -0.92927 -0.12130 -0.34892
vn -0.89722 -0.28521 -0.33712
vn -0.84003 -0.44112 -0.31586
vn -0.75929 -0.58466 -0.28575
vn -0.65726 -0.71182 -0.24763
vn -0.53681 -0.81902 -0.20257
vn -0.54394 0.83708 -0.05851
vn -0.56323 0.82252 -0.07892
vn -0.52795 0.84355 -0.09847
vn -0.63885 0.76394 0.09090
vn -0.81059 0.58239 0.06134
vn -0.64767 0.76189 -0.00728
vn -0.41332 0.90721 0.07829
vn -0.17963 0.98315 0.03385
vn -0.33851 0.93888 0.06263
vn -0.48790 0.86829 0.08965
vn -0.62361 0.77336 0.11416
vn -0.74184 0.65675 0.13546
vn -0.83928 0.52173 0.15297
vn -0.91320 0.37209 0.16620
vn -0.96151 0.21202 0.17476
vn -0.98288 0.04600 0.17842
vn -0.97669 -0.12130 0.17709
vn -0.94313 -0.28521 0.17079
vn -0.88312 -0.44112 0.15970
vn -0.79837 -0.58466 0.14414
vn -0.69123 -0.71182 0.12453
vn -0.56472 -0.81902 0.10144
vn -0.55535 -0.81899 0.14436
vn -0.67729 -0.71182 0.18599
vn -0.78223 -0.58466 0.21512
vn -0.86525 -0.44112 0.23822
vn -0.92402 -0.28521 0.25464
vn -0.95688 -0.12131 0.26393
vn -0.96293 0.04600 0.26581
vn -0.94198 0.21202 0.26025
vn -0.89462 0.37209 0.24738
vn -0.82219 0.52173 0.22759
vn -0.72671 0.65675 0.20142
vn -0.61087 0.77336 0.16960
vn -0.47790 0.86829 0.13302
vn -0.33153 0.93888 0.09272
vn -0.32188 0.93888 0.12207
vn -0.46405 0.86829 0.17533
vn -0.59320 0.77336 0.22367
vn -0.70573 0.65675 0.26575
vn -0.79848 0.52173 0.30037
vn -0.86885 0.37209 0.32658
vn -0.91486 0.21202 0.34364
vn -0.93522 0.04600 0.35106
vn -0.92937 -0.12131 0.34864
vn -0.89747 -0.28521 0.33645
vn -0.84042 -0.44112 0.31482
vn -0.75980 -0.58466 0.28437
vn -0.65789 -0.71182 0.24595
vn -0.25893 0.95705 0.13045
vn -0.16415 0.98315 0.08042
vn -0.30965 0.93888 0.15043
vn -0.44646 0.86829 0.21622
vn -0.57077 0.77336 0.27595
vn -0.67907 0.65675 0.32794
vn -0.76834 0.52173 0.37074
vn -0.83607 0.37209 0.40315
vn -0.88037 0.21202 0.42426
vn -0.89999 0.04600 0.43348
vn -0.89438 -0.12131 0.43054
vn -0.86370 -0.28521 0.41554
vn -0.80881 -0.44112 0.38889
vn -0.73125 -0.58466 0.35134
vn -0.63319 -0.71182 0.30394
vn -0.51739 -0.81902 0.24802
vn -0.65601 0.63892 0.40179
vn -0.83641 0.12759 0.53305
vn -0.32054 0.90364 0.28407
vn -0.13684 0.98315 0.12120
vn -0.25847 0.93888 0.22738
vn -0.37285 0.86829 0.32720
vn -0.47679 0.77336 0.41785
vn -0.56735 0.65675 0.49678
vn -0.64202 0.52173 0.56179
vn -0.69869 0.37209 0.61105
vn -0.73578 0.21202 0.64318
vn -0.75224 0.04600 0.65729
vn -0.74761 -0.12131 0.65297
vn -0.72203 -0.28521 0.63034
vn -0.67621 -0.44112 0.59005
vn -0.61143 -0.58466 0.53322
vn -0.52952 -0.71182 0.46144
vn -0.39725 -0.81902 0.41400
vn -0.48602 -0.71182 0.50705
vn -0.56117 -0.58467 0.58588
vn -0.62059 -0.44112 0.64829
vn -0.66262 -0.28521 0.69253
vn -0.68607 -0.12131 0.71735
vn -0.69029 0.04600 0.72207
vn -0.67516 0.21202 0.70655
vn -0.64110 0.37209 0.67122
vn -0.58908 0.52173 0.61708
vn -0.52054 0.65675 0.54564
vn -0.43741 0.77336 0.45890
vn -0.34202 0.86829 0.35931
vn -0.23704 0.93888 0.24964
vn -0.42862 0.71387 0.55378
vn -0.11300 0.98315 0.14368
vn -0.21371 0.93888 0.26988
vn -0.30844 0.86829 0.38852
vn -0.39451 0.77336 0.49626
vn -0.46953 0.65675 0.59010
vn -0.53139 0.52173 0.66740
vn -0.57836 0.37209 0.72598
vn -0.60911 0.21202 0.76422
vn -0.62278 0.04600 0.78104
vn -0.61900 -0.12130 0.77596
vn -0.59787 -0.28521 0.74913
vn -0.55998 -0.44112 0.70131
vn -0.50640 -0.58467 0.63382
vn -0.43861 -0.71182 0.54857
vn -0.36444 -0.81899 0.44321
vn -0.38768 -0.71182 0.58568
vn -0.44754 -0.58467 0.67666
vn -0.49486 -0.44112 0.74868
vn -0.52831 -0.28521 0.79971
vn -0.54696 -0.12130 0.82833
vn -0.55027 0.04600 0.83372
vn -0.53815 0.21202 0.81575
vn -0.51095 0.37209 0.77491
vn -0.46943 0.52173 0.71234
vn -0.41475 0.65675 0.62981
vn -0.34844 0.77336 0.52963
vn -0.27237 0.86829 0.41460
vn -0.18866 0.93888 0.28795
vn -0.16209 0.93888 0.30370
vn -0.23411 0.86829 0.43735
vn -0.29956 0.77336 0.55873
vn -0.35662 0.65675 0.66446
vn -0.40368 0.52173 0.75155
vn -0.43943 0.37209 0.81759
vn -0.46286 0.21202 0.86070
vn -0.47332 0.04600 0.87969
vn -0.47050 -0.12131 0.87402
vn -0.45450 -0.28521 0.84385
vn -0.42576 -0.44112 0.79003
vn -0.38508 -0.58466 0.71406
vn -0.33361 -0.71182 0.61807
vn -0.27279 -0.81902 0.50476
vn -0.23931 0.80403 0.54430
vn -0.07070 0.98315 0.16857
vn -0.13421 0.93888 0.31701
vn -0.19396 0.86829 0.45657
vn -0.24827 0.77336 0.58334
vn -0.29563 0.65675 0.69375
vn -0.33469 0.52173 0.78471
vn -0.36438 0.37209 0.85369
vn -0.38385 0.21202 0.89873
vn -0.39256 0.04600 0.91858
vn -0.39026 -0.12130 0.91268
vn -0.37703 -0.28521 0.88119
vn -0.35323 -0.44112 0.82501
vn -0.31953 -0.58467 0.74570
vn -0.27687 -0.71182 0.64549
vn -0.23339 -0.81899 0.52419
vn -0.26792 0.54534 0.79424
vn -0.25777 -0.07944 0.96293
vn 0.02213 0.87763 0.47884
vn 0.00000 0.18285 0.98314
vn -0.03704 0.60093 0.79845
vn 0.07272 0.90352 0.42232
vn 0.06692 0.87600 0.47765
vn 0.07775 0.93888 0.33536
vn 0.11145 0.86829 0.48338
vn 0.14202 0.77336 0.61786
vn 0.16861 0.65675 0.73502
vn 0.19047 0.52173 0.83157
vn 0.20700 0.37209 0.90482
vn 0.21772 0.21202 0.95270
vn 0.22234 0.04600 0.97388
vn 0.22073 -0.12130 0.96776
vn 0.21293 -0.28521 0.93451
vn 0.19916 -0.44112 0.87507
vn 0.17981 -0.58467 0.79110
vn 0.15542 -0.71182 0.68495
vn 0.11930 -0.81899 0.56127
vn 0.21886 0.73168 0.64556
vn 0.05766 0.98315 0.17346
vn 0.10750 0.93888 0.32704
vn 0.15433 0.86829 0.47145
vn 0.19683 0.77336 0.60264
vn 0.23382 0.65675 0.71694
vn 0.26425 0.52173 0.81115
vn 0.28727 0.37209 0.88262
vn 0.30224 0.21202 0.92935
vn 0.30874 0.04600 0.95003
vn 0.30659 -0.12130 0.94408
vn 0.29584 -0.28521 0.91166
vn 0.27680 -0.44112 0.85369
vn 0.25000 -0.58466 0.77179
vn 0.21619 -0.71182 0.66826
vn 0.22456 -0.81902 0.52799
vn 0.27522 -0.71182 0.64619
vn 0.31818 -0.58466 0.74628
vn 0.35221 -0.44112 0.82545
vn 0.37637 -0.28521 0.88148
vn 0.38998 -0.12131 0.91280
vn 0.39266 0.04600 0.91853
vn 0.38433 0.21202 0.89852
vn 0.36523 0.37209 0.85332
vn 0.33590 0.52173 0.78420
vn 0.29714 0.65675 0.69310
vn 0.25006 0.77336 0.58257
vn 0.19597 0.86829 0.45571
vn 0.13638 0.93888 0.31608
vn 0.16417 0.93888 0.30259
vn 0.23603 0.86829 0.43631
vn 0.30127 0.77336 0.55781
vn 0.35807 0.65675 0.66367
vn 0.40484 0.52173 0.75093
vn 0.44025 0.37209 0.81714
vn 0.46333 0.21202 0.86045
vn 0.47342 0.04600 0.87964
vn 0.47023 -0.12131 0.87416
vn 0.45387 -0.28521 0.84419
vn 0.42478 -0.44112 0.79055
vn 0.38379 -0.58466 0.71475
vn 0.33204 -0.71182 0.61892
vn 0.26431 -0.81899 0.50930
vn 0.36259 0.84659 0.38964
vn 0.61922 0.35615 0.69981
vn 0.51286 0.54785 0.66093
vn 0.34253 0.89569 0.28357
vn 0.38689 0.85661 0.34137
vn 0.27920 0.93888 0.20139
vn 0.40196 0.86829 0.29070
vn 0.51346 0.77336 0.37185
vn 0.61057 0.65675 0.44259
vn 0.69056 0.52173 0.50091
vn 0.75120 0.37209 0.54520
vn 0.79078 0.21202 0.57421
vn 0.80819 0.04600 0.58712
vn 0.80295 -0.12131 0.58357
vn 0.77520 -0.28521 0.56366
vn 0.72573 -0.44112 0.52795
vn 0.65590 -0.58466 0.47745
vn 0.56770 -0.71182 0.41356
vn 0.52761 0.78643 0.32119
vn 0.15755 0.98315 0.09269
vn 0.29613 0.93888 0.17555
vn 0.42640 0.86829 0.25349
vn 0.54473 0.77336 0.32433
vn 0.64779 0.65675 0.38607
vn 0.73269 0.52173 0.43700
vn 0.79705 0.37209 0.47567
vn 0.83907 0.21202 0.50101
vn 0.85757 0.04600 0.51231
vn 0.85203 -0.12131 0.50924
vn 0.82261 -0.28521 0.49190
vn 0.77013 -0.44112 0.46078
vn 0.69606 -0.58466 0.41673
vn 0.60248 -0.71182 0.36101
vn 0.49202 -0.81902 0.29516
vn 0.51319 -0.81899 0.25667
vn 0.63242 -0.71182 0.30555
vn 0.73061 -0.58466 0.35266
vn 0.80833 -0.44112 0.38989
vn 0.86339 -0.28521 0.41619
vn 0.89425 -0.12131 0.43082
vn 0.90004 0.04600 0.43337
vn 0.88060 0.21202 0.42378
vn 0.83648 0.37209 0.40231
vn 0.76891 0.52173 0.36956
vn 0.67979 0.65675 0.32645
vn 0.57161 0.77336 0.27419
vn 0.44741 0.86829 0.21425
vn 0.31067 0.93888 0.14830
vn 0.32271 0.93888 0.11986
vn 0.46481 0.86829 0.17328
vn 0.59389 0.77336 0.22185
vn 0.70631 0.65675 0.26420
vn 0.79894 0.52173 0.29915
vn 0.86917 0.37209 0.32571
vn 0.91504 0.21202 0.34314
vn 0.93526 0.04600 0.35095
vn 0.92927 -0.12131 0.34892
vn 0.89722 -0.28521 0.33712
vn 0.84003 -0.44112 0.31586
vn 0.75929 -0.58466 0.28575
vn 0.65726 -0.71182 0.24763
vn 0.54393 0.83709 0.05851
vn 0.56319 0.82255 0.07892
vn 0.52795 0.84355 0.09847
vn 0.81061 0.58237 -0.06134
vn 0.64768 0.76188 0.00728
vn 0.84127 -0.51726 -0.15717
vn 0.76749 -0.60440 -0.21367
vn 0.62613 -0.75746 -0.18497
vn 0.56609 -0.78807 -0.24185
vn 0.63362 -0.71324 -0.29968
vn 0.73045 -0.57039 -0.37564
vn 0.66442 -0.62229 -0.41388
vn 0.52357 -0.78177 -0.33868
vn 0.46506 -0.79933 -0.38051
vn 0.73187 -0.24324 -0.63655
vn 0.44505 -0.77902 -0.44165
vn 0.59575 -0.44805 -0.66658
vn 0.49551 -0.64217 -0.58489
vn 0.49208 -0.45024 -0.74508
vn 0.43213 -0.54079 -0.72167
vn 0.41176 -0.44828 -0.79341
vn 0.38658 -0.43636 -0.81249
vn 0.33180 -0.46718 -0.81954
vn 0.13618 -0.87397 -0.46651
vn 0.12878 -0.85849 -0.49640
vn 0.15395 -0.57575 -0.80300
vn 0.15301 -0.22338 -0.96265
vn 0.07606 -0.60916 -0.78939
vn 0.00073 -0.84793 -0.53010
vn -0.05366 -0.82196 -0.56701
vn -0.15301 -0.22338 -0.96265
vn -0.11612 -0.79159 -0.59992
vn -0.15908 -0.77416 -0.61268
vn -0.16671 -0.80143 -0.57439
vn -0.26822 -0.69765 -0.66434
vn -0.38658 -0.43636 -0.81249
vn -0.35478 -0.63973 -0.68182
vn -0.51023 -0.11311 -0.85257
vn -0.63362 -0.71325 -0.29968
vn -0.87469 -0.18527 -0.44787
vn -0.50929 -0.42747 -0.74692
vn -0.40895 -0.77362 -0.48402
vn -0.50365 -0.65495 -0.56337
vn -0.44639 -0.77902 -0.44030
vn -0.71208 0.33220 -0.61853
vn -0.62559 -0.58731 -0.51352
vn -0.41847 -0.86663 -0.27171
vn -0.54442 -0.76732 -0.33885
vn -0.73292 -0.60319 -0.31463
vn -0.50327 -0.85111 -0.14946
vn -0.63435 -0.75268 -0.17625
vn -0.95672 -0.23055 -0.17757
vn -0.68456 -0.72226 -0.09859
vn -0.78913 -0.61113 -0.06149
vn -0.77609 -0.63057 0.00859
vn -0.72151 -0.68776 0.08006
vn -0.66347 -0.74170 0.09842
vn -0.84127 -0.51726 0.15717
vn -0.76736 -0.60457 0.21364
vn -0.62606 -0.75753 0.18495
vn -0.56608 -0.78808 0.24184
vn -0.63362 -0.71324 0.29968
vn -0.73045 -0.57039 0.37563
vn -0.66442 -0.62229 0.41388
vn -0.52357 -0.78177 0.33868
vn -0.46507 -0.79932 0.38052
vn -0.73187 -0.24327 0.63654
vn -0.44505 -0.77903 0.44165
vn -0.59575 -0.44806 0.66658
vn -0.49552 -0.64216 0.58489
vn -0.49207 -0.45026 0.74507
vn -0.43214 -0.54077 0.72169
vn -0.41177 -0.44824 0.79343
vn -0.38657 -0.43640 0.81247
vn -0.33181 -0.46712 0.81957
vn -0.13618 -0.87397 0.46652
vn -0.12878 -0.85849 0.49640
vn -0.15395 -0.57575 0.80300
vn -0.15301 -0.22337 0.96265
vn -0.07606 -0.60916 0.78939
vn -0.00073 -0.84794 0.53009
vn 0.05366 -0.82196 0.56701
vn 0.15301 -0.22337 0.96265
vn 0.11612 -0.79159 0.59992
vn 0.15908 -0.77417 0.61266
vn 0.16671 -0.80143 0.57438
vn 0.26823 -0.69762 0.66436
vn 0.38658 -0.43640 0.81247
vn 0.35477 -0.63974 0.68182
vn 0.51023 -0.11313 0.85257
vn 0.63362 -0.71324 0.29968
vn 0.87469 -0.18525 0.44788
vn 0.50928 -0.42749 0.74692
vn 0.40893 -0.77364 0.48399
vn 0.50360 -0.65502 0.56332
vn 0.44639 -0.77902 0.44030
vn 0.71209 0.33216 0.61854
vn 0.62559 -0.58731 0.51352
vn 0.41850 -0.86662 0.27172
vn 0.54446 -0.76728 0.33888
vn 0.73294 -0.60316 0.31464
vn 0.50331 -0.85108 0.14946
vn 0.63445 -0.75260 0.17627
vn 0.95673 -0.23052 0.17757
vn 0.68456 -0.72226 0.09859
vn 0.78911 -0.61116 0.06149
vn 0.77608 -0.63057 -0.00859
vn 0.72150 -0.68777 -0.08006
vn 0.66349 -0.74169 -0.09842
vn 0.09549 -0.99351 -0.06182
vn 0.11966 -0.99091 -0.06146
vn 0.12478 -0.99091 -0.05022
vn 0.10932 -0.99351 -0.03144
vn 0.10483 -0.99091 -0.08428
vn 0.09666 -0.99091 -0.09355
vn 0.07343 -0.99351 -0.08688
vn 0.04834 -0.99245 -0.11273
vn 0.05916 -0.99245 -0.10744
vn 0.07585 -0.99091 -0.11108
vn 0.01354 -0.99245 -0.12190
vn 0.02542 -0.99245 -0.11999
vn 0.04034 -0.99091 -0.12832
vn 0.00136 -0.99091 -0.13450
vn -0.01183 -0.99091 -0.13399
vn -0.02408 -0.99091 -0.13235
vn -0.03144 -0.99351 -0.10932
vn -0.05022 -0.99091 -0.12478
vn -0.06146 -0.99091 -0.11966
vn -0.06182 -0.99351 -0.09549
vn -0.08428 -0.99091 -0.10483
vn -0.09355 -0.99091 -0.09666
vn -0.08688 -0.99351 -0.07343
vn -0.11273 -0.99245 -0.04834
vn -0.10744 -0.99245 -0.05916
vn -0.11108 -0.99091 -0.07585
vn -0.12190 -0.99245 -0.01354
vn -0.11999 -0.99245 -0.02542
vn -0.12832 -0.99091 -0.04034
vn -0.13450 -0.99091 -0.00136
vn -0.13399 -0.99091 0.01183
vn -0.13235 -0.99091 0.02408
vn -0.10932 -0.99351 0.03144
vn -0.12478 -0.99091 0.05022
vn -0.11966 -0.99091 0.06146
vn -0.09549 -0.99351 0.06182
vn -0.10483 -0.99091 0.08428
vn -0.09666 -0.99091 0.09355
vn -0.07343 -0.99351 0.08688
vn -0.04834 -0.99245 0.11272
vn -0.05916 -0.99245 0.10744
vn -0.07585 -0.99091 0.11108
vn -0.01354 -0.99245 0.12191
vn -0.02542 -0.99245 0.11999
vn -0.04034 -0.99091 0.12831
vn -0.00136 -0.99091 0.13450
vn 0.01183 -0.99091 0.13399
vn 0.02408 -0.99091 0.13235
vn 0.03144 -0.99351 0.10932
vn 0.05022 -0.99091 0.12478
vn 0.06146 -0.99091 0.11966
vn 0.06182 -0.99351 0.09549
vn 0.08428 -0.99091 0.10483
vn 0.09355 -0.99091 0.09666
vn 0.08688 -0.99351 0.07343
vn 0.11272 -0.99245 0.04834
vn 0.10744 -0.99245 0.05916
vn 0.11108 -0.99091 0.07585
vn 0.12191 -0.99245 0.01354
vn 0.11999 -0.99245 0.02542
vn 0.12832 -0.99091 0.04034
vn 0.13450 -0.99091 0.00136
vn 0.13399 -0.99091 -0.01183
vn 0.13235 -0.99091 -0.02408
vn 0.29578 -0.95477 0.03045
vn 0.29137 -0.95477 0.05929
vn 0.28416 -0.95477 0.08757
vn 0.27421 -0.95477 0.11500
vn 0.26161 -0.95477 0.14132
vn 0.24650 -0.95477 0.16628
vn 0.22902 -0.95477 0.18964
vn 0.20933 -0.95477 0.21118
vn 0.18762 -0.95477 0.23068
vn 0.16411 -0.95477 0.24796
vn 0.13901 -0.95477 0.26285
vn 0.11258 -0.95477 0.27521
vn 0.08506 -0.95477 0.28492
vn 0.05672 -0.95477 0.29188
vn 0.02784 -0.95477 0.29604
vn -0.00131 -0.95477 0.29734
vn -0.03045 -0.95477 0.29578
vn -0.05929 -0.95477 0.29137
vn -0.08757 -0.95477 0.28416
vn -0.11500 -0.95477 0.27421
vn -0.14132 -0.95477 0.26161
vn -0.16628 -0.95477 0.24650
vn -0.18964 -0.95477 0.22902
vn -0.21118 -0.95477 0.20933
vn -0.23068 -0.95477 0.18762
vn -0.24796 -0.95477 0.16411
vn -0.26285 -0.95477 0.13901
vn -0.27521 -0.95477 0.11258
vn -0.28492 -0.95477 0.08506
vn -0.29188 -0.95477 0.05673
vn -0.29604 -0.95477 0.02784
vn -0.29734 -0.95477 -0.00131
vn -0.29578 -0.95477 -0.03045
vn -0.29137 -0.95477 -0.05929
vn -0.28416 -0.95477 -0.08757
vn -0.27421 -0.95477 -0.11500
vn -0.26161 -0.95477 -0.14132
vn -0.24650 -0.95477 -0.16628
vn -0.22902 -0.95477 -0.18964
vn -0.20933 -0.95477 -0.21118
vn -0.18762 -0.95477 -0.23068
vn -0.16411 -0.95477 -0.24796
vn -0.13901 -0.95477 -0.26285
vn -0.11258 -0.95477 -0.27521
vn -0.08506 -0.95477 -0.28492
vn -0.05673 -0.95477 -0.29188
vn -0.02784 -0.95477 -0.29604
vn 0.00131 -0.95477 -0.29734
vn 0.03045 -0.95477 -0.29578
vn 0.05929 -0.95477 -0.29137
vn 0.08757 -0.95477 -0.28416
vn 0.11500 -0.95477 -0.27421
vn 0.14132 -0.95477 -0.26161
vn 0.16628 -0.95477 -0.24650
vn 0.18964 -0.95477 -0.22902
vn 0.21118 -0.95477 -0.20933
vn 0.23068 -0.95477 -0.18762
vn 0.24796 -0.95477 -0.16411
vn 0.26285 -0.95477 -0.13901
vn 0.27521 -0.95477 -0.11258
vn 0.28492 -0.95477 -0.08506
vn 0.29188 -0.95477 -0.05672
vn 0.29604 -0.95477 -0.02784
vn 0.29734 -0.95477 0.00131
vn 0.44961 -0.89206 0.04551
vn 0.44298 -0.89207 0.08936
vn 0.43209 -0.89207 0.13235
vn 0.41704 -0.89206 0.17407
vn 0.39797 -0.89206 0.21411
vn 0.37507 -0.89206 0.25208
vn 0.34855 -0.89207 0.28763
vn 0.31868 -0.89207 0.32041
vn 0.28574 -0.89206 0.35010
vn 0.25005 -0.89206 0.37643
vn 0.21195 -0.89206 0.39912
vn 0.17181 -0.89206 0.41797
vn 0.13001 -0.89206 0.43280
vn 0.08696 -0.89207 0.44346
vn 0.04308 -0.89207 0.44985
vn -0.00122 -0.89207 0.45190
vn -0.04551 -0.89207 0.44961
vn -0.08936 -0.89207 0.44298
vn -0.13235 -0.89206 0.43209
vn -0.17407 -0.89206 0.41704
vn -0.21411 -0.89206 0.39797
vn -0.25208 -0.89206 0.37507
vn -0.28763 -0.89207 0.34855
vn -0.32041 -0.89206 0.31868
vn -0.35010 -0.89206 0.28574
vn -0.37642 -0.89206 0.25005
vn -0.39912 -0.89207 0.21195
vn -0.41797 -0.89207 0.17181
vn -0.43280 -0.89206 0.13001
vn -0.44346 -0.89207 0.08696
vn -0.44985 -0.89206 0.04308
vn -0.45191 -0.89206 -0.00122
vn -0.44961 -0.89206 -0.04551
vn -0.44298 -0.89206 -0.08936
vn -0.43209 -0.89207 -0.13235
vn -0.41704 -0.89207 -0.17407
vn -0.39797 -0.89207 -0.21410
vn -0.37507 -0.89206 -0.25208
vn -0.34855 -0.89206 -0.28763
vn -0.31868 -0.89207 -0.32041
vn -0.28574 -0.89207 -0.35010
vn -0.25005 -0.89206 -0.37643
vn -0.21195 -0.89206 -0.39912
vn -0.17181 -0.89207 -0.41797
vn -0.13001 -0.89206 -0.43280
vn -0.08696 -0.89206 -0.44346
vn -0.04308 -0.89206 -0.44985
vn 0.00122 -0.89206 -0.45191
vn 0.04551 -0.89206 -0.44961
vn 0.08936 -0.89207 -0.44298
vn 0.13235 -0.89207 -0.43209
vn 0.17407 -0.89207 -0.41704
vn 0.21410 -0.89206 -0.39797
vn 0.25208 -0.89206 -0.37507
vn 0.28763 -0.89207 -0.34855
vn 0.32041 -0.89207 -0.31868
vn 0.35010 -0.89206 -0.28574
vn 0.37643 -0.89206 -0.25005
vn 0.39912 -0.89206 -0.21195
vn 0.41797 -0.89207 -0.17181
vn 0.43280 -0.89207 -0.13001
vn 0.44346 -0.89207 -0.08696
vn 0.44985 -0.89207 -0.04308
vn 0.45191 -0.89206 0.00122
vn 0.59093 -0.80454 0.05931
vn 0.58227 -0.80454 0.11694
vn 0.56801 -0.80454 0.17345
vn 0.54827 -0.80454 0.22829
vn 0.52325 -0.80454 0.28093
vn 0.49320 -0.80454 0.33087
vn 0.45839 -0.80454 0.37762
vn 0.41917 -0.80454 0.42073
vn 0.37591 -0.80454 0.45979
vn 0.32904 -0.80454 0.49442
vn 0.27899 -0.80454 0.52429
vn 0.22626 -0.80454 0.54911
vn 0.17135 -0.80454 0.56864
vn 0.11478 -0.80454 0.58270
vn 0.05712 -0.80454 0.59115
vn -0.00110 -0.80454 0.59390
vn -0.05931 -0.80454 0.59093
vn -0.11694 -0.80454 0.58227
vn -0.17345 -0.80454 0.56800
vn -0.22829 -0.80454 0.54827
vn -0.28093 -0.80454 0.52325
vn -0.33087 -0.80454 0.49320
vn -0.37762 -0.80454 0.45839
vn -0.42073 -0.80454 0.41917
vn -0.45979 -0.80454 0.37591
vn -0.49442 -0.80454 0.32904
vn -0.52429 -0.80454 0.27899
vn -0.54911 -0.80454 0.22626
vn -0.56865 -0.80454 0.17135
vn -0.58270 -0.80454 0.11478
vn -0.59115 -0.80454 0.05712
vn -0.59390 -0.80454 -0.00110
vn -0.59093 -0.80454 -0.05931
vn -0.58227 -0.80454 -0.11694
vn -0.56801 -0.80454 -0.17345
vn -0.54827 -0.80454 -0.22829
vn -0.52325 -0.80454 -0.28093
vn -0.49320 -0.80454 -0.33087
vn -0.45839 -0.80454 -0.37762
vn -0.41917 -0.80454 -0.42073
vn -0.37591 -0.80454 -0.45979
vn -0.32904 -0.80454 -0.49442
vn -0.27899 -0.80454 -0.52429
vn -0.22626 -0.80454 -0.54911
vn -0.17134 -0.80454 -0.56864
vn -0.11478 -0.80454 -0.58270
vn -0.05712 -0.80454 -0.59115
vn 0.00110 -0.80454 -0.59390
vn 0.05931 -0.80454 -0.59093
vn 0.11694 -0.80454 -0.58227
vn 0.17345 -0.80454 -0.56801
vn 0.22829 -0.80454 -0.54827
vn 0.28093 -0.80454 -0.52325
vn 0.33087 -0.80454 -0.49320
vn 0.37762 -0.80454 -0.45839
vn 0.42073 -0.80454 -0.41917
vn 0.45979 -0.80454 -0.37591
vn 0.49442 -0.80454 -0.32904
vn 0.52429 -0.80454 -0.27899
vn 0.54911 -0.80454 -0.22626
vn 0.56864 -0.80454 -0.17135
vn 0.58270 -0.80454 -0.11478
vn 0.59115 -0.80454 -0.05712
vn 0.59390 -0.80454 0.00110
vn 0.71581 -0.69463 0.07146
vn 0.70536 -0.69463 0.14127
vn 0.68812 -0.69463 0.20973
vn 0.66425 -0.69463 0.27617
vn 0.63398 -0.69463 0.33995
vn 0.59760 -0.69463 0.40045
vn 0.55548 -0.69463 0.45710
vn 0.50800 -0.69463 0.50934
vn 0.45563 -0.69463 0.55668
vn 0.39887 -0.69463 0.59866
vn 0.33827 -0.69463 0.63487
vn 0.27441 -0.69463 0.66497
vn 0.20791 -0.69463 0.68867
vn 0.13941 -0.69463 0.70573
vn 0.06956 -0.69463 0.71600
vn -0.00095 -0.69463 0.71937
vn -0.07146 -0.69463 0.71581
vn -0.14127 -0.69463 0.70536
vn -0.20973 -0.69463 0.68812
vn -0.27617 -0.69463 0.66425
vn -0.33995 -0.69463 0.63398
vn -0.40045 -0.69463 0.59760
vn -0.45710 -0.69463 0.55548
vn -0.50934 -0.69463 0.50800
vn -0.55668 -0.69463 0.45563
vn -0.59866 -0.69463 0.39887
vn -0.63487 -0.69463 0.33827
vn -0.66497 -0.69463 0.27441
vn -0.68867 -0.69463 0.20791
vn -0.70573 -0.69463 0.13941
vn -0.71600 -0.69463 0.06956
vn -0.71937 -0.69463 -0.00095
vn -0.71581 -0.69463 -0.07146
vn -0.70536 -0.69463 -0.14127
vn -0.68812 -0.69463 -0.20973
vn -0.66425 -0.69463 -0.27617
vn -0.63398 -0.69463 -0.33995
vn -0.59760 -0.69463 -0.40045
vn -0.55548 -0.69463 -0.45710
vn -0.50800 -0.69463 -0.50934
vn -0.45563 -0.69463 -0.55668
vn -0.39887 -0.69463 -0.59866
vn -0.33827 -0.69463 -0.63487
vn -0.27441 -0.69463 -0.66497
vn -0.20791 -0.69463 -0.68867
vn -0.13941 -0.69463 -0.70573
vn -0.06956 -0.69463 -0.71600
vn 0.00095 -0.69463 -0.71937
vn 0.07146 -0.69463 -0.71581
vn 0.14127 -0.69463 -0.70536
vn 0.20973 -0.69463 -0.68812
vn 0.27617 -0.69463 -0.66425
vn 0.33995 -0.69463 -0.63398
vn 0.40045 -0.69463 -0.59760
vn 0.45710 -0.69463 -0.55548
vn 0.50934 -0.69463 -0.50800
vn 0.55668 -0.69463 -0.45563
vn 0.59866 -0.69463 -0.39887
vn 0.63487 -0.69463 -0.33827
vn 0.66497 -0.69463 -0.27441
vn 0.68867 -0.69463 -0.20791
vn 0.70573 -0.69463 -0.13941
vn 0.71600 -0.69463 -0.06956
vn 0.71937 -0.69463 0.00095
vn 0.82078 -0.56539 0.08162
vn 0.80882 -0.56539 0.16167
vn 0.78908 -0.56539 0.24017
vn 0.76174 -0.56539 0.31636
vn 0.72706 -0.56539 0.38950
vn 0.68538 -0.56539 0.45889
vn 0.63710 -0.56539 0.52386
vn 0.58269 -0.56539 0.58378
vn 0.52266 -0.56539 0.63809
vn 0.45760 -0.56539 0.68624
vn 0.38814 -0.56539 0.72779
vn 0.31493 -0.56539 0.76233
vn 0.23869 -0.56539 0.78953
vn 0.16016 -0.56539 0.80912
vn 0.08008 -0.56539 0.82093
vn -0.00077 -0.56539 0.82482
vn -0.08162 -0.56539 0.82077
vn -0.16167 -0.56539 0.80882
vn -0.24017 -0.56539 0.78908
vn -0.31636 -0.56539 0.76174
vn -0.38950 -0.56539 0.72706
vn -0.45889 -0.56539 0.68538
vn -0.52386 -0.56539 0.63710
vn -0.58378 -0.56539 0.58269
vn -0.63809 -0.56539 0.52266
vn -0.68624 -0.56539 0.45760
vn -0.72779 -0.56539 0.38814
vn -0.76233 -0.56539 0.31493
vn -0.78953 -0.56539 0.23869
vn -0.80912 -0.56539 0.16016
vn -0.82093 -0.56539 0.08008
vn -0.82482 -0.56539 -0.00077
vn -0.82078 -0.56539 -0.08162
vn -0.80882 -0.56539 -0.16167
vn -0.78908 -0.56539 -0.24017
vn -0.76174 -0.56539 -0.31636
vn -0.72706 -0.56539 -0.38950
vn -0.68538 -0.56539 -0.45889
vn -0.63711 -0.56539 -0.52386
vn -0.58269 -0.56539 -0.58378
vn -0.52266 -0.56539 -0.63809
vn -0.45760 -0.56539 -0.68624
vn -0.38814 -0.56539 -0.72779
vn -0.31493 -0.56539 -0.76233
vn -0.23869 -0.56539 -0.78953
vn -0.16016 -0.56539 -0.80912
vn -0.08008 -0.56539 -0.82093
vn 0.00077 -0.56539 -0.82482
vn 0.08162 -0.56539 -0.82078
vn 0.16167 -0.56539 -0.80882
vn 0.24017 -0.56539 -0.78908
vn 0.31636 -0.56539 -0.76174
vn 0.38950 -0.56539 -0.72706
vn 0.45889 -0.56539 -0.68538
vn 0.52386 -0.56539 -0.63710
vn 0.58378 -0.56539 -0.58269
vn 0.63809 -0.56539 -0.52266
vn 0.68624 -0.56539 -0.45760
vn 0.72779 -0.56540 -0.38813
vn 0.76233 -0.56539 -0.31493
vn 0.78953 -0.56539 -0.23869
vn 0.80913 -0.56539 -0.16016
vn 0.82093 -0.56539 -0.08008
vn 0.82483 -0.56539 0.00077
vn 0.90291 -0.42042 0.08951
vn 0.88978 -0.42042 0.17757
vn 0.86809 -0.42042 0.26393
vn 0.83804 -0.42042 0.34775
vn 0.79992 -0.42042 0.42822
vn 0.75410 -0.42042 0.50456
vn 0.70101 -0.42042 0.57605
vn 0.64117 -0.42042 0.64199
vn 0.57516 -0.42042 0.70174
vn 0.50361 -0.42042 0.75474
vn 0.42720 -0.42042 0.80046
vn 0.34669 -0.42042 0.83848
vn 0.26283 -0.42042 0.86843
vn 0.17645 -0.42042 0.89001
vn 0.08836 -0.42042 0.90302
vn -0.00058 -0.42042 0.90733
vn -0.08951 -0.42042 0.90290
vn -0.17758 -0.42043 0.88978
vn -0.26393 -0.42042 0.86809
vn -0.34775 -0.42041 0.83805
vn -0.42822 -0.42042 0.79992
vn -0.50456 -0.42042 0.75410
vn -0.57605 -0.42042 0.70101
vn -0.64199 -0.42042 0.64117
vn -0.70174 -0.42042 0.57516
vn -0.75474 -0.42042 0.50361
vn -0.80046 -0.42042 0.42721
vn -0.83848 -0.42042 0.34669
vn -0.86843 -0.42042 0.26283
vn -0.89001 -0.42042 0.17645
vn -0.90302 -0.42042 0.08836
vn -0.90733 -0.42042 -0.00058
vn -0.90290 -0.42042 -0.08951
vn -0.88978 -0.42042 -0.17758
vn -0.86809 -0.42042 -0.26393
vn -0.83804 -0.42042 -0.34775
vn -0.79992 -0.42042 -0.42822
vn -0.75410 -0.42042 -0.50456
vn -0.70101 -0.42042 -0.57605
vn -0.64117 -0.42042 -0.64199
vn -0.57516 -0.42042 -0.70174
vn -0.50361 -0.42042 -0.75474
vn -0.42721 -0.42042 -0.80046
vn -0.34669 -0.42042 -0.83848
vn -0.26283 -0.42042 -0.86843
vn -0.17645 -0.42042 -0.89001
vn -0.08836 -0.42042 -0.90302
vn 0.00058 -0.42042 -0.90733
vn 0.08951 -0.42042 -0.90290
vn 0.17758 -0.42042 -0.88978
vn 0.26393 -0.42042 -0.86809
vn 0.34775 -0.42042 -0.83804
vn 0.42822 -0.42042 -0.79992
vn 0.50456 -0.42042 -0.75410
vn 0.57605 -0.42042 -0.70101
vn 0.64199 -0.42042 -0.64117
vn 0.70174 -0.42042 -0.57516
vn 0.75474 -0.42042 -0.50361
vn 0.80047 -0.42042 -0.42721
vn 0.83848 -0.42042 -0.34669
vn 0.86843 -0.42042 -0.26283
vn 0.89001 -0.42042 -0.17645
vn 0.90302 -0.42042 -0.08836
vn 0.90733 -0.42042 0.00058
vn 0.95991 -0.26375 0.09491
vn 0.94599 -0.26375 0.18854
vn 0.92295 -0.26375 0.28035
vn 0.89103 -0.26375 0.36947
vn 0.85052 -0.26374 0.45502
vn 0.80183 -0.26375 0.53620
vn 0.74541 -0.26375 0.61221
vn 0.68181 -0.26375 0.68232
vn 0.61165 -0.26374 0.74587
vn 0.53560 -0.26375 0.80223
vn 0.45439 -0.26375 0.85086
vn 0.36880 -0.26375 0.89130
vn 0.27966 -0.26375 0.92316
vn 0.18783 -0.26375 0.94613
vn 0.09419 -0.26375 0.95998
vn -0.00036 -0.26375 0.96459
vn -0.09491 -0.26374 0.95991
vn -0.18854 -0.26374 0.94599
vn -0.28035 -0.26375 0.92295
vn -0.36947 -0.26375 0.89103
vn -0.45502 -0.26375 0.85052
vn -0.53620 -0.26374 0.80183
vn -0.61221 -0.26375 0.74541
vn -0.68232 -0.26375 0.68181
vn -0.74587 -0.26375 0.61165
vn -0.80223 -0.26375 0.53560
vn -0.85086 -0.26375 0.45439
vn -0.89130 -0.26375 0.36880
vn -0.92316 -0.26375 0.27966
vn -0.94613 -0.26375 0.18783
vn -0.95998 -0.26375 0.09419
vn -0.96459 -0.26375 -0.00036
vn -0.95991 -0.26375 -0.09491
vn -0.94599 -0.26375 -0.18854
vn -0.92295 -0.26375 -0.28035
vn -0.89103 -0.26375 -0.36947
vn -0.85052 -0.26375 -0.45502
vn -0.80183 -0.26375 -0.53620
vn -0.74541 -0.26375 -0.61221
vn -0.68181 -0.26375 -0.68232
vn -0.61165 -0.26375 -0.74587
vn -0.53560 -0.26375 -0.80223
vn -0.45439 -0.26375 -0.85086
vn -0.36880 -0.26375 -0.89130
vn -0.27966 -0.26375 -0.92316
vn -0.18783 -0.26375 -0.94613
vn -0.09419 -0.26375 -0.95998
vn 0.00036 -0.26375 -0.96459
vn 0.09491 -0.26375 -0.95991
vn 0.18854 -0.26375 -0.94599
vn 0.28035 -0.26375 -0.92295
vn 0.36947 -0.26375 -0.89103
vn 0.45502 -0.26375 -0.85052
vn 0.53620 -0.26375 -0.80183
vn 0.61221 -0.26375 -0.74541
vn 0.68232 -0.26375 -0.68181
vn 0.74587 -0.26375 -0.61165
vn 0.80223 -0.26375 -0.53560
vn 0.85086 -0.26375 -0.45439
vn 0.89130 -0.26375 -0.36880
vn 0.92316 -0.26375 -0.27966
vn 0.94613 -0.26375 -0.18783
vn 0.95998 -0.26375 -0.09419
vn 0.96459 -0.26375 0.00036
vn 0.99021 -0.09974 0.09766
vn 0.97587 -0.09974 0.19425
vn 0.95213 -0.09974 0.28897
vn 0.91922 -0.09974 0.38090
vn 0.87746 -0.09974 0.46917
vn 0.82725 -0.09974 0.55291
vn 0.76907 -0.09974 0.63134
vn 0.70348 -0.09974 0.70368
vn 0.63112 -0.09974 0.76924
vn 0.55269 -0.09974 0.82740
vn 0.46893 -0.09974 0.87759
vn 0.38065 -0.09975 0.91932
vn 0.28871 -0.09975 0.95221
vn 0.19398 -0.09974 0.97592
vn 0.09739 -0.09974 0.99024
vn -0.00014 -0.09974 0.99501
vn -0.09766 -0.09974 0.99021
vn -0.19425 -0.09974 0.97587
vn -0.28897 -0.09974 0.95213
vn -0.38090 -0.09974 0.91922
vn -0.46917 -0.09975 0.87746
vn -0.55291 -0.09974 0.82725
vn -0.63134 -0.09974 0.76907
vn -0.70368 -0.09974 0.70348
vn -0.76924 -0.09974 0.63112
vn -0.82740 -0.09974 0.55269
vn -0.87759 -0.09974 0.46893
vn -0.91932 -0.09974 0.38065
vn -0.95221 -0.09974 0.28871
vn -0.97592 -0.09974 0.19398
vn -0.99024 -0.09974 0.09739
vn -0.99501 -0.09974 -0.00014
vn -0.99021 -0.09974 -0.09766
vn -0.97587 -0.09974 -0.19425
vn -0.95213 -0.09974 -0.28897
vn -0.91922 -0.09974 -0.38090
vn -0.87746 -0.09974 -0.46917
vn -0.82725 -0.09974 -0.55291
vn -0.76907 -0.09974 -0.63134
vn -0.70348 -0.09974 -0.70368
vn -0.63112 -0.09974 -0.76924
vn -0.55269 -0.09974 -0.82740
vn -0.46893 -0.09974 -0.87759
vn -0.38065 -0.09974 -0.91932
vn -0.28871 -0.09974 -0.95221
vn -0.19398 -0.09974 -0.97592
vn -0.09739 -0.09974 -0.99024
vn 0.00014 -0.09974 -0.99501
vn 0.09766 -0.09974 -0.99021
vn 0.19425 -0.09974 -0.97587
vn 0.28897 -0.09974 -0.95213
vn 0.38090 -0.09974 -0.91922
vn 0.46917 -0.09974 -0.87746
vn 0.55291 -0.09974 -0.82725
vn 0.63134 -0.09974 -0.76907
vn 0.70368 -0.09974 -0.70348
vn 0.76924 -0.09974 -0.63112
vn 0.82740 -0.09974 -0.55269
vn 0.87759 -0.09974 -0.46893
vn 0.91932 -0.09974 -0.38065
vn 0.95221 -0.09974 -0.28871
vn 0.97592 -0.09974 -0.19398
vn 0.99024 -0.09974 -0.09739
vn 0.99501 -0.09974 0.00014
vn 0.99295 0.06704 0.09771
vn 0.97860 0.06705 0.19456
vn 0.95481 0.06705 0.28954
vn 0.92184 0.06704 0.38174
vn 0.87998 0.06704 0.47026
vn 0.82965 0.06704 0.55424
vn 0.77133 0.06704 0.63290
vn 0.70558 0.06704 0.70545
vn 0.63304 0.06704 0.77121
vn 0.55440 0.06704 0.82955
vn 0.47042 0.06704 0.87989
vn 0.38191 0.06704 0.92177
vn 0.28972 0.06704 0.95476
vn 0.19474 0.06704 0.97856
vn 0.09789 0.06704 0.99294
vn 0.00009 0.06704 0.99775
vn -0.09771 0.06704 0.99295
vn -0.19456 0.06704 0.97860
vn -0.28954 0.06704 0.95481
vn -0.38174 0.06704 0.92184
vn -0.47026 0.06704 0.87998
vn -0.55424 0.06704 0.82965
vn -0.63290 0.06704 0.77133
vn -0.70545 0.06704 0.70558
vn -0.77121 0.06704 0.63304
vn -0.82955 0.06704 0.55440
vn -0.87989 0.06704 0.47042
vn -0.92177 0.06704 0.38191
vn -0.95476 0.06704 0.28972
vn -0.97856 0.06704 0.19474
vn -0.99294 0.06704 0.09789
vn -0.99775 0.06704 0.00009
vn -0.99295 0.06704 -0.09771
vn -0.97860 0.06704 -0.19456
vn -0.95481 0.06704 -0.28954
vn -0.92184 0.06704 -0.38174
vn -0.87998 0.06704 -0.47026
vn -0.82965 0.06704 -0.55424
vn -0.77133 0.06704 -0.63290
vn -0.70558 0.06704 -0.70545
vn -0.63304 0.06704 -0.77121
vn -0.55440 0.06704 -0.82955
vn -0.47042 0.06704 -0.87989
vn -0.38191 0.06704 -0.92177
vn -0.28972 0.06704 -0.95476
vn -0.19474 0.06704 -0.97856
vn -0.09789 0.06704 -0.99294
vn -0.00009 0.06704 -0.99775
vn 0.09771 0.06704 -0.99295
vn 0.19456 0.06704 -0.97860
vn 0.28954 0.06704 -0.95481
vn 0.38174 0.06704 -0.92184
vn 0.47026 0.06704 -0.87998
vn 0.55424 0.06704 -0.82965
vn 0.63290 0.06704 -0.77133
vn 0.70545 0.06704 -0.70558
vn 0.77121 0.06704 -0.63304
vn 0.82955 0.06704 -0.55440
vn 0.87989 0.06704 -0.47042
vn 0.92177 0.06704 -0.38191
vn 0.95476 0.06705 -0.28972
vn 0.97856 0.06705 -0.19474
vn 0.99294 0.06704 -0.09789
vn 0.99775 0.06704 -0.00009
vn 0.96807 0.23196 0.09503
vn 0.95410 0.23196 0.18946
vn 0.93093 0.23197 0.28206
vn 0.89880 0.23196 0.37195
vn 0.85802 0.23195 0.45826
vn 0.80897 0.23196 0.54015
vn 0.75213 0.23196 0.61685
vn 0.68805 0.23196 0.68760
vn 0.61734 0.23196 0.75173
vn 0.54068 0.23196 0.80862
vn 0.45882 0.23197 0.85772
vn 0.37254 0.23196 0.89856
vn 0.28267 0.23196 0.93075
vn 0.19008 0.23196 0.95397
vn 0.09566 0.23196 0.96801
vn 0.00032 0.23196 0.97273
vn -0.09503 0.23196 0.96807
vn -0.18946 0.23196 0.95410
vn -0.28206 0.23196 0.93093
vn -0.37195 0.23196 0.89880
vn -0.45826 0.23196 0.85802
vn -0.54015 0.23196 0.80897
vn -0.61684 0.23196 0.75213
vn -0.68760 0.23196 0.68805
vn -0.75173 0.23196 0.61734
vn -0.80862 0.23196 0.54068
vn -0.85772 0.23196 0.45882
vn -0.89856 0.23196 0.37254
vn -0.93075 0.23196 0.28267
vn -0.95397 0.23196 0.19008
vn -0.96801 0.23196 0.09566
vn -0.97273 0.23196 0.00032
vn -0.96807 0.23196 -0.09503
vn -0.95410 0.23196 -0.18946
vn -0.93093 0.23196 -0.28206
vn -0.89880 0.23196 -0.37195
vn -0.85802 0.23196 -0.45826
vn -0.80897 0.23196 -0.54015
vn -0.75213 0.23196 -0.61685
vn -0.68805 0.23196 -0.68760
vn -0.61734 0.23196 -0.75173
vn -0.54068 0.23196 -0.80862
vn -0.45882 0.23196 -0.85772
vn -0.37254 0.23196 -0.89856
vn -0.28267 0.23196 -0.93075
vn -0.19008 0.23196 -0.95397
vn -0.09566 0.23196 -0.96801
vn -0.00032 0.23196 -0.97273
vn 0.09503 0.23196 -0.96807
vn 0.18946 0.23196 -0.95410
vn 0.28206 0.23196 -0.93093
vn 0.37195 0.23196 -0.89880
vn 0.45826 0.23196 -0.85802
vn 0.54015 0.23196 -0.80897
vn 0.61685 0.23196 -0.75213
vn 0.68760 0.23196 -0.68805
vn 0.75173 0.23196 -0.61734
vn 0.80862 0.23196 -0.54068
vn 0.85772 0.23196 -0.45882
vn 0.89856 0.23196 -0.37254
vn 0.93075 0.23196 -0.28267
vn 0.95397 0.23196 -0.19008
vn 0.96801 0.23196 -0.09566
vn 0.97272 0.23196 -0.00032
vn 0.91625 0.39043 0.08971
vn 0.90305 0.39042 0.17908
vn 0.88115 0.39042 0.26674
vn 0.85076 0.39043 0.35182
vn 0.81218 0.39042 0.43351
vn 0.76578 0.39042 0.51103
vn 0.71200 0.39043 0.58363
vn 0.65136 0.39042 0.65061
vn 0.58446 0.39042 0.71132
vn 0.51192 0.39042 0.76518
vn 0.43446 0.39042 0.81168
vn 0.35280 0.39043 0.85035
vn 0.26776 0.39043 0.88084
vn 0.18013 0.39043 0.90284
vn 0.09077 0.39043 0.91615
vn 0.00053 0.39042 0.92063
vn -0.08971 0.39043 0.91625
vn -0.17908 0.39042 0.90305
vn -0.26674 0.39042 0.88115
vn -0.35182 0.39042 0.85076
vn -0.43351 0.39042 0.81218
vn -0.51103 0.39042 0.76578
vn -0.58363 0.39043 0.71200
vn -0.65061 0.39043 0.65136
vn -0.71132 0.39042 0.58446
vn -0.76518 0.39042 0.51192
vn -0.81168 0.39042 0.43446
vn -0.85035 0.39042 0.35281
vn -0.88084 0.39042 0.26776
vn -0.90284 0.39042 0.18013
vn -0.91615 0.39042 0.09077
vn -0.92063 0.39042 0.00053
vn -0.91625 0.39042 -0.08971
vn -0.90305 0.39042 -0.17908
vn -0.88115 0.39042 -0.26674
vn -0.85076 0.39042 -0.35182
vn -0.81218 0.39042 -0.43351
vn -0.76578 0.39042 -0.51103
vn -0.71200 0.39042 -0.58363
vn -0.65136 0.39042 -0.65061
vn -0.58446 0.39042 -0.71132
vn -0.51192 0.39042 -0.76518
vn -0.43446 0.39042 -0.81168
vn -0.35280 0.39043 -0.85035
vn -0.26776 0.39043 -0.88084
vn -0.18013 0.39042 -0.90284
vn -0.09077 0.39042 -0.91615
vn -0.00053 0.39043 -0.92063
vn 0.08971 0.39043 -0.91625
vn 0.17908 0.39042 -0.90305
vn 0.26674 0.39042 -0.88115
vn 0.35182 0.39042 -0.85076
vn 0.43351 0.39043 -0.81218
vn 0.51103 0.39043 -0.76578
vn 0.58363 0.39042 -0.71200
vn 0.65061 0.39042 -0.65137
vn 0.71132 0.39042 -0.58446
vn 0.76518 0.39043 -0.51192
vn 0.81168 0.39042 -0.43446
vn 0.85035 0.39042 -0.35280
vn 0.88084 0.39043 -0.26776
vn 0.90284 0.39043 -0.18013
vn 0.91615 0.39043 -0.09077
vn 0.92063 0.39043 -0.00053
vn 0.83894 0.53802 0.08189
vn 0.82688 0.53802 0.16372
vn 0.80685 0.53802 0.24399
vn 0.77905 0.53802 0.32190
vn 0.74374 0.53803 0.39670
vn 0.70128 0.53803 0.46769
vn 0.65206 0.53803 0.53418
vn 0.59656 0.53803 0.59552
vn 0.53532 0.53803 0.65112
vn 0.46892 0.53802 0.70046
vn 0.39800 0.53802 0.74305
vn 0.32326 0.53802 0.77849
vn 0.24539 0.53802 0.80642
vn 0.16517 0.53802 0.82659
vn 0.08335 0.53803 0.83880
vn 0.00074 0.53803 0.84293
vn -0.08189 0.53802 0.83894
vn -0.16373 0.53803 0.82688
vn -0.24398 0.53802 0.80685
vn -0.32190 0.53802 0.77905
vn -0.39671 0.53802 0.74375
vn -0.46770 0.53802 0.70128
vn -0.53418 0.53802 0.65206
vn -0.59552 0.53802 0.59656
vn -0.65112 0.53803 0.53532
vn -0.70046 0.53802 0.46892
vn -0.74305 0.53802 0.39800
vn -0.77848 0.53803 0.32325
vn -0.80642 0.53802 0.24539
vn -0.82659 0.53802 0.16517
vn -0.83880 0.53802 0.08335
vn -0.84293 0.53802 0.00074
vn -0.83894 0.53802 -0.08189
vn -0.82688 0.53802 -0.16373
vn -0.80685 0.53802 -0.24399
vn -0.77905 0.53802 -0.32189
vn -0.74374 0.53802 -0.39671
vn -0.70128 0.53802 -0.46769
vn -0.65206 0.53802 -0.53418
vn -0.59656 0.53802 -0.59552
vn -0.53532 0.53802 -0.65113
vn -0.46892 0.53802 -0.70046
vn -0.39800 0.53802 -0.74305
vn -0.32326 0.53802 -0.77848
vn -0.24539 0.53802 -0.80642
vn -0.16517 0.53802 -0.82659
vn -0.08335 0.53802 -0.83880
vn -0.00074 0.53802 -0.84293
vn 0.08189 0.53802 -0.83894
vn 0.16373 0.53802 -0.82688
vn 0.24399 0.53802 -0.80685
vn 0.32190 0.53802 -0.77905
vn 0.39671 0.53802 -0.74375
vn 0.46770 0.53802 -0.70128
vn 0.53418 0.53803 -0.65206
vn 0.59552 0.53803 -0.59656
vn 0.65112 0.53803 -0.53532
vn 0.70046 0.53802 -0.46892
vn 0.74305 0.53803 -0.39800
vn 0.77849 0.53802 -0.32326
vn 0.80642 0.53802 -0.24539
vn 0.82659 0.53802 -0.16517
vn 0.83880 0.53802 -0.08335
vn 0.84293 0.53802 -0.00074
vn 0.73829 0.67065 0.07179
vn 0.72770 0.67065 0.14381
vn 0.71010 0.67065 0.21445
vn 0.68566 0.67065 0.28301
vn 0.65462 0.67065 0.34886
vn 0.61727 0.67065 0.41134
vn 0.57398 0.67065 0.46986
vn 0.52516 0.67065 0.52386
vn 0.47128 0.67066 0.57281
vn 0.41287 0.67066 0.61625
vn 0.35048 0.67065 0.65375
vn 0.28471 0.67065 0.68495
vn 0.21620 0.67065 0.70956
vn 0.14561 0.67065 0.72734
vn 0.07362 0.67065 0.73811
vn 0.00092 0.67065 0.74177
vn -0.07179 0.67065 0.73829
vn -0.14381 0.67065 0.72770
vn -0.21445 0.67065 0.71010
vn -0.28302 0.67065 0.68566
vn -0.34886 0.67065 0.65461
vn -0.41134 0.67065 0.61727
vn -0.46986 0.67065 0.57398
vn -0.52386 0.67065 0.52516
vn -0.57281 0.67065 0.47128
vn -0.61625 0.67065 0.41287
vn -0.65375 0.67065 0.35048
vn -0.68496 0.67065 0.28471
vn -0.70956 0.67065 0.21620
vn -0.72734 0.67065 0.14561
vn -0.73811 0.67065 0.07362
vn -0.74177 0.67065 0.00092
vn -0.73829 0.67065 -0.07179
vn -0.72770 0.67065 -0.14381
vn -0.71010 0.67065 -0.21445
vn -0.68566 0.67065 -0.28302
vn -0.65462 0.67065 -0.34886
vn -0.61727 0.67065 -0.41134
vn -0.57398 0.67065 -0.46986
vn -0.52516 0.67065 -0.52386
vn -0.47128 0.67065 -0.57281
vn -0.41287 0.67065 -0.61625
vn -0.35048 0.67065 -0.65375
vn -0.28471 0.67065 -0.68496
vn -0.21620 0.67065 -0.70956
vn -0.14561 0.67065 -0.72734
vn -0.07362 0.67065 -0.73811
vn -0.00092 0.67065 -0.74177
vn 0.07179 0.67065 -0.73829
vn 0.14381 0.67065 -0.72770
vn 0.21445 0.67065 -0.71010
vn 0.28302 0.67065 -0.68566
vn 0.34886 0.67065 -0.65462
vn 0.41134 0.67065 -0.61727
vn 0.46987 0.67065 -0.57398
vn 0.52386 0.67065 -0.52516
vn 0.57281 0.67066 -0.47128
vn 0.61625 0.67066 -0.41287
vn 0.65375 0.67065 -0.35048
vn 0.68496 0.67065 -0.28471
vn 0.70956 0.67065 -0.21620
vn 0.72734 0.67065 -0.14561
vn 0.73811 0.67065 -0.07362
vn 0.74177 0.67065 -0.00092
vn 0.61709 0.78462 0.05970
vn 0.60827 0.78462 0.11990
vn 0.59359 0.78462 0.17894
vn 0.57319 0.78462 0.23626
vn 0.54727 0.78462 0.29131
vn 0.51609 0.78462 0.34355
vn 0.47993 0.78462 0.39248
vn 0.43915 0.78462 0.43763
vn 0.39414 0.78462 0.47857
vn 0.34533 0.78462 0.51489
vn 0.29320 0.78463 0.54626
vn 0.23825 0.78462 0.57237
vn 0.18100 0.78462 0.59297
vn 0.12200 0.78462 0.60785
vn 0.06184 0.78462 0.61688
vn 0.00107 0.78462 0.61997
vn -0.05970 0.78462 0.61709
vn -0.11990 0.78462 0.60827
vn -0.17894 0.78462 0.59359
vn -0.23626 0.78462 0.57319
vn -0.29131 0.78462 0.54727
vn -0.34354 0.78462 0.51608
vn -0.39248 0.78462 0.47993
vn -0.43763 0.78462 0.43915
vn -0.47856 0.78462 0.39414
vn -0.51489 0.78462 0.34533
vn -0.54626 0.78462 0.29320
vn -0.57237 0.78462 0.23825
vn -0.59297 0.78462 0.18100
vn -0.60785 0.78462 0.12200
vn -0.61688 0.78462 0.06184
vn -0.61997 0.78462 0.00107
vn -0.61709 0.78462 -0.05970
vn -0.60827 0.78462 -0.11990
vn -0.59359 0.78462 -0.17894
vn -0.57319 0.78462 -0.23626
vn -0.54727 0.78462 -0.29131
vn -0.51609 0.78462 -0.34355
vn -0.47993 0.78462 -0.39248
vn -0.43915 0.78462 -0.43763
vn -0.39414 0.78462 -0.47856
vn -0.34533 0.78462 -0.51489
vn -0.29320 0.78462 -0.54626
vn -0.23825 0.78462 -0.57237
vn -0.18100 0.78462 -0.59296
vn -0.12200 0.78462 -0.60785
vn -0.06184 0.78462 -0.61688
vn -0.00107 0.78462 -0.61997
vn 0.05970 0.78462 -0.61709
vn 0.11990 0.78462 -0.60827
vn 0.17894 0.78462 -0.59359
vn 0.23626 0.78462 -0.57319
vn 0.29130 0.78462 -0.54727
vn 0.34354 0.78462 -0.51608
vn 0.39248 0.78462 -0.47993
vn 0.43763 0.78462 -0.43915
vn 0.47857 0.78462 -0.39414
vn 0.51489 0.78462 -0.34533
vn 0.54626 0.78462 -0.29320
vn 0.57237 0.78462 -0.23825
vn 0.59297 0.78462 -0.18100
vn 0.60785 0.78462 -0.12200
vn 0.61688 0.78462 -0.06184
vn 0.61997 0.78462 -0.00107
vn 0.47873 0.87676 0.04594
vn 0.47192 0.87676 0.09265
vn 0.46057 0.87676 0.13846
vn 0.44478 0.87676 0.18293
vn 0.42471 0.87676 0.22565
vn 0.40054 0.87676 0.26619
vn 0.37252 0.87676 0.30417
vn 0.34091 0.87676 0.33922
vn 0.30602 0.87676 0.37100
vn 0.26819 0.87676 0.39921
vn 0.22777 0.87676 0.42357
vn 0.18515 0.87676 0.44386
vn 0.14076 0.87676 0.45987
vn 0.09500 0.87676 0.47145
vn 0.04833 0.87676 0.47849
vn 0.00120 0.87676 0.48093
vn -0.04594 0.87676 0.47873
vn -0.09265 0.87676 0.47192
vn -0.13846 0.87676 0.46057
vn -0.18293 0.87676 0.44478
vn -0.22565 0.87676 0.42471
vn -0.26619 0.87676 0.40054
vn -0.30417 0.87676 0.37252
vn -0.33922 0.87676 0.34092
vn -0.37100 0.87676 0.30602
vn -0.39921 0.87676 0.26819
vn -0.42357 0.87676 0.22777
vn -0.44386 0.87676 0.18515
vn -0.45987 0.87676 0.14075
vn -0.47145 0.87676 0.09500
vn -0.47849 0.87676 0.04833
vn -0.48093 0.87676 0.00120
vn -0.47873 0.87676 -0.04594
vn -0.47192 0.87676 -0.09265
vn -0.46057 0.87676 -0.13846
vn -0.44478 0.87676 -0.18293
vn -0.42471 0.87676 -0.22565
vn -0.40054 0.87676 -0.26619
vn -0.37252 0.87676 -0.30417
vn -0.34092 0.87676 -0.33922
vn -0.30602 0.87676 -0.37100
vn -0.26819 0.87676 -0.39921
vn -0.22777 0.87676 -0.42357
vn -0.18515 0.87676 -0.44386
vn -0.14075 0.87676 -0.45987
vn -0.09500 0.87676 -0.47145
vn -0.04833 0.87676 -0.47849
vn -0.00120 0.87676 -0.48093
vn 0.04594 0.87676 -0.47873
vn 0.09265 0.87676 -0.47192
vn 0.13846 0.87676 -0.46057
vn 0.18293 0.87676 -0.44478
vn 0.22565 0.87676 -0.42471
vn 0.26619 0.87676 -0.40054
vn 0.30417 0.87676 -0.37252
vn 0.33922 0.87676 -0.34092
vn 0.37100 0.87676 -0.30602
vn 0.39921 0.87676 -0.26819
vn 0.42358 0.87676 -0.22777
vn 0.44386 0.87676 -0.18515
vn 0.45987 0.87676 -0.14076
vn 0.47145 0.87676 -0.09500
vn 0.47849 0.87676 -0.04833
vn 0.48093 0.87676 -0.00120
vn 0.32705 0.94450 0.03091
vn 0.32244 0.94450 0.06282
vn 0.31473 0.94450 0.09412
vn 0.30399 0.94450 0.12452
vn 0.29032 0.94450 0.15371
vn 0.27386 0.94450 0.18143
vn 0.25476 0.94450 0.20740
vn 0.23320 0.94450 0.23137
vn 0.20940 0.94450 0.25311
vn 0.18358 0.94450 0.27242
vn 0.15600 0.94450 0.28910
vn 0.12691 0.94450 0.30300
vn 0.09660 0.94450 0.31398
vn 0.06536 0.94450 0.32194
vn 0.03349 0.94450 0.32679
vn 0.00129 0.94450 0.32850
vn -0.03091 0.94450 0.32705
vn -0.06282 0.94450 0.32244
vn -0.09412 0.94450 0.31473
vn -0.12452 0.94450 0.30399
vn -0.15371 0.94450 0.29032
vn -0.18143 0.94450 0.27386
vn -0.20740 0.94450 0.25476
vn -0.23137 0.94450 0.23320
vn -0.25311 0.94450 0.20940
vn -0.27242 0.94450 0.18358
vn -0.28910 0.94450 0.15600
vn -0.30300 0.94450 0.12691
vn -0.31398 0.94450 0.09660
vn -0.32194 0.94450 0.06536
vn -0.32679 0.94450 0.03349
vn -0.32850 0.94450 0.00129
vn -0.32705 0.94450 -0.03091
vn -0.32244 0.94450 -0.06282
vn -0.31473 0.94450 -0.09412
vn -0.30399 0.94450 -0.12452
vn -0.29032 0.94450 -0.15371
vn -0.27386 0.94450 -0.18143
vn -0.25476 0.94450 -0.20740
vn -0.23320 0.94450 -0.23137
vn -0.20940 0.94450 -0.25311
vn -0.18358 0.94450 -0.27242
vn -0.15600 0.94450 -0.28910
vn -0.12691 0.94450 -0.30300
vn -0.09660 0.94450 -0.31398
vn -0.06536 0.94450 -0.32194
vn -0.03349 0.94450 -0.32679
vn -0.00129 0.94450 -0.32850
vn 0.03091 0.94450 -0.32705
vn 0.06282 0.94450 -0.32244
vn 0.09412 0.94450 -0.31473
vn 0.12452 0.94450 -0.30399
vn 0.15371 0.94450 -0.29032
vn 0.18143 0.94450 -0.27386
vn 0.20740 0.94450 -0.25476
vn 0.23137 0.94450 -0.23320
vn 0.25311 0.94450 -0.20940
vn 0.27242 0.94450 -0.18358
vn 0.28910 0.94450 -0.15600
vn 0.30300 0.94450 -0.12691
vn 0.31398 0.94450 -0.09660
vn 0.32194 0.94450 -0.06536
vn 0.32679 0.94450 -0.03349
vn 0.32850 0.94450 -0.00129
vn 0.16627 0.98597 0.01502
vn 0.16399 0.98597 0.03124
vn 0.16014 0.98597 0.04717
vn 0.15475 0.98597 0.06264
vn 0.14786 0.98597 0.07750
vn 0.13955 0.98597 0.09162
vn 0.12990 0.98597 0.10486
vn 0.11900 0.98597 0.11709
vn 0.10695 0.98597 0.12819
vn 0.09387 0.98597 0.13805
vn 0.07989 0.98597 0.14659
vn 0.06513 0.98597 0.15371
vn 0.04975 0.98597 0.15936
vn 0.03389 0.98597 0.16347
vn 0.01771 0.98597 0.16600
vn 0.00135 0.98597 0.16694
vn -0.01502 0.98597 0.16627
vn -0.03124 0.98597 0.16400
vn -0.04717 0.98597 0.16014
vn -0.06264 0.98597 0.15475
vn -0.07750 0.98597 0.14786
vn -0.09162 0.98597 0.13956
vn -0.10486 0.98597 0.12990
vn -0.11709 0.98597 0.11900
vn -0.12819 0.98597 0.10695
vn -0.13805 0.98597 0.09387
vn -0.14659 0.98597 0.07989
vn -0.15371 0.98597 0.06513
vn -0.15936 0.98597 0.04975
vn -0.16347 0.98597 0.03389
vn -0.16600 0.98597 0.01771
vn -0.16694 0.98597 0.00135
vn -0.16627 0.98597 -0.01502
vn -0.16400 0.98597 -0.03124
vn -0.16014 0.98597 -0.04717
vn -0.15475 0.98597 -0.06264
vn -0.14786 0.98597 -0.07750
vn -0.13956 0.98597 -0.09162
vn -0.12990 0.98597 -0.10486
vn -0.11900 0.98597 -0.11709
vn -0.10695 0.98597 -0.12819
vn -0.09387 0.98597 -0.13805
vn -0.07989 0.98597 -0.14659
vn -0.06513 0.98597 -0.15371
vn -0.04975 0.98597 -0.15936
vn -0.03389 0.98597 -0.16347
vn -0.01771 0.98597 -0.16600
vn -0.00135 0.98597 -0.16694
vn 0.01502 0.98597 -0.16627
vn 0.03124 0.98597 -0.16400
vn 0.04717 0.98597 -0.16014
vn 0.06264 0.98597 -0.15475
vn 0.07750 0.98597 -0.14786
vn 0.09162 0.98597 -0.13956
vn 0.10486 0.98597 -0.12990
vn 0.11709 0.98597 -0.11900
vn 0.12819 0.98597 -0.10695
vn 0.13805 0.98597 -0.09387
vn 0.14659 0.98597 -0.07989
vn 0.15371 0.98597 -0.06513
vn 0.15936 0.98597 -0.04975
vn 0.16347 0.98597 -0.03389
vn 0.16600 0.98597 -0.01771
vn 0.16694 0.98597 -0.00135
vn 0.05036 0.99872 0.00413
vn 0.04971 0.99872 0.00904
vn 0.04859 0.99872 0.01387
vn 0.04699 0.99872 0.01857
vn 0.04495 0.99872 0.02309
vn 0.03539 0.99911 0.02282
vn 0.03958 0.99872 0.03141
vn 0.03631 0.99872 0.03514
vn 0.01257 0.99981 0.01482
vn 0.02876 0.99872 0.04155
vn 0.02455 0.99872 0.04417
vn 0.01436 0.99935 0.03311
vn 0.01546 0.99872 0.04811
vn 0.01067 0.99872 0.04939
vn 0.00578 0.99872 0.05020
vn 0.00083 0.99872 0.05052
vn -0.00516 0.99800 0.06294
vn -0.00502 0.99961 0.02762
vn -0.01387 0.99872 0.04859
vn -0.01161 0.99950 0.02937
vn -0.02309 0.99872 0.04495
vn -0.02738 0.99872 0.04247
vn -0.03141 0.99872 0.03958
vn -0.03514 0.99872 0.03631
vn -0.03853 0.99872 0.03269
vn -0.04155 0.99872 0.02876
vn -0.03681 0.99911 0.02045
vn -0.04636 0.99872 0.02010
vn -0.04811 0.99872 0.01546
vn -0.04939 0.99872 0.01067
vn -0.05020 0.99872 0.00578
vn -0.05052 0.99872 0.00083
vn -0.04197 0.99911 -0.00344
vn -0.04971 0.99872 -0.00904
vn -0.04859 0.99872 -0.01387
vn -0.04699 0.99872 -0.01857
vn -0.03746 0.99911 -0.01924
vn -0.04247 0.99872 -0.02738
vn -0.01522 0.99981 -0.01208
vn -0.03631 0.99872 -0.03514
vn -0.03269 0.99872 -0.03853
vn -0.02876 0.99872 -0.04155
vn -0.02455 0.99872 -0.04417
vn -0.00913 0.99974 -0.02107
vn -0.01932 0.99800 -0.06012
vn -0.01067 0.99872 -0.04939
vn -0.00578 0.99872 -0.05020
vn -0.00083 0.99872 -0.05052
vn 0.00413 0.99872 -0.05036
vn 0.00904 0.99872 -0.04971
vn 0.01387 0.99872 -0.04859
vn 0.00928 0.99968 -0.02349
vn 0.02309 0.99872 -0.04495
vn 0.02738 0.99872 -0.04247
vn 0.03141 0.99872 -0.03958
vn 0.03514 0.99872 -0.03631
vn 0.03853 0.99872 -0.03269
vn 0.04155 0.99872 -0.02876
vn 0.03681 0.99911 -0.02046
vn 0.04636 0.99872 -0.02010
vn 0.04811 0.99872 -0.01546
vn 0.04939 0.99872 -0.01067
vn 0.05020 0.99872 -0.00578
vn 0.04210 0.99911 -0.00069
vn 0.83139 -0.55540 0.01779
vn 0.82229 -0.55540 0.12396
vn 0.00000 -1.00000 0.00000
vn 0.77731 -0.55540 -0.29550
vn 0.80871 -0.55540 -0.19368
vn 0.82684 -0.55540 -0.08867
vn 0.60961 -0.55540 -0.56560
vn 0.67693 -0.55540 -0.48301
vn 0.73314 -0.55540 -0.39248
vn 0.35280 -0.55540 -0.75303
vn 0.44620 -0.55540 -0.70174
vn 0.53227 -0.55540 -0.63891
vn 0.04443 -0.55540 -0.83039
vn 0.15025 -0.55540 -0.81789
vn 0.25361 -0.55540 -0.79197
vn -0.27044 -0.55540 -0.78638
vn -0.16766 -0.55540 -0.81451
vn -0.06212 -0.55540 -0.82926
vn -0.54577 -0.55540 -0.62742
vn -0.46106 -0.55540 -0.69206
vn -0.36878 -0.55540 -0.74534
vn -0.74134 -0.55540 -0.37676
vn -0.68707 -0.55540 -0.46846
vn -0.62153 -0.55540 -0.55248
vn -0.82854 -0.55540 -0.07102
vn -0.81266 -0.55540 -0.17639
vn -0.78343 -0.55540 -0.27886
vn -0.79464 -0.55540 0.24509
vn -0.81946 -0.55540 0.14146
vn -0.83082 -0.55540 0.03551
vn -0.64459 -0.55540 0.52538
vn -0.70649 -0.55540 0.43864
vn -0.75678 -0.55540 0.34470
vn -0.40033 -0.55540 0.72888
vn -0.49025 -0.55540 0.67171
vn -0.57212 -0.55540 0.60350
vn -0.09754 -0.55540 0.82584
vn -0.20235 -0.55540 0.80659
vn -0.30383 -0.55540 0.77409
vn 0.21950 -0.55540 0.80209
vn 0.11513 -0.55540 0.82357
vn 0.00886 -0.55540 0.83153
vn 0.50445 -0.55540 0.66110
vn 0.41577 -0.55540 0.72018
vn 0.32026 -0.55540 0.76744
vn 0.71568 -0.55540 0.42348
vn 0.65565 -0.55540 0.51152
vn 0.58485 -0.55540 0.59117
vn 0.79969 -0.55540 0.22810
vn 0.76395 -0.55540 0.32849

f 1//1 2//2 3//3
f 1//1 4//4 5//5
f 6//6 7//7 8//8
f 9//9 10//10 11//11
f 11//11 10//10 12//12
f 11//11 12//12 13//13
f 13//13 12//12 14//14
f 2//2 1//1 15//15
f 15//15 1//1 5//5
f 15//15 5//5 16//16
f 17//17 18//18 19//19
f 19//19 18//18 20//20
f 19//19 20//20 21//21
f 22//22 23//23 24//24
f 24//24 23//23 25//25
f 24//24 25//25 26//26
f 20//20 27//27 21//21
f 21//21 27//27 28//28
f 21//21 28//28 29//29
f 29//29 28//28 30//30
f 30//30 31//31 29//29
f 29//29 31//31 32//32
f 29//29 32//32 8//8
f 8//8 32//32 33//33
f 8//8 33//33 6//6
f 34//34 35//35 24//24
f 24//24 35//35 36//36
f 24//24 36//36 22//22
f 3//3 37//37 1//1
f 1//1 37//37 38//38
f 1//1 38//38 39//39
f 40//40 41//41 42//42
f 12//12 43//43 44//44
f 45//45 46//46 47//47
f 48//48 49//49 50//50
f 51//51 52//52 53//53
f 39//39 54//54 1//1
f 1//1 54//54 55//55
f 1//1 55//55 34//34
f 34//34 55//55 56//56
f 34//34 56//56 35//35
f 16//16 5//5 57//57
f 57//57 5//5 58//58
f 57//57 58//58 59//59
f 59//59 58//58 60//60
f 59//59 60//60 61//61
f 61//61 60//60 62//62
f 61//61 62//62 42//42
f 42//42 62//62 63//63
f 42//42 63//63 40//40
f 64//64 65//65 12//12
f 12//12 65//65 66//66
f 12//12 66//66 43//43
f 44//44 67//67 12//12
f 12//12 67//67 68//68
f 12//12 68//68 69//69
f 70//70 71//71 45//45
f 45//45 71//71 72//72
f 45//45 72//72 73//73
f 50//50 74//74 48//48
f 48//48 74//74 8//8
f 48//48 8//8 75//75
f 75//75 8//8 7//7
f 75//75 7//7 76//76
f 52//52 77//77 53//53
f 53//53 77//77 78//78
f 53//53 78//78 79//79
f 79//79 80//80 53//53
f 53//53 80//80 81//81
f 53//53 81//81 82//82
f 41//41 83//83 42//42
f 42//42 83//83 84//84
f 42//42 84//84 85//85
f 82//82 86//86 53//53
f 53//53 86//86 87//87
f 53//53 87//87 88//88
f 88//88 89//89 53//53
f 53//53 89//89 26//26
f 53//53 26//26 19//19
f 19//19 26//26 25//25
f 19//19 25//25 17//17
f 90//90 91//91 92//92
f 69//69 93//93 12//12
f 12//12 93//93 94//94
f 12//12 94//94 14//14
f 73//73 95//95 45//45
f 45//45 95//95 96//96
f 45//45 96//96 46//46
f 47//47 97//97 45//45
f 45//45 97//97 98//98
f 45//45 98//98 99//99
f 99//99 100//100 45//45
f 45//45 100//100 101//101
f 45//45 101//101 102//102
f 9//9 103//103 10//10
f 10//10 103//103 104//104
f 10//10 104//104 105//105
f 105//105 104//104 45//45
f 105//105 45//45 106//106
f 106//106 45//45 102//102
f 49//49 107//107 50//50
f 50//50 107//107 108//108
f 50//50 108//108 109//109
f 109//109 108//108 110//110
f 109//109 110//110 70//70
f 70//70 110//110 111//111
f 111//111 112//112 70//70
f 70//70 112//112 113//113
f 70//70 113//113 114//114
f 114//114 115//115 70//70
f 70//70 115//115 116//116
f 70//70 116//116 117//117
f 53//53 118//118 51//51
f 51//51 118//118 119//119
f 51//51 119//119 120//120
f 92//92 121//121 90//90
f 90//90 121//121 122//122
f 90//90 122//122 12//12
f 12//12 122//122 123//123
f 12//12 123//123 64//64
f 76//76 7//7 124//124
f 124//124 7//7 125//125
f 124//124 125//125 126//126
f 127//127 84//84 128//128
f 128//128 84//84 129//129
f 117//117 130//130 70//70
f 70//70 130//130 131//131
f 70//70 131//131 71//71
f 120//120 132//132 51//51
f 51//51 132//132 133//133
f 51//51 133//133 134//134
f 135//135 136//136 84//84
f 84//84 136//136 137//137
f 84//84 137//137 129//129
f 127//127 138//138 84//84
f 84//84 138//138 139//139
f 84//84 139//139 85//85
f 140//140 141//141 142//142
f 126//126 143//143 124//124
f 124//124 143//143 144//144
f 124//124 144//144 142//142
f 142//142 144//144 145//145
f 142//142 145//145 140//140
f 141//141 146//146 142//142
f 142//142 146//146 147//147
f 142//142 147//147 148//148
f 149//149 150//150 151//151
f 152//152 153//153 154//154
f 155//155 156//156 157//157
f 157//157 156//156 158//158
f 157//157 158//158 159//159
f 160//160 161//161 162//162
f 162//162 161//161 163//163
f 162//162 163//163 164//164
f 159//159 165//165 157//157
f 157//157 165//165 166//166
f 157//157 166//166 167//167
f 168//168 169//169 170//170
f 170//170 169//169 171//171
f 170//170 171//171 172//172
f 173//173 174//174 175//175
f 176//176 177//177 178//178
f 168//168 179//179 169//169
f 169//169 179//179 180//180
f 169//169 180//180 155//155
f 155//155 180//180 181//181
f 155//155 181//181 156//156
f 174//174 182//182 175//175
f 175//175 182//182 183//183
f 175//175 183//183 184//184
f 184//184 183//183 185//185
f 161//161 186//186 163//163
f 163//163 186//186 187//187
f 163//163 187//187 188//188
f 187//187 189//189 188//188
f 188//188 189//189 190//190
f 188//188 190//190 191//191
f 191//191 190//190 192//192
f 193//193 194//194 162//162
f 154//154 153//153 195//195
f 196//196 178//178 197//197
f 197//197 178//178 198//198
f 197//197 198//198 199//199
f 196//196 200//200 178//178
f 178//178 200//200 201//201
f 178//178 201//201 202//202
f 194//194 203//203 162//162
f 162//162 203//203 204//204
f 162//162 204//204 160//160
f 177//177 167//167 178//178
f 178//178 167//167 166//166
f 178//178 166//166 154//154
f 154//154 166//166 205//205
f 154//154 205//205 152//152
f 206//206 151//151 207//207
f 206//206 208//208 151//151
f 151//151 208//208 209//209
f 151//151 209//209 149//149
f 153//153 210//210 195//195
f 195//195 210//210 211//211
f 195//195 211//211 162//162
f 162//162 211//211 212//212
f 162//162 212//212 193//193
f 199//199 213//213 197//197
f 197//197 213//213 214//214
f 197//197 214//214 215//215
f 215//215 214//214 216//216
f 202//202 217//217 178//178
f 178//178 217//217 218//218
f 178//178 218//218 219//219
f 220//220 221//221 150//150
f 150//150 221//221 222//222
f 150//150 222//222 151//151
f 223//223 224//224 184//184
f 184//184 224//224 225//225
f 226//226 227//227 228//228
f 228//228 227//227 229//229
f 226//226 230//230 227//227
f 227//227 230//230 231//231
f 227//227 231//231 192//192
f 192//192 231//231 232//232
f 192//192 232//232 191//191
f 219//219 233//233 178//178
f 178//178 233//233 234//234
f 178//178 234//234 176//176
f 173//173 235//235 236//236
f 225//225 237//237 184//184
f 184//184 237//237 238//238
f 184//184 238//238 239//239
f 227//227 240//240 229//229
f 229//229 240//240 241//241
f 229//229 241//241 242//242
f 242//242 243//243 229//229
f 229//229 243//243 244//244
f 229//229 244//244 245//245
f 246//246 247//247 248//248
f 248//248 247//247 249//249
f 248//248 249//249 250//250
f 251//251 252//252 253//253
f 253//253 252//252 254//254
f 253//253 254//254 255//255
f 255//255 254//254 220//220
f 255//255 220//220 171//171
f 171//171 220//220 150//150
f 171//171 150//150 172//172
f 185//185 256//256 184//184
f 184//184 256//256 257//257
f 184//184 257//257 258//258
f 239//239 259//259 184//184
f 184//184 259//259 260//260
f 184//184 260//260 261//261
f 262//262 263//263 207//207
f 207//207 263//263 264//264
f 207//207 264//264 265//265
f 265//265 266//266 207//207
f 207//207 266//266 267//267
f 207//207 267//267 206//206
f 245//245 268//268 229//229
f 229//229 268//268 269//269
f 229//229 269//269 270//270
f 271//271 272//272 248//248
f 248//248 272//272 273//273
f 248//248 273//273 246//246
f 250//250 274//274 248//248
f 248//248 274//274 275//275
f 248//248 275//275 276//276
f 277//277 278//278 173//173
f 173//173 279//279 248//248
f 248//248 279//279 280//280
f 248//248 280//280 271//271
f 258//258 281//281 184//184
f 184//184 281//281 282//282
f 184//184 282//282 223//223
f 261//261 283//283 184//184
f 184//184 283//283 284//284
f 184//184 284//284 285//285
f 285//285 284//284 286//286
f 251//251 253//253 276//276
f 276//276 253//253 287//287
f 276//276 287//287 248//248
f 175//175 288//288 173//173
f 173//173 288//288 289//289
f 173//173 289//289 290//290
f 278//278 291//291 173//173
f 173//173 291//291 292//292
f 173//173 292//292 235//235
f 236//236 293//293 173//173
f 173//173 293//293 294//294
f 173//173 294//294 279//279
f 290//290 295//295 173//173
f 173//173 295//295 296//296
f 173//173 296//296 277//277
f 238//238 66//66 65//65
f 238//238 65//65 239//239
f 239//239 65//65 64//64
f 239//239 64//64 259//259
f 259//259 64//64 123//123
f 259//259 123//123 260//260
f 260//260 123//123 122//122
f 260//260 122//122 261//261
f 261//261 122//122 121//121
f 261//261 121//121 283//283
f 283//283 121//121 92//92
f 283//283 92//92 284//284
f 284//284 92//92 91//91
f 284//284 91//91 286//286
f 286//286 91//91 90//90
f 286//286 90//90 285//285
f 285//285 90//90 12//12
f 285//285 12//12 184//184
f 47//47 292//292 291//291
f 47//47 291//291 97//97
f 97//97 291//291 278//278
f 97//97 278//278 98//98
f 98//98 278//278 277//277
f 98//98 277//277 99//99
f 99//99 277//277 296//296
f 99//99 296//296 100//100
f 100//100 296//296 295//295
f 100//100 295//295 101//101
f 101//101 295//295 290//290
f 101//101 290//290 102//102
f 102//102 290//290 289//289
f 102//102 289//289 106//106
f 106//106 289//289 288//288
f 106//106 288//288 105//105
f 105//105 288//288 175//175
f 105//105 175//175 10//10
f 297//297 298//298 299//299
f 297//297 299//299 300//300
f 300//300 299//299 301//301
f 300//300 301//301 302//302
f 302//302 301//301 303//303
f 302//302 303//303 304//304
f 304//304 303//303 305//305
f 304//304 305//305 306//306
f 306//306 305//305 307//307
f 306//306 307//307 308//308
f 42//42 227//227 192//192
f 42//42 192//192 61//61
f 61//61 192//192 190//190
f 61//61 190//190 59//59
f 59//59 190//190 189//189
f 59//59 189//189 57//57
f 57//57 189//189 187//187
f 57//57 187//187 16//16
f 16//16 187//187 186//186
f 16//16 186//186 15//15
f 15//15 186//186 161//161
f 15//15 161//161 2//2
f 2//2 161//161 160//160
f 2//2 160//160 3//3
f 3//3 160//160 204//204
f 3//3 204//204 37//37
f 37//37 204//204 203//203
f 37//37 203//203 38//38
f 38//38 203//203 194//194
f 38//38 194//194 39//39
f 39//39 194//194 193//193
f 39//39 193//193 54//54
f 54//54 193//193 212//212
f 54//54 212//212 55//55
f 55//55 212//212 211//211
f 55//55 211//211 56//56
f 56//56 211//211 210//210
f 56//56 210//210 35//35
f 35//35 210//210 153//153
f 35//35 153//153 36//36
f 36//36 153//153 152//152
f 36//36 152//152 22//22
f 22//22 152//152 205//205
f 22//22 205//205 23//23
f 23//23 205//205 166//166
f 23//23 166//166 25//25
f 297//297 1//1 34//34
f 51//51 217//217 202//202
f 195//195 162//162 298//298
f 51//51 202//202 52//52
f 52//52 202//202 201//201
f 52//52 201//201 77//77
f 77//77 201//201 200//200
f 77//77 200//200 78//78
f 78//78 200//200 196//196
f 78//78 196//196 79//79
f 79//79 196//196 197//197
f 79//79 197//197 80//80
f 80//80 197//197 215//215
f 80//80 215//215 81//81
f 81//81 215//215 216//216
f 81//81 216//216 82//82
f 82//82 216//216 214//214
f 82//82 214//214 86//86
f 86//86 214//214 213//213
f 86//86 213//213 87//87
f 87//87 213//213 199//199
f 87//87 199//199 88//88
f 88//88 199//199 198//198
f 88//88 198//198 89//89
f 89//89 198//198 178//178
f 89//89 178//178 26//26
f 26//26 178//178 154//154
f 26//26 154//154 24//24
f 24//24 154//154 195//195
f 24//24 195//195 34//34
f 34//34 195//195 298//298
f 34//34 298//298 297//297
f 5//5 309//309 308//308
f 310//310 163//163 307//307
f 307//307 163//163 188//188
f 307//307 188//188 308//308
f 308//308 188//188 58//58
f 308//308 58//58 5//5
f 135//135 270//270 269//269
f 135//135 269//269 136//136
f 136//136 269//269 268//268
f 136//136 268//268 137//137
f 137//137 268//268 245//245
f 137//137 245//245 129//129
f 129//129 245//245 244//244
f 129//129 244//244 128//128
f 128//128 244//244 243//243
f 128//128 243//243 127//127
f 127//127 243//243 242//242
f 127//127 242//242 138//138
f 138//138 242//242 241//241
f 138//138 241//241 139//139
f 139//139 241//241 240//240
f 139//139 240//240 85//85
f 85//85 240//240 227//227
f 85//85 227//227 42//42
f 25//25 166//166 165//165
f 25//25 165//165 17//17
f 17//17 165//165 159//159
f 17//17 159//159 18//18
f 18//18 159//159 158//158
f 18//18 158//158 20//20
f 20//20 158//158 156//156
f 20//20 156//156 27//27
f 27//27 156//156 181//181
f 27//27 181//181 28//28
f 28//28 181//181 180//180
f 28//28 180//180 30//30
f 30//30 180//180 179//179
f 30//30 179//179 31//31
f 31//31 179//179 168//168
f 31//31 168//168 32//32
f 32//32 168//168 170//170
f 32//32 170//170 33//33
f 33//33 170//170 172//172
f 33//33 172//172 6//6
f 6//6 172//172 150//150
f 6//6 150//150 7//7
f 7//7 150//150 149//149
f 7//7 149//149 125//125
f 125//125 149//149 209//209
f 125//125 209//209 126//126
f 126//126 209//209 208//208
f 126//126 208//208 143//143
f 143//143 208//208 206//206
f 143//143 206//206 144//144
f 144//144 206//206 267//267
f 144//144 267//267 145//145
f 145//145 267//267 266//266
f 145//145 266//266 140//140
f 140//140 266//266 265//265
f 140//140 265//265 141//141
f 141//141 265//265 264//264
f 141//141 264//264 146//146
f 146//146 264//264 263//263
f 146//146 263//263 147//147
f 147//147 263//263 262//262
f 147//147 262//262 148//148
f 148//148 262//262 207//207
f 148//148 207//207 142//142
f 142//142 207//207 151//151
f 142//142 151//151 124//124
f 124//124 151//151 76//76
f 76//76 151//151 222//222
f 76//76 222//222 75//75
f 75//75 222//222 221//221
f 75//75 221//221 48//48
f 48//48 221//221 220//220
f 48//48 220//220 49//49
f 49//49 220//220 254//254
f 49//49 254//254 107//107
f 107//107 254//254 252//252
f 107//107 252//252 108//108
f 108//108 252//252 251//251
f 108//108 251//251 110//110
f 110//110 251//251 276//276
f 110//110 276//276 111//111
f 111//111 276//276 275//275
f 111//111 275//275 112//112
f 112//112 275//275 274//274
f 112//112 274//274 113//113
f 113//113 274//274 250//250
f 113//113 250//250 114//114
f 114//114 250//250 249//249
f 114//114 249//249 115//115
f 115//115 249//249 247//247
f 115//115 247//247 116//116
f 116//116 247//247 246//246
f 116//116 246//246 117//117
f 117//117 246//246 273//273
f 47//47 46//46 292//292
f 292//292 46//46 235//235
f 238//238 237//237 66//66
f 66//66 237//237 43//43
f 13//13 256//256 11//11
f 11//11 256//256 185//185
f 11//11 185//185 9//9
f 9//9 185//185 183//183
f 9//9 183//183 103//103
f 103//103 183//183 182//182
f 103//103 182//182 104//104
f 104//104 182//182 174//174
f 104//104 174//174 45//45
f 45//45 174//174 173//173
f 45//45 173//173 70//70
f 70//70 173//173 248//248
f 70//70 248//248 109//109
f 109//109 248//248 287//287
f 109//109 287//287 50//50
f 50//50 287//287 253//253
f 50//50 253//253 74//74
f 74//74 253//253 255//255
f 74//74 255//255 8//8
f 8//8 255//255 171//171
f 8//8 171//171 29//29
f 29//29 171//171 169//169
f 29//29 169//169 21//21
f 21//21 169//169 155//155
f 21//21 155//155 19//19
f 19//19 155//155 157//157
f 19//19 157//157 53//53
f 53//53 157//157 167//167
f 53//53 167//167 177//177
f 53//53 177//177 118//118
f 118//118 177//177 176//176
f 118//118 176//176 119//119
f 119//119 176//176 234//234
f 119//119 234//234 120//120
f 120//120 234//234 233//233
f 120//120 233//233 132//132
f 132//132 233//233 219//219
f 132//132 219//219 133//133
f 133//133 219//219 218//218
f 133//133 218//218 134//134
f 134//134 218//218 217//217
f 134//134 217//217 51//51
f 58//58 188//188 191//191
f 58//58 191//191 60//60
f 60//60 191//191 232//232
f 60//60 232//232 62//62
f 62//62 232//232 231//231
f 62//62 231//231 63//63
f 63//63 231//231 230//230
f 63//63 230//230 40//40
f 40//40 230//230 226//226
f 40//40 226//226 41//41
f 41//41 226//226 228//228
f 41//41 228//228 83//83
f 83//83 228//228 229//229
f 83//83 229//229 84//84
f 84//84 229//229 270//270
f 84//84 270//270 135//135
f 4//4 1//1 311//311
f 311//311 1//1 297//297
f 5//5 4//4 309//309
f 309//309 4//4 311//311
f 306//306 308//308 309//309
f 306//306 309//309 304//304
f 311//311 297//297 300//300
f 311//311 300//300 309//309
f 309//309 300//300 302//302
f 309//309 302//302 304//304
f 164//164 163//163 312//312
f 312//312 163//163 310//310
f 162//162 164//164 298//298
f 298//298 164//164 312//312
f 298//298 312//312 299//299
f 299//299 312//312 310//310
f 310//310 307//307 305//305
f 305//305 303//303 310//310
f 310//310 303//303 301//301
f 310//310 301//301 299//299
f 43//43 237//237 225//225
f 43//43 225//225 44//44
f 44//44 225//225 224//224
f 44//44 224//224 67//67
f 67//67 224//224 223//223
f 67//67 223//223 68//68
f 68//68 223//223 282//282
f 68//68 282//282 69//69
f 69//69 282//282 281//281
f 69//69 281//281 93//93
f 93//93 281//281 258//258
f 93//93 258//258 94//94
f 94//94 258//258 257//257
f 94//94 257//257 14//14
f 14//14 257//257 256//256
f 14//14 256//256 13//13
f 117//117 273//273 272//272
f 117//117 272//272 130//130
f 130//130 272//272 271//271
f 130//130 271//271 131//131
f 131//131 271//271 280//280
f 131//131 280//280 71//71
f 71//71 280//280 279//279
f 71//71 279//279 72//72
f 72//72 279//279 294//294
f 72//72 294//294 73//73
f 73//73 294//294 293//293
f 73//73 293//293 95//95
f 95//95 293//293 236//236
f 95//95 236//236 96//96
f 96//96 236//236 235//235
f 96//96 235//235 46//46
f 313//313 314//314 315//315
f 316//316 317//317 318//318
f 319//319 320//320 321//321
f 322//322 323//323 324//324
f 325//325 326//326 327//327
f 328//328 329//329 330//330
f 331//331 332//332 333//333
f 333//333 332//332 334//334
f 333//333 334//334 335//335
f 335//335 334//334 336//336
f 336//336 334//334 337//337
f 336//336 337//337 338//338
f 339//339 340//340 341//341
f 341//341 342//342 339//339
f 339//339 342//342 343//343
f 339//339 343//343 337//337
f 337//337 343//343 344//344
f 337//337 344//344 338//338
f 345//345 346//346 347//347
f 347//347 346//346 348//348
f 347//347 348//348 340//340
f 340//340 348//348 349//349
f 340//340 349//349 341//341
f 345//345 347//347 350//350
f 350//350 347//347 351//351
f 350//350 351//351 352//352
f 352//352 351//351 353//353
f 352//352 353//353 354//354
f 330//330 329//329 353//353
f 353//353 329//329 355//355
f 353//353 355//355 354//354
f 328//328 330//330 356//356
f 356//356 330//330 357//357
f 356//356 357//357 358//358
f 359//359 360//360 361//361
f 361//361 362//362 359//359
f 359//359 362//362 363//363
f 359//359 363//363 357//357
f 357//357 363//363 364//364
f 357//357 364//364 358//358
f 365//365 366//366 367//367
f 367//367 366//366 368//368
f 367//367 368//368 360//360
f 360//360 368//368 369//369
f 360//360 369//369 361//361
f 365//365 367//367 370//370
f 370//370 367//367 371//371
f 370//370 371//371 372//372
f 372//372 371//371 373//373
f 372//372 373//373 374//374
f 327//327 326//326 373//373
f 373//373 326//326 375//375
f 373//373 375//375 374//374
f 325//325 327//327 376//376
f 376//376 327//327 377//377
f 376//376 377//377 378//378
f 379//379 380//380 381//381
f 381//381 382//382 379//379
f 379//379 382//382 383//383
f 379//379 383//383 377//377
f 377//377 383//383 384//384
f 377//377 384//384 378//378
f 385//385 386//386 387//387
f 387//387 386//386 388//388
f 387//387 388//388 380//380
f 380//380 388//388 389//389
f 380//380 389//389 381//381
f 385//385 387//387 390//390
f 390//390 387//387 391//391
f 390//390 391//391 392//392
f 392//392 391//391 393//393
f 392//392 393//393 394//394
f 324//324 323//323 393//393
f 393//393 323//323 395//395
f 393//393 395//395 394//394
f 322//322 324//324 396//396
f 396//396 324//324 397//397
f 396//396 397//397 398//398
f 399//399 400//400 401//401
f 401//401 402//402 399//399
f 399//399 402//402 403//403
f 399//399 403//403 397//397
f 397//397 403//403 404//404
f 397//397 404//404 398//398
f 405//405 406//406 407//407
f 407//407 406//406 408//408
f 407//407 408//408 400//400
f 400//400 408//408 409//409
f 400//400 409//409 401//401
f 405//405 407//407 410//410
f 410//410 407//407 411//411
f 410//410 411//411 412//412
f 412//412 411//411 413//413
f 412//412 413//413 414//414
f 321//321 320//320 413//413
f 413//413 320//320 415//415
f 413//413 415//415 414//414
f 319//319 321//321 416//416
f 416//416 321//321 417//417
f 416//416 417//417 418//418
f 419//419 420//420 421//421
f 421//421 422//422 419//419
f 419//419 422//422 423//423
f 419//419 423//423 417//417
f 417//417 423//423 424//424
f 417//417 424//424 418//418
f 425//425 426//426 427//427
f 427//427 426//426 428//428
f 427//427 428//428 420//420
f 420//420 428//428 429//429
f 420//420 429//429 421//421
f 425//425 427//427 430//430
f 430//430 427//427 431//431
f 430//430 431//431 432//432
f 432//432 431//431 433//433
f 432//432 433//433 434//434
f 318//318 317//317 433//433
f 433//433 317//317 435//435
f 433//433 435//435 434//434
f 316//316 318//318 436//436
f 436//436 318//318 437//437
f 436//436 437//437 438//438
f 439//439 440//440 441//441
f 441//441 442//442 439//439
f 439//439 442//442 443//443
f 439//439 443//443 437//437
f 437//437 443//443 444//444
f 437//437 444//444 438//438
f 445//445 446//446 447//447
f 447//447 446//446 448//448
f 447//447 448//448 440//440
f 440//440 448//448 449//449
f 440//440 449//449 441//441
f 445//445 447//447 450//450
f 450//450 447//447 451//451
f 450//450 451//451 452//452
f 452//452 451//451 453//453
f 452//452 453//453 454//454
f 315//315 314//314 453//453
f 453//453 314//314 455//455
f 453//453 455//455 454//454
f 313//313 315//315 456//456
f 456//456 315//315 457//457
f 456//456 457//457 458//458
f 459//459 460//460 461//461
f 459//459 461//461 462//462
f 461//461 463//463 462//462
f 462//462 463//463 464//464
f 462//462 464//464 457//457
f 457//457 464//464 465//465
f 457//457 465//465 458//458
f 460//460 459//459 466//466
f 466//466 459//459 467//467
f 466//466 467//467 468//468
f 331//331 469//469 332//332
f 332//332 469//469 470//470
f 332//332 470//470 471//471
f 471//471 470//470 472//472
f 471//471 472//472 467//467
f 467//467 472//472 473//473
f 467//467 473//473 468//468
f 474//474 475//475 476//476
f 477//477 478//478 479//479
f 480//480 481//481 482//482
f 483//483 484//484 485//485
f 486//486 487//487 488//488
f 489//489 490//490 491//491
f 492//492 493//493 494//494
f 495//495 496//496 497//497
f 498//498 499//499 500//500
f 501//501 502//502 503//503
f 504//504 505//505 506//506
f 507//507 508//508 509//509
f 510//510 511//511 512//512
f 513//513 514//514 515//515
f 516//516 517//517 518//518
f 519//519 520//520 521//521
f 522//522 523//523 524//524
f 525//525 526//526 527//527
f 528//528 529//529 530//530
f 531//531 532//532 533//533
f 534//534 535//535 536//536
f 537//537 538//538 539//539
f 540//540 541//541 542//542
f 543//543 544//544 545//545
f 546//546 547//547 548//548
f 549//549 550//550 551//551
f 468//468 473//473 552//552
f 464//464 463//463 553//553
f 314//314 313//313 554//554
f 454//454 455//455 555//555
f 446//446 445//445 556//556
f 443//443 442//442 557//557
f 317//317 316//316 558//558
f 434//434 435//435 559//559
f 426//426 425//425 560//560
f 423//423 422//422 561//561
f 320//320 319//319 562//562
f 414//414 415//415 563//563
f 406//406 405//405 564//564
f 403//403 402//402 565//565
f 323//323 322//322 566//566
f 394//394 395//395 567//567
f 386//386 385//385 568//568
f 383//383 382//382 569//569
f 326//326 325//325 570//570
f 374//374 375//375 571//571
f 366//366 365//365 572//572
f 363//363 362//362 573//573
f 329//329 328//328 574//574
f 354//354 355//355 575//575
f 346//346 345//345 576//576
f 343//343 342//342 577//577
f 333//333 335//335 578//578
f 469//469 331//331 579//579
f 343//343 577//577 344//344
f 346//346 576//576 348//348
f 363//363 573//573 364//364
f 366//366 572//572 368//368
f 383//383 569//569 384//384
f 386//386 568//568 388//388
f 403//403 565//565 404//404
f 406//406 564//564 408//408
f 423//423 561//561 424//424
f 426//426 560//560 428//428
f 443//443 557//557 444//444
f 446//446 556//556 448//448
f 464//464 553//553 465//465
f 468//468 552//552 466//466
f 472//472 470//470 580//580
f 580//580 470//470 581//581
f 580//580 581//581 582//582
f 582//582 581//581 583//583
f 582//582 583//583 584//584
f 584//584 583//583 585//585
f 584//584 585//585 586//586
f 586//586 585//585 587//587
f 586//586 587//587 588//588
f 588//588 587//587 589//589
f 588//588 589//589 590//590
f 590//590 589//589 591//591
f 590//590 591//591 592//592
f 592//592 591//591 593//593
f 592//592 593//593 594//594
f 594//594 593//593 595//595
f 594//594 595//595 596//596
f 596//596 595//595 597//597
f 596//596 597//597 598//598
f 598//598 597//597 599//599
f 598//598 599//599 600//600
f 600//600 599//599 601//601
f 600//600 601//601 602//602
f 602//602 601//601 603//603
f 602//602 603//603 604//604
f 604//604 603//603 605//605
f 604//604 605//605 606//606
f 606//606 605//605 607//607
f 606//606 607//607 608//608
f 608//608 607//607 609//609
f 342//342 341//341 577//577
f 577//577 341//341 610//610
f 577//577 610//610 611//611
f 611//611 610//610 612//612
f 611//611 612//612 613//613
f 613//613 612//612 614//614
f 613//613 614//614 615//615
f 615//615 614//614 616//616
f 615//615 616//616 617//617
f 617//617 616//616 618//618
f 617//617 618//618 619//619
f 619//619 618//618 620//620
f 619//619 620//620 621//621
f 621//621 620//620 622//622
f 621//621 622//622 623//623
f 623//623 622//622 624//624
f 623//623 624//624 625//625
f 625//625 624//624 626//626
f 625//625 626//626 627//627
f 627//627 626//626 628//628
f 627//627 628//628 629//629
f 629//629 628//628 630//630
f 629//629 630//630 631//631
f 631//631 630//630 632//632
f 631//631 632//632 633//633
f 633//633 632//632 634//634
f 633//633 634//634 635//635
f 635//635 634//634 636//636
f 635//635 636//636 637//637
f 637//637 636//636 545//545
f 356//356 358//358 638//638
f 638//638 358//358 639//639
f 638//638 639//639 640//640
f 640//640 639//639 641//641
f 640//640 641//641 642//642
f 642//642 641//641 643//643
f 642//642 643//643 644//644
f 644//644 643//643 645//645
f 644//644 645//645 646//646
f 646//646 645//645 647//647
f 646//646 647//647 648//648
f 648//648 647//647 649//649
f 648//648 649//649 650//650
f 650//650 649//649 651//651
f 650//650 651//651 652//652
f 652//652 651//651 653//653
f 652//652 653//653 654//654
f 654//654 653//653 655//655
f 654//654 655//655 656//656
f 656//656 655//655 657//657
f 656//656 657//657 658//658
f 658//658 657//657 659//659
f 658//658 659//659 660//660
f 660//660 659//659 661//661
f 660//660 661//661 662//662
f 662//662 661//661 663//663
f 662//662 663//663 664//664
f 664//664 663//663 665//665
f 664//664 665//665 666//666
f 666//666 665//665 533//533
f 362//362 361//361 573//573
f 573//573 361//361 667//667
f 573//573 667//667 668//668
f 668//668 667//667 669//669
f 668//668 669//669 670//670
f 670//670 669//669 671//671
f 670//670 671//671 672//672
f 672//672 671//671 673//673
f 672//672 673//673 674//674
f 674//674 673//673 675//675
f 674//674 675//675 676//676
f 676//676 675//675 677//677
f 676//676 677//677 678//678
f 678//678 677//677 679//679
f 678//678 679//679 680//680
f 680//680 679//679 681//681
f 680//680 681//681 682//682
f 682//682 681//681 683//683
f 682//682 683//683 684//684
f 684//684 683//683 685//685
f 684//684 685//685 686//686
f 686//686 685//685 687//687
f 686//686 687//687 688//688
f 688//688 687//687 689//689
f 688//688 689//689 690//690
f 690//690 689//689 691//691
f 690//690 691//691 692//692
f 692//692 691//691 693//693
f 692//692 693//693 694//694
f 694//694 693//693 695//695
f 694//694 695//695 696//696
f 369//369 368//368 697//697
f 697//697 368//368 572//572
f 697//697 572//572 698//698
f 698//698 572//572 699//699
f 698//698 699//699 700//700
f 700//700 699//699 701//701
f 700//700 701//701 702//702
f 702//702 701//701 703//703
f 702//702 703//703 704//704
f 704//704 703//703 705//705
f 704//704 705//705 706//706
f 706//706 705//705 707//707
f 706//706 707//707 708//708
f 708//708 707//707 709//709
f 708//708 709//709 710//710
f 710//710 709//709 711//711
f 710//710 711//711 712//712
f 712//712 711//711 713//713
f 712//712 713//713 714//714
f 714//714 713//713 715//715
f 714//714 715//715 716//716
f 716//716 715//715 717//717
f 716//716 717//717 718//718
f 718//718 717//717 719//719
f 718//718 719//719 720//720
f 720//720 719//719 721//721
f 720//720 721//721 722//722
f 722//722 721//721 723//723
f 722//722 723//723 724//724
f 724//724 723//723 725//725
f 376//376 378//378 726//726
f 726//726 378//378 727//727
f 726//726 727//727 728//728
f 728//728 727//727 729//729
f 728//728 729//729 730//730
f 730//730 729//729 731//731
f 730//730 731//731 732//732
f 732//732 731//731 733//733
f 732//732 733//733 734//734
f 734//734 733//733 735//735
f 734//734 735//735 736//736
f 736//736 735//735 737//737
f 736//736 737//737 738//738
f 738//738 737//737 739//739
f 738//738 739//739 740//740
f 740//740 739//739 741//741
f 740//740 741//741 742//742
f 742//742 741//741 743//743
f 742//742 743//743 744//744
f 744//744 743//743 745//745
f 744//744 745//745 746//746
f 746//746 745//745 747//747
f 746//746 747//747 748//748
f 748//748 747//747 749//749
f 748//748 749//749 750//750
f 750//750 749//749 751//751
f 750//750 751//751 752//752
f 752//752 751//751 753//753
f 752//752 753//753 754//754
f 754//754 753//753 755//755
f 754//754 755//755 756//756
f 382//382 381//381 569//569
f 569//569 381//381 757//757
f 569//569 757//757 758//758
f 758//758 757//757 759//759
f 758//758 759//759 760//760
f 760//760 759//759 761//761
f 760//760 761//761 762//762
f 762//762 761//761 763//763
f 762//762 763//763 764//764
f 764//764 763//763 765//765
f 764//764 765//765 766//766
f 766//766 765//765 767//767
f 766//766 767//767 768//768
f 768//768 767//767 769//769
f 768//768 769//769 770//770
f 770//770 769//769 771//771
f 770//770 771//771 772//772
f 772//772 771//771 773//773
f 772//772 773//773 774//774
f 774//774 773//773 775//775
f 774//774 775//775 776//776
f 776//776 775//775 777//777
f 776//776 777//777 778//778
f 778//778 777//777 779//779
f 778//778 779//779 780//780
f 780//780 779//779 781//781
f 780//780 781//781 782//782
f 782//782 781//781 783//783
f 782//782 783//783 784//784
f 784//784 783//783 785//785
f 395//395 323//323 567//567
f 567//567 323//323 566//566
f 567//567 566//566 786//786
f 786//786 566//566 787//787
f 786//786 787//787 788//788
f 788//788 787//787 789//789
f 788//788 789//789 790//790
f 790//790 789//789 791//791
f 790//790 791//791 792//792
f 792//792 791//791 793//793
f 792//792 793//793 794//794
f 794//794 793//793 795//795
f 794//794 795//795 796//796
f 796//796 795//795 797//797
f 796//796 797//797 798//798
f 798//798 797//797 799//799
f 798//798 799//799 800//800
f 800//800 799//799 801//801
f 800//800 801//801 802//802
f 802//802 801//801 803//803
f 802//802 803//803 804//804
f 804//804 803//803 805//805
f 804//804 805//805 806//806
f 806//806 805//805 807//807
f 806//806 807//807 808//808
f 808//808 807//807 809//809
f 808//808 809//809 810//810
f 810//810 809//809 811//811
f 810//810 811//811 812//812
f 812//812 811//811 813//813
f 812//812 813//813 814//814
f 396//396 398//398 815//815
f 815//815 398//398 816//816
f 815//815 816//816 817//817
f 817//817 816//816 818//818
f 817//817 818//818 819//819
f 819//819 818//818 820//820
f 819//819 820//820 821//821
f 821//821 820//820 822//822
f 821//821 822//822 823//823
f 823//823 822//822 824//824
f 823//823 824//824 825//825
f 825//825 824//824 826//826
f 825//825 826//826 827//827
f 827//827 826//826 828//828
f 827//827 828//828 829//829
f 829//829 828//828 830//830
f 829//829 830//830 831//831
f 831//831 830//830 832//832
f 831//831 832//832 833//833
f 833//833 832//832 834//834
f 833//833 834//834 835//835
f 835//835 834//834 836//836
f 835//835 836//836 837//837
f 837//837 836//836 838//838
f 837//837 838//838 839//839
f 839//839 838//838 840//840
f 839//839 840//840 841//841
f 841//841 840//840 842//842
f 841//841 842//842 843//843
f 843//843 842//842 844//844
f 398//398 404//404 816//816
f 816//816 404//404 565//565
f 816//816 565//565 818//818
f 818//818 565//565 845//845
f 818//818 845//845 820//820
f 820//820 845//845 846//846
f 820//820 846//846 822//822
f 822//822 846//846 847//847
f 822//822 847//847 824//824
f 824//824 847//847 848//848
f 824//824 848//848 826//826
f 826//826 848//848 849//849
f 826//826 849//849 828//828
f 828//828 849//849 850//850
f 828//828 850//850 830//830
f 830//830 850//850 851//851
f 830//830 851//851 832//832
f 832//832 851//851 852//852
f 832//832 852//852 834//834
f 834//834 852//852 853//853
f 834//834 853//853 836//836
f 836//836 853//853 854//854
f 836//836 854//854 838//838
f 838//838 854//854 855//855
f 838//838 855//855 840//840
f 840//840 855//855 856//856
f 840//840 856//856 842//842
f 842//842 856//856 857//857
f 842//842 857//857 844//844
f 844//844 857//857 858//858
f 412//412 414//414 859//859
f 859//859 414//414 563//563
f 859//859 563//563 860//860
f 860//860 563//563 861//861
f 860//860 861//861 862//862
f 862//862 861//861 863//863
f 862//862 863//863 864//864
f 864//864 863//863 865//865
f 864//864 865//865 866//866
f 866//866 865//865 867//867
f 866//866 867//867 868//868
f 868//868 867//867 869//869
f 868//868 869//869 870//870
f 870//870 869//869 871//871
f 870//870 871//871 872//872
f 872//872 871//871 873//873
f 872//872 873//873 874//874
f 874//874 873//873 875//875
f 874//874 875//875 876//876
f 876//876 875//875 877//877
f 876//876 877//877 878//878
f 878//878 877//877 879//879
f 878//878 879//879 880//880
f 880//880 879//879 881//881
f 880//880 881//881 882//882
f 882//882 881//881 883//883
f 882//882 883//883 884//884
f 884//884 883//883 885//885
f 884//884 885//885 886//886
f 886//886 885//885 506//506
f 425//425 430//430 560//560
f 560//560 430//430 887//887
f 560//560 887//887 888//888
f 888//888 887//887 889//889
f 888//888 889//889 890//890
f 890//890 889//889 891//891
f 890//890 891//891 892//892
f 892//892 891//891 893//893
f 892//892 893//893 894//894
f 894//894 893//893 895//895
f 894//894 895//895 896//896
f 896//896 895//895 897//897
f 896//896 897//897 898//898
f 898//898 897//897 899//899
f 898//898 899//899 900//900
f 900//900 899//899 901//901
f 900//900 901//901 902//902
f 902//902 901//901 903//903
f 902//902 903//903 904//904
f 904//904 903//903 905//905
f 904//904 905//905 906//906
f 906//906 905//905 907//907
f 906//906 907//907 908//908
f 908//908 907//907 909//909
f 908//908 909//909 910//910
f 910//910 909//909 911//911
f 910//910 911//911 912//912
f 912//912 911//911 913//913
f 912//912 913//913 914//914
f 914//914 913//913 494//494
f 432//432 434//434 915//915
f 915//915 434//434 559//559
f 915//915 559//559 916//916
f 916//916 559//559 917//917
f 916//916 917//917 918//918
f 918//918 917//917 919//919
f 918//918 919//919 920//920
f 920//920 919//919 921//921
f 920//920 921//921 922//922
f 922//922 921//921 923//923
f 922//922 923//923 924//924
f 924//924 923//923 925//925
f 924//924 925//925 926//926
f 926//926 925//925 927//927
f 926//926 927//927 928//928
f 928//928 927//927 929//929
f 928//928 929//929 930//930
f 930//930 929//929 931//931
f 930//930 931//931 932//932
f 932//932 931//931 933//933
f 932//932 933//933 934//934
f 934//934 933//933 935//935
f 934//934 935//935 936//936
f 936//936 935//935 937//937
f 936//936 937//937 938//938
f 938//938 937//937 939//939
f 938//938 939//939 940//940
f 940//940 939//939 941//941
f 940//940 941//941 942//942
f 942//942 941//941 943//943
f 942//942 943//943 944//944
f 316//316 436//436 558//558
f 558//558 436//436 945//945
f 558//558 945//945 946//946
f 946//946 945//945 947//947
f 946//946 947//947 948//948
f 948//948 947//947 949//949
f 948//948 949//949 950//950
f 950//950 949//949 951//951
f 950//950 951//951 952//952
f 952//952 951//951 953//953
f 952//952 953//953 954//954
f 954//954 953//953 955//955
f 954//954 955//955 956//956
f 956//956 955//955 957//957
f 956//956 957//957 958//958
f 958//958 957//957 959//959
f 958//958 959//959 960//960
f 960//960 959//959 961//961
f 960//960 961//961 962//962
f 962//962 961//961 963//963
f 962//962 963//963 964//964
f 964//964 963//963 965//965
f 964//964 965//965 966//966
f 966//966 965//965 967//967
f 966//966 967//967 968//968
f 968//968 967//967 969//969
f 968//968 969//969 970//970
f 970//970 969//969 971//971
f 970//970 971//971 972//972
f 972//972 971//971 973//973
f 445//445 450//450 556//556
f 556//556 450//450 974//974
f 556//556 974//974 975//975
f 975//975 974//974 976//976
f 975//975 976//976 977//977
f 977//977 976//976 978//978
f 977//977 978//978 979//979
f 979//979 978//978 980//980
f 979//979 980//980 981//981
f 981//981 980//980 982//982
f 981//981 982//982 983//983
f 983//983 982//982 984//984
f 983//983 984//984 985//985
f 985//985 984//984 986//986
f 985//985 986//986 987//987
f 987//987 986//986 988//988
f 987//987 988//988 989//989
f 989//989 988//988 990//990
f 989//989 990//990 991//991
f 991//991 990//990 992//992
f 991//991 992//992 993//993
f 993//993 992//992 994//994
f 993//993 994//994 995//995
f 995//995 994//994 996//996
f 995//995 996//996 997//997
f 997//997 996//996 998//998
f 997//997 998//998 999//999
f 999//999 998//998 1000//1000
f 999//999 1000//1000 1001//1001
f 1001//1001 1000//1000 1002//1002
f 1001//1001 1002//1002 1003//1003
f 452//452 454//454 1004//1004
f 1004//1004 454//454 555//555
f 1004//1004 555//555 1005//1005
f 1005//1005 555//555 1006//1006
f 1005//1005 1006//1006 1007//1007
f 1007//1007 1006//1006 1008//1008
f 1007//1007 1008//1008 1009//1009
f 1009//1009 1008//1008 1010//1010
f 1009//1009 1010//1010 1011//1011
f 1011//1011 1010//1010 1012//1012
f 1011//1011 1012//1012 1013//1013
f 1013//1013 1012//1012 1014//1014
f 1013//1013 1014//1014 1015//1015
f 1015//1015 1014//1014 1016//1016
f 1015//1015 1016//1016 1017//1017
f 1017//1017 1016//1016 1018//1018
f 1017//1017 1018//1018 1019//1019
f 1019//1019 1018//1018 1020//1020
f 1019//1019 1020//1020 1021//1021
f 1021//1021 1020//1020 1022//1022
f 1021//1021 1022//1022 1023//1023
f 1023//1023 1022//1022 1024//1024
f 1023//1023 1024//1024 1025//1025
f 1025//1025 1024//1024 1026//1026
f 1025//1025 1026//1026 1027//1027
f 1027//1027 1026//1026 1028//1028
f 1027//1027 1028//1028 1029//1029
f 1029//1029 1028//1028 1030//1030
f 1029//1029 1030//1030 1031//1031
f 1031//1031 1030//1030 1032//1032
f 461//461 460//460 1033//1033
f 1033//1033 460//460 1034//1034
f 1033//1033 1034//1034 1035//1035
f 1035//1035 1034//1034 1036//1036
f 1035//1035 1036//1036 1037//1037
f 1037//1037 1036//1036 1038//1038
f 1037//1037 1038//1038 1039//1039
f 1039//1039 1038//1038 1040//1040
f 1039//1039 1040//1040 1041//1041
f 1041//1041 1040//1040 1042//1042
f 1041//1041 1042//1042 1043//1043
f 1043//1043 1042//1042 1044//1044
f 1043//1043 1044//1044 1045//1045
f 1045//1045 1044//1044 1046//1046
f 1045//1045 1046//1046 1047//1047
f 1047//1047 1046//1046 1048//1048
f 1047//1047 1048//1048 1049//1049
f 1049//1049 1048//1048 1050//1050
f 1049//1049 1050//1050 1051//1051
f 1051//1051 1050//1050 1052//1052
f 1051//1051 1052//1052 1053//1053
f 1053//1053 1052//1052 1054//1054
f 1053//1053 1054//1054 1055//1055
f 1055//1055 1054//1054 1056//1056
f 1055//1055 1056//1056 1057//1057
f 1057//1057 1056//1056 1058//1058
f 1057//1057 1058//1058 1059//1059
f 1059//1059 1058//1058 1060//1060
f 1059//1059 1060//1060 1061//1061
f 1061//1061 1060//1060 1062//1062
f 1061//1061 1062//1062 1063//1063
f 473//473 472//472 552//552
f 552//552 472//472 580//580
f 552//552 580//580 1064//1064
f 1064//1064 580//580 582//582
f 1064//1064 582//582 1065//1065
f 1065//1065 582//582 584//584
f 1065//1065 584//584 1066//1066
f 1066//1066 584//584 586//586
f 1066//1066 586//586 1067//1067
f 1067//1067 586//586 588//588
f 1067//1067 588//588 1068//1068
f 1068//1068 588//588 590//590
f 1068//1068 590//590 1069//1069
f 1069//1069 590//590 592//592
f 1069//1069 592//592 1070//1070
f 1070//1070 592//592 594//594
f 1070//1070 594//594 1071//1071
f 1071//1071 594//594 596//596
f 1071//1071 596//596 1072//1072
f 1072//1072 596//596 598//598
f 1072//1072 598//598 1073//1073
f 1073//1073 598//598 600//600
f 1073//1073 600//600 1074//1074
f 1074//1074 600//600 602//602
f 1074//1074 602//602 1075//1075
f 1075//1075 602//602 604//604
f 1075//1075 604//604 1076//1076
f 1076//1076 604//604 606//606
f 1076//1076 606//606 1077//1077
f 1077//1077 606//606 608//608
f 1078//1078 1079//1079 1080//1080
f 1080//1080 1079//1079 609//609
f 1080//1080 609//609 1081//1081
f 1081//1081 609//609 607//607
f 1081//1081 607//607 1082//1082
f 1082//1082 607//607 605//605
f 1082//1082 605//605 1083//1083
f 1083//1083 605//605 603//603
f 1083//1083 603//603 1084//1084
f 1084//1084 603//603 601//601
f 1084//1084 601//601 1085//1085
f 1085//1085 601//601 599//599
f 1085//1085 599//599 1086//1086
f 1086//1086 599//599 597//597
f 1086//1086 597//597 1087//1087
f 1087//1087 597//597 595//595
f 1087//1087 595//595 1088//1088
f 1088//1088 595//595 593//593
f 1088//1088 593//593 1089//1089
f 1089//1089 593//593 591//591
f 1089//1089 591//591 1090//1090
f 1090//1090 591//591 589//589
f 1090//1090 589//589 1091//1091
f 1091//1091 589//589 587//587
f 1091//1091 587//587 1092//1092
f 1092//1092 587//587 585//585
f 1092//1092 585//585 1093//1093
f 1093//1093 585//585 583//583
f 1093//1093 583//583 579//579
f 579//579 583//583 581//581
f 579//579 581//581 469//469
f 469//469 581//581 470//470
f 331//331 333//333 579//579
f 579//579 333//333 578//578
f 579//579 578//578 1093//1093
f 1093//1093 578//578 1094//1094
f 1093//1093 1094//1094 1092//1092
f 1092//1092 1094//1094 1095//1095
f 1092//1092 1095//1095 1091//1091
f 1091//1091 1095//1095 1096//1096
f 1091//1091 1096//1096 1090//1090
f 1090//1090 1096//1096 1097//1097
f 1090//1090 1097//1097 1089//1089
f 1089//1089 1097//1097 1098//1098
f 1089//1089 1098//1098 1088//1088
f 1088//1088 1098//1098 1099//1099
f 1088//1088 1099//1099 1087//1087
f 1087//1087 1099//1099 1100//1100
f 1087//1087 1100//1100 1086//1086
f 1086//1086 1100//1100 1101//1101
f 1086//1086 1101//1101 1085//1085
f 1085//1085 1101//1101 1102//1102
f 1085//1085 1102//1102 1084//1084
f 1084//1084 1102//1102 1103//1103
f 1084//1084 1103//1103 1083//1083
f 1083//1083 1103//1103 1104//1104
f 1083//1083 1104//1104 1082//1082
f 1082//1082 1104//1104 1105//1105
f 1082//1082 1105//1105 1081//1081
f 1081//1081 1105//1105 1106//1106
f 1081//1081 1106//1106 1080//1080
f 1080//1080 1106//1106 551//551
f 1080//1080 551//551 1078//1078
f 1078//1078 551//551 550//550
f 547//547 549//549 548//548
f 548//548 549//549 551//551
f 548//548 551//551 1107//1107
f 1107//1107 551//551 1106//1106
f 1107//1107 1106//1106 1108//1108
f 1108//1108 1106//1106 1105//1105
f 1108//1108 1105//1105 1109//1109
f 1109//1109 1105//1105 1104//1104
f 1109//1109 1104//1104 1110//1110
f 1110//1110 1104//1104 1103//1103
f 1110//1110 1103//1103 1111//1111
f 1111//1111 1103//1103 1102//1102
f 1111//1111 1102//1102 1112//1112
f 1112//1112 1102//1102 1101//1101
f 1112//1112 1101//1101 1113//1113
f 1113//1113 1101//1101 1100//1100
f 1113//1113 1100//1100 1114//1114
f 1114//1114 1100//1100 1099//1099
f 1114//1114 1099//1099 1115//1115
f 1115//1115 1099//1099 1098//1098
f 1115//1115 1098//1098 1116//1116
f 1116//1116 1098//1098 1097//1097
f 1116//1116 1097//1097 1117//1117
f 1117//1117 1097//1097 1096//1096
f 1117//1117 1096//1096 1118//1118
f 1118//1118 1096//1096 1095//1095
f 1118//1118 1095//1095 1119//1119
f 1119//1119 1095//1095 1094//1094
f 1119//1119 1094//1094 1120//1120
f 1120//1120 1094//1094 578//578
f 1120//1120 578//578 336//336
f 336//336 578//578 335//335
f 1121//1121 546//546 1122//1122
f 1122//1122 546//546 548//548
f 1122//1122 548//548 1123//1123
f 1123//1123 548//548 1107//1107
f 1123//1123 1107//1107 1124//1124
f 1124//1124 1107//1107 1108//1108
f 1124//1124 1108//1108 1125//1125
f 1125//1125 1108//1108 1109//1109
f 1125//1125 1109//1109 1126//1126
f 1126//1126 1109//1109 1110//1110
f 1126//1126 1110//1110 1127//1127
f 1127//1127 1110//1110 1111//1111
f 1127//1127 1111//1111 1128//1128
f 1128//1128 1111//1111 1112//1112
f 1128//1128 1112//1112 1129//1129
f 1129//1129 1112//1112 1113//1113
f 1129//1129 1113//1113 1130//1130
f 1130//1130 1113//1113 1114//1114
f 1130//1130 1114//1114 1131//1131
f 1131//1131 1114//1114 1115//1115
f 1131//1131 1115//1115 1132//1132
f 1132//1132 1115//1115 1116//1116
f 1132//1132 1116//1116 1133//1133
f 1133//1133 1116//1116 1117//1117
f 1133//1133 1117//1117 1134//1134
f 1134//1134 1117//1117 1118//1118
f 1134//1134 1118//1118 1135//1135
f 1135//1135 1118//1118 1119//1119
f 1135//1135 1119//1119 1136//1136
f 1136//1136 1119//1119 1120//1120
f 1136//1136 1120//1120 338//338
f 338//338 1120//1120 336//336
f 338//338 344//344 1136//1136
f 1136//1136 344//344 577//577
f 1136//1136 577//577 1135//1135
f 1135//1135 577//577 611//611
f 1135//1135 611//611 1134//1134
f 1134//1134 611//611 613//613
f 1134//1134 613//613 1133//1133
f 1133//1133 613//613 615//615
f 1133//1133 615//615 1132//1132
f 1132//1132 615//615 617//617
f 1132//1132 617//617 1131//1131
f 1131//1131 617//617 619//619
f 1131//1131 619//619 1130//1130
f 1130//1130 619//619 621//621
f 1130//1130 621//621 1129//1129
f 1129//1129 621//621 623//623
f 1129//1129 623//623 1128//1128
f 1128//1128 623//623 625//625
f 1128//1128 625//625 1127//1127
f 1127//1127 625//625 627//627
f 1127//1127 627//627 1126//1126
f 1126//1126 627//627 629//629
f 1126//1126 629//629 1125//1125
f 1125//1125 629//629 631//631
f 1125//1125 631//631 1124//1124
f 1124//1124 631//631 633//633
f 1124//1124 633//633 1123//1123
f 1123//1123 633//633 635//635
f 1123//1123 635//635 1122//1122
f 1122//1122 635//635 637//637
f 1122//1122 637//637 1121//1121
f 1121//1121 637//637 1137//1137
f 545//545 544//544 637//637
f 637//637 544//544 1138//1138
f 637//637 1138//1138 1137//1137
f 1139//1139 543//543 1140//1140
f 1140//1140 543//543 545//545
f 1140//1140 545//545 1141//1141
f 1141//1141 545//545 636//636
f 1141//1141 636//636 1142//1142
f 1142//1142 636//636 634//634
f 1142//1142 634//634 1143//1143
f 1143//1143 634//634 632//632
f 1143//1143 632//632 1144//1144
f 1144//1144 632//632 630//630
f 1144//1144 630//630 1145//1145
f 1145//1145 630//630 628//628
f 1145//1145 628//628 1146//1146
f 1146//1146 628//628 626//626
f 1146//1146 626//626 1147//1147
f 1147//1147 626//626 624//624
f 1147//1147 624//624 1148//1148
f 1148//1148 624//624 622//622
f 1148//1148 622//622 1149//1149
f 1149//1149 622//622 620//620
f 1149//1149 620//620 1150//1150
f 1150//1150 620//620 618//618
f 1150//1150 618//618 1151//1151
f 1151//1151 618//618 616//616
f 1151//1151 616//616 1152//1152
f 1152//1152 616//616 614//614
f 1152//1152 614//614 1153//1153
f 1153//1153 614//614 612//612
f 1153//1153 612//612 1154//1154
f 1154//1154 612//612 610//610
f 1154//1154 610//610 349//349
f 349//349 610//610 341//341
f 349//349 348//348 1154//1154
f 1154//1154 348//348 576//576
f 1154//1154 576//576 1153//1153
f 1153//1153 576//576 1155//1155
f 1153//1153 1155//1155 1152//1152
f 1152//1152 1155//1155 1156//1156
f 1152//1152 1156//1156 1151//1151
f 1151//1151 1156//1156 1157//1157
f 1151//1151 1157//1157 1150//1150
f 1150//1150 1157//1157 1158//1158
f 1150//1150 1158//1158 1149//1149
f 1149//1149 1158//1158 1159//1159
f 1149//1149 1159//1159 1148//1148
f 1148//1148 1159//1159 1160//1160
f 1148//1148 1160//1160 1147//1147
f 1147//1147 1160//1160 1161//1161
f 1147//1147 1161//1161 1146//1146
f 1146//1146 1161//1161 1162//1162
f 1146//1146 1162//1162 1145//1145
f 1145//1145 1162//1162 1163//1163
f 1145//1145 1163//1163 1144//1144
f 1144//1144 1163//1163 1164//1164
f 1144//1144 1164//1164 1143//1143
f 1143//1143 1164//1164 1165//1165
f 1143//1143 1165//1165 1142//1142
f 1142//1142 1165//1165 1166//1166
f 1142//1142 1166//1166 1141//1141
f 1141//1141 1166//1166 1167//1167
f 1141//1141 1167//1167 1140//1140
f 1140//1140 1167//1167 542//542
f 1140//1140 542//542 1139//1139
f 1139//1139 542//542 541//541
f 1168//1168 540//540 1169//1169
f 1169//1169 540//540 542//542
f 1169//1169 542//542 1170//1170
f 1170//1170 542//542 1167//1167
f 1170//1170 1167//1167 1171//1171
f 1171//1171 1167//1167 1166//1166
f 1171//1171 1166//1166 1172//1172
f 1172//1172 1166//1166 1165//1165
f 1172//1172 1165//1165 1173//1173
f 1173//1173 1165//1165 1164//1164
f 1173//1173 1164//1164 1174//1174
f 1174//1174 1164//1164 1163//1163
f 1174//1174 1163//1163 1175//1175
f 1175//1175 1163//1163 1162//1162
f 1175//1175 1162//1162 1176//1176
f 1176//1176 1162//1162 1161//1161
f 1176//1176 1161//1161 1177//1177
f 1177//1177 1161//1161 1160//1160
f 1177//1177 1160//1160 1178//1178
f 1178//1178 1160//1160 1159//1159
f 1178//1178 1159//1159 1179//1179
f 1179//1179 1159//1159 1158//1158
f 1179//1179 1158//1158 1180//1180
f 1180//1180 1158//1158 1157//1157
f 1180//1180 1157//1157 1181//1181
f 1181//1181 1157//1157 1156//1156
f 1181//1181 1156//1156 1182//1182
f 1182//1182 1156//1156 1155//1155
f 1182//1182 1155//1155 1183//1183
f 1183//1183 1155//1155 576//576
f 1183//1183 576//576 350//350
f 350//350 576//576 345//345
f 350//350 352//352 1183//1183
f 1183//1183 352//352 1184//1184
f 1183//1183 1184//1184 1182//1182
f 1182//1182 1184//1184 1185//1185
f 1182//1182 1185//1185 1181//1181
f 1181//1181 1185//1185 1186//1186
f 1181//1181 1186//1186 1180//1180
f 1180//1180 1186//1186 1187//1187
f 1180//1180 1187//1187 1179//1179
f 1179//1179 1187//1187 1188//1188
f 1179//1179 1188//1188 1178//1178
f 1178//1178 1188//1188 1189//1189
f 1178//1178 1189//1189 1177//1177
f 1177//1177 1189//1189 1190//1190
f 1177//1177 1190//1190 1176//1176
f 1176//1176 1190//1190 1191//1191
f 1176//1176 1191//1191 1175//1175
f 1175//1175 1191//1191 1192//1192
f 1175//1175 1192//1192 1174//1174
f 1174//1174 1192//1192 1193//1193
f 1174//1174 1193//1193 1173//1173
f 1173//1173 1193//1193 1194//1194
f 1173//1173 1194//1194 1172//1172
f 1172//1172 1194//1194 1195//1195
f 1172//1172 1195//1195 1171//1171
f 1171//1171 1195//1195 1196//1196
f 1171//1171 1196//1196 1170//1170
f 1170//1170 1196//1196 1197//1197
f 1170//1170 1197//1197 1169//1169
f 1169//1169 1197//1197 539//539
f 1169//1169 539//539 1168//1168
f 1168//1168 539//539 538//538
f 535//535 537//537 536//536
f 536//536 537//537 539//539
f 536//536 539//539 1198//1198
f 1198//1198 539//539 1197//1197
f 1198//1198 1197//1197 1199//1199
f 1199//1199 1197//1197 1196//1196
f 1199//1199 1196//1196 1200//1200
f 1200//1200 1196//1196 1195//1195
f 1200//1200 1195//1195 1201//1201
f 1201//1201 1195//1195 1194//1194
f 1201//1201 1194//1194 1202//1202
f 1202//1202 1194//1194 1193//1193
f 1202//1202 1193//1193 1203//1203
f 1203//1203 1193//1193 1192//1192
f 1203//1203 1192//1192 1204//1204
f 1204//1204 1192//1192 1191//1191
f 1204//1204 1191//1191 1205//1205
f 1205//1205 1191//1191 1190//1190
f 1205//1205 1190//1190 1206//1206
f 1206//1206 1190//1190 1189//1189
f 1206//1206 1189//1189 1207//1207
f 1207//1207 1189//1189 1188//1188
f 1207//1207 1188//1188 1208//1208
f 1208//1208 1188//1188 1187//1187
f 1208//1208 1187//1187 1209//1209
f 1209//1209 1187//1187 1186//1186
f 1209//1209 1186//1186 1210//1210
f 1210//1210 1186//1186 1185//1185
f 1210//1210 1185//1185 575//575
f 575//575 1185//1185 1184//1184
f 575//575 1184//1184 354//354
f 354//354 1184//1184 352//352
f 1211//1211 534//534 1212//1212
f 1212//1212 534//534 536//536
f 1212//1212 536//536 1213//1213
f 1213//1213 536//536 1198//1198
f 1213//1213 1198//1198 1214//1214
f 1214//1214 1198//1198 1199//1199
f 1214//1214 1199//1199 1215//1215
f 1215//1215 1199//1199 1200//1200
f 1215//1215 1200//1200 1216//1216
f 1216//1216 1200//1200 1201//1201
f 1216//1216 1201//1201 1217//1217
f 1217//1217 1201//1201 1202//1202
f 1217//1217 1202//1202 1218//1218
f 1218//1218 1202//1202 1203//1203
f 1218//1218 1203//1203 1219//1219
f 1219//1219 1203//1203 1204//1204
f 1219//1219 1204//1204 1220//1220
f 1220//1220 1204//1204 1205//1205
f 1220//1220 1205//1205 1221//1221
f 1221//1221 1205//1205 1206//1206
f 1221//1221 1206//1206 1222//1222
f 1222//1222 1206//1206 1207//1207
f 1222//1222 1207//1207 1223//1223
f 1223//1223 1207//1207 1208//1208
f 1223//1223 1208//1208 1224//1224
f 1224//1224 1208//1208 1209//1209
f 1224//1224 1209//1209 1225//1225
f 1225//1225 1209//1209 1210//1210
f 1225//1225 1210//1210 574//574
f 574//574 1210//1210 575//575
f 574//574 575//575 329//329
f 329//329 575//575 355//355
f 328//328 356//356 574//574
f 574//574 356//356 638//638
f 574//574 638//638 1225//1225
f 1225//1225 638//638 640//640
f 1225//1225 640//640 1224//1224
f 1224//1224 640//640 642//642
f 1224//1224 642//642 1223//1223
f 1223//1223 642//642 644//644
f 1223//1223 644//644 1222//1222
f 1222//1222 644//644 646//646
f 1222//1222 646//646 1221//1221
f 1221//1221 646//646 648//648
f 1221//1221 648//648 1220//1220
f 1220//1220 648//648 650//650
f 1220//1220 650//650 1219//1219
f 1219//1219 650//650 652//652
f 1219//1219 652//652 1218//1218
f 1218//1218 652//652 654//654
f 1218//1218 654//654 1217//1217
f 1217//1217 654//654 656//656
f 1217//1217 656//656 1216//1216
f 1216//1216 656//656 658//658
f 1216//1216 658//658 1215//1215
f 1215//1215 658//658 660//660
f 1215//1215 660//660 1214//1214
f 1214//1214 660//660 662//662
f 1214//1214 662//662 1213//1213
f 1213//1213 662//662 664//664
f 1213//1213 664//664 1212//1212
f 1212//1212 664//664 666//666
f 1212//1212 666//666 1211//1211
f 1211//1211 666//666 1226//1226
f 533//533 532//532 666//666
f 666//666 532//532 1227//1227
f 666//666 1227//1227 1226//1226
f 696//696 531//531 694//694
f 694//694 531//531 533//533
f 694//694 533//533 692//692
f 692//692 533//533 665//665
f 692//692 665//665 690//690
f 690//690 665//665 663//663
f 690//690 663//663 688//688
f 688//688 663//663 661//661
f 688//688 661//661 686//686
f 686//686 661//661 659//659
f 686//686 659//659 684//684
f 684//684 659//659 657//657
f 684//684 657//657 682//682
f 682//682 657//657 655//655
f 682//682 655//655 680//680
f 680//680 655//655 653//653
f 680//680 653//653 678//678
f 678//678 653//653 651//651
f 678//678 651//651 676//676
f 676//676 651//651 649//649
f 676//676 649//649 674//674
f 674//674 649//649 647//647
f 674//674 647//647 672//672
f 672//672 647//647 645//645
f 672//672 645//645 670//670
f 670//670 645//645 643//643
f 670//670 643//643 668//668
f 668//668 643//643 641//641
f 668//668 641//641 573//573
f 573//573 641//641 639//639
f 573//573 639//639 364//364
f 364//364 639//639 358//358
f 1228//1228 1229//1229 695//695
f 695//695 1229//1229 1230//1230
f 695//695 1230//1230 696//696
f 1231//1231 1232//1232 725//725
f 725//725 1232//1232 1228//1228
f 725//725 1228//1228 724//724
f 724//724 1228//1228 695//695
f 724//724 695//695 722//722
f 722//722 695//695 693//693
f 722//722 693//693 720//720
f 720//720 693//693 691//691
f 720//720 691//691 718//718
f 718//718 691//691 689//689
f 718//718 689//689 716//716
f 716//716 689//689 687//687
f 716//716 687//687 714//714
f 714//714 687//687 685//685
f 714//714 685//685 712//712
f 712//712 685//685 683//683
f 712//712 683//683 710//710
f 710//710 683//683 681//681
f 710//710 681//681 708//708
f 708//708 681//681 679//679
f 708//708 679//679 706//706
f 706//706 679//679 677//677
f 706//706 677//677 704//704
f 704//704 677//677 675//675
f 704//704 675//675 702//702
f 702//702 675//675 673//673
f 702//702 673//673 700//700
f 700//700 673//673 671//671
f 700//700 671//671 698//698
f 698//698 671//671 669//669
f 698//698 669//669 697//697
f 697//697 669//669 667//667
f 697//697 667//667 369//369
f 369//369 667//667 361//361
f 529//529 1231//1231 530//530
f 530//530 1231//1231 725//725
f 530//530 725//725 1233//1233
f 1233//1233 725//725 723//723
f 1233//1233 723//723 1234//1234
f 1234//1234 723//723 721//721
f 1234//1234 721//721 1235//1235
f 1235//1235 721//721 719//719
f 1235//1235 719//719 1236//1236
f 1236//1236 719//719 717//717
f 1236//1236 717//717 1237//1237
f 1237//1237 717//717 715//715
f 1237//1237 715//715 1238//1238
f 1238//1238 715//715 713//713
f 1238//1238 713//713 1239//1239
f 1239//1239 713//713 711//711
f 1239//1239 711//711 1240//1240
f 1240//1240 711//711 709//709
f 1240//1240 709//709 1241//1241
f 1241//1241 709//709 707//707
f 1241//1241 707//707 1242//1242
f 1242//1242 707//707 705//705
f 1242//1242 705//705 1243//1243
f 1243//1243 705//705 703//703
f 1243//1243 703//703 1244//1244
f 1244//1244 703//703 701//701
f 1244//1244 701//701 1245//1245
f 1245//1245 701//701 699//699
f 1245//1245 699//699 1246//1246
f 1246//1246 699//699 572//572
f 1246//1246 572//572 370//370
f 370//370 572//572 365//365
f 1247//1247 528//528 1248//1248
f 1248//1248 528//528 530//530
f 1248//1248 530//530 1249//1249
f 1249//1249 530//530 1233//1233
f 1249//1249 1233//1233 1250//1250
f 1250//1250 1233//1233 1234//1234
f 1250//1250 1234//1234 1251//1251
f 1251//1251 1234//1234 1235//1235
f 1251//1251 1235//1235 1252//1252
f 1252//1252 1235//1235 1236//1236
f 1252//1252 1236//1236 1253//1253
f 1253//1253 1236//1236 1237//1237
f 1253//1253 1237//1237 1254//1254
f 1254//1254 1237//1237 1238//1238
f 1254//1254 1238//1238 1255//1255
f 1255//1255 1238//1238 1239//1239
f 1255//1255 1239//1239 1256//1256
f 1256//1256 1239//1239 1240//1240
f 1256//1256 1240//1240 1257//1257
f 1257//1257 1240//1240 1241//1241
f 1257//1257 1241//1241 1258//1258
f 1258//1258 1241//1241 1242//1242
f 1258//1258 1242//1242 1259//1259
f 1259//1259 1242//1242 1243//1243
f 1259//1259 1243//1243 1260//1260
f 1260//1260 1243//1243 1244//1244
f 1260//1260 1244//1244 1261//1261
f 1261//1261 1244//1244 1245//1245
f 1261//1261 1245//1245 1262//1262
f 1262//1262 1245//1245 1246//1246
f 1262//1262 1246//1246 372//372
f 372//372 1246//1246 370//370
f 372//372 374//374 1262//1262
f 1262//1262 374//374 571//571
f 1262//1262 571//571 1261//1261
f 1261//1261 571//571 1263//1263
f 1261//1261 1263//1263 1260//1260
f 1260//1260 1263//1263 1264//1264
f 1260//1260 1264//1264 1259//1259
f 1259//1259 1264//1264 1265//1265
f 1259//1259 1265//1265 1258//1258
f 1258//1258 1265//1265 1266//1266
f 1258//1258 1266//1266 1257//1257
f 1257//1257 1266//1266 1267//1267
f 1257//1257 1267//1267 1256//1256
f 1256//1256 1267//1267 1268//1268
f 1256//1256 1268//1268 1255//1255
f 1255//1255 1268//1268 1269//1269
f 1255//1255 1269//1269 1254//1254
f 1254//1254 1269//1269 1270//1270
f 1254//1254 1270//1270 1253//1253
f 1253//1253 1270//1270 1271//1271
f 1253//1253 1271//1271 1252//1252
f 1252//1252 1271//1271 1272//1272
f 1252//1252 1272//1272 1251//1251
f 1251//1251 1272//1272 1273//1273
f 1251//1251 1273//1273 1250//1250
f 1250//1250 1273//1273 1274//1274
f 1250//1250 1274//1274 1249//1249
f 1249//1249 1274//1274 1275//1275
f 1249//1249 1275//1275 1248//1248
f 1248//1248 1275//1275 527//527
f 1248//1248 527//527 1247//1247
f 1247//1247 527//527 526//526
f 523//523 525//525 524//524
f 524//524 525//525 527//527
f 524//524 527//527 1276//1276
f 1276//1276 527//527 1275//1275
f 1276//1276 1275//1275 1277//1277
f 1277//1277 1275//1275 1274//1274
f 1277//1277 1274//1274 1278//1278
f 1278//1278 1274//1274 1273//1273
f 1278//1278 1273//1273 1279//1279
f 1279//1279 1273//1273 1272//1272
f 1279//1279 1272//1272 1280//1280
f 1280//1280 1272//1272 1271//1271
f 1280//1280 1271//1271 1281//1281
f 1281//1281 1271//1271 1270//1270
f 1281//1281 1270//1270 1282//1282
f 1282//1282 1270//1270 1269//1269
f 1282//1282 1269//1269 1283//1283
f 1283//1283 1269//1269 1268//1268
f 1283//1283 1268//1268 1284//1284
f 1284//1284 1268//1268 1267//1267
f 1284//1284 1267//1267 1285//1285
f 1285//1285 1267//1267 1266//1266
f 1285//1285 1266//1266 1286//1286
f 1286//1286 1266//1266 1265//1265
f 1286//1286 1265//1265 1287//1287
f 1287//1287 1265//1265 1264//1264
f 1287//1287 1264//1264 1288//1288
f 1288//1288 1264//1264 1263//1263
f 1288//1288 1263//1263 570//570
f 570//570 1263//1263 571//571
f 570//570 571//571 326//326
f 326//326 571//571 375//375
f 756//756 522//522 754//754
f 754//754 522//522 524//524
f 754//754 524//524 752//752
f 752//752 524//524 1276//1276
f 752//752 1276//1276 750//750
f 750//750 1276//1276 1277//1277
f 750//750 1277//1277 748//748
f 748//748 1277//1277 1278//1278
f 748//748 1278//1278 746//746
f 746//746 1278//1278 1279//1279
f 746//746 1279//1279 744//744
f 744//744 1279//1279 1280//1280
f 744//744 1280//1280 742//742
f 742//742 1280//1280 1281//1281
f 742//742 1281//1281 740//740
f 740//740 1281//1281 1282//1282
f 740//740 1282//1282 738//738
f 738//738 1282//1282 1283//1283
f 738//738 1283//1283 736//736
f 736//736 1283//1283 1284//1284
f 736//736 1284//1284 734//734
f 734//734 1284//1284 1285//1285
f 734//734 1285//1285 732//732
f 732//732 1285//1285 1286//1286
f 732//732 1286//1286 730//730
f 730//730 1286//1286 1287//1287
f 730//730 1287//1287 728//728
f 728//728 1287//1287 1288//1288
f 728//728 1288//1288 726//726
f 726//726 1288//1288 570//570
f 726//726 570//570 376//376
f 376//376 570//570 325//325
f 1289//1289 1290//1290 755//755
f 755//755 1290//1290 1291//1291
f 755//755 1291//1291 756//756
f 1292//1292 1293//1293 785//785
f 785//785 1293//1293 1289//1289
f 785//785 1289//1289 784//784
f 784//784 1289//1289 755//755
f 784//784 755//755 782//782
f 782//782 755//755 753//753
f 782//782 753//753 780//780
f 780//780 753//753 751//751
f 780//780 751//751 778//778
f 778//778 751//751 749//749
f 778//778 749//749 776//776
f 776//776 749//749 747//747
f 776//776 747//747 774//774
f 774//774 747//747 745//745
f 774//774 745//745 772//772
f 772//772 745//745 743//743
f 772//772 743//743 770//770
f 770//770 743//743 741//741
f 770//770 741//741 768//768
f 768//768 741//741 739//739
f 768//768 739//739 766//766
f 766//766 739//739 737//737
f 766//766 737//737 764//764
f 764//764 737//737 735//735
f 764//764 735//735 762//762
f 762//762 735//735 733//733
f 762//762 733//733 760//760
f 760//760 733//733 731//731
f 760//760 731//731 758//758
f 758//758 731//731 729//729
f 758//758 729//729 569//569
f 569//569 729//729 727//727
f 569//569 727//727 384//384
f 384//384 727//727 378//378
f 520//520 1292//1292 521//521
f 521//521 1292//1292 785//785
f 521//521 785//785 1294//1294
f 1294//1294 785//785 783//783
f 1294//1294 783//783 1295//1295
f 1295//1295 783//783 781//781
f 1295//1295 781//781 1296//1296
f 1296//1296 781//781 779//779
f 1296//1296 779//779 1297//1297
f 1297//1297 779//779 777//777
f 1297//1297 777//777 1298//1298
f 1298//1298 777//777 775//775
f 1298//1298 775//775 1299//1299
f 1299//1299 775//775 773//773
f 1299//1299 773//773 1300//1300
f 1300//1300 773//773 771//771
f 1300//1300 771//771 1301//1301
f 1301//1301 771//771 769//769
f 1301//1301 769//769 1302//1302
f 1302//1302 769//769 767//767
f 1302//1302 767//767 1303//1303
f 1303//1303 767//767 765//765
f 1303//1303 765//765 1304//1304
f 1304//1304 765//765 763//763
f 1304//1304 763//763 1305//1305
f 1305//1305 763//763 761//761
f 1305//1305 761//761 1306//1306
f 1306//1306 761//761 759//759
f 1306//1306 759//759 1307//1307
f 1307//1307 759//759 757//757
f 1307//1307 757//757 389//389
f 389//389 757//757 381//381
f 1308//1308 519//519 1309//1309
f 1309//1309 519//519 521//521
f 1309//1309 521//521 1310//1310
f 1310//1310 521//521 1294//1294
f 1310//1310 1294//1294 1311//1311
f 1311//1311 1294//1294 1295//1295
f 1311//1311 1295//1295 1312//1312
f 1312//1312 1295//1295 1296//1296
f 1312//1312 1296//1296 1313//1313
f 1313//1313 1296//1296 1297//1297
f 1313//1313 1297//1297 1314//1314
f 1314//1314 1297//1297 1298//1298
f 1314//1314 1298//1298 1315//1315
f 1315//1315 1298//1298 1299//1299
f 1315//1315 1299//1299 1316//1316
f 1316//1316 1299//1299 1300//1300
f 1316//1316 1300//1300 1317//1317
f 1317//1317 1300//1300 1301//1301
f 1317//1317 1301//1301 1318//1318
f 1318//1318 1301//1301 1302//1302
f 1318//1318 1302//1302 1319//1319
f 1319//1319 1302//1302 1303//1303
f 1319//1319 1303//1303 1320//1320
f 1320//1320 1303//1303 1304//1304
f 1320//1320 1304//1304 1321//1321
f 1321//1321 1304//1304 1305//1305
f 1321//1321 1305//1305 1322//1322
f 1322//1322 1305//1305 1306//1306
f 1322//1322 1306//1306 568//568
f 568//568 1306//1306 1307//1307
f 568//568 1307//1307 388//388
f 388//388 1307//1307 389//389
f 385//385 390//390 568//568
f 568//568 390//390 1323//1323
f 568//568 1323//1323 1322//1322
f 1322//1322 1323//1323 1324//1324
f 1322//1322 1324//1324 1321//1321
f 1321//1321 1324//1324 1325//1325
f 1321//1321 1325//1325 1320//1320
f 1320//1320 1325//1325 1326//1326
f 1320//1320 1326//1326 1319//1319
f 1319//1319 1326//1326 1327//1327
f 1319//1319 1327//1327 1318//1318
f 1318//1318 1327//1327 1328//1328
f 1318//1318 1328//1328 1317//1317
f 1317//1317 1328//1328 1329//1329
f 1317//1317 1329//1329 1316//1316
f 1316//1316 1329//1329 1330//1330
f 1316//1316 1330//1330 1315//1315
f 1315//1315 1330//1330 1331//1331
f 1315//1315 1331//1331 1314//1314
f 1314//1314 1331//1331 1332//1332
f 1314//1314 1332//1332 1313//1313
f 1313//1313 1332//1332 1333//1333
f 1313//1313 1333//1333 1312//1312
f 1312//1312 1333//1333 1334//1334
f 1312//1312 1334//1334 1311//1311
f 1311//1311 1334//1334 1335//1335
f 1311//1311 1335//1335 1310//1310
f 1310//1310 1335//1335 1336//1336
f 1310//1310 1336//1336 1309//1309
f 1309//1309 1336//1336 518//518
f 1309//1309 518//518 1308//1308
f 1308//1308 518//518 517//517
f 514//514 516//516 515//515
f 515//515 516//516 518//518
f 515//515 518//518 1337//1337
f 1337//1337 518//518 1336//1336
f 1337//1337 1336//1336 1338//1338
f 1338//1338 1336//1336 1335//1335
f 1338//1338 1335//1335 1339//1339
f 1339//1339 1335//1335 1334//1334
f 1339//1339 1334//1334 1340//1340
f 1340//1340 1334//1334 1333//1333
f 1340//1340 1333//1333 1341//1341
f 1341//1341 1333//1333 1332//1332
f 1341//1341 1332//1332 1342//1342
f 1342//1342 1332//1332 1331//1331
f 1342//1342 1331//1331 1343//1343
f 1343//1343 1331//1331 1330//1330
f 1343//1343 1330//1330 1344//1344
f 1344//1344 1330//1330 1329//1329
f 1344//1344 1329//1329 1345//1345
f 1345//1345 1329//1329 1328//1328
f 1345//1345 1328//1328 1346//1346
f 1346//1346 1328//1328 1327//1327
f 1346//1346 1327//1327 1347//1347
f 1347//1347 1327//1327 1326//1326
f 1347//1347 1326//1326 1348//1348
f 1348//1348 1326//1326 1325//1325
f 1348//1348 1325//1325 1349//1349
f 1349//1349 1325//1325 1324//1324
f 1349//1349 1324//1324 1350//1350
f 1350//1350 1324//1324 1323//1323
f 1350//1350 1323//1323 392//392
f 392//392 1323//1323 390//390
f 814//814 513//513 812//812
f 812//812 513//513 515//515
f 812//812 515//515 810//810
f 810//810 515//515 1337//1337
f 810//810 1337//1337 808//808
f 808//808 1337//1337 1338//1338
f 808//808 1338//1338 806//806
f 806//806 1338//1338 1339//1339
f 806//806 1339//1339 804//804
f 804//804 1339//1339 1340//1340
f 804//804 1340//1340 802//802
f 802//802 1340//1340 1341//1341
f 802//802 1341//1341 800//800
f 800//800 1341//1341 1342//1342
f 800//800 1342//1342 798//798
f 798//798 1342//1342 1343//1343
f 798//798 1343//1343 796//796
f 796//796 1343//1343 1344//1344
f 796//796 1344//1344 794//794
f 794//794 1344//1344 1345//1345
f 794//794 1345//1345 792//792
f 792//792 1345//1345 1346//1346
f 792//792 1346//1346 790//790
f 790//790 1346//1346 1347//1347
f 790//790 1347//1347 788//788
f 788//788 1347//1347 1348//1348
f 788//788 1348//1348 786//786
f 786//786 1348//1348 1349//1349
f 786//786 1349//1349 567//567
f 567//567 1349//1349 1350//1350
f 567//567 1350//1350 394//394
f 394//394 1350//1350 392//392
f 1351//1351 1352//1352 813//813
f 813//813 1352//1352 1353//1353
f 813//813 1353//1353 814//814
f 1354//1354 1355//1355 858//858
f 858//858 1355//1355 1356//1356
f 858//858 1356//1356 844//844
f 844//844 1356//1356 1351//1351
f 844//844 1351//1351 843//843
f 843//843 1351//1351 813//813
f 843//843 813//813 841//841
f 841//841 813//813 811//811
f 841//841 811//811 839//839
f 839//839 811//811 809//809
f 839//839 809//809 837//837
f 837//837 809//809 807//807
f 837//837 807//807 835//835
f 835//835 807//807 805//805
f 835//835 805//805 833//833
f 833//833 805//805 803//803
f 833//833 803//803 831//831
f 831//831 803//803 801//801
f 831//831 801//801 829//829
f 829//829 801//801 799//799
f 829//829 799//799 827//827
f 827//827 799//799 797//797
f 827//827 797//797 825//825
f 825//825 797//797 795//795
f 825//825 795//795 823//823
f 823//823 795//795 793//793
f 823//823 793//793 821//821
f 821//821 793//793 791//791
f 821//821 791//791 819//819
f 819//819 791//791 789//789
f 819//819 789//789 817//817
f 817//817 789//789 787//787
f 817//817 787//787 815//815
f 815//815 787//787 566//566
f 815//815 566//566 396//396
f 396//396 566//566 322//322
f 1357//1357 1354//1354 1358//1358
f 1358//1358 1354//1354 858//858
f 1358//1358 858//858 1359//1359
f 1359//1359 858//858 857//857
f 1359//1359 857//857 1360//1360
f 1360//1360 857//857 856//856
f 1360//1360 856//856 1361//1361
f 1361//1361 856//856 855//855
f 1361//1361 855//855 1362//1362
f 1362//1362 855//855 854//854
f 1362//1362 854//854 1363//1363
f 1363//1363 854//854 853//853
f 1363//1363 853//853 1364//1364
f 1364//1364 853//853 852//852
f 1364//1364 852//852 1365//1365
f 1365//1365 852//852 851//851
f 1365//1365 851//851 1366//1366
f 1366//1366 851//851 850//850
f 1366//1366 850//850 1367//1367
f 1367//1367 850//850 849//849
f 1367//1367 849//849 1368//1368
f 1368//1368 849//849 848//848
f 1368//1368 848//848 1369//1369
f 1369//1369 848//848 847//847
f 1369//1369 847//847 1370//1370
f 1370//1370 847//847 846//846
f 1370//1370 846//846 1371//1371
f 1371//1371 846//846 845//845
f 1371//1371 845//845 1372//1372
f 1372//1372 845//845 565//565
f 1372//1372 565//565 401//401
f 401//401 565//565 402//402
f 401//401 409//409 1372//1372
f 1372//1372 409//409 1373//1373
f 1372//1372 1373//1373 1371//1371
f 1371//1371 1373//1373 1374//1374
f 1371//1371 1374//1374 1370//1370
f 1370//1370 1374//1374 1375//1375
f 1370//1370 1375//1375 1369//1369
f 1369//1369 1375//1375 1376//1376
f 1369//1369 1376//1376 1368//1368
f 1368//1368 1376//1376 1377//1377
f 1368//1368 1377//1377 1367//1367
f 1367//1367 1377//1377 1378//1378
f 1367//1367 1378//1378 1366//1366
f 1366//1366 1378//1378 1379//1379
f 1366//1366 1379//1379 1365//1365
f 1365//1365 1379//1379 1380//1380
f 1365//1365 1380//1380 1364//1364
f 1364//1364 1380//1380 1381//1381
f 1364//1364 1381//1381 1363//1363
f 1363//1363 1381//1381 1382//1382
f 1363//1363 1382//1382 1362//1362
f 1362//1362 1382//1382 1383//1383
f 1362//1362 1383//1383 1361//1361
f 1361//1361 1383//1383 1384//1384
f 1361//1361 1384//1384 1360//1360
f 1360//1360 1384//1384 1385//1385
f 1360//1360 1385//1385 1359//1359
f 1359//1359 1385//1385 1386//1386
f 1359//1359 1386//1386 1358//1358
f 1358//1358 1386//1386 512//512
f 1358//1358 512//512 1357//1357
f 1357//1357 512//512 511//511
f 508//508 510//510 509//509
f 509//509 510//510 512//512
f 509//509 512//512 1387//1387
f 1387//1387 512//512 1386//1386
f 1387//1387 1386//1386 1388//1388
f 1388//1388 1386//1386 1385//1385
f 1388//1388 1385//1385 1389//1389
f 1389//1389 1385//1385 1384//1384
f 1389//1389 1384//1384 1390//1390
f 1390//1390 1384//1384 1383//1383
f 1390//1390 1383//1383 1391//1391
f 1391//1391 1383//1383 1382//1382
f 1391//1391 1382//1382 1392//1392
f 1392//1392 1382//1382 1381//1381
f 1392//1392 1381//1381 1393//1393
f 1393//1393 1381//1381 1380//1380
f 1393//1393 1380//1380 1394//1394
f 1394//1394 1380//1380 1379//1379
f 1394//1394 1379//1379 1395//1395
f 1395//1395 1379//1379 1378//1378
f 1395//1395 1378//1378 1396//1396
f 1396//1396 1378//1378 1377//1377
f 1396//1396 1377//1377 1397//1397
f 1397//1397 1377//1377 1376//1376
f 1397//1397 1376//1376 1398//1398
f 1398//1398 1376//1376 1375//1375
f 1398//1398 1375//1375 1399//1399
f 1399//1399 1375//1375 1374//1374
f 1399//1399 1374//1374 564//564
f 564//564 1374//1374 1373//1373
f 564//564 1373//1373 408//408
f 408//408 1373//1373 409//409
f 1400//1400 507//507 1401//1401
f 1401//1401 507//507 509//509
f 1401//1401 509//509 1402//1402
f 1402//1402 509//509 1387//1387
f 1402//1402 1387//1387 1403//1403
f 1403//1403 1387//1387 1388//1388
f 1403//1403 1388//1388 1404//1404
f 1404//1404 1388//1388 1389//1389
f 1404//1404 1389//1389 1405//1405
f 1405//1405 1389//1389 1390//1390
f 1405//1405 1390//1390 1406//1406
f 1406//1406 1390//1390 1391//1391
f 1406//1406 1391//1391 1407//1407
f 1407//1407 1391//1391 1392//1392
f 1407//1407 1392//1392 1408//1408
f 1408//1408 1392//1392 1393//1393
f 1408//1408 1393//1393 1409//1409
f 1409//1409 1393//1393 1394//1394
f 1409//1409 1394//1394 1410//1410
f 1410//1410 1394//1394 1395//1395
f 1410//1410 1395//1395 1411//1411
f 1411//1411 1395//1395 1396//1396
f 1411//1411 1396//1396 1412//1412
f 1412//1412 1396//1396 1397//1397
f 1412//1412 1397//1397 1413//1413
f 1413//1413 1397//1397 1398//1398
f 1413//1413 1398//1398 1414//1414
f 1414//1414 1398//1398 1399//1399
f 1414//1414 1399//1399 1415//1415
f 1415//1415 1399//1399 564//564
f 1415//1415 564//564 410//410
f 410//410 564//564 405//405
f 410//410 412//412 1415//1415
f 1415//1415 412//412 859//859
f 1415//1415 859//859 1414//1414
f 1414//1414 859//859 860//860
f 1414//1414 860//860 1413//1413
f 1413//1413 860//860 862//862
f 1413//1413 862//862 1412//1412
f 1412//1412 862//862 864//864
f 1412//1412 864//864 1411//1411
f 1411//1411 864//864 866//866
f 1411//1411 866//866 1410//1410
f 1410//1410 866//866 868//868
f 1410//1410 868//868 1409//1409
f 1409//1409 868//868 870//870
f 1409//1409 870//870 1408//1408
f 1408//1408 870//870 872//872
f 1408//1408 872//872 1407//1407
f 1407//1407 872//872 874//874
f 1407//1407 874//874 1406//1406
f 1406//1406 874//874 876//876
f 1406//1406 876//876 1405//1405
f 1405//1405 876//876 878//878
f 1405//1405 878//878 1404//1404
f 1404//1404 878//878 880//880
f 1404//1404 880//880 1403//1403
f 1403//1403 880//880 882//882
f 1403//1403 882//882 1402//1402
f 1402//1402 882//882 884//884
f 1402//1402 884//884 1401//1401
f 1401//1401 884//884 886//886
f 1401//1401 886//886 1400//1400
f 1400//1400 886//886 1416//1416
f 506//506 505//505 886//886
f 886//886 505//505 1417//1417
f 886//886 1417//1417 1416//1416
f 1418//1418 504//504 1419//1419
f 1419//1419 504//504 506//506
f 1419//1419 506//506 1420//1420
f 1420//1420 506//506 885//885
f 1420//1420 885//885 1421//1421
f 1421//1421 885//885 883//883
f 1421//1421 883//883 1422//1422
f 1422//1422 883//883 881//881
f 1422//1422 881//881 1423//1423
f 1423//1423 881//881 879//879
f 1423//1423 879//879 1424//1424
f 1424//1424 879//879 877//877
f 1424//1424 877//877 1425//1425
f 1425//1425 877//877 875//875
f 1425//1425 875//875 1426//1426
f 1426//1426 875//875 873//873
f 1426//1426 873//873 1427//1427
f 1427//1427 873//873 871//871
f 1427//1427 871//871 1428//1428
f 1428//1428 871//871 869//869
f 1428//1428 869//869 1429//1429
f 1429//1429 869//869 867//867
f 1429//1429 867//867 1430//1430
f 1430//1430 867//867 865//865
f 1430//1430 865//865 1431//1431
f 1431//1431 865//865 863//863
f 1431//1431 863//863 1432//1432
f 1432//1432 863//863 861//861
f 1432//1432 861//861 562//562
f 562//562 861//861 563//563
f 562//562 563//563 320//320
f 320//320 563//563 415//415
f 319//319 416//416 562//562
f 562//562 416//416 1433//1433
f 562//562 1433//1433 1432//1432
f 1432//1432 1433//1433 1434//1434
f 1432//1432 1434//1434 1431//1431
f 1431//1431 1434//1434 1435//1435
f 1431//1431 1435//1435 1430//1430
f 1430//1430 1435//1435 1436//1436
f 1430//1430 1436//1436 1429//1429
f 1429//1429 1436//1436 1437//1437
f 1429//1429 1437//1437 1428//1428
f 1428//1428 1437//1437 1438//1438
f 1428//1428 1438//1438 1427//1427
f 1427//1427 1438//1438 1439//1439
f 1427//1427 1439//1439 1426//1426
f 1426//1426 1439//1439 1440//1440
f 1426//1426 1440//1440 1425//1425
f 1425//1425 1440//1440 1441//1441
f 1425//1425 1441//1441 1424//1424
f 1424//1424 1441//1441 1442//1442
f 1424//1424 1442//1442 1423//1423
f 1423//1423 1442//1442 1443//1443
f 1423//1423 1443//1443 1422//1422
f 1422//1422 1443//1443 1444//1444
f 1422//1422 1444//1444 1421//1421
f 1421//1421 1444//1444 1445//1445
f 1421//1421 1445//1445 1420//1420
f 1420//1420 1445//1445 1446//1446
f 1420//1420 1446//1446 1419//1419
f 1419//1419 1446//1446 503//503
f 1419//1419 503//503 1418//1418
f 1418//1418 503//503 502//502
f 1447//1447 501//501 1448//1448
f 1448//1448 501//501 503//503
f 1448//1448 503//503 1449//1449
f 1449//1449 503//503 1446//1446
f 1449//1449 1446//1446 1450//1450
f 1450//1450 1446//1446 1445//1445
f 1450//1450 1445//1445 1451//1451
f 1451//1451 1445//1445 1444//1444
f 1451//1451 1444//1444 1452//1452
f 1452//1452 1444//1444 1443//1443
f 1452//1452 1443//1443 1453//1453
f 1453//1453 1443//1443 1442//1442
f 1453//1453 1442//1442 1454//1454
f 1454//1454 1442//1442 1441//1441
f 1454//1454 1441//1441 1455//1455
f 1455//1455 1441//1441 1440//1440
f 1455//1455 1440//1440 1456//1456
f 1456//1456 1440//1440 1439//1439
f 1456//1456 1439//1439 1457//1457
f 1457//1457 1439//1439 1438//1438
f 1457//1457 1438//1438 1458//1458
f 1458//1458 1438//1438 1437//1437
f 1458//1458 1437//1437 1459//1459
f 1459//1459 1437//1437 1436//1436
f 1459//1459 1436//1436 1460//1460
f 1460//1460 1436//1436 1435//1435
f 1460//1460 1435//1435 1461//1461
f 1461//1461 1435//1435 1434//1434
f 1461//1461 1434//1434 1462//1462
f 1462//1462 1434//1434 1433//1433
f 1462//1462 1433//1433 418//418
f 418//418 1433//1433 416//416
f 418//418 424//424 1462//1462
f 1462//1462 424//424 561//561
f 1462//1462 561//561 1461//1461
f 1461//1461 561//561 1463//1463
f 1461//1461 1463//1463 1460//1460
f 1460//1460 1463//1463 1464//1464
f 1460//1460 1464//1464 1459//1459
f 1459//1459 1464//1464 1465//1465
f 1459//1459 1465//1465 1458//1458
f 1458//1458 1465//1465 1466//1466
f 1458//1458 1466//1466 1457//1457
f 1457//1457 1466//1466 1467//1467
f 1457//1457 1467//1467 1456//1456
f 1456//1456 1467//1467 1468//1468
f 1456//1456 1468//1468 1455//1455
f 1455//1455 1468//1468 1469//1469
f 1455//1455 1469//1469 1454//1454
f 1454//1454 1469//1469 1470//1470
f 1454//1454 1470//1470 1453//1453
f 1453//1453 1470//1470 1471//1471
f 1453//1453 1471//1471 1452//1452
f 1452//1452 1471//1471 1472//1472
f 1452//1452 1472//1472 1451//1451
f 1451//1451 1472//1472 1473//1473
f 1451//1451 1473//1473 1450//1450
f 1450//1450 1473//1473 1474//1474
f 1450//1450 1474//1474 1449//1449
f 1449//1449 1474//1474 1475//1475
f 1449//1449 1475//1475 1448//1448
f 1448//1448 1475//1475 500//500
f 1448//1448 500//500 1447//1447
f 1447//1447 500//500 499//499
f 496//496 498//498 497//497
f 497//497 498//498 500//500
f 497//497 500//500 1476//1476
f 1476//1476 500//500 1475//1475
f 1476//1476 1475//1475 1477//1477
f 1477//1477 1475//1475 1474//1474
f 1477//1477 1474//1474 1478//1478
f 1478//1478 1474//1474 1473//1473
f 1478//1478 1473//1473 1479//1479
f 1479//1479 1473//1473 1472//1472
f 1479//1479 1472//1472 1480//1480
f 1480//1480 1472//1472 1471//1471
f 1480//1480 1471//1471 1481//1481
f 1481//1481 1471//1471 1470//1470
f 1481//1481 1470//1470 1482//1482
f 1482//1482 1470//1470 1469//1469
f 1482//1482 1469//1469 1483//1483
f 1483//1483 1469//1469 1468//1468
f 1483//1483 1468//1468 1484//1484
f 1484//1484 1468//1468 1467//1467
f 1484//1484 1467//1467 1485//1485
f 1485//1485 1467//1467 1466//1466
f 1485//1485 1466//1466 1486//1486
f 1486//1486 1466//1466 1465//1465
f 1486//1486 1465//1465 1487//1487
f 1487//1487 1465//1465 1464//1464
f 1487//1487 1464//1464 1488//1488
f 1488//1488 1464//1464 1463//1463
f 1488//1488 1463//1463 1489//1489
f 1489//1489 1463//1463 561//561
f 1489//1489 561//561 421//421
f 421//421 561//561 422//422
f 1490//1490 495//495 1491//1491
f 1491//1491 495//495 497//497
f 1491//1491 497//497 1492//1492
f 1492//1492 497//497 1476//1476
f 1492//1492 1476//1476 1493//1493
f 1493//1493 1476//1476 1477//1477
f 1493//1493 1477//1477 1494//1494
f 1494//1494 1477//1477 1478//1478
f 1494//1494 1478//1478 1495//1495
f 1495//1495 1478//1478 1479//1479
f 1495//1495 1479//1479 1496//1496
f 1496//1496 1479//1479 1480//1480
f 1496//1496 1480//1480 1497//1497
f 1497//1497 1480//1480 1481//1481
f 1497//1497 1481//1481 1498//1498
f 1498//1498 1481//1481 1482//1482
f 1498//1498 1482//1482 1499//1499
f 1499//1499 1482//1482 1483//1483
f 1499//1499 1483//1483 1500//1500
f 1500//1500 1483//1483 1484//1484
f 1500//1500 1484//1484 1501//1501
f 1501//1501 1484//1484 1485//1485
f 1501//1501 1485//1485 1502//1502
f 1502//1502 1485//1485 1486//1486
f 1502//1502 1486//1486 1503//1503
f 1503//1503 1486//1486 1487//1487
f 1503//1503 1487//1487 1504//1504
f 1504//1504 1487//1487 1488//1488
f 1504//1504 1488//1488 1505//1505
f 1505//1505 1488//1488 1489//1489
f 1505//1505 1489//1489 429//429
f 429//429 1489//1489 421//421
f 429//429 428//428 1505//1505
f 1505//1505 428//428 560//560
f 1505//1505 560//560 1504//1504
f 1504//1504 560//560 888//888
f 1504//1504 888//888 1503//1503
f 1503//1503 888//888 890//890
f 1503//1503 890//890 1502//1502
f 1502//1502 890//890 892//892
f 1502//1502 892//892 1501//1501
f 1501//1501 892//892 894//894
f 1501//1501 894//894 1500//1500
f 1500//1500 894//894 896//896
f 1500//1500 896//896 1499//1499
f 1499//1499 896//896 898//898
f 1499//1499 898//898 1498//1498
f 1498//1498 898//898 900//900
f 1498//1498 900//900 1497//1497
f 1497//1497 900//900 902//902
f 1497//1497 902//902 1496//1496
f 1496//1496 902//902 904//904
f 1496//1496 904//904 1495//1495
f 1495//1495 904//904 906//906
f 1495//1495 906//906 1494//1494
f 1494//1494 906//906 908//908
f 1494//1494 908//908 1493//1493
f 1493//1493 908//908 910//910
f 1493//1493 910//910 1492//1492
f 1492//1492 910//910 912//912
f 1492//1492 912//912 1491//1491
f 1491//1491 912//912 914//914
f 1491//1491 914//914 1490//1490
f 1490//1490 914//914 1506//1506
f 494//494 493//493 914//914
f 914//914 493//493 1507//1507
f 914//914 1507//1507 1506//1506
f 944//944 492//492 942//942
f 942//942 492//492 494//494
f 942//942 494//494 940//940
f 940//940 494//494 913//913
f 940//940 913//913 938//938
f 938//938 913//913 911//911
f 938//938 911//911 936//936
f 936//936 911//911 909//909
f 936//936 909//909 934//934
f 934//934 909//909 907//907
f 934//934 907//907 932//932
f 932//932 907//907 905//905
f 932//932 905//905 930//930
f 930//930 905//905 903//903
f 930//930 903//903 928//928
f 928//928 903//903 901//901
f 928//928 901//901 926//926
f 926//926 901//901 899//899
f 926//926 899//899 924//924
f 924//924 899//899 897//897
f 924//924 897//897 922//922
f 922//922 897//897 895//895
f 922//922 895//895 920//920
f 920//920 895//895 893//893
f 920//920 893//893 918//918
f 918//918 893//893 891//891
f 918//918 891//891 916//916
f 916//916 891//891 889//889
f 916//916 889//889 915//915
f 915//915 889//889 887//887
f 915//915 887//887 432//432
f 432//432 887//887 430//430
f 1508//1508 1509//1509 943//943
f 943//943 1509//1509 1510//1510
f 943//943 1510//1510 944//944
f 1511//1511 1512//1512 973//973
f 973//973 1512//1512 1508//1508
f 973//973 1508//1508 972//972
f 972//972 1508//1508 943//943
f 972//972 943//943 970//970
f 970//970 943//943 941//941
f 970//970 941//941 968//968
f 968//968 941//941 939//939
f 968//968 939//939 966//966
f 966//966 939//939 937//937
f 966//966 937//937 964//964
f 964//964 937//937 935//935
f 964//964 935//935 962//962
f 962//962 935//935 933//933
f 962//962 933//933 960//960
f 960//960 933//933 931//931
f 960//960 931//931 958//958
f 958//958 931//931 929//929
f 958//958 929//929 956//956
f 956//956 929//929 927//927
f 956//956 927//927 954//954
f 954//954 927//927 925//925
f 954//954 925//925 952//952
f 952//952 925//925 923//923
f 952//952 923//923 950//950
f 950//950 923//923 921//921
f 950//950 921//921 948//948
f 948//948 921//921 919//919
f 948//948 919//919 946//946
f 946//946 919//919 917//917
f 946//946 917//917 558//558
f 558//558 917//917 559//559
f 558//558 559//559 317//317
f 317//317 559//559 435//435
f 490//490 1511//1511 491//491
f 491//491 1511//1511 973//973
f 491//491 973//973 1513//1513
f 1513//1513 973//973 971//971
f 1513//1513 971//971 1514//1514
f 1514//1514 971//971 969//969
f 1514//1514 969//969 1515//1515
f 1515//1515 969//969 967//967
f 1515//1515 967//967 1516//1516
f 1516//1516 967//967 965//965
f 1516//1516 965//965 1517//1517
f 1517//1517 965//965 963//963
f 1517//1517 963//963 1518//1518
f 1518//1518 963//963 961//961
f 1518//1518 961//961 1519//1519
f 1519//1519 961//961 959//959
f 1519//1519 959//959 1520//1520
f 1520//1520 959//959 957//957
f 1520//1520 957//957 1521//1521
f 1521//1521 957//957 955//955
f 1521//1521 955//955 1522//1522
f 1522//1522 955//955 953//953
f 1522//1522 953//953 1523//1523
f 1523//1523 953//953 951//951
f 1523//1523 951//951 1524//1524
f 1524//1524 951//951 949//949
f 1524//1524 949//949 1525//1525
f 1525//1525 949//949 947//947
f 1525//1525 947//947 1526//1526
f 1526//1526 947//947 945//945
f 1526//1526 945//945 438//438
f 438//438 945//945 436//436
f 1527//1527 489//489 1528//1528
f 1528//1528 489//489 491//491
f 1528//1528 491//491 1529//1529
f 1529//1529 491//491 1513//1513
f 1529//1529 1513//1513 1530//1530
f 1530//1530 1513//1513 1514//1514
f 1530//1530 1514//1514 1531//1531
f 1531//1531 1514//1514 1515//1515
f 1531//1531 1515//1515 1532//1532
f 1532//1532 1515//1515 1516//1516
f 1532//1532 1516//1516 1533//1533
f 1533//1533 1516//1516 1517//1517
f 1533//1533 1517//1517 1534//1534
f 1534//1534 1517//1517 1518//1518
f 1534//1534 1518//1518 1535//1535
f 1535//1535 1518//1518 1519//1519
f 1535//1535 1519//1519 1536//1536
f 1536//1536 1519//1519 1520//1520
f 1536//1536 1520//1520 1537//1537
f 1537//1537 1520//1520 1521//1521
f 1537//1537 1521//1521 1538//1538
f 1538//1538 1521//1521 1522//1522
f 1538//1538 1522//1522 1539//1539
f 1539//1539 1522//1522 1523//1523
f 1539//1539 1523//1523 1540//1540
f 1540//1540 1523//1523 1524//1524
f 1540//1540 1524//1524 1541//1541
f 1541//1541 1524//1524 1525//1525
f 1541//1541 1525//1525 557//557
f 557//557 1525//1525 1526//1526
f 557//557 1526//1526 444//444
f 444//444 1526//1526 438//438
f 442//442 441//441 557//557
f 557//557 441//441 1542//1542
f 557//557 1542//1542 1541//1541
f 1541//1541 1542//1542 1543//1543
f 1541//1541 1543//1543 1540//1540
f 1540//1540 1543//1543 1544//1544
f 1540//1540 1544//1544 1539//1539
f 1539//1539 1544//1544 1545//1545
f 1539//1539 1545//1545 1538//1538
f 1538//1538 1545//1545 1546//1546
f 1538//1538 1546//1546 1537//1537
f 1537//1537 1546//1546 1547//1547
f 1537//1537 1547//1547 1536//1536
f 1536//1536 1547//1547 1548//1548
f 1536//1536 1548//1548 1535//1535
f 1535//1535 1548//1548 1549//1549
f 1535//1535 1549//1549 1534//1534
f 1534//1534 1549//1549 1550//1550
f 1534//1534 1550//1550 1533//1533
f 1533//1533 1550//1550 1551//1551
f 1533//1533 1551//1551 1532//1532
f 1532//1532 1551//1551 1552//1552
f 1532//1532 1552//1552 1531//1531
f 1531//1531 1552//1552 1553//1553
f 1531//1531 1553//1553 1530//1530
f 1530//1530 1553//1553 1554//1554
f 1530//1530 1554//1554 1529//1529
f 1529//1529 1554//1554 1555//1555
f 1529//1529 1555//1555 1528//1528
f 1528//1528 1555//1555 488//488
f 1528//1528 488//488 1527//1527
f 1527//1527 488//488 487//487
f 484//484 486//486 485//485
f 485//485 486//486 488//488
f 485//485 488//488 1556//1556
f 1556//1556 488//488 1555//1555
f 1556//1556 1555//1555 1557//1557
f 1557//1557 1555//1555 1554//1554
f 1557//1557 1554//1554 1558//1558
f 1558//1558 1554//1554 1553//1553
f 1558//1558 1553//1553 1559//1559
f 1559//1559 1553//1553 1552//1552
f 1559//1559 1552//1552 1560//1560
f 1560//1560 1552//1552 1551//1551
f 1560//1560 1551//1551 1561//1561
f 1561//1561 1551//1551 1550//1550
f 1561//1561 1550//1550 1562//1562
f 1562//1562 1550//1550 1549//1549
f 1562//1562 1549//1549 1563//1563
f 1563//1563 1549//1549 1548//1548
f 1563//1563 1548//1548 1564//1564
f 1564//1564 1548//1548 1547//1547
f 1564//1564 1547//1547 1565//1565
f 1565//1565 1547//1547 1546//1546
f 1565//1565 1546//1546 1566//1566
f 1566//1566 1546//1546 1545//1545
f 1566//1566 1545//1545 1567//1567
f 1567//1567 1545//1545 1544//1544
f 1567//1567 1544//1544 1568//1568
f 1568//1568 1544//1544 1543//1543
f 1568//1568 1543//1543 1569//1569
f 1569//1569 1543//1543 1542//1542
f 1569//1569 1542//1542 449//449
f 449//449 1542//1542 441//441
f 1003//1003 483//483 1001//1001
f 1001//1001 483//483 485//485
f 1001//1001 485//485 999//999
f 999//999 485//485 1556//1556
f 999//999 1556//1556 997//997
f 997//997 1556//1556 1557//1557
f 997//997 1557//1557 995//995
f 995//995 1557//1557 1558//1558
f 995//995 1558//1558 993//993
f 993//993 1558//1558 1559//1559
f 993//993 1559//1559 991//991
f 991//991 1559//1559 1560//1560
f 991//991 1560//1560 989//989
f 989//989 1560//1560 1561//1561
f 989//989 1561//1561 987//987
f 987//987 1561//1561 1562//1562
f 987//987 1562//1562 985//985
f 985//985 1562//1562 1563//1563
f 985//985 1563//1563 983//983
f 983//983 1563//1563 1564//1564
f 983//983 1564//1564 981//981
f 981//981 1564//1564 1565//1565
f 981//981 1565//1565 979//979
f 979//979 1565//1565 1566//1566
f 979//979 1566//1566 977//977
f 977//977 1566//1566 1567//1567
f 977//977 1567//1567 975//975
f 975//975 1567//1567 1568//1568
f 975//975 1568//1568 556//556
f 556//556 1568//1568 1569//1569
f 556//556 1569//1569 448//448
f 448//448 1569//1569 449//449
f 1570//1570 1571//1571 1002//1002
f 1002//1002 1571//1571 1572//1572
f 1002//1002 1572//1572 1003//1003
f 1573//1573 1574//1574 1032//1032
f 1032//1032 1574//1574 1570//1570
f 1032//1032 1570//1570 1031//1031
f 1031//1031 1570//1570 1002//1002
f 1031//1031 1002//1002 1029//1029
f 1029//1029 1002//1002 1000//1000
f 1029//1029 1000//1000 1027//1027
f 1027//1027 1000//1000 998//998
f 1027//1027 998//998 1025//1025
f 1025//1025 998//998 996//996
f 1025//1025 996//996 1023//1023
f 1023//1023 996//996 994//994
f 1023//1023 994//994 1021//1021
f 1021//1021 994//994 992//992
f 1021//1021 992//992 1019//1019
f 1019//1019 992//992 990//990
f 1019//1019 990//990 1017//1017
f 1017//1017 990//990 988//988
f 1017//1017 988//988 1015//1015
f 1015//1015 988//988 986//986
f 1015//1015 986//986 1013//1013
f 1013//1013 986//986 984//984
f 1013//1013 984//984 1011//1011
f 1011//1011 984//984 982//982
f 1011//1011 982//982 1009//1009
f 1009//1009 982//982 980//980
f 1009//1009 980//980 1007//1007
f 1007//1007 980//980 978//978
f 1007//1007 978//978 1005//1005
f 1005//1005 978//978 976//976
f 1005//1005 976//976 1004//1004
f 1004//1004 976//976 974//974
f 1004//1004 974//974 452//452
f 452//452 974//974 450//450
f 481//481 1573//1573 482//482
f 482//482 1573//1573 1032//1032
f 482//482 1032//1032 1575//1575
f 1575//1575 1032//1032 1030//1030
f 1575//1575 1030//1030 1576//1576
f 1576//1576 1030//1030 1028//1028
f 1576//1576 1028//1028 1577//1577
f 1577//1577 1028//1028 1026//1026
f 1577//1577 1026//1026 1578//1578
f 1578//1578 1026//1026 1024//1024
f 1578//1578 1024//1024 1579//1579
f 1579//1579 1024//1024 1022//1022
f 1579//1579 1022//1022 1580//1580
f 1580//1580 1022//1022 1020//1020
f 1580//1580 1020//1020 1581//1581
f 1581//1581 1020//1020 1018//1018
f 1581//1581 1018//1018 1582//1582
f 1582//1582 1018//1018 1016//1016
f 1582//1582 1016//1016 1583//1583
f 1583//1583 1016//1016 1014//1014
f 1583//1583 1014//1014 1584//1584
f 1584//1584 1014//1014 1012//1012
f 1584//1584 1012//1012 1585//1585
f 1585//1585 1012//1012 1010//1010
f 1585//1585 1010//1010 1586//1586
f 1586//1586 1010//1010 1008//1008
f 1586//1586 1008//1008 1587//1587
f 1587//1587 1008//1008 1006//1006
f 1587//1587 1006//1006 554//554
f 554//554 1006//1006 555//555
f 554//554 555//555 314//314
f 314//314 555//555 455//455
f 1588//1588 480//480 1589//1589
f 1589//1589 480//480 482//482
f 1589//1589 482//482 1590//1590
f 1590//1590 482//482 1575//1575
f 1590//1590 1575//1575 1591//1591
f 1591//1591 1575//1575 1576//1576
f 1591//1591 1576//1576 1592//1592
f 1592//1592 1576//1576 1577//1577
f 1592//1592 1577//1577 1593//1593
f 1593//1593 1577//1577 1578//1578
f 1593//1593 1578//1578 1594//1594
f 1594//1594 1578//1578 1579//1579
f 1594//1594 1579//1579 1595//1595
f 1595//1595 1579//1579 1580//1580
f 1595//1595 1580//1580 1596//1596
f 1596//1596 1580//1580 1581//1581
f 1596//1596 1581//1581 1597//1597
f 1597//1597 1581//1581 1582//1582
f 1597//1597 1582//1582 1598//1598
f 1598//1598 1582//1582 1583//1583
f 1598//1598 1583//1583 1599//1599
f 1599//1599 1583//1583 1584//1584
f 1599//1599 1584//1584 1600//1600
f 1600//1600 1584//1584 1585//1585
f 1600//1600 1585//1585 1601//1601
f 1601//1601 1585//1585 1586//1586
f 1601//1601 1586//1586 1602//1602
f 1602//1602 1586//1586 1587//1587
f 1602//1602 1587//1587 1603//1603
f 1603//1603 1587//1587 554//554
f 1603//1603 554//554 456//456
f 456//456 554//554 313//313
f 456//456 458//458 1603//1603
f 1603//1603 458//458 1604//1604
f 1603//1603 1604//1604 1602//1602
f 1602//1602 1604//1604 1605//1605
f 1602//1602 1605//1605 1601//1601
f 1601//1601 1605//1605 1606//1606
f 1601//1601 1606//1606 1600//1600
f 1600//1600 1606//1606 1607//1607
f 1600//1600 1607//1607 1599//1599
f 1599//1599 1607//1607 1608//1608
f 1599//1599 1608//1608 1598//1598
f 1598//1598 1608//1608 1609//1609
f 1598//1598 1609//1609 1597//1597
f 1597//1597 1609//1609 1610//1610
f 1597//1597 1610//1610 1596//1596
f 1596//1596 1610//1610 1611//1611
f 1596//1596 1611//1611 1595//1595
f 1595//1595 1611//1611 1612//1612
f 1595//1595 1612//1612 1594//1594
f 1594//1594 1612//1612 1613//1613
f 1594//1594 1613//1613 1593//1593
f 1593//1593 1613//1613 1614//1614
f 1593//1593 1614//1614 1592//1592
f 1592//1592 1614//1614 1615//1615
f 1592//1592 1615//1615 1591//1591
f 1591//1591 1615//1615 1616//1616
f 1591//1591 1616//1616 1590//1590
f 1590//1590 1616//1616 1617//1617
f 1590//1590 1617//1617 1589//1589
f 1589//1589 1617//1617 479//479
f 1589//1589 479//479 1588//1588
f 1588//1588 479//479 478//478
f 475//475 477//477 476//476
f 476//476 477//477 479//479
f 476//476 479//479 1618//1618
f 1618//1618 479//479 1617//1617
f 1618//1618 1617//1617 1619//1619
f 1619//1619 1617//1617 1616//1616
f 1619//1619 1616//1616 1620//1620
f 1620//1620 1616//1616 1615//1615
f 1620//1620 1615//1615 1621//1621
f 1621//1621 1615//1615 1614//1614
f 1621//1621 1614//1614 1622//1622
f 1622//1622 1614//1614 1613//1613
f 1622//1622 1613//1613 1623//1623
f 1623//1623 1613//1613 1612//1612
f 1623//1623 1612//1612 1624//1624
f 1624//1624 1612//1612 1611//1611
f 1624//1624 1611//1611 1625//1625
f 1625//1625 1611//1611 1610//1610
f 1625//1625 1610//1610 1626//1626
f 1626//1626 1610//1610 1609//1609
f 1626//1626 1609//1609 1627//1627
f 1627//1627 1609//1609 1608//1608
f 1627//1627 1608//1608 1628//1628
f 1628//1628 1608//1608 1607//1607
f 1628//1628 1607//1607 1629//1629
f 1629//1629 1607//1607 1606//1606
f 1629//1629 1606//1606 1630//1630
f 1630//1630 1606//1606 1605//1605
f 1630//1630 1605//1605 553//553
f 553//553 1605//1605 1604//1604
f 553//553 1604//1604 465//465
f 465//465 1604//1604 458//458
f 1063//1063 474//474 1061//1061
f 1061//1061 474//474 476//476
f 1061//1061 476//476 1059//1059
f 1059//1059 476//476 1618//1618
f 1059//1059 1618//1618 1057//1057
f 1057//1057 1618//1618 1619//1619
f 1057//1057 1619//1619 1055//1055
f 1055//1055 1619//1619 1620//1620
f 1055//1055 1620//1620 1053//1053
f 1053//1053 1620//1620 1621//1621
f 1053//1053 1621//1621 1051//1051
f 1051//1051 1621//1621 1622//1622
f 1051//1051 1622//1622 1049//1049
f 1049//1049 1622//1622 1623//1623
f 1049//1049 1623//1623 1047//1047
f 1047//1047 1623//1623 1624//1624
f 1047//1047 1624//1624 1045//1045
f 1045//1045 1624//1624 1625//1625
f 1045//1045 1625//1625 1043//1043
f 1043//1043 1625//1625 1626//1626
f 1043//1043 1626//1626 1041//1041
f 1041//1041 1626//1626 1627//1627
f 1041//1041 1627//1627 1039//1039
f 1039//1039 1627//1627 1628//1628
f 1039//1039 1628//1628 1037//1037
f 1037//1037 1628//1628 1629//1629
f 1037//1037 1629//1629 1035//1035
f 1035//1035 1629//1629 1630//1630
f 1035//1035 1630//1630 1033//1033
f 1033//1033 1630//1630 553//553
f 1033//1033 553//553 461//461
f 461//461 553//553 463//463
f 1631//1631 1632//1632 1062//1062
f 1062//1062 1632//1632 1633//1633
f 1062//1062 1633//1633 1063//1063
f 1079//1079 1634//1634 609//609
f 609//609 1634//1634 1635//1635
f 609//609 1635//1635 608//608
f 608//608 1635//1635 1631//1631
f 608//608 1631//1631 1077//1077
f 1077//1077 1631//1631 1062//1062
f 1077//1077 1062//1062 1076//1076
f 1076//1076 1062//1062 1060//1060
f 1076//1076 1060//1060 1075//1075
f 1075//1075 1060//1060 1058//1058
f 1075//1075 1058//1058 1074//1074
f 1074//1074 1058//1058 1056//1056
f 1074//1074 1056//1056 1073//1073
f 1073//1073 1056//1056 1054//1054
f 1073//1073 1054//1054 1072//1072
f 1072//1072 1054//1054 1052//1052
f 1072//1072 1052//1052 1071//1071
f 1071//1071 1052//1052 1050//1050
f 1071//1071 1050//1050 1070//1070
f 1070//1070 1050//1050 1048//1048
f 1070//1070 1048//1048 1069//1069
f 1069//1069 1048//1048 1046//1046
f 1069//1069 1046//1046 1068//1068
f 1068//1068 1046//1046 1044//1044
f 1068//1068 1044//1044 1067//1067
f 1067//1067 1044//1044 1042//1042
f 1067//1067 1042//1042 1066//1066
f 1066//1066 1042//1042 1040//1040
f 1066//1066 1040//1040 1065//1065
f 1065//1065 1040//1040 1038//1038
f 1065//1065 1038//1038 1064//1064
f 1064//1064 1038//1038 1036//1036
f 1064//1064 1036//1036 552//552
f 552//552 1036//1036 1034//1034
f 552//552 1034//1034 466//466
f 466//466 1034//1034 460//460
f 1079//1079 1078//1078 1636//1636
f 1636//1636 1078//1078 550//550
f 1636//1636 550//550 1637//1637
f 1637//1637 550//550 549//549
f 1637//1637 549//549 1638//1638
f 1638//1638 549//549 547//547
f 1638//1638 547//547 1639//1639
f 1639//1639 547//547 546//546
f 1639//1639 546//546 1640//1640
f 1640//1640 546//546 1641//1641
f 546//546 1121//1121 1641//1641
f 1641//1641 1121//1121 1137//1137
f 1641//1641 1137//1137 1642//1642
f 1642//1642 1137//1137 1138//1138
f 1642//1642 1138//1138 1643//1643
f 1643//1643 1138//1138 544//544
f 1643//1643 544//544 1644//1644
f 1644//1644 544//544 543//543
f 1644//1644 543//543 1645//1645
f 1645//1645 543//543 1139//1139
f 1645//1645 1139//1139 1646//1646
f 1646//1646 1139//1139 541//541
f 1646//1646 541//541 1647//1647
f 1647//1647 541//541 540//540
f 1647//1647 540//540 1648//1648
f 1648//1648 540//540 1168//1168
f 1648//1648 1168//1168 1649//1649
f 1168//1168 538//538 1649//1649
f 1649//1649 538//538 537//537
f 1649//1649 537//537 1650//1650
f 1650//1650 537//537 535//535
f 1650//1650 535//535 1651//1651
f 1651//1651 535//535 534//534
f 1651//1651 534//534 1652//1652
f 1652//1652 534//534 1211//1211
f 1652//1652 1211//1211 1653//1653
f 1653//1653 1211//1211 1226//1226
f 1653//1653 1226//1226 1654//1654
f 1654//1654 1226//1226 1227//1227
f 1654//1654 1227//1227 1655//1655
f 1655//1655 1227//1227 532//532
f 1655//1655 532//532 1656//1656
f 1656//1656 532//532 531//531
f 1656//1656 531//531 1657//1657
f 1657//1657 531//531 696//696
f 1657//1657 696//696 1658//1658
f 1658//1658 696//696 1230//1230
f 1658//1658 1230//1230 1659//1659
f 1230//1230 1229//1229 1659//1659
f 1659//1659 1229//1229 1228//1228
f 1659//1659 1228//1228 1660//1660
f 1660//1660 1228//1228 1232//1232
f 1660//1660 1232//1232 1661//1661
f 1661//1661 1232//1232 1231//1231
f 1661//1661 1231//1231 1662//1662
f 1662//1662 1231//1231 529//529
f 1662//1662 529//529 1663//1663
f 1663//1663 529//529 528//528
f 1663//1663 528//528 1664//1664
f 1664//1664 528//528 1247//1247
f 1664//1664 1247//1247 1665//1665
f 1665//1665 1247//1247 526//526
f 1665//1665 526//526 1666//1666
f 1666//1666 526//526 525//525
f 1666//1666 525//525 1667//1667
f 1667//1667 525//525 523//523
f 1667//1667 523//523 1668//1668
f 516//516 1669//1669 1670//1670
f 523//523 522//522 1668//1668
f 1668//1668 522//522 756//756
f 1668//1668 756//756 1671//1671
f 1671//1671 756//756 1291//1291
f 1671//1671 1291//1291 1672//1672
f 1672//1672 1291//1291 1290//1290
f 1672//1672 1290//1290 1673//1673
f 1673//1673 1290//1290 1289//1289
f 1673//1673 1289//1289 1674//1674
f 1674//1674 1289//1289 1293//1293
f 1674//1674 1293//1293 1675//1675
f 1675//1675 1293//1293 1292//1292
f 1675//1675 1292//1292 1676//1676
f 1676//1676 1292//1292 520//520
f 1676//1676 520//520 1677//1677
f 1677//1677 520//520 519//519
f 1677//1677 519//519 1678//1678
f 1678//1678 519//519 1308//1308
f 1678//1678 1308//1308 1670//1670
f 1670//1670 1308//1308 517//517
f 1670//1670 517//517 516//516
f 1669//1669 516//516 1679//1679
f 1679//1679 516//516 514//514
f 1679//1679 514//514 1680//1680
f 1680//1680 514//514 513//513
f 1680//1680 513//513 1681//1681
f 1681//1681 513//513 814//814
f 1681//1681 814//814 1682//1682
f 814//814 1353//1353 1682//1682
f 1682//1682 1353//1353 1352//1352
f 1682//1682 1352//1352 1683//1683
f 1683//1683 1352//1352 1351//1351
f 1683//1683 1351//1351 1684//1684
f 1684//1684 1351//1351 1356//1356
f 1684//1684 1356//1356 1685//1685
f 1685//1685 1356//1356 1355//1355
f 1685//1685 1355//1355 1686//1686
f 1686//1686 1355//1355 1354//1354
f 1686//1686 1354//1354 1687//1687
f 1687//1687 1354//1354 1688//1688
f 1354//1354 1357//1357 1688//1688
f 1688//1688 1357//1357 511//511
f 1688//1688 511//511 1689//1689
f 1689//1689 511//511 510//510
f 1689//1689 510//510 1690//1690
f 1690//1690 510//510 508//508
f 1690//1690 508//508 1691//1691
f 1691//1691 508//508 507//507
f 1691//1691 507//507 1692//1692
f 1692//1692 507//507 1693//1693
f 507//507 1400//1400 1693//1693
f 1693//1693 1400//1400 1416//1416
f 1693//1693 1416//1416 1694//1694
f 1694//1694 1416//1416 1417//1417
f 1694//1694 1417//1417 1695//1695
f 1695//1695 1417//1417 505//505
f 1695//1695 505//505 1696//1696
f 1696//1696 505//505 504//504
f 1696//1696 504//504 1697//1697
f 1697//1697 504//504 1418//1418
f 1697//1697 1418//1418 1698//1698
f 1698//1698 1418//1418 502//502
f 1698//1698 502//502 1699//1699
f 1699//1699 502//502 501//501
f 1699//1699 501//501 1700//1700
f 1700//1700 501//501 1447//1447
f 1700//1700 1447//1447 1701//1701
f 1447//1447 499//499 1701//1701
f 1701//1701 499//499 498//498
f 1701//1701 498//498 1702//1702
f 1702//1702 498//498 496//496
f 1702//1702 496//496 1703//1703
f 1703//1703 496//496 495//495
f 1703//1703 495//495 1704//1704
f 1704//1704 495//495 1490//1490
f 1704//1704 1490//1490 1705//1705
f 1705//1705 1490//1490 1506//1506
f 1705//1705 1506//1506 1706//1706
f 1706//1706 1506//1506 1507//1507
f 1706//1706 1507//1507 1707//1707
f 1707//1707 1507//1507 493//493
f 1707//1707 493//493 1708//1708
f 1708//1708 493//493 492//492
f 1708//1708 492//492 1709//1709
f 1709//1709 492//492 944//944
f 1709//1709 944//944 1710//1710
f 1710//1710 944//944 1510//1510
f 1710//1710 1510//1510 1711//1711
f 1510//1510 1509//1509 1711//1711
f 1711//1711 1509//1509 1508//1508
f 1711//1711 1508//1508 1712//1712
f 1712//1712 1508//1508 1512//1512
f 1712//1712 1512//1512 1713//1713
f 1713//1713 1512//1512 1511//1511
f 1713//1713 1511//1511 1714//1714
f 1714//1714 1511//1511 490//490
f 1714//1714 490//490 1715//1715
f 1715//1715 490//490 489//489
f 1715//1715 489//489 1716//1716
f 1716//1716 489//489 1527//1527
f 1716//1716 1527//1527 1717//1717
f 1717//1717 1527//1527 487//487
f 1717//1717 487//487 1718//1718
f 1718//1718 487//487 486//486
f 1718//1718 486//486 1719//1719
f 1719//1719 486//486 484//484
f 1719//1719 484//484 1720//1720
f 477//477 1721//1721 1722//1722
f 484//484 483//483 1720//1720
f 1720//1720 483//483 1003//1003
f 1720//1720 1003//1003 1723//1723
f 1723//1723 1003//1003 1572//1572
f 1723//1723 1572//1572 1724//1724
f 1724//1724 1572//1572 1571//1571
f 1724//1724 1571//1571 1725//1725
f 1725//1725 1571//1571 1570//1570
f 1725//1725 1570//1570 1726//1726
f 1726//1726 1570//1570 1574//1574
f 1726//1726 1574//1574 1727//1727
f 1727//1727 1574//1574 1573//1573
f 1727//1727 1573//1573 1728//1728
f 1728//1728 1573//1573 481//481
f 1728//1728 481//481 1729//1729
f 1729//1729 481//481 480//480
f 1729//1729 480//480 1730//1730
f 1730//1730 480//480 1588//1588
f 1730//1730 1588//1588 1722//1722
f 1722//1722 1588//1588 478//478
f 1722//1722 478//478 477//477
f 1721//1721 477//477 1731//1731
f 1731//1731 477//477 475//475
f 1731//1731 475//475 1732//1732
f 1732//1732 475//475 474//474
f 1732//1732 474//474 1733//1733
f 1733//1733 474//474 1063//1063
f 1733//1733 1063//1063 1734//1734
f 1063//1063 1633//1633 1734//1734
f 1734//1734 1633//1633 1632//1632
f 1734//1734 1632//1632 1735//1735
f 1735//1735 1632//1632 1631//1631
f 1735//1735 1631//1631 1736//1736
f 1736//1736 1631//1631 1635//1635
f 1736//1736 1635//1635 1737//1737
f 1737//1737 1635//1635 1634//1634
f 1737//1737 1634//1634 1738//1738
f 1738//1738 1634//1634 1079//1079
f 1738//1738 1079//1079 1739//1739
f 1739//1739 1079//1079 1636//1636
f 1642//1642 1740//1740 1641//1641
f 1641//1641 1740//1740 1741//1741
f 1641//1641 1741//1741 1640//1640
f 1640//1640 1741//1741 1742//1742
f 1640//1640 1742//1742 1639//1639
f 1639//1639 1742//1742 1743//1743
f 1639//1639 1743//1743 1638//1638
f 1642//1642 1643//1643 1740//1740
f 1740//1740 1643//1643 1644//1644
f 1740//1740 1644//1644 1744//1744
f 1744//1744 1644//1644 1645//1645
f 1744//1744 1645//1645 1745//1745
f 1745//1745 1645//1645 1646//1646
f 1745//1745 1646//1646 1746//1746
f 1746//1746 1646//1646 1647//1647
f 1652//1652 1747//1747 1748//1748
f 1647//1647 1648//1648 1746//1746
f 1746//1746 1648//1648 1649//1649
f 1746//1746 1649//1649 1749//1749
f 1749//1749 1649//1649 1650//1650
f 1749//1749 1650//1650 1748//1748
f 1748//1748 1650//1650 1651//1651
f 1748//1748 1651//1651 1652//1652
f 1657//1657 1750//1750 1751//1751
f 1652//1652 1653//1653 1747//1747
f 1747//1747 1653//1653 1654//1654
f 1747//1747 1654//1654 1752//1752
f 1752//1752 1654//1654 1655//1655
f 1752//1752 1655//1655 1751//1751
f 1751//1751 1655//1655 1656//1656
f 1751//1751 1656//1656 1657//1657
f 1657//1657 1658//1658 1750//1750
f 1750//1750 1658//1658 1659//1659
f 1750//1750 1659//1659 1753//1753
f 1753//1753 1659//1659 1660//1660
f 1753//1753 1660//1660 1754//1754
f 1754//1754 1660//1660 1661//1661
f 1754//1754 1661//1661 1755//1755
f 1755//1755 1661//1661 1662//1662
f 1755//1755 1662//1662 1756//1756
f 1756//1756 1662//1662 1663//1663
f 1663//1663 1664//1664 1756//1756
f 1756//1756 1664//1664 1665//1665
f 1756//1756 1665//1665 1757//1757
f 1757//1757 1665//1665 1666//1666
f 1757//1757 1666//1666 1758//1758
f 1758//1758 1666//1666 1667//1667
f 1758//1758 1667//1667 1759//1759
f 1759//1759 1667//1667 1668//1668
f 1668//1668 1671//1671 1759//1759
f 1759//1759 1671//1671 1672//1672
f 1759//1759 1672//1672 1760//1760
f 1760//1760 1672//1672 1673//1673
f 1760//1760 1673//1673 1761//1761
f 1761//1761 1673//1673 1674//1674
f 1761//1761 1674//1674 1762//1762
f 1762//1762 1674//1674 1675//1675
f 1669//1669 1763//1763 1764//1764
f 1675//1675 1676//1676 1762//1762
f 1762//1762 1676//1676 1677//1677
f 1762//1762 1677//1677 1765//1765
f 1765//1765 1677//1677 1678//1678
f 1765//1765 1678//1678 1764//1764
f 1764//1764 1678//1678 1670//1670
f 1764//1764 1670//1670 1669//1669
f 1683//1683 1766//1766 1767//1767
f 1669//1669 1679//1679 1763//1763
f 1763//1763 1679//1679 1680//1680
f 1763//1763 1680//1680 1768//1768
f 1768//1768 1680//1680 1681//1681
f 1768//1768 1681//1681 1767//1767
f 1767//1767 1681//1681 1682//1682
f 1767//1767 1682//1682 1683//1683
f 1683//1683 1684//1684 1766//1766
f 1766//1766 1684//1684 1685//1685
f 1766//1766 1685//1685 1769//1769
f 1769//1769 1685//1685 1686//1686
f 1769//1769 1686//1686 1770//1770
f 1770//1770 1686//1686 1687//1687
f 1770//1770 1687//1687 1771//1771
f 1771//1771 1687//1687 1688//1688
f 1771//1771 1688//1688 1772//1772
f 1772//1772 1688//1688 1689//1689
f 1689//1689 1690//1690 1772//1772
f 1772//1772 1690//1690 1691//1691
f 1772//1772 1691//1691 1773//1773
f 1773//1773 1691//1691 1692//1692
f 1773//1773 1692//1692 1774//1774
f 1774//1774 1692//1692 1693//1693
f 1774//1774 1693//1693 1775//1775
f 1775//1775 1693//1693 1694//1694
f 1694//1694 1695//1695 1775//1775
f 1775//1775 1695//1695 1696//1696
f 1775//1775 1696//1696 1776//1776
f 1776//1776 1696//1696 1697//1697
f 1776//1776 1697//1697 1777//1777
f 1777//1777 1697//1697 1698//1698
f 1777//1777 1698//1698 1778//1778
f 1778//1778 1698//1698 1699//1699
f 1704//1704 1779//1779 1780//1780
f 1699//1699 1700//1700 1778//1778
f 1778//1778 1700//1700 1701//1701
f 1778//1778 1701//1701 1781//1781
f 1781//1781 1701//1701 1702//1702
f 1781//1781 1702//1702 1780//1780
f 1780//1780 1702//1702 1703//1703
f 1780//1780 1703//1703 1704//1704
f 1709//1709 1782//1782 1783//1783
f 1704//1704 1705//1705 1779//1779
f 1779//1779 1705//1705 1706//1706
f 1779//1779 1706//1706 1784//1784
f 1784//1784 1706//1706 1707//1707
f 1784//1784 1707//1707 1783//1783
f 1783//1783 1707//1707 1708//1708
f 1783//1783 1708//1708 1709//1709
f 1709//1709 1710//1710 1782//1782
f 1782//1782 1710//1710 1711//1711
f 1782//1782 1711//1711 1785//1785
f 1785//1785 1711//1711 1712//1712
f 1785//1785 1712//1712 1786//1786
f 1786//1786 1712//1712 1713//1713
f 1786//1786 1713//1713 1787//1787
f 1787//1787 1713//1713 1714//1714
f 1787//1787 1714//1714 1788//1788
f 1788//1788 1714//1714 1715//1715
f 1715//1715 1716//1716 1788//1788
f 1788//1788 1716//1716 1717//1717
f 1788//1788 1717//1717 1789//1789
f 1789//1789 1717//1717 1718//1718
f 1789//1789 1718//1718 1790//1790
f 1790//1790 1718//1718 1719//1719
f 1790//1790 1719//1719 1791//1791
f 1791//1791 1719//1719 1720//1720
f 1720//1720 1723//1723 1791//1791
f 1791//1791 1723//1723 1724//1724
f 1791//1791 1724//1724 1792//1792
f 1792//1792 1724//1724 1725//1725
f 1792//1792 1725//1725 1793//1793
f 1793//1793 1725//1725 1726//1726
f 1793//1793 1726//1726 1794//1794
f 1794//1794 1726//1726 1727//1727
f 1721//1721 1795//1795 1796//1796
f 1727//1727 1728//1728 1794//1794
f 1794//1794 1728//1728 1729//1729
f 1794//1794 1729//1729 1797//1797
f 1797//1797 1729//1729 1730//1730
f 1797//1797 1730//1730 1796//1796
f 1796//1796 1730//1730 1722//1722
f 1796//1796 1722//1722 1721//1721
f 1735//1735 1798//1798 1799//1799
f 1721//1721 1731//1731 1795//1795
f 1795//1795 1731//1731 1732//1732
f 1795//1795 1732//1732 1800//1800
f 1800//1800 1732//1732 1733//1733
f 1800//1800 1733//1733 1799//1799
f 1799//1799 1733//1733 1734//1734
f 1799//1799 1734//1734 1735//1735
f 1735//1735 1736//1736 1798//1798
f 1798//1798 1736//1736 1737//1737
f 1798//1798 1737//1737 1801//1801
f 1801//1801 1737//1737 1738//1738
f 1801//1801 1738//1738 1802//1802
f 1802//1802 1738//1738 1739//1739
f 1802//1802 1739//1739 1803//1803
f 1803//1803 1739//1739 1636//1636
f 1803//1803 1636//1636 1743//1743
f 1743//1743 1636//1636 1637//1637
f 1743//1743 1637//1637 1638//1638
f 1801//1801 1804//1804 1798//1798
f 1798//1798 1804//1804 1805//1805
f 1798//1798 1805//1805 1799//1799
f 1799//1799 1805//1805 1806//1806
f 1799//1799 1806//1806 1800//1800
f 1800//1800 1806//1806 1807//1807
f 1800//1800 1807//1807 1795//1795
f 1795//1795 1807//1807 1808//1808
f 1795//1795 1808//1808 1796//1796
f 1796//1796 1808//1808 1809//1809
f 1796//1796 1809//1809 1797//1797
f 1797//1797 1809//1809 1810//1810
f 1797//1797 1810//1810 1794//1794
f 1794//1794 1810//1810 1811//1811
f 1794//1794 1811//1811 1793//1793
f 1793//1793 1811//1811 1812//1812
f 1793//1793 1812//1812 1792//1792
f 1792//1792 1812//1812 1813//1813
f 1792//1792 1813//1813 1791//1791
f 1791//1791 1813//1813 1814//1814
f 1791//1791 1814//1814 1790//1790
f 1790//1790 1814//1814 1815//1815
f 1790//1790 1815//1815 1789//1789
f 1789//1789 1815//1815 1816//1816
f 1789//1789 1816//1816 1788//1788
f 1788//1788 1816//1816 1817//1817
f 1788//1788 1817//1817 1787//1787
f 1787//1787 1817//1817 1818//1818
f 1787//1787 1818//1818 1786//1786
f 1786//1786 1818//1818 1819//1819
f 1786//1786 1819//1819 1785//1785
f 1785//1785 1819//1819 1820//1820
f 1785//1785 1820//1820 1782//1782
f 1782//1782 1820//1820 1821//1821
f 1782//1782 1821//1821 1783//1783
f 1783//1783 1821//1821 1822//1822
f 1783//1783 1822//1822 1784//1784
f 1784//1784 1822//1822 1823//1823
f 1784//1784 1823//1823 1779//1779
f 1779//1779 1823//1823 1824//1824
f 1779//1779 1824//1824 1780//1780
f 1780//1780 1824//1824 1825//1825
f 1780//1780 1825//1825 1781//1781
f 1781//1781 1825//1825 1826//1826
f 1781//1781 1826//1826 1778//1778
f 1778//1778 1826//1826 1827//1827
f 1778//1778 1827//1827 1777//1777
f 1777//1777 1827//1827 1828//1828
f 1777//1777 1828//1828 1776//1776
f 1776//1776 1828//1828 1829//1829
f 1776//1776 1829//1829 1775//1775
f 1775//1775 1829//1829 1830//1830
f 1775//1775 1830//1830 1774//1774
f 1774//1774 1830//1830 1831//1831
f 1774//1774 1831//1831 1773//1773
f 1773//1773 1831//1831 1832//1832
f 1773//1773 1832//1832 1772//1772
f 1772//1772 1832//1832 1833//1833
f 1772//1772 1833//1833 1771//1771
f 1771//1771 1833//1833 1834//1834
f 1771//1771 1834//1834 1770//1770
f 1770//1770 1834//1834 1835//1835
f 1770//1770 1835//1835 1769//1769
f 1769//1769 1835//1835 1836//1836
f 1769//1769 1836//1836 1766//1766
f 1766//1766 1836//1836 1837//1837
f 1766//1766 1837//1837 1767//1767
f 1767//1767 1837//1837 1838//1838
f 1767//1767 1838//1838 1768//1768
f 1768//1768 1838//1838 1839//1839
f 1768//1768 1839//1839 1763//1763
f 1763//1763 1839//1839 1840//1840
f 1763//1763 1840//1840 1764//1764
f 1764//1764 1840//1840 1841//1841
f 1764//1764 1841//1841 1765//1765
f 1765//1765 1841//1841 1842//1842
f 1765//1765 1842//1842 1762//1762
f 1762//1762 1842//1842 1843//1843
f 1762//1762 1843//1843 1761//1761
f 1761//1761 1843//1843 1844//1844
f 1761//1761 1844//1844 1760//1760
f 1760//1760 1844//1844 1845//1845
f 1760//1760 1845//1845 1759//1759
f 1759//1759 1845//1845 1846//1846
f 1759//1759 1846//1846 1758//1758
f 1758//1758 1846//1846 1847//1847
f 1758//1758 1847//1847 1757//1757
f 1757//1757 1847//1847 1848//1848
f 1757//1757 1848//1848 1756//1756
f 1756//1756 1848//1848 1849//1849
f 1756//1756 1849//1849 1755//1755
f 1755//1755 1849//1849 1850//1850
f 1755//1755 1850//1850 1754//1754
f 1754//1754 1850//1850 1851//1851
f 1754//1754 1851//1851 1753//1753
f 1753//1753 1851//1851 1852//1852
f 1753//1753 1852//1852 1750//1750
f 1750//1750 1852//1852 1853//1853
f 1750//1750 1853//1853 1751//1751
f 1751//1751 1853//1853 1854//1854
f 1751//1751 1854//1854 1752//1752
f 1752//1752 1854//1854 1855//1855
f 1752//1752 1855//1855 1747//1747
f 1747//1747 1855//1855 1856//1856
f 1747//1747 1856//1856 1748//1748
f 1748//1748 1856//1856 1857//1857
f 1748//1748 1857//1857 1749//1749
f 1749//1749 1857//1857 1858//1858
f 1749//1749 1858//1858 1746//1746
f 1746//1746 1858//1858 1859//1859
f 1746//1746 1859//1859 1745//1745
f 1745//1745 1859//1859 1860//1860
f 1745//1745 1860//1860 1744//1744
f 1744//1744 1860//1860 1861//1861
f 1744//1744 1861//1861 1740//1740
f 1740//1740 1861//1861 1862//1862
f 1740//1740 1862//1862 1741//1741
f 1741//1741 1862//1862 1863//1863
f 1741//1741 1863//1863 1742//1742
f 1742//1742 1863//1863 1864//1864
f 1742//1742 1864//1864 1743//1743
f 1743//1743 1864//1864 1865//1865
f 1743//1743 1865//1865 1803//1803
f 1803//1803 1865//1865 1866//1866
f 1803//1803 1866//1866 1802//1802
f 1802//1802 1866//1866 1867//1867
f 1802//1802 1867//1867 1801//1801
f 1801//1801 1867//1867 1804//1804
f 1867//1867 1868//1868 1804//1804
f 1804//1804 1868//1868 1869//1869
f 1804//1804 1869//1869 1805//1805
f 1805//1805 1869//1869 1870//1870
f 1805//1805 1870//1870 1806//1806
f 1806//1806 1870//1870 1871//1871
f 1806//1806 1871//1871 1807//1807
f 1807//1807 1871//1871 1872//1872
f 1807//1807 1872//1872 1808//1808
f 1808//1808 1872//1872 1873//1873
f 1808//1808 1873//1873 1809//1809
f 1809//1809 1873//1873 1874//1874
f 1809//1809 1874//1874 1810//1810
f 1810//1810 1874//1874 1875//1875
f 1810//1810 1875//1875 1811//1811
f 1811//1811 1875//1875 1876//1876
f 1811//1811 1876//1876 1812//1812
f 1812//1812 1876//1876 1877//1877
f 1812//1812 1877//1877 1813//1813
f 1813//1813 1877//1877 1878//1878
f 1813//1813 1878//1878 1814//1814
f 1814//1814 1878//1878 1879//1879
f 1814//1814 1879//1879 1815//1815
f 1815//1815 1879//1879 1880//1880
f 1815//1815 1880//1880 1816//1816
f 1816//1816 1880//1880 1881//1881
f 1816//1816 1881//1881 1817//1817
f 1817//1817 1881//1881 1882//1882
f 1817//1817 1882//1882 1818//1818
f 1818//1818 1882//1882 1883//1883
f 1818//1818 1883//1883 1819//1819
f 1819//1819 1883//1883 1884//1884
f 1819//1819 1884//1884 1820//1820
f 1820//1820 1884//1884 1885//1885
f 1820//1820 1885//1885 1821//1821
f 1821//1821 1885//1885 1886//1886
f 1821//1821 1886//1886 1822//1822
f 1822//1822 1886//1886 1887//1887
f 1822//1822 1887//1887 1823//1823
f 1823//1823 1887//1887 1888//1888
f 1823//1823 1888//1888 1824//1824
f 1824//1824 1888//1888 1889//1889
f 1824//1824 1889//1889 1825//1825
f 1825//1825 1889//1889 1890//1890
f 1825//1825 1890//1890 1826//1826
f 1826//1826 1890//1890 1891//1891
f 1826//1826 1891//1891 1827//1827
f 1827//1827 1891//1891 1892//1892
f 1827//1827 1892//1892 1828//1828
f 1828//1828 1892//1892 1893//1893
f 1828//1828 1893//1893 1829//1829
f 1829//1829 1893//1893 1894//1894
f 1829//1829 1894//1894 1830//1830
f 1830//1830 1894//1894 1895//1895
f 1830//1830 1895//1895 1831//1831
f 1831//1831 1895//1895 1896//1896
f 1831//1831 1896//1896 1832//1832
f 1832//1832 1896//1896 1897//1897
f 1832//1832 1897//1897 1833//1833
f 1833//1833 1897//1897 1898//1898
f 1833//1833 1898//1898 1834//1834
f 1834//1834 1898//1898 1899//1899
f 1834//1834 1899//1899 1835//1835
f 1835//1835 1899//1899 1900//1900
f 1835//1835 1900//1900 1836//1836
f 1836//1836 1900//1900 1901//1901
f 1836//1836 1901//1901 1837//1837
f 1837//1837 1901//1901 1902//1902
f 1837//1837 1902//1902 1838//1838
f 1838//1838 1902//1902 1903//1903
f 1838//1838 1903//1903 1839//1839
f 1839//1839 1903//1903 1904//1904
f 1839//1839 1904//1904 1840//1840
f 1840//1840 1904//1904 1905//1905
f 1840//1840 1905//1905 1841//1841
f 1841//1841 1905//1905 1906//1906
f 1841//1841 1906//1906 1842//1842
f 1842//1842 1906//1906 1907//1907
f 1842//1842 1907//1907 1843//1843
f 1843//1843 1907//1907 1908//1908
f 1843//1843 1908//1908 1844//1844
f 1844//1844 1908//1908 1909//1909
f 1844//1844 1909//1909 1845//1845
f 1845//1845 1909//1909 1910//1910
f 1845//1845 1910//1910 1846//1846
f 1846//1846 1910//1910 1911//1911
f 1846//1846 1911//1911 1847//1847
f 1847//1847 1911//1911 1912//1912
f 1847//1847 1912//1912 1848//1848
f 1848//1848 1912//1912 1913//1913
f 1848//1848 1913//1913 1849//1849
f 1849//1849 1913//1913 1914//1914
f 1849//1849 1914//1914 1850//1850
f 1850//1850 1914//1914 1915//1915
f 1850//1850 1915//1915 1851//1851
f 1851//1851 1915//1915 1916//1916
f 1851//1851 1916//1916 1852//1852
f 1852//1852 1916//1916 1917//1917
f 1852//1852 1917//1917 1853//1853
f 1853//1853 1917//1917 1918//1918
f 1853//1853 1918//1918 1854//1854
f 1854//1854 1918//1918 1919//1919
f 1854//1854 1919//1919 1855//1855
f 1855//1855 1919//1919 1920//1920
f 1855//1855 1920//1920 1856//1856
f 1856//1856 1920//1920 1921//1921
f 1856//1856 1921//1921 1857//1857
f 1857//1857 1921//1921 1922//1922
f 1857//1857 1922//1922 1858//1858
f 1858//1858 1922//1922 1923//1923
f 1858//1858 1923//1923 1859//1859
f 1859//1859 1923//1923 1924//1924
f 1859//1859 1924//1924 1860//1860
f 1860//1860 1924//1924 1925//1925
f 1860//1860 1925//1925 1861//1861
f 1861//1861 1925//1925 1926//1926
f 1861//1861 1926//1926 1862//1862
f 1862//1862 1926//1926 1927//1927
f 1862//1862 1927//1927 1863//1863
f 1863//1863 1927//1927 1928//1928
f 1863//1863 1928//1928 1864//1864
f 1864//1864 1928//1928 1929//1929
f 1864//1864 1929//1929 1865//1865
f 1865//1865 1929//1929 1930//1930
f 1865//1865 1930//1930 1866//1866
f 1866//1866 1930//1930 1931//1931
f 1866//1866 1931//1931 1867//1867
f 1867//1867 1931//1931 1868//1868
f 1931//1931 1932//1932 1868//1868
f 1868//1868 1932//1932 1933//1933
f 1868//1868 1933//1933 1869//1869
f 1869//1869 1933//1933 1934//1934
f 1869//1869 1934//1934 1870//1870
f 1870//1870 1934//1934 1935//1935
f 1870//1870 1935//1935 1871//1871
f 1871//1871 1935//1935 1936//1936
f 1871//1871 1936//1936 1872//1872
f 1872//1872 1936//1936 1937//1937
f 1872//1872 1937//1937 1873//1873
f 1873//1873 1937//1937 1938//1938
f 1873//1873 1938//1938 1874//1874
f 1874//1874 1938//1938 1939//1939
f 1874//1874 1939//1939 1875//1875
f 1875//1875 1939//1939 1940//1940
f 1875//1875 1940//1940 1876//1876
f 1876//1876 1940//1940 1941//1941
f 1876//1876 1941//1941 1877//1877
f 1877//1877 1941//1941 1942//1942
f 1877//1877 1942//1942 1878//1878
f 1878//1878 1942//1942 1943//1943
f 1878//1878 1943//1943 1879//1879
f 1879//1879 1943//1943 1944//1944
f 1879//1879 1944//1944 1880//1880
f 1880//1880 1944//1944 1945//1945
f 1880//1880 1945//1945 1881//1881
f 1881//1881 1945//1945 1946//1946
f 1881//1881 1946//1946 1882//1882
f 1882//1882 1946//1946 1947//1947
f 1882//1882 1947//1947 1883//1883
f 1883//1883 1947//1947 1948//1948
f 1883//1883 1948//1948 1884//1884
f 1884//1884 1948//1948 1949//1949
f 1884//1884 1949//1949 1885//1885
f 1885//1885 1949//1949 1950//1950
f 1885//1885 1950//1950 1886//1886
f 1886//1886 1950//1950 1951//1951
f 1886//1886 1951//1951 1887//1887
f 1887//1887 1951//1951 1952//1952
f 1887//1887 1952//1952 1888//1888
f 1888//1888 1952//1952 1953//1953
f 1888//1888 1953//1953 1889//1889
f 1889//1889 1953//1953 1954//1954
f 1889//1889 1954//1954 1890//1890
f 1890//1890 1954//1954 1955//1955
f 1890//1890 1955//1955 1891//1891
f 1891//1891 1955//1955 1956//1956
f 1891//1891 1956//1956 1892//1892
f 1892//1892 1956//1956 1957//1957
f 1892//1892 1957//1957 1893//1893
f 1893//1893 1957//1957 1958//1958
f 1893//1893 1958//1958 1894//1894
f 1894//1894 1958//1958 1959//1959
f 1894//1894 1959//1959 1895//1895
f 1895//1895 1959//1959 1960//1960
f 1895//1895 1960//1960 1896//1896
f 1896//1896 1960//1960 1961//1961
f 1896//1896 1961//1961 1897//1897
f 1897//1897 1961//1961 1962//1962
f 1897//1897 1962//1962 1898//1898
f 1898//1898 1962//1962 1963//1963
f 1898//1898 1963//1963 1899//1899
f 1899//1899 1963//1963 1964//1964
f 1899//1899 1964//1964 1900//1900
f 1900//1900 1964//1964 1965//1965
f 1900//1900 1965//1965 1901//1901
f 1901//1901 1965//1965 1966//1966
f 1901//1901 1966//1966 1902//1902
f 1902//1902 1966//1966 1967//1967
f 1902//1902 1967//1967 1903//1903
f 1903//1903 1967//1967 1968//1968
f 1903//1903 1968//1968 1904//1904
f 1904//1904 1968//1968 1969//1969
f 1904//1904 1969//1969 1905//1905
f 1905//1905 1969//1969 1970//1970
f 1905//1905 1970//1970 1906//1906
f 1906//1906 1970//1970 1971//1971
f 1906//1906 1971//1971 1907//1907
f 1907//1907 1971//1971 1972//1972
f 1907//1907 1972//1972 1908//1908
f 1908//1908 1972//1972 1973//1973
f 1908//1908 1973//1973 1909//1909
f 1909//1909 1973//1973 1974//1974
f 1909//1909 1974//1974 1910//1910
f 1910//1910 1974//1974 1975//1975
f 1910//1910 1975//1975 1911//1911
f 1911//1911 1975//1975 1976//1976
f 1911//1911 1976//1976 1912//1912
f 1912//1912 1976//1976 1977//1977
f 1912//1912 1977//1977 1913//1913
f 1913//1913 1977//1977 1978//1978
f 1913//1913 1978//1978 1914//1914
f 1914//1914 1978//1978 1979//1979
f 1914//1914 1979//1979 1915//1915
f 1915//1915 1979//1979 1980//1980
f 1915//1915 1980//1980 1916//1916
f 1916//1916 1980//1980 1981//1981
f 1916//1916 1981//1981 1917//1917
f 1917//1917 1981//1981 1982//1982
f 1917//1917 1982//1982 1918//1918
f 1918//1918 1982//1982 1983//1983
f 1918//1918 1983//1983 1919//1919
f 1919//1919 1983//1983 1984//1984
f 1919//1919 1984//1984 1920//1920
f 1920//1920 1984//1984 1985//1985
f 1920//1920 1985//1985 1921//1921
f 1921//1921 1985//1985 1986//1986
f 1921//1921 1986//1986 1922//1922
f 1922//1922 1986//1986 1987//1987
f 1922//1922 1987//1987 1923//1923
f 1923//1923 1987//1987 1988//1988
f 1923//1923 1988//1988 1924//1924
f 1924//1924 1988//1988 1989//1989
f 1924//1924 1989//1989 1925//1925
f 1925//1925 1989//1989 1990//1990
f 1925//1925 1990//1990 1926//1926
f 1926//1926 1990//1990 1991//1991
f 1926//1926 1991//1991 1927//1927
f 1927//1927 1991//1991 1992//1992
f 1927//1927 1992//1992 1928//1928
f 1928//1928 1992//1992 1993//1993
f 1928//1928 1993//1993 1929//1929
f 1929//1929 1993//1993 1994//1994
f 1929//1929 1994//1994 1930//1930
f 1930//1930 1994//1994 1995//1995
f 1930//1930 1995//1995 1931//1931
f 1931//1931 1995//1995 1932//1932
f 1995//1995 1996//1996 1932//1932
f 1932//1932 1996//1996 1997//1997
f 1932//1932 1997//1997 1933//1933
f 1933//1933 1997//1997 1998//1998
f 1933//1933 1998//1998 1934//1934
f 1934//1934 1998//1998 1999//1999
f 1934//1934 1999//1999 1935//1935
f 1935//1935 1999//1999 2000//2000
f 1935//1935 2000//2000 1936//1936
f 1936//1936 2000//2000 2001//2001
f 1936//1936 2001//2001 1937//1937
f 1937//1937 2001//2001 2002//2002
f 1937//1937 2002//2002 1938//1938
f 1938//1938 2002//2002 2003//2003
f 1938//1938 2003//2003 1939//1939
f 1939//1939 2003//2003 2004//2004
f 1939//1939 2004//2004 1940//1940
f 1940//1940 2004//2004 2005//2005
f 1940//1940 2005//2005 1941//1941
f 1941//1941 2005//2005 2006//2006
f 1941//1941 2006//2006 1942//1942
f 1942//1942 2006//2006 2007//2007
f 1942//1942 2007//2007 1943//1943
f 1943//1943 2007//2007 2008//2008
f 1943//1943 2008//2008 1944//1944
f 1944//1944 2008//2008 2009//2009
f 1944//1944 2009//2009 1945//1945
f 1945//1945 2009//2009 2010//2010
f 1945//1945 2010//2010 1946//1946
f 1946//1946 2010//2010 2011//2011
f 1946//1946 2011//2011 1947//1947
f 1947//1947 2011//2011 2012//2012
f 1947//1947 2012//2012 1948//1948
f 1948//1948 2012//2012 2013//2013
f 1948//1948 2013//2013 1949//1949
f 1949//1949 2013//2013 2014//2014
f 1949//1949 2014//2014 1950//1950
f 1950//1950 2014//2014 2015//2015
f 1950//1950 2015//2015 1951//1951
f 1951//1951 2015//2015 2016//2016
f 1951//1951 2016//2016 1952//1952
f 1952//1952 2016//2016 2017//2017
f 1952//1952 2017//2017 1953//1953
f 1953//1953 2017//2017 2018//2018
f 1953//1953 2018//2018 1954//1954
f 1954//1954 2018//2018 2019//2019
f 1954//1954 2019//2019 1955//1955
f 1955//1955 2019//2019 2020//2020
f 1955//1955 2020//2020 1956//1956
f 1956//1956 2020//2020 2021//2021
f 1956//1956 2021//2021 1957//1957
f 1957//1957 2021//2021 2022//2022
f 1957//1957 2022//2022 1958//1958
f 1958//1958 2022//2022 2023//2023
f 1958//1958 2023//2023 1959//1959
f 1959//1959 2023//2023 2024//2024
f 1959//1959 2024//2024 1960//1960
f 1960//1960 2024//2024 2025//2025
f 1960//1960 2025//2025 1961//1961
f 1961//1961 2025//2025 2026//2026
f 1961//1961 2026//2026 1962//1962
f 1962//1962 2026//2026 2027//2027
f 1962//1962 2027//2027 1963//1963
f 1963//1963 2027//2027 2028//2028
f 1963//1963 2028//2028 1964//1964
f 1964//1964 2028//2028 2029//2029
f 1964//1964 2029//2029 1965//1965
f 1965//1965 2029//2029 2030//2030
f 1965//1965 2030//2030 1966//1966
f 1966//1966 2030//2030 2031//2031
f 1966//1966 2031//2031 1967//1967
f 1967//1967 2031//2031 2032//2032
f 1967//1967 2032//2032 1968//1968
f 1968//1968 2032//2032 2033//2033
f 1968//1968 2033//2033 1969//1969
f 1969//1969 2033//2033 2034//2034
f 1969//1969 2034//2034 1970//1970
f 1970//1970 2034//2034 2035//2035
f 1970//1970 2035//2035 1971//1971
f 1971//1971 2035//2035 2036//2036
f 1971//1971 2036//2036 1972//1972
f 1972//1972 2036//2036 2037//2037
f 1972//1972 2037//2037 1973//1973
f 1973//1973 2037//2037 2038//2038
f 1973//1973 2038//2038 1974//1974
f 1974//1974 2038//2038 2039//2039
f 1974//1974 2039//2039 1975//1975
f 1975//1975 2039//2039 2040//2040
f 1975//1975 2040//2040 1976//1976
f 1976//1976 2040//2040 2041//2041
f 1976//1976 2041//2041 1977//1977
f 1977//1977 2041//2041 2042//2042
f 1977//1977 2042//2042 1978//1978
f 1978//1978 2042//2042 2043//2043
f 1978//1978 2043//2043 1979//1979
f 1979//1979 2043//2043 2044//2044
f 1979//1979 2044//2044 1980//1980
f 1980//1980 2044//2044 2045//2045
f 1980//1980 2045//2045 1981//1981
f 1981//1981 2045//2045 2046//2046
f 1981//1981 2046//2046 1982//1982
f 1982//1982 2046//2046 2047//2047
f 1982//1982 2047//2047 1983//1983
f 1983//1983 2047//2047 2048//2048
f 1983//1983 2048//2048 1984//1984
f 1984//1984 2048//2048 2049//2049
f 1984//1984 2049//2049 1985//1985
f 1985//1985 2049//2049 2050//2050
f 1985//1985 2050//2050 1986//1986
f 1986//1986 2050//2050 2051//2051
f 1986//1986 2051//2051 1987//1987
f 1987//1987 2051//2051 2052//2052
f 1987//1987 2052//2052 1988//1988
f 1988//1988 2052//2052 2053//2053
f 1988//1988 2053//2053 1989//1989
f 1989//1989 2053//2053 2054//2054
f 1989//1989 2054//2054 1990//1990
f 1990//1990 2054//2054 2055//2055
f 1990//1990 2055//2055 1991//1991
f 1991//1991 2055//2055 2056//2056
f 1991//1991 2056//2056 1992//1992
f 1992//1992 2056//2056 2057//2057
f 1992//1992 2057//2057 1993//1993
f 1993//1993 2057//2057 2058//2058
f 1993//1993 2058//2058 1994//1994
f 1994//1994 2058//2058 2059//2059
f 1994//1994 2059//2059 1995//1995
f 1995//1995 2059//2059 1996//1996
f 2059//2059 2060//2060 1996//1996
f 1996//1996 2060//2060 2061//2061
f 1996//1996 2061//2061 1997//1997
f 1997//1997 2061//2061 2062//2062
f 1997//1997 2062//2062 1998//1998
f 1998//1998 2062//2062 2063//2063
f 1998//1998 2063//2063 1999//1999
f 1999//1999 2063//2063 2064//2064
f 1999//1999 2064//2064 2000//2000
f 2000//2000 2064//2064 2065//2065
f 2000//2000 2065//2065 2001//2001
f 2001//2001 2065//2065 2066//2066
f 2001//2001 2066//2066 2002//2002
f 2002//2002 2066//2066 2067//2067
f 2002//2002 2067//2067 2003//2003
f 2003//2003 2067//2067 2068//2068
f 2003//2003 2068//2068 2004//2004
f 2004//2004 2068//2068 2069//2069
f 2004//2004 2069//2069 2005//2005
f 2005//2005 2069//2069 2070//2070
f 2005//2005 2070//2070 2006//2006
f 2006//2006 2070//2070 2071//2071
f 2006//2006 2071//2071 2007//2007
f 2007//2007 2071//2071 2072//2072
f 2007//2007 2072//2072 2008//2008
f 2008//2008 2072//2072 2073//2073
f 2008//2008 2073//2073 2009//2009
f 2009//2009 2073//2073 2074//2074
f 2009//2009 2074//2074 2010//2010
f 2010//2010 2074//2074 2075//2075
f 2010//2010 2075//2075 2011//2011
f 2011//2011 2075//2075 2076//2076
f 2011//2011 2076//2076 2012//2012
f 2012//2012 2076//2076 2077//2077
f 2012//2012 2077//2077 2013//2013
f 2013//2013 2077//2077 2078//2078
f 2013//2013 2078//2078 2014//2014
f 2014//2014 2078//2078 2079//2079
f 2014//2014 2079//2079 2015//2015
f 2015//2015 2079//2079 2080//2080
f 2015//2015 2080//2080 2016//2016
f 2016//2016 2080//2080 2081//2081
f 2016//2016 2081//2081 2017//2017
f 2017//2017 2081//2081 2082//2082
f 2017//2017 2082//2082 2018//2018
f 2018//2018 2082//2082 2083//2083
f 2018//2018 2083//2083 2019//2019
f 2019//2019 2083//2083 2084//2084
f 2019//2019 2084//2084 2020//2020
f 2020//2020 2084//2084 2085//2085
f 2020//2020 2085//2085 2021//2021
f 2021//2021 2085//2085 2086//2086
f 2021//2021 2086//2086 2022//2022
f 2022//2022 2086//2086 2087//2087
f 2022//2022 2087//2087 2023//2023
f 2023//2023 2087//2087 2088//2088
f 2023//2023 2088//2088 2024//2024
f 2024//2024 2088//2088 2089//2089
f 2024//2024 2089//2089 2025//2025
f 2025//2025 2089//2089 2090//2090
f 2025//2025 2090//2090 2026//2026
f 2026//2026 2090//2090 2091//2091
f 2026//2026 2091//2091 2027//2027
f 2027//2027 2091//2091 2092//2092
f 2027//2027 2092//2092 2028//2028
f 2028//2028 2092//2092 2093//2093
f 2028//2028 2093//2093 2029//2029
f 2029//2029 2093//2093 2094//2094
f 2029//2029 2094//2094 2030//2030
f 2030//2030 2094//2094 2095//2095
f 2030//2030 2095//2095 2031//2031
f 2031//2031 2095//2095 2096//2096
f 2031//2031 2096//2096 2032//2032
f 2032//2032 2096//2096 2097//2097
f 2032//2032 2097//2097 2033//2033
f 2033//2033 2097//2097 2098//2098
f 2033//2033 2098//2098 2034//2034
f 2034//2034 2098//2098 2099//2099
f 2034//2034 2099//2099 2035//2035
f 2035//2035 2099//2099 2100//2100
f 2035//2035 2100//2100 2036//2036
f 2036//2036 2100//2100 2101//2101
f 2036//2036 2101//2101 2037//2037
f 2037//2037 2101//2101 2102//2102
f 2037//2037 2102//2102 2038//2038
f 2038//2038 2102//2102 2103//2103
f 2038//2038 2103//2103 2039//2039
f 2039//2039 2103//2103 2104//2104
f 2039//2039 2104//2104 2040//2040
f 2040//2040 2104//2104 2105//2105
f 2040//2040 2105//2105 2041//2041
f 2041//2041 2105//2105 2106//2106
f 2041//2041 2106//2106 2042//2042
f 2042//2042 2106//2106 2107//2107
f 2042//2042 2107//2107 2043//2043
f 2043//2043 2107//2107 2108//2108
f 2043//2043 2108//2108 2044//2044
f 2044//2044 2108//2108 2109//2109
f 2044//2044 2109//2109 2045//2045
f 2045//2045 2109//2109 2110//2110
f 2045//2045 2110//2110 2046//2046
f 2046//2046 2110//2110 2111//2111
f 2046//2046 2111//2111 2047//2047
f 2047//2047 2111//2111 2112//2112
f 2047//2047 2112//2112 2048//2048
f 2048//2048 2112//2112 2113//2113
f 2048//2048 2113//2113 2049//2049
f 2049//2049 2113//2113 2114//2114
f 2049//2049 2114//2114 2050//2050
f 2050//2050 2114//2114 2115//2115
f 2050//2050 2115//2115 2051//2051
f 2051//2051 2115//2115 2116//2116
f 2051//2051 2116//2116 2052//2052
f 2052//2052 2116//2116 2117//2117
f 2052//2052 2117//2117 2053//2053
f 2053//2053 2117//2117 2118//2118
f 2053//2053 2118//2118 2054//2054
f 2054//2054 2118//2118 2119//2119
f 2054//2054 2119//2119 2055//2055
f 2055//2055 2119//2119 2120//2120
f 2055//2055 2120//2120 2056//2056
f 2056//2056 2120//2120 2121//2121
f 2056//2056 2121//2121 2057//2057
f 2057//2057 2121//2121 2122//2122
f 2057//2057 2122//2122 2058//2058
f 2058//2058 2122//2122 2123//2123
f 2058//2058 2123//2123 2059//2059
f 2059//2059 2123//2123 2060//2060
f 2123//2123 2124//2124 2060//2060
f 2060//2060 2124//2124 2125//2125
f 2060//2060 2125//2125 2061//2061
f 2061//2061 2125//2125 2126//2126
f 2061//2061 2126//2126 2062//2062
f 2062//2062 2126//2126 2127//2127
f 2062//2062 2127//2127 2063//2063
f 2063//2063 2127//2127 2128//2128
f 2063//2063 2128//2128 2064//2064
f 2064//2064 2128//2128 2129//2129
f 2064//2064 2129//2129 2065//2065
f 2065//2065 2129//2129 2130//2130
f 2065//2065 2130//2130 2066//2066
f 2066//2066 2130//2130 2131//2131
f 2066//2066 2131//2131 2067//2067
f 2067//2067 2131//2131 2132//2132
f 2067//2067 2132//2132 2068//2068
f 2068//2068 2132//2132 2133//2133
f 2068//2068 2133//2133 2069//2069
f 2069//2069 2133//2133 2134//2134
f 2069//2069 2134//2134 2070//2070
f 2070//2070 2134//2134 2135//2135
f 2070//2070 2135//2135 2071//2071
f 2071//2071 2135//2135 2136//2136
f 2071//2071 2136//2136 2072//2072
f 2072//2072 2136//2136 2137//2137
f 2072//2072 2137//2137 2073//2073
f 2073//2073 2137//2137 2138//2138
f 2073//2073 2138//2138 2074//2074
f 2074//2074 2138//2138 2139//2139
f 2074//2074 2139//2139 2075//2075
f 2075//2075 2139//2139 2140//2140
f 2075//2075 2140//2140 2076//2076
f 2076//2076 2140//2140 2141//2141
f 2076//2076 2141//2141 2077//2077
f 2077//2077 2141//2141 2142//2142
f 2077//2077 2142//2142 2078//2078
f 2078//2078 2142//2142 2143//2143
f 2078//2078 2143//2143 2079//2079
f 2079//2079 2143//2143 2144//2144
f 2079//2079 2144//2144 2080//2080
f 2080//2080 2144//2144 2145//2145
f 2080//2080 2145//2145 2081//2081
f 2081//2081 2145//2145 2146//2146
f 2081//2081 2146//2146 2082//2082
f 2082//2082 2146//2146 2147//2147
f 2082//2082 2147//2147 2083//2083
f 2083//2083 2147//2147 2148//2148
f 2083//2083 2148//2148 2084//2084
f 2084//2084 2148//2148 2149//2149
f 2084//2084 2149//2149 2085//2085
f 2085//2085 2149//2149 2150//2150
f 2085//2085 2150//2150 2086//2086
f 2086//2086 2150//2150 2151//2151
f 2086//2086 2151//2151 2087//2087
f 2087//2087 2151//2151 2152//2152
f 2087//2087 2152//2152 2088//2088
f 2088//2088 2152//2152 2153//2153
f 2088//2088 2153//2153 2089//2089
f 2089//2089 2153//2153 2154//2154
f 2089//2089 2154//2154 2090//2090
f 2090//2090 2154//2154 2155//2155
f 2090//2090 2155//2155 2091//2091
f 2091//2091 2155//2155 2156//2156
f 2091//2091 2156//2156 2092//2092
f 2092//2092 2156//2156 2157//2157
f 2092//2092 2157//2157 2093//2093
f 2093//2093 2157//2157 2158//2158
f 2093//2093 2158//2158 2094//2094
f 2094//2094 2158//2158 2159//2159
f 2094//2094 2159//2159 2095//2095
f 2095//2095 2159//2159 2160//2160
f 2095//2095 2160//2160 2096//2096
f 2096//2096 2160//2160 2161//2161
f 2096//2096 2161//2161 2097//2097
f 2097//2097 2161//2161 2162//2162
f 2097//2097 2162//2162 2098//2098
f 2098//2098 2162//2162 2163//2163
f 2098//2098 2163//2163 2099//2099
f 2099//2099 2163//2163 2164//2164
f 2099//2099 2164//2164 2100//2100
f 2100//2100 2164//2164 2165//2165
f 2100//2100 2165//2165 2101//2101
f 2101//2101 2165//2165 2166//2166
f 2101//2101 2166//2166 2102//2102
f 2102//2102 2166//2166 2167//2167
f 2102//2102 2167//2167 2103//2103
f 2103//2103 2167//2167 2168//2168
f 2103//2103 2168//2168 2104//2104
f 2104//2104 2168//2168 2169//2169
f 2104//2104 2169//2169 2105//2105
f 2105//2105 2169//2169 2170//2170
f 2105//2105 2170//2170 2106//2106
f 2106//2106 2170//2170 2171//2171
f 2106//2106 2171//2171 2107//2107
f 2107//2107 2171//2171 2172//2172
f 2107//2107 2172//2172 2108//2108
f 2108//2108 2172//2172 2173//2173
f 2108//2108 2173//2173 2109//2109
f 2109//2109 2173//2173 2174//2174
f 2109//2109 2174//2174 2110//2110
f 2110//2110 2174//2174 2175//2175
f 2110//2110 2175//2175 2111//2111
f 2111//2111 2175//2175 2176//2176
f 2111//2111 2176//2176 2112//2112
f 2112//2112 2176//2176 2177//2177
f 2112//2112 2177//2177 2113//2113
f 2113//2113 2177//2177 2178//2178
f 2113//2113 2178//2178 2114//2114
f 2114//2114 2178//2178 2179//2179
f 2114//2114 2179//2179 2115//2115
f 2115//2115 2179//2179 2180//2180
f 2115//2115 2180//2180 2116//2116
f 2116//2116 2180//2180 2181//2181
f 2116//2116 2181//2181 2117//2117
f 2117//2117 2181//2181 2182//2182
f 2117//2117 2182//2182 2118//2118
f 2118//2118 2182//2182 2183//2183
f 2118//2118 2183//2183 2119//2119
f 2119//2119 2183//2183 2184//2184
f 2119//2119 2184//2184 2120//2120
f 2120//2120 2184//2184 2185//2185
f 2120//2120 2185//2185 2121//2121
f 2121//2121 2185//2185 2186//2186
f 2121//2121 2186//2186 2122//2122
f 2122//2122 2186//2186 2187//2187
f 2122//2122 2187//2187 2123//2123
f 2123//2123 2187//2187 2124//2124
f 2187//2187 2188//2188 2124//2124
f 2124//2124 2188//2188 2189//2189
f 2124//2124 2189//2189 2125//2125
f 2125//2125 2189//2189 2190//2190
f 2125//2125 2190//2190 2126//2126
f 2126//2126 2190//2190 2191//2191
f 2126//2126 2191//2191 2127//2127
f 2127//2127 2191//2191 2192//2192
f 2127//2127 2192//2192 2128//2128
f 2128//2128 2192//2192 2193//2193
f 2128//2128 2193//2193 2129//2129
f 2129//2129 2193//2193 2194//2194
f 2129//2129 2194//2194 2130//2130
f 2130//2130 2194//2194 2195//2195
f 2130//2130 2195//2195 2131//2131
f 2131//2131 2195//2195 2196//2196
f 2131//2131 2196//2196 2132//2132
f 2132//2132 2196//2196 2197//2197
f 2132//2132 2197//2197 2133//2133
f 2133//2133 2197//2197 2198//2198
f 2133//2133 2198//2198 2134//2134
f 2134//2134 2198//2198 2199//2199
f 2134//2134 2199//2199 2135//2135
f 2135//2135 2199//2199 2200//2200
f 2135//2135 2200//2200 2136//2136
f 2136//2136 2200//2200 2201//2201
f 2136//2136 2201//2201 2137//2137
f 2137//2137 2201//2201 2202//2202
f 2137//2137 2202//2202 2138//2138
f 2138//2138 2202//2202 2203//2203
f 2138//2138 2203//2203 2139//2139
f 2139//2139 2203//2203 2204//2204
f 2139//2139 2204//2204 2140//2140
f 2140//2140 2204//2204 2205//2205
f 2140//2140 2205//2205 2141//2141
f 2141//2141 2205//2205 2206//2206
f 2141//2141 2206//2206 2142//2142
f 2142//2142 2206//2206 2207//2207
f 2142//2142 2207//2207 2143//2143
f 2143//2143 2207//2207 2208//2208
f 2143//2143 2208//2208 2144//2144
f 2144//2144 2208//2208 2209//2209
f 2144//2144 2209//2209 2145//2145
f 2145//2145 2209//2209 2210//2210
f 2145//2145 2210//2210 2146//2146
f 2146//2146 2210//2210 2211//2211
f 2146//2146 2211//2211 2147//2147
f 2147//2147 2211//2211 2212//2212
f 2147//2147 2212//2212 2148//2148
f 2148//2148 2212//2212 2213//2213
f 2148//2148 2213//2213 2149//2149
f 2149//2149 2213//2213 2214//2214
f 2149//2149 2214//2214 2150//2150
f 2150//2150 2214//2214 2215//2215
f 2150//2150 2215//2215 2151//2151
f 2151//2151 2215//2215 2216//2216
f 2151//2151 2216//2216 2152//2152
f 2152//2152 2216//2216 2217//2217
f 2152//2152 2217//2217 2153//2153
f 2153//2153 2217//2217 2218//2218
f 2153//2153 2218//2218 2154//2154
f 2154//2154 2218//2218 2219//2219
f 2154//2154 2219//2219 2155//2155
f 2155//2155 2219//2219 2220//2220
f 2155//2155 2220//2220 2156//2156
f 2156//2156 2220//2220 2221//2221
f 2156//2156 2221//2221 2157//2157
f 2157//2157 2221//2221 2222//2222
f 2157//2157 2222//2222 2158//2158
f 2158//2158 2222//2222 2223//2223
f 2158//2158 2223//2223 2159//2159
f 2159//2159 2223//2223 2224//2224
f 2159//2159 2224//2224 2160//2160
f 2160//2160 2224//2224 2225//2225
f 2160//2160 2225//2225 2161//2161
f 2161//2161 2225//2225 2226//2226
f 2161//2161 2226//2226 2162//2162
f 2162//2162 2226//2226 2227//2227
f 2162//2162 2227//2227 2163//2163
f 2163//2163 2227//2227 2228//2228
f 2163//2163 2228//2228 2164//2164
f 2164//2164 2228//2228 2229//2229
f 2164//2164 2229//2229 2165//2165
f 2165//2165 2229//2229 2230//2230
f 2165//2165 2230//2230 2166//2166
f 2166//2166 2230//2230 2231//2231
f 2166//2166 2231//2231 2167//2167
f 2167//2167 2231//2231 2232//2232
f 2167//2167 2232//2232 2168//2168
f 2168//2168 2232//2232 2233//2233
f 2168//2168 2233//2233 2169//2169
f 2169//2169 2233//2233 2234//2234
f 2169//2169 2234//2234 2170//2170
f 2170//2170 2234//2234 2235//2235
f 2170//2170 2235//2235 2171//2171
f 2171//2171 2235//2235 2236//2236
f 2171//2171 2236//2236 2172//2172
f 2172//2172 2236//2236 2237//2237
f 2172//2172 2237//2237 2173//2173
f 2173//2173 2237//2237 2238//2238
f 2173//2173 2238//2238 2174//2174
f 2174//2174 2238//2238 2239//2239
f 2174//2174 2239//2239 2175//2175
f 2175//2175 2239//2239 2240//2240
f 2175//2175 2240//2240 2176//2176
f 2176//2176 2240//2240 2241//2241
f 2176//2176 2241//2241 2177//2177
f 2177//2177 2241//2241 2242//2242
f 2177//2177 2242//2242 2178//2178
f 2178//2178 2242//2242 2243//2243
f 2178//2178 2243//2243 2179//2179
f 2179//2179 2243//2243 2244//2244
f 2179//2179 2244//2244 2180//2180
f 2180//2180 2244//2244 2245//2245
f 2180//2180 2245//2245 2181//2181
f 2181//2181 2245//2245 2246//2246
f 2181//2181 2246//2246 2182//2182
f 2182//2182 2246//2246 2247//2247
f 2182//2182 2247//2247 2183//2183
f 2183//2183 2247//2247 2248//2248
f 2183//2183 2248//2248 2184//2184
f 2184//2184 2248//2248 2249//2249
f 2184//2184 2249//2249 2185//2185
f 2185//2185 2249//2249 2250//2250
f 2185//2185 2250//2250 2186//2186
f 2186//2186 2250//2250 2251//2251
f 2186//2186 2251//2251 2187//2187
f 2187//2187 2251//2251 2188//2188
f 2251//2251 2252//2252 2188//2188
f 2188//2188 2252//2252 2253//2253
f 2188//2188 2253//2253 2189//2189
f 2189//2189 2253//2253 2254//2254
f 2189//2189 2254//2254 2190//2190
f 2190//2190 2254//2254 2255//2255
f 2190//2190 2255//2255 2191//2191
f 2191//2191 2255//2255 2256//2256
f 2191//2191 2256//2256 2192//2192
f 2192//2192 2256//2256 2257//2257
f 2192//2192 2257//2257 2193//2193
f 2193//2193 2257//2257 2258//2258
f 2193//2193 2258//2258 2194//2194
f 2194//2194 2258//2258 2259//2259
f 2194//2194 2259//2259 2195//2195
f 2195//2195 2259//2259 2260//2260
f 2195//2195 2260//2260 2196//2196
f 2196//2196 2260//2260 2261//2261
f 2196//2196 2261//2261 2197//2197
f 2197//2197 2261//2261 2262//2262
f 2197//2197 2262//2262 2198//2198
f 2198//2198 2262//2262 2263//2263
f 2198//2198 2263//2263 2199//2199
f 2199//2199 2263//2263 2264//2264
f 2199//2199 2264//2264 2200//2200
f 2200//2200 2264//2264 2265//2265
f 2200//2200 2265//2265 2201//2201
f 2201//2201 2265//2265 2266//2266
f 2201//2201 2266//2266 2202//2202
f 2202//2202 2266//2266 2267//2267
f 2202//2202 2267//2267 2203//2203
f 2203//2203 2267//2267 2268//2268
f 2203//2203 2268//2268 2204//2204
f 2204//2204 2268//2268 2269//2269
f 2204//2204 2269//2269 2205//2205
f 2205//2205 2269//2269 2270//2270
f 2205//2205 2270//2270 2206//2206
f 2206//2206 2270//2270 2271//2271
f 2206//2206 2271//2271 2207//2207
f 2207//2207 2271//2271 2272//2272
f 2207//2207 2272//2272 2208//2208
f 2208//2208 2272//2272 2273//2273
f 2208//2208 2273//2273 2209//2209
f 2209//2209 2273//2273 2274//2274
f 2209//2209 2274//2274 2210//2210
f 2210//2210 2274//2274 2275//2275
f 2210//2210 2275//2275 2211//2211
f 2211//2211 2275//2275 2276//2276
f 2211//2211 2276//2276 2212//2212
f 2212//2212 2276//2276 2277//2277
f 2212//2212 2277//2277 2213//2213
f 2213//2213 2277//2277 2278//2278
f 2213//2213 2278//2278 2214//2214
f 2214//2214 2278//2278 2279//2279
f 2214//2214 2279//2279 2215//2215
f 2215//2215 2279//2279 2280//2280
f 2215//2215 2280//2280 2216//2216
f 2216//2216 2280//2280 2281//2281
f 2216//2216 2281//2281 2217//2217
f 2217//2217 2281//2281 2282//2282
f 2217//2217 2282//2282 2218//2218
f 2218//2218 2282//2282 2283//2283
f 2218//2218 2283//2283 2219//2219
f 2219//2219 2283//2283 2284//2284
f 2219//2219 2284//2284 2220//2220
f 2220//2220 2284//2284 2285//2285
f 2220//2220 2285//2285 2221//2221
f 2221//2221 2285//2285 2286//2286
f 2221//2221 2286//2286 2222//2222
f 2222//2222 2286//2286 2287//2287
f 2222//2222 2287//2287 2223//2223
f 2223//2223 2287//2287 2288//2288
f 2223//2223 2288//2288 2224//2224
f 2224//2224 2288//2288 2289//2289
f 2224//2224 2289//2289 2225//2225
f 2225//2225 2289//2289 2290//2290
f 2225//2225 2290//2290 2226//2226
f 2226//2226 2290//2290 2291//2291
f 2226//2226 2291//2291 2227//2227
f 2227//2227 2291//2291 2292//2292
f 2227//2227 2292//2292 2228//2228
f 2228//2228 2292//2292 2293//2293
f 2228//2228 2293//2293 2229//2229
f 2229//2229 2293//2293 2294//2294
f 2229//2229 2294//2294 2230//2230
f 2230//2230 2294//2294 2295//2295
f 2230//2230 2295//2295 2231//2231
f 2231//2231 2295//2295 2296//2296
f 2231//2231 2296//2296 2232//2232
f 2232//2232 2296//2296 2297//2297
f 2232//2232 2297//2297 2233//2233
f 2233//2233 2297//2297 2298//2298
f 2233//2233 2298//2298 2234//2234
f 2234//2234 2298//2298 2299//2299
f 2234//2234 2299//2299 2235//2235
f 2235//2235 2299//2299 2300//2300
f 2235//2235 2300//2300 2236//2236
f 2236//2236 2300//2300 2301//2301
f 2236//2236 2301//2301 2237//2237
f 2237//2237 2301//2301 2302//2302
f 2237//2237 2302//2302 2238//2238
f 2238//2238 2302//2302 2303//2303
f 2238//2238 2303//2303 2239//2239
f 2239//2239 2303//2303 2304//2304
f 2239//2239 2304//2304 2240//2240
f 2240//2240 2304//2304 2305//2305
f 2240//2240 2305//2305 2241//2241
f 2241//2241 2305//2305 2306//2306
f 2241//2241 2306//2306 2242//2242
f 2242//2242 2306//2306 2307//2307
f 2242//2242 2307//2307 2243//2243
f 2243//2243 2307//2307 2308//2308
f 2243//2243 2308//2308 2244//2244
f 2244//2244 2308//2308 2309//2309
f 2244//2244 2309//2309 2245//2245
f 2245//2245 2309//2309 2310//2310
f 2245//2245 2310//2310 2246//2246
f 2246//2246 2310//2310 2311//2311
f 2246//2246 2311//2311 2247//2247
f 2247//2247 2311//2311 2312//2312
f 2247//2247 2312//2312 2248//2248
f 2248//2248 2312//2312 2313//2313
f 2248//2248 2313//2313 2249//2249
f 2249//2249 2313//2313 2314//2314
f 2249//2249 2314//2314 2250//2250
f 2250//2250 2314//2314 2315//2315
f 2250//2250 2315//2315 2251//2251
f 2251//2251 2315//2315 2252//2252
f 2315//2315 2316//2316 2252//2252
f 2252//2252 2316//2316 2317//2317
f 2252//2252 2317//2317 2253//2253
f 2253//2253 2317//2317 2318//2318
f 2253//2253 2318//2318 2254//2254
f 2254//2254 2318//2318 2319//2319
f 2254//2254 2319//2319 2255//2255
f 2255//2255 2319//2319 2320//2320
f 2255//2255 2320//2320 2256//2256
f 2256//2256 2320//2320 2321//2321
f 2256//2256 2321//2321 2257//2257
f 2257//2257 2321//2321 2322//2322
f 2257//2257 2322//2322 2258//2258
f 2258//2258 2322//2322 2323//2323
f 2258//2258 2323//2323 2259//2259
f 2259//2259 2323//2323 2324//2324
f 2259//2259 2324//2324 2260//2260
f 2260//2260 2324//2324 2325//2325
f 2260//2260 2325//2325 2261//2261
f 2261//2261 2325//2325 2326//2326
f 2261//2261 2326//2326 2262//2262
f 2262//2262 2326//2326 2327//2327
f 2262//2262 2327//2327 2263//2263
f 2263//2263 2327//2327 2328//2328
f 2263//2263 2328//2328 2264//2264
f 2264//2264 2328//2328 2329//2329
f 2264//2264 2329//2329 2265//2265
f 2265//2265 2329//2329 2330//2330
f 2265//2265 2330//2330 2266//2266
f 2266//2266 2330//2330 2331//2331
f 2266//2266 2331//2331 2267//2267
f 2267//2267 2331//2331 2332//2332
f 2267//2267 2332//2332 2268//2268
f 2268//2268 2332//2332 2333//2333
f 2268//2268 2333//2333 2269//2269
f 2269//2269 2333//2333 2334//2334
f 2269//2269 2334//2334 2270//2270
f 2270//2270 2334//2334 2335//2335
f 2270//2270 2335//2335 2271//2271
f 2271//2271 2335//2335 2336//2336
f 2271//2271 2336//2336 2272//2272
f 2272//2272 2336//2336 2337//2337
f 2272//2272 2337//2337 2273//2273
f 2273//2273 2337//2337 2338//2338
f 2273//2273 2338//2338 2274//2274
f 2274//2274 2338//2338 2339//2339
f 2274//2274 2339//2339 2275//2275
f 2275//2275 2339//2339 2340//2340
f 2275//2275 2340//2340 2276//2276
f 2276//2276 2340//2340 2341//2341
f 2276//2276 2341//2341 2277//2277
f 2277//2277 2341//2341 2342//2342
f 2277//2277 2342//2342 2278//2278
f 2278//2278 2342//2342 2343//2343
f 2278//2278 2343//2343 2279//2279
f 2279//2279 2343//2343 2344//2344
f 2279//2279 2344//2344 2280//2280
f 2280//2280 2344//2344 2345//2345
f 2280//2280 2345//2345 2281//2281
f 2281//2281 2345//2345 2346//2346
f 2281//2281 2346//2346 2282//2282
f 2282//2282 2346//2346 2347//2347
f 2282//2282 2347//2347 2283//2283
f 2283//2283 2347//2347 2348//2348
f 2283//2283 2348//2348 2284//2284
f 2284//2284 2348//2348 2349//2349
f 2284//2284 2349//2349 2285//2285
f 2285//2285 2349//2349 2350//2350
f 2285//2285 2350//2350 2286//2286
f 2286//2286 2350//2350 2351//2351
f 2286//2286 2351//2351 2287//2287
f 2287//2287 2351//2351 2352//2352
f 2287//2287 2352//2352 2288//2288
f 2288//2288 2352//2352 2353//2353
f 2288//2288 2353//2353 2289//2289
f 2289//2289 2353//2353 2354//2354
f 2289//2289 2354//2354 2290//2290
f 2290//2290 2354//2354 2355//2355
f 2290//2290 2355//2355 2291//2291
f 2291//2291 2355//2355 2356//2356
f 2291//2291 2356//2356 2292//2292
f 2292//2292 2356//2356 2357//2357
f 2292//2292 2357//2357 2293//2293
f 2293//2293 2357//2357 2358//2358
f 2293//2293 2358//2358 2294//2294
f 2294//2294 2358//2358 2359//2359
f 2294//2294 2359//2359 2295//2295
f 2295//2295 2359//2359 2360//2360
f 2295//2295 2360//2360 2296//2296
f 2296//2296 2360//2360 2361//2361
f 2296//2296 2361//2361 2297//2297
f 2297//2297 2361//2361 2362//2362
f 2297//2297 2362//2362 2298//2298
f 2298//2298 2362//2362 2363//2363
f 2298//2298 2363//2363 2299//2299
f 2299//2299 2363//2363 2364//2364
f 2299//2299 2364//2364 2300//2300
f 2300//2300 2364//2364 2365//2365
f 2300//2300 2365//2365 2301//2301
f 2301//2301 2365//2365 2366//2366
f 2301//2301 2366//2366 2302//2302
f 2302//2302 2366//2366 2367//2367
f 2302//2302 2367//2367 2303//2303
f 2303//2303 2367//2367 2368//2368
f 2303//2303 2368//2368 2304//2304
f 2304//2304 2368//2368 2369//2369
f 2304//2304 2369//2369 2305//2305
f 2305//2305 2369//2369 2370//2370
f 2305//2305 2370//2370 2306//2306
f 2306//2306 2370//2370 2371//2371
f 2306//2306 2371//2371 2307//2307
f 2307//2307 2371//2371 2372//2372
f 2307//2307 2372//2372 2308//2308
f 2308//2308 2372//2372 2373//2373
f 2308//2308 2373//2373 2309//2309
f 2309//2309 2373//2373 2374//2374
f 2309//2309 2374//2374 2310//2310
f 2310//2310 2374//2374 2375//2375
f 2310//2310 2375//2375 2311//2311
f 2311//2311 2375//2375 2376//2376
f 2311//2311 2376//2376 2312//2312
f 2312//2312 2376//2376 2377//2377
f 2312//2312 2377//2377 2313//2313
f 2313//2313 2377//2377 2378//2378
f 2313//2313 2378//2378 2314//2314
f 2314//2314 2378//2378 2379//2379
f 2314//2314 2379//2379 2315//2315
f 2315//2315 2379//2379 2316//2316
f 2379//2379 2380//2380 2316//2316
f 2316//2316 2380//2380 2381//2381
f 2316//2316 2381//2381 2317//2317
f 2317//2317 2381//2381 2382//2382
f 2317//2317 2382//2382 2318//2318
f 2318//2318 2382//2382 2383//2383
f 2318//2318 2383//2383 2319//2319
f 2319//2319 2383//2383 2384//2384
f 2319//2319 2384//2384 2320//2320
f 2320//2320 2384//2384 2385//2385
f 2320//2320 2385//2385 2321//2321
f 2321//2321 2385//2385 2386//2386
f 2321//2321 2386//2386 2322//2322
f 2322//2322 2386//2386 2387//2387
f 2322//2322 2387//2387 2323//2323
f 2323//2323 2387//2387 2388//2388
f 2323//2323 2388//2388 2324//2324
f 2324//2324 2388//2388 2389//2389
f 2324//2324 2389//2389 2325//2325
f 2325//2325 2389//2389 2390//2390
f 2325//2325 2390//2390 2326//2326
f 2326//2326 2390//2390 2391//2391
f 2326//2326 2391//2391 2327//2327
f 2327//2327 2391//2391 2392//2392
f 2327//2327 2392//2392 2328//2328
f 2328//2328 2392//2392 2393//2393
f 2328//2328 2393//2393 2329//2329
f 2329//2329 2393//2393 2394//2394
f 2329//2329 2394//2394 2330//2330
f 2330//2330 2394//2394 2395//2395
f 2330//2330 2395//2395 2331//2331
f 2331//2331 2395//2395 2396//2396
f 2331//2331 2396//2396 2332//2332
f 2332//2332 2396//2396 2397//2397
f 2332//2332 2397//2397 2333//2333
f 2333//2333 2397//2397 2398//2398
f 2333//2333 2398//2398 2334//2334
f 2334//2334 2398//2398 2399//2399
f 2334//2334 2399//2399 2335//2335
f 2335//2335 2399//2399 2400//2400
f 2335//2335 2400//2400 2336//2336
f 2336//2336 2400//2400 2401//2401
f 2336//2336 2401//2401 2337//2337
f 2337//2337 2401//2401 2402//2402
f 2337//2337 2402//2402 2338//2338
f 2338//2338 2402//2402 2403//2403
f 2338//2338 2403//2403 2339//2339
f 2339//2339 2403//2403 2404//2404
f 2339//2339 2404//2404 2340//2340
f 2340//2340 2404//2404 2405//2405
f 2340//2340 2405//2405 2341//2341
f 2341//2341 2405//2405 2406//2406
f 2341//2341 2406//2406 2342//2342
f 2342//2342 2406//2406 2407//2407
f 2342//2342 2407//2407 2343//2343
f 2343//2343 2407//2407 2408//2408
f 2343//2343 2408//2408 2344//2344
f 2344//2344 2408//2408 2409//2409
f 2344//2344 2409//2409 2345//2345
f 2345//2345 2409//2409 2410//2410
f 2345//2345 2410//2410 2346//2346
f 2346//2346 2410//2410 2411//2411
f 2346//2346 2411//2411 2347//2347
f 2347//2347 2411//2411 2412//2412
f 2347//2347 2412//2412 2348//2348
f 2348//2348 2412//2412 2413//2413
f 2348//2348 2413//2413 2349//2349
f 2349//2349 2413//2413 2414//2414
f 2349//2349 2414//2414 2350//2350
f 2350//2350 2414//2414 2415//2415
f 2350//2350 2415//2415 2351//2351
f 2351//2351 2415//2415 2416//2416
f 2351//2351 2416//2416 2352//2352
f 2352//2352 2416//2416 2417//2417
f 2352//2352 2417//2417 2353//2353
f 2353//2353 2417//2417 2418//2418
f 2353//2353 2418//2418 2354//2354
f 2354//2354 2418//2418 2419//2419
f 2354//2354 2419//2419 2355//2355
f 2355//2355 2419//2419 2420//2420
f 2355//2355 2420//2420 2356//2356
f 2356//2356 2420//2420 2421//2421
f 2356//2356 2421//2421 2357//2357
f 2357//2357 2421//2421 2422//2422
f 2357//2357 2422//2422 2358//2358
f 2358//2358 2422//2422 2423//2423
f 2358//2358 2423//2423 2359//2359
f 2359//2359 2423//2423 2424//2424
f 2359//2359 2424//2424 2360//2360
f 2360//2360 2424//2424 2425//2425
f 2360//2360 2425//2425 2361//2361
f 2361//2361 2425//2425 2426//2426
f 2361//2361 2426//2426 2362//2362
f 2362//2362 2426//2426 2427//2427
f 2362//2362 2427//2427 2363//2363
f 2363//2363 2427//2427 2428//2428
f 2363//2363 2428//2428 2364//2364
f 2364//2364 2428//2428 2429//2429
f 2364//2364 2429//2429 2365//2365
f 2365//2365 2429//2429 2430//2430
f 2365//2365 2430//2430 2366//2366
f 2366//2366 2430//2430 2431//2431
f 2366//2366 2431//2431 2367//2367
f 2367//2367 2431//2431 2432//2432
f 2367//2367 2432//2432 2368//2368
f 2368//2368 2432//2432 2433//2433
f 2368//2368 2433//2433 2369//2369
f 2369//2369 2433//2433 2434//2434
f 2369//2369 2434//2434 2370//2370
f 2370//2370 2434//2434 2435//2435
f 2370//2370 2435//2435 2371//2371
f 2371//2371 2435//2435 2436//2436
f 2371//2371 2436//2436 2372//2372
f 2372//2372 2436//2436 2437//2437
f 2372//2372 2437//2437 2373//2373
f 2373//2373 2437//2437 2438//2438
f 2373//2373 2438//2438 2374//2374
f 2374//2374 2438//2438 2439//2439
f 2374//2374 2439//2439 2375//2375
f 2375//2375 2439//2439 2440//2440
f 2375//2375 2440//2440 2376//2376
f 2376//2376 2440//2440 2441//2441
f 2376//2376 2441//2441 2377//2377
f 2377//2377 2441//2441 2442//2442
f 2377//2377 2442//2442 2378//2378
f 2378//2378 2442//2442 2443//2443
f 2378//2378 2443//2443 2379//2379
f 2379//2379 2443//2443 2380//2380
f 2443//2443 2444//2444 2380//2380
f 2380//2380 2444//2444 2445//2445
f 2380//2380 2445//2445 2381//2381
f 2381//2381 2445//2445 2446//2446
f 2381//2381 2446//2446 2382//2382
f 2382//2382 2446//2446 2447//2447
f 2382//2382 2447//2447 2383//2383
f 2383//2383 2447//2447 2448//2448
f 2383//2383 2448//2448 2384//2384
f 2384//2384 2448//2448 2449//2449
f 2384//2384 2449//2449 2385//2385
f 2385//2385 2449//2449 2450//2450
f 2385//2385 2450//2450 2386//2386
f 2386//2386 2450//2450 2451//2451
f 2386//2386 2451//2451 2387//2387
f 2387//2387 2451//2451 2452//2452
f 2387//2387 2452//2452 2388//2388
f 2388//2388 2452//2452 2453//2453
f 2388//2388 2453//2453 2389//2389
f 2389//2389 2453//2453 2454//2454
f 2389//2389 2454//2454 2390//2390
f 2390//2390 2454//2454 2455//2455
f 2390//2390 2455//2455 2391//2391
f 2391//2391 2455//2455 2456//2456
f 2391//2391 2456//2456 2392//2392
f 2392//2392 2456//2456 2457//2457
f 2392//2392 2457//2457 2393//2393
f 2393//2393 2457//2457 2458//2458
f 2393//2393 2458//2458 2394//2394
f 2394//2394 2458//2458 2459//2459
f 2394//2394 2459//2459 2395//2395
f 2395//2395 2459//2459 2460//2460
f 2395//2395 2460//2460 2396//2396
f 2396//2396 2460//2460 2461//2461
f 2396//2396 2461//2461 2397//2397
f 2397//2397 2461//2461 2462//2462
f 2397//2397 2462//2462 2398//2398
f 2398//2398 2462//2462 2463//2463
f 2398//2398 2463//2463 2399//2399
f 2399//2399 2463//2463 2464//2464
f 2399//2399 2464//2464 2400//2400
f 2400//2400 2464//2464 2465//2465
f 2400//2400 2465//2465 2401//2401
f 2401//2401 2465//2465 2466//2466
f 2401//2401 2466//2466 2402//2402
f 2402//2402 2466//2466 2467//2467
f 2402//2402 2467//2467 2403//2403
f 2403//2403 2467//2467 2468//2468
f 2403//2403 2468//2468 2404//2404
f 2404//2404 2468//2468 2469//2469
f 2404//2404 2469//2469 2405//2405
f 2405//2405 2469//2469 2470//2470
f 2405//2405 2470//2470 2406//2406
f 2406//2406 2470//2470 2471//2471
f 2406//2406 2471//2471 2407//2407
f 2407//2407 2471//2471 2472//2472
f 2407//2407 2472//2472 2408//2408
f 2408//2408 2472//2472 2473//2473
f 2408//2408 2473//2473 2409//2409
f 2409//2409 2473//2473 2474//2474
f 2409//2409 2474//2474 2410//2410
f 2410//2410 2474//2474 2475//2475
f 2410//2410 2475//2475 2411//2411
f 2411//2411 2475//2475 2476//2476
f 2411//2411 2476//2476 2412//2412
f 2412//2412 2476//2476 2477//2477
f 2412//2412 2477//2477 2413//2413
f 2413//2413 2477//2477 2478//2478
f 2413//2413 2478//2478 2414//2414
f 2414//2414 2478//2478 2479//2479
f 2414//2414 2479//2479 2415//2415
f 2415//2415 2479//2479 2480//2480
f 2415//2415 2480//2480 2416//2416
f 2416//2416 2480//2480 2481//2481
f 2416//2416 2481//2481 2417//2417
f 2417//2417 2481//2481 2482//2482
f 2417//2417 2482//2482 2418//2418
f 2418//2418 2482//2482 2483//2483
f 2418//2418 2483//2483 2419//2419
f 2419//2419 2483//2483 2484//2484
f 2419//2419 2484//2484 2420//2420
f 2420//2420 2484//2484 2485//2485
f 2420//2420 2485//2485 2421//2421
f 2421//2421 2485//2485 2486//2486
f 2421//2421 2486//2486 2422//2422
f 2422//2422 2486//2486 2487//2487
f 2422//2422 2487//2487 2423//2423
f 2423//2423 2487//2487 2488//2488
f 2423//2423 2488//2488 2424//2424
f 2424//2424 2488//2488 2489//2489
f 2424//2424 2489//2489 2425//2425
f 2425//2425 2489//2489 2490//2490
f 2425//2425 2490//2490 2426//2426
f 2426//2426 2490//2490 2491//2491
f 2426//2426 2491//2491 2427//2427
f 2427//2427 2491//2491 2492//2492
f 2427//2427 2492//2492 2428//2428
f 2428//2428 2492//2492 2493//2493
f 2428//2428 2493//2493 2429//2429
f 2429//2429 2493//2493 2494//2494
f 2429//2429 2494//2494 2430//2430
f 2430//2430 2494//2494 2495//2495
f 2430//2430 2495//2495 2431//2431
f 2431//2431 2495//2495 2496//2496
f 2431//2431 2496//2496 2432//2432
f 2432//2432 2496//2496 2497//2497
f 2432//2432 2497//2497 2433//2433
f 2433//2433 2497//2497 2498//2498
f 2433//2433 2498//2498 2434//2434
f 2434//2434 2498//2498 2499//2499
f 2434//2434 2499//2499 2435//2435
f 2435//2435 2499//2499 2500//2500
f 2435//2435 2500//2500 2436//2436
f 2436//2436 2500//2500 2501//2501
f 2436//2436 2501//2501 2437//2437
f 2437//2437 2501//2501 2502//2502
f 2437//2437 2502//2502 2438//2438
f 2438//2438 2502//2502 2503//2503
f 2438//2438 2503//2503 2439//2439
f 2439//2439 2503//2503 2504//2504
f 2439//2439 2504//2504 2440//2440
f 2440//2440 2504//2504 2505//2505
f 2440//2440 2505//2505 2441//2441
f 2441//2441 2505//2505 2506//2506
f 2441//2441 2506//2506 2442//2442
f 2442//2442 2506//2506 2507//2507
f 2442//2442 2507//2507 2443//2443
f 2443//2443 2507//2507 2444//2444
f 2507//2507 2508//2508 2444//2444
f 2444//2444 2508//2508 2509//2509
f 2444//2444 2509//2509 2445//2445
f 2445//2445 2509//2509 2510//2510
f 2445//2445 2510//2510 2446//2446
f 2446//2446 2510//2510 2511//2511
f 2446//2446 2511//2511 2447//2447
f 2447//2447 2511//2511 2512//2512
f 2447//2447 2512//2512 2448//2448
f 2448//2448 2512//2512 2513//2513
f 2448//2448 2513//2513 2449//2449
f 2449//2449 2513//2513 2514//2514
f 2449//2449 2514//2514 2450//2450
f 2450//2450 2514//2514 2515//2515
f 2450//2450 2515//2515 2451//2451
f 2451//2451 2515//2515 2516//2516
f 2451//2451 2516//2516 2452//2452
f 2452//2452 2516//2516 2517//2517
f 2452//2452 2517//2517 2453//2453
f 2453//2453 2517//2517 2518//2518
f 2453//2453 2518//2518 2454//2454
f 2454//2454 2518//2518 2519//2519
f 2454//2454 2519//2519 2455//2455
f 2455//2455 2519//2519 2520//2520
f 2455//2455 2520//2520 2456//2456
f 2456//2456 2520//2520 2521//2521
f 2456//2456 2521//2521 2457//2457
f 2457//2457 2521//2521 2522//2522
f 2457//2457 2522//2522 2458//2458
f 2458//2458 2522//2522 2523//2523
f 2458//2458 2523//2523 2459//2459
f 2459//2459 2523//2523 2524//2524
f 2459//2459 2524//2524 2460//2460
f 2460//2460 2524//2524 2525//2525
f 2460//2460 2525//2525 2461//2461
f 2461//2461 2525//2525 2526//2526
f 2461//2461 2526//2526 2462//2462
f 2462//2462 2526//2526 2527//2527
f 2462//2462 2527//2527 2463//2463
f 2463//2463 2527//2527 2528//2528
f 2463//2463 2528//2528 2464//2464
f 2464//2464 2528//2528 2529//2529
f 2464//2464 2529//2529 2465//2465
f 2465//2465 2529//2529 2530//2530
f 2465//2465 2530//2530 2466//2466
f 2466//2466 2530//2530 2531//2531
f 2466//2466 2531//2531 2467//2467
f 2467//2467 2531//2531 2532//2532
f 2467//2467 2532//2532 2468//2468
f 2468//2468 2532//2532 2533//2533
f 2468//2468 2533//2533 2469//2469
f 2469//2469 2533//2533 2534//2534
f 2469//2469 2534//2534 2470//2470
f 2470//2470 2534//2534 2535//2535
f 2470//2470 2535//2535 2471//2471
f 2471//2471 2535//2535 2536//2536
f 2471//2471 2536//2536 2472//2472
f 2472//2472 2536//2536 2537//2537
f 2472//2472 2537//2537 2473//2473
f 2473//2473 2537//2537 2538//2538
f 2473//2473 2538//2538 2474//2474
f 2474//2474 2538//2538 2539//2539
f 2474//2474 2539//2539 2475//2475
f 2475//2475 2539//2539 2540//2540
f 2475//2475 2540//2540 2476//2476
f 2476//2476 2540//2540 2541//2541
f 2476//2476 2541//2541 2477//2477
f 2477//2477 2541//2541 2542//2542
f 2477//2477 2542//2542 2478//2478
f 2478//2478 2542//2542 2543//2543
f 2478//2478 2543//2543 2479//2479
f 2479//2479 2543//2543 2544//2544
f 2479//2479 2544//2544 2480//2480
f 2480//2480 2544//2544 2545//2545
f 2480//2480 2545//2545 2481//2481
f 2481//2481 2545//2545 2546//2546
f 2481//2481 2546//2546 2482//2482
f 2482//2482 2546//2546 2547//2547
f 2482//2482 2547//2547 2483//2483
f 2483//2483 2547//2547 2548//2548
f 2483//2483 2548//2548 2484//2484
f 2484//2484 2548//2548 2549//2549
f 2484//2484 2549//2549 2485//2485
f 2485//2485 2549//2549 2550//2550
f 2485//2485 2550//2550 2486//2486
f 2486//2486 2550//2550 2551//2551
f 2486//2486 2551//2551 2487//2487
f 2487//2487 2551//2551 2552//2552
f 2487//2487 2552//2552 2488//2488
f 2488//2488 2552//2552 2553//2553
f 2488//2488 2553//2553 2489//2489
f 2489//2489 2553//2553 2554//2554
f 2489//2489 2554//2554 2490//2490
f 2490//2490 2554//2554 2555//2555
f 2490//2490 2555//2555 2491//2491
f 2491//2491 2555//2555 2556//2556
f 2491//2491 2556//2556 2492//2492
f 2492//2492 2556//2556 2557//2557
f 2492//2492 2557//2557 2493//2493
f 2493//2493 2557//2557 2558//2558
f 2493//2493 2558//2558 2494//2494
f 2494//2494 2558//2558 2559//2559
f 2494//2494 2559//2559 2495//2495
f 2495//2495 2559//2559 2560//2560
f 2495//2495 2560//2560 2496//2496
f 2496//2496 2560//2560 2561//2561
f 2496//2496 2561//2561 2497//2497
f 2497//2497 2561//2561 2562//2562
f 2497//2497 2562//2562 2498//2498
f 2498//2498 2562//2562 2563//2563
f 2498//2498 2563//2563 2499//2499
f 2499//2499 2563//2563 2564//2564
f 2499//2499 2564//2564 2500//2500
f 2500//2500 2564//2564 2565//2565
f 2500//2500 2565//2565 2501//2501
f 2501//2501 2565//2565 2566//2566
f 2501//2501 2566//2566 2502//2502
f 2502//2502 2566//2566 2567//2567
f 2502//2502 2567//2567 2503//2503
f 2503//2503 2567//2567 2568//2568
f 2503//2503 2568//2568 2504//2504
f 2504//2504 2568//2568 2569//2569
f 2504//2504 2569//2569 2505//2505
f 2505//2505 2569//2569 2570//2570
f 2505//2505 2570//2570 2506//2506
f 2506//2506 2570//2570 2571//2571
f 2506//2506 2571//2571 2507//2507
f 2507//2507 2571//2571 2508//2508
f 2571//2571 2572//2572 2508//2508
f 2508//2508 2572//2572 2573//2573
f 2508//2508 2573//2573 2509//2509
f 2509//2509 2573//2573 2574//2574
f 2509//2509 2574//2574 2510//2510
f 2510//2510 2574//2574 2575//2575
f 2510//2510 2575//2575 2511//2511
f 2511//2511 2575//2575 2576//2576
f 2511//2511 2576//2576 2512//2512
f 2512//2512 2576//2576 2577//2577
f 2512//2512 2577//2577 2513//2513
f 2513//2513 2577//2577 2578//2578
f 2513//2513 2578//2578 2514//2514
f 2514//2514 2578//2578 2579//2579
f 2514//2514 2579//2579 2515//2515
f 2515//2515 2579//2579 2580//2580
f 2515//2515 2580//2580 2516//2516
f 2516//2516 2580//2580 2581//2581
f 2516//2516 2581//2581 2517//2517
f 2517//2517 2581//2581 2582//2582
f 2517//2517 2582//2582 2518//2518
f 2518//2518 2582//2582 2583//2583
f 2518//2518 2583//2583 2519//2519
f 2519//2519 2583//2583 2584//2584
f 2519//2519 2584//2584 2520//2520
f 2520//2520 2584//2584 2585//2585
f 2520//2520 2585//2585 2521//2521
f 2521//2521 2585//2585 2586//2586
f 2521//2521 2586//2586 2522//2522
f 2522//2522 2586//2586 2587//2587
f 2522//2522 2587//2587 2523//2523
f 2523//2523 2587//2587 2588//2588
f 2523//2523 2588//2588 2524//2524
f 2524//2524 2588//2588 2589//2589
f 2524//2524 2589//2589 2525//2525
f 2525//2525 2589//2589 2590//2590
f 2525//2525 2590//2590 2526//2526
f 2526//2526 2590//2590 2591//2591
f 2526//2526 2591//2591 2527//2527
f 2527//2527 2591//2591 2592//2592
f 2527//2527 2592//2592 2528//2528
f 2528//2528 2592//2592 2593//2593
f 2528//2528 2593//2593 2529//2529
f 2529//2529 2593//2593 2594//2594
f 2529//2529 2594//2594 2530//2530
f 2530//2530 2594//2594 2595//2595
f 2530//2530 2595//2595 2531//2531
f 2531//2531 2595//2595 2596//2596
f 2531//2531 2596//2596 2532//2532
f 2532//2532 2596//2596 2597//2597
f 2532//2532 2597//2597 2533//2533
f 2533//2533 2597//2597 2598//2598
f 2533//2533 2598//2598 2534//2534
f 2534//2534 2598//2598 2599//2599
f 2534//2534 2599//2599 2535//2535
f 2535//2535 2599//2599 2600//2600
f 2535//2535 2600//2600 2536//2536
f 2536//2536 2600//2600 2601//2601
f 2536//2536 2601//2601 2537//2537
f 2537//2537 2601//2601 2602//2602
f 2537//2537 2602//2602 2538//2538
f 2538//2538 2602//2602 2603//2603
f 2538//2538 2603//2603 2539//2539
f 2539//2539 2603//2603 2604//2604
f 2539//2539 2604//2604 2540//2540
f 2540//2540 2604//2604 2605//2605
f 2540//2540 2605//2605 2541//2541
f 2541//2541 2605//2605 2606//2606
f 2541//2541 2606//2606 2542//2542
f 2542//2542 2606//2606 2607//2607
f 2542//2542 2607//2607 2543//2543
f 2543//2543 2607//2607 2608//2608
f 2543//2543 2608//2608 2544//2544
f 2544//2544 2608//2608 2609//2609
f 2544//2544 2609//2609 2545//2545
f 2545//2545 2609//2609 2610//2610
f 2545//2545 2610//2610 2546//2546
f 2546//2546 2610//2610 2611//2611
f 2546//2546 2611//2611 2547//2547
f 2547//2547 2611//2611 2612//2612
f 2547//2547 2612//2612 2548//2548
f 2548//2548 2612//2612 2613//2613
f 2548//2548 2613//2613 2549//2549
f 2549//2549 2613//2613 2614//2614
f 2549//2549 2614//2614 2550//2550
f 2550//2550 2614//2614 2615//2615
f 2550//2550 2615//2615 2551//2551
f 2551//2551 2615//2615 2616//2616
f 2551//2551 2616//2616 2552//2552
f 2552//2552 2616//2616 2617//2617
f 2552//2552 2617//2617 2553//2553
f 2553//2553 2617//2617 2618//2618
f 2553//2553 2618//2618 2554//2554
f 2554//2554 2618//2618 2619//2619
f 2554//2554 2619//2619 2555//2555
f 2555//2555 2619//2619 2620//2620
f 2555//2555 2620//2620 2556//2556
f 2556//2556 2620//2620 2621//2621
f 2556//2556 2621//2621 2557//2557
f 2557//2557 2621//2621 2622//2622
f 2557//2557 2622//2622 2558//2558
f 2558//2558 2622//2622 2623//2623
f 2558//2558 2623//2623 2559//2559
f 2559//2559 2623//2623 2624//2624
f 2559//2559 2624//2624 2560//2560
f 2560//2560 2624//2624 2625//2625
f 2560//2560 2625//2625 2561//2561
f 2561//2561 2625//2625 2626//2626
f 2561//2561 2626//2626 2562//2562
f 2562//2562 2626//2626 2627//2627
f 2562//2562 2627//2627 2563//2563
f 2563//2563 2627//2627 2628//2628
f 2563//2563 2628//2628 2564//2564
f 2564//2564 2628//2628 2629//2629
f 2564//2564 2629//2629 2565//2565
f 2565//2565 2629//2629 2630//2630
f 2565//2565 2630//2630 2566//2566
f 2566//2566 2630//2630 2631//2631
f 2566//2566 2631//2631 2567//2567
f 2567//2567 2631//2631 2632//2632
f 2567//2567 2632//2632 2568//2568
f 2568//2568 2632//2632 2633//2633
f 2568//2568 2633//2633 2569//2569
f 2569//2569 2633//2633 2634//2634
f 2569//2569 2634//2634 2570//2570
f 2570//2570 2634//2634 2635//2635
f 2570//2570 2635//2635 2571//2571
f 2571//2571 2635//2635 2572//2572
f 2635//2635 2636//2636 2572//2572
f 2572//2572 2636//2636 2637//2637
f 2572//2572 2637//2637 2573//2573
f 2573//2573 2637//2637 2638//2638
f 2573//2573 2638//2638 2574//2574
f 2574//2574 2638//2638 2639//2639
f 2574//2574 2639//2639 2575//2575
f 2575//2575 2639//2639 2640//2640
f 2575//2575 2640//2640 2576//2576
f 2576//2576 2640//2640 2641//2641
f 2576//2576 2641//2641 2577//2577
f 2577//2577 2641//2641 2642//2642
f 2577//2577 2642//2642 2578//2578
f 2578//2578 2642//2642 2643//2643
f 2578//2578 2643//2643 2579//2579
f 2579//2579 2643//2643 2644//2644
f 2579//2579 2644//2644 2580//2580
f 2580//2580 2644//2644 2645//2645
f 2580//2580 2645//2645 2581//2581
f 2581//2581 2645//2645 2646//2646
f 2581//2581 2646//2646 2582//2582
f 2582//2582 2646//2646 2647//2647
f 2582//2582 2647//2647 2583//2583
f 2583//2583 2647//2647 2648//2648
f 2583//2583 2648//2648 2584//2584
f 2584//2584 2648//2648 2649//2649
f 2584//2584 2649//2649 2585//2585
f 2585//2585 2649//2649 2650//2650
f 2585//2585 2650//2650 2586//2586
f 2586//2586 2650//2650 2651//2651
f 2586//2586 2651//2651 2587//2587
f 2587//2587 2651//2651 2652//2652
f 2587//2587 2652//2652 2588//2588
f 2588//2588 2652//2652 2653//2653
f 2588//2588 2653//2653 2589//2589
f 2589//2589 2653//2653 2654//2654
f 2589//2589 2654//2654 2590//2590
f 2590//2590 2654//2654 2655//2655
f 2590//2590 2655//2655 2591//2591
f 2591//2591 2655//2655 2656//2656
f 2591//2591 2656//2656 2592//2592
f 2592//2592 2656//2656 2657//2657
f 2592//2592 2657//2657 2593//2593
f 2593//2593 2657//2657 2658//2658
f 2593//2593 2658//2658 2594//2594
f 2594//2594 2658//2658 2659//2659
f 2594//2594 2659//2659 2595//2595
f 2595//2595 2659//2659 2660//2660
f 2595//2595 2660//2660 2596//2596
f 2596//2596 2660//2660 2661//2661
f 2596//2596 2661//2661 2597//2597
f 2597//2597 2661//2661 2662//2662
f 2597//2597 2662//2662 2598//2598
f 2598//2598 2662//2662 2663//2663
f 2598//2598 2663//2663 2599//2599
f 2599//2599 2663//2663 2664//2664
f 2599//2599 2664//2664 2600//2600
f 2600//2600 2664//2664 2665//2665
f 2600//2600 2665//2665 2601//2601
f 2601//2601 2665//2665 2666//2666
f 2601//2601 2666//2666 2602//2602
f 2602//2602 2666//2666 2667//2667
f 2602//2602 2667//2667 2603//2603
f 2603//2603 2667//2667 2668//2668
f 2603//2603 2668//2668 2604//2604
f 2604//2604 2668//2668 2669//2669
f 2604//2604 2669//2669 2605//2605
f 2605//2605 2669//2669 2670//2670
f 2605//2605 2670//2670 2606//2606
f 2606//2606 2670//2670 2671//2671
f 2606//2606 2671//2671 2607//2607
f 2607//2607 2671//2671 2672//2672
f 2607//2607 2672//2672 2608//2608
f 2608//2608 2672//2672 2673//2673
f 2608//2608 2673//2673 2609//2609
f 2609//2609 2673//2673 2674//2674
f 2609//2609 2674//2674 2610//2610
f 2610//2610 2674//2674 2675//2675
f 2610//2610 2675//2675 2611//2611
f 2611//2611 2675//2675 2676//2676
f 2611//2611 2676//2676 2612//2612
f 2612//2612 2676//2676 2677//2677
f 2612//2612 2677//2677 2613//2613
f 2613//2613 2677//2677 2678//2678
f 2613//2613 2678//2678 2614//2614
f 2614//2614 2678//2678 2679//2679
f 2614//2614 2679//2679 2615//2615
f 2615//2615 2679//2679 2680//2680
f 2615//2615 2680//2680 2616//2616
f 2616//2616 2680//2680 2681//2681
f 2616//2616 2681//2681 2617//2617
f 2617//2617 2681//2681 2682//2682
f 2617//2617 2682//2682 2618//2618
f 2618//2618 2682//2682 2683//2683
f 2618//2618 2683//2683 2619//2619
f 2619//2619 2683//2683 2684//2684
f 2619//2619 2684//2684 2620//2620
f 2620//2620 2684//2684 2685//2685
f 2620//2620 2685//2685 2621//2621
f 2621//2621 2685//2685 2686//2686
f 2621//2621 2686//2686 2622//2622
f 2622//2622 2686//2686 2687//2687
f 2622//2622 2687//2687 2623//2623
f 2623//2623 2687//2687 2688//2688
f 2623//2623 2688//2688 2624//2624
f 2624//2624 2688//2688 2689//2689
f 2624//2624 2689//2689 2625//2625
f 2625//2625 2689//2689 2690//2690
f 2625//2625 2690//2690 2626//2626
f 2626//2626 2690//2690 2691//2691
f 2626//2626 2691//2691 2627//2627
f 2627//2627 2691//2691 2692//2692
f 2627//2627 2692//2692 2628//2628
f 2628//2628 2692//2692 2693//2693
f 2628//2628 2693//2693 2629//2629
f 2629//2629 2693//2693 2694//2694
f 2629//2629 2694//2694 2630//2630
f 2630//2630 2694//2694 2695//2695
f 2630//2630 2695//2695 2631//2631
f 2631//2631 2695//2695 2696//2696
f 2631//2631 2696//2696 2632//2632
f 2632//2632 2696//2696 2697//2697
f 2632//2632 2697//2697 2633//2633
f 2633//2633 2697//2697 2698//2698
f 2633//2633 2698//2698 2634//2634
f 2634//2634 2698//2698 2699//2699
f 2634//2634 2699//2699 2635//2635
f 2635//2635 2699//2699 2636//2636
f 2699//2699 2700//2700 2636//2636
f 2636//2636 2700//2700 2701//2701
f 2636//2636 2701//2701 2637//2637
f 2637//2637 2701//2701 2702//2702
f 2637//2637 2702//2702 2638//2638
f 2638//2638 2702//2702 2703//2703
f 2638//2638 2703//2703 2639//2639
f 2639//2639 2703//2703 2704//2704
f 2639//2639 2704//2704 2640//2640
f 2640//2640 2704//2704 2705//2705
f 2640//2640 2705//2705 2641//2641
f 2641//2641 2705//2705 2706//2706
f 2641//2641 2706//2706 2642//2642
f 2642//2642 2706//2706 2707//2707
f 2642//2642 2707//2707 2643//2643
f 2643//2643 2707//2707 2708//2708
f 2643//2643 2708//2708 2644//2644
f 2644//2644 2708//2708 2709//2709
f 2644//2644 2709//2709 2645//2645
f 2645//2645 2709//2709 2710//2710
f 2645//2645 2710//2710 2646//2646
f 2646//2646 2710//2710 2711//2711
f 2646//2646 2711//2711 2647//2647
f 2647//2647 2711//2711 2712//2712
f 2647//2647 2712//2712 2648//2648
f 2648//2648 2712//2712 2713//2713
f 2648//2648 2713//2713 2649//2649
f 2649//2649 2713//2713 2714//2714
f 2649//2649 2714//2714 2650//2650
f 2650//2650 2714//2714 2715//2715
f 2650//2650 2715//2715 2651//2651
f 2651//2651 2715//2715 2716//2716
f 2651//2651 2716//2716 2652//2652
f 2652//2652 2716//2716 2717//2717
f 2652//2652 2717//2717 2653//2653
f 2653//2653 2717//2717 2718//2718
f 2653//2653 2718//2718 2654//2654
f 2654//2654 2718//2718 2719//2719
f 2654//2654 2719//2719 2655//2655
f 2655//2655 2719//2719 2720//2720
f 2655//2655 2720//2720 2656//2656
f 2656//2656 2720//2720 2721//2721
f 2656//2656 2721//2721 2657//2657
f 2657//2657 2721//2721 2722//2722
f 2657//2657 2722//2722 2658//2658
f 2658//2658 2722//2722 2723//2723
f 2658//2658 2723//2723 2659//2659
f 2659//2659 2723//2723 2724//2724
f 2659//2659 2724//2724 2660//2660
f 2660//2660 2724//2724 2725//2725
f 2660//2660 2725//2725 2661//2661
f 2661//2661 2725//2725 2726//2726
f 2661//2661 2726//2726 2662//2662
f 2662//2662 2726//2726 2727//2727
f 2662//2662 2727//2727 2663//2663
f 2663//2663 2727//2727 2728//2728
f 2663//2663 2728//2728 2664//2664
f 2664//2664 2728//2728 2729//2729
f 2664//2664 2729//2729 2665//2665
f 2665//2665 2729//2729 2730//2730
f 2665//2665 2730//2730 2666//2666
f 2666//2666 2730//2730 2731//2731
f 2666//2666 2731//2731 2667//2667
f 2667//2667 2731//2731 2732//2732
f 2667//2667 2732//2732 2668//2668
f 2668//2668 2732//2732 2733//2733
f 2668//2668 2733//2733 2669//2669
f 2669//2669 2733//2733 2734//2734
f 2669//2669 2734//2734 2670//2670
f 2670//2670 2734//2734 2735//2735
f 2670//2670 2735//2735 2671//2671
f 2671//2671 2735//2735 2736//2736
f 2671//2671 2736//2736 2672//2672
f 2672//2672 2736//2736 2737//2737
f 2672//2672 2737//2737 2673//2673
f 2673//2673 2737//2737 2738//2738
f 2673//2673 2738//2738 2674//2674
f 2674//2674 2738//2738 2739//2739
f 2674//2674 2739//2739 2675//2675
f 2675//2675 2739//2739 2740//2740
f 2675//2675 2740//2740 2676//2676
f 2676//2676 2740//2740 2741//2741
f 2676//2676 2741//2741 2677//2677
f 2677//2677 2741//2741 2742//2742
f 2677//2677 2742//2742 2678//2678
f 2678//2678 2742//2742 2743//2743
f 2678//2678 2743//2743 2679//2679
f 2679//2679 2743//2743 2744//2744
f 2679//2679 2744//2744 2680//2680
f 2680//2680 2744//2744 2745//2745
f 2680//2680 2745//2745 2681//2681
f 2681//2681 2745//2745 2746//2746
f 2681//2681 2746//2746 2682//2682
f 2682//2682 2746//2746 2747//2747
f 2682//2682 2747//2747 2683//2683
f 2683//2683 2747//2747 2748//2748
f 2683//2683 2748//2748 2684//2684
f 2684//2684 2748//2748 2749//2749
f 2684//2684 2749//2749 2685//2685
f 2685//2685 2749//2749 2750//2750
f 2685//2685 2750//2750 2686//2686
f 2686//2686 2750//2750 2751//2751
f 2686//2686 2751//2751 2687//2687
f 2687//2687 2751//2751 2752//2752
f 2687//2687 2752//2752 2688//2688
f 2688//2688 2752//2752 2753//2753
f 2688//2688 2753//2753 2689//2689
f 2689//2689 2753//2753 2754//2754
f 2689//2689 2754//2754 2690//2690
f 2690//2690 2754//2754 2755//2755
f 2690//2690 2755//2755 2691//2691
f 2691//2691 2755//2755 2756//2756
f 2691//2691 2756//2756 2692//2692
f 2692//2692 2756//2756 2757//2757
f 2692//2692 2757//2757 2693//2693
f 2693//2693 2757//2757 2758//2758
f 2693//2693 2758//2758 2694//2694
f 2694//2694 2758//2758 2759//2759
f 2694//2694 2759//2759 2695//2695
f 2695//2695 2759//2759 2760//2760
f 2695//2695 2760//2760 2696//2696
f 2696//2696 2760//2760 2761//2761
f 2696//2696 2761//2761 2697//2697
f 2697//2697 2761//2761 2762//2762
f 2697//2697 2762//2762 2698//2698
f 2698//2698 2762//2762 2763//2763
f 2698//2698 2763//2763 2699//2699
f 2699//2699 2763//2763 2700//2700
f 2763//2763 2764//2764 2700//2700
f 2700//2700 2764//2764 2765//2765
f 2700//2700 2765//2765 2701//2701
f 2701//2701 2765//2765 2766//2766
f 2701//2701 2766//2766 2702//2702
f 2702//2702 2766//2766 2767//2767
f 2702//2702 2767//2767 2703//2703
f 2703//2703 2767//2767 2768//2768
f 2703//2703 2768//2768 2704//2704
f 2704//2704 2768//2768 2769//2769
f 2704//2704 2769//2769 2705//2705
f 2705//2705 2769//2769 2770//2770
f 2705//2705 2770//2770 2706//2706
f 2706//2706 2770//2770 2771//2771
f 2706//2706 2771//2771 2707//2707
f 2707//2707 2771//2771 2772//2772
f 2707//2707 2772//2772 2708//2708
f 2708//2708 2772//2772 2773//2773
f 2708//2708 2773//2773 2709//2709
f 2709//2709 2773//2773 2774//2774
f 2709//2709 2774//2774 2710//2710
f 2710//2710 2774//2774 2775//2775
f 2710//2710 2775//2775 2711//2711
f 2711//2711 2775//2775 2776//2776
f 2711//2711 2776//2776 2712//2712
f 2712//2712 2776//2776 2777//2777
f 2712//2712 2777//2777 2713//2713
f 2713//2713 2777//2777 2778//2778
f 2713//2713 2778//2778 2714//2714
f 2714//2714 2778//2778 2779//2779
f 2714//2714 2779//2779 2715//2715
f 2715//2715 2779//2779 2780//2780
f 2715//2715 2780//2780 2716//2716
f 2716//2716 2780//2780 2781//2781
f 2716//2716 2781//2781 2717//2717
f 2717//2717 2781//2781 2782//2782
f 2717//2717 2782//2782 2718//2718
f 2718//2718 2782//2782 2783//2783
f 2718//2718 2783//2783 2719//2719
f 2719//2719 2783//2783 2784//2784
f 2719//2719 2784//2784 2720//2720
f 2720//2720 2784//2784 2785//2785
f 2720//2720 2785//2785 2721//2721
f 2721//2721 2785//2785 2786//2786
f 2721//2721 2786//2786 2722//2722
f 2722//2722 2786//2786 2787//2787
f 2722//2722 2787//2787 2723//2723
f 2723//2723 2787//2787 2788//2788
f 2723//2723 2788//2788 2724//2724
f 2724//2724 2788//2788 2789//2789
f 2724//2724 2789//2789 2725//2725
f 2725//2725 2789//2789 2790//2790
f 2725//2725 2790//2790 2726//2726
f 2726//2726 2790//2790 2791//2791
f 2726//2726 2791//2791 2727//2727
f 2727//2727 2791//2791 2792//2792
f 2727//2727 2792//2792 2728//2728
f 2728//2728 2792//2792 2793//2793
f 2728//2728 2793//2793 2729//2729
f 2729//2729 2793//2793 2794//2794
f 2729//2729 2794//2794 2730//2730
f 2730//2730 2794//2794 2795//2795
f 2730//2730 2795//2795 2731//2731
f 2731//2731 2795//2795 2796//2796
f 2731//2731 2796//2796 2732//2732
f 2732//2732 2796//2796 2797//2797
f 2732//2732 2797//2797 2733//2733
f 2733//2733 2797//2797 2798//2798
f 2733//2733 2798//2798 2734//2734
f 2734//2734 2798//2798 2799//2799
f 2734//2734 2799//2799 2735//2735
f 2735//2735 2799//2799 2800//2800
f 2735//2735 2800//2800 2736//2736
f 2736//2736 2800//2800 2801//2801
f 2736//2736 2801//2801 2737//2737
f 2737//2737 2801//2801 2802//2802
f 2737//2737 2802//2802 2738//2738
f 2738//2738 2802//2802 2803//2803
f 2738//2738 2803//2803 2739//2739
f 2739//2739 2803//2803 2804//2804
f 2739//2739 2804//2804 2740//2740
f 2740//2740 2804//2804 2805//2805
f 2740//2740 2805//2805 2741//2741
f 2741//2741 2805//2805 2806//2806
f 2741//2741 2806//2806 2742//2742
f 2742//2742 2806//2806 2807//2807
f 2742//2742 2807//2807 2743//2743
f 2743//2743 2807//2807 2808//2808
f 2743//2743 2808//2808 2744//2744
f 2744//2744 2808//2808 2809//2809
f 2744//2744 2809//2809 2745//2745
f 2745//2745 2809//2809 2810//2810
f 2745//2745 2810//2810 2746//2746
f 2746//2746 2810//2810 2811//2811
f 2746//2746 2811//2811 2747//2747
f 2747//2747 2811//2811 2812//2812
f 2747//2747 2812//2812 2748//2748
f 2748//2748 2812//2812 2813//2813
f 2748//2748 2813//2813 2749//2749
f 2749//2749 2813//2813 2814//2814
f 2749//2749 2814//2814 2750//2750
f 2750//2750 2814//2814 2815//2815
f 2750//2750 2815//2815 2751//2751
f 2751//2751 2815//2815 2816//2816
f 2751//2751 2816//2816 2752//2752
f 2752//2752 2816//2816 2817//2817
f 2752//2752 2817//2817 2753//2753
f 2753//2753 2817//2817 2818//2818
f 2753//2753 2818//2818 2754//2754
f 2754//2754 2818//2818 2819//2819
f 2754//2754 2819//2819 2755//2755
f 2755//2755 2819//2819 2820//2820
f 2755//2755 2820//2820 2756//2756
f 2756//2756 2820//2820 2821//2821
f 2756//2756 2821//2821 2757//2757
f 2757//2757 2821//2821 2822//2822
f 2757//2757 2822//2822 2758//2758
f 2758//2758 2822//2822 2823//2823
f 2758//2758 2823//2823 2759//2759
f 2759//2759 2823//2823 2824//2824
f 2759//2759 2824//2824 2760//2760
f 2760//2760 2824//2824 2825//2825
f 2760//2760 2825//2825 2761//2761
f 2761//2761 2825//2825 2826//2826
f 2761//2761 2826//2826 2762//2762
f 2762//2762 2826//2826 2827//2827
f 2762//2762 2827//2827 2763//2763
f 2763//2763 2827//2827 2764//2764
f 2827//2827 2828//2828 2764//2764
f 2764//2764 2828//2828 2829//2829
f 2764//2764 2829//2829 2765//2765
f 2765//2765 2829//2829 2830//2830
f 2765//2765 2830//2830 2766//2766
f 2766//2766 2830//2830 2831//2831
f 2766//2766 2831//2831 2767//2767
f 2767//2767 2831//2831 2832//2832
f 2767//2767 2832//2832 2768//2768
f 2768//2768 2832//2832 2833//2833
f 2768//2768 2833//2833 2769//2769
f 2769//2769 2833//2833 2834//2834
f 2769//2769 2834//2834 2770//2770
f 2770//2770 2834//2834 2835//2835
f 2770//2770 2835//2835 2771//2771
f 2771//2771 2835//2835 2836//2836
f 2771//2771 2836//2836 2772//2772
f 2772//2772 2836//2836 2837//2837
f 2772//2772 2837//2837 2773//2773
f 2773//2773 2837//2837 2838//2838
f 2773//2773 2838//2838 2774//2774
f 2774//2774 2838//2838 2839//2839
f 2774//2774 2839//2839 2775//2775
f 2775//2775 2839//2839 2840//2840
f 2775//2775 2840//2840 2776//2776
f 2776//2776 2840//2840 2841//2841
f 2776//2776 2841//2841 2777//2777
f 2777//2777 2841//2841 2842//2842
f 2777//2777 2842//2842 2778//2778
f 2778//2778 2842//2842 2843//2843
f 2778//2778 2843//2843 2779//2779
f 2779//2779 2843//2843 2844//2844
f 2779//2779 2844//2844 2780//2780
f 2780//2780 2844//2844 2845//2845
f 2780//2780 2845//2845 2781//2781
f 2781//2781 2845//2845 2846//2846
f 2781//2781 2846//2846 2782//2782
f 2782//2782 2846//2846 2847//2847
f 2782//2782 2847//2847 2783//2783
f 2783//2783 2847//2847 2848//2848
f 2783//2783 2848//2848 2784//2784
f 2784//2784 2848//2848 2849//2849
f 2784//2784 2849//2849 2785//2785
f 2785//2785 2849//2849 2850//2850
f 2785//2785 2850//2850 2786//2786
f 2786//2786 2850//2850 2851//2851
f 2786//2786 2851//2851 2787//2787
f 2787//2787 2851//2851 2852//2852
f 2787//2787 2852//2852 2788//2788
f 2788//2788 2852//2852 2853//2853
f 2788//2788 2853//2853 2789//2789
f 2789//2789 2853//2853 2854//2854
f 2789//2789 2854//2854 2790//2790
f 2790//2790 2854//2854 2855//2855
f 2790//2790 2855//2855 2791//2791
f 2791//2791 2855//2855 2856//2856
f 2791//2791 2856//2856 2792//2792
f 2792//2792 2856//2856 2857//2857
f 2792//2792 2857//2857 2793//2793
f 2793//2793 2857//2857 2858//2858
f 2793//2793 2858//2858 2794//2794
f 2794//2794 2858//2858 2859//2859
f 2794//2794 2859//2859 2795//2795
f 2795//2795 2859//2859 2860//2860
f 2795//2795 2860//2860 2796//2796
f 2796//2796 2860//2860 2861//2861
f 2796//2796 2861//2861 2797//2797
f 2797//2797 2861//2861 2862//2862
f 2797//2797 2862//2862 2798//2798
f 2798//2798 2862//2862 2863//2863
f 2798//2798 2863//2863 2799//2799
f 2799//2799 2863//2863 2864//2864
f 2799//2799 2864//2864 2800//2800
f 2800//2800 2864//2864 2865//2865
f 2800//2800 2865//2865 2801//2801
f 2801//2801 2865//2865 2866//2866
f 2801//2801 2866//2866 2802//2802
f 2802//2802 2866//2866 2867//2867
f 2802//2802 2867//2867 2803//2803
f 2803//2803 2867//2867 2868//2868
f 2803//2803 2868//2868 2804//2804
f 2804//2804 2868//2868 2869//2869
f 2804//2804 2869//2869 2805//2805
f 2805//2805 2869//2869 2870//2870
f 2805//2805 2870//2870 2806//2806
f 2806//2806 2870//2870 2871//2871
f 2806//2806 2871//2871 2807//2807
f 2807//2807 2871//2871 2872//2872
f 2807//2807 2872//2872 2808//2808
f 2808//2808 2872//2872 2873//2873
f 2808//2808 2873//2873 2809//2809
f 2809//2809 2873//2873 2874//2874
f 2809//2809 2874//2874 2810//2810
f 2810//2810 2874//2874 2875//2875
f 2810//2810 2875//2875 2811//2811
f 2811//2811 2875//2875 2876//2876
f 2811//2811 2876//2876 2812//2812
f 2812//2812 2876//2876 2877//2877
f 2812//2812 2877//2877 2813//2813
f 2813//2813 2877//2877 2878//2878
f 2813//2813 2878//2878 2814//2814
f 2814//2814 2878//2878 2879//2879
f 2814//2814 2879//2879 2815//2815
f 2815//2815 2879//2879 2880//2880
f 2815//2815 2880//2880 2816//2816
f 2816//2816 2880//2880 2881//2881
f 2816//2816 2881//2881 2817//2817
f 2817//2817 2881//2881 2882//2882
f 2817//2817 2882//2882 2818//2818
f 2818//2818 2882//2882 2883//2883
f 2818//2818 2883//2883 2819//2819
f 2819//2819 2883//2883 2884//2884
f 2819//2819 2884//2884 2820//2820
f 2820//2820 2884//2884 2885//2885
f 2820//2820 2885//2885 2821//2821
f 2821//2821 2885//2885 2886//2886
f 2821//2821 2886//2886 2822//2822
f 2822//2822 2886//2886 2887//2887
f 2822//2822 2887//2887 2823//2823
f 2823//2823 2887//2887 2888//2888
f 2823//2823 2888//2888 2824//2824
f 2824//2824 2888//2888 2889//2889
f 2824//2824 2889//2889 2825//2825
f 2825//2825 2889//2889 2890//2890
f 2825//2825 2890//2890 2826//2826
f 2826//2826 2890//2890 2891//2891
f 2826//2826 2891//2891 2827//2827
f 2827//2827 2891//2891 2828//2828
f 2891//2891 2892//2892 2828//2828
f 2828//2828 2892//2892 2893//2893
f 2828//2828 2893//2893 2829//2829
f 2829//2829 2893//2893 2894//2894
f 2829//2829 2894//2894 2830//2830
f 2830//2830 2894//2894 2895//2895
f 2830//2830 2895//2895 2831//2831
f 2831//2831 2895//2895 2896//2896
f 2831//2831 2896//2896 2832//2832
f 2832//2832 2896//2896 2897//2897
f 2832//2832 2897//2897 2833//2833
f 2833//2833 2897//2897 2898//2898
f 2833//2833 2898//2898 2834//2834
f 2834//2834 2898//2898 2899//2899
f 2834//2834 2899//2899 2835//2835
f 2835//2835 2899//2899 2900//2900
f 2835//2835 2900//2900 2836//2836
f 2836//2836 2900//2900 2901//2901
f 2836//2836 2901//2901 2837//2837
f 2837//2837 2901//2901 2902//2902
f 2837//2837 2902//2902 2838//2838
f 2838//2838 2902//2902 2903//2903
f 2838//2838 2903//2903 2839//2839
f 2839//2839 2903//2903 2904//2904
f 2839//2839 2904//2904 2840//2840
f 2840//2840 2904//2904 2905//2905
f 2840//2840 2905//2905 2841//2841
f 2841//2841 2905//2905 2906//2906
f 2841//2841 2906//2906 2842//2842
f 2842//2842 2906//2906 2907//2907
f 2842//2842 2907//2907 2843//2843
f 2843//2843 2907//2907 2908//2908
f 2843//2843 2908//2908 2844//2844
f 2844//2844 2908//2908 2909//2909
f 2844//2844 2909//2909 2845//2845
f 2845//2845 2909//2909 2910//2910
f 2845//2845 2910//2910 2846//2846
f 2846//2846 2910//2910 2911//2911
f 2846//2846 2911//2911 2847//2847
f 2847//2847 2911//2911 2912//2912
f 2847//2847 2912//2912 2848//2848
f 2848//2848 2912//2912 2913//2913
f 2848//2848 2913//2913 2849//2849
f 2849//2849 2913//2913 2914//2914
f 2849//2849 2914//2914 2850//2850
f 2850//2850 2914//2914 2915//2915
f 2850//2850 2915//2915 2851//2851
f 2851//2851 2915//2915 2916//2916
f 2851//2851 2916//2916 2852//2852
f 2852//2852 2916//2916 2917//2917
f 2852//2852 2917//2917 2853//2853
f 2853//2853 2917//2917 2918//2918
f 2853//2853 2918//2918 2854//2854
f 2854//2854 2918//2918 2919//2919
f 2854//2854 2919//2919 2855//2855
f 2855//2855 2919//2919 2920//2920
f 2855//2855 2920//2920 2856//2856
f 2856//2856 2920//2920 2921//2921
f 2856//2856 2921//2921 2857//2857
f 2857//2857 2921//2921 2922//2922
f 2857//2857 2922//2922 2858//2858
f 2858//2858 2922//2922 2923//2923
f 2858//2858 2923//2923 2859//2859
f 2859//2859 2923//2923 2924//2924
f 2859//2859 2924//2924 2860//2860
f 2860//2860 2924//2924 2925//2925
f 2860//2860 2925//2925 2861//2861
f 2861//2861 2925//2925 2926//2926
f 2861//2861 2926//2926 2862//2862
f 2862//2862 2926//2926 2927//2927
f 2862//2862 2927//2927 2863//2863
f 2863//2863 2927//2927 2928//2928
f 2863//2863 2928//2928 2864//2864
f 2864//2864 2928//2928 2929//2929
f 2864//2864 2929//2929 2865//2865
f 2865//2865 2929//2929 2930//2930
f 2865//2865 2930//2930 2866//2866
f 2866//2866 2930//2930 2931//2931
f 2866//2866 2931//2931 2867//2867
f 2867//2867 2931//2931 2932//2932
f 2867//2867 2932//2932 2868//2868
f 2868//2868 2932//2932 2933//2933
f 2868//2868 2933//2933 2869//2869
f 2869//2869 2933//2933 2934//2934
f 2869//2869 2934//2934 2870//2870
f 2870//2870 2934//2934 2935//2935
f 2870//2870 2935//2935 2871//2871
f 2871//2871 2935//2935 2936//2936
f 2871//2871 2936//2936 2872//2872
f 2872//2872 2936//2936 2937//2937
f 2872//2872 2937//2937 2873//2873
f 2873//2873 2937//2937 2938//2938
f 2873//2873 2938//2938 2874//2874
f 2874//2874 2938//2938 2939//2939
f 2874//2874 2939//2939 2875//2875
f 2875//2875 2939//2939 2940//2940
f 2875//2875 2940//2940 2876//2876
f 2876//2876 2940//2940 2941//2941
f 2876//2876 2941//2941 2877//2877
f 2877//2877 2941//2941 2942//2942
f 2877//2877 2942//2942 2878//2878
f 2878//2878 2942//2942 2943//2943
f 2878//2878 2943//2943 2879//2879
f 2879//2879 2943//2943 2944//2944
f 2879//2879 2944//2944 2880//2880
f 2880//2880 2944//2944 2945//2945
f 2880//2880 2945//2945 2881//2881
f 2881//2881 2945//2945 2946//2946
f 2881//2881 2946//2946 2882//2882
f 2882//2882 2946//2946 2947//2947
f 2882//2882 2947//2947 2883//2883
f 2883//2883 2947//2947 2948//2948
f 2883//2883 2948//2948 2884//2884
f 2884//2884 2948//2948 2949//2949
f 2884//2884 2949//2949 2885//2885
f 2885//2885 2949//2949 2950//2950
f 2885//2885 2950//2950 2886//2886
f 2886//2886 2950//2950 2951//2951
f 2886//2886 2951//2951 2887//2887
f 2887//2887 2951//2951 2952//2952
f 2887//2887 2952//2952 2888//2888
f 2888//2888 2952//2952 2953//2953
f 2888//2888 2953//2953 2889//2889
f 2889//2889 2953//2953 2954//2954
f 2889//2889 2954//2954 2890//2890
f 2890//2890 2954//2954 2955//2955
f 2890//2890 2955//2955 2891//2891
f 2891//2891 2955//2955 2892//2892
f 2896//2896 12//12 2897//2897
f 2897//2897 12//12 10//10
f 2922//2922 2921//2921 10//10
f 10//10 2921//2921 2920//2920
f 2900//2900 2899//2899 10//10
f 10//10 2899//2899 2898//2898
f 10//10 2898//2898 2897//2897
f 2920//2920 2919//2919 10//10
f 10//10 2919//2919 2918//2918
f 10//10 2918//2918 2900//2900
f 2900//2900 2918//2918 2917//2917
f 2900//2900 2917//2917 2916//2916
f 2916//2916 2915//2915 2900//2900
f 2900//2900 2915//2915 2914//2914
f 2900//2900 2914//2914 2913//2913
f 2911//2911 2903//2903 2902//2902
f 184//184 2950//2950 2930//2930
f 2930//2930 2950//2950 2949//2949
f 2930//2930 2949//2949 2948//2948
f 2930//2930 2929//2929 184//184
f 184//184 2929//2929 2928//2928
f 184//184 2928//2928 175//175
f 175//175 2928//2928 2927//2927
f 175//175 2927//2927 2926//2926
f 2953//2953 2952//2952 184//184
f 184//184 2952//2952 2951//2951
f 184//184 2951//2951 2950//2950
f 2913//2913 2912//2912 2900//2900
f 2900//2900 2912//2912 2911//2911
f 2900//2900 2911//2911 2901//2901
f 2901//2901 2911//2911 2902//2902
f 2926//2926 2925//2925 175//175
f 175//175 2925//2925 2924//2924
f 175//175 2924//2924 10//10
f 10//10 2924//2924 2923//2923
f 10//10 2923//2923 2922//2922
f 2896//2896 2895//2895 12//12
f 12//12 2895//2895 2894//2894
f 12//12 2894//2894 2893//2893
f 2908//2908 2907//2907 2909//2909
f 2909//2909 2907//2907 2906//2906
f 2909//2909 2906//2906 2905//2905
f 2911//2911 2910//2910 2903//2903
f 2903//2903 2910//2910 2909//2909
f 2903//2903 2909//2909 2904//2904
f 2904//2904 2909//2909 2905//2905
f 2948//2948 2947//2947 2930//2930
f 2930//2930 2947//2947 2946//2946
f 2930//2930 2946//2946 2945//2945
f 2940//2940 2939//2939 2935//2935
f 2893//2893 2892//2892 12//12
f 12//12 2892//2892 2955//2955
f 12//12 2955//2955 184//184
f 184//184 2955//2955 2954//2954
f 184//184 2954//2954 2953//2953
f 2940//2940 2935//2935 2941//2941
f 2932//2932 2943//2943 2933//2933
f 2933//2933 2943//2943 2934//2934
f 2945//2945 2944//2944 2930//2930
f 2930//2930 2944//2944 2943//2943
f 2930//2930 2943//2943 2931//2931
f 2931//2931 2943//2943 2932//2932
f 2934//2934 2943//2943 2935//2935
f 2935//2935 2943//2943 2942//2942
f 2935//2935 2942//2942 2941//2941
f 2939//2939 2938//2938 2935//2935
f 2935//2935 2938//2938 2937//2937
f 2935//2935 2937//2937 2936//2936
f 2956//2956 2957//2957 2958//2958
f 2959//2959 2960//2960 2958//2958
f 2958//2958 2960//2960 2961//2961
f 2958//2958 2961//2961 2956//2956
f 2962//2962 2963//2963 2958//2958
f 2958//2958 2963//2963 2964//2964
f 2958//2958 2964//2964 2959//2959
f 2965//2965 2966//2966 2958//2958
f 2958//2958 2966//2966 2967//2967
f 2958//2958 2967//2967 2962//2962
f 2968//2968 2969//2969 2958//2958
f 2958//2958 2969//2969 2970//2970
f 2958//2958 2970//2970 2965//2965
f 2971//2971 2972//2972 2958//2958
f 2958//2958 2972//2972 2973//2973
f 2958//2958 2973//2973 2968//2968
f 2974//2974 2975//2975 2958//2958
f 2958//2958 2975//2975 2976//2976
f 2958//2958 2976//2976 2971//2971
f 2977//2977 2978//2978 2958//2958
f 2958//2958 2978//2978 2979//2979
f 2958//2958 2979//2979 2974//2974
f 2980//2980 2981//2981 2958//2958
f 2958//2958 2981//2981 2982//2982
f 2958//2958 2982//2982 2977//2977
f 2983//2983 2984//2984 2958//2958
f 2958//2958 2984//2984 2985//2985
f 2958//2958 2985//2985 2980//2980
f 2986//2986 2987//2987 2958//2958
f 2958//2958 2987//2987 2988//2988
f 2958//2958 2988//2988 2983//2983
f 2989//2989 2990//2990 2958//2958
f 2958//2958 2990//2990 2991//2991
f 2958//2958 2991//2991 2986//2986
f 2992//2992 2993//2993 2958//2958
f 2958//2958 2993//2993 2994//2994
f 2958//2958 2994//2994 2989//2989
f 2995//2995 2996//2996 2958//2958
f 2958//2958 2996//2996 2997//2997
f 2958//2958 2997//2997 2992//2992
f 2998//2998 2999//2999 2958//2958
f 2958//2958 2999//2999 3000//3000
f 2958//2958 3000//3000 2995//2995
f 3001//3001 3002//3002 2958//2958
f 2958//2958 3002//3002 3003//3003
f 2958//2958 3003//3003 2998//2998
f 2957//2957 3004//3004 2958//2958
f 2958//2958 3004//3004 3005//3005
f 2958//2958 3005//3005 3001//3001
f 2956//2956 467//467 2957//2957
f 2957//2957 467//467 459//459
f 2957//2957 459//459 3004//3004
f 3004//3004 459//459 462//462
f 3004//3004 462//462 3005//3005
f 3005//3005 462//462 457//457
f 3005//3005 457//457 3001//3001
f 3001//3001 457//457 315//315
f 3001//3001 315//315 3002//3002
f 3002//3002 315//315 453//453
f 3002//3002 453//453 3003//3003
f 3003//3003 453//453 451//451
f 3003//3003 451//451 2998//2998
f 2998//2998 451//451 447//447
f 2998//2998 447//447 2999//2999
f 2999//2999 447//447 440//440
f 2999//2999 440//440 3000//3000
f 3000//3000 440//440 439//439
f 3000//3000 439//439 2995//2995
f 2995//2995 439//439 437//437
f 2995//2995 437//437 2996//2996
f 2996//2996 437//437 318//318
f 2996//2996 318//318 2997//2997
f 2997//2997 318//318 433//433
f 2997//2997 433//433 2992//2992
f 2992//2992 433//433 431//431
f 2992//2992 431//431 2993//2993
f 2993//2993 431//431 427//427
f 2993//2993 427//427 2994//2994
f 2994//2994 427//427 420//420
f 2994//2994 420//420 2989//2989
f 2989//2989 420//420 419//419
f 2989//2989 419//419 2990//2990
f 2990//2990 419//419 417//417
f 2990//2990 417//417 2991//2991
f 2991//2991 417//417 321//321
f 2991//2991 321//321 2986//2986
f 2986//2986 321//321 413//413
f 2986//2986 413//413 2987//2987
f 2987//2987 413//413 411//411
f 2987//2987 411//411 2988//2988
f 2988//2988 411//411 407//407
f 2988//2988 407//407 2983//2983
f 2983//2983 407//407 400//400
f 2983//2983 400//400 2984//2984
f 2984//2984 400//400 399//399
f 2984//2984 399//399 2985//2985
f 2985//2985 399//399 397//397
f 2985//2985 397//397 2980//2980
f 2980//2980 397//397 324//324
f 2980//2980 324//324 2981//2981
f 2981//2981 324//324 393//393
f 2981//2981 393//393 2982//2982
f 2982//2982 393//393 391//391
f 2982//2982 391//391 2977//2977
f 2977//2977 391//391 387//387
f 2977//2977 387//387 2978//2978
f 2978//2978 387//387 380//380
f 2978//2978 380//380 2979//2979
f 2979//2979 380//380 379//379
f 2979//2979 379//379 2974//2974
f 2974//2974 379//379 377//377
f 2974//2974 377//377 2975//2975
f 2975//2975 377//377 327//327
f 2975//2975 327//327 2976//2976
f 2976//2976 327//327 373//373
f 2976//2976 373//373 2971//2971
f 2971//2971 373//373 371//371
f 2971//2971 371//371 2972//2972
f 2972//2972 371//371 367//367
f 2972//2972 367//367 2973//2973
f 2973//2973 367//367 360//360
f 2973//2973 360//360 2968//2968
f 2968//2968 360//360 359//359
f 2968//2968 359//359 2969//2969
f 2969//2969 359//359 357//357
f 2969//2969 357//357 2970//2970
f 2970//2970 357//357 330//330
f 2970//2970 330//330 2965//2965
f 2965//2965 330//330 353//353
f 2965//2965 353//353 2966//2966
f 2966//2966 353//353 351//351
f 2966//2966 351//351 2967//2967
f 2967//2967 351//351 347//347
f 2967//2967 347//347 2962//2962
f 2962//2962 347//347 340//340
f 2962//2962 340//340 2963//2963
f 2963//2963 340//340 339//339
f 2963//2963 339//339 2964//2964
f 2964//2964 339//339 337//337
f 2964//2964 337//337 2959//2959
f 2959//2959 337//337 334//334
f 2959//2959 334//334 2960//2960
f 2960//2960 334//334 332//332
f 2960//2960 332//332 2961//2961
f 2961//2961 332//332 471//471
f 2961//2961 471//471 2956//2956
f 2956//2956 471//471 467//467
