# Chess piece OBJ — converted from queen.STL
# 12028 triangles, 6016 unique vertices

v 9.05165 1.60419 -10.54054
v 9.09798 1.60419 -10.49650
v 10.11942 1.09182 -11.67509
v 13.73522 1.60419 -2.10236
v 13.74816 1.60419 -1.97515
v 15.29470 1.09182 -2.19727
v 11.79252 1.60419 7.35092
v 11.68294 1.60419 7.50836
v 12.99927 1.09182 8.35468
v 4.16087 1.60419 13.25826
v 3.91326 1.60419 13.32237
v 4.35444 1.09182 14.82612
v -9.04854 1.60419 10.54365
v -9.09487 1.60419 10.49961
v -10.11631 1.09182 11.67820
v -13.73211 1.60419 2.10547
v -13.74504 1.60419 1.97826
v -15.29159 1.09182 2.20038
v -11.78941 1.60419 -7.34781
v -11.67983 1.60419 -7.50525
v -12.99616 1.09182 -8.35157
v -2.79526 1.60419 -13.60792
v -2.19727 1.09182 -15.29159
v -3.91014 1.60419 -13.31926
v -4.35133 1.09182 -14.82300
v -4.15776 1.60419 -13.25514
v -5.47758 1.60419 -12.76634
v -6.41678 1.09182 -14.05263
v -5.76466 1.60419 -12.62552
v -6.74117 1.60419 -12.14651
v -8.35157 1.09182 -12.99616
v -7.50131 1.60419 -11.67272
v -10.11631 1.09182 -11.67509
v -9.09487 1.60419 -10.49650
v -9.04854 1.60419 -10.54054
v -7.93558 1.60419 -11.40204
v -10.06863 1.60419 -9.57087
v -11.67509 1.09182 -10.11631
v -10.48532 1.60419 -9.08548
v -10.98539 1.60419 -8.50297
v -12.47244 1.60419 -6.11723
v -14.05263 1.09182 -6.41678
v -12.62376 1.60419 -5.76459
v -13.02746 1.60419 -4.82386
v -14.82300 1.09182 -4.35133
v -13.31476 1.60419 -3.90817
v -15.29159 1.09182 -2.19727
v -13.74504 1.60419 -1.97515
v -13.73211 1.60419 -2.10236
v -13.44880 1.60419 -3.48098
v -13.87450 1.60419 -0.70216
v -15.44886 1.09182 0.00156
v -13.87450 1.60419 0.00156
v -13.87450 1.60419 0.70527
v -13.44880 1.60419 3.48409
v -14.82300 1.09182 4.35444
v -13.31476 1.60419 3.91128
v -12.99616 1.09182 8.35468
v -11.67983 1.60419 7.50836
v -11.78941 1.60419 7.35092
v -14.05263 1.09182 6.41989
v -12.47244 1.60419 6.12034
v -12.62376 1.60419 5.76770
v -13.02746 1.60419 4.82697
v -10.98539 1.60419 8.50608
v -11.67509 1.09182 10.11942
v -10.48532 1.60419 9.08859
v -10.06863 1.60419 9.57398
v -7.93558 1.60419 11.40515
v -8.35157 1.09182 12.99927
v -7.50131 1.60419 11.67583
v -6.41678 1.09182 14.05574
v -4.35133 1.09182 14.82612
v -4.15776 1.60419 13.25826
v -5.47758 1.60419 12.76945
v -5.76466 1.60419 12.62863
v -6.74117 1.60419 12.14963
v -1.40407 1.60419 13.82415
v -1.97314 1.60419 13.73698
v -2.19727 1.09182 15.29470
v -2.79526 1.60419 13.61103
v -3.91014 1.60419 13.32237
v 0.00156 1.60419 13.89544
v 0.00156 1.09182 15.45197
v 1.40718 1.60419 13.82415
v 2.20038 1.09182 15.29470
v 1.97625 1.60419 13.73698
v 2.79837 1.60419 13.61103
v 5.48069 1.60419 12.76945
v 6.41989 1.09182 14.05574
v 5.76777 1.60419 12.62863
v 6.74428 1.60419 12.14963
v 8.35468 1.09182 12.99927
v 7.50443 1.60419 11.67583
v 10.11942 1.09182 11.67820
v 9.09798 1.60419 10.49961
v 9.05165 1.60419 10.54365
v 7.93869 1.60419 11.40515
v 10.07174 1.60419 9.57398
v 11.67820 1.09182 10.11942
v 10.48843 1.60419 9.08859
v 10.98850 1.60419 8.50608
v 12.47555 1.60419 6.12034
v 14.05574 1.09182 6.41989
v 12.62688 1.60419 5.76770
v 13.03058 1.60419 4.82697
v 14.82612 1.09182 4.35444
v 13.31788 1.60419 3.91128
v 15.29470 1.09182 2.20038
v 13.74816 1.60419 1.97826
v 13.73522 1.60419 2.10547
v 13.45191 1.60419 3.48409
v 13.87761 1.60419 0.70527
v 15.45197 1.09182 0.00156
v 13.87761 1.60419 0.00156
v 13.87761 1.60419 -0.70216
v 13.45191 1.60419 -3.48098
v 14.82612 1.09182 -4.35133
v 13.31788 1.60419 -3.90817
v 12.99927 1.09182 -8.35157
v 11.68294 1.60419 -7.50525
v 11.79252 1.60419 -7.34781
v 14.05574 1.09182 -6.41678
v 12.47555 1.60419 -6.11723
v 12.62688 1.60419 -5.76459
v 13.03058 1.60419 -4.82386
v 10.98850 1.60419 -8.50297
v 11.67820 1.09182 -10.11631
v 10.48843 1.60419 -9.08548
v 10.07174 1.60419 -9.57087
v 7.93869 1.60419 -11.40204
v 8.35468 1.09182 -12.99616
v 7.50443 1.60419 -11.67272
v 4.35444 1.09182 -14.82300
v 3.91326 1.60419 -13.31926
v 4.16087 1.60419 -13.25514
v 6.41989 1.09182 -14.05263
v 5.48069 1.60419 -12.76634
v 5.76777 1.60419 -12.62552
v 6.74428 1.60419 -12.14651
v 2.79837 1.60419 -13.60792
v 2.20038 1.09182 -15.29159
v 1.97625 1.60419 -13.73386
v -1.97314 1.60419 -13.73386
v -1.40407 1.60419 -13.82104
v 0.00156 1.09182 -15.44886
v 0.00156 1.60419 -13.89233
v 1.40718 1.60419 -13.82104
v 2.89824 1.89307 14.09699
v 4.30939 1.89307 13.73162
v 6.98505 1.89307 12.58340
v 10.43132 1.89307 9.91579
v 11.38082 1.89307 8.80976
v 12.21355 1.89307 7.61335
v 13.49581 1.89307 4.99928
v 14.37309 1.89307 0.73040
v 14.22562 1.89307 -2.17749
v 13.49581 1.89307 -4.99617
v 11.38082 1.89307 -8.80665
v 9.37481 1.89307 -10.91698
v 6.98505 1.89307 -12.58029
v 2.89824 1.89307 -14.09388
v -2.89513 1.89307 -14.09388
v -4.30628 1.89307 -13.72851
v -6.98194 1.89307 -12.58029
v -10.42821 1.89307 -9.91268
v -11.37771 1.89307 -8.80665
v -12.21044 1.89307 -7.61024
v -13.49270 1.89307 -4.99617
v -14.36998 1.89307 -0.72729
v -14.22251 1.89307 2.18060
v -13.49270 1.89307 4.99928
v -11.37771 1.89307 8.80976
v -9.37170 1.89307 10.92009
v -6.98194 1.89307 12.58340
v -2.89513 1.89307 14.09699
v 2.00084 8.13003 12.30277
v 1.26395 8.13003 12.41566
v 1.32174 8.07271 12.98395
v 3.94970 8.13003 11.82867
v 3.73705 8.13003 11.90743
v 3.90805 8.07271 12.45245
v 5.79542 8.13003 11.04018
v 4.92238 8.13003 11.46843
v 5.14764 8.07271 11.99336
v 7.48867 8.13003 9.96545
v 7.12991 8.13003 10.24315
v 7.45623 8.07271 10.71199
v 10.25778 8.13003 7.08084
v 9.86895 8.13003 7.63949
v 10.32067 8.07271 7.98914
v 11.26834 8.13003 5.34801
v 11.20447 8.13003 5.49685
v 11.71732 8.07271 5.74841
v 11.97464 8.13003 3.46931
v 11.70294 8.13003 4.33527
v 12.23861 8.07271 4.53366
v 12.37513 8.13003 1.50425
v 12.33579 8.13003 1.89109
v 12.90043 8.07271 1.97759
v 12.21183 8.13003 -2.49117
v 12.33579 8.13003 -1.88798
v 12.90043 8.07271 -1.97448
v 10.79548 8.13003 -6.23060
v 11.20447 8.13003 -5.49374
v 11.71732 8.07271 -5.74530
v 9.65791 8.13003 -7.88222
v 9.86895 8.13003 -7.63638
v 10.32067 8.07271 -7.98603
v 6.66236 8.13003 -10.53146
v 7.12991 8.13003 -10.24003
v 7.45623 8.07271 -10.70887
v 2.98397 8.13003 -12.09930
v 3.73705 8.13003 -11.90431
v 3.90805 8.07271 -12.44934
v 1.00510 8.13003 -12.42568
v 1.26395 8.13003 -12.41255
v 1.32174 8.07271 -12.98084
v -1.00199 8.13003 -12.42568
v 0.00156 8.13003 -12.47657
v 0.00156 8.07271 -13.04779
v -2.98085 8.13003 -12.09930
v -2.51027 8.13003 -12.22114
v -2.62526 8.07271 -12.78067
v -6.65924 8.13003 -10.53146
v -6.05410 8.13003 -10.90865
v -6.33132 8.07271 -11.40810
v -8.26723 8.13003 -9.33241
v -8.12635 8.13003 -9.46632
v -8.49843 8.07271 -9.89975
v -9.65480 8.13003 -7.88222
v -9.04250 8.13003 -8.59546
v -9.45652 8.07271 -8.98902
v -10.79237 8.13003 -6.23060
v -10.58793 8.13003 -6.59892
v -11.07270 8.07271 -6.90108
v -12.20872 8.13003 -2.49117
v -12.07823 8.13003 -3.12612
v -12.63122 8.07271 -3.26930
v -12.46055 8.13003 -0.50089
v -12.46055 8.13003 -0.63045
v -13.03105 8.07271 -0.65938
v -12.37201 8.13003 1.50425
v -12.46055 8.13003 0.63356
v -13.03105 8.07271 0.66250
v -11.97153 8.13003 3.46931
v -12.07823 8.13003 3.12923
v -12.63122 8.07271 3.27241
v -10.25467 8.13003 7.08084
v -10.58793 8.13003 6.60203
v -11.07270 8.07271 6.90419
v -7.48556 8.13003 9.96545
v -8.12635 8.13003 9.46944
v -8.49843 8.07271 9.90286
v -5.79231 8.13003 11.04018
v -6.05410 8.13003 10.91176
v -6.33132 8.07271 11.41121
v -3.94659 8.13003 11.82867
v -4.91927 8.13003 11.46843
v -5.14453 8.07271 11.99336
v -1.99773 8.13003 12.30277
v -2.51027 8.13003 12.22425
v -2.62526 8.07271 12.78379
v -1.26084 8.13003 12.41566
v -9.86584 8.13003 7.63949
v -11.69983 8.13003 4.33527
v -11.20136 8.13003 -5.49374
v -3.73393 8.13003 -11.90431
v 6.05721 8.13003 -10.90865
v 9.04561 8.13003 -8.59546
v 12.08134 8.13003 -3.12612
v 12.46367 8.13003 0.63356
v 8.12946 8.13003 9.46944
v -1.45426 1.89307 14.31773
v -2.98390 2.26067 14.52893
v -1.49887 2.26067 14.75643
v -3.05907 2.69669 14.89475
v -1.53665 2.69669 15.12798
v -3.11855 3.18890 15.18419
v -1.56655 3.18890 15.42194
v -3.16067 3.72351 15.38912
v -1.58771 3.72351 15.63009
v -3.18424 4.28554 15.50383
v -1.59956 4.28554 15.74659
v -3.18861 4.85922 15.52507
v -1.60175 4.85922 15.76817
v -3.17365 5.42848 15.45227
v -1.59423 5.42848 15.69423
v -3.13978 5.97737 15.28746
v -1.57721 5.97737 15.52684
v -3.08795 6.49049 15.03526
v -1.55116 6.49049 15.27069
v -3.01962 6.95346 14.70274
v -1.51682 6.95346 14.93296
v -2.93669 7.35331 14.29922
v -1.47514 7.35331 14.52313
v -2.84150 7.67883 13.83602
v -1.42730 7.67883 14.05266
v -2.73671 7.92089 13.32611
v -1.37464 7.92089 13.53477
v -1.31863 8.07271 12.98395
v -5.36287 7.92089 12.50214
v -6.60001 7.92089 11.89530
v -5.56816 7.67883 12.98052
v -6.85264 7.67883 12.35045
v -5.75464 7.35331 13.41509
v -7.08213 7.35331 12.76392
v -5.91710 6.95346 13.79365
v -7.28206 6.95346 13.12411
v -6.05097 6.49049 14.10561
v -7.44680 6.49049 13.42092
v -6.15250 5.97737 14.34221
v -7.57175 5.97737 13.64604
v -6.21886 5.42848 14.49683
v -7.65340 5.42848 13.79315
v -6.24817 4.85922 14.56513
v -7.68947 4.85922 13.85814
v -6.23961 4.28554 14.54520
v -7.67895 4.28554 13.83917
v -6.19343 3.72351 14.43759
v -7.62212 3.72351 13.73679
v -6.11093 3.18890 14.24532
v -7.52058 3.18890 13.55385
v -5.99440 2.69669 13.97379
v -7.37718 2.69669 13.29550
v -5.84712 2.26067 13.63059
v -7.19594 2.26067 12.96896
v -5.67323 1.89307 13.22536
v -9.45652 8.07271 8.99213
v -10.31755 8.07271 7.98914
v -9.85781 7.92089 9.37358
v -10.75537 7.92089 8.32804
v -10.23511 7.67883 9.73223
v -11.16702 7.67883 8.64668
v -10.57785 7.35331 10.05803
v -11.54097 7.35331 8.93613
v -10.87643 6.95346 10.34185
v -11.86673 6.95346 9.18829
v -11.12248 6.49049 10.57574
v -12.13517 6.49049 9.39608
v -11.30909 5.97737 10.75312
v -12.33878 5.97737 9.55368
v -11.43104 5.42848 10.86905
v -12.47183 5.42848 9.65667
v -11.48491 4.85922 10.92025
v -12.53060 4.85922 9.70217
v -11.46919 4.28554 10.90531
v -12.51345 4.28554 9.68889
v -11.38431 3.72351 10.82463
v -12.42085 3.72351 9.61721
v -11.23267 3.18890 10.68048
v -12.25540 3.18890 9.48915
v -11.01851 2.69669 10.47690
v -12.02174 2.69669 9.30828
v -10.74782 2.26067 10.21960
v -11.72642 2.26067 9.07968
v -10.42821 1.89307 9.91579
v -11.20136 8.13003 5.49685
v -11.26523 8.13003 5.34801
v -11.71421 8.07271 5.74841
v -12.23550 8.07271 4.53366
v -12.21128 7.92089 5.99224
v -12.75469 7.92089 4.72595
v -12.67865 7.67883 6.22150
v -13.24285 7.67883 4.90675
v -13.10321 7.35331 6.42975
v -13.68631 7.35331 5.07098
v -13.47306 6.95346 6.61117
v -14.07261 6.95346 5.21405
v -13.77784 6.49049 6.76067
v -14.39095 6.49049 5.33195
v -14.00900 5.97737 6.87406
v -14.63239 5.97737 5.42138
v -14.16006 5.42848 6.94816
v -14.79017 5.42848 5.47981
v -14.22678 4.85922 6.98089
v -14.85987 4.85922 5.50562
v -14.20731 4.28554 6.97134
v -14.83953 4.28554 5.49809
v -14.10218 3.72351 6.91977
v -14.72972 3.72351 5.45742
v -13.91434 3.18890 6.82763
v -14.53352 3.18890 5.38476
v -13.64905 2.69669 6.69750
v -14.25643 2.69669 5.28213
v -13.31376 2.26067 6.53303
v -13.90622 2.26067 5.15243
v -12.91785 1.89307 6.33883
v -13.58399 7.92089 0.69054
v -13.58399 7.92089 -0.68743
v -14.10389 7.67883 0.71690
v -14.10389 7.67883 -0.71379
v -14.57617 7.35331 0.74085
v -14.57617 7.35331 -0.73774
v -14.98759 6.95346 0.76172
v -14.98759 6.95346 -0.75861
v -15.32662 6.49049 0.77891
v -15.32662 6.49049 -0.77580
v -15.58376 5.97737 0.79195
v -15.58376 5.97737 -0.78884
v -15.75180 5.42848 0.80047
v -15.75180 5.42848 -0.79736
v -15.82603 4.85922 0.80424
v -15.82603 4.85922 -0.80113
v -15.80437 4.28554 0.80314
v -15.80437 4.28554 -0.80003
v -15.68742 3.72351 0.79721
v -15.68742 3.72351 -0.79410
v -15.47846 3.18890 0.78661
v -15.47846 3.18890 -0.78350
v -15.18336 2.69669 0.77165
v -15.18336 2.69669 -0.76854
v -14.81038 2.26067 0.75273
v -14.81038 2.26067 -0.74962
v -14.36998 1.89307 0.73040
v -11.69983 8.13003 -4.33216
v -12.23550 8.07271 -4.53055
v -13.16720 7.92089 -3.40807
v -12.75469 7.92089 -4.72284
v -13.67115 7.67883 -3.53855
v -13.24285 7.67883 -4.90364
v -14.12894 7.35331 -3.65708
v -13.68631 7.35331 -5.06787
v -14.52774 6.95346 -3.76034
v -14.07261 6.95346 -5.21094
v -14.85637 6.49049 -3.84543
v -14.39095 6.49049 -5.32884
v -15.10563 5.97737 -3.90996
v -14.63239 5.97737 -5.41826
v -15.26851 5.42848 -3.95214
v -14.79017 5.42848 -5.47670
v -15.34046 4.85922 -3.97077
v -14.85987 4.85922 -5.50251
v -15.31946 4.28554 -3.96533
v -14.83953 4.28554 -5.49498
v -15.20610 3.72351 -3.93598
v -14.72972 3.72351 -5.45431
v -15.00356 3.18890 -3.88354
v -14.53352 3.18890 -5.38165
v -14.71751 2.69669 -3.80947
v -14.25643 2.69669 -5.27902
v -14.35597 2.26067 -3.71586
v -13.90622 2.26067 -5.14932
v -13.92908 1.89307 -3.60533
v -7.12680 8.13003 -10.24003
v -7.45312 8.07271 -10.70887
v -7.76941 7.92089 -11.16329
v -6.60001 7.92089 -11.89219
v -8.06679 7.67883 -11.59056
v -6.85264 7.67883 -12.34734
v -8.33694 7.35331 -11.97868
v -7.08213 7.35331 -12.76081
v -8.57227 6.95346 -12.31680
v -7.28206 6.95346 -13.12100
v -8.76620 6.49049 -12.59542
v -7.44680 6.49049 -13.41781
v -8.91328 5.97737 -12.80674
v -7.57175 5.97737 -13.64293
v -9.00940 5.42848 -12.94484
v -7.65340 5.42848 -13.79004
v -9.05186 4.85922 -13.00584
v -7.68947 4.85922 -13.85503
v -9.03947 4.28554 -12.98804
v -7.67895 4.28554 -13.83606
v -8.97257 3.72351 -12.89193
v -7.62212 3.72351 -13.73367
v -8.85305 3.18890 -12.72021
v -7.52058 3.18890 -13.55074
v -8.68425 2.69669 -12.47769
v -7.37718 2.69669 -13.29239
v -8.47091 2.26067 -12.17116
v -7.19594 2.26067 -12.96585
v -8.21900 1.89307 -11.80923
v 2.51338 8.13003 -12.22114
v 2.62837 8.07271 -12.78067
v 1.37775 7.92089 -13.53166
v 2.73982 7.92089 -13.32300
v 1.43041 7.67883 -14.04955
v 2.84461 7.67883 -13.83291
v 1.47825 7.35331 -14.52001
v 2.93980 7.35331 -14.29611
v 1.51993 6.95346 -14.92985
v 3.02273 6.95346 -14.69963
v 1.55427 6.49049 -15.26758
v 3.09106 6.49049 -15.03215
v 1.58032 5.97737 -15.52373
v 3.14289 5.97737 -15.28435
v 1.59734 5.42848 -15.69112
v 3.17676 5.42848 -15.44916
v 1.60486 4.85922 -15.76506
v 3.19172 4.85922 -15.52196
v 1.60267 4.28554 -15.74348
v 3.18735 4.28554 -15.50071
v 1.59082 3.72351 -15.62698
v 3.16378 3.72351 -15.38601
v 1.56965 3.18890 -15.41883
v 3.12166 3.18890 -15.18107
v 1.53976 2.69669 -15.12487
v 3.06219 2.69669 -14.89164
v 1.50198 2.26067 -14.75332
v 2.98701 2.26067 -14.52582
v 1.45737 1.89307 -14.31462
v 5.14764 8.07271 -11.99025
v 6.33443 8.07271 -11.40810
v 5.36598 7.92089 -12.49903
v 6.60312 7.92089 -11.89219
v 5.57127 7.67883 -12.97741
v 6.85575 7.67883 -12.34734
v 5.75776 7.35331 -13.41197
v 7.08525 7.35331 -12.76081
v 5.92021 6.95346 -13.79054
v 7.28517 6.95346 -13.12100
v 6.05408 6.49049 -14.10250
v 7.44991 6.49049 -13.41781
v 6.15562 5.97737 -14.33910
v 7.57486 5.97737 -13.64293
v 6.22197 5.42848 -14.49372
v 7.65652 5.42848 -13.79004
v 6.25128 4.85922 -14.56202
v 7.69259 4.85922 -13.85503
v 6.24272 4.28554 -14.54209
v 7.68206 4.28554 -13.83606
v 6.19655 3.72351 -14.43448
v 7.62523 3.72351 -13.73367
v 6.11404 3.18890 -14.24221
v 7.52369 3.18890 -13.55074
v 5.99751 2.69669 -13.97067
v 7.38030 2.69669 -13.29239
v 5.85024 2.26067 -13.62748
v 7.19906 2.26067 -12.96585
v 5.67634 1.89307 -13.22225
v 8.27034 8.13003 -9.33241
v 9.45963 8.07271 -8.98902
v 9.86092 7.92089 -9.37047
v 10.75848 7.92089 -8.32493
v 10.23822 7.67883 -9.72912
v 11.17013 7.67883 -8.64357
v 10.58096 7.35331 -10.05492
v 11.54408 7.35331 -8.93302
v 10.87954 6.95346 -10.33874
v 11.86984 6.95346 -9.18518
v 11.12559 6.49049 -10.57263
v 12.13829 6.49049 -9.39297
v 11.31220 5.97737 -10.75001
v 12.34188 5.97737 -9.55057
v 11.43415 5.42848 -10.86593
v 12.47494 5.42848 -9.65356
v 11.48802 4.85922 -10.91714
v 12.53371 4.85922 -9.69905
v 11.47230 4.28554 -10.90220
v 12.51656 4.28554 -9.68578
v 11.38742 3.72351 -10.82152
v 12.42396 3.72351 -9.61410
v 11.23578 3.18890 -10.67737
v 12.25851 3.18890 -9.48603
v 11.02162 2.69669 -10.47379
v 12.02485 2.69669 -9.30517
v 10.75093 2.26067 -10.21649
v 11.72953 2.26067 -9.07657
v 10.43132 1.89307 -9.91268
v 11.66463 8.13003 -4.42146
v 12.23861 8.07271 -4.53055
v 12.21440 7.92089 -5.98913
v 12.75780 7.92089 -4.72284
v 12.68176 7.67883 -6.21838
v 13.24597 7.67883 -4.90364
v 13.10632 7.35331 -6.42664
v 13.68942 7.35331 -5.06787
v 13.47617 6.95346 -6.60806
v 14.07572 6.95346 -5.21094
v 13.78095 6.49049 -6.75756
v 14.39406 6.49049 -5.32884
v 14.01211 5.97737 -6.87095
v 14.63550 5.97737 -5.41826
v 14.16317 5.42848 -6.94505
v 14.79329 5.42848 -5.47670
v 14.22990 4.85922 -6.97778
v 14.86298 4.85922 -5.50251
v 14.21042 4.28554 -6.96823
v 14.84264 4.28554 -5.49498
v 14.10529 3.72351 -6.91666
v 14.73283 3.72351 -5.45431
v 13.91745 3.18890 -6.82452
v 14.53663 3.18890 -5.38165
v 13.65216 2.69669 -6.69439
v 14.25954 2.69669 -5.27902
v 13.31687 2.26067 -6.52992
v 13.90933 2.26067 -5.14932
v 12.92096 1.89307 -6.33572
v 12.46367 8.13003 -0.63045
v 12.46367 8.13003 -0.50089
v 13.03416 8.07271 -0.65938
v 13.03416 8.07271 0.66250
v 13.58710 7.92089 -0.68743
v 13.58710 7.92089 0.69054
v 14.10700 7.67883 -0.71379
v 14.10700 7.67883 0.71690
v 14.57928 7.35331 -0.73774
v 14.57928 7.35331 0.74085
v 14.99070 6.95346 -0.75861
v 14.99070 6.95346 0.76172
v 15.32974 6.49049 -0.77580
v 15.32974 6.49049 0.77891
v 15.58687 5.97737 -0.78884
v 15.58687 5.97737 0.79195
v 15.75491 5.42848 -0.79736
v 15.75491 5.42848 0.80047
v 15.82914 4.85922 -0.80113
v 15.82914 4.85922 0.80424
v 15.80748 4.28554 -0.80003
v 15.80748 4.28554 0.80314
v 15.69053 3.72351 -0.79410
v 15.69053 3.72351 0.79721
v 15.48158 3.18890 -0.78350
v 15.48158 3.18890 0.78661
v 15.18647 2.69669 -0.76854
v 15.18647 2.69669 0.77165
v 14.81349 2.26067 -0.74962
v 14.81349 2.26067 0.75273
v 14.37309 1.89307 -0.72729
v 12.08134 8.13003 3.12923
v 12.63433 8.07271 3.27241
v 13.17031 7.92089 3.41118
v 12.75780 7.92089 4.72595
v 13.67426 7.67883 3.54166
v 13.24597 7.67883 4.90675
v 14.13205 7.35331 3.66019
v 13.68942 7.35331 5.07098
v 14.53085 6.95346 3.76345
v 14.07572 6.95346 5.21405
v 14.85949 6.49049 3.84854
v 14.39406 6.49049 5.33195
v 15.10874 5.97737 3.91307
v 14.63550 5.97737 5.42138
v 15.27162 5.42848 3.95525
v 14.79329 5.42848 5.47981
v 15.34357 4.85922 3.97388
v 14.86298 4.85922 5.50562
v 15.32257 4.28554 3.96844
v 14.84264 4.28554 5.49809
v 15.20921 3.72351 3.93909
v 14.73283 3.72351 5.45742
v 15.00667 3.18890 3.88665
v 14.53663 3.18890 5.38476
v 14.72062 2.69669 3.81258
v 14.25954 2.69669 5.28213
v 14.35908 2.26067 3.71898
v 13.90933 2.26067 5.15243
v 13.93219 1.89307 3.60845
v 6.05721 8.13003 10.91176
v 6.33443 8.07271 11.41121
v 7.77252 7.92089 11.16641
v 6.60312 7.92089 11.89530
v 8.06990 7.67883 11.59367
v 6.85575 7.67883 12.35045
v 8.34005 7.35331 11.98179
v 7.08525 7.35331 12.76392
v 8.57538 6.95346 12.31991
v 7.28517 6.95346 13.12411
v 8.76931 6.49049 12.59853
v 7.44991 6.49049 13.42092
v 8.91640 5.97737 12.80985
v 7.57486 5.97737 13.64604
v 9.01251 5.42848 12.94795
v 7.65652 5.42848 13.79315
v 9.05497 4.85922 13.00895
v 7.69259 4.85922 13.85814
v 9.04258 4.28554 12.99115
v 7.68206 4.28554 13.83917
v 8.97569 3.72351 12.89504
v 7.62523 3.72351 13.73679
v 8.85616 3.18890 12.72332
v 7.52369 3.18890 13.55385
v 8.68736 2.69669 12.48080
v 7.38030 2.69669 13.29550
v 8.47402 2.26067 12.17427
v 7.19906 2.26067 12.96896
v 8.22211 1.89307 11.81234
v 0.00156 8.13003 12.47968
v 0.00156 8.07271 13.05091
v 0.00156 7.92089 13.60456
v 0.00156 7.67883 14.12513
v 0.00156 7.35331 14.59802
v 0.00156 6.95346 15.00997
v 0.00156 6.49049 15.34943
v 0.00156 5.97737 15.60690
v 0.00156 5.42848 15.77516
v 0.00156 4.85922 15.84948
v 0.00156 4.28554 15.82779
v 0.00156 3.72351 15.71069
v 0.00156 3.18890 15.50147
v 0.00156 2.69669 15.20599
v 0.00156 2.26067 14.83253
v 0.00156 1.89307 14.39156
v -4.30628 1.89307 13.73162
v -4.43829 2.26067 14.15237
v -4.55009 2.69669 14.50870
v -4.63855 3.18890 14.79063
v -4.70118 3.72351 14.99026
v -4.73624 4.28554 15.10199
v -4.74273 4.85922 15.12268
v -4.72048 5.42848 15.05177
v -4.67011 5.97737 14.89123
v -4.59303 6.49049 14.64557
v -4.49141 6.95346 14.32167
v -4.36809 7.35331 13.92861
v -4.22652 7.67883 13.47741
v -4.07068 7.92089 12.98072
v -3.90494 8.07271 12.45245
v -3.73393 8.13003 11.90743
v -8.21900 1.89307 11.81234
v -8.47091 2.26067 12.17427
v -8.68425 2.69669 12.48080
v -8.85305 3.18890 12.72332
v -8.97257 3.72351 12.89504
v -9.03947 4.28554 12.99115
v -9.05186 4.85922 13.00895
v -9.00940 5.42848 12.94795
v -8.91328 5.97737 12.80985
v -8.76620 6.49049 12.59853
v -8.57227 6.95346 12.31991
v -8.33694 7.35331 11.98179
v -8.06679 7.67883 11.59367
v -7.76941 7.92089 11.16641
v -7.45312 8.07271 10.71199
v -7.12680 8.13003 10.24315
v -8.85907 7.92089 10.32295
v -9.19815 7.67883 10.71793
v -9.50618 7.35331 11.07674
v -9.77451 6.95346 11.38931
v -9.99563 6.49049 11.64688
v -10.16334 5.97737 11.84224
v -10.27294 5.42848 11.96990
v -10.32135 4.85922 12.02630
v -10.30722 4.28554 12.00984
v -10.23094 3.72351 11.92099
v -10.09466 3.18890 11.76224
v -9.90219 2.69669 11.53804
v -9.65893 2.26067 11.25468
v -8.99555 8.13003 8.64320
v -12.21044 1.89307 7.61335
v -12.58466 2.26067 7.84661
v -12.90160 2.69669 8.04415
v -13.15236 3.18890 8.20045
v -13.32991 3.72351 8.31112
v -13.42929 4.28554 8.37306
v -13.44770 4.85922 8.38454
v -13.38462 5.42848 8.34522
v -13.24183 5.97737 8.25622
v -13.02333 6.49049 8.12003
v -12.73525 6.95346 7.94046
v -12.38565 7.35331 7.72256
v -11.98433 7.67883 7.47242
v -11.54256 7.92089 7.19706
v -9.04250 8.13003 8.59857
v -13.92908 1.89307 3.60845
v -14.35597 2.26067 3.71898
v -14.71751 2.69669 3.81258
v -15.00356 3.18890 3.88665
v -15.20610 3.72351 3.93909
v -15.31946 4.28554 3.96844
v -15.34046 4.85922 3.97388
v -15.26851 5.42848 3.95525
v -15.10563 5.97737 3.91307
v -14.85637 6.49049 3.84854
v -14.52774 6.95346 3.76345
v -14.12894 7.35331 3.66019
v -13.67115 7.67883 3.54166
v -13.16720 7.92089 3.41118
v -12.33268 8.13003 1.89109
v -12.89731 8.07271 1.97759
v -13.44458 7.92089 2.06143
v -13.95915 7.67883 2.14026
v -14.42658 7.35331 2.21186
v -14.83378 6.95346 2.27424
v -15.16934 6.49049 2.32565
v -15.42384 5.97737 2.36464
v -15.59015 5.42848 2.39012
v -15.66362 4.85922 2.40137
v -15.64218 4.28554 2.39809
v -15.52643 3.72351 2.38035
v -15.31962 3.18890 2.34867
v -15.02754 2.69669 2.30393
v -14.65839 2.26067 2.24738
v -14.22251 1.89307 -2.17749
v -14.65839 2.26067 -2.24427
v -15.02754 2.69669 -2.30082
v -15.31962 3.18890 -2.34556
v -15.52643 3.72351 -2.37724
v -15.64218 4.28554 -2.39498
v -15.66362 4.85922 -2.39826
v -15.59015 5.42848 -2.38701
v -15.42384 5.97737 -2.36153
v -15.16934 6.49049 -2.32254
v -14.83378 6.95346 -2.27113
v -14.42658 7.35331 -2.20875
v -13.95915 7.67883 -2.13715
v -13.44458 7.92089 -2.05832
v -12.89731 8.07271 -1.97448
v -12.33268 8.13003 -1.88798
v -12.91785 1.89307 -6.33572
v -13.31376 2.26067 -6.52992
v -13.64905 2.69669 -6.69439
v -13.91434 3.18890 -6.82452
v -14.10218 3.72351 -6.91666
v -14.20731 4.28554 -6.96823
v -14.22678 4.85922 -6.97778
v -14.16006 5.42848 -6.94505
v -14.00900 5.97737 -6.87095
v -13.77784 6.49049 -6.75756
v -13.47306 6.95346 -6.60806
v -13.10321 7.35331 -6.42664
v -12.67865 7.67883 -6.21838
v -12.21128 7.92089 -5.98913
v -11.71421 8.07271 -5.74530
v -11.66152 8.13003 -4.42146
v -11.54256 7.92089 -7.19395
v -11.98433 7.67883 -7.46931
v -12.38565 7.35331 -7.71945
v -12.73525 6.95346 -7.93735
v -13.02333 6.49049 -8.11692
v -13.24183 5.97737 -8.25311
v -13.38462 5.42848 -8.34211
v -13.44770 4.85922 -8.38143
v -13.42929 4.28554 -8.36995
v -13.32991 3.72351 -8.30801
v -13.15236 3.18890 -8.19734
v -12.90160 2.69669 -8.04104
v -12.58466 2.26067 -7.84349
v -11.72642 2.26067 -9.07657
v -12.02174 2.69669 -9.30517
v -12.25540 3.18890 -9.48603
v -12.42085 3.72351 -9.61410
v -12.51345 4.28554 -9.68578
v -12.53060 4.85922 -9.69905
v -12.47183 5.42848 -9.65356
v -12.33878 5.97737 -9.55057
v -12.13517 6.49049 -9.39297
v -11.86673 6.95346 -9.18518
v -11.54097 7.35331 -8.93302
v -11.16702 7.67883 -8.64357
v -10.75537 7.92089 -8.32493
v -10.31755 8.07271 -7.98603
v -9.86584 8.13003 -7.63638
v -10.74782 2.26067 -10.21649
v -11.01851 2.69669 -10.47379
v -11.23267 3.18890 -10.67737
v -11.38431 3.72351 -10.82152
v -11.46919 4.28554 -10.90220
v -11.48491 4.85922 -10.91714
v -11.43104 5.42848 -10.86593
v -11.30909 5.97737 -10.75001
v -11.12248 6.49049 -10.57263
v -10.87643 6.95346 -10.33874
v -10.57785 7.35331 -10.05492
v -10.23511 7.67883 -9.72912
v -9.85781 7.92089 -9.37047
v -9.37170 1.89307 -10.91698
v -9.65893 2.26067 -11.25156
v -9.90219 2.69669 -11.53493
v -10.09466 3.18890 -11.75913
v -10.23094 3.72351 -11.91788
v -10.30722 4.28554 -12.00673
v -10.32135 4.85922 -12.02319
v -10.27294 5.42848 -11.96679
v -10.16334 5.97737 -11.83913
v -9.99563 6.49049 -11.64377
v -9.77451 6.95346 -11.38620
v -9.50618 7.35331 -11.07363
v -9.19815 7.67883 -10.71482
v -8.85907 7.92089 -10.31984
v -5.67323 1.89307 -13.22225
v -5.84712 2.26067 -13.62748
v -5.99440 2.69669 -13.97067
v -6.11093 3.18890 -14.24221
v -6.19343 3.72351 -14.43448
v -6.23961 4.28554 -14.54209
v -6.24817 4.85922 -14.56202
v -6.21886 5.42848 -14.49372
v -6.15250 5.97737 -14.33910
v -6.05097 6.49049 -14.10250
v -5.91710 6.95346 -13.79054
v -5.75464 7.35331 -13.41197
v -5.56816 7.67883 -12.97741
v -5.36287 7.92089 -12.49903
v -5.14453 8.07271 -11.99025
v -4.91927 8.13003 -11.46532
v -4.88890 8.13003 -11.47656
v -3.90494 8.07271 -12.44934
v -4.07068 7.92089 -12.97761
v -4.22652 7.67883 -13.47430
v -4.36809 7.35331 -13.92550
v -4.49141 6.95346 -14.31856
v -4.59303 6.49049 -14.64246
v -4.67011 5.97737 -14.88812
v -4.72048 5.42848 -15.04866
v -4.74273 4.85922 -15.11957
v -4.73624 4.28554 -15.09888
v -4.70118 3.72351 -14.98715
v -4.63855 3.18890 -14.78752
v -4.55009 2.69669 -14.50559
v -4.43829 2.26067 -14.14926
v -2.98390 2.26067 -14.52582
v -3.05907 2.69669 -14.89164
v -3.11855 3.18890 -15.18107
v -3.16067 3.72351 -15.38601
v -3.18424 4.28554 -15.50071
v -3.18861 4.85922 -15.52196
v -3.17365 5.42848 -15.44916
v -3.13978 5.97737 -15.28435
v -3.08795 6.49049 -15.03215
v -3.01962 6.95346 -14.69963
v -2.93669 7.35331 -14.29611
v -2.84150 7.67883 -13.83291
v -2.73671 7.92089 -13.32300
v -1.45426 1.89307 -14.31462
v -1.49887 2.26067 -14.75332
v -1.53665 2.69669 -15.12487
v -1.56655 3.18890 -15.41883
v -1.58771 3.72351 -15.62698
v -1.59956 4.28554 -15.74348
v -1.60175 4.85922 -15.76506
v -1.59423 5.42848 -15.69112
v -1.57721 5.97737 -15.52373
v -1.55116 6.49049 -15.26758
v -1.51682 6.95346 -14.92985
v -1.47514 7.35331 -14.52001
v -1.42730 7.67883 -14.04955
v -1.37464 7.92089 -13.53166
v -1.31863 8.07271 -12.98084
v -1.26084 8.13003 -12.41255
v 0.00156 7.92089 -13.60145
v 0.00156 7.67883 -14.12202
v 0.00156 7.35331 -14.59490
v 0.00156 6.95346 -15.00686
v 0.00156 6.49049 -15.34632
v 0.00156 5.97737 -15.60379
v 0.00156 5.42848 -15.77205
v 0.00156 4.85922 -15.84637
v 0.00156 4.28554 -15.82468
v 0.00156 3.72351 -15.70758
v 0.00156 3.18890 -15.49836
v 0.00156 2.69669 -15.20288
v 0.00156 2.26067 -14.82941
v 0.00156 1.89307 -14.38845
v 4.30939 1.89307 -13.72851
v 4.44140 2.26067 -14.14926
v 4.55320 2.69669 -14.50559
v 4.64166 3.18890 -14.78752
v 4.70429 3.72351 -14.98715
v 4.73935 4.28554 -15.09888
v 4.74584 4.85922 -15.11957
v 4.72359 5.42848 -15.04866
v 4.67322 5.97737 -14.88812
v 4.59614 6.49049 -14.64246
v 4.49452 6.95346 -14.31856
v 4.37120 7.35331 -13.92550
v 4.22963 7.67883 -13.47430
v 4.07379 7.92089 -12.97761
v 4.89201 8.13003 -11.47656
v 8.22211 1.89307 -11.80923
v 8.47402 2.26067 -12.17116
v 8.68736 2.69669 -12.47769
v 8.85616 3.18890 -12.72021
v 8.97569 3.72351 -12.89193
v 9.04258 4.28554 -12.98804
v 9.05497 4.85922 -13.00584
v 9.01251 5.42848 -12.94484
v 8.91640 5.97737 -12.80674
v 8.76931 6.49049 -12.59542
v 8.57538 6.95346 -12.31680
v 8.34005 7.35331 -11.97868
v 8.06990 7.67883 -11.59056
v 7.77252 7.92089 -11.16329
v 4.92238 8.13003 -11.46532
v 8.12946 8.13003 -9.46632
v 8.50154 8.07271 -9.89975
v 8.86218 7.92089 -10.31984
v 9.20126 7.67883 -10.71482
v 9.50929 7.35331 -11.07363
v 9.77762 6.95346 -11.38620
v 9.99874 6.49049 -11.64377
v 10.16645 5.97737 -11.83913
v 10.27605 5.42848 -11.96679
v 10.32446 4.85922 -12.02319
v 10.31033 4.28554 -12.00673
v 10.23405 3.72351 -11.91788
v 10.09777 3.18890 -11.75913
v 9.90530 2.69669 -11.53493
v 9.66204 2.26067 -11.25156
v 12.21355 1.89307 -7.61024
v 12.58777 2.26067 -7.84349
v 12.90471 2.69669 -8.04104
v 13.15547 3.18890 -8.19734
v 13.33302 3.72351 -8.30801
v 13.43240 4.28554 -8.36995
v 13.45081 4.85922 -8.38143
v 13.38773 5.42848 -8.34211
v 13.24494 5.97737 -8.25311
v 13.02644 6.49049 -8.11692
v 12.73836 6.95346 -7.93735
v 12.38876 7.35331 -7.71945
v 11.98744 7.67883 -7.46931
v 11.54567 7.92089 -7.19395
v 11.07581 8.07271 -6.90108
v 10.59105 8.13003 -6.59892
v 13.93219 1.89307 -3.60533
v 14.35908 2.26067 -3.71586
v 14.72062 2.69669 -3.80947
v 15.00667 3.18890 -3.88354
v 15.20921 3.72351 -3.93598
v 15.32257 4.28554 -3.96533
v 15.34357 4.85922 -3.97077
v 15.27162 5.42848 -3.95214
v 15.10874 5.97737 -3.90996
v 14.85949 6.49049 -3.84543
v 14.53085 6.95346 -3.76034
v 14.13205 7.35331 -3.65708
v 13.67426 7.67883 -3.53855
v 13.17031 7.92089 -3.40807
v 12.63433 8.07271 -3.26930
v 11.70294 8.13003 -4.33216
v 13.44770 7.92089 -2.05832
v 13.96226 7.67883 -2.13715
v 14.42969 7.35331 -2.20875
v 14.83689 6.95346 -2.27113
v 15.17245 6.49049 -2.32254
v 15.42695 5.97737 -2.36153
v 15.59326 5.42848 -2.38701
v 15.66673 4.85922 -2.39826
v 15.64529 4.28554 -2.39498
v 15.52954 3.72351 -2.37724
v 15.32273 3.18890 -2.34556
v 15.03065 2.69669 -2.30082
v 14.66150 2.26067 -2.24427
v 14.22562 1.89307 2.18060
v 14.66150 2.26067 2.24738
v 15.03065 2.69669 2.30393
v 15.32273 3.18890 2.34867
v 15.52954 3.72351 2.38035
v 15.64529 4.28554 2.39809
v 15.66673 4.85922 2.40137
v 15.59326 5.42848 2.39012
v 15.42695 5.97737 2.36464
v 15.17245 6.49049 2.32565
v 14.83689 6.95346 2.27424
v 14.42969 7.35331 2.21186
v 13.96226 7.67883 2.14026
v 13.44770 7.92089 2.06143
v 12.92096 1.89307 6.33883
v 13.31687 2.26067 6.53303
v 13.65216 2.69669 6.69750
v 13.91745 3.18890 6.82763
v 14.10529 3.72351 6.91977
v 14.21042 4.28554 6.97134
v 14.22990 4.85922 6.98089
v 14.16317 5.42848 6.94816
v 14.01211 5.97737 6.87406
v 13.78095 6.49049 6.76067
v 13.47617 6.95346 6.61117
v 13.10632 7.35331 6.42975
v 12.68176 7.67883 6.22150
v 12.21440 7.92089 5.99224
v 10.59105 8.13003 6.60203
v 11.07581 8.07271 6.90419
v 11.54567 7.92089 7.19706
v 11.98744 7.67883 7.47242
v 12.38876 7.35331 7.72256
v 12.73836 6.95346 7.94046
v 13.02644 6.49049 8.12003
v 13.24494 5.97737 8.25622
v 13.38773 5.42848 8.34522
v 13.45081 4.85922 8.38454
v 13.43240 4.28554 8.37306
v 13.33302 3.72351 8.31112
v 13.15547 3.18890 8.20045
v 12.90471 2.69669 8.04415
v 12.58777 2.26067 7.84661
v 11.72953 2.26067 9.07968
v 12.02485 2.69669 9.30828
v 12.25851 3.18890 9.48915
v 12.42396 3.72351 9.61721
v 12.51656 4.28554 9.68889
v 12.53371 4.85922 9.70217
v 12.47494 5.42848 9.65667
v 12.34188 5.97737 9.55368
v 12.13829 6.49049 9.39608
v 11.86984 6.95346 9.18829
v 11.54408 7.35331 8.93613
v 11.17013 7.67883 8.64668
v 10.75848 7.92089 8.32804
v 10.75093 2.26067 10.21960
v 11.02162 2.69669 10.47690
v 11.23578 3.18890 10.68048
v 11.38742 3.72351 10.82463
v 11.47230 4.28554 10.90531
v 11.48802 4.85922 10.92025
v 11.43415 5.42848 10.86905
v 11.31220 5.97737 10.75312
v 11.12559 6.49049 10.57574
v 10.87954 6.95346 10.34185
v 10.58096 7.35331 10.05803
v 10.23822 7.67883 9.73223
v 9.86092 7.92089 9.37358
v 9.45963 8.07271 8.99213
v 9.04561 8.13003 8.59857
v 9.37481 1.89307 10.92009
v 9.66204 2.26067 11.25468
v 9.90530 2.69669 11.53804
v 10.09777 3.18890 11.76224
v 10.23405 3.72351 11.92099
v 10.31033 4.28554 12.00984
v 10.32446 4.85922 12.02630
v 10.27605 5.42848 11.96990
v 10.16645 5.97737 11.84224
v 9.99874 6.49049 11.64688
v 9.77762 6.95346 11.38931
v 9.50929 7.35331 11.07674
v 9.20126 7.67883 10.71793
v 8.86218 7.92089 10.32295
v 8.50154 8.07271 9.90286
v 8.99866 8.13003 8.64320
v 5.67634 1.89307 13.22536
v 5.85024 2.26067 13.63059
v 5.99751 2.69669 13.97379
v 6.11404 3.18890 14.24532
v 6.19655 3.72351 14.43759
v 6.24272 4.28554 14.54520
v 6.25128 4.85922 14.56513
v 6.22197 5.42848 14.49683
v 6.15562 5.97737 14.34221
v 6.05408 6.49049 14.10561
v 5.92021 6.95346 13.79365
v 5.75776 7.35331 13.41509
v 5.57127 7.67883 12.98052
v 5.36598 7.92089 12.50214
v 4.07379 7.92089 12.98072
v 4.22963 7.67883 13.47741
v 4.37120 7.35331 13.92861
v 4.49452 6.95346 14.32167
v 4.59614 6.49049 14.64557
v 4.67322 5.97737 14.89123
v 4.72359 5.42848 15.05177
v 4.74584 4.85922 15.12268
v 4.73935 4.28554 15.10199
v 4.70429 3.72351 14.99026
v 4.64166 3.18890 14.79063
v 4.55320 2.69669 14.50870
v 4.44140 2.26067 14.15237
v 2.98701 2.26067 14.52893
v 3.06219 2.69669 14.89475
v 3.12166 3.18890 15.18419
v 3.16378 3.72351 15.38912
v 3.18735 4.28554 15.50383
v 3.19172 4.85922 15.52507
v 3.17676 5.42848 15.45227
v 3.14289 5.97737 15.28746
v 3.09106 6.49049 15.03526
v 3.02273 6.95346 14.70274
v 2.93980 7.35331 14.29922
v 2.84461 7.67883 13.83602
v 2.73982 7.92089 13.32611
v 2.62837 8.07271 12.78379
v 2.51338 8.13003 12.22425
v 1.45737 1.89307 14.31773
v 1.50198 2.26067 14.75643
v 1.53976 2.69669 15.12798
v 1.56965 3.18890 15.42194
v 1.59082 3.72351 15.63009
v 1.60267 4.28554 15.74659
v 1.60486 4.85922 15.76817
v 1.59734 5.42848 15.69423
v 1.58032 5.97737 15.52684
v 1.55427 6.49049 15.27069
v 1.51993 6.95346 14.93296
v 1.47825 7.35331 14.52313
v 1.43041 7.67883 14.05266
v 1.37775 7.92089 13.53477
v -10.80482 8.19353 -6.23751
v -11.42558 8.19353 -5.01085
v -11.64806 8.19353 -4.41664
v -11.90763 8.19353 -3.72335
v -12.21918 8.19353 -2.49307
v -12.24512 8.19353 -2.39063
v -12.43395 8.19353 -1.02888
v -12.44852 8.19353 -0.50039
v -12.47183 8.19353 0.34538
v -12.37576 8.19353 1.50481
v -12.35830 8.19353 1.71547
v -12.09474 8.19353 3.06475
v -11.96850 8.19353 3.46837
v -11.68435 8.19353 4.37685
v -11.25949 8.19353 5.34543
v -11.13210 8.19353 5.63585
v -8.26922 8.19353 -9.33460
v -9.17890 8.19353 -8.44965
v -9.64952 8.19353 -7.87820
v -10.05288 8.19353 -7.38843
v 4.88835 8.19353 -11.46914
v 4.69719 8.19353 -11.55935
v 3.39690 8.19353 -12.00575
v 2.98424 8.19353 -12.09822
v 2.05539 8.19353 -12.30638
v 1.00415 8.19353 -12.42274
v 0.68895 8.19353 -12.45762
v -0.68584 8.19353 -12.45762
v -1.00104 8.19353 -12.42274
v -2.05228 8.19353 -12.30638
v -2.98113 8.19353 -12.09822
v -3.39379 8.19353 -12.00575
v -4.69408 8.19353 -11.55935
v -4.88524 8.19353 -11.46914
v -5.93738 8.19353 -10.97263
v -6.65818 8.19353 -10.52955
v -7.10858 8.19353 -10.25269
v -8.19348 8.19353 -9.40828
v 10.80793 8.19353 -6.23751
v 10.05599 8.19353 -7.38843
v 9.65263 8.19353 -7.87820
v 9.18201 8.19353 -8.44965
v 8.27233 8.19353 -9.33460
v 8.19659 8.19353 -9.40828
v 7.11169 8.19353 -10.25269
v 6.66129 8.19353 -10.52955
v 5.94049 8.19353 -10.97263
v 12.37887 8.19353 1.50481
v 12.47494 8.19353 0.34538
v 12.45163 8.19353 -0.50039
v 12.43706 8.19353 -1.02888
v 12.24823 8.19353 -2.39063
v 12.22229 8.19353 -2.49307
v 11.91074 8.19353 -3.72335
v 11.65117 8.19353 -4.41664
v 11.42869 8.19353 -5.01085
v 2.00009 8.19353 12.29951
v 2.73029 8.19353 12.17766
v 3.95151 8.19353 11.83233
v 4.05320 8.19353 11.80358
v 5.32693 8.19353 11.28624
v 5.79189 8.19353 11.03461
v 6.53601 8.19353 10.63191
v 7.49207 8.19353 9.96899
v 7.66578 8.19353 9.84855
v 8.70251 8.19353 8.94566
v 8.98893 8.19353 8.63452
v 9.63363 8.19353 7.93420
v 10.26001 8.19353 7.08197
v 10.44782 8.19353 6.82644
v 11.13522 8.19353 5.63585
v 11.26260 8.19353 5.34543
v 11.68746 8.19353 4.37685
v 11.97161 8.19353 3.46837
v 12.09785 8.19353 3.06475
v 12.36141 8.19353 1.71547
v -10.44471 8.19353 6.82644
v -10.25690 8.19353 7.08197
v -9.63052 8.19353 7.93420
v -8.98582 8.19353 8.63452
v -8.69940 8.19353 8.94566
v -7.66267 8.19353 9.84855
v -7.48896 8.19353 9.96899
v -6.53290 8.19353 10.63191
v -5.78878 8.19353 11.03461
v -5.32381 8.19353 11.28624
v -4.05009 8.19353 11.80358
v -3.94840 8.19353 11.83233
v -2.72717 8.19353 12.17766
v -1.99698 8.19353 12.29951
v -1.37114 8.19353 12.40395
v 0.00156 8.19353 12.47968
v 1.37425 8.19353 12.40395
v 2.75632 8.19958 12.29384
v 6.59836 8.19958 10.73334
v 9.72553 8.19958 8.00989
v 11.79896 8.19958 4.41860
v 12.21327 8.19958 3.09398
v 12.59396 8.19958 0.34866
v 12.55572 8.19958 -1.03871
v 12.02437 8.19958 -3.75889
v 11.53772 8.19958 -5.05868
v 9.26961 8.19958 -8.53029
v 5.99715 8.19958 -11.07734
v 2.07498 8.19958 -12.42382
v -2.07187 8.19958 -12.42382
v -3.42618 8.19958 -12.12031
v -5.99404 8.19958 -11.07734
v -7.17642 8.19958 -10.35053
v -9.26650 8.19958 -8.53029
v -10.14882 8.19958 -7.45894
v -12.02126 8.19958 -3.75889
v -12.59085 8.19958 0.34866
v -11.79585 8.19958 4.41860
v -9.72242 8.19958 8.00989
v -8.78242 8.19958 9.03100
v -6.59525 8.19958 10.73334
v -5.37463 8.19958 11.39391
v -2.75321 8.19958 12.29384
v -1.38424 8.19958 12.52229
v -11.15302 9.62190 5.64643
v -11.70630 9.62190 4.38507
v -11.25902 9.61195 5.70007
v -11.81756 9.61195 4.42673
v -11.36206 9.58239 5.75222
v -11.92571 9.58239 4.46722
v -11.45929 9.53403 5.80142
v -12.02776 9.53403 4.50543
v -11.54798 9.46822 5.84630
v -12.12086 9.46822 4.54029
v -11.62568 9.38680 5.88562
v -12.20241 9.38680 4.57082
v -11.69021 9.29203 5.91828
v -12.27014 9.29203 4.59618
v -11.73979 9.18656 5.94337
v -12.32217 9.18656 4.61566
v -11.77302 9.07331 5.96019
v -12.35705 9.07331 4.62872
v -11.78899 8.95544 5.96827
v -12.37381 8.95544 4.63499
v -11.78724 8.83625 5.96738
v -12.37198 8.83625 4.63431
v -11.76783 8.71903 5.95756
v -12.35161 8.71903 4.62668
v -11.73130 8.60707 5.93907
v -12.31327 8.60707 4.61233
v -11.67867 8.50347 5.91244
v -12.25802 8.50347 4.59164
v -11.61140 8.41113 5.87840
v -12.18741 8.41113 4.56521
v -11.53136 8.33261 5.83789
v -12.10341 8.33261 4.53375
v -11.44078 8.27010 5.79206
v -12.00834 8.27010 4.49816
v -11.34219 8.22534 5.74216
v -11.90486 8.22534 4.45942
v -11.23834 8.19958 5.68961
v -12.38152 9.62190 1.71869
v -12.49526 9.62190 0.34603
v -12.49919 9.61195 1.73501
v -12.61401 9.61195 0.34930
v -12.61359 9.58239 1.75087
v -12.72946 9.58239 0.35248
v -12.72152 9.53403 1.76584
v -12.83839 9.53403 0.35549
v -12.81998 9.46822 1.77949
v -12.93775 9.46822 0.35823
v -12.90624 9.38680 1.79145
v -13.02480 9.38680 0.36062
v -12.97788 9.29203 1.80139
v -13.09710 9.29203 0.36262
v -13.03291 9.18656 1.80902
v -13.15264 9.18656 0.36415
v -13.06980 9.07331 1.81413
v -13.18987 9.07331 0.36517
v -13.08753 8.95544 1.81659
v -13.20776 8.95544 0.36567
v -13.08559 8.83625 1.81632
v -13.20580 8.83625 0.36561
v -13.06405 8.71903 1.81333
v -13.18406 8.71903 0.36501
v -13.02349 8.60707 1.80771
v -13.14313 8.60707 0.36389
v -12.96506 8.50347 1.79961
v -13.08416 8.50347 0.36226
v -12.89038 8.41113 1.78925
v -13.00880 8.41113 0.36018
v -12.80153 8.33261 1.77693
v -12.91913 8.33261 0.35771
v -12.70098 8.27010 1.76299
v -12.81765 8.27010 0.35491
v -12.59153 8.22534 1.74781
v -12.70720 8.22534 0.35187
v -12.47624 8.19958 1.73182
v -12.26812 9.62190 -2.39513
v -11.93000 9.62190 -3.73035
v -12.38472 9.61195 -2.41790
v -12.04338 9.61195 -3.76581
v -12.49807 9.58239 -2.44004
v -12.15361 9.58239 -3.80028
v -12.60501 9.53403 -2.46093
v -12.25760 9.53403 -3.83281
v -12.70257 9.46822 -2.47999
v -12.35248 9.46822 -3.86249
v -12.78804 9.38680 -2.49668
v -12.43559 9.38680 -3.88848
v -12.85902 9.29203 -2.51055
v -12.50461 9.29203 -3.91007
v -12.91355 9.18656 -2.52120
v -12.55764 9.18656 -3.92666
v -12.95010 9.07331 -2.52834
v -12.59319 9.07331 -3.93778
v -12.96767 8.95544 -2.53177
v -12.61027 8.95544 -3.94312
v -12.96575 8.83625 -2.53140
v -12.60840 8.83625 -3.94253
v -12.94440 8.71903 -2.52723
v -12.58764 8.71903 -3.93604
v -12.90422 8.60707 -2.51938
v -12.54857 8.60707 -3.92382
v -12.84632 8.50347 -2.50807
v -12.49227 8.50347 -3.90621
v -12.77232 8.41113 -2.49361
v -12.42031 8.41113 -3.88370
v -12.68429 8.33261 -2.47642
v -12.33469 8.33261 -3.85692
v -12.58466 8.27010 -2.45696
v -12.23781 8.27010 -3.82662
v -12.47621 8.22534 -2.43577
v -12.13235 8.22534 -3.79364
v -12.36197 8.19958 -2.41346
v 0.69024 9.62190 -12.48102
v 2.05924 9.62190 -12.32950
v 0.69678 9.61195 -12.59964
v 2.07880 9.61195 -12.44668
v 0.70314 9.58239 -12.71496
v 2.09781 9.58239 -12.56060
v 0.70915 9.53403 -12.82376
v 2.11574 9.53403 -12.66808
v 0.71462 9.46822 -12.92301
v 2.13211 9.46822 -12.76613
v 0.71942 9.38680 -13.00996
v 2.14644 9.38680 -12.85202
v 0.72340 9.29203 -13.08218
v 2.15834 9.29203 -12.92336
v 0.72647 9.18656 -13.13765
v 2.16749 9.18656 -12.97816
v 0.72852 9.07331 -13.17484
v 2.17362 9.07331 -13.01490
v 0.72950 8.95544 -13.19271
v 2.17656 8.95544 -13.03255
v 0.72940 8.83625 -13.19075
v 2.17624 8.83625 -13.03062
v 0.72820 8.71903 -13.16904
v 2.17266 8.71903 -13.00916
v 0.72594 8.60707 -13.12816
v 2.16592 8.60707 -12.96878
v 0.72269 8.50347 -13.06926
v 2.15621 8.50347 -12.91060
v 0.71854 8.41113 -12.99398
v 2.14380 8.41113 -12.83623
v 0.71360 8.33261 -12.90441
v 2.12904 8.33261 -12.74775
v 0.70800 8.27010 -12.80305
v 2.11233 8.27010 -12.64762
v 0.70192 8.22534 -12.69272
v 2.09414 8.22534 -12.53863
v 0.69551 8.19958 -12.57650
v 4.70601 9.62190 -11.58107
v 5.95164 9.62190 -10.99324
v 4.75072 9.61195 -11.69113
v 6.00818 9.61195 -11.09772
v 4.79418 9.58239 -11.79814
v 6.06315 9.58239 -11.19929
v 4.83518 9.53403 -11.89909
v 6.11501 9.53403 -11.29512
v 4.87259 9.46822 -11.99119
v 6.16233 9.46822 -11.38255
v 4.90536 9.38680 -12.07187
v 6.20377 9.38680 -11.45913
v 4.93257 9.29203 -12.13888
v 6.23819 9.29203 -11.52274
v 4.95348 9.18656 -12.19036
v 6.26464 9.18656 -11.57161
v 4.96750 9.07331 -12.22486
v 6.28236 9.07331 -11.60436
v 4.97423 8.95544 -12.24144
v 6.29088 8.95544 -11.62010
v 4.97350 8.83625 -12.23963
v 6.28995 8.83625 -11.61838
v 4.96531 8.71903 -12.21948
v 6.27960 8.71903 -11.59925
v 4.94990 8.60707 -12.18155
v 6.26011 8.60707 -11.56324
v 4.92770 8.50347 -12.12689
v 6.23204 8.50347 -11.51136
v 4.89933 8.41113 -12.05704
v 6.19615 8.41113 -11.44505
v 4.86558 8.33261 -11.97393
v 6.15346 8.33261 -11.36616
v 4.82738 8.27010 -11.87988
v 6.10514 8.27010 -11.27689
v 4.78580 8.22534 -11.77751
v 6.05255 8.22534 -11.17971
v 4.74200 8.19958 -11.66966
v 8.21198 9.62190 -9.42596
v 9.19925 9.62190 -8.46552
v 8.29000 9.61195 -9.51554
v 9.28666 9.61195 -8.54598
v 8.36585 9.58239 -9.60264
v 9.37163 9.58239 -8.62420
v 8.43742 9.53403 -9.68481
v 9.45180 9.53403 -8.69800
v 8.50270 9.46822 -9.75977
v 9.52493 9.46822 -8.76533
v 8.55989 9.38680 -9.82544
v 9.58900 9.38680 -8.82431
v 8.60739 9.29203 -9.87998
v 9.64221 9.29203 -8.87329
v 8.64388 9.18656 -9.92188
v 9.68308 9.18656 -8.91092
v 8.66834 9.07331 -9.94996
v 9.71049 9.07331 -8.93615
v 8.68009 8.95544 -9.96346
v 9.72365 8.95544 -8.94827
v 8.67881 8.83625 -9.96198
v 9.72221 8.83625 -8.94694
v 8.66452 8.71903 -9.94558
v 9.70621 8.71903 -8.93221
v 8.63763 8.60707 -9.91471
v 9.67609 8.60707 -8.90448
v 8.59889 8.50347 -9.87022
v 9.63269 8.50347 -8.86453
v 8.54938 8.41113 -9.81336
v 9.57722 8.41113 -8.81346
v 8.49046 8.33261 -9.74572
v 9.51122 8.33261 -8.75271
v 8.42379 8.27010 -9.66917
v 9.43654 8.27010 -8.68396
v 8.35123 8.22534 -9.58584
v 9.35524 8.22534 -8.60912
v 8.27478 8.19958 -9.49807
v 10.46744 9.62190 6.83926
v 9.65172 9.62190 7.94910
v 10.56690 9.61195 6.90424
v 9.74342 9.61195 8.02462
v 10.66358 9.58239 6.96741
v 9.83257 9.58239 8.09804
v 10.75481 9.53403 7.02700
v 9.91669 9.53403 8.16731
v 10.83803 9.46822 7.08138
v 9.99342 9.46822 8.23051
v 10.91093 9.38680 7.12900
v 10.06063 9.38680 8.28586
v 10.97148 9.29203 7.16856
v 10.11646 9.29203 8.33184
v 11.01799 9.18656 7.19895
v 10.15935 9.18656 8.36716
v 11.04917 9.07331 7.21932
v 10.18810 9.07331 8.39084
v 11.06415 8.95544 7.22911
v 10.20192 8.95544 8.40222
v 11.06251 8.83625 7.22804
v 10.20041 8.83625 8.40097
v 11.04430 8.71903 7.21614
v 10.18362 8.71903 8.38715
v 11.01003 8.60707 7.19375
v 10.15201 8.60707 8.36112
v 10.96064 8.50347 7.16148
v 10.10648 8.50347 8.32362
v 10.89752 8.41113 7.12025
v 10.04828 8.41113 8.27569
v 10.82243 8.33261 7.07118
v 9.97903 8.33261 8.21866
v 10.73744 8.27010 7.01566
v 9.90068 8.27010 8.15413
v 10.64494 8.22534 6.95523
v 9.81538 8.22534 8.08388
v 10.54750 8.19958 6.89156
v 7.68017 9.62190 9.86704
v 6.54828 9.62190 10.65188
v 7.75314 9.61195 9.96079
v 6.61050 9.61195 10.75309
v 7.82408 9.58239 10.05193
v 6.67098 9.58239 10.85148
v 7.89101 9.53403 10.13792
v 6.72804 9.53403 10.94431
v 7.95206 9.46822 10.21637
v 6.78009 9.46822 11.02899
v 8.00555 9.38680 10.28509
v 6.82570 9.38680 11.10318
v 8.04997 9.29203 10.34216
v 6.86357 9.29203 11.16479
v 8.08410 9.18656 10.38601
v 6.89267 9.18656 11.21212
v 8.10697 9.07331 10.41540
v 6.91217 9.07331 11.24385
v 8.11796 8.95544 10.42952
v 6.92154 8.95544 11.25910
v 8.11676 8.83625 10.42798
v 6.92052 8.83625 11.25743
v 8.10340 8.71903 10.41081
v 6.90913 8.71903 11.23890
v 8.07826 8.60707 10.37850
v 6.88769 8.60707 11.20402
v 8.04202 8.50347 10.33195
v 6.85679 8.50347 11.15377
v 7.99571 8.41113 10.27245
v 6.81731 8.41113 11.08954
v 7.94062 8.33261 10.20166
v 6.77034 8.33261 11.01312
v 7.87827 8.27010 10.12156
v 6.71718 8.27010 10.92664
v 7.81040 8.22534 10.03436
v 6.65932 8.22534 10.83250
v 7.73891 8.19958 9.94251
v 4.06081 9.62190 11.82575
v 2.73541 9.62190 12.20054
v 4.09938 9.61195 11.93811
v 2.76139 9.61195 12.31646
v 4.13688 9.58239 12.04734
v 2.78665 9.58239 12.42915
v 4.17226 9.53403 12.15041
v 2.81047 9.53403 12.53548
v 4.20454 9.46822 12.24443
v 2.83221 9.46822 12.63248
v 4.23281 9.38680 12.32679
v 2.85126 9.38680 12.71745
v 4.25630 9.29203 12.39520
v 2.86707 9.29203 12.78803
v 4.27434 9.18656 12.44774
v 2.87922 9.18656 12.84225
v 4.28643 9.07331 12.48297
v 2.88737 9.07331 12.87859
v 4.29224 8.95544 12.49990
v 2.89128 8.95544 12.89605
v 4.29161 8.83625 12.49805
v 2.89085 8.83625 12.89414
v 4.28454 8.71903 12.47747
v 2.88610 8.71903 12.87292
v 4.27125 8.60707 12.43875
v 2.87714 8.60707 12.83297
v 4.25210 8.50347 12.38296
v 2.86424 8.50347 12.77540
v 4.22761 8.41113 12.31164
v 2.84775 8.41113 12.70183
v 4.19849 8.33261 12.22680
v 2.82814 8.33261 12.61430
v 4.16553 8.27010 12.13079
v 2.80594 8.27010 12.51525
v 4.12965 8.22534 12.02628
v 2.78178 8.22534 12.40743
v 4.09185 8.19958 11.91619
v 0.00156 9.62190 12.50312
v -1.37372 9.62190 12.42724
v 0.00156 9.61195 12.62192
v -1.38679 9.61195 12.54532
v 0.00156 9.58239 12.73741
v -1.39949 9.58239 12.66011
v 0.00156 9.53403 12.84637
v -1.41148 9.53403 12.76841
v 0.00156 9.46822 12.94578
v -1.42242 9.46822 12.86722
v 0.00156 9.38680 13.03286
v -1.43200 9.38680 12.95377
v 0.00156 9.29203 13.10518
v -1.43995 9.29203 13.02566
v 0.00156 9.18656 13.16074
v -1.44606 9.18656 13.08088
v 0.00156 9.07331 13.19799
v -1.45016 9.07331 13.11790
v 0.00156 8.95544 13.21588
v -1.45213 8.95544 13.13568
v 0.00156 8.83625 13.21393
v -1.45191 8.83625 13.13374
v 0.00156 8.71903 13.19218
v -1.44952 8.71903 13.11212
v 0.00156 8.60707 13.15124
v -1.44502 8.60707 13.07143
v 0.00156 8.50347 13.09225
v -1.43853 8.50347 13.01279
v 0.00156 8.41113 13.01685
v -1.43023 8.41113 12.93786
v 0.00156 8.33261 12.92715
v -1.42037 8.33261 12.84870
v 0.00156 8.27010 12.82563
v -1.40920 8.27010 12.74780
v 0.00156 8.22534 12.71514
v -1.39704 8.22534 12.63798
v 0.00156 8.19958 12.59874
v -2.73230 9.62190 12.20054
v -2.75828 9.61195 12.31646
v -2.78353 9.58239 12.42915
v -2.80736 9.53403 12.53548
v -2.82910 9.46822 12.63248
v -2.84814 9.38680 12.71745
v -2.86396 9.29203 12.78803
v -2.87611 9.18656 12.84225
v -2.88426 9.07331 12.87859
v -2.88817 8.95544 12.89605
v -2.88774 8.83625 12.89414
v -2.88298 8.71903 12.87292
v -2.87403 8.60707 12.83297
v -2.86113 8.50347 12.77540
v -2.84464 8.41113 12.70183
v -2.82503 8.33261 12.61430
v -2.80283 8.27010 12.51525
v -2.77867 8.22534 12.40743
v -4.08874 8.19958 11.91619
v -4.12654 8.22534 12.02628
v -4.16242 8.27010 12.13079
v -4.19538 8.33261 12.22680
v -4.22450 8.41113 12.31164
v -4.24898 8.50347 12.38296
v -4.26814 8.60707 12.43875
v -4.28143 8.71903 12.47747
v -4.28849 8.83625 12.49805
v -4.28913 8.95544 12.49990
v -4.28332 9.07331 12.48297
v -4.27123 9.18656 12.44774
v -4.25319 9.29203 12.39520
v -4.22970 9.38680 12.32679
v -4.20143 9.46822 12.24443
v -4.16915 9.53403 12.15041
v -4.13377 9.58239 12.04734
v -4.09627 9.61195 11.93811
v -4.05770 9.62190 11.82575
v -5.33382 9.62190 11.30743
v -5.38452 9.61195 11.41487
v -5.43381 9.58239 11.51931
v -5.48031 9.53403 11.61786
v -5.52274 9.46822 11.70776
v -5.55990 9.38680 11.78651
v -5.59077 9.29203 11.85192
v -5.61448 9.18656 11.90216
v -5.63037 9.07331 11.93584
v -5.63801 8.95544 11.95203
v -5.63717 8.83625 11.95026
v -5.62789 8.71903 11.93059
v -5.61042 8.60707 11.89356
v -5.58524 8.50347 11.84022
v -5.55307 8.41113 11.77203
v -5.51478 8.33261 11.69091
v -5.47146 8.27010 11.59910
v -5.42430 8.22534 11.49918
v -6.54517 9.62190 10.65188
v -6.60739 9.61195 10.75309
v -6.66787 9.58239 10.85148
v -6.72493 9.53403 10.94431
v -6.77698 9.46822 11.02899
v -6.82259 9.38680 11.10318
v -6.86046 9.29203 11.16479
v -6.88956 9.18656 11.21212
v -6.90906 9.07331 11.24385
v -6.91843 8.95544 11.25910
v -6.91741 8.83625 11.25743
v -6.90602 8.71903 11.23890
v -6.88458 8.60707 11.20402
v -6.85368 8.50347 11.15377
v -6.81420 8.41113 11.08954
v -6.76723 8.33261 11.01312
v -6.71407 8.27010 10.92664
v -6.65620 8.22534 10.83250
v -7.73580 8.19958 9.94251
v -7.80729 8.22534 10.03436
v -7.87516 8.27010 10.12156
v -7.93751 8.33261 10.20166
v -7.99260 8.41113 10.27245
v -8.03891 8.50347 10.33195
v -8.07515 8.60707 10.37850
v -8.10029 8.71903 10.41081
v -8.11365 8.83625 10.42798
v -8.11485 8.95544 10.42952
v -8.10386 9.07331 10.41540
v -8.08099 9.18656 10.38601
v -8.04686 9.29203 10.34216
v -8.00244 9.38680 10.28509
v -7.94895 9.46822 10.21637
v -7.88790 9.53403 10.13792
v -7.82097 9.58239 10.05193
v -7.75003 9.61195 9.96079
v -7.67706 9.62190 9.86704
v -8.71574 9.62190 8.96246
v -8.79858 9.61195 9.04761
v -8.87911 9.58239 9.13039
v -8.95509 9.53403 9.20850
v -9.02441 9.46822 9.27975
v -9.08513 9.38680 9.34217
v -9.13556 9.29203 9.39401
v -9.17431 9.18656 9.43383
v -9.20028 9.07331 9.46053
v -9.21275 8.95544 9.47335
v -9.21139 8.83625 9.47195
v -9.19622 8.71903 9.45636
v -9.16767 8.60707 9.42702
v -9.12654 8.50347 9.38473
v -9.07397 8.41113 9.33069
v -9.01142 8.33261 9.26639
v -8.94063 8.27010 9.19363
v -8.86359 8.22534 9.11443
v -9.64861 9.62190 7.94910
v -9.74031 9.61195 8.02462
v -9.82946 9.58239 8.09804
v -9.91357 9.53403 8.16731
v -9.99031 9.46822 8.23051
v -10.05752 9.38680 8.28586
v -10.11335 9.29203 8.33184
v -10.15624 9.18656 8.36716
v -10.18499 9.07331 8.39084
v -10.19880 8.95544 8.40222
v -10.19729 8.83625 8.40097
v -10.18050 8.71903 8.38715
v -10.14890 8.60707 8.36112
v -10.10337 8.50347 8.32362
v -10.04517 8.41113 8.27569
v -9.97592 8.33261 8.21866
v -9.89756 8.27010 8.15413
v -9.81227 8.22534 8.08388
v -10.54439 8.19958 6.89156
v -10.64183 8.22534 6.95523
v -10.73433 8.27010 7.01566
v -10.81932 8.33261 7.07118
v -10.89441 8.41113 7.12025
v -10.95753 8.50347 7.16148
v -11.00692 8.60707 7.19375
v -11.04119 8.71903 7.21614
v -11.05940 8.83625 7.22804
v -11.06104 8.95544 7.22911
v -11.04606 9.07331 7.21932
v -11.01488 9.18656 7.19895
v -10.96836 9.29203 7.16856
v -10.90781 9.38680 7.12900
v -10.83492 9.46822 7.08138
v -10.75170 9.53403 7.02700
v -10.66047 9.58239 6.96741
v -10.56379 9.61195 6.90424
v -10.46433 9.62190 6.83926
v -12.21016 8.19958 3.09398
v -12.32300 8.22534 3.12256
v -12.43011 8.27010 3.14968
v -12.52852 8.33261 3.17460
v -12.61547 8.41113 3.19662
v -12.68856 8.50347 3.21513
v -12.74575 8.60707 3.22961
v -12.78544 8.71903 3.23966
v -12.80652 8.83625 3.24500
v -12.80842 8.95544 3.24548
v -12.79107 9.07331 3.24109
v -12.75497 9.18656 3.23195
v -12.70111 9.29203 3.21831
v -12.63099 9.38680 3.20055
v -12.54658 9.46822 3.17917
v -12.45021 9.53403 3.15477
v -12.34458 9.58239 3.12802
v -12.23263 9.61195 3.09967
v -12.11746 9.62190 3.07051
v -12.55261 8.19958 -1.03871
v -12.66861 8.22534 -1.04832
v -12.77872 8.27010 -1.05745
v -12.87989 8.33261 -1.06583
v -12.96929 8.41113 -1.07324
v -13.04442 8.50347 -1.07947
v -13.10321 8.60707 -1.08434
v -13.14401 8.71903 -1.08772
v -13.16569 8.83625 -1.08951
v -13.16764 8.95544 -1.08968
v -13.14981 9.07331 -1.08820
v -13.11269 9.18656 -1.08512
v -13.05732 9.29203 -1.08053
v -12.98524 9.38680 -1.07456
v -12.89846 9.46822 -1.06737
v -12.79939 9.53403 -1.05916
v -12.69080 9.58239 -1.05016
v -12.57570 9.61195 -1.04063
v -12.45731 9.62190 -1.03082
v -11.53461 8.19958 -5.05868
v -11.64121 8.22534 -5.10543
v -11.74239 8.27010 -5.14982
v -11.83536 8.33261 -5.19060
v -11.91750 8.41113 -5.22663
v -11.98655 8.50347 -5.25692
v -12.04057 8.60707 -5.28061
v -12.07806 8.71903 -5.29706
v -12.09798 8.83625 -5.30579
v -12.09977 8.95544 -5.30658
v -12.08339 9.07331 -5.29939
v -12.04928 9.18656 -5.28443
v -11.99840 9.29203 -5.26211
v -11.93217 9.38680 -5.23306
v -11.85242 9.46822 -5.19808
v -11.76139 9.53403 -5.15815
v -11.66160 9.58239 -5.11438
v -11.55583 9.61195 -5.06799
v -11.44704 9.62190 -5.02027
v -10.82512 9.62190 -6.24923
v -10.92800 9.61195 -6.30863
v -11.02802 9.58239 -6.36637
v -11.12238 9.53403 -6.42085
v -11.20847 9.46822 -6.47056
v -11.28388 9.38680 -6.51410
v -11.34652 9.29203 -6.55026
v -11.39464 9.18656 -6.57804
v -11.42689 9.07331 -6.59666
v -11.44239 8.95544 -6.60561
v -11.44070 8.83625 -6.60463
v -11.42186 8.71903 -6.59376
v -11.38640 8.60707 -6.57328
v -11.33532 8.50347 -6.54379
v -11.27002 8.41113 -6.50609
v -11.19233 8.33261 -6.46124
v -11.10442 8.27010 -6.41048
v -11.00873 8.22534 -6.35524
v -10.90793 8.19958 -6.29704
v -10.07177 9.62190 -7.40231
v -10.16749 9.61195 -7.47267
v -10.26055 9.58239 -7.54106
v -10.34835 9.53403 -7.60560
v -10.42845 9.46822 -7.66447
v -10.49861 9.38680 -7.71604
v -10.55689 9.29203 -7.75888
v -10.60166 9.18656 -7.79178
v -10.63167 9.07331 -7.81384
v -10.64609 8.95544 -7.82444
v -10.64451 8.83625 -7.82328
v -10.62699 8.71903 -7.81040
v -10.59400 8.60707 -7.78615
v -10.54647 8.50347 -7.75121
v -10.48572 8.41113 -7.70656
v -10.41344 8.33261 -7.65344
v -10.33164 8.27010 -7.59332
v -10.24261 8.22534 -7.52788
v -9.19614 9.62190 -8.46552
v -9.28355 9.61195 -8.54598
v -9.36852 9.58239 -8.62420
v -9.44868 9.53403 -8.69800
v -9.52182 9.46822 -8.76533
v -9.58589 9.38680 -8.82431
v -9.63910 9.29203 -8.87329
v -9.67998 9.18656 -8.91092
v -9.70738 9.07331 -8.93615
v -9.72054 8.95544 -8.94827
v -9.71910 8.83625 -8.94694
v -9.70310 8.71903 -8.93221
v -9.67298 8.60707 -8.90448
v -9.62958 8.50347 -8.86453
v -9.57411 8.41113 -8.81346
v -9.50811 8.33261 -8.75271
v -9.43343 8.27010 -8.68396
v -9.35213 8.22534 -8.60912
v -8.27167 8.19958 -9.49807
v -8.34812 8.22534 -9.58584
v -8.42068 8.27010 -9.66917
v -8.48735 8.33261 -9.74572
v -8.54627 8.41113 -9.81336
v -8.59578 8.50347 -9.87022
v -8.63452 8.60707 -9.91471
v -8.66141 8.71903 -9.94558
v -8.67570 8.83625 -9.96198
v -8.67698 8.95544 -9.96346
v -8.66523 9.07331 -9.94996
v -8.64077 9.18656 -9.92188
v -8.60428 9.29203 -9.87998
v -8.55678 9.38680 -9.82544
v -8.49959 9.46822 -9.75977
v -8.43430 9.53403 -9.68481
v -8.36274 9.58239 -9.60264
v -8.28689 9.61195 -9.51554
v -8.20887 9.62190 -9.42596
v -7.12194 9.62190 -10.27195
v -7.18963 9.61195 -10.36958
v -7.25544 9.58239 -10.46449
v -7.31753 9.53403 -10.55403
v -7.37417 9.46822 -10.63572
v -7.42379 9.38680 -10.70728
v -7.46500 9.29203 -10.76672
v -7.49666 9.18656 -10.81237
v -7.51788 9.07331 -10.84298
v -7.52808 8.95544 -10.85769
v -7.52696 8.83625 -10.85608
v -7.51457 8.71903 -10.83820
v -7.49124 8.60707 -10.80456
v -7.45763 8.50347 -10.75608
v -7.41466 8.41113 -10.69412
v -7.36355 8.33261 -10.62041
v -7.30571 8.27010 -10.53699
v -7.24275 8.22534 -10.44619
v -5.94853 9.62190 -10.99324
v -6.00507 9.61195 -11.09772
v -6.06004 9.58239 -11.19929
v -6.11190 9.53403 -11.29512
v -6.15921 9.46822 -11.38255
v -6.20066 9.38680 -11.45913
v -6.23508 9.29203 -11.52274
v -6.26153 9.18656 -11.57161
v -6.27925 9.07331 -11.60436
v -6.28777 8.95544 -11.62010
v -6.28684 8.83625 -11.61838
v -6.27649 8.71903 -11.59925
v -6.25700 8.60707 -11.56324
v -6.22892 8.50347 -11.51136
v -6.19304 8.41113 -11.44505
v -6.15035 8.33261 -11.36616
v -6.10203 8.27010 -11.27689
v -6.04944 8.22534 -11.17971
v -4.73888 8.19958 -11.66966
v -4.78269 8.22534 -11.77751
v -4.82427 8.27010 -11.87988
v -4.86247 8.33261 -11.97393
v -4.89622 8.41113 -12.05704
v -4.92459 8.50347 -12.12689
v -4.94679 8.60707 -12.18155
v -4.96220 8.71903 -12.21948
v -4.97038 8.83625 -12.23963
v -4.97112 8.95544 -12.24144
v -4.96439 9.07331 -12.22486
v -4.95037 9.18656 -12.19036
v -4.92946 9.29203 -12.13888
v -4.90225 9.38680 -12.07187
v -4.86948 9.46822 -11.99119
v -4.83207 9.53403 -11.89909
v -4.79106 9.58239 -11.79814
v -4.74760 9.61195 -11.69113
v -4.70290 9.62190 -11.58107
v -3.40016 9.62190 -12.02830
v -3.43249 9.61195 -12.14261
v -3.46391 9.58239 -12.25375
v -3.49356 9.53403 -12.35860
v -3.52061 9.46822 -12.45426
v -3.54431 9.38680 -12.53805
v -3.56399 9.29203 -12.60765
v -3.57911 9.18656 -12.66111
v -3.58924 9.07331 -12.69695
v -3.59411 8.95544 -12.71417
v -3.59358 8.83625 -12.71229
v -3.58766 8.71903 -12.69136
v -3.57652 8.60707 -12.65196
v -3.56047 8.50347 -12.59520
v -3.53995 8.41113 -12.52265
v -3.51554 8.33261 -12.43633
v -3.48792 8.27010 -12.33865
v -3.45785 8.22534 -12.23232
v -2.05613 9.62190 -12.32950
v -2.07569 9.61195 -12.44668
v -2.09470 9.58239 -12.56060
v -2.11263 9.53403 -12.66808
v -2.12899 9.46822 -12.76613
v -2.14333 9.38680 -12.85202
v -2.15523 9.29203 -12.92336
v -2.16438 9.18656 -12.97816
v -2.17051 9.07331 -13.01490
v -2.17345 8.95544 -13.03255
v -2.17313 8.83625 -13.03062
v -2.16955 8.71903 -13.00916
v -2.16281 8.60707 -12.96878
v -2.15310 8.50347 -12.91060
v -2.14069 8.41113 -12.83623
v -2.12593 8.33261 -12.74775
v -2.10922 8.27010 -12.64762
v -2.09103 8.22534 -12.53863
v -0.69240 8.19958 -12.57650
v -0.69881 8.22534 -12.69272
v -0.70489 8.27010 -12.80305
v -0.71049 8.33261 -12.90441
v -0.71543 8.41113 -12.99398
v -0.71958 8.50347 -13.06926
v -0.72283 8.60707 -13.12816
v -0.72509 8.71903 -13.16904
v -0.72628 8.83625 -13.19075
v -0.72639 8.95544 -13.19271
v -0.72541 9.07331 -13.17484
v -0.72335 9.18656 -13.13765
v -0.72029 9.29203 -13.08218
v -0.71631 9.38680 -13.00996
v -0.71151 9.46822 -12.92301
v -0.70604 9.53403 -12.82376
v -0.70003 9.58239 -12.71496
v -0.69367 9.61195 -12.59964
v -0.68713 9.62190 -12.48102
v 3.42929 8.19958 -12.12031
v 3.46097 8.22534 -12.23232
v 3.49103 8.27010 -12.33865
v 3.51865 8.33261 -12.43633
v 3.54306 8.41113 -12.52265
v 3.56358 8.50347 -12.59520
v 3.57963 8.60707 -12.65196
v 3.59077 8.71903 -12.69136
v 3.59669 8.83625 -12.71229
v 3.59722 8.95544 -12.71417
v 3.59235 9.07331 -12.69695
v 3.58222 9.18656 -12.66111
v 3.56710 9.29203 -12.60765
v 3.54742 9.38680 -12.53805
v 3.52372 9.46822 -12.45426
v 3.49667 9.53403 -12.35860
v 3.46702 9.58239 -12.25375
v 3.43560 9.61195 -12.14261
v 3.40327 9.62190 -12.02830
v 7.17953 8.19958 -10.35053
v 7.24586 8.22534 -10.44619
v 7.30882 8.27010 -10.53699
v 7.36666 8.33261 -10.62041
v 7.41777 8.41113 -10.69412
v 7.46074 8.50347 -10.75608
v 7.49435 8.60707 -10.80456
v 7.51768 8.71903 -10.83820
v 7.53007 8.83625 -10.85608
v 7.53119 8.95544 -10.85769
v 7.52099 9.07331 -10.84298
v 7.49977 9.18656 -10.81237
v 7.46811 9.29203 -10.76672
v 7.42690 9.38680 -10.70728
v 7.37728 9.46822 -10.63572
v 7.32064 9.53403 -10.55403
v 7.25855 9.58239 -10.46449
v 7.19274 9.61195 -10.36958
v 7.12505 9.62190 -10.27195
v 10.15193 8.19958 -7.45894
v 10.24572 8.22534 -7.52788
v 10.33475 8.27010 -7.59332
v 10.41655 8.33261 -7.65344
v 10.48883 8.41113 -7.70656
v 10.54958 8.50347 -7.75121
v 10.59711 8.60707 -7.78615
v 10.63010 8.71903 -7.81040
v 10.64762 8.83625 -7.82328
v 10.64920 8.95544 -7.82444
v 10.63478 9.07331 -7.81384
v 10.60477 9.18656 -7.79178
v 10.56000 9.29203 -7.75888
v 10.50172 9.38680 -7.71604
v 10.43156 9.46822 -7.66447
v 10.35146 9.53403 -7.60560
v 10.26366 9.58239 -7.54106
v 10.17060 9.61195 -7.47267
v 10.07488 9.62190 -7.40231
v 10.82823 9.62190 -6.24923
v 10.93111 9.61195 -6.30863
v 11.03113 9.58239 -6.36637
v 11.12549 9.53403 -6.42085
v 11.21158 9.46822 -6.47056
v 11.28700 9.38680 -6.51410
v 11.34963 9.29203 -6.55026
v 11.39775 9.18656 -6.57804
v 11.43000 9.07331 -6.59666
v 11.44550 8.95544 -6.60561
v 11.44381 8.83625 -6.60463
v 11.42497 8.71903 -6.59376
v 11.38951 8.60707 -6.57328
v 11.33843 8.50347 -6.54379
v 11.27313 8.41113 -6.50609
v 11.19545 8.33261 -6.46124
v 11.10753 8.27010 -6.41048
v 11.01184 8.22534 -6.35524
v 10.91104 8.19958 -6.29704
v 11.45015 9.62190 -5.02027
v 11.55895 9.61195 -5.06799
v 11.66471 9.58239 -5.11438
v 11.76450 9.53403 -5.15815
v 11.85553 9.46822 -5.19808
v 11.93528 9.38680 -5.23306
v 12.00151 9.29203 -5.26211
v 12.05239 9.18656 -5.28443
v 12.08650 9.07331 -5.29939
v 12.10288 8.95544 -5.30658
v 12.10109 8.83625 -5.30579
v 12.08118 8.71903 -5.29706
v 12.04368 8.60707 -5.28061
v 11.98966 8.50347 -5.25692
v 11.92061 8.41113 -5.22663
v 11.83847 8.33261 -5.19060
v 11.74550 8.27010 -5.14982
v 11.64432 8.22534 -5.10543
v 11.93311 9.62190 -3.73035
v 12.04649 9.61195 -3.76581
v 12.15672 9.58239 -3.80028
v 12.26071 9.53403 -3.83281
v 12.35559 9.46822 -3.86249
v 12.43870 9.38680 -3.88848
v 12.50773 9.29203 -3.91007
v 12.56075 9.18656 -3.92666
v 12.59630 9.07331 -3.93778
v 12.61338 8.95544 -3.94312
v 12.61151 8.83625 -3.94253
v 12.59075 8.71903 -3.93604
v 12.55168 8.60707 -3.92382
v 12.49538 8.50347 -3.90621
v 12.42342 8.41113 -3.88370
v 12.33780 8.33261 -3.85692
v 12.24092 8.27010 -3.82662
v 12.13546 8.22534 -3.79364
v 12.36508 8.19958 -2.41346
v 12.47932 8.22534 -2.43577
v 12.58777 8.27010 -2.45696
v 12.68740 8.33261 -2.47642
v 12.77543 8.41113 -2.49361
v 12.84943 8.50347 -2.50807
v 12.90733 8.60707 -2.51938
v 12.94751 8.71903 -2.52723
v 12.96886 8.83625 -2.53140
v 12.97078 8.95544 -2.53177
v 12.95322 9.07331 -2.52834
v 12.91666 9.18656 -2.52120
v 12.86213 9.29203 -2.51055
v 12.79115 9.38680 -2.49668
v 12.70568 9.46822 -2.47999
v 12.60812 9.53403 -2.46093
v 12.50118 9.58239 -2.44004
v 12.38783 9.61195 -2.41790
v 12.27123 9.62190 -2.39513
v 12.46042 9.62190 -1.03082
v 12.57881 9.61195 -1.04063
v 12.69391 9.58239 -1.05016
v 12.80250 9.53403 -1.05916
v 12.90157 9.46822 -1.06737
v 12.98835 9.38680 -1.07456
v 13.06043 9.29203 -1.08053
v 13.11580 9.18656 -1.08512
v 13.15292 9.07331 -1.08820
v 13.17075 8.95544 -1.08968
v 13.16880 8.83625 -1.08951
v 13.14712 8.71903 -1.08772
v 13.10632 8.60707 -1.08434
v 13.04754 8.50347 -1.07947
v 12.97240 8.41113 -1.07324
v 12.88300 8.33261 -1.06583
v 12.78183 8.27010 -1.05745
v 12.67172 8.22534 -1.04832
v 12.49837 9.62190 0.34603
v 12.61712 9.61195 0.34930
v 12.73257 9.58239 0.35248
v 12.84150 9.53403 0.35549
v 12.94086 9.46822 0.35823
v 13.02791 9.38680 0.36062
v 13.10021 9.29203 0.36262
v 13.15575 9.18656 0.36415
v 13.19298 9.07331 0.36517
v 13.21087 8.95544 0.36567
v 13.20891 8.83625 0.36561
v 13.18717 8.71903 0.36501
v 13.14624 8.60707 0.36389
v 13.08727 8.50347 0.36226
v 13.01191 8.41113 0.36018
v 12.92224 8.33261 0.35771
v 12.82076 8.27010 0.35491
v 12.71031 8.22534 0.35187
v 12.47935 8.19958 1.73182
v 12.59464 8.22534 1.74781
v 12.70409 8.27010 1.76299
v 12.80464 8.33261 1.77693
v 12.89349 8.41113 1.78925
v 12.96817 8.50347 1.79961
v 13.02660 8.60707 1.80771
v 13.06716 8.71903 1.81333
v 13.08870 8.83625 1.81632
v 13.09064 8.95544 1.81659
v 13.07292 9.07331 1.81413
v 13.03602 9.18656 1.80902
v 12.98099 9.29203 1.80139
v 12.90935 9.38680 1.79145
v 12.82310 9.46822 1.77949
v 12.72463 9.53403 1.76584
v 12.61670 9.58239 1.75087
v 12.50230 9.61195 1.73501
v 12.38463 9.62190 1.71869
v 12.12057 9.62190 3.07051
v 12.23574 9.61195 3.09967
v 12.34769 9.58239 3.12802
v 12.45333 9.53403 3.15477
v 12.54969 9.46822 3.17917
v 12.63410 9.38680 3.20055
v 12.70422 9.29203 3.21831
v 12.75808 9.18656 3.23195
v 12.79418 9.07331 3.24109
v 12.81153 8.95544 3.24548
v 12.80963 8.83625 3.24500
v 12.78855 8.71903 3.23966
v 12.74886 8.60707 3.22961
v 12.69168 8.50347 3.21513
v 12.61859 8.41113 3.19662
v 12.53163 8.33261 3.17460
v 12.43322 8.27010 3.14968
v 12.32611 8.22534 3.12256
v 11.70941 9.62190 4.38507
v 11.82067 9.61195 4.42673
v 11.92882 9.58239 4.46722
v 12.03087 9.53403 4.50543
v 12.12397 9.46822 4.54029
v 12.20552 9.38680 4.57082
v 12.27325 9.29203 4.59618
v 12.32528 9.18656 4.61566
v 12.36017 9.07331 4.62872
v 12.37692 8.95544 4.63499
v 12.37509 8.83625 4.63431
v 12.35472 8.71903 4.62668
v 12.31638 8.60707 4.61233
v 12.26114 8.50347 4.59164
v 12.19053 8.41113 4.56521
v 12.10652 8.33261 4.53375
v 12.01145 8.27010 4.49816
v 11.90797 8.22534 4.45942
v 11.24145 8.19958 5.68961
v 11.34530 8.22534 5.74216
v 11.44389 8.27010 5.79206
v 11.53447 8.33261 5.83789
v 11.61451 8.41113 5.87840
v 11.68178 8.50347 5.91244
v 11.73441 8.60707 5.93907
v 11.77094 8.71903 5.95756
v 11.79035 8.83625 5.96738
v 11.79210 8.95544 5.96827
v 11.77613 9.07331 5.96019
v 11.74290 9.18656 5.94337
v 11.69333 9.29203 5.91828
v 11.62879 9.38680 5.88562
v 11.55109 9.46822 5.84630
v 11.46240 9.53403 5.80142
v 11.36517 9.58239 5.75222
v 11.26213 9.61195 5.70007
v 11.15613 9.62190 5.64643
v 8.78553 8.19958 9.03100
v 8.86670 8.22534 9.11443
v 8.94375 8.27010 9.19363
v 9.01453 8.33261 9.26639
v 9.07708 8.41113 9.33069
v 9.12965 8.50347 9.38473
v 9.17079 8.60707 9.42702
v 9.19933 8.71903 9.45636
v 9.21450 8.83625 9.47195
v 9.21586 8.95544 9.47335
v 9.20339 9.07331 9.46053
v 9.17742 9.18656 9.43383
v 9.13867 9.29203 9.39401
v 9.08824 9.38680 9.34217
v 9.02752 9.46822 9.27975
v 8.95821 9.53403 9.20850
v 8.88223 9.58239 9.13039
v 8.80169 9.61195 9.04761
v 8.71886 9.62190 8.96246
v 5.37774 8.19958 11.39391
v 5.42741 8.22534 11.49918
v 5.47457 8.27010 11.59910
v 5.51789 8.33261 11.69091
v 5.55618 8.41113 11.77203
v 5.58835 8.50347 11.84022
v 5.61353 8.60707 11.89356
v 5.63100 8.71903 11.93059
v 5.64028 8.83625 11.95026
v 5.64112 8.95544 11.95203
v 5.63348 9.07331 11.93584
v 5.61759 9.18656 11.90216
v 5.59388 9.29203 11.85192
v 5.56301 9.38680 11.78651
v 5.52584 9.46822 11.70776
v 5.48342 9.53403 11.61786
v 5.43692 9.58239 11.51931
v 5.38763 9.61195 11.41487
v 5.33693 9.62190 11.30743
v 1.38735 8.19958 12.52229
v 1.40015 8.22534 12.63798
v 1.41231 8.27010 12.74780
v 1.42348 8.33261 12.84870
v 1.43334 8.41113 12.93786
v 1.44164 8.50347 13.01279
v 1.44813 8.60707 13.07143
v 1.45263 8.71903 13.11212
v 1.45503 8.83625 13.13374
v 1.45524 8.95544 13.13568
v 1.45327 9.07331 13.11790
v 1.44918 9.18656 13.08088
v 1.44306 9.29203 13.02566
v 1.43511 9.38680 12.95377
v 1.42553 9.46822 12.86722
v 1.41459 9.53403 12.76841
v 1.40260 9.58239 12.66011
v 1.38990 9.61195 12.54532
v 1.37683 9.62190 12.42724
v 0.00156 9.62190 -11.99586
v -1.39126 9.62190 -11.91474
v -2.76524 9.62190 -11.67247
v -4.10180 9.62190 -11.27233
v -5.38287 9.62190 -10.71973
v -6.59113 9.62190 -10.02214
v -7.71023 9.62190 -9.18900
v -8.72505 9.62190 -8.23157
v -9.62185 9.62190 -7.16280
v -10.38851 9.62190 -5.99715
v -11.01466 9.62190 -4.75038
v -11.49184 9.62190 -3.43934
v -11.81359 9.62190 -2.08177
v -11.97556 9.62190 -0.69603
v -11.97556 9.62190 0.69914
v -11.81359 9.62190 2.08489
v -11.49184 9.62190 3.44245
v -11.01466 9.62190 4.75349
v -10.38851 9.62190 6.00026
v -9.62185 9.62190 7.16591
v -8.72505 9.62190 8.23468
v -7.71023 9.62190 9.19211
v -6.59113 9.62190 10.02525
v -5.38287 9.62190 10.72284
v -4.10180 9.62190 11.27544
v -2.76524 9.62190 11.67558
v -1.39126 9.62190 11.91785
v 0.00156 9.62190 11.99897
v 1.39437 9.62190 11.91785
v 2.76835 9.62190 11.67558
v 4.10491 9.62190 11.27544
v 5.38598 9.62190 10.72284
v 6.59424 9.62190 10.02525
v 7.71334 9.62190 9.19211
v 8.72816 9.62190 8.23468
v 9.62496 9.62190 7.16591
v 10.39162 9.62190 6.00026
v 11.01777 9.62190 4.75349
v 11.49495 9.62190 3.44245
v 11.81670 9.62190 2.08489
v 11.97867 9.62190 0.69914
v 11.97867 9.62190 -0.69603
v 11.81670 9.62190 -2.08177
v 11.49495 9.62190 -3.43934
v 11.01777 9.62190 -4.75038
v 10.39162 9.62190 -5.99715
v 9.62496 9.62190 -7.16280
v 8.72816 9.62190 -8.23157
v 7.71334 9.62190 -9.18900
v 6.59424 9.62190 -10.02214
v 5.38598 9.62190 -10.71973
v 4.10491 9.62190 -11.27233
v 2.76835 9.62190 -11.67247
v 1.39437 9.62190 -11.91474
v -1.14943 52.70415 4.85797
v -0.57786 52.70415 4.95875
v -0.80174 56.06876 5.46121
v -1.27272 56.06876 5.37817
v -1.58767 56.06876 5.28388
v -1.70545 52.70415 4.69151
v -1.88829 56.06876 5.19388
v -2.34116 56.06876 4.99853
v -2.23838 52.70415 4.46162
v -2.47831 56.06876 4.93937
v -2.74101 52.70415 4.17143
v -3.03479 56.06876 4.61809
v -3.20656 52.70415 3.82484
v -3.55020 56.06876 4.23438
v -3.68059 56.06876 4.11136
v -3.62872 52.70415 3.42655
v -4.01759 56.06876 3.79342
v -4.23852 56.06876 3.53012
v -4.00179 52.70415 2.98194
v -4.43062 56.06876 3.30119
v -4.70985 56.06876 2.87664
v -4.32073 52.70415 2.49702
v -4.78371 56.06876 2.76433
v -4.58121 52.70415 1.97837
v -5.07210 56.06876 2.19012
v -5.08231 56.06876 2.16206
v -4.77971 52.70415 1.43297
v -5.29187 56.06876 1.58630
v -5.33665 56.06876 1.39733
v -4.91356 52.70415 0.86822
v -5.44005 56.06876 0.96106
v -5.48169 56.06876 0.60482
v -4.98094 52.70415 0.29175
v -5.51465 56.06876 0.32284
v -5.51465 56.06876 -0.20025
v -4.98094 52.70415 -0.28864
v -5.51465 56.06876 -0.31973
v -4.91356 52.70415 -0.86511
v -5.44005 56.06876 -0.95795
v -5.42972 56.06876 -1.00153
v -4.77971 52.70415 -1.42986
v -5.29187 56.06876 -1.58319
v -5.22033 56.06876 -1.77973
v -4.58121 52.70415 -1.97526
v -5.07210 56.06876 -2.18700
v -4.90442 56.06876 -2.52088
v -4.32073 52.70415 -2.49392
v -4.78371 56.06876 -2.76122
v -4.48806 56.06876 -3.21074
v -4.00179 52.70415 -2.97883
v -4.43062 56.06876 -3.29808
v -3.62872 52.70415 -3.42344
v -4.01759 56.06876 -3.79031
v -3.97415 56.06876 -3.83129
v -3.20656 52.70415 -3.82173
v -3.55020 56.06876 -4.23126
v -3.37045 56.06876 -4.36509
v -2.74101 52.70415 -4.16831
v -3.03479 56.06876 -4.61498
v -2.69828 56.06876 -4.80926
v -2.23838 52.70415 -4.45851
v -2.47831 56.06876 -4.93626
v -1.97056 56.06876 -5.15528
v -1.70545 52.70415 -4.68840
v -1.88829 56.06876 -5.19077
v -1.14943 52.70415 -4.85485
v -1.27272 56.06876 -5.37506
v -1.19920 56.06876 -5.38802
v -0.57786 52.70415 -4.95564
v -0.63992 56.06876 -5.48664
v -0.40128 56.06876 -5.50054
v 0.00156 52.70415 -4.98939
v 0.00156 56.06876 -5.52400
v 0.40439 56.06876 -5.50054
v 0.58097 52.70415 -4.95564
v 0.64303 56.06876 -5.48664
v 1.20231 56.06876 -5.38802
v 1.15255 52.70415 -4.85485
v 1.27584 56.06876 -5.37506
v 1.70856 52.70415 -4.68840
v 1.89141 56.06876 -5.19077
v 1.97368 56.06876 -5.15528
v 2.24149 52.70415 -4.45851
v 2.48142 56.06876 -4.93626
v 2.70139 56.06876 -4.80926
v 2.74412 52.70415 -4.16831
v 3.03790 56.06876 -4.61498
v 3.37356 56.06876 -4.36509
v 3.20967 52.70415 -3.82173
v 3.55331 56.06876 -4.23126
v 3.97726 56.06876 -3.83129
v 3.63183 52.70415 -3.42344
v 4.02070 56.06876 -3.79031
v 4.00490 52.70415 -2.97883
v 4.43373 56.06876 -3.29808
v 4.49117 56.06876 -3.21074
v 4.32384 52.70415 -2.49392
v 4.78683 56.06876 -2.76122
v 4.90753 56.06876 -2.52088
v 4.58432 52.70415 -1.97526
v 5.07521 56.06876 -2.18700
v 5.22344 56.06876 -1.77973
v 4.78282 52.70415 -1.42986
v 5.29498 56.06876 -1.58319
v 5.43283 56.06876 -1.00153
v 4.91667 52.70415 -0.86511
v 5.44316 56.06876 -0.95795
v 4.98405 52.70415 -0.28864
v 5.51776 56.06876 -0.31973
v 5.51776 56.06876 -0.20025
v 4.98405 52.70415 0.29175
v 5.51776 56.06876 0.32284
v 5.48480 56.06876 0.60482
v 4.91667 52.70415 0.86822
v 5.44316 56.06876 0.96106
v 5.33976 56.06876 1.39733
v 4.78282 52.70415 1.43297
v 5.29498 56.06876 1.58630
v 5.08542 56.06876 2.16206
v 4.58432 52.70415 1.97837
v 5.07521 56.06876 2.19012
v 4.32384 52.70415 2.49702
v 4.78683 56.06876 2.76433
v 4.71296 56.06876 2.87664
v 4.00490 52.70415 2.98194
v 4.43373 56.06876 3.30119
v 4.24163 56.06876 3.53012
v 3.63183 52.70415 3.42655
v 4.02070 56.06876 3.79342
v 3.68370 56.06876 4.11136
v 3.20967 52.70415 3.82484
v 3.55331 56.06876 4.23438
v 2.74412 52.70415 4.17143
v 3.03790 56.06876 4.61809
v 2.24149 52.70415 4.46162
v 2.48142 56.06876 4.93937
v 2.34427 56.06876 4.99853
v 1.70856 52.70415 4.69151
v 1.89141 56.06876 5.19388
v 1.59078 56.06876 5.28388
v 1.15255 52.70415 4.85797
v 1.27584 56.06876 5.37817
v 0.80485 56.06876 5.46121
v 0.58097 52.70415 4.95875
v 0.64303 56.06876 5.48975
v 0.00156 52.70415 4.99250
v 0.00156 56.06876 5.52711
v -0.63992 56.06876 5.48975
v 0.53675 49.31871 4.58044
v 1.06471 49.31871 4.48735
v 1.57829 49.31871 4.33360
v 2.07055 49.31871 4.12126
v 2.53482 49.31871 3.85321
v 2.96485 49.31871 3.53307
v 3.35479 49.31871 3.16517
v 3.69939 49.31871 2.75449
v 3.99398 49.31871 2.30659
v 4.23459 49.31871 1.82751
v 4.41794 49.31871 1.32374
v 4.54158 49.31871 0.80208
v 4.60382 49.31871 0.26961
v 4.60382 49.31871 -0.26650
v 4.54158 49.31871 -0.79897
v 4.41794 49.31871 -1.32062
v 4.23459 49.31871 -1.82440
v 3.99398 49.31871 -2.30347
v 3.69939 49.31871 -2.75138
v 3.35479 49.31871 -3.16206
v 2.96485 49.31871 -3.52996
v 2.53482 49.31871 -3.85009
v 2.07055 49.31871 -4.11815
v 1.57829 49.31871 -4.33048
v 1.06471 49.31871 -4.48424
v 0.53675 49.31871 -4.57733
v 0.00156 49.31871 -4.60850
v -0.53364 49.31871 -4.57733
v -1.06160 49.31871 -4.48424
v -1.57518 49.31871 -4.33048
v -2.06744 49.31871 -4.11815
v -2.53171 49.31871 -3.85009
v -2.96173 49.31871 -3.52996
v -3.35168 49.31871 -3.16206
v -3.69628 49.31871 -2.75138
v -3.99087 49.31871 -2.30347
v -4.23148 49.31871 -1.82440
v -4.41483 49.31871 -1.32062
v -4.53847 49.31871 -0.79897
v -4.60071 49.31871 -0.26650
v -4.60071 49.31871 0.26961
v -4.53847 49.31871 0.80208
v -4.41483 49.31871 1.32374
v -4.23148 49.31871 1.82751
v -3.99087 49.31871 2.30659
v -3.69628 49.31871 2.75449
v -3.35168 49.31871 3.16517
v -2.96173 49.31871 3.53307
v -2.53171 49.31871 3.85321
v -2.06744 49.31871 4.12126
v -1.57518 49.31871 4.33360
v -1.06160 49.31871 4.48735
v -0.53364 49.31871 4.58044
v 0.00156 49.31871 4.61162
v 0.51047 45.91943 4.35562
v 1.01251 45.91943 4.26710
v 1.50087 45.91943 4.12089
v 1.96896 45.91943 3.91898
v 2.41044 45.91943 3.66409
v 2.81935 45.91943 3.35967
v 3.19015 45.91943 3.00983
v 3.51782 45.91943 2.61932
v 3.79795 45.91943 2.19341
v 4.02674 45.91943 1.73785
v 4.20110 45.91943 1.25882
v 4.31866 45.91943 0.76278
v 4.37784 45.91943 0.25645
v 4.37784 45.91943 -0.25333
v 4.31866 45.91943 -0.75967
v 4.20110 45.91943 -1.25570
v 4.02674 45.91943 -1.73474
v 3.79795 45.91943 -2.19030
v 3.51782 45.91943 -2.61621
v 3.19015 45.91943 -3.00672
v 2.81935 45.91943 -3.35656
v 2.41044 45.91943 -3.66098
v 1.96896 45.91943 -3.91586
v 1.50087 45.91943 -4.11778
v 1.01251 45.91943 -4.26398
v 0.51047 45.91943 -4.35251
v 0.00156 45.91943 -4.38215
v -0.50736 45.91943 -4.35251
v -1.00940 45.91943 -4.26398
v -1.49776 45.91943 -4.11778
v -1.96585 45.91943 -3.91586
v -2.40733 45.91943 -3.66098
v -2.81623 45.91943 -3.35656
v -3.18703 45.91943 -3.00672
v -3.51471 45.91943 -2.61621
v -3.79484 45.91943 -2.19030
v -4.02363 45.91943 -1.73474
v -4.19799 45.91943 -1.25570
v -4.31555 45.91943 -0.75967
v -4.37473 45.91943 -0.25333
v -4.37473 45.91943 0.25645
v -4.31555 45.91943 0.76278
v -4.19799 45.91943 1.25882
v -4.02363 45.91943 1.73785
v -3.79484 45.91943 2.19341
v -3.51471 45.91943 2.61932
v -3.18703 45.91943 3.00983
v -2.81623 45.91943 3.35967
v -2.40733 45.91943 3.66409
v -1.96585 45.91943 3.91898
v -1.49776 45.91943 4.12089
v -1.00940 45.91943 4.26710
v -0.50736 45.91943 4.35562
v 0.00156 45.91943 4.38526
v 0.50219 42.51337 4.28473
v 0.99605 42.51337 4.19765
v 1.47646 42.51337 4.05383
v 1.93693 42.51337 3.85520
v 2.37122 42.51337 3.60446
v 2.77347 42.51337 3.30500
v 3.13824 42.51337 2.96086
v 3.46058 42.51337 2.57670
v 3.73615 42.51337 2.15772
v 3.96121 42.51337 1.70959
v 4.13273 42.51337 1.23835
v 4.24838 42.51337 0.75039
v 4.30660 42.51337 0.25229
v 4.30660 42.51337 -0.24918
v 4.24838 42.51337 -0.74727
v 4.13273 42.51337 -1.23524
v 3.96121 42.51337 -1.70647
v 3.73615 42.51337 -2.15461
v 3.46058 42.51337 -2.57359
v 3.13824 42.51337 -2.95775
v 2.77347 42.51337 -3.30189
v 2.37122 42.51337 -3.60135
v 1.93693 42.51337 -3.85209
v 1.47646 42.51337 -4.05072
v 0.99605 42.51337 -4.19454
v 0.50219 42.51337 -4.28162
v 0.00156 42.51337 -4.31078
v -0.49908 42.51337 -4.28162
v -0.99294 42.51337 -4.19454
v -1.47335 42.51337 -4.05072
v -1.93382 42.51337 -3.85209
v -2.36811 42.51337 -3.60135
v -2.77036 42.51337 -3.30189
v -3.13512 42.51337 -2.95775
v -3.45747 42.51337 -2.57359
v -3.73304 42.51337 -2.15461
v -3.95810 42.51337 -1.70647
v -4.12962 42.51337 -1.23524
v -4.24527 42.51337 -0.74727
v -4.30349 42.51337 -0.24918
v -4.30349 42.51337 0.25229
v -4.24527 42.51337 0.75039
v -4.12962 42.51337 1.23835
v -3.95810 42.51337 1.70959
v -3.73304 42.51337 2.15772
v -3.45747 42.51337 2.57670
v -3.13512 42.51337 2.96086
v -2.77036 42.51337 3.30500
v -2.36811 42.51337 3.60446
v -1.93382 42.51337 3.85520
v -1.47335 42.51337 4.05383
v -0.99294 42.51337 4.19765
v -0.49908 42.51337 4.28473
v 0.00156 42.51337 4.31389
v 0.51191 39.10759 4.36794
v 1.01537 39.10759 4.27917
v 1.50511 39.10759 4.13255
v 1.97453 39.10759 3.93006
v 2.41726 39.10759 3.67445
v 2.82732 39.10759 3.36917
v 3.19917 39.10759 3.01835
v 3.52778 39.10759 2.62673
v 3.80870 39.10759 2.19961
v 4.03813 39.10759 1.74277
v 4.21298 39.10759 1.26237
v 4.33088 39.10759 0.76493
v 4.39023 39.10759 0.25717
v 4.39023 39.10759 -0.25406
v 4.33088 39.10759 -0.76182
v 4.21298 39.10759 -1.25926
v 4.03813 39.10759 -1.73966
v 3.80870 39.10759 -2.19650
v 3.52778 39.10759 -2.62362
v 3.19917 39.10759 -3.01524
v 2.82732 39.10759 -3.36606
v 2.41726 39.10759 -3.67134
v 1.97453 39.10759 -3.92695
v 1.50511 39.10759 -4.12944
v 1.01537 39.10759 -4.27606
v 0.51191 39.10759 -4.36483
v 0.00156 39.10759 -4.39455
v -0.50880 39.10759 -4.36483
v -1.01226 39.10759 -4.27606
v -1.50200 39.10759 -4.12944
v -1.97142 39.10759 -3.92695
v -2.41415 39.10759 -3.67134
v -2.82421 39.10759 -3.36606
v -3.19606 39.10759 -3.01524
v -3.52467 39.10759 -2.62362
v -3.80559 39.10759 -2.19650
v -4.03502 39.10759 -1.73966
v -4.20987 39.10759 -1.25926
v -4.32777 39.10759 -0.76182
v -4.38712 39.10759 -0.25406
v -4.38712 39.10759 0.25717
v -4.32777 39.10759 0.76493
v -4.20987 39.10759 1.26237
v -4.03502 39.10759 1.74277
v -3.80559 39.10759 2.19961
v -3.52467 39.10759 2.62673
v -3.19606 39.10759 3.01835
v -2.82421 39.10759 3.36917
v -2.41415 39.10759 3.67445
v -1.97142 39.10759 3.93006
v -1.50200 39.10759 4.13255
v -1.01226 39.10759 4.27917
v -0.50880 39.10759 4.36794
v 0.00156 39.10759 4.39767
v 0.53963 35.70916 4.60506
v 1.07043 35.70916 4.51147
v 1.58677 35.70916 4.35689
v 2.08167 35.70916 4.14341
v 2.54845 35.70916 3.87392
v 2.98078 35.70916 3.55206
v 3.37282 35.70916 3.18218
v 3.71927 35.70916 2.76930
v 4.01545 35.70916 2.31898
v 4.25735 35.70916 1.83732
v 4.44169 35.70916 1.33085
v 4.56599 35.70916 0.80639
v 4.62856 35.70916 0.27105
v 4.62856 35.70916 -0.26794
v 4.56599 35.70916 -0.80328
v 4.44169 35.70916 -1.32773
v 4.25735 35.70916 -1.83421
v 4.01545 35.70916 -2.31587
v 3.71927 35.70916 -2.76618
v 3.37282 35.70916 -3.17907
v 2.98078 35.70916 -3.54895
v 2.54845 35.70916 -3.87080
v 2.08167 35.70916 -4.14030
v 1.58677 35.70916 -4.35378
v 1.07043 35.70916 -4.50836
v 0.53963 35.70916 -4.60195
v 0.00156 35.70916 -4.63329
v -0.53652 35.70916 -4.60195
v -1.06731 35.70916 -4.50836
v -1.58366 35.70916 -4.35378
v -2.07856 35.70916 -4.14030
v -2.54534 35.70916 -3.87080
v -2.97767 35.70916 -3.54895
v -3.36971 35.70916 -3.17907
v -3.71616 35.70916 -2.76618
v -4.01234 35.70916 -2.31587
v -4.25424 35.70916 -1.83421
v -4.43858 35.70916 -1.32773
v -4.56288 35.70916 -0.80328
v -4.62545 35.70916 -0.26794
v -4.62545 35.70916 0.27105
v -4.56288 35.70916 0.80639
v -4.43858 35.70916 1.33085
v -4.25424 35.70916 1.83732
v -4.01234 35.70916 2.31898
v -3.71616 35.70916 2.76930
v -3.36971 35.70916 3.18218
v -2.97767 35.70916 3.55206
v -2.54534 35.70916 3.87392
v -2.07856 35.70916 4.14341
v -1.58366 35.70916 4.35689
v -1.06731 35.70916 4.51147
v -0.53652 35.70916 4.60506
v 0.00156 35.70916 4.63640
v 0.58528 32.32512 4.99562
v 1.16110 32.32512 4.89408
v 1.72125 32.32512 4.72639
v 2.25814 32.32512 4.49479
v 2.76452 32.32512 4.20244
v 3.23353 32.32512 3.85327
v 3.65883 32.32512 3.45202
v 4.03468 32.32512 3.00410
v 4.35598 32.32512 2.51559
v 4.61840 32.32512 1.99307
v 4.81838 32.32512 1.44362
v 4.95323 32.32512 0.87467
v 5.02111 32.32512 0.29391
v 5.02111 32.32512 -0.29080
v 4.95323 32.32512 -0.87156
v 4.81838 32.32512 -1.44051
v 4.61840 32.32512 -1.98996
v 4.35598 32.32512 -2.51247
v 4.03468 32.32512 -3.00099
v 3.65883 32.32512 -3.44891
v 3.23353 32.32512 -3.85016
v 2.76452 32.32512 -4.19933
v 2.25814 32.32512 -4.49168
v 1.72125 32.32512 -4.72327
v 1.16110 32.32512 -4.89097
v 0.58528 32.32512 -4.99250
v 0.00156 32.32512 -5.02650
v -0.58217 32.32512 -4.99250
v -1.15799 32.32512 -4.89097
v -1.71814 32.32512 -4.72327
v -2.25503 32.32512 -4.49168
v -2.76141 32.32512 -4.19933
v -3.23042 32.32512 -3.85016
v -3.65572 32.32512 -3.44891
v -4.03157 32.32512 -3.00099
v -4.35287 32.32512 -2.51247
v -4.61529 32.32512 -1.98996
v -4.81527 32.32512 -1.44051
v -4.95012 32.32512 -0.87156
v -5.01800 32.32512 -0.29080
v -5.01800 32.32512 0.29391
v -4.95012 32.32512 0.87467
v -4.81527 32.32512 1.44362
v -4.61529 32.32512 1.99307
v -4.35287 32.32512 2.51559
v -4.03157 32.32512 3.00410
v -3.65572 32.32512 3.45202
v -3.23042 32.32512 3.85327
v -2.76141 32.32512 4.20244
v -2.25503 32.32512 4.49479
v -1.71814 32.32512 4.72639
v -1.15799 32.32512 4.89408
v -0.58217 32.32512 4.99562
v 0.00156 32.32512 5.02961
v 0.64876 28.96249 5.53878
v 1.28722 28.96249 5.42621
v 1.90829 28.96249 5.24027
v 2.50358 28.96249 4.98349
v 3.06503 28.96249 4.65934
v 3.58505 28.96249 4.27219
v 4.05661 28.96249 3.82730
v 4.47333 28.96249 3.33067
v 4.82958 28.96249 2.78902
v 5.12054 28.96249 2.20967
v 5.34227 28.96249 1.60046
v 5.49178 28.96249 0.96963
v 5.56705 28.96249 0.32571
v 5.56705 28.96249 -0.32260
v 5.49178 28.96249 -0.96652
v 5.34227 28.96249 -1.59735
v 5.12054 28.96249 -2.20656
v 4.82958 28.96249 -2.78591
v 4.47333 28.96249 -3.32756
v 4.05661 28.96249 -3.82419
v 3.58505 28.96249 -4.26908
v 3.06503 28.96249 -4.65622
v 2.50358 28.96249 -4.98038
v 1.90829 28.96249 -5.23716
v 1.28722 28.96249 -5.42310
v 0.64876 28.96249 -5.53567
v 0.00156 28.96249 -5.57337
v -0.64565 28.96249 -5.53567
v -1.28411 28.96249 -5.42310
v -1.90518 28.96249 -5.23716
v -2.50047 28.96249 -4.98038
v -3.06192 28.96249 -4.65622
v -3.58194 28.96249 -4.26908
v -4.05350 28.96249 -3.82419
v -4.47022 28.96249 -3.32756
v -4.82647 28.96249 -2.78591
v -5.11743 28.96249 -2.20656
v -5.33916 28.96249 -1.59735
v -5.48867 28.96249 -0.96652
v -5.56394 28.96249 -0.32260
v -5.56394 28.96249 0.32571
v -5.48867 28.96249 0.96963
v -5.33916 28.96249 1.60046
v -5.11743 28.96249 2.20967
v -4.82647 28.96249 2.78902
v -4.47022 28.96249 3.33067
v -4.05350 28.96249 3.82730
v -3.58194 28.96249 4.27219
v -3.06192 28.96249 4.65934
v -2.50047 28.96249 4.98349
v -1.90518 28.96249 5.24027
v -1.28411 28.96249 5.42621
v -0.64565 28.96249 5.53878
v 0.00156 28.96249 5.57648
v 0.72996 25.62824 6.23344
v 1.44851 25.62824 6.10674
v 2.14750 25.62824 5.89748
v 2.81746 25.62824 5.60848
v 3.44935 25.62824 5.24366
v 4.03460 25.62824 4.80796
v 4.56532 25.62824 4.30725
v 5.03433 25.62824 3.74831
v 5.43527 25.62824 3.13871
v 5.76273 25.62824 2.48668
v 6.01228 25.62824 1.80105
v 6.18054 25.62824 1.09108
v 6.26525 25.62824 0.36637
v 6.26525 25.62824 -0.36326
v 6.18054 25.62824 -1.08797
v 6.01228 25.62824 -1.79794
v 5.76273 25.62824 -2.48357
v 5.43527 25.62824 -3.13560
v 5.03433 25.62824 -3.74520
v 4.56532 25.62824 -4.30414
v 4.03460 25.62824 -4.80484
v 3.44935 25.62824 -5.24055
v 2.81746 25.62824 -5.60537
v 2.14750 25.62824 -5.89437
v 1.44851 25.62824 -6.10363
v 0.72996 25.62824 -6.23033
v 0.00156 25.62824 -6.27275
v -0.72685 25.62824 -6.23033
v -1.44540 25.62824 -6.10363
v -2.14438 25.62824 -5.89437
v -2.81435 25.62824 -5.60537
v -3.44623 25.62824 -5.24055
v -4.03149 25.62824 -4.80484
v -4.56221 25.62824 -4.30414
v -5.03121 25.62824 -3.74520
v -5.43216 25.62824 -3.13560
v -5.75962 25.62824 -2.48357
v -6.00917 25.62824 -1.79794
v -6.17743 25.62824 -1.08797
v -6.26214 25.62824 -0.36326
v -6.26214 25.62824 0.36637
v -6.17743 25.62824 1.09108
v -6.00917 25.62824 1.80105
v -5.75962 25.62824 2.48668
v -5.43216 25.62824 3.13871
v -5.03121 25.62824 3.74831
v -4.56221 25.62824 4.30725
v -4.03149 25.62824 4.80796
v -3.44623 25.62824 5.24366
v -2.81435 25.62824 5.60848
v -2.14438 25.62824 5.89748
v -1.44540 25.62824 6.10674
v -0.72685 25.62824 6.23344
v 0.00156 25.62824 6.27586
v 0.82869 22.32929 7.07815
v 1.64464 22.32929 6.93427
v 2.43837 22.32929 6.69665
v 3.19914 22.32929 6.36848
v 3.91668 22.32929 5.95421
v 4.58127 22.32929 5.45944
v 5.18392 22.32929 4.89087
v 5.71650 22.32929 4.25617
v 6.17178 22.32929 3.56394
v 6.54363 22.32929 2.82353
v 6.82701 22.32929 2.04496
v 7.01808 22.32929 1.23876
v 7.11427 22.32929 0.41582
v 7.11427 22.32929 -0.41271
v 7.01808 22.32929 -1.23565
v 6.82701 22.32929 -2.04185
v 6.54363 22.32929 -2.82042
v 6.17178 22.32929 -3.56083
v 5.71650 22.32929 -4.25306
v 5.18392 22.32929 -4.88776
v 4.58127 22.32929 -5.45633
v 3.91668 22.32929 -5.95110
v 3.19914 22.32929 -6.36537
v 2.43837 22.32929 -6.69354
v 1.64464 22.32929 -6.93116
v 0.82869 22.32929 -7.07504
v 0.00156 22.32929 -7.12321
v -0.82558 22.32929 -7.07504
v -1.64153 22.32929 -6.93116
v -2.43526 22.32929 -6.69354
v -3.19603 22.32929 -6.36537
v -3.91357 22.32929 -5.95110
v -4.57816 22.32929 -5.45633
v -5.18081 22.32929 -4.88776
v -5.71339 22.32929 -4.25306
v -6.16867 22.32929 -3.56083
v -6.54052 22.32929 -2.82042
v -6.82390 22.32929 -2.04185
v -7.01497 22.32929 -1.23565
v -7.11116 22.32929 -0.41271
v -7.11116 22.32929 0.41582
v -7.01497 22.32929 1.23876
v -6.82390 22.32929 2.04496
v -6.54052 22.32929 2.82353
v -6.16867 22.32929 3.56394
v -5.71339 22.32929 4.25617
v -5.18081 22.32929 4.89087
v -4.57816 22.32929 5.45944
v -3.91357 22.32929 5.95421
v -3.19603 22.32929 6.36848
v -2.43526 22.32929 6.69665
v -1.64153 22.32929 6.93427
v -0.82558 22.32929 7.07815
v 0.00156 22.32929 7.12632
v 0.94476 19.07248 8.07115
v 1.87520 19.07248 7.90709
v 2.78031 19.07248 7.63612
v 3.64784 19.07248 7.26190
v 4.46606 19.07248 6.78950
v 5.22390 19.07248 6.22531
v 5.91113 19.07248 5.57695
v 6.51843 19.07248 4.85319
v 7.03761 19.07248 4.06382
v 7.46163 19.07248 3.21952
v 7.78477 19.07248 2.33170
v 8.00266 19.07248 1.41237
v 8.11234 19.07248 0.47396
v 8.11234 19.07248 -0.47084
v 8.00266 19.07248 -1.40925
v 7.78477 19.07248 -2.32859
v 7.46163 19.07248 -3.21641
v 7.03761 19.07248 -4.06071
v 6.51843 19.07248 -4.85008
v 5.91113 19.07248 -5.57384
v 5.22390 19.07248 -6.22220
v 4.46606 19.07248 -6.78639
v 3.64784 19.07248 -7.25879
v 2.78031 19.07248 -7.63301
v 1.87520 19.07248 -7.90398
v 0.94476 19.07248 -8.06804
v 0.00156 19.07248 -8.12298
v -0.94165 19.07248 -8.06804
v -1.87209 19.07248 -7.90398
v -2.77720 19.07248 -7.63301
v -3.64473 19.07248 -7.25879
v -4.46295 19.07248 -6.78639
v -5.22079 19.07248 -6.22220
v -5.90801 19.07248 -5.57384
v -6.51532 19.07248 -4.85008
v -7.03449 19.07248 -4.06071
v -7.45852 19.07248 -3.21641
v -7.78166 19.07248 -2.32859
v -7.99955 19.07248 -1.40925
v -8.10923 19.07248 -0.47084
v -8.10923 19.07248 0.47396
v -7.99955 19.07248 1.41237
v -7.78166 19.07248 2.33170
v -7.45852 19.07248 3.21952
v -7.03449 19.07248 4.06382
v -6.51532 19.07248 4.85319
v -5.90801 19.07248 5.57695
v -5.22079 19.07248 6.22531
v -4.46295 19.07248 6.78950
v -3.64473 19.07248 7.26190
v -2.77720 19.07248 7.63612
v -1.87209 19.07248 7.90709
v -0.94165 19.07248 8.07115
v 0.00156 19.07248 8.12609
v 1.07791 15.86456 9.21039
v 2.13972 15.86456 9.02317
v 3.17261 15.86456 8.71394
v 4.16261 15.86456 8.28690
v 5.09634 15.86456 7.74781
v 5.96118 15.86456 7.10396
v 6.74542 15.86456 6.36407
v 7.43847 15.86456 5.53813
v 8.03094 15.86456 4.63732
v 8.51482 15.86456 3.67382
v 8.88358 15.86456 2.66066
v 9.13223 15.86456 1.61154
v 9.25740 15.86456 0.54065
v 9.25740 15.86456 -0.53754
v 9.13223 15.86456 -1.60843
v 8.88358 15.86456 -2.65755
v 8.51482 15.86456 -3.67071
v 8.03094 15.86456 -4.63421
v 7.43847 15.86456 -5.53502
v 6.74542 15.86456 -6.36095
v 5.96118 15.86456 -7.10085
v 5.09634 15.86456 -7.74470
v 4.16261 15.86456 -8.28379
v 3.17261 15.86456 -8.71083
v 2.13972 15.86456 -9.02006
v 1.07791 15.86456 -9.20728
v 0.00156 15.86456 -9.26997
v -1.07480 15.86456 -9.20728
v -2.13661 15.86456 -9.02006
v -3.16949 15.86456 -8.71083
v -4.15950 15.86456 -8.28379
v -5.09323 15.86456 -7.74470
v -5.95807 15.86456 -7.10085
v -6.74231 15.86456 -6.36095
v -7.43535 15.86456 -5.53502
v -8.02783 15.86456 -4.63421
v -8.51171 15.86456 -3.67071
v -8.88047 15.86456 -2.65755
v -9.12912 15.86456 -1.60843
v -9.25429 15.86456 -0.53754
v -9.25429 15.86456 0.54065
v -9.12912 15.86456 1.61154
v -8.88047 15.86456 2.66066
v -8.51171 15.86456 3.67382
v -8.02783 15.86456 4.63732
v -7.43535 15.86456 5.53813
v -6.74231 15.86456 6.36407
v -5.95807 15.86456 7.10396
v -5.09323 15.86456 7.74781
v -4.15950 15.86456 8.28690
v -3.16949 15.86456 8.71394
v -2.13661 15.86456 9.02317
v -1.07480 15.86456 9.21039
v 0.00156 15.86456 9.27309
v 1.22789 12.71219 10.49351
v 2.43764 12.71219 10.28020
v 3.61445 12.71219 9.92789
v 4.74239 12.71219 9.44134
v 5.80623 12.71219 8.82713
v 6.79157 12.71219 8.09358
v 7.68508 12.71219 7.25059
v 8.47469 12.71219 6.30957
v 9.14971 12.71219 5.28325
v 9.70103 12.71219 4.18550
v 10.12117 12.71219 3.03117
v 10.40446 12.71219 1.83587
v 10.54707 12.71219 0.61576
v 10.54707 12.71219 -0.61265
v 10.40446 12.71219 -1.83276
v 10.12117 12.71219 -3.02806
v 9.70103 12.71219 -4.18239
v 9.14971 12.71219 -5.28014
v 8.47469 12.71219 -6.30646
v 7.68508 12.71219 -7.24748
v 6.79157 12.71219 -8.09047
v 5.80623 12.71219 -8.82402
v 4.74239 12.71219 -9.43823
v 3.61445 12.71219 -9.92478
v 2.43764 12.71219 -10.27709
v 1.22789 12.71219 -10.49040
v 0.00156 12.71219 -10.56183
v -1.22478 12.71219 -10.49040
v -2.43453 12.71219 -10.27709
v -3.61133 12.71219 -9.92478
v -4.73928 12.71219 -9.43823
v -5.80312 12.71219 -8.82402
v -6.78846 12.71219 -8.09047
v -7.68197 12.71219 -7.24748
v -8.47158 12.71219 -6.30646
v -9.14660 12.71219 -5.28014
v -9.69791 12.71219 -4.18239
v -10.11806 12.71219 -3.02806
v -10.40135 12.71219 -1.83276
v -10.54396 12.71219 -0.61265
v -10.54396 12.71219 0.61576
v -10.40135 12.71219 1.83587
v -10.11806 12.71219 3.03117
v -9.69791 12.71219 4.18550
v -9.14660 12.71219 5.28325
v -8.47158 12.71219 6.30957
v -7.68197 12.71219 7.25059
v -6.78846 12.71219 8.09358
v -5.80312 12.71219 8.82713
v -4.73928 12.71219 9.44134
v -3.61133 12.71219 9.92789
v -2.43453 12.71219 10.28020
v -1.22478 12.71219 10.49351
v 0.00156 12.71219 10.56494
v 0.84315 56.01394 5.72012
v 3.85877 56.01394 4.30646
v 5.32131 56.01394 2.26221
v 5.59377 56.01394 1.46355
v 5.68557 56.01394 -1.04834
v 5.47213 56.01394 -1.86475
v 4.16272 56.01394 -4.01031
v 3.53424 56.01394 -4.57343
v 1.25834 56.01394 -5.64033
v 0.42348 56.01394 -5.76319
v -2.06330 56.01394 -5.39721
v -4.69939 56.01394 -3.36169
v -5.77475 56.01394 -0.20955
v -4.93235 56.01394 3.01268
v -2.45187 56.01394 5.23520
v 2.22447 58.83268 6.29424
v 1.92877 58.83268 6.40733
v 1.99132 58.68886 6.61526
v 3.25522 58.83268 5.82595
v 2.84092 58.83268 6.05847
v 2.93308 58.68886 6.25507
v 4.19403 58.83268 5.19328
v 3.69255 58.83268 5.58051
v 3.81236 58.68886 5.76160
v 6.35796 58.68886 2.70274
v 6.15812 58.83268 2.61781
v 5.71159 58.83268 3.48634
v 6.20069 58.83268 2.49305
v 6.66722 58.83268 0.28482
v 6.65083 58.83268 0.73318
v 6.86666 58.68886 0.75693
v 6.62009 58.83268 -0.84628
v 6.68650 58.83268 -0.24276
v 6.90349 58.68886 -0.25069
v 5.61857 58.68886 -4.01708
v 5.44198 58.83268 -3.89074
v 5.95073 58.83268 -3.05712
v 5.37453 58.83268 -3.97179
v 3.73779 58.83268 -5.52607
v 4.08994 58.83268 -5.29309
v 4.22265 58.68886 -5.46495
v 2.74963 58.83268 -6.07844
v 3.27547 58.83268 -5.83194
v 3.38174 58.68886 -6.02129
v -0.50259 58.68886 -6.88656
v -0.48674 58.83268 -6.67000
v 0.48985 58.83268 -6.67000
v -0.56497 58.83268 -6.65849
v -2.74652 58.83268 -6.07844
v -2.38811 58.83268 -6.24646
v -2.46567 58.68886 -6.44926
v -3.73468 58.83268 -5.52607
v -3.27236 58.83268 -5.83194
v -3.37863 58.68886 -6.02129
v -6.14072 58.68886 -3.15641
v -5.94762 58.83268 -3.05712
v -5.43887 58.83268 -3.89074
v -5.96823 58.83268 -3.00861
v -6.61698 58.83268 -0.84628
v -6.57658 58.83268 -1.21349
v -6.79010 58.68886 -1.25293
v -6.66411 58.83268 0.28482
v -6.68339 58.83268 -0.24276
v -6.90038 58.68886 -0.25069
v -5.89382 58.68886 3.59945
v -5.70847 58.83268 3.48634
v -6.15501 58.83268 2.61781
v -5.69314 58.83268 3.50777
v -4.19092 58.83268 5.19328
v -4.46241 58.83268 4.98364
v -4.60731 58.68886 5.14535
v -3.25211 58.83268 5.82595
v -3.68944 58.83268 5.58051
v -3.80925 58.68886 5.76160
v 0.00156 58.68886 6.90809
v 0.00156 58.83268 6.69096
v -0.97243 58.83268 6.61968
v -1.00405 58.68886 6.83449
v -1.12685 58.83268 6.58528
v -1.92566 58.83268 6.40733
v -1.98821 58.68886 6.61526
v -2.22136 58.83268 6.29424
v -2.83781 58.83268 6.05847
v -2.92997 58.68886 6.25507
v -5.01212 58.83268 4.41348
v -5.30714 58.68886 4.41948
v -5.14024 58.83268 4.28059
v -6.35485 58.68886 2.70274
v -6.19758 58.83268 2.49305
v -6.47034 58.83268 1.69353
v -6.68041 58.68886 1.74845
v -6.52305 58.83268 1.40817
v -6.64772 58.83268 0.73318
v -6.86355 58.68886 0.75693
v -6.38293 58.83268 -1.95420
v -6.53507 58.68886 -2.22843
v -6.32956 58.83268 -2.15832
v -5.61546 58.68886 -4.01708
v -5.37142 58.83268 -3.97179
v -4.81417 58.83268 -4.64139
v -4.97049 58.68886 -4.79210
v -4.61771 58.83268 -4.81742
v -4.08683 58.83268 -5.29309
v -4.21954 58.68886 -5.46495
v -1.68024 58.83268 -6.45942
v -1.50014 58.68886 -6.73975
v -1.45292 58.83268 -6.52781
v 0.50570 58.68886 -6.88656
v 0.56808 58.83268 -6.65849
v 1.45603 58.83268 -6.52781
v 1.50324 58.68886 -6.73975
v 1.68335 58.83268 -6.45942
v 2.39122 58.83268 -6.24646
v 2.46878 58.68886 -6.44926
v 4.62082 58.83268 -4.81742
v 4.97360 58.68886 -4.79210
v 4.81728 58.83268 -4.64139
v 6.14383 58.68886 -3.15641
v 5.97134 58.83268 -3.00861
v 6.33267 58.83268 -2.15832
v 6.53818 58.68886 -2.22843
v 6.38604 58.83268 -1.95420
v 6.57969 58.83268 -1.21349
v 6.79321 58.68886 -1.25293
v 6.52616 58.83268 1.40817
v 6.68352 58.68886 1.74845
v 6.47345 58.83268 1.69353
v 5.89693 58.68886 3.59945
v 5.69625 58.83268 3.50777
v 5.14335 58.83268 4.28059
v 5.31025 58.68886 4.41948
v 5.01522 58.83268 4.41348
v 4.46552 58.83268 4.98364
v 4.61042 58.68886 5.14535
v 1.12996 58.83268 6.58528
v 1.00715 58.68886 6.83449
v 0.97554 58.83268 6.61968
v -0.84004 56.01394 5.72012
v -5.76928 58.50979 -4.12712
v -6.30892 58.50979 -3.24288
v -6.44719 58.30084 -3.31397
v -6.86121 58.30084 -2.33970
v -6.97211 58.06824 -2.37753
v -7.24419 58.06824 -1.33680
v -7.31832 57.81894 -1.35049
v -7.43717 57.81894 -0.27030
v -7.46847 57.56038 -0.27145
v -7.42862 57.56038 0.81911
v -7.41504 57.30029 0.81761
v -7.21719 57.30029 1.88878
v -7.16084 57.04644 1.87405
v -6.81188 57.04644 2.89695
v -6.71885 56.80640 2.85742
v -6.23142 56.80640 3.80549
v -6.11115 56.58736 3.73209
v -5.50284 56.58736 4.58235
v -5.36717 56.39584 4.46944
v -4.65943 56.39584 5.20352
v -4.52140 56.23758 5.04947
v -3.73822 56.23758 5.65422
v -3.61075 56.11729 5.46157
v -2.77728 56.11729 5.92934
v -2.67190 56.03857 5.70455
v -1.81305 56.03857 6.03303
v -1.73868 56.00377 5.78586
v -0.87794 56.00377 5.97760
v 0.00156 56.01394 5.78172
v -1.66371 56.01394 5.53665
v -5.10664 58.50979 -4.92337
v -5.89572 58.30084 -4.21759
v -6.55140 58.06824 -3.36755
v -7.04345 57.81894 -2.40187
v -7.34912 57.56038 -1.35618
v -7.45483 57.30029 -0.27095
v -7.35715 57.04644 0.81124
v -7.06305 56.80640 1.84849
v -6.58918 56.58736 2.80232
v -5.96049 56.39584 3.64014
v -5.20818 56.23758 4.33713
v -4.36724 56.11729 4.87743
v -3.47377 56.03857 5.25451
v -2.56234 56.00377 5.47084
v -4.33513 58.50979 -5.61464
v -5.21857 58.30084 -5.03127
v -5.99102 58.06824 -4.28577
v -6.61843 57.81894 -3.40202
v -7.07310 57.56038 -2.41198
v -7.33569 57.30029 -1.35370
v -7.39663 57.04644 -0.26882
v -7.25668 56.80640 0.80019
v -6.92674 56.58736 1.81285
v -6.42674 56.39584 2.73328
v -5.78393 56.23758 3.53239
v -5.03062 56.11729 4.18936
v -4.20157 56.03857 4.69252
v -3.33135 56.00377 5.03925
v -3.47119 58.50979 -6.18622
v -4.43015 58.30084 -5.73770
v -5.30292 58.06824 -5.11260
v -6.05232 57.81894 -4.32962
v -6.64629 57.56038 -3.41634
v -7.06017 57.30029 -2.40757
v -7.27842 57.04644 -1.34312
v -7.29562 56.80640 -0.26513
v -7.11663 56.58736 0.78478
v -6.75597 56.39584 1.76821
v -6.23637 56.23758 2.65238
v -5.58674 56.11729 3.41204
v -4.83979 56.03857 4.03055
v -4.02933 56.00377 4.50029
v -3.18775 56.01394 4.82220
v -3.85566 56.01394 4.30646
v -2.53324 58.50979 -6.62591
v -3.54728 58.30084 -6.32180
v -4.50177 58.06824 -5.83044
v -5.35718 57.81894 -5.16492
v -6.07780 57.56038 -4.34785
v -6.63414 57.30029 -3.41009
v -7.00505 57.04644 -2.38877
v -7.17903 56.80640 -1.32476
v -7.15482 56.58736 -0.25998
v -6.94119 56.39584 0.76547
v -6.55586 56.23758 1.71589
v -6.02376 56.11729 2.56204
v -5.37482 56.03857 3.28271
v -4.64139 56.00377 3.86545
v -4.44135 56.01394 3.69897
v -1.54126 58.50979 -6.92436
v -2.58878 58.30084 -6.77113
v -3.60463 58.06824 -6.42398
v -4.54783 57.81894 -5.89010
v -5.37974 57.56038 -5.18666
v -6.06669 57.30029 -4.33990
v -6.58235 57.04644 -3.38346
v -6.90939 56.80640 -2.35613
v -7.04047 56.58736 -1.29917
v -6.97843 56.39584 -0.25354
v -6.73558 56.23758 0.74285
v -6.33236 56.11729 1.65746
v -5.79527 56.03857 2.46494
v -5.15450 56.00377 3.14825
v -0.51640 58.50979 -7.07518
v -1.57506 58.30084 -7.07611
v -2.63063 58.06824 -6.88057
v -3.64152 57.81894 -6.48971
v -4.56698 57.56038 -5.91489
v -5.36990 57.30029 -5.17718
v -6.01933 57.04644 -4.30602
v -6.49246 56.80640 -3.33725
v -6.77604 56.58736 -2.31064
v -6.86690 56.39584 -1.26711
v -6.77172 56.23758 -0.24598
v -6.50596 56.11729 0.71759
v -6.09217 56.03857 1.59466
v -5.55772 56.00377 2.36399
v -5.31820 56.01394 2.26221
v 0.51951 58.50979 -7.07518
v -0.52774 58.30084 -7.23024
v -1.60054 58.06824 -7.19048
v -2.65756 57.81894 -6.95097
v -3.65685 57.56038 -6.51703
v -4.55863 57.30029 -5.90408
v -5.32798 57.04644 -5.13676
v -5.93712 56.80640 -4.24720
v -6.36716 56.58736 -3.27283
v -6.60899 56.39584 -2.25365
v -6.66350 56.23758 -1.22954
v -6.54087 56.11729 -0.23755
v -6.25919 56.03857 0.69043
v -5.84245 56.00377 1.52938
v -5.59066 56.01394 1.46355
v 1.54437 58.50979 -6.92436
v 0.53086 58.30084 -7.23024
v -0.53630 58.06824 -7.34710
v -1.61693 57.81894 -7.26405
v -2.66875 57.56038 -6.98023
v -3.65017 57.30029 -6.50512
v -4.52304 57.04644 -5.85799
v -5.25521 56.80640 -5.06661
v -5.82253 56.58736 -4.16522
v -6.21018 56.39584 -3.19212
v -6.41322 56.23758 -2.18686
v -6.43634 56.11729 -1.18758
v -6.29277 56.03857 -0.22848
v -6.00262 56.00377 0.66220
v -5.74394 56.01394 0.63374
v 2.53635 58.50979 -6.62591
v 1.57817 58.30084 -7.07611
v 0.53941 58.06824 -7.34710
v -0.54180 57.81894 -7.42228
v -1.62374 57.56038 -7.29463
v -2.66387 57.30029 -6.96747
v -3.62166 57.04644 -6.45433
v -4.46126 56.80640 -5.77799
v -5.15378 56.58736 -4.96881
v -5.67898 56.39584 -4.06252
v -6.02623 56.23758 -3.09754
v -6.19459 56.11729 -2.11228
v -6.19220 56.03857 -1.14249
v -6.03483 56.00377 -0.21905
v 3.47430 58.50979 -6.18622
v 2.59189 58.30084 -6.77113
v 1.60365 58.06824 -7.19048
v 0.54491 57.81894 -7.42228
v -0.54409 57.56038 -7.45352
v -1.62077 57.30029 -7.28130
v -2.64307 57.04644 -6.91308
v -3.57220 56.80640 -6.36619
v -4.37515 56.58736 -5.66647
v -5.02671 56.39584 -4.84631
v -5.51076 56.23758 -3.94217
v -5.82078 56.11729 -2.99192
v -5.95962 56.03857 -2.03212
v -5.93838 56.00377 -1.09561
v -5.68246 56.01394 -1.04834
v 4.33824 58.50979 -5.61464
v 3.55039 58.30084 -6.32180
v 2.63375 58.06824 -6.88057
v 1.62004 57.81894 -7.26405
v 0.54720 57.56038 -7.45352
v -0.54309 57.30029 -7.43990
v -1.60811 57.04644 -7.22445
v -2.60696 56.80640 -6.81867
v -3.50324 56.58736 -6.24332
v -4.26728 56.39584 -5.52677
v -4.87781 56.23758 -4.70274
v -5.32289 56.11729 -3.80776
v -5.59999 56.03857 -2.87840
v -5.71533 56.00377 -1.94878
v -5.46902 56.01394 -1.86475
v 5.10975 58.50979 -4.92337
v 4.43326 58.30084 -5.73770
v 3.60774 58.06824 -6.42398
v 2.66067 57.81894 -6.95097
v 1.62685 57.56038 -7.29463
v 0.54620 57.30029 -7.43990
v -0.53884 57.04644 -7.38182
v -1.58613 56.80640 -7.12579
v -2.55663 56.58736 -6.68707
v -3.41685 56.39584 -6.08940
v -4.14086 56.23758 -5.36305
v -4.71150 56.11729 -4.54241
v -5.12097 56.03857 -3.66330
v -5.37044 56.00377 -2.76038
v -5.13899 56.01394 -2.64138
v 5.77239 58.50979 -4.12712
v 5.22168 58.30084 -5.03127
v 4.50488 58.06824 -5.83044
v 3.64463 57.81894 -6.48971
v 2.67186 57.56038 -6.98023
v 1.62388 57.30029 -7.28130
v 0.54195 57.04644 -7.38182
v -0.53146 56.80640 -7.28101
v -1.55549 56.58736 -6.98827
v -2.49358 56.39584 -6.52221
v -3.31562 56.23758 -5.90902
v -3.99967 56.11729 -5.18021
v -4.53278 56.03857 -4.37009
v -4.91105 56.00377 -3.51311
v 6.31203 58.50979 -3.24288
v 5.89883 58.30084 -4.21759
v 5.30603 58.06824 -5.11260
v 4.55094 57.81894 -5.89010
v 3.65996 57.56038 -6.51703
v 2.66698 57.30029 -6.96747
v 1.61122 57.04644 -7.22445
v 0.53457 56.80640 -7.28101
v -0.52118 56.58736 -7.14049
v -1.51712 56.39584 -6.81599
v -2.41968 56.23758 -6.32902
v -3.20256 56.11729 -5.70757
v -3.84794 56.03857 -4.98371
v -4.34696 56.00377 -4.19094
v -4.15961 56.01394 -4.01031
v 6.71718 58.50979 -2.28950
v 6.45030 58.30084 -3.31397
v 5.99413 58.06824 -4.28577
v 5.36029 57.81894 -5.16492
v 4.57009 57.56038 -5.91489
v 3.65328 57.30029 -6.50512
v 2.64618 57.04644 -6.91308
v 1.58924 56.80640 -7.12579
v 0.52429 56.58736 -7.14049
v -0.50829 56.39584 -6.96446
v -1.47214 56.23758 -6.61409
v -2.33716 56.11729 -6.11326
v -3.08106 56.03857 -5.49107
v -3.69019 56.00377 -4.77941
v -3.53113 56.01394 -4.57343
v 6.97919 58.50979 -1.28728
v 6.86432 58.30084 -2.33970
v 6.55451 58.06824 -3.36755
v 6.05543 57.81894 -4.32962
v 5.38285 57.56038 -5.18666
v 4.56174 57.30029 -5.90408
v 3.62478 57.04644 -6.45433
v 2.61007 56.80640 -6.81867
v 1.55861 56.58736 -6.98827
v 0.51140 56.39584 -6.96446
v -0.49319 56.23758 -6.75816
v -1.42192 56.11729 -6.38861
v -2.24847 56.03857 -5.88137
v -2.95473 56.00377 -5.26599
v -2.82736 56.01394 -5.03903
v 7.09249 58.50979 -0.25759
v 7.13208 58.30084 -1.31552
v 6.97522 58.06824 -2.37753
v 6.62154 57.81894 -3.40202
v 6.08091 57.56038 -4.34785
v 5.37301 57.30029 -5.17718
v 4.52615 57.04644 -5.85799
v 3.57531 56.80640 -6.36619
v 2.55974 56.58736 -6.68707
v 1.52023 56.39584 -6.81599
v 0.49630 56.23758 -6.75816
v -0.47633 56.11729 -6.52777
v -1.36793 56.03857 -6.14629
v -2.15627 56.00377 -5.64029
v 7.05466 58.50979 0.77762
v 7.24786 58.30084 -0.26327
v 7.24730 58.06824 -1.33680
v 7.04656 57.81894 -2.40187
v 6.64940 57.56038 -3.41634
v 6.06980 57.30029 -4.33990
v 5.33109 57.04644 -5.13676
v 4.46437 56.80640 -5.77799
v 3.50635 56.58736 -6.24332
v 2.49669 56.39584 -6.52221
v 1.47525 56.23758 -6.61409
v 0.47944 56.11729 -6.52777
v -0.45821 56.03857 -6.28017
v -1.31181 56.00377 -5.89435
v -1.25523 56.01394 -5.64033
v 6.86650 58.50979 1.79629
v 7.20920 58.30084 0.79462
v 7.36496 58.06824 -0.26755
v 7.32143 57.81894 -1.35049
v 7.07621 57.56038 -2.41198
v 6.63726 57.30029 -3.41009
v 6.02244 57.04644 -4.30602
v 5.25832 56.80640 -5.06661
v 4.37826 56.58736 -5.66647
v 3.41996 56.39584 -6.08940
v 2.42279 56.23758 -6.32902
v 1.42503 56.11729 -6.38861
v 0.46132 56.03857 -6.28017
v -0.43937 56.00377 -6.02275
v -0.42037 56.01394 -5.76319
v 6.53203 58.50979 2.77671
v 7.01692 58.30084 1.83561
v 7.32567 58.06824 0.80744
v 7.44028 57.81894 -0.27030
v 7.35223 57.56038 -1.35618
v 7.06328 57.30029 -2.40757
v 6.58546 57.04644 -3.38346
v 5.94023 56.80640 -4.24720
v 5.15689 56.58736 -4.96881
v 4.27039 56.39584 -5.52677
v 3.31873 56.23758 -5.90902
v 2.34027 56.11729 -6.11326
v 1.37104 56.03857 -6.14629
v 0.44248 56.00377 -6.02275
v 6.05837 58.50979 3.69798
v 6.67512 58.30084 2.83751
v 7.13028 58.06824 1.86525
v 7.40059 57.81894 0.81568
v 7.47159 57.56038 -0.27145
v 7.33880 57.30029 -1.35370
v 7.00816 57.04644 -2.38877
v 6.49557 56.80640 -3.33725
v 5.82565 56.58736 -4.16522
v 5.02983 56.39584 -4.84631
v 4.14397 56.23758 -5.36305
v 3.20567 56.11729 -5.70757
v 2.25158 56.03857 -5.88137
v 1.31492 56.00377 -5.89435
v 5.45562 58.50979 4.54046
v 6.19108 58.30084 3.77897
v 6.78296 58.06824 2.88334
v 7.20321 57.81894 1.88431
v 7.43173 57.56038 0.81911
v 7.45794 57.30029 -0.27095
v 7.28153 57.04644 -1.34312
v 6.91250 56.80640 -2.35613
v 6.37027 56.58736 -3.27283
v 5.68209 56.39584 -4.06252
v 4.88092 56.23758 -4.70274
v 4.00278 56.11729 -5.18021
v 3.08417 56.03857 -5.49107
v 2.15938 56.00377 -5.64029
v 2.06641 56.01394 -5.39721
v 4.73663 58.50979 5.28621
v 5.57513 58.30084 4.63991
v 6.29110 58.06824 3.84001
v 6.85233 57.81894 2.91282
v 7.23351 57.56038 1.89224
v 7.41815 57.30029 0.81761
v 7.39974 57.04644 -0.26882
v 7.18214 56.80640 -1.32476
v 6.77915 56.58736 -2.31064
v 6.21329 56.39584 -3.19212
v 5.51387 56.23758 -3.94217
v 4.71462 56.11729 -4.54241
v 3.85105 56.03857 -4.98371
v 2.95784 56.00377 -5.26599
v 2.83047 56.01394 -5.03903
v 3.91672 58.50979 5.91933
v 4.84038 58.30084 5.40200
v 5.66519 58.06824 4.71487
v 6.35544 57.81894 3.87927
v 6.88116 57.56038 2.92507
v 7.22030 57.30029 1.88878
v 7.36026 57.04644 0.81124
v 7.29873 56.80640 -0.26513
v 7.04359 56.58736 -1.29917
v 6.61210 56.39584 -2.25365
v 6.02934 56.23758 -3.09754
v 5.32600 56.11729 -3.80776
v 4.53589 56.03857 -4.37009
v 3.69330 56.00377 -4.77941
v 3.01336 58.50979 6.42632
v 4.00250 58.30084 6.04899
v 4.91857 58.06824 5.48927
v 5.72313 57.81894 4.76308
v 6.38218 57.56038 3.89559
v 6.86859 57.30029 2.91973
v 7.16395 57.04644 1.87405
v 7.25979 56.80640 0.80019
v 7.15793 56.58736 -0.25998
v 6.87001 56.39584 -1.26711
v 6.41633 56.23758 -2.18686
v 5.82389 56.11729 -2.99192
v 5.12408 56.03857 -3.66330
v 4.35007 56.00377 -4.19094
v 2.04581 58.50979 6.79637
v 3.07935 58.30084 6.56709
v 4.06715 58.06824 6.14672
v 4.96887 57.81894 5.54541
v 5.74721 57.56038 4.78312
v 6.37052 57.30029 3.88848
v 6.81499 57.04644 2.89695
v 7.06616 56.80640 1.84849
v 7.11975 56.58736 0.78478
v 6.98154 56.39584 -0.25354
v 6.66661 56.23758 -1.22954
v 6.19770 56.11729 -2.11228
v 5.60310 56.03857 -2.87840
v 4.91416 56.00377 -3.51311
v 4.70251 56.01394 -3.36169
v 1.03469 58.50979 7.02161
v 2.09060 58.30084 6.94525
v 3.12909 58.06824 6.67318
v 4.10874 57.81894 6.20958
v 4.98978 57.56038 5.56874
v 5.73671 57.30029 4.77438
v 6.32081 57.04644 3.85814
v 6.72196 56.80640 2.85742
v 6.92985 56.58736 1.81285
v 6.94430 56.39584 0.76547
v 6.77483 56.23758 -0.24598
v 6.43945 56.11729 -1.18758
v 5.96273 56.03857 -2.03212
v 5.37355 56.00377 -2.76038
v 5.14210 56.01394 -2.64138
v 0.00156 58.50979 7.09722
v 1.05733 58.30084 7.17542
v 2.12436 58.06824 7.05746
v 3.16108 57.81894 6.74143
v 4.12603 57.56038 6.23570
v 4.98066 57.30029 5.55857
v 5.69194 57.04644 4.73713
v 6.23453 56.80640 3.80549
v 6.59229 56.58736 2.80232
v 6.75909 56.39584 1.76821
v 6.73870 56.23758 0.74285
v 6.54398 56.11729 -0.23755
v 6.19531 56.03857 -1.14249
v 5.71845 56.00377 -1.94878
v -1.03158 58.50979 7.02161
v 0.00156 58.30084 7.25270
v 1.07439 58.06824 7.29135
v 2.14608 57.81894 7.12964
v 3.17438 57.56038 6.76980
v 4.11849 57.30029 6.22431
v 4.94180 57.04644 5.51519
v 5.61425 56.80640 4.67248
v 6.11426 56.58736 3.73209
v 6.42985 56.39584 2.73328
v 6.55897 56.23758 1.71589
v 6.50908 56.11729 0.71759
v 6.29588 56.03857 -0.22848
v 5.94149 56.00377 -1.09561
v -2.04270 58.50979 6.79637
v -1.05422 58.30084 7.17542
v 0.00156 58.06824 7.36987
v 1.08537 57.81894 7.36592
v 2.15510 57.56038 7.15964
v 3.16858 57.30029 6.75743
v 4.08636 57.04644 6.17574
v 4.87435 56.80640 5.43992
v 5.50595 56.58736 4.58235
v 5.96360 56.39584 3.64014
v 6.23948 56.23758 2.65238
v 6.33547 56.11729 1.65746
v 6.26230 56.03857 0.69043
v 6.03794 56.00377 -0.21905
v 5.77786 56.01394 -0.20955
v -3.01025 58.50979 6.42632
v -2.08749 58.30084 6.94525
v -1.07128 58.06824 7.29135
v 0.00156 57.81894 7.44525
v 1.08993 57.56038 7.39691
v 2.15117 57.30029 7.14656
v 3.14386 57.04644 6.70470
v 4.03059 56.80640 6.09144
v 4.78033 56.58736 5.33498
v 5.37028 56.39584 4.46944
v 5.78704 56.23758 3.53239
v 6.02687 56.11729 2.56204
v 6.09528 56.03857 1.59466
v 6.00573 56.00377 0.66220
v 5.74705 56.01394 0.63374
v -3.91361 58.50979 5.91933
v -3.07624 58.30084 6.56709
v -2.12125 58.06824 7.05746
v -1.08225 57.81894 7.36592
v 0.00156 57.56038 7.47657
v 1.08794 57.30029 7.38340
v 2.13439 57.04644 7.09079
v 3.10096 56.80640 6.61318
v 3.95285 56.58736 5.97394
v 4.66254 56.39584 5.20352
v 5.21129 56.23758 4.33713
v 5.58985 56.11729 3.41204
v 5.79838 56.03857 2.46494
v 5.84556 56.00377 1.52938
v -4.73352 58.50979 5.28621
v -3.99939 58.30084 6.04899
v -3.12598 58.06824 6.67318
v -2.14297 57.81894 7.12964
v -1.08682 57.56038 7.39691
v 0.00156 57.30029 7.46291
v 1.07946 57.04644 7.32578
v 2.10527 56.80640 6.99400
v 3.04115 56.58736 6.48561
v 3.85546 56.39584 5.82673
v 4.52451 56.23758 5.04947
v 5.03373 56.11729 4.18936
v 5.37794 56.03857 3.28271
v 5.56083 56.00377 2.36399
v -5.45251 58.50979 4.54046
v -4.83727 58.30084 5.40200
v -4.06404 58.06824 6.14672
v -3.15797 57.81894 6.74143
v -2.15199 57.56038 7.15964
v -1.08483 57.30029 7.38340
v 0.00156 57.04644 7.40467
v 1.06474 56.80640 7.22578
v 2.06468 56.58736 6.85908
v 2.96623 56.39584 6.32579
v 3.74133 56.23758 5.65422
v 4.37035 56.11729 4.87743
v 4.84290 56.03857 4.03055
v 5.15761 56.00377 3.14825
v 4.93547 56.01394 3.01268
v -6.05526 58.50979 3.69798
v -5.57201 58.30084 4.63991
v -4.91546 58.06824 5.48927
v -4.10563 57.81894 6.20958
v -3.17127 57.56038 6.76980
v -2.14805 57.30029 7.14656
v -1.07635 57.04644 7.32578
v 0.00156 56.80640 7.30360
v 1.04423 56.58736 7.08639
v 2.01382 56.39584 6.69005
v 2.87844 56.23758 6.13850
v 3.61387 56.11729 5.46157
v 4.20468 56.03857 4.69252
v 4.64450 56.00377 3.86545
v 4.44446 56.01394 3.69897
v -6.52892 58.50979 2.77671
v -6.18797 58.30084 3.77897
v -5.66208 58.06824 4.71487
v -4.96576 57.81894 5.54541
v -4.12292 57.56038 6.23570
v -3.16547 57.30029 6.75743
v -2.13128 57.04644 7.09079
v -1.06163 56.80640 7.22578
v 0.00156 56.58736 7.16270
v 1.01853 56.39584 6.91177
v 1.95423 56.23758 6.49198
v 2.78039 56.11729 5.92934
v 3.47688 56.03857 5.25451
v 4.03244 56.00377 4.50029
v -6.86339 58.50979 1.79629
v -6.67201 58.30084 2.83751
v -6.28799 58.06824 3.84001
v -5.72002 57.81894 4.76308
v -4.98666 57.56038 5.56874
v -4.11538 57.30029 6.22431
v -3.14075 57.04644 6.70470
v -2.10216 56.80640 6.99400
v -1.04112 56.58736 7.08639
v 0.00156 56.39584 6.98620
v 0.98841 56.23758 6.70713
v 1.88768 56.11729 6.27077
v 2.67501 56.03857 5.70455
v 3.33446 56.00377 5.03925
v -7.05155 58.50979 0.77762
v -7.01381 58.30084 1.83561
v -6.77985 58.06824 2.88334
v -6.35233 57.81894 3.87927
v -5.74410 57.56038 4.78312
v -4.97755 57.30029 5.55857
v -4.08325 57.04644 6.17574
v -3.09785 56.80640 6.61318
v -2.06157 56.58736 6.85908
v -1.01542 56.39584 6.91177
v 0.00156 56.23758 6.77935
v 0.95478 56.11729 6.47858
v 1.81615 56.03857 6.03303
v 2.56545 56.00377 5.47084
v 3.19086 56.01394 4.82220
v 2.45499 56.01394 5.23520
v -7.08938 58.50979 -0.25759
v -7.20609 58.30084 0.79462
v -7.12717 58.06824 1.86525
v -6.84922 57.81894 2.91282
v -6.37907 57.56038 3.89559
v -5.73360 57.30029 4.77438
v -4.93869 57.04644 5.51519
v -4.02748 56.80640 6.09144
v -3.03804 56.58736 6.48561
v -2.01071 56.39584 6.69005
v -0.98530 56.23758 6.70713
v 0.00156 56.11729 6.54835
v 0.91863 56.03857 6.23296
v 1.74179 56.00377 5.78586
v 1.66682 56.01394 5.53665
v -6.97608 58.50979 -1.28728
v -7.24475 58.30084 -0.26327
v -7.32256 58.06824 0.80744
v -7.20009 57.81894 1.88431
v -6.87805 57.56038 2.92507
v -6.36741 57.30029 3.88848
v -5.68883 57.04644 4.73713
v -4.87124 56.80640 5.43992
v -3.94974 56.58736 5.97394
v -2.96312 56.39584 6.32579
v -1.95112 56.23758 6.49198
v -0.95167 56.11729 6.47858
v 0.00156 56.03857 6.30008
v 0.88105 56.00377 5.97760
v -6.71407 58.50979 -2.28950
v -7.12897 58.30084 -1.31552
v -7.36184 58.06824 -0.26755
v -7.39748 57.81894 0.81568
v -7.23040 57.56038 1.89224
v -6.86548 57.30029 2.91973
v -6.31770 57.04644 3.85814
v -5.61114 56.80640 4.67248
v -4.77721 56.58736 5.33498
v -3.85235 56.39584 5.82673
v -2.87533 56.23758 6.13850
v -1.88457 56.11729 6.27077
v -0.91552 56.03857 6.23296
v 0.00156 56.00377 6.04197
v -1.31729 66.64364 10.86320
v -1.84408 66.64364 10.76666
v -2.61690 66.64364 10.62503
v -3.63982 66.64364 10.30628
v -3.87832 66.64364 10.23196
v -5.08317 66.64364 9.68970
v -5.32752 66.64364 9.54199
v -6.21388 66.64364 9.00616
v -6.86048 66.64364 8.49958
v -7.25395 66.64364 8.19132
v -8.18821 66.64364 7.25706
v -8.21021 66.64364 7.22898
v -9.00305 66.64364 6.21699
v -9.29861 66.64364 5.72808
v -9.68659 66.64364 5.08629
v -10.14097 66.64364 4.07668
v -10.22885 66.64364 3.88144
v -10.62192 66.64364 2.62001
v -10.67983 66.64364 2.30404
v -10.86009 66.64364 1.32040
v -10.91184 66.64364 0.46482
v -10.93986 66.64364 0.00156
v -10.86009 66.64364 -1.31729
v -10.84722 66.64364 -1.38746
v -10.62192 66.64364 -2.61690
v -10.44133 66.64364 -3.19644
v -10.22885 66.64364 -3.87832
v -9.75981 66.64364 -4.92048
v -9.68659 66.64364 -5.08317
v -9.00305 66.64364 -6.21388
v -8.78292 66.64364 -6.49486
v -8.18821 66.64364 -7.25395
v -7.55686 66.64364 -7.88530
v -7.25395 66.64364 -8.18821
v -6.21388 66.64364 -9.00305
v -6.12228 66.64364 -9.05842
v -5.08317 66.64364 -9.68659
v -4.49704 66.64364 -9.95038
v -3.87832 66.64364 -10.22885
v -2.75315 66.64364 -10.57947
v -2.61690 66.64364 -10.62192
v -1.31729 66.64364 -10.86009
v -0.92533 66.64364 -10.88379
v 0.00156 66.64364 -10.93986
v 0.92844 66.64364 -10.88379
v 1.32040 66.64364 -10.86009
v 2.62001 66.64364 -10.62192
v 2.75626 66.64364 -10.57947
v 3.88144 66.64364 -10.22885
v 4.50015 66.64364 -9.95038
v 5.08629 66.64364 -9.68659
v 6.12540 66.64364 -9.05842
v 6.21699 66.64364 -9.00305
v 7.25706 66.64364 -8.18821
v 7.55998 66.64364 -7.88530
v 8.19132 66.64364 -7.25395
v 8.78603 66.64364 -6.49486
v 9.00616 66.64364 -6.21388
v 9.68970 66.64364 -5.08317
v 9.76292 66.64364 -4.92048
v 10.23196 66.64364 -3.87832
v 10.44444 66.64364 -3.19644
v 10.62503 66.64364 -2.61690
v 10.85034 66.64364 -1.38746
v 10.86320 66.64364 -1.31729
v 10.94297 66.64364 0.00156
v 10.91495 66.64364 0.46482
v 10.86320 66.64364 1.32040
v 10.68294 66.64364 2.30404
v 10.14408 66.64364 4.07668
v 9.68970 66.64364 5.08629
v 10.62503 66.64364 2.62001
v 10.23196 66.64364 3.88144
v 9.30172 66.64364 5.72808
v 9.00616 66.64364 6.21699
v 8.21332 66.64364 7.22898
v 8.19132 66.64364 7.25706
v 7.25706 66.64364 8.19132
v 6.86359 66.64364 8.49958
v 6.21699 66.64364 9.00616
v 5.33063 66.64364 9.54199
v 5.08629 66.64364 9.68970
v 3.88144 66.64364 10.23196
v 3.64293 66.64364 10.30628
v 2.62001 66.64364 10.62503
v 1.84720 66.64364 10.76666
v 1.32040 66.64364 10.86320
v 0.00156 66.64364 10.94297
v 0.00156 0.00000 15.45197
v -2.19727 0.00000 15.29470
v 0.00156 0.00000 0.00156
v 2.20038 0.00000 15.29470
v 8.35468 0.00000 12.99927
v 6.41989 0.00000 14.05574
v 4.35444 0.00000 14.82612
v 12.99927 0.00000 8.35468
v 11.67820 0.00000 10.11942
v 10.11942 0.00000 11.67820
v 15.29470 0.00000 2.20038
v 14.82612 0.00000 4.35444
v 14.05574 0.00000 6.41989
v 14.82612 0.00000 -4.35133
v 15.29470 0.00000 -2.19727
v 15.45197 0.00000 0.00156
v 11.67820 0.00000 -10.11631
v 12.99927 0.00000 -8.35157
v 14.05574 0.00000 -6.41678
v 6.41989 0.00000 -14.05263
v 8.35468 0.00000 -12.99616
v 10.11942 0.00000 -11.67509
v 0.00156 0.00000 -15.44886
v 2.20038 0.00000 -15.29159
v 4.35444 0.00000 -14.82300
v -6.41678 0.00000 -14.05263
v -4.35133 0.00000 -14.82300
v -2.19727 0.00000 -15.29159
v -11.67509 0.00000 -10.11631
v -10.11631 0.00000 -11.67509
v -8.35157 0.00000 -12.99616
v -14.82300 0.00000 -4.35133
v -14.05263 0.00000 -6.41678
v -12.99616 0.00000 -8.35157
v -15.29159 0.00000 2.20038
v -15.44886 0.00000 0.00156
v -15.29159 0.00000 -2.19727
v -12.99616 0.00000 8.35468
v -14.05263 0.00000 6.41989
v -14.82300 0.00000 4.35444
v -8.35157 0.00000 12.99927
v -10.11631 0.00000 11.67820
v -11.67509 0.00000 10.11942
v -4.35133 0.00000 14.82612
v -6.41678 0.00000 14.05574
v 5.30039 67.41240 7.67825
v 9.05838 67.41240 -2.23075
v 8.72327 67.41240 -3.30615
v 4.33644 67.41240 -8.25787
v 3.30927 67.41240 -8.72016
v -3.30615 67.41240 -8.72016
v -4.33333 67.41240 -8.25787
v -8.72016 67.41240 -3.30615
v -9.05527 67.41240 -2.23075
v -8.25787 67.41240 4.33644
v -7.67514 67.41240 5.30039
v -2.23075 67.41240 9.05838
v 3.30927 67.41240 8.72327
v 2.72204 68.08482 7.17488
v 1.83755 68.08482 7.45049
v 8.26098 67.41240 4.33644
v 6.79466 68.08482 3.56685
v 6.31538 68.08482 4.35967
v 9.32943 67.41240 0.00156
v 7.67342 68.08482 0.00156
v 7.61749 68.08482 0.92630
v 6.18708 67.41240 -6.98046
v 5.08894 68.08482 -5.74092
v 5.74403 68.08482 -5.08583
v -1.12280 67.41240 -9.25831
v -0.92319 68.08482 -7.61437
v 0.00156 68.08482 -7.67031
v -7.67514 67.41240 -5.29728
v -6.31227 68.08482 -4.35656
v -5.74092 68.08482 -5.08583
v -9.05527 67.41240 2.23386
v -7.44738 68.08482 1.83755
v -7.61437 68.08482 0.92630
v -4.33333 67.41240 8.26098
v -3.56374 68.08482 6.79466
v -4.35656 68.08482 6.31538
v 2.91373 68.65856 5.21510
v 2.78020 68.65856 5.29582
v 3.56685 68.08482 6.79466
v 3.75144 68.65856 4.64546
v 3.39809 68.65856 4.92229
v 4.35967 68.08482 6.31538
v 4.48902 68.65856 3.95111
v 4.47700 68.65856 3.96646
v 5.74403 68.08482 5.08894
v 5.83859 68.65856 1.25979
v 5.80695 68.65856 1.43246
v 7.45049 68.08482 1.83755
v 5.93007 68.65856 -0.75750
v 5.93710 68.65856 -0.71915
v 7.61749 68.08482 -0.92319
v 5.70826 68.65856 -1.74605
v 5.80695 68.65856 -1.42935
v 7.45049 68.08482 -1.83444
v 5.33583 68.65856 -2.68818
v 5.59214 68.65856 -2.11868
v 7.17488 68.08482 -2.71893
v 4.80199 68.65856 -3.54853
v 4.92229 68.65856 -3.39498
v 6.31538 68.08482 -4.35656
v 3.34804 68.65856 -4.94943
v 3.39809 68.65856 -4.91918
v 4.35967 68.08482 -6.31227
v 2.45989 68.65856 -5.43686
v 2.78020 68.65856 -5.29271
v 3.56685 68.08482 -6.79154
v 1.50691 68.65856 -5.78064
v 2.12179 68.65856 -5.58903
v 2.72204 68.08482 -7.17176
v 0.50807 68.65856 -5.94694
v 0.72226 68.65856 -5.93399
v 0.92630 68.08482 -7.61437
v -1.50380 68.65856 -5.78064
v -1.42935 68.65856 -5.80384
v -1.83444 68.08482 -7.44738
v -2.45678 68.65856 -5.43686
v -2.11868 68.65856 -5.58903
v -2.71893 68.08482 -7.17176
v -3.34493 68.65856 -4.94943
v -2.77709 68.65856 -5.29271
v -3.56374 68.08482 -6.79154
v -4.12888 68.65856 -4.30836
v -3.96335 68.65856 -4.47389
v -5.08583 68.08482 -5.74092
v -5.33272 68.65856 -2.68818
v -5.29271 68.65856 -2.77709
v -6.79154 68.08482 -3.56374
v -5.70515 68.65856 -1.74605
v -5.58903 68.65856 -2.11868
v -7.17176 68.08482 -2.71893
v -5.92696 68.65856 -0.75750
v -5.80384 68.65856 -1.42935
v -7.44738 68.08482 -1.83444
v -5.96227 68.65856 0.25472
v -5.97758 68.65856 0.00156
v -7.67031 68.08482 0.00156
v -5.54101 68.65856 2.22848
v -5.58903 68.65856 2.12179
v -7.17176 68.08482 2.72204
v -5.08069 68.65856 3.13092
v -5.29271 68.65856 2.78020
v -6.79154 68.08482 3.56685
v -4.48591 68.65856 3.95111
v -4.91918 68.65856 3.39809
v -6.31227 68.08482 4.35967
v -3.74833 68.65856 4.64546
v -3.96335 68.65856 4.47700
v -5.08583 68.08482 5.74403
v -1.98834 68.65856 5.63276
v -2.11868 68.65856 5.59214
v -2.71893 68.08482 7.17488
v -1.00703 68.65856 5.88434
v -1.42935 68.65856 5.80695
v -1.83444 68.08482 7.45049
v -2.77709 68.65856 5.29582
v -2.91061 68.65856 5.21510
v -3.39498 68.65856 4.92229
v -5.80384 68.65856 1.43246
v -5.83548 68.65856 1.25979
v -5.93399 68.65856 0.72226
v -4.91918 68.65856 -3.39498
v -4.79888 68.65856 -3.54853
v -4.47389 68.65856 -3.96335
v -0.71915 68.65856 -5.93399
v -0.50496 68.65856 -5.94694
v 0.00156 68.65856 -5.97758
v 3.96646 68.65856 -4.47389
v 4.13199 68.65856 -4.30836
v 4.47700 68.65856 -3.96335
v 5.98069 68.65856 0.00156
v 5.96538 68.65856 0.25472
v 5.93710 68.65856 0.72226
v 5.54412 68.65856 2.22848
v 5.29582 68.65856 2.78020
v 5.08380 68.65856 3.13092
v 4.92229 68.65856 3.39809
v 2.12179 68.65856 5.59214
v 1.99145 68.65856 5.63276
v 1.43246 68.65856 5.80695
v 1.01014 68.65856 5.88434
v 0.72226 68.65856 5.93710
v 0.92630 68.08482 7.61749
v 0.00156 68.65856 5.98069
v 0.00156 68.08482 7.67342
v -0.71915 68.65856 5.93710
v -0.92319 68.08482 7.61749
v -6.18397 67.41240 6.98357
v -5.29728 67.41240 7.67825
v -4.47389 68.65856 3.96646
v -5.74092 68.08482 5.08894
v -6.98046 67.41240 6.18708
v -9.32632 67.41240 0.00156
v -9.25831 67.41240 1.12591
v -5.93399 68.65856 -0.71915
v -7.61437 68.08482 -0.92319
v -9.25831 67.41240 -1.12280
v -6.18397 67.41240 -6.98046
v -6.98046 67.41240 -6.18397
v -3.39498 68.65856 -4.91918
v -4.35656 68.08482 -6.31227
v -5.29728 67.41240 -7.67514
v 1.12591 67.41240 -9.25831
v 0.00156 67.41240 -9.32632
v 1.43246 68.65856 -5.80384
v 1.83755 68.08482 -7.44738
v 2.23386 67.41240 -9.05527
v 7.67825 67.41240 -5.29728
v 6.98357 67.41240 -6.18397
v 5.29582 68.65856 -2.77709
v 6.79466 68.08482 -3.56374
v 8.26098 67.41240 -4.33333
v 9.05838 67.41240 2.23386
v 9.26142 67.41240 1.12591
v 5.59214 68.65856 2.12179
v 7.17488 68.08482 2.72204
v 8.72327 67.41240 3.30927
v 6.98357 67.41240 6.18708
v 7.67825 67.41240 5.30039
v 3.96646 68.65856 4.47700
v 5.08894 68.08482 5.74403
v 6.18708 67.41240 6.98357
v 2.23386 67.41240 9.05838
v 1.12591 67.41240 9.26142
v 0.00156 67.41240 9.32943
v -1.12280 67.41240 9.26142
v -3.30615 67.41240 8.72327
v -8.72016 67.41240 3.30927
v -8.25787 67.41240 -4.33333
v -2.23075 67.41240 -9.05527
v 5.30039 67.41240 -7.67514
v 9.26142 67.41240 -1.12280
v 4.33644 67.41240 8.26098
v -6.81752 70.82320 0.29104
v -6.72222 70.82320 1.19083
v -6.74297 70.89353 1.19450
v -6.66078 70.82320 1.43697
v -6.49239 70.82320 2.11157
v -6.51244 70.89353 2.11808
v -6.31891 70.82320 2.54130
v -6.13713 70.82320 2.99155
v -6.15608 70.89353 3.00077
v -5.99090 71.14784 0.25595
v -5.99499 71.14784 0.21735
v -6.02733 71.21375 0.21852
v -5.85316 71.14784 1.26297
v -5.90715 71.14784 1.04666
v -5.93902 71.21375 1.05230
v -5.09761 71.14784 3.14165
v -5.39299 71.14784 2.62910
v -5.42208 71.21375 2.64327
v -6.23041 71.39192 -0.16191
v -6.24997 71.39908 -0.16421
v -6.24781 71.39995 0.22645
v -4.81316 71.28126 3.71823
v -4.80697 71.27420 3.71618
v -5.03892 71.27343 3.39360
v -5.00344 71.21375 3.36972
v -4.76629 71.22308 3.70715
v -4.75981 71.21342 3.70708
v -4.97659 71.14784 3.35165
v -4.72757 71.16544 3.70677
v -4.71698 71.14784 3.70837
v -5.13170 71.36781 3.45603
v -4.89567 71.35915 3.76027
v -5.08207 71.32526 3.42263
v -4.85597 71.32513 3.73686
v -4.85438 71.32378 3.73592
v -5.18648 71.39995 3.49289
v -4.95521 71.39810 3.80645
v -4.91283 71.37183 3.77224
v -5.24489 71.42077 3.53220
v -4.99634 71.41656 3.84611
v -4.95866 71.39965 3.80978
v -5.30535 71.42973 3.57289
v -5.04484 71.42859 3.90182
v -5.00289 71.41883 3.85304
v -5.36620 71.42656 3.61384
v -5.08196 71.42944 3.95213
v -5.05641 71.42885 3.91750
v -5.42580 71.41137 3.65395
v -5.12079 71.42036 4.01392
v -5.09993 71.42523 3.98072
v -5.48251 71.38456 3.69211
v -5.14990 71.40429 4.06873
v -5.13868 71.41048 4.04761
v -5.53478 71.34687 3.72729
v -5.18081 71.37314 4.13989
v -5.17073 71.38329 4.11669
v -5.58119 71.29932 3.75852
v -5.20089 71.33810 4.19971
v -5.19625 71.34620 4.18588
v -5.62048 71.24321 3.78496
v -5.21751 71.28410 4.27217
v -5.21314 71.29831 4.25309
v -5.65157 71.18007 3.80588
v -5.22396 71.22598 4.33441
v -5.22213 71.24248 4.31674
v -5.67361 71.11162 3.82072
v -5.22105 71.15456 4.39599
v -5.22206 71.17931 4.37464
v -5.68601 71.03973 3.82906
v -5.20645 71.07198 4.45172
v -5.21335 71.11103 4.42537
v -5.68842 70.96637 3.83068
v -5.18386 70.99553 4.49083
v -5.19687 71.03956 4.46831
v -5.14083 70.89362 4.52519
v -5.14288 70.89740 4.52455
v -5.68078 70.89353 3.82554
v -5.15382 70.92064 4.51825
v -5.17220 70.96646 4.50147
v -5.10254 70.82320 4.53716
v -5.12248 70.82320 4.51144
v -5.66330 70.82320 3.81377
v -5.80101 70.82320 3.57480
v -6.82217 70.82320 0.24712
v -6.84323 70.89353 0.24788
v -6.79371 70.82320 -0.66772
v -6.81779 70.89358 -0.63559
v -6.81849 70.89565 -0.63465
v -6.85243 70.96637 0.24821
v -6.83090 70.97015 -0.59640
v -6.83159 70.97977 -0.59116
v -6.84953 71.03973 0.24811
v -6.82985 71.03963 -0.55662
v -6.83460 71.11162 0.24757
v -6.81845 71.11131 -0.51224
v -6.82928 71.05915 -0.54536
v -6.80804 71.18007 0.24661
v -6.77060 71.24321 0.24527
v -6.76016 71.24203 -0.41911
v -6.78454 71.20483 -0.44815
v -6.79484 71.17939 -0.46593
v -6.81428 71.13139 -0.49949
v -6.72327 71.29932 0.24356
v -6.66736 71.34687 0.24155
v -6.66260 71.34563 -0.32861
v -6.68620 71.32878 -0.34585
v -6.71600 71.29816 -0.37291
v -6.73860 71.27493 -0.39343
v -6.53533 71.41083 -0.25026
v -6.54335 71.40889 -0.25397
v -6.60440 71.38456 0.23928
v -6.60637 71.38252 -0.28941
v -6.62655 71.37138 -0.30229
v -6.53609 71.41137 0.23683
v -6.46430 71.42656 0.23424
v -6.47888 71.42451 -0.22415
v -6.39099 71.42973 0.23161
v -6.39215 71.42904 -0.19340
v -6.44252 71.42883 -0.20989
v -6.31817 71.42077 0.22899
v -6.28671 71.41251 -0.16852
v -6.32026 71.42087 -0.17468
v -6.38027 71.42909 -0.18951
v -6.17824 71.36452 -0.16052
v -6.18183 71.36781 0.22408
v -6.16243 71.35437 -0.16114
v -6.12204 71.32526 0.22193
v -6.12417 71.32468 -0.16556
v -6.11353 71.31641 -0.16679
v -6.07007 71.27343 0.22006
v -6.06897 71.27062 -0.17830
v -6.02941 71.21612 -0.19638
v -6.02810 71.21367 -0.19735
v -6.00197 71.16481 -0.21658
v -5.99463 71.14784 -0.22383
v -5.70519 71.14784 1.85579
v -5.46053 71.27343 2.66199
v -5.50729 71.32526 2.68477
v -5.56108 71.36781 2.71097
v -5.62043 71.39995 2.73988
v -5.68373 71.42077 2.77071
v -5.74924 71.42973 2.80262
v -5.81519 71.42656 2.83474
v -5.87977 71.41137 2.86619
v -5.94122 71.38456 2.89612
v -5.99787 71.34687 2.92371
v -6.04816 71.29932 2.94821
v -6.09073 71.24321 2.96895
v -6.12442 71.18007 2.98536
v -6.14831 71.11162 2.99699
v -6.16174 71.03973 3.00353
v -6.16436 70.96637 3.00481
v -6.52119 70.96637 2.12092
v -6.51843 71.03973 2.12003
v -6.50422 71.11162 2.11541
v -6.47895 71.18007 2.10720
v -6.44331 71.24321 2.09562
v -6.39827 71.29932 2.08099
v -6.34507 71.34687 2.06370
v -6.28514 71.38456 2.04423
v -6.22014 71.41137 2.02311
v -6.15182 71.42656 2.00091
v -6.08206 71.42973 1.97824
v -6.01275 71.42077 1.95572
v -5.94579 71.39995 1.93396
v -5.88300 71.36781 1.91356
v -5.82610 71.32526 1.89508
v -5.77664 71.27343 1.87900
v -5.73596 71.21375 1.86579
v -5.55273 71.14784 2.23342
v -6.75204 70.96637 1.19610
v -6.74918 71.03973 1.19560
v -6.73446 71.11162 1.19300
v -6.70830 71.18007 1.18837
v -6.67140 71.24321 1.18184
v -6.62477 71.29932 1.17359
v -6.56968 71.34687 1.16385
v -6.50764 71.38456 1.15288
v -6.44033 71.41137 1.14097
v -6.36959 71.42656 1.12846
v -6.29736 71.42973 1.11568
v -6.22560 71.42077 1.10299
v -6.15627 71.39995 1.09073
v -6.09126 71.36781 1.07923
v -6.03235 71.32526 1.06881
v -5.98113 71.27343 1.05975
v -1.01045 71.14784 5.90590
v -1.64624 71.14784 5.77129
v -1.65513 71.21375 5.80241
v 1.01356 71.14784 5.90590
v 0.83349 71.14784 5.94403
v 0.83797 71.21375 5.97607
v -2.07970 71.39192 5.87799
v -2.08792 71.39908 5.89588
v -1.71571 71.39995 6.01455
v 2.04849 71.28126 5.72914
v 2.04846 71.27420 5.72261
v 1.66998 71.27343 5.84353
v 1.65824 71.21375 5.80241
v 2.05244 71.22308 5.68114
v 2.05438 71.21342 5.67495
v 1.99984 71.14784 5.65710
v 2.06405 71.16544 5.64419
v 2.06883 71.14784 5.63462
v 1.70070 71.36781 5.95107
v 2.06298 71.35915 5.82060
v 1.68427 71.32526 5.89354
v 2.05298 71.32513 5.77561
v 2.05258 71.32378 5.77381
v 1.71882 71.39995 6.01455
v 2.08850 71.39810 5.89149
v 2.06906 71.37183 5.84062
v 1.73816 71.42077 6.08225
v 2.11350 71.41656 5.94287
v 2.09060 71.39965 5.89581
v 1.75817 71.42973 6.15232
v 2.15150 71.42859 6.00621
v 2.11808 71.41883 5.95124
v 1.77831 71.42656 6.22285
v 2.18789 71.42944 6.05706
v 2.16284 71.42885 6.02206
v 1.79804 71.41137 6.29193
v 2.23465 71.42036 6.11309
v 2.20952 71.42523 6.08298
v 1.81681 71.38456 6.35765
v 2.27778 71.40429 6.15770
v 2.26116 71.41048 6.14051
v 1.83411 71.34687 6.41824
v 2.33590 71.37314 6.20910
v 2.31696 71.38329 6.19234
v 1.84948 71.29932 6.47203
v 2.38659 71.33810 6.24668
v 2.37487 71.34620 6.23799
v 1.86248 71.24321 6.51756
v 2.45037 71.28410 6.28488
v 2.43358 71.29831 6.27482
v 1.87277 71.18007 6.55360
v 2.50757 71.22598 6.31024
v 2.49133 71.24248 6.30304
v 1.88007 71.11162 6.57915
v 2.56704 71.15456 6.32651
v 2.54642 71.17931 6.32087
v 1.88417 71.03973 6.59351
v 2.62455 71.07198 6.32984
v 2.59736 71.11103 6.32826
v 1.88497 70.96637 6.59631
v 2.66873 70.99553 6.32044
v 2.64329 71.03956 6.32585
v 2.71470 70.89362 6.29013
v 2.71346 70.89740 6.29189
v 1.88244 70.89353 6.58745
v 2.70409 70.92064 6.30034
v 2.68246 70.96646 6.31264
v 2.73792 70.82320 6.25742
v 2.27112 70.82320 6.42531
v 1.87665 70.82320 6.56719
v 1.15316 70.82320 6.72037
v -2.71170 70.89358 6.29024
v -2.73481 70.82320 6.25742
v -2.26801 70.82320 6.42531
v -1.87933 70.89353 6.58745
v -2.71102 70.89565 6.29121
v -1.88186 70.96637 6.59631
v -2.67848 70.97015 6.31483
v -2.67371 70.97977 6.31710
v -1.88106 71.03973 6.59351
v -2.64032 71.03963 6.32612
v -1.87696 71.11162 6.57915
v -2.59459 71.11131 6.32899
v -2.62944 71.05915 6.32906
v -1.86966 71.18007 6.55360
v -1.85937 71.24321 6.51756
v -2.48800 71.24203 6.30234
v -2.52315 71.20483 6.31655
v -2.54325 71.17939 6.32085
v -2.58117 71.13139 6.32897
v -1.84637 71.29932 6.47203
v -1.83100 71.34687 6.41824
v -2.37179 71.34563 6.23751
v -2.39548 71.32878 6.25464
v -2.43042 71.29816 6.27461
v -2.45692 71.27493 6.28977
v -2.25794 71.41083 6.14069
v -2.26395 71.40889 6.14717
v -1.81370 71.38456 6.35765
v -2.31712 71.38252 6.19615
v -2.33562 71.37138 6.21137
v -1.79493 71.41137 6.29193
v -1.77520 71.42656 6.22285
v -2.21567 71.42451 6.09506
v -1.75506 71.42973 6.15232
v -2.15963 71.42904 6.02209
v -2.19087 71.42883 6.06489
v -1.73505 71.42077 6.08225
v -2.10338 71.41251 5.92949
v -2.11961 71.42087 5.95950
v -2.15225 71.42909 6.01198
v -2.06225 71.36452 5.82881
v -1.69758 71.36781 5.95107
v -2.05795 71.35437 5.81358
v -1.68115 71.32526 5.89354
v -2.05034 71.32468 5.77583
v -2.04822 71.31641 5.76532
v -1.66687 71.27343 5.84353
v -2.04540 71.27062 5.71939
v -2.05088 71.21367 5.67463
v -1.99673 71.14784 5.65710
v -2.06110 71.16481 5.64384
v -2.06572 71.14784 5.63462
v -2.05037 71.21612 5.67618
v 1.64935 71.14784 5.77129
v -0.83038 71.14784 5.94403
v -0.83486 71.21375 5.97607
v -0.84079 71.27343 6.01843
v -0.84800 71.32526 6.06994
v -0.85630 71.36781 6.12919
v -0.86545 71.39995 6.19457
v -0.87521 71.42077 6.26429
v -0.88532 71.42973 6.33646
v -0.89549 71.42656 6.40911
v -0.90545 71.41137 6.48025
v -0.91492 71.38456 6.54794
v -0.92366 71.34687 6.61034
v -0.93142 71.29932 6.66575
v -0.93798 71.24321 6.71264
v -0.94318 71.18007 6.74975
v -0.94686 71.11162 6.77607
v -0.94893 71.03973 6.79086
v -0.94934 70.96637 6.79374
v -0.94806 70.89353 6.78462
v 0.94825 70.82320 6.76375
v 0.95117 70.89353 6.78462
v 0.95245 70.96637 6.79374
v 0.95204 71.03973 6.79086
v 0.94997 71.11162 6.77607
v 0.94629 71.18007 6.74975
v 0.94109 71.24321 6.71264
v 0.93453 71.29932 6.66575
v 0.92677 71.34687 6.61034
v 0.91804 71.38456 6.54794
v 0.90856 71.41137 6.48025
v 0.89860 71.42656 6.40911
v 0.88843 71.42973 6.33646
v 0.87832 71.42077 6.26429
v 0.86856 71.39995 6.19457
v 0.85941 71.36781 6.12919
v 0.85111 71.32526 6.06994
v 0.84390 71.27343 6.01843
v 0.00156 71.14784 6.00198
v 0.00156 71.21375 6.03434
v 0.00156 71.27343 6.07711
v 0.00156 71.32526 6.12912
v 0.00156 71.36781 6.18894
v 0.00156 71.39995 6.25496
v 0.00156 71.42077 6.32537
v 0.00156 71.42973 6.39824
v 0.00156 71.42656 6.47160
v 0.00156 71.41137 6.54343
v 0.00156 71.38456 6.61178
v 0.00156 71.34687 6.67479
v 0.00156 71.29932 6.73073
v 0.00156 71.24321 6.77809
v 0.00156 71.18007 6.81556
v 0.00156 71.11162 6.84213
v 0.00156 71.03973 6.85708
v 0.00156 70.96637 6.85998
v 0.00156 70.89353 6.85077
v 0.00156 70.82320 6.82970
v -0.94514 70.82320 6.76375
v -1.87354 70.82320 6.56719
v -1.15005 70.82320 6.72037
v 5.80412 70.82320 3.57480
v 6.14024 70.82320 2.99155
v 6.15919 70.89353 3.00077
v 6.32202 70.82320 2.54130
v 6.49550 70.82320 2.11157
v 6.51555 70.89353 2.11808
v 6.66389 70.82320 1.43697
v 6.72533 70.82320 1.19083
v 6.74608 70.89353 1.19450
v 5.10072 71.14784 3.14165
v 4.97970 71.14784 3.35165
v 5.00655 71.21375 3.36972
v 5.55584 71.14784 2.23342
v 5.39610 71.14784 2.62910
v 5.42519 71.21375 2.64327
v 5.85627 71.14784 1.26297
v 5.70830 71.14784 1.85579
v 5.73908 71.21375 1.86579
v 5.99401 71.14784 0.25595
v 5.91026 71.14784 1.04666
v 5.94213 71.21375 1.05230
v 4.94724 71.39192 3.79686
v 4.96171 71.39908 3.81022
v 5.18959 71.39995 3.49289
v 5.12559 70.82320 4.51144
v 5.66641 70.82320 3.81377
v 5.68389 70.89353 3.82554
v 6.03044 71.21375 0.21852
v 6.03163 71.21342 -0.19762
v 5.99810 71.14784 0.21735
v 6.00537 71.16544 -0.21632
v 5.99774 71.14784 -0.22383
v 6.12510 71.32378 -0.16536
v 6.08135 71.28126 -0.17528
v 6.07318 71.27343 0.22006
v 6.07514 71.27420 -0.17726
v 6.03692 71.22308 -0.19386
v 6.12693 71.32513 -0.16519
v 6.12515 71.32526 0.22193
v 6.17281 71.35915 -0.16079
v 6.18494 71.36781 0.22408
v 6.19373 71.37183 -0.16039
v 6.24812 71.39810 -0.16315
v 6.25092 71.39995 0.22645
v 6.25287 71.39965 -0.16382
v 6.30471 71.41656 -0.17106
v 6.32128 71.42077 0.22899
v 6.31409 71.41883 -0.17282
v 6.37669 71.42859 -0.18763
v 6.39410 71.42973 0.23161
v 6.39527 71.42885 -0.19351
v 6.43630 71.42944 -0.20651
v 6.46741 71.42656 0.23424
v 6.46764 71.42523 -0.21908
v 6.50403 71.42036 -0.23367
v 6.53920 71.41137 0.23683
v 6.53830 71.41048 -0.25041
v 6.55979 71.40429 -0.26091
v 6.60751 71.38456 0.23928
v 6.60484 71.38329 -0.28746
v 6.62663 71.37314 -0.30030
v 6.67047 71.34687 0.24155
v 6.66615 71.34620 -0.32844
v 6.67804 71.33810 -0.33690
v 6.72638 71.29932 0.24356
v 6.71932 71.29831 -0.37289
v 6.73407 71.28410 -0.38575
v 6.77370 71.24321 0.24527
v 6.76401 71.24248 -0.41910
v 6.77587 71.22598 -0.43232
v 6.81115 71.18007 0.24661
v 6.79798 71.17931 -0.46598
v 6.80972 71.15456 -0.48385
v 6.83771 71.11162 0.24757
v 6.82076 71.11103 -0.51214
v 6.83066 71.07198 -0.53752
v 6.85264 71.03973 0.24811
v 6.83266 71.03956 -0.55657
v 6.83537 70.99553 -0.58244
v 6.85554 70.96637 0.24821
v 6.83219 70.96646 -0.59790
v 6.82719 70.92064 -0.62228
v 6.84634 70.89353 0.24788
v 6.82204 70.89740 -0.63380
v 6.82076 70.89362 -0.63553
v 6.82528 70.82320 0.24712
v 6.79682 70.82320 -0.66772
v 5.10565 70.82320 4.53716
v 5.14401 70.89358 4.52533
v 5.14514 70.89565 4.52498
v 5.69153 70.96637 3.83068
v 5.17766 70.97015 4.50133
v 5.18129 70.97977 4.49749
v 5.68912 71.03973 3.82906
v 5.20019 71.03963 4.46853
v 5.67672 71.11162 3.82072
v 5.21705 71.11131 4.42592
v 5.20635 71.05915 4.45908
v 5.65468 71.18007 3.80588
v 5.62359 71.24321 3.78496
v 5.22464 71.24203 4.31631
v 5.22729 71.20483 4.35414
v 5.22517 71.17939 4.37458
v 5.22117 71.13139 4.41315
v 5.58430 71.29932 3.75852
v 5.53789 71.34687 3.72729
v 5.19890 71.34563 4.18576
v 5.20787 71.32878 4.21358
v 5.21607 71.29816 4.25298
v 5.22229 71.27493 4.28287
v 5.14199 71.41083 4.04756
v 5.14630 71.40889 4.05528
v 5.48562 71.38456 3.69211
v 5.17645 71.38252 4.12099
v 5.18521 71.37138 4.14328
v 5.42891 71.41137 3.65395
v 5.36931 71.42656 3.61384
v 5.11167 71.42451 3.99326
v 5.30846 71.42973 3.57289
v 5.05958 71.42904 3.91741
v 5.09064 71.42883 3.96035
v 5.24800 71.42077 3.53220
v 4.98890 71.41251 3.83530
v 5.01242 71.42087 3.86001
v 5.05225 71.42909 3.90727
v 4.90585 71.36452 3.76507
v 5.13482 71.36781 3.45603
v 4.89269 71.35437 3.75628
v 5.08518 71.32526 3.42263
v 4.85915 71.32468 3.73737
v 4.84981 71.31641 3.73211
v 5.04203 71.27343 3.39360
v 4.80699 71.27062 3.71523
v 4.76436 71.21612 3.70660
v 4.76274 71.21367 3.70661
v 4.73029 71.16481 3.70682
v 4.72010 71.14784 3.70837
v 5.98424 71.27343 1.05975
v 6.03546 71.32526 1.06881
v 6.09437 71.36781 1.07923
v 6.15938 71.39995 1.09073
v 6.22871 71.42077 1.10299
v 6.30047 71.42973 1.11568
v 6.37270 71.42656 1.12846
v 6.44344 71.41137 1.14097
v 6.51075 71.38456 1.15288
v 6.57279 71.34687 1.16385
v 6.62788 71.29932 1.17359
v 6.67451 71.24321 1.18184
v 6.71141 71.18007 1.18837
v 6.73758 71.11162 1.19300
v 6.75229 71.03973 1.19560
v 6.75515 70.96637 1.19610
v 6.82063 70.82320 0.29104
v 5.77975 71.27343 1.87900
v 5.82921 71.32526 1.89508
v 5.88611 71.36781 1.91356
v 5.94890 71.39995 1.93396
v 6.01586 71.42077 1.95572
v 6.08517 71.42973 1.97824
v 6.15493 71.42656 2.00091
v 6.22325 71.41137 2.02311
v 6.28826 71.38456 2.04423
v 6.34818 71.34687 2.06370
v 6.40138 71.29932 2.08099
v 6.44642 71.24321 2.09562
v 6.48206 71.18007 2.10720
v 6.50733 71.11162 2.11541
v 6.52154 71.03973 2.12003
v 6.52431 70.96637 2.12092
v 5.46364 71.27343 2.66199
v 5.51040 71.32526 2.68477
v 5.56419 71.36781 2.71097
v 5.62354 71.39995 2.73988
v 5.68684 71.42077 2.77071
v 5.75235 71.42973 2.80262
v 5.81830 71.42656 2.83474
v 5.88288 71.41137 2.86619
v 5.94433 71.38456 2.89612
v 6.00098 71.34687 2.92371
v 6.05127 71.29932 2.94821
v 6.09385 71.24321 2.96895
v 6.12754 71.18007 2.98536
v 6.15142 71.11162 2.99699
v 6.16485 71.03973 3.00353
v 6.16747 70.96637 3.00481
v 4.72525 70.82320 -4.92691
v 4.01504 70.82320 -5.52253
v 4.02742 70.89353 -5.53958
v 3.81868 70.82320 -5.64530
v 3.21038 70.82320 -6.02563
v 3.22029 70.89353 -6.04423
v 4.15263 71.14784 -4.32948
v 4.16750 71.14784 -4.31701
v 4.18997 71.21375 -4.34030
v 3.35597 71.14784 -4.96077
v 3.52852 71.14784 -4.85289
v 3.54754 71.21375 -4.87907
v 1.71214 71.28126 -5.83532
v 1.70833 71.27420 -5.83002
v 2.08560 71.27343 -5.70538
v 2.07093 71.21375 -5.66521
v 1.68074 71.22308 -5.79880
v 1.67552 71.21342 -5.79494
v 2.05982 71.14784 -5.63481
v 1.64962 71.16544 -5.77574
v 1.64012 71.14784 -5.77081
v 2.12396 71.36781 -5.81043
v 1.75418 71.35915 -5.91782
v 2.10344 71.32526 -5.75423
v 1.73582 71.32513 -5.87555
v 1.73508 71.32378 -5.87386
v 2.14660 71.39995 -5.87244
v 1.77520 71.39810 -5.99018
v 1.76102 71.37183 -5.93760
v 2.17076 71.42077 -5.93858
v 1.78517 71.41656 -6.04644
v 1.77604 71.39965 -5.99490
v 2.19575 71.42973 -6.00703
v 1.79166 71.42859 -6.12002
v 1.78639 71.41883 -6.05590
v 2.22092 71.42656 -6.07593
v 1.79212 71.42944 -6.18255
v 1.79180 71.42885 -6.13951
v 2.24555 71.41137 -6.14341
v 1.78721 71.42036 -6.25536
v 1.78985 71.42523 -6.21623
v 2.26900 71.38456 -6.20762
v 1.77854 71.40429 -6.31681
v 1.78189 71.41048 -6.29312
v 2.29061 71.34687 -6.26680
v 1.76173 71.37314 -6.39255
v 1.76721 71.38329 -6.36785
v 2.30980 71.29932 -6.31935
v 1.74282 71.33810 -6.45274
v 1.74719 71.34620 -6.43883
v 2.32605 71.24321 -6.36383
v 1.71367 71.28410 -6.52113
v 1.72134 71.29831 -6.50313
v 2.33890 71.18007 -6.39903
v 1.68230 71.22598 -6.57528
v 1.69120 71.24248 -6.55991
v 2.34802 71.11162 -6.42399
v 1.64375 71.15456 -6.62339
v 1.65711 71.17931 -6.60671
v 2.35314 71.03973 -6.43802
v 1.59918 71.07198 -6.65989
v 1.62025 71.11103 -6.64263
v 2.35414 70.96637 -6.44075
v 1.55791 70.99553 -6.67825
v 1.58168 71.03956 -6.66768
v 1.50291 70.89362 -6.68076
v 1.50495 70.89740 -6.68145
v 2.35098 70.89353 -6.43210
v 1.51749 70.92064 -6.68278
v 1.54222 70.96646 -6.68001
v 2.80738 70.82320 -6.20544
v 2.34375 70.82320 -6.41231
v 1.71857 70.82320 -6.59415
v 1.46489 70.82320 -6.66794
v 5.89302 70.89358 -3.49129
v 5.89243 70.82320 -3.45115
v 5.39432 70.89353 -4.22099
v 5.48309 70.82320 -4.05306
v 5.37772 70.82320 -4.20800
v 5.89304 70.89565 -3.49247
v 5.40157 70.96637 -4.22667
v 5.88060 70.97015 -3.53071
v 5.87807 70.97977 -3.53535
v 5.39928 71.03973 -4.22488
v 5.85637 71.03963 -3.56227
v 5.38751 71.11162 -4.21566
v 5.82105 71.11131 -3.59147
v 5.84929 71.05915 -3.57105
v 5.36659 71.18007 -4.19928
v 5.33709 71.24321 -4.17618
v 5.71916 71.24203 -3.63256
v 5.75595 71.20483 -3.62339
v 5.77473 71.17939 -3.61506
v 5.81018 71.13139 -3.59934
v 5.29981 71.29932 -4.14699
v 5.25576 71.34687 -4.11250
v 5.58704 71.34563 -3.64842
v 5.61627 71.32878 -3.64835
v 5.65627 71.29816 -3.64398
v 5.68662 71.27493 -3.64066
v 5.43802 71.41083 -3.63701
v 5.44669 71.40889 -3.63872
v 5.20615 71.38456 -4.07365
v 5.51850 71.38252 -3.64709
v 5.54240 71.37138 -3.64853
v 5.15233 71.41137 -4.03151
v 5.09577 71.42656 -3.98723
v 5.37700 71.42451 -3.62495
v 5.03802 71.42973 -3.94200
v 5.28877 71.42904 -3.59885
v 5.33920 71.42883 -3.61511
v 4.98064 71.42077 -3.89708
v 4.92520 71.39995 -3.85367
v 5.15658 71.39908 -3.53889
v 5.18884 71.41251 -3.55700
v 5.21960 71.42087 -3.57174
v 5.27687 71.42909 -3.59501
v 4.82612 71.32526 -3.77609
v 5.08396 71.35437 -3.48992
v 4.87322 71.36781 -3.81297
v 5.09638 71.36452 -3.49972
v 5.13940 71.39192 -3.52925
v 4.78517 71.27343 -3.74402
v 5.04771 71.31641 -3.45660
v 5.05561 71.32468 -3.46386
v 4.75150 71.21375 -3.71766
v 4.72602 71.14784 -3.69771
v 4.82280 71.14784 -3.56426
v 4.98505 71.14784 -3.34057
v 4.98673 71.16481 -3.35075
v 4.99656 71.21367 -3.38167
v 4.99705 71.21612 -3.38322
v 5.01843 71.27062 -3.42110
v 2.82140 71.14784 -5.29500
v 3.22462 70.96637 -6.05236
v 3.22325 71.03973 -6.04979
v 3.21623 71.11162 -6.03660
v 3.20374 71.18007 -6.01315
v 3.18613 71.24321 -5.98007
v 3.16388 71.29932 -5.93827
v 3.13759 71.34687 -5.88889
v 3.10798 71.38456 -5.83328
v 3.07586 71.41137 -5.77294
v 3.04210 71.42656 -5.70953
v 3.00763 71.42973 -5.64478
v 2.97338 71.42077 -5.58046
v 2.94029 71.39995 -5.51831
v 2.90927 71.36781 -5.46004
v 2.88115 71.32526 -5.40723
v 2.85671 71.27343 -5.36132
v 2.83661 71.21375 -5.32357
v 2.46726 71.14784 -5.45302
v 4.03284 70.96637 -5.54703
v 4.03113 71.03973 -5.54468
v 4.02235 71.11162 -5.53259
v 4.00673 71.18007 -5.51109
v 3.98470 71.24321 -5.48078
v 3.95687 71.29932 -5.44247
v 3.92398 71.34687 -5.39721
v 3.88695 71.38456 -5.34623
v 3.84677 71.41137 -5.29093
v 3.80455 71.42656 -5.23282
v 3.76143 71.42973 -5.17347
v 3.71860 71.42077 -5.11452
v 3.67722 71.39995 -5.05756
v 3.63841 71.36781 -5.00415
v 3.60325 71.32526 -4.95575
v 3.57268 71.27343 -4.91367
v 4.74216 70.82320 -4.91273
v 4.75680 70.89353 -4.92789
v 4.76319 70.96637 -4.93452
v 4.76117 71.03973 -4.93243
v 4.75080 71.11162 -4.92167
v 4.73235 71.18007 -4.90255
v 4.70634 71.24321 -4.87558
v 4.67346 71.29932 -4.84150
v 4.63462 71.34687 -4.80124
v 4.59087 71.38456 -4.75589
v 4.54342 71.41137 -4.70670
v 4.49354 71.42656 -4.65500
v 4.44262 71.42973 -4.60220
v 4.39202 71.42077 -4.54975
v 4.34314 71.39995 -4.49908
v 4.29731 71.36781 -4.45157
v 4.25577 71.32526 -4.40851
v 4.21966 71.27343 -4.37108
v -2.80427 70.82320 -6.20544
v -3.20727 70.82320 -6.02563
v -3.21718 70.89353 -6.04423
v -3.81557 70.82320 -5.64530
v -4.01193 70.82320 -5.52253
v -4.02431 70.89353 -5.53958
v -4.72214 70.82320 -4.92691
v -4.73906 70.82320 -4.91273
v -4.75369 70.89353 -4.92789
v -2.46414 71.14784 -5.45302
v -2.05671 71.14784 -5.63481
v -2.06782 71.21375 -5.66521
v -3.35285 71.14784 -4.96077
v -2.81829 71.14784 -5.29500
v -2.83350 71.21375 -5.32357
v -4.14952 71.14784 -4.32948
v -3.52540 71.14784 -4.85289
v -3.54443 71.21375 -4.87907
v -4.98370 71.16544 -3.35113
v -4.98194 71.14784 -3.34057
v -4.81969 71.14784 -3.56426
v -1.76876 71.39192 -5.97591
v -1.77262 71.39908 -5.99522
v -2.14349 71.39995 -5.87244
v -1.71546 70.82320 -6.59415
v -2.34064 70.82320 -6.41231
v -2.34787 70.89353 -6.43210
v -1.46178 70.82320 -6.66794
v -1.49977 70.89358 -6.68091
v -1.50089 70.89565 -6.68130
v -2.35103 70.96637 -6.44075
v -1.54110 70.97015 -6.68127
v -1.54629 70.97977 -6.68031
v -2.35003 71.03973 -6.43802
v -1.57861 71.03963 -6.66798
v -2.34490 71.11162 -6.42399
v -1.61729 71.11131 -6.64342
v -1.58914 71.05915 -6.66396
v -2.33579 71.18007 -6.39903
v -2.32294 71.24321 -6.36383
v -1.68786 71.24203 -6.55921
v -1.66777 71.20483 -6.59137
v -1.65404 71.17939 -6.60666
v -1.62813 71.13139 -6.63552
v -2.30669 71.29932 -6.31935
v -2.28750 71.34687 -6.26680
v -1.74377 71.34563 -6.43846
v -1.73467 71.32878 -6.46624
v -1.71815 71.29816 -6.50293
v -1.70561 71.27493 -6.53077
v -1.77896 71.41083 -6.29321
v -1.77791 71.40889 -6.30198
v -2.26589 71.38456 -6.20762
v -1.76368 71.38252 -6.37286
v -1.75767 71.37138 -6.39604
v -2.24244 71.41137 -6.14341
v -2.21780 71.42656 -6.07593
v -1.78635 71.42451 -6.23145
v -2.19264 71.42973 -6.00703
v -1.78879 71.42904 -6.13947
v -1.78868 71.42883 -6.19246
v -2.16764 71.42077 -5.93858
v -1.77987 71.41251 -6.03150
v -1.78438 71.42087 -6.06531
v -1.78882 71.42909 -6.12696
v -1.75396 71.36452 -5.92587
v -2.12085 71.36781 -5.81043
v -1.74849 71.35437 -5.91102
v -2.10033 71.32526 -5.75423
v -1.73246 71.32468 -5.87600
v -1.72800 71.31641 -5.86626
v -2.08249 71.27343 -5.70538
v -1.70328 71.27062 -5.82743
v -1.67386 71.21612 -5.79540
v -1.67254 71.21367 -5.79445
v -1.64617 71.16481 -5.77554
v -1.63701 71.14784 -5.77081
v -4.99395 71.21342 -3.38170
v -4.74839 71.21375 -3.71766
v -4.72290 71.14784 -3.69771
v -5.05061 71.32378 -3.46273
v -5.02104 71.28126 -3.42900
v -4.78206 71.27343 -3.74402
v -5.01718 71.27420 -3.42374
v -4.99602 71.22308 -3.38785
v -5.05199 71.32513 -3.46395
v -4.82301 71.32526 -3.77609
v -5.08652 71.35915 -3.49448
v -4.87011 71.36781 -3.81297
v -5.10321 71.37183 -3.50710
v -5.14884 71.39810 -3.53683
v -4.92209 71.39995 -3.85367
v -5.15307 71.39965 -3.53909
v -5.19927 71.41656 -3.56370
v -4.97753 71.42077 -3.89708
v -5.20789 71.41883 -3.56778
v -5.26724 71.42859 -3.59260
v -5.03491 71.42973 -3.94200
v -5.28573 71.42885 -3.59876
v -5.32656 71.42944 -3.61236
v -5.09266 71.42656 -3.98723
v -5.35930 71.42523 -3.62061
v -5.39732 71.42036 -3.63020
v -5.14922 71.41137 -4.03151
v -5.43489 71.41048 -3.63680
v -5.45844 71.40429 -3.64094
v -5.20304 71.38456 -4.07365
v -5.51050 71.38329 -3.64594
v -5.53567 71.37314 -3.64836
v -5.25265 71.34687 -4.11250
v -5.58418 71.34620 -3.64883
v -5.59877 71.33810 -3.64897
v -5.29670 71.29932 -4.14699
v -5.65332 71.29831 -3.64412
v -5.67282 71.28410 -3.64238
v -5.33398 71.24321 -4.17618
v -5.71664 71.24248 -3.63300
v -5.73400 71.22598 -3.62928
v -5.36348 71.18007 -4.19928
v -5.77168 71.17931 -3.61504
v -5.79168 71.15456 -3.60748
v -5.38440 71.11162 -4.21566
v -5.81724 71.11103 -3.59108
v -5.84017 71.07198 -3.57637
v -5.39617 71.03973 -4.22488
v -5.85298 71.03956 -3.56214
v -5.87038 70.99553 -3.54280
v -5.39846 70.96637 -4.22667
v -5.87690 70.96646 -3.52842
v -5.88717 70.92064 -3.50576
v -5.39121 70.89353 -4.22099
v -5.88979 70.89740 -3.49342
v -5.37461 70.82320 -4.20800
v -5.47998 70.82320 -4.05306
v -5.88976 70.89362 -3.49126
v -5.88932 70.82320 -3.45115
v -4.16439 71.14784 -4.31701
v -4.18686 71.21375 -4.34030
v -4.21655 71.27343 -4.37108
v -4.25266 71.32526 -4.40851
v -4.29420 71.36781 -4.45157
v -4.34003 71.39995 -4.49908
v -4.38891 71.42077 -4.54975
v -4.43951 71.42973 -4.60220
v -4.49043 71.42656 -4.65500
v -4.54031 71.41137 -4.70670
v -4.58776 71.38456 -4.75589
v -4.63151 71.34687 -4.80124
v -4.67035 71.29932 -4.84150
v -4.70322 71.24321 -4.87558
v -4.72924 71.18007 -4.90255
v -4.74769 71.11162 -4.92167
v -4.75806 71.03973 -4.93243
v -4.76008 70.96637 -4.93452
v -4.02973 70.96637 -5.54703
v -4.02802 71.03973 -5.54468
v -4.01924 71.11162 -5.53259
v -4.00362 71.18007 -5.51109
v -3.98159 71.24321 -5.48078
v -3.95376 71.29932 -5.44247
v -3.92087 71.34687 -5.39721
v -3.88384 71.38456 -5.34623
v -3.84366 71.41137 -5.29093
v -3.80144 71.42656 -5.23282
v -3.75832 71.42973 -5.17347
v -3.71549 71.42077 -5.11452
v -3.67411 71.39995 -5.05756
v -3.63530 71.36781 -5.00415
v -3.60013 71.32526 -4.95575
v -3.56956 71.27343 -4.91367
v -2.85360 71.27343 -5.36132
v -2.87804 71.32526 -5.40723
v -2.90616 71.36781 -5.46004
v -2.93718 71.39995 -5.51831
v -2.97027 71.42077 -5.58046
v -3.00452 71.42973 -5.64478
v -3.03899 71.42656 -5.70953
v -3.07274 71.41137 -5.77294
v -3.10487 71.38456 -5.83328
v -3.13448 71.34687 -5.88889
v -3.16077 71.29932 -5.93827
v -3.18302 71.24321 -5.98007
v -3.20063 71.18007 -6.01315
v -3.21312 71.11162 -6.03660
v -3.22014 71.03973 -6.04979
v -3.22150 70.96637 -6.05236
v 3.49715 69.14010 3.86882
v 4.29531 70.43256 3.78054
v 3.84630 68.90754 3.38536
v -5.07870 68.90754 -0.64900
v -4.89568 68.90754 -1.49821
v -4.98289 69.14010 -1.52492
v -4.82740 69.63744 -2.43315
v -4.75663 69.14010 -2.12790
v -4.57178 68.90754 -2.30427
v -4.11631 68.90754 -3.04400
v -1.48204 70.86073 -5.69628
v -2.10809 68.90754 -4.66552
v -1.28901 68.90754 -4.95492
v -0.55332 69.14010 -5.18178
v 1.48516 70.86073 -5.69628
v -0.44053 69.14010 -5.19262
v -0.43280 68.90754 -5.10173
v 0.44364 69.14010 -5.19262
v 0.43591 68.90754 -5.10173
v 0.55643 69.14010 -5.18178
v 1.29212 68.90754 -4.95492
v 2.11120 68.90754 -4.66552
v 4.83051 69.63744 -2.43315
v 4.11942 68.90754 -3.04400
v 4.57489 68.90754 -2.30427
v 5.11868 68.90754 0.21893
v 5.51660 70.02514 -0.70467
v 5.08181 68.90754 -0.64900
v 5.10267 69.14010 -1.07247
v 4.89879 68.90754 -1.49821
v 4.98601 69.14010 -1.52492
v 4.75974 69.14010 -2.12790
v 4.36286 68.90754 2.68692
v 3.27643 69.14010 4.05742
v 3.21913 68.90754 3.98645
v 2.59934 69.14010 4.52111
v 2.49940 68.90754 4.47290
v 2.56845 69.26852 4.59650
v 2.33530 70.18487 5.11709
v 1.70781 68.90754 4.83073
v -2.49629 68.90754 4.47290
v -2.56196 69.27570 4.59846
v -1.70470 68.90754 4.83073
v -2.33219 70.18487 5.11709
v -4.35975 68.90754 2.68692
v -4.29220 70.43256 3.78054
v -3.84319 68.90754 3.38536
v -3.49403 69.14010 3.86882
v -3.21602 68.90754 3.98645
v -3.27332 69.14010 4.05742
v -2.59623 69.14010 4.52111
v -5.51349 70.02514 -0.70467
v -5.09955 69.14010 -1.07247
v -5.11557 68.90754 0.21893
v -0.86402 68.90754 5.04962
v 0.00156 68.90754 5.12329
v -4.75085 68.90754 1.91123
v -5.00523 68.90754 1.08060
v -3.54237 68.90754 -3.69611
v -2.86649 68.90754 -4.24185
v 2.86960 68.90754 -4.24185
v 3.54548 68.90754 -3.69611
v 5.00834 68.90754 1.08060
v 4.75396 68.90754 1.91123
v 0.86713 68.90754 5.04962
v -3.06369 69.52229 5.51547
v -3.16031 69.14010 5.29749
v -4.05811 69.14010 4.64520
v -3.87331 69.14010 4.80048
v 3.06680 69.52229 5.51547
v 3.16342 69.14010 5.29749
v 3.87642 69.14010 4.80048
v 4.06122 69.14010 4.64520
v 6.61450 70.43053 -0.83133
v 5.78160 69.97535 -2.93396
v 5.67242 69.14010 -2.42445
v 6.01535 69.14010 -1.36902
v 5.89920 69.14010 -1.80458
v 0.52464 69.14010 -6.14423
v 0.55643 69.14010 -6.14144
v -0.52153 69.14010 -6.14423
v -0.55332 69.14010 -6.14144
v -5.77849 69.97535 -2.93396
v -5.66931 69.14010 -2.42445
v -5.89608 69.14010 -1.80458
v -6.01224 69.14010 -1.36902
v -6.61139 70.43053 -0.83133
v 0.59699 69.78613 -0.07469
v 0.59163 69.78613 -0.09955
v 0.80113 69.90594 -0.13555
v 0.57554 69.78613 -0.17422
v 0.56605 69.78613 -0.19782
v 0.76646 69.90594 -0.26870
v 0.53757 69.78613 -0.26870
v 0.52424 69.78613 -0.29035
v 0.70978 69.90594 -0.39408
v 0.48419 69.78613 -0.35540
v 0.46739 69.78613 -0.37449
v 0.63273 69.90594 -0.50808
v 0.41692 69.78613 -0.43183
v 0.39714 69.78613 -0.44781
v 0.53752 69.90594 -0.60742
v 0.33770 69.78613 -0.49579
v 0.31550 69.78613 -0.50820
v 0.42690 69.90594 -0.68924
v 0.24882 69.78613 -0.54545
v 0.22484 69.78613 -0.55392
v 0.30403 69.90594 -0.75119
v 0.15282 69.78613 -0.57937
v 0.12775 69.78613 -0.58367
v 0.17247 69.90594 -0.79148
v 0.05246 69.78613 -0.59658
v 0.02703 69.78613 -0.59658
v 0.03599 69.90594 -0.80896
v -0.04935 69.78613 -0.59658
v -0.07442 69.78613 -0.59228
v -0.10149 69.90594 -0.80312
v -0.14971 69.78613 -0.57937
v -0.17368 69.78613 -0.57090
v -0.23600 69.90594 -0.77413
v -0.24571 69.78613 -0.54545
v -0.26791 69.78613 -0.53305
v -0.36367 69.90594 -0.72283
v -0.33459 69.78613 -0.49579
v -0.35438 69.78613 -0.47982
v -0.48084 69.90594 -0.65068
v -0.41381 69.78613 -0.43183
v -0.43061 69.78613 -0.41274
v -0.58413 69.90594 -0.55978
v -0.48108 69.78613 -0.35540
v -0.49441 69.78613 -0.33374
v -0.67057 69.90594 -0.45272
v -0.53446 69.78613 -0.26870
v -0.54394 69.78613 -0.24510
v -0.73767 69.90594 -0.33260
v -0.57243 69.78613 -0.17422
v -0.57778 69.78613 -0.14936
v -0.78351 69.90594 -0.20286
v -0.59388 69.78613 -0.07469
v -0.59496 69.78613 -0.04928
v -0.80677 69.90594 -0.06724
v -0.59820 69.78613 0.02703
v -0.59497 69.78613 0.05226
v -0.80677 69.90594 0.07035
v -0.58526 69.78613 0.12802
v -0.57782 69.78613 0.15234
v -0.78351 69.90594 0.20597
v -0.37556 69.78613 0.46861
v -0.35449 69.78613 0.48285
v -0.48084 69.90594 0.65379
v -0.29121 69.78613 0.52562
v -0.26803 69.78613 0.53610
v -0.36367 69.90594 0.72594
v -0.19843 69.78613 0.56756
v -0.17382 69.78613 0.57397
v -0.23600 69.90594 0.77724
v -0.09990 69.78613 0.59321
v -0.07456 69.78613 0.59537
v -0.10149 69.90594 0.80623
v 0.00156 69.78613 0.60185
v 0.02689 69.78613 0.59969
v 0.03599 69.90594 0.81207
v 0.10301 69.78613 0.59321
v 0.12762 69.78613 0.58681
v 0.17247 69.90594 0.79459
v 0.20154 69.78613 0.56756
v 0.22471 69.78613 0.55708
v 0.30403 69.90594 0.75430
v 0.29432 69.78613 0.52562
v 0.31539 69.78613 0.51138
v 0.42690 69.90594 0.69235
v 0.37867 69.78613 0.46861
v 0.39703 69.78613 0.45101
v 0.53752 69.90594 0.61054
v 0.45218 69.78613 0.39815
v 0.46730 69.78613 0.37771
v 0.63273 69.90594 0.51120
v 0.51272 69.78613 0.31629
v 0.52417 69.78613 0.29359
v 0.70978 69.90594 0.39720
v 0.55856 69.78613 0.22538
v 0.56601 69.78613 0.20106
v 0.76646 69.90594 0.27181
v 0.58838 69.78613 0.12802
v 0.59161 69.78613 0.10280
v 0.80113 69.90594 0.13866
v 0.60131 69.78613 0.02703
v 0.60023 69.78613 0.00162
v 0.81280 69.90594 0.00156
v 0.10195 72.44136 -0.46430
v 0.05248 72.50233 -0.23475
v 0.09169 72.50233 -0.22275
v 0.00156 72.52284 0.00156
v 0.01181 72.50233 -0.23996
v 0.02178 72.44136 -0.47457
v 0.03117 72.34168 -0.69555
v -0.02915 72.50233 -0.23822
v -0.05897 72.44136 -0.47113
v -0.08707 72.34168 -0.69052
v -0.11263 72.20615 -0.89011
v -0.06923 72.50233 -0.22958
v -0.13799 72.44136 -0.45411
v -0.20276 72.34168 -0.66559
v -0.26168 72.20615 -0.85799
v -0.31307 72.03865 -1.02579
v -0.10727 72.50233 -0.21430
v -0.21299 72.44136 -0.42397
v -0.31257 72.34168 -0.62147
v -0.40315 72.20615 -0.80114
v -0.48216 72.03865 -0.95784
v -0.54733 71.84396 -1.08709
v -0.14219 72.50233 -0.19280
v -0.28182 72.44136 -0.38159
v -0.41334 72.34168 -0.55942
v -0.53299 72.20615 -0.72119
v -0.63734 72.03865 -0.86229
v -0.72342 71.84396 -0.97867
v -0.78874 71.62766 -1.06700
v -0.17297 72.50233 -0.16571
v -0.34249 72.44136 -0.32819
v -0.50218 72.34168 -0.48123
v -0.64744 72.20615 -0.62046
v -0.77414 72.03865 -0.74189
v -0.87865 71.84396 -0.84205
v -0.95796 71.62766 -0.91807
v -1.00983 71.39594 -0.96777
v -0.19872 72.50233 -0.13381
v -0.39327 72.44136 -0.26530
v -0.57652 72.34168 -0.38916
v -0.74323 72.20615 -0.50183
v -0.88863 72.03865 -0.60010
v -1.00856 71.84396 -0.68116
v -1.09958 71.62766 -0.74268
v -1.15909 71.39594 -0.78291
v -1.18540 71.15542 -0.80069
v -0.21872 72.50233 -0.09802
v -0.43269 72.44136 -0.19474
v -0.63424 72.34168 -0.28584
v -0.81759 72.20615 -0.36872
v -0.97751 72.03865 -0.44101
v -1.10941 71.84396 -0.50063
v -1.20952 71.62766 -0.54588
v -1.27497 71.39594 -0.57547
v -1.30391 71.15542 -0.58855
v -1.29548 70.91299 -0.58474
v -0.23238 72.50233 -0.05936
v -0.45962 72.44136 -0.11853
v -0.67366 72.34168 -0.17426
v -0.86838 72.20615 -0.22496
v -1.03822 72.03865 -0.26918
v -1.17829 71.84396 -0.30565
v -1.28461 71.62766 -0.33334
v -1.35413 71.39594 -0.35144
v -1.38486 71.15542 -0.35944
v -1.37591 70.91299 -0.35711
v -1.32755 70.67559 -0.34452
v -0.23931 72.50233 -0.01895
v -0.47328 72.44136 -0.03886
v -0.69366 72.34168 -0.05762
v -0.89415 72.20615 -0.07468
v -1.06901 72.03865 -0.08956
v -1.21324 71.84396 -0.10184
v -1.32271 71.62766 -0.11116
v -1.39429 71.39594 -0.11725
v -1.42592 71.15542 -0.11994
v -1.41671 70.91299 -0.11916
v -1.36692 70.67559 -0.11492
v -1.27797 70.45001 -0.10735
v -0.23931 72.50233 0.02206
v -0.47328 72.44136 0.04197
v -0.69366 72.34168 0.06073
v -0.89415 72.20615 0.07779
v -1.06901 72.03865 0.09267
v -1.21324 71.84396 0.10495
v -1.32271 71.62766 0.11427
v -1.39429 71.39594 0.12036
v -1.42592 71.15542 0.12305
v -1.41671 70.91299 0.12227
v -1.36692 70.67559 0.11803
v -1.27797 70.45001 0.11046
v -1.15241 70.24271 0.09977
v -0.23238 72.50233 0.06247
v -0.45962 72.44136 0.12164
v -0.67366 72.34168 0.17737
v -0.86838 72.20615 0.22807
v -1.03822 72.03865 0.27229
v -1.17829 71.84396 0.30876
v -1.28461 71.62766 0.33645
v -1.35413 71.39594 0.35455
v -1.38486 71.15542 0.36255
v -1.37591 70.91299 0.36022
v -1.32755 70.67559 0.34763
v -1.24116 70.45001 0.32513
v -1.11921 70.24271 0.29338
v -0.96519 70.05960 0.25328
v -0.21872 72.50233 0.10113
v -0.43269 72.44136 0.19785
v -0.63424 72.34168 0.28895
v -0.81759 72.20615 0.37183
v -0.97751 72.03865 0.44412
v -1.10941 71.84396 0.50374
v -1.20952 71.62766 0.54899
v -1.27497 71.39594 0.57858
v -1.30391 71.15542 0.59166
v -1.29548 70.91299 0.58785
v -1.24995 70.67559 0.56727
v -1.16860 70.45001 0.53050
v -1.05377 70.24271 0.47859
v -0.90875 70.05960 0.41304
v -0.73767 69.90594 0.33571
v -0.82611 70.05960 0.56096
v -0.67057 69.90594 0.45583
v -0.58413 69.90594 0.56289
v -0.19872 72.50233 0.13692
v -0.17297 72.50233 0.16882
v -0.34249 72.44136 0.33130
v -0.28182 72.44136 0.38470
v -0.41334 72.34168 0.56253
v -0.31257 72.34168 0.62458
v -0.40315 72.20615 0.80425
v -0.26168 72.20615 0.86110
v -0.31307 72.03865 1.02890
v -0.13492 72.03865 1.06729
v -0.15330 71.84396 1.21087
v 0.05330 71.84396 1.21965
v 0.05796 71.62766 1.32941
v 0.28156 71.62766 1.30078
v 0.29669 71.39594 1.37100
v 0.52389 71.39594 1.30142
v 0.53573 71.15542 1.33089
v 0.75270 71.15542 1.22149
v 0.74785 70.91299 1.21362
v 0.94196 70.91299 1.07006
v 0.90894 70.67559 1.03255
v 1.07013 70.67559 0.86437
v 1.00067 70.45001 0.80829
v 1.12264 70.45001 0.62783
v 1.01263 70.24271 0.56637
v 1.09354 70.24271 0.38738
v 0.94347 70.05960 0.33436
v 0.98617 70.05960 0.17038
v -0.39327 72.44136 0.26841
v -0.50218 72.34168 0.48434
v -0.53299 72.20615 0.72431
v -0.48216 72.03865 0.96095
v -0.35545 71.84396 1.16731
v -0.16726 71.62766 1.31985
v 0.06101 71.39594 1.40118
v 0.30338 71.15542 1.40204
v 0.53228 70.91299 1.32231
v 0.72165 70.67559 1.17107
v 0.84996 70.45001 0.96553
v 0.90263 70.24271 0.72912
v 0.87368 70.05960 0.48875
v -0.57652 72.34168 0.39227
v -0.64744 72.20615 0.62357
v -0.63734 72.03865 0.86540
v -0.54733 71.84396 1.09020
v -0.38762 71.62766 1.27235
v -0.17638 71.39594 1.39110
v 0.06236 71.15542 1.43290
v 0.30144 70.91299 1.39300
v 0.51365 70.67559 1.27594
v 0.67485 70.45001 1.09505
v 0.76671 70.24271 0.87094
v 0.77880 70.05960 0.62914
v -0.74323 72.20615 0.50494
v -0.77414 72.03865 0.74500
v -0.72342 71.84396 0.98178
v -0.59679 71.62766 1.18830
v -0.40866 71.39594 1.34104
v -0.18042 71.15542 1.42259
v 0.06197 70.91299 1.42367
v 0.29091 70.67559 1.34415
v 0.48036 70.45001 1.19311
v 0.60878 70.24271 0.98774
v 0.66156 70.05960 0.75147
v -0.88863 72.03865 0.60321
v -0.87865 71.84396 0.84516
v -0.78874 71.62766 1.07011
v -0.62913 71.39594 1.25245
v -0.41795 71.15542 1.37140
v -0.17924 70.91299 1.41342
v 0.05985 70.67559 1.37374
v 0.27210 70.45001 1.25689
v 0.43337 70.24271 1.07618
v 0.52533 70.05960 0.85222
v -1.00856 71.84396 0.68427
v -0.95796 71.62766 0.92118
v -0.83146 71.39594 1.12787
v -0.64342 71.15542 1.28080
v -0.41525 70.91299 1.36256
v -0.17289 70.67559 1.36386
v 0.05606 70.45001 1.28455
v 0.24555 70.24271 1.13370
v 0.37403 70.05960 0.92850
v -1.09958 71.62766 0.74579
v -1.00983 71.39594 0.97088
v -0.85034 71.15542 1.15339
v -0.63926 70.91299 1.27254
v -0.40061 70.67559 1.31478
v -0.16155 70.45001 1.27531
v 0.05071 70.24271 1.15865
v 0.21202 70.05960 0.97812
v -1.15909 71.39594 0.78602
v -1.03275 71.15542 0.99285
v -0.84484 70.91299 1.14596
v -0.61677 70.67559 1.22792
v -0.37447 70.45001 1.22942
v -0.14555 70.24271 1.15031
v 0.04395 70.05960 0.99964
v -1.18540 71.15542 0.80380
v -1.02607 70.91299 0.98646
v -0.81513 70.67559 1.10578
v -0.57657 70.45001 1.14821
v -0.33757 70.24271 1.10893
v -0.12533 70.05960 0.99245
v -1.17774 70.91299 0.79862
v -0.99000 70.67559 0.95188
v -0.76204 70.45001 1.03401
v -0.51984 70.24271 1.03569
v -0.29097 70.05960 0.95675
v -1.13634 70.67559 0.77064
v -0.92555 70.45001 0.89011
v -0.68711 70.24271 0.93270
v -0.44819 70.05960 0.89357
v -1.06238 70.45001 0.72065
v -0.83457 70.24271 0.80292
v -0.59247 70.05960 0.80474
v -0.95797 70.24271 0.65008
v -0.71967 70.05960 0.69279
v -0.43071 69.78613 0.41575
v -0.54400 69.78613 0.24809
v -0.50961 69.78613 0.31629
v -0.49449 69.78613 0.33674
v -0.44907 69.78613 0.39815
v 0.12830 72.50233 -0.20429
v 0.17924 72.44136 -0.44063
v 0.14855 72.34168 -0.68051
v 0.03971 72.20615 -0.89658
v -0.13492 72.03865 -1.06418
v -0.35545 71.84396 -1.16419
v -0.59679 71.62766 -1.18519
v -0.83146 71.39594 -1.12476
v -1.03275 71.15542 -0.98974
v -1.17774 70.91299 -0.79551
v -1.24995 70.67559 -0.56416
v -1.24116 70.45001 -0.32202
v -1.15241 70.24271 -0.09666
v -0.99383 70.05960 0.08628
v -0.55545 69.78613 0.22538
v 0.16126 72.50233 -0.17991
v 0.25141 72.44136 -0.40424
v 0.26171 72.34168 -0.64586
v 0.19095 72.20615 -0.87722
v 0.04716 72.03865 -1.07192
v -0.15330 71.84396 -1.20776
v -0.38762 71.62766 -1.26924
v -0.62913 71.39594 -1.24933
v -0.85034 71.15542 -1.15028
v -1.02607 70.91299 -0.98335
v -1.13634 70.67559 -0.76753
v -1.16860 70.45001 -0.52739
v -1.11921 70.24271 -0.29027
v -0.99383 70.05960 -0.08316
v 0.18963 72.50233 -0.15031
v 0.31640 72.44136 -0.35618
v 0.36738 72.34168 -0.59258
v 0.33673 72.20615 -0.83257
v 0.22792 72.03865 -1.04877
v 0.05330 71.84396 -1.21654
v -0.16726 71.62766 -1.31673
v -0.40866 71.39594 -1.33793
v -0.64342 71.15542 -1.27768
v -0.84484 70.91299 -1.14285
v -0.99000 70.67559 -0.94877
v -1.06238 70.45001 -0.71754
v -1.05377 70.24271 -0.47548
v -0.96519 70.05960 -0.25017
v 0.21259 72.50233 -0.11634
v 0.37233 72.44136 -0.29782
v 0.46253 72.34168 -0.52221
v 0.47288 72.20615 -0.76392
v 0.40217 72.03865 -0.99541
v 0.25841 71.84396 -1.19027
v 0.05796 71.62766 -1.32630
v -0.17638 71.39594 -1.38799
v -0.41795 71.15542 -1.36829
v -0.63926 70.91299 -1.26943
v -0.81513 70.67559 -1.10267
v -0.92555 70.45001 -0.88700
v -0.95797 70.24271 -0.64697
v -0.90875 70.05960 -0.40993
v 0.22948 72.50233 -0.07898
v 0.41759 72.44136 -0.23086
v 0.54441 72.34168 -0.43677
v 0.59547 72.20615 -0.67326
v 0.56489 72.03865 -0.91336
v 0.45614 71.84396 -1.12972
v 0.28156 71.62766 -1.29767
v 0.06101 71.39594 -1.39807
v -0.18042 71.15542 -1.41948
v -0.41525 70.91299 -1.35945
v -0.61677 70.67559 -1.22481
v -0.76204 70.45001 -1.03090
v -0.83457 70.24271 -0.79981
v -0.82611 70.05960 -0.55785
v 0.23981 72.50233 -0.03930
v 0.45088 72.44136 -0.15720
v 0.61068 72.34168 -0.33872
v 0.70097 72.20615 -0.56318
v 0.71141 72.03865 -0.80500
v 0.64079 71.84396 -1.03662
v 0.49710 71.62766 -1.23166
v 0.29669 71.39594 -1.36789
v 0.06236 71.15542 -1.42979
v -0.17924 70.91299 -1.41031
v -0.40061 70.67559 -1.31167
v -0.57657 70.45001 -1.14510
v -0.68711 70.24271 -0.92958
v -0.71967 70.05960 -0.68968
v 0.24329 72.50233 0.00156
v 0.47125 72.44136 -0.07898
v 0.65943 72.34168 -0.23089
v 0.78635 72.20615 -0.43686
v 0.83751 72.03865 -0.67343
v 0.80704 71.84396 -0.91366
v 0.69839 71.62766 -1.13017
v 0.52389 71.39594 -1.29831
v 0.30338 71.15542 -1.39893
v 0.06197 70.91299 -1.42056
v -0.17289 70.67559 -1.36075
v -0.37447 70.45001 -1.22631
v -0.51984 70.24271 -1.03258
v -0.59247 70.05960 -0.80162
v 0.23981 72.50233 0.04241
v 0.47811 72.44136 0.00156
v 0.68925 72.34168 -0.11636
v 0.84915 72.20615 -0.29792
v 0.93956 72.03865 -0.52244
v 0.95013 71.84396 -0.76436
v 0.87963 71.62766 -0.99613
v 0.73605 71.39594 -1.19134
v 0.53573 71.15542 -1.32777
v 0.30144 70.91299 -1.38989
v 0.05985 70.67559 -1.37063
v -0.16155 70.45001 -1.27220
v -0.33757 70.24271 -1.10582
v -0.44819 70.05960 -0.89046
v 0.22948 72.50233 0.08209
v 0.47125 72.44136 0.08209
v 0.69929 72.34168 0.00156
v 0.88757 72.20615 -0.15037
v 1.01462 72.03865 -0.35638
v 1.06593 71.84396 -0.59304
v 1.03561 71.62766 -0.83338
v 0.92709 71.39594 -1.05005
v 0.75270 71.15542 -1.21838
v 0.53228 70.91299 -1.31920
v 0.29091 70.67559 -1.34104
v 0.05606 70.45001 -1.28144
v -0.14555 70.24271 -1.14720
v -0.29097 70.05960 -0.95364
v 0.21259 72.50233 0.11945
v 0.45088 72.44136 0.16031
v 0.68925 72.34168 0.11947
v 0.90050 72.20615 0.00156
v 1.06054 72.03865 -0.18003
v 1.15110 71.84396 -0.40461
v 1.16184 71.62766 -0.64662
v 1.09150 71.39594 -0.87851
v 0.94806 71.15542 -1.07389
v 0.74785 70.91299 -1.21051
v 0.51365 70.67559 -1.27283
v 0.27210 70.45001 -1.25378
v 0.05071 70.24271 -1.15554
v -0.12533 70.05960 -0.98934
v 0.18963 72.50233 0.15342
v 0.41759 72.44136 0.23397
v 0.65943 72.34168 0.23400
v 0.88757 72.20615 0.15348
v 1.07599 72.03865 0.00156
v 1.20321 71.84396 -0.20449
v 1.25469 71.62766 -0.44121
v 1.22455 71.39594 -0.68165
v 1.11620 71.15542 -0.89846
v 0.94196 70.91299 -1.06695
v 0.72165 70.67559 -1.16796
v 0.48036 70.45001 -1.19000
v 0.24555 70.24271 -1.13059
v 0.04395 70.05960 -0.99653
v 0.16126 72.50233 0.18302
v 0.37233 72.44136 0.30093
v 0.61068 72.34168 0.34184
v 0.84915 72.20615 0.30103
v 1.06054 72.03865 0.18314
v 1.22075 71.84396 0.00156
v 1.31149 71.62766 -0.22306
v 1.32242 71.39594 -0.46514
v 1.25227 71.15542 -0.69714
v 1.10901 70.91299 -0.89265
v 0.90894 70.67559 -1.02944
v 0.67485 70.45001 -1.09194
v 0.43337 70.24271 -1.07307
v 0.21202 70.05960 -0.97501
v 0.12830 72.50233 0.20740
v 0.31640 72.44136 0.35929
v 0.54441 72.34168 0.43988
v 0.78635 72.20615 0.43997
v 1.01462 72.03865 0.35949
v 1.20321 71.84396 0.20760
v 1.33061 71.62766 0.00156
v 1.38229 71.39594 -0.23520
v 1.35236 71.15542 -0.47571
v 1.24420 70.91299 -0.69263
v 1.07013 70.67559 -0.86126
v 0.84996 70.45001 -0.96242
v 0.60878 70.24271 -0.98463
v 0.37403 70.05960 -0.92539
v 0.09169 72.50233 0.22586
v 0.25141 72.44136 0.40735
v 0.46253 72.34168 0.52532
v 0.70097 72.20615 0.56629
v 0.93956 72.03865 0.52556
v 1.15110 71.84396 0.40772
v 1.31149 71.62766 0.22617
v 1.40245 71.39594 0.00156
v 1.41359 71.15542 -0.24056
v 1.34364 70.91299 -0.47263
v 1.20057 70.67559 -0.66826
v 1.00067 70.45001 -0.80518
v 0.76671 70.24271 -0.86783
v 0.52533 70.05960 -0.84911
v 0.05248 72.50233 0.23786
v 0.17924 72.44136 0.44374
v 0.36738 72.34168 0.59569
v 0.59547 72.20615 0.67637
v 0.83751 72.03865 0.67654
v 1.06593 71.84396 0.59615
v 1.25469 71.62766 0.44432
v 1.38229 71.39594 0.23831
v 1.43419 71.15542 0.00156
v 1.40448 70.91299 -0.23900
v 1.29653 70.67559 -0.45599
v 1.12264 70.45001 -0.62472
v 0.90263 70.24271 -0.72601
v 0.66156 70.05960 -0.74835
v 0.01181 72.50233 0.24307
v 0.10195 72.44136 0.46741
v 0.26171 72.34168 0.64897
v 0.47288 72.20615 0.76703
v 0.71141 72.03865 0.80811
v 0.95013 71.84396 0.76748
v 1.16184 71.62766 0.64973
v 1.32242 71.39594 0.46825
v 1.41359 71.15542 0.24367
v 1.42495 70.91299 0.00156
v 1.35522 70.67559 -0.23055
v 1.21236 70.45001 -0.42625
v 1.01263 70.24271 -0.56326
v 0.77880 70.05960 -0.62603
v -0.02915 72.50233 0.24133
v 0.02178 72.44136 0.47768
v 0.14855 72.34168 0.68363
v 0.33673 72.20615 0.83568
v 0.56489 72.03865 0.91647
v 0.80704 71.84396 0.91677
v 1.03561 71.62766 0.83649
v 1.22455 71.39594 0.68476
v 1.35236 71.15542 0.47882
v 1.40448 70.91299 0.24211
v 1.37498 70.67559 0.00156
v 1.26724 70.45001 -0.21547
v 1.09354 70.24271 -0.38427
v 0.87368 70.05960 -0.48564
v -0.06923 72.50233 0.23269
v -0.05897 72.44136 0.47425
v 0.03117 72.34168 0.69866
v 0.19095 72.20615 0.88033
v 0.40217 72.03865 0.99852
v 0.64079 71.84396 1.03973
v 0.87963 71.62766 0.99924
v 1.09150 71.39594 0.88162
v 1.25227 71.15542 0.70025
v 1.34364 70.91299 0.47574
v 1.35522 70.67559 0.23367
v 1.28571 70.45001 0.00156
v 1.14303 70.24271 -0.19417
v 0.94347 70.05960 -0.33125
v -0.10727 72.50233 0.21741
v -0.13799 72.44136 0.45722
v -0.08707 72.34168 0.69363
v 0.03971 72.20615 0.89969
v 0.22792 72.03865 1.05188
v 0.45614 71.84396 1.13283
v 0.69839 71.62766 1.13328
v 0.92709 71.39594 1.05316
v 1.11620 71.15542 0.90157
v 1.24420 70.91299 0.69574
v 1.29653 70.67559 0.45910
v 1.26724 70.45001 0.21858
v 1.15969 70.24271 0.00156
v 0.98617 70.05960 -0.16727
v -0.14219 72.50233 0.19591
v -0.21299 72.44136 0.42708
v -0.20276 72.34168 0.66870
v -0.11263 72.20615 0.89322
v 0.04716 72.03865 1.07503
v 0.25841 71.84396 1.19338
v 0.49710 71.62766 1.23477
v 0.73605 71.39594 1.19445
v 0.94806 71.15542 1.07700
v 1.10901 70.91299 0.89576
v 1.20057 70.67559 0.67137
v 1.21236 70.45001 0.42936
v 1.14303 70.24271 0.19728
v 1.00054 70.05960 0.00156
v -0.35700 69.56977 2.09267
v 0.00156 69.56977 2.12319
v -0.70525 69.56977 2.00200
v -1.03316 69.56977 1.85378
v -1.33130 69.56977 1.65227
v -1.59110 69.56977 1.40327
v -1.80508 69.56977 1.11395
v -1.96709 69.56977 0.79262
v -2.07246 69.56977 0.44854
v -2.11817 69.56977 0.09160
v -2.10290 69.56977 -0.26793
v -2.02708 69.56977 -0.61971
v -1.89291 69.56977 -0.95361
v -1.70423 69.56977 -1.26004
v -1.46649 69.56977 -1.53017
v -1.18651 69.56977 -1.75624
v -0.87235 69.56977 -1.93174
v -0.53305 69.56977 -2.05162
v -0.17837 69.56977 -2.11244
v 0.18148 69.56977 -2.11244
v 0.53616 69.56977 -2.05162
v 0.87546 69.56977 -1.93174
v 1.18962 69.56977 -1.75624
v 1.46960 69.56977 -1.53017
v 1.70735 69.56977 -1.26004
v 1.89602 69.56977 -0.95361
v 2.03019 69.56977 -0.61971
v 2.10601 69.56977 -0.26793
v 2.12128 69.56977 0.09160
v 2.07557 69.56977 0.44854
v 1.97020 69.56977 0.79262
v 1.80819 69.56977 1.11395
v 1.59421 69.56977 1.40327
v 1.33441 69.56977 1.65227
v 1.03627 69.56977 1.85378
v 0.70836 69.56977 2.00200
v 0.36011 69.56977 2.09267
v 0.61504 69.27665 3.57941
v 1.21088 69.27665 3.42427
v 1.77193 69.27665 3.17066
v 2.28204 69.27665 2.82588
v 2.72655 69.27665 2.39986
v 3.09267 69.27665 1.90483
v 3.36986 69.27665 1.35505
v 3.55015 69.27665 0.76634
v 3.62836 69.27665 0.15562
v 3.60223 69.27665 -0.45953
v 3.47251 69.27665 -1.06141
v 3.24294 69.27665 -1.63272
v 2.92013 69.27665 -2.15701
v 2.51335 69.27665 -2.61920
v 2.03431 69.27665 -3.00600
v 1.49679 69.27665 -3.30627
v 0.91625 69.27665 -3.51139
v 0.30941 69.27665 -3.61544
v -0.30630 69.27665 -3.61544
v -0.91314 69.27665 -3.51139
v -1.49368 69.27665 -3.30627
v -2.03120 69.27665 -3.00600
v -2.51023 69.27665 -2.61920
v -2.91701 69.27665 -2.15701
v -3.23983 69.27665 -1.63272
v -3.46940 69.27665 -1.06141
v -3.59912 69.27665 -0.45953
v -3.62525 69.27665 0.15562
v -3.54704 69.27665 0.76634
v -3.36675 69.27665 1.35505
v -3.08956 69.27665 1.90483
v -2.72344 69.27665 2.39986
v -2.27893 69.27665 2.82588
v -1.76881 69.27665 3.17066
v -1.20777 69.27665 3.42427
v -0.61193 69.27665 3.57941
v 0.00156 69.27665 3.63163

vn 0.64776 0.10466 -0.75462
vn 0.68763 0.10296 -0.71873
vn 0.47825 0.66645 -0.57195
vn 0.98303 0.10461 -0.15068
vn 0.98996 0.10291 -0.09687
vn 0.73582 0.66654 -0.11956
vn 0.84406 0.10452 0.52596
vn 0.81392 0.10282 0.57181
vn 0.63461 0.66661 0.39103
vn 0.29788 0.10441 0.94888
vn 0.24455 0.10269 0.96418
vn 0.22402 0.66667 0.71089
vn -0.64776 0.10466 0.75462
vn -0.68762 0.10296 0.71873
vn -0.47825 0.66645 0.57195
vn -0.98303 0.10461 0.15068
vn -0.98996 0.10291 0.09687
vn -0.73582 0.66654 0.11956
vn -0.84406 0.10452 -0.52596
vn -0.81392 0.10282 -0.57181
vn -0.63461 0.66661 -0.39103
vn -0.20078 0.10182 -0.97433
vn -0.11559 0.72050 -0.68375
vn -0.24455 0.10269 -0.96418
vn -0.22402 0.66667 -0.71089
vn -0.29788 0.10441 -0.94888
vn -0.37684 0.10387 -0.92044
vn -0.32386 0.66631 -0.67167
vn -0.41897 -0.30813 -0.85412
vn -0.49089 0.10445 -0.86494
vn -0.38624 0.72076 -0.57561
vn -0.52597 0.10627 -0.84384
vn -0.50151 0.66630 -0.55185
vn -0.65544 -0.30813 -0.68953
vn -0.63336 0.10329 -0.76694
vn -0.56846 0.10361 -0.81616
vn -0.62556 0.49904 -0.59969
vn -0.53461 0.72059 -0.44152
vn -0.72184 -0.30813 -0.61968
vn -0.78693 0.10225 -0.60851
vn -0.88574 0.10398 -0.45240
vn -0.68440 0.66632 -0.29600
vn -0.87425 -0.30813 -0.37517
vn -0.93607 0.10446 -0.33596
vn -0.66868 0.72075 -0.18273
vn -0.94875 0.10616 -0.29767
vn -0.74033 0.66630 -0.08916
vn -0.94646 -0.30813 -0.09625
vn -0.98021 0.10345 -0.16880
vn -0.96291 0.10386 -0.24902
vn -0.99362 0.10436 -0.04276
vn -0.69310 0.72067 0.01574
vn -0.99432 0.10641 0.00000
vn -0.99342 0.10264 0.05083
vn -0.96659 0.10408 0.23426
vn -0.66016 0.72026 0.21310
vn -0.90772 -0.30813 0.28480
vn -0.61818 0.66631 0.41700
vn -0.78083 -0.30813 0.54347
vn -0.85338 0.10361 0.51089
vn -0.67126 0.66675 0.32381
vn -0.89282 0.10408 0.43822
vn -0.80082 0.49549 0.33641
vn -0.88784 -0.30858 0.34135
vn -0.78139 0.10440 0.61525
vn -0.51392 0.72072 0.46524
vn -0.75445 0.10639 0.64768
vn -0.72066 0.10300 0.68560
vn -0.58033 0.10416 0.80769
vn -0.35988 0.72039 0.59289
vn -0.50323 -0.30813 0.80735
vn -0.29574 0.66672 0.68413
vn -0.19460 0.66631 0.71983
vn -0.31418 0.10374 0.94368
vn -0.39202 0.10426 0.91403
vn -0.38786 0.49581 0.77700
vn -0.45133 -0.30856 0.83731
vn -0.10026 0.10332 0.98958
vn -0.15057 0.10634 0.98286
vn -0.08438 0.72076 0.68803
vn -0.19153 0.10443 0.97591
vn -0.23846 -0.30813 0.92098
vn -0.01956 0.10311 0.99448
vn 0.01803 0.58605 0.81007
vn 0.08638 0.10424 0.99079
vn 0.11559 0.72050 0.68375
vn 0.14406 -0.30813 0.94037
vn 0.20078 0.10182 0.97433
vn 0.37684 0.10387 0.92044
vn 0.32386 0.66631 0.67167
vn 0.41897 -0.30813 0.85412
vn 0.49089 0.10445 0.86494
vn 0.38624 0.72076 0.57561
vn 0.52597 0.10627 0.84384
vn 0.50151 0.66630 0.55185
vn 0.65544 -0.30813 0.68953
vn 0.63336 0.10329 0.76694
vn 0.56846 0.10361 0.81616
vn 0.62556 0.49905 0.59969
vn 0.53461 0.72059 0.44152
vn 0.72184 -0.30813 0.61968
vn 0.78693 0.10225 0.60851
vn 0.88574 0.10398 0.45239
vn 0.68440 0.66632 0.29600
vn 0.87425 -0.30813 0.37517
vn 0.93607 0.10446 0.33596
vn 0.66868 0.72075 0.18273
vn 0.94875 0.10616 0.29767
vn 0.74033 0.66630 0.08916
vn 0.94646 -0.30813 0.09625
vn 0.98021 0.10345 0.16880
vn 0.96291 0.10386 0.24902
vn 0.99362 0.10436 0.04276
vn 0.69310 0.72067 -0.01574
vn 0.99432 0.10640 0.00000
vn 0.99342 0.10264 -0.05083
vn 0.96659 0.10408 -0.23426
vn 0.66016 0.72026 -0.21310
vn 0.90772 -0.30813 -0.28480
vn 0.61818 0.66631 -0.41700
vn 0.78083 -0.30813 -0.54347
vn 0.85338 0.10361 -0.51089
vn 0.67126 0.66675 -0.32381
vn 0.89282 0.10408 -0.43822
vn 0.80082 0.49549 -0.33641
vn 0.88784 -0.30858 -0.34135
vn 0.78139 0.10440 -0.61525
vn 0.51392 0.72072 -0.46524
vn 0.75445 0.10639 -0.64768
vn 0.72066 0.10300 -0.68560
vn 0.58033 0.10416 -0.80769
vn 0.35988 0.72039 -0.59289
vn 0.50323 -0.30813 -0.80735
vn 0.19460 0.66631 -0.71983
vn 0.23846 -0.30813 -0.92098
vn 0.31418 0.10374 -0.94368
vn 0.29574 0.66672 -0.68413
vn 0.39202 0.10426 -0.91403
vn 0.38786 0.49581 -0.77700
vn 0.45133 -0.30856 -0.83731
vn 0.19153 0.10443 -0.97591
vn 0.08438 0.72076 -0.68803
vn 0.15057 0.10634 -0.98286
vn -0.14406 -0.30813 -0.94038
vn -0.08638 0.10424 -0.99079
vn -0.01803 0.58605 -0.81007
vn 0.01956 0.10311 -0.99448
vn 0.10026 0.10332 -0.98958
vn 0.10895 -0.82584 0.55328
vn 0.16437 -0.82584 0.53942
vn 0.26995 -0.81899 0.50635
vn 0.40549 -0.82584 0.39187
vn 0.44306 -0.82584 0.34884
vn 0.47608 -0.82584 0.30222
vn 0.53465 -0.81899 0.20836
vn 0.57251 -0.81899 0.03875
vn 0.55809 -0.82584 -0.08079
vn 0.54139 -0.81898 -0.19017
vn 0.45963 -0.81899 -0.34352
vn 0.37083 -0.82584 -0.42482
vn 0.28691 -0.81899 -0.49693
vn 0.12499 -0.81899 -0.56004
vn -0.10895 -0.82584 -0.55328
vn -0.16436 -0.82584 -0.53942
vn -0.26995 -0.81899 -0.50635
vn -0.40549 -0.82584 -0.39187
vn -0.44306 -0.82584 -0.34884
vn -0.47608 -0.82584 -0.30222
vn -0.53465 -0.81899 -0.20836
vn -0.57251 -0.81899 -0.03875
vn -0.55809 -0.82584 0.08079
vn -0.54139 -0.81899 0.19017
vn -0.45963 -0.81899 0.34352
vn -0.37083 -0.82584 0.42482
vn -0.28691 -0.81899 0.49693
vn -0.12499 -0.81899 0.56004
vn 0.09035 0.80251 0.58976
vn 0.10203 0.53844 0.83647
vn 0.01921 0.98527 0.16991
vn 0.25177 0.63127 0.73356
vn 0.24616 0.53378 0.80900
vn 0.05302 0.98527 0.16256
vn 0.33394 0.67266 0.66031
vn 0.33545 0.50511 0.79520
vn 0.06919 0.98527 0.15636
vn 0.53493 0.44983 0.71519
vn 0.48394 0.53115 0.69547
vn 0.09451 0.98677 0.13173
vn 0.62660 0.64087 0.44346
vn 0.67392 0.53161 0.51305
vn 0.13638 0.98527 0.10314
vn 0.66323 0.69140 0.28652
vn 0.75401 0.55108 0.35746
vn 0.15435 0.98527 0.07357
vn 0.69082 0.68984 0.21654
vn 0.79457 0.53887 0.27980
vn 0.16100 0.98527 0.05758
vn 0.75733 0.64847 0.07701
vn 0.84798 0.51825 0.11110
vn 0.16059 0.98677 0.02226
vn 0.88955 0.41265 -0.19603
vn 0.85492 0.50296 -0.12704
vn 0.15989 0.98677 -0.02684
vn 0.57902 0.74930 -0.32138
vn 0.77477 0.50240 -0.38383
vn 0.15266 0.98527 -0.07702
vn 0.63990 0.54449 -0.54227
vn 0.65193 0.55686 -0.51468
vn 0.12677 0.98677 -0.10106
vn 0.43574 0.56316 -0.70213
vn 0.47026 0.53491 -0.70194
vn 0.09070 0.98677 -0.13437
vn 0.18278 0.65153 -0.73627
vn 0.26453 0.50929 -0.81893
vn 0.04935 0.98527 -0.16371
vn 0.05196 0.65569 -0.75324
vn 0.08608 0.55487 -0.82747
vn 0.01538 0.98527 -0.17030
vn -0.05196 0.65569 -0.75324
vn 0.00000 0.50065 -0.86565
vn -0.00192 0.98527 -0.17098
vn -0.20879 0.49709 -0.84220
vn -0.17371 0.54429 -0.82071
vn -0.03490 0.98677 -0.15832
vn -0.38800 0.67726 -0.62512
vn -0.41930 0.53802 -0.73124
vn -0.08466 0.98527 -0.14856
vn -0.42860 0.78294 -0.45089
vn -0.56919 0.51926 -0.63749
vn -0.11283 0.98527 -0.12848
vn -0.55780 0.68208 -0.47288
vn -0.60979 0.52461 -0.59410
vn -0.12525 0.98527 -0.11641
vn -0.70903 0.58515 -0.39354
vn -0.72889 0.50601 -0.46116
vn -0.13880 0.98677 -0.08378
vn -0.78290 0.59785 -0.17217
vn -0.83093 0.51381 -0.21345
vn -0.16600 0.98527 -0.04100
vn -0.71436 0.69976 -0.00595
vn -0.81690 0.57569 -0.03548
vn -0.17086 0.98527 -0.00674
vn -0.76419 0.64081 0.07334
vn -0.84952 0.52501 0.05173
vn -0.17066 0.98527 0.01058
vn -0.79451 0.55384 0.24904
vn -0.81183 0.53933 0.22374
vn -0.15635 0.98677 0.04288
vn -0.71552 0.48098 0.50665
vn -0.73212 0.51521 0.44560
vn -0.13634 0.98677 0.08771
vn -0.46958 0.62144 0.62715
vn -0.56512 0.50122 0.65530
vn -0.10991 0.98527 0.13098
vn -0.33394 0.67266 0.66031
vn -0.39843 0.56296 0.72410
vn -0.08130 0.98527 0.15043
vn -0.25177 0.63127 0.73356
vn -0.33545 0.50511 0.79520
vn -0.06566 0.98527 0.15788
vn -0.13157 0.53347 0.83553
vn -0.15921 0.54417 0.82373
vn -0.03036 0.98677 0.15925
vn -0.05673 0.76199 0.64510
vn -0.51303 0.76417 0.39096
vn -0.68027 0.68356 0.26456
vn -0.67443 0.65779 -0.33535
vn -0.22937 0.66093 -0.71454
vn 0.29498 0.77677 -0.55643
vn 0.53307 0.66945 -0.51737
vn 0.63124 0.75843 -0.16223
vn 0.74071 0.67024 0.04603
vn 0.49123 0.65730 0.57153
vn -0.06353 -0.83087 0.55283
vn -0.14237 -0.71182 0.68778
vn -0.07206 -0.71182 0.69865
vn -0.16412 -0.58467 0.79450
vn -0.08290 -0.58467 0.80703
vn -0.18127 -0.44112 0.87895
vn -0.09142 -0.44112 0.89278
vn -0.19333 -0.28521 0.93876
vn -0.09737 -0.28521 0.95351
vn -0.19998 -0.12131 0.97226
vn -0.10059 -0.12130 0.98751
vn -0.20102 0.04600 0.97851
vn -0.10100 0.04600 0.99382
vn -0.19643 0.21202 0.95732
vn -0.09857 0.21202 0.97228
vn -0.18633 0.37209 0.90930
vn -0.09338 0.37209 0.92349
vn -0.17101 0.52173 0.83579
vn -0.08557 0.52173 0.84881
vn -0.15089 0.65675 0.73886
vn -0.07537 0.65675 0.75033
vn -0.12654 0.77336 0.62121
vn -0.06305 0.77336 0.63083
vn -0.09865 0.86829 0.48615
vn -0.04896 0.86829 0.49364
vn -0.06799 0.93888 0.33747
vn -0.03350 0.93888 0.34262
vn -0.01748 0.97994 0.19853
vn -0.13453 0.93888 0.31688
vn -0.16590 0.93888 0.30164
vn -0.19449 0.86829 0.45634
vn -0.23966 0.86829 0.43433
vn -0.24900 0.77336 0.58302
vn -0.30671 0.77336 0.55484
vn -0.29653 0.65675 0.69336
vn -0.36516 0.65675 0.65980
vn -0.33575 0.52173 0.78426
vn -0.41337 0.52173 0.74627
vn -0.36556 0.37209 0.85318
vn -0.44999 0.37209 0.81182
vn -0.38511 0.21202 0.89818
vn -0.47401 0.21202 0.85461
vn -0.39388 0.04600 0.91801
vn -0.48473 0.04600 0.87345
vn -0.39160 -0.12131 0.91210
vn -0.48187 -0.12130 0.86781
vn -0.37835 -0.28521 0.88063
vn -0.46550 -0.28521 0.83783
vn -0.35449 -0.44112 0.82447
vn -0.43608 -0.44112 0.78438
vn -0.32069 -0.58467 0.74520
vn -0.39444 -0.58467 0.70893
vn -0.27791 -0.71182 0.64504
vn -0.34174 -0.71182 0.61362
vn -0.22611 -0.83087 0.50846
vn -0.12260 0.98527 0.11919
vn -0.15594 0.97994 0.12411
vn -0.24859 0.93888 0.23814
vn -0.27141 0.93888 0.21177
vn -0.35869 0.86829 0.34266
vn -0.39152 0.86829 0.30462
vn -0.45874 0.77336 0.43758
vn -0.50066 0.77336 0.38892
vn -0.54593 0.65675 0.52023
vn -0.59576 0.65675 0.46233
vn -0.61782 0.52173 0.58830
vn -0.67416 0.52173 0.52278
vn -0.67239 0.37209 0.63988
vn -0.73367 0.37209 0.56857
vn -0.70811 0.21202 0.67352
vn -0.77261 0.21202 0.59843
vn -0.72398 0.04600 0.68828
vn -0.78990 0.04600 0.61151
vn -0.71956 -0.12131 0.68375
vn -0.78504 -0.12131 0.60745
vn -0.69497 -0.28521 0.66006
vn -0.75818 -0.28521 0.58636
vn -0.65089 -0.44112 0.61786
vn -0.71006 -0.44112 0.54884
vn -0.58858 -0.58467 0.55834
vn -0.64204 -0.58467 0.49593
vn -0.50976 -0.71182 0.48317
vn -0.55603 -0.71182 0.42912
vn -0.40830 -0.83087 0.37809
vn -0.54120 0.79738 0.26702
vn -0.64524 0.71131 0.27875
vn -0.16349 0.98315 0.08175
vn -0.17034 0.98315 0.06638
vn -0.30848 0.93888 0.15280
vn -0.32236 0.93888 0.12081
vn -0.44482 0.86829 0.21957
vn -0.46475 0.86829 0.17344
vn -0.56870 0.77336 0.28018
vn -0.59412 0.77336 0.22121
vn -0.67663 0.65675 0.33294
vn -0.70684 0.65675 0.26278
vn -0.76560 0.52173 0.37637
vn -0.79975 0.52173 0.29698
vn -0.83311 0.37209 0.40925
vn -0.87023 0.37209 0.32286
vn -0.87726 0.21202 0.43065
vn -0.91633 0.21202 0.33969
vn -0.89683 0.04600 0.43999
vn -0.93674 0.04600 0.34700
vn -0.89125 -0.12131 0.43699
vn -0.93089 -0.12131 0.34458
vn -0.86069 -0.28521 0.42174
vn -0.89894 -0.28521 0.33250
vn -0.80601 -0.44112 0.39467
vn -0.84180 -0.44112 0.31110
vn -0.72873 -0.58467 0.35654
vn -0.76106 -0.58467 0.28098
vn -0.63103 -0.71182 0.30841
vn -0.65899 -0.71182 0.24299
vn -0.50276 -0.83087 0.23852
vn -0.34374 0.93888 0.01877
vn -0.34387 0.93888 -0.01610
vn -0.49536 0.86829 0.02636
vn -0.49549 0.86829 -0.02389
vn -0.63310 0.77336 0.03321
vn -0.63321 0.77336 -0.03101
vn -0.75309 0.65675 0.03912
vn -0.75319 0.65675 -0.03726
vn -0.85198 0.52173 0.04395
vn -0.85205 0.52173 -0.04247
vn -0.92698 0.37209 0.04754
vn -0.92703 0.37209 -0.04649
vn -0.97600 0.21202 0.04980
vn -0.97603 0.21202 -0.04920
vn -0.99766 0.04600 0.05066
vn -0.99766 0.04600 -0.05053
vn -0.99135 -0.12131 0.05010
vn -0.99133 -0.12131 -0.05045
vn -0.95725 -0.28521 0.04814
vn -0.95721 -0.28521 -0.04895
vn -0.89633 -0.44112 0.04483
vn -0.89626 -0.44112 -0.04608
vn -0.81027 -0.58467 0.04026
vn -0.81019 -0.58467 -0.04192
vn -0.70151 -0.71182 0.03457
vn -0.70141 -0.71182 -0.03658
vn -0.55608 -0.83087 0.02092
vn -0.65869 0.71187 -0.24364
vn -0.17190 0.98315 -0.06217
vn -0.33359 0.93888 -0.08500
vn -0.32328 0.93888 -0.11831
vn -0.48053 0.86829 -0.12315
vn -0.46561 0.86829 -0.17113
vn -0.61401 0.77336 -0.15784
vn -0.59489 0.77336 -0.21915
vn -0.73027 0.65675 -0.18812
vn -0.70749 0.65675 -0.26103
vn -0.82606 0.52173 -0.21312
vn -0.80026 0.52173 -0.29560
vn -0.89870 0.37209 -0.23214
vn -0.87060 0.37209 -0.32187
vn -0.94614 0.21202 -0.24466
vn -0.91654 0.21202 -0.33913
vn -0.96707 0.04600 -0.25032
vn -0.93678 0.04600 -0.34688
vn -0.96089 -0.12131 -0.24897
vn -0.93077 -0.12131 -0.34490
vn -0.92777 -0.28521 -0.24063
vn -0.89866 -0.28521 -0.33326
vn -0.86864 -0.44112 -0.22555
vn -0.84137 -0.44112 -0.31227
vn -0.78517 -0.58467 -0.20415
vn -0.76049 -0.58467 -0.28254
vn -0.67969 -0.71182 -0.17703
vn -0.65829 -0.71182 -0.24488
vn -0.53684 -0.83087 -0.14651
vn -0.42891 0.68097 -0.59356
vn -0.10557 0.98315 -0.14923
vn -0.19775 0.93888 -0.28179
vn -0.16823 0.93888 -0.30035
vn -0.28439 0.86829 -0.40644
vn -0.24182 0.86829 -0.43313
vn -0.36307 0.77336 -0.51971
vn -0.30863 0.77336 -0.55378
vn -0.43156 0.65675 -0.61841
vn -0.36678 0.65675 -0.65890
vn -0.48796 0.52173 -0.69978
vn -0.41466 0.52173 -0.74555
vn -0.53068 0.37209 -0.76153
vn -0.45092 0.37209 -0.81131
vn -0.55853 0.21202 -0.80193
vn -0.47453 0.21202 -0.85432
vn -0.57072 0.04600 -0.81986
vn -0.48485 0.04600 -0.87339
vn -0.56691 -0.12131 -0.81480
vn -0.48157 -0.12131 -0.86797
vn -0.54721 -0.28521 -0.78690
vn -0.46479 -0.28521 -0.83823
vn -0.51217 -0.44112 -0.73695
vn -0.43499 -0.44112 -0.78498
vn -0.46277 -0.58467 -0.66634
vn -0.39299 -0.58467 -0.70974
vn -0.40041 -0.71182 -0.57705
vn -0.33997 -0.71182 -0.61460
vn -0.31190 -0.83087 -0.46085
vn 0.14992 0.68345 -0.71443
vn 0.03543 0.98315 -0.17933
vn 0.03350 0.93888 -0.34262
vn 0.06799 0.93888 -0.33747
vn 0.04896 0.86829 -0.49364
vn 0.09865 0.86829 -0.48615
vn 0.06305 0.77336 -0.63083
vn 0.12654 0.77336 -0.62121
vn 0.07537 0.65675 -0.75033
vn 0.15089 0.65675 -0.73886
vn 0.08557 0.52173 -0.84881
vn 0.17101 0.52173 -0.83579
vn 0.09338 0.37209 -0.92349
vn 0.18633 0.37209 -0.90930
vn 0.09857 0.21202 -0.97228
vn 0.19643 0.21202 -0.95732
vn 0.10100 0.04600 -0.99382
vn 0.20102 0.04600 -0.97851
vn 0.10059 -0.12131 -0.98751
vn 0.19998 -0.12131 -0.97226
vn 0.09737 -0.28521 -0.95351
vn 0.19333 -0.28521 -0.93876
vn 0.09142 -0.44112 -0.89278
vn 0.18127 -0.44112 -0.87895
vn 0.08290 -0.58467 -0.80703
vn 0.16412 -0.58467 -0.79450
vn 0.07206 -0.71182 -0.69865
vn 0.14237 -0.71182 -0.68778
vn 0.06353 -0.83087 -0.55283
vn 0.06566 0.98527 -0.15788
vn 0.09436 0.97994 -0.17554
vn 0.13453 0.93888 -0.31688
vn 0.16590 0.93888 -0.30164
vn 0.19449 0.86829 -0.45634
vn 0.23966 0.86829 -0.43433
vn 0.24900 0.77336 -0.58302
vn 0.30671 0.77336 -0.55484
vn 0.29653 0.65675 -0.69336
vn 0.36516 0.65675 -0.65980
vn 0.33575 0.52173 -0.78426
vn 0.41337 0.52173 -0.74627
vn 0.36556 0.37209 -0.85318
vn 0.44999 0.37209 -0.81182
vn 0.38511 0.21202 -0.89818
vn 0.47401 0.21202 -0.85461
vn 0.39388 0.04600 -0.91801
vn 0.48473 0.04600 -0.87345
vn 0.39160 -0.12131 -0.91210
vn 0.48187 -0.12131 -0.86781
vn 0.37835 -0.28521 -0.88063
vn 0.46550 -0.28521 -0.83783
vn 0.35449 -0.44112 -0.82447
vn 0.43608 -0.44112 -0.78438
vn 0.32069 -0.58467 -0.74520
vn 0.39444 -0.58467 -0.70893
vn 0.27791 -0.71182 -0.64504
vn 0.34174 -0.71182 -0.61362
vn 0.22611 -0.83087 -0.50846
vn 0.52491 0.65099 -0.54835
vn 0.13035 0.98315 -0.12817
vn 0.24859 0.93888 -0.23814
vn 0.27141 0.93888 -0.21177
vn 0.35869 0.86829 -0.34266
vn 0.39152 0.86829 -0.30462
vn 0.45874 0.77336 -0.43758
vn 0.50066 0.77336 -0.38892
vn 0.54593 0.65675 -0.52023
vn 0.59576 0.65675 -0.46233
vn 0.61782 0.52173 -0.58830
vn 0.67417 0.52173 -0.52278
vn 0.67239 0.37209 -0.63988
vn 0.73367 0.37209 -0.56857
vn 0.70811 0.21202 -0.67352
vn 0.77261 0.21202 -0.59843
vn 0.72398 0.04600 -0.68828
vn 0.78990 0.04600 -0.61151
vn 0.71956 -0.12131 -0.68375
vn 0.78504 -0.12131 -0.60745
vn 0.69497 -0.28521 -0.66006
vn 0.75818 -0.28521 -0.58636
vn 0.65089 -0.44112 -0.61786
vn 0.71006 -0.44112 -0.54884
vn 0.58858 -0.58467 -0.55834
vn 0.64204 -0.58467 -0.49593
vn 0.50976 -0.71182 -0.48317
vn 0.55603 -0.71182 -0.42912
vn 0.40830 -0.83087 -0.37809
vn 0.65743 0.70306 -0.27109
vn 0.15967 0.98527 -0.06118
vn 0.30848 0.93888 -0.15280
vn 0.32236 0.93888 -0.12081
vn 0.44482 0.86829 -0.21957
vn 0.46475 0.86829 -0.17344
vn 0.56870 0.77336 -0.28018
vn 0.59412 0.77336 -0.22121
vn 0.67663 0.65675 -0.33294
vn 0.70684 0.65675 -0.26278
vn 0.76560 0.52173 -0.37637
vn 0.79975 0.52173 -0.29698
vn 0.83311 0.37209 -0.40925
vn 0.87023 0.37209 -0.32286
vn 0.87726 0.21202 -0.43065
vn 0.91633 0.21202 -0.33969
vn 0.89683 0.04600 -0.43999
vn 0.93674 0.04600 -0.34700
vn 0.89125 -0.12131 -0.43699
vn 0.93089 -0.12131 -0.34458
vn 0.86069 -0.28521 -0.42174
vn 0.89894 -0.28521 -0.33250
vn 0.80601 -0.44112 -0.39467
vn 0.84180 -0.44112 -0.31110
vn 0.72873 -0.58467 -0.35654
vn 0.76106 -0.58467 -0.28098
vn 0.63103 -0.71182 -0.30841
vn 0.65899 -0.71182 -0.24299
vn 0.50276 -0.83087 -0.23852
vn 0.70973 0.70375 -0.03210
vn 0.71436 0.69975 -0.00595
vn 0.18248 0.98315 -0.01065
vn 0.18271 0.98315 0.00617
vn 0.34374 0.93888 -0.01877
vn 0.34387 0.93888 0.01610
vn 0.49536 0.86829 -0.02636
vn 0.49549 0.86829 0.02389
vn 0.63310 0.77336 -0.03321
vn 0.63321 0.77336 0.03101
vn 0.75309 0.65675 -0.03912
vn 0.75319 0.65675 0.03726
vn 0.85198 0.52173 -0.04395
vn 0.85205 0.52173 0.04247
vn 0.92698 0.37209 -0.04754
vn 0.92703 0.37209 0.04649
vn 0.97600 0.21202 -0.04980
vn 0.97603 0.21202 0.04920
vn 0.99766 0.04600 -0.05066
vn 0.99766 0.04600 0.05053
vn 0.99135 -0.12131 -0.05010
vn 0.99133 -0.12131 0.05045
vn 0.95725 -0.28521 -0.04814
vn 0.95721 -0.28521 0.04895
vn 0.89633 -0.44112 -0.04483
vn 0.89626 -0.44112 0.04608
vn 0.81027 -0.58467 -0.04026
vn 0.81019 -0.58467 0.04192
vn 0.70151 -0.71182 -0.03457
vn 0.70141 -0.71182 0.03658
vn 0.55608 -0.83087 -0.02092
vn 0.70273 0.69153 0.16721
vn 0.17730 0.98315 0.04447
vn 0.33359 0.93888 0.08500
vn 0.32328 0.93888 0.11831
vn 0.48053 0.86829 0.12315
vn 0.46561 0.86829 0.17113
vn 0.61401 0.77336 0.15784
vn 0.59489 0.77336 0.21915
vn 0.73027 0.65675 0.18812
vn 0.70749 0.65675 0.26103
vn 0.82606 0.52173 0.21312
vn 0.80026 0.52173 0.29560
vn 0.89870 0.37209 0.23214
vn 0.87060 0.37209 0.32187
vn 0.94614 0.21202 0.24466
vn 0.91654 0.21202 0.33913
vn 0.96707 0.04600 0.25032
vn 0.93678 0.04600 0.34688
vn 0.96088 -0.12131 0.24897
vn 0.93077 -0.12131 0.34490
vn 0.92777 -0.28521 0.24063
vn 0.89866 -0.28521 0.33326
vn 0.86864 -0.44112 0.22555
vn 0.84137 -0.44112 0.31227
vn 0.78517 -0.58467 0.20415
vn 0.76048 -0.58467 0.28254
vn 0.67969 -0.71182 0.17703
vn 0.65829 -0.71182 0.24488
vn 0.53684 -0.83087 0.14651
vn 0.34731 0.69579 0.62869
vn 0.08993 0.98315 0.15914
vn 0.19775 0.93888 0.28179
vn 0.16823 0.93888 0.30035
vn 0.28440 0.86829 0.40644
vn 0.24182 0.86829 0.43313
vn 0.36307 0.77336 0.51971
vn 0.30863 0.77336 0.55378
vn 0.43156 0.65675 0.61841
vn 0.36678 0.65675 0.65890
vn 0.48796 0.52173 0.69978
vn 0.41466 0.52173 0.74555
vn 0.53068 0.37209 0.76153
vn 0.45092 0.37209 0.81131
vn 0.55853 0.21202 0.80193
vn 0.47453 0.21202 0.85432
vn 0.57072 0.04600 0.81986
vn 0.48485 0.04600 0.87339
vn 0.56691 -0.12130 0.81480
vn 0.48157 -0.12130 0.86797
vn 0.54721 -0.28521 0.78690
vn 0.46479 -0.28521 0.83823
vn 0.51217 -0.44112 0.73695
vn 0.43499 -0.44112 0.78498
vn 0.46278 -0.58467 0.66634
vn 0.39299 -0.58467 0.70974
vn 0.40041 -0.71182 0.57705
vn 0.33997 -0.71182 0.61460
vn 0.31190 -0.83087 0.46085
vn 0.01329 0.68335 0.72997
vn 0.00140 0.98315 0.18279
vn 0.00133 0.93888 0.34425
vn 0.00123 0.86829 0.49606
vn 0.00110 0.77336 0.63397
vn 0.00093 0.65675 0.75411
vn 0.00074 0.52173 0.85311
vn 0.00053 0.37209 0.92820
vn 0.00030 0.21202 0.97727
vn 0.00007 0.04600 0.99894
vn -0.00017 -0.12131 0.99262
vn -0.00040 -0.28521 0.95846
vn -0.00063 -0.44112 0.89745
vn -0.00083 -0.58467 0.81127
vn -0.00101 -0.71182 0.70236
vn -0.00116 -0.81902 0.57376
vn -0.17287 -0.81902 0.54710
vn -0.21122 -0.71182 0.66985
vn -0.24366 -0.58467 0.77382
vn -0.26926 -0.44112 0.85610
vn -0.28731 -0.28521 0.91439
vn -0.29732 -0.12130 0.94704
vn -0.29898 0.04600 0.95315
vn -0.29227 0.21202 0.93254
vn -0.27736 0.37209 0.88579
vn -0.25468 0.52173 0.81421
vn -0.22486 0.65675 0.71980
vn -0.18874 0.77336 0.60522
vn -0.14733 0.86829 0.47368
vn -0.10178 0.93888 0.32886
vn -0.05339 0.98315 0.17482
vn -0.21364 0.67586 0.70539
vn -0.32872 -0.81902 0.47026
vn -0.40206 -0.71182 0.57589
vn -0.46414 -0.58467 0.66539
vn -0.51320 -0.44112 0.73623
vn -0.54787 -0.28521 0.78644
vn -0.56719 -0.12130 0.81460
vn -0.57061 0.04600 0.81993
vn -0.55803 0.21202 0.80228
vn -0.52982 0.37209 0.76213
vn -0.48675 0.52173 0.70062
vn -0.43003 0.65675 0.61948
vn -0.36127 0.77336 0.52097
vn -0.28237 0.86829 0.40785
vn -0.19556 0.93888 0.28331
vn -0.10328 0.98315 0.15082
vn -0.42019 0.67554 0.60588
vn -0.22322 0.93888 0.26207
vn -0.32219 0.86829 0.37719
vn -0.41212 0.77336 0.48174
vn -0.49050 0.65675 0.57279
vn -0.55513 0.52173 0.64778
vn -0.60420 0.37209 0.70462
vn -0.63634 0.21202 0.74170
vn -0.65063 0.04600 0.75800
vn -0.64669 -0.12130 0.75304
vn -0.62462 -0.28521 0.72698
vn -0.58505 -0.44112 0.68054
vn -0.52907 -0.58467 0.61502
vn -0.45826 -0.71182 0.53226
vn -0.50334 0.69861 0.50852
vn -0.48753 -0.81902 0.30251
vn -0.59659 -0.71182 0.37067
vn -0.68892 -0.58467 0.42843
vn -0.76194 -0.44112 0.47419
vn -0.81361 -0.28521 0.50665
vn -0.84247 -0.12131 0.52491
vn -0.84771 0.04600 0.52846
vn -0.82919 0.21202 0.51719
vn -0.78743 0.37209 0.49143
vn -0.72359 0.52173 0.45189
vn -0.63948 0.65675 0.39969
vn -0.53743 0.77336 0.33628
vn -0.42033 0.86829 0.26344
vn -0.29144 0.93888 0.18323
vn -0.59084 0.58450 0.55612
vn -0.55573 -0.81902 0.14269
vn -0.68019 -0.71182 0.17507
vn -0.78558 -0.58467 0.20255
vn -0.86895 -0.44112 0.22434
vn -0.92797 -0.28521 0.23985
vn -0.96097 -0.12131 0.24864
vn -0.96704 0.04600 0.25045
vn -0.94599 0.21202 0.24524
vn -0.89843 0.37209 0.23316
vn -0.82569 0.52173 0.21455
vn -0.72980 0.65675 0.18992
vn -0.61346 0.77336 0.15997
vn -0.47992 0.86829 0.12553
vn -0.33293 0.93888 0.08758
vn -0.73355 0.66843 0.12291
vn -0.18047 0.98315 0.02906
vn -0.34008 0.93888 0.05345
vn -0.49015 0.86829 0.07634
vn -0.62649 0.77336 0.09708
vn -0.74527 0.65675 0.11511
vn -0.84316 0.52173 0.12992
vn -0.91741 0.37209 0.14108
vn -0.96595 0.21202 0.14828
vn -0.98741 0.04600 0.15133
vn -0.98119 -0.12131 0.15014
vn -0.94747 -0.28521 0.14474
vn -0.88719 -0.44112 0.13528
vn -0.80204 -0.58467 0.12203
vn -0.69441 -0.71182 0.10536
vn -0.56697 -0.81902 -0.08803
vn -0.69411 -0.71182 -0.10735
vn -0.80179 -0.58467 -0.12367
vn -0.88700 -0.44112 -0.13652
vn -0.94735 -0.28521 -0.14554
vn -0.98114 -0.12131 -0.15048
vn -0.98743 0.04600 -0.15120
vn -0.96604 0.21202 -0.14769
vn -0.91757 0.37209 -0.14003
vn -0.84338 0.52173 -0.12845
vn -0.74555 0.65675 -0.11327
vn -0.62682 0.77336 -0.09492
vn -0.49053 0.86829 -0.07390
vn -0.34048 0.93888 -0.05081
vn -0.18089 0.98315 -0.02630
vn -0.74498 0.65802 -0.10961
vn -0.51461 -0.81902 -0.25372
vn -0.63014 -0.71182 -0.31022
vn -0.72800 -0.58467 -0.35802
vn -0.80546 -0.44112 -0.39579
vn -0.86034 -0.28521 -0.42246
vn -0.89110 -0.12131 -0.43730
vn -0.89688 0.04600 -0.43987
vn -0.87753 0.21202 -0.43011
vn -0.83357 0.37209 -0.40830
vn -0.76625 0.52173 -0.37504
vn -0.67745 0.65675 -0.33127
vn -0.56966 0.77336 -0.27821
vn -0.44591 0.86829 -0.21736
vn -0.30966 0.93888 -0.15041
vn -0.16547 0.98315 -0.07772
vn -0.65743 0.70306 -0.27109
vn -0.29285 0.93888 -0.18096
vn -0.42163 0.86829 -0.26135
vn -0.53859 0.77336 -0.33442
vn -0.64046 0.65675 -0.39811
vn -0.72438 0.52173 -0.45064
vn -0.78799 0.37209 -0.49053
vn -0.82951 0.21202 -0.51668
vn -0.84778 0.04600 -0.52835
vn -0.84229 -0.12131 -0.52520
vn -0.81318 -0.28521 -0.50734
vn -0.76128 -0.44112 -0.47525
vn -0.68804 -0.58467 -0.42984
vn -0.59552 -0.71182 -0.37238
vn -0.55479 -0.71182 -0.43072
vn -0.64103 -0.58467 -0.49724
vn -0.70930 -0.44112 -0.54983
vn -0.75768 -0.28521 -0.58700
vn -0.78483 -0.12131 -0.60772
vn -0.78998 0.04600 -0.61141
vn -0.77298 0.21202 -0.59795
vn -0.73432 0.37209 -0.56774
vn -0.67507 0.52173 -0.52161
vn -0.59690 0.65675 -0.46086
vn -0.50200 0.77336 -0.38719
vn -0.39303 0.86829 -0.30267
vn -0.27304 0.93888 -0.20966
vn -0.14540 0.98315 -0.11078
vn -0.56824 0.69092 -0.44691
vn -0.50837 -0.71182 -0.48463
vn -0.58743 -0.58467 -0.55954
vn -0.65003 -0.44112 -0.61876
vn -0.69441 -0.28521 -0.66064
vn -0.71932 -0.12131 -0.68400
vn -0.72407 0.04600 -0.68819
vn -0.70852 0.21202 -0.67309
vn -0.67311 0.37209 -0.63911
vn -0.61884 0.52173 -0.58723
vn -0.54721 0.65675 -0.51888
vn -0.46025 0.77336 -0.43599
vn -0.36039 0.86829 -0.34088
vn -0.25043 0.93888 -0.23621
vn -0.37285 -0.81902 -0.43610
vn -0.45673 -0.71182 -0.53358
vn -0.52781 -0.58467 -0.61610
vn -0.58410 -0.44112 -0.68135
vn -0.62401 -0.28521 -0.72751
vn -0.64643 -0.12131 -0.75327
vn -0.65073 0.04600 -0.75791
vn -0.63679 0.21202 -0.74131
vn -0.60500 0.37209 -0.70393
vn -0.55625 0.52173 -0.64682
vn -0.49191 0.65675 -0.57158
vn -0.41378 0.77336 -0.48031
vn -0.32406 0.86829 -0.37559
vn -0.22525 0.93888 -0.26033
vn -0.22520 -0.81902 -0.52772
vn -0.27605 -0.71182 -0.64584
vn -0.31917 -0.58467 -0.74585
vn -0.35334 -0.44112 -0.82496
vn -0.37761 -0.28521 -0.88095
vn -0.39129 -0.12131 -0.91224
vn -0.39400 0.04600 -0.91796
vn -0.38567 0.21202 -0.89795
vn -0.36652 0.37209 -0.85276
vn -0.33711 0.52173 -0.78368
vn -0.29824 0.65675 -0.69263
vn -0.25102 0.77336 -0.58216
vn -0.19676 0.86829 -0.45537
vn -0.13698 0.93888 -0.31582
vn -0.07337 0.98315 -0.16742
vn -0.29031 0.69846 -0.65413
vn -0.27021 0.68667 -0.67488
vn -0.05767 0.98315 -0.17348
vn -0.10433 0.93888 -0.32806
vn -0.14968 0.86829 -0.47294
vn -0.19083 0.77336 -0.60457
vn -0.22664 0.65675 -0.71924
vn -0.25609 0.52173 -0.81376
vn -0.27837 0.37209 -0.88547
vn -0.29284 0.21202 -0.93236
vn -0.29911 0.04600 -0.95311
vn -0.29699 -0.12131 -0.94714
vn -0.28654 -0.28521 -0.91463
vn -0.26807 -0.44112 -0.85648
vn -0.24207 -0.58467 -0.77432
vn -0.20930 -0.71182 -0.67045
vn -0.14039 -0.71182 -0.68819
vn -0.16250 -0.58467 -0.79483
vn -0.18004 -0.44112 -0.87920
vn -0.19254 -0.28521 -0.93893
vn -0.19964 -0.12131 -0.97233
vn -0.20115 0.04600 -0.97848
vn -0.19702 0.21202 -0.95720
vn -0.18736 0.37209 -0.90909
vn -0.17245 0.52173 -0.83550
vn -0.15271 0.65675 -0.73848
vn -0.12869 0.77336 -0.62077
vn -0.10106 0.86829 -0.48566
vn -0.07060 0.93888 -0.33693
vn -0.05689 -0.81902 -0.57093
vn -0.07005 -0.71182 -0.69886
vn -0.08125 -0.58467 -0.80719
vn -0.09017 -0.44112 -0.89291
vn -0.09656 -0.28521 -0.95359
vn -0.10025 -0.12131 -0.98754
vn -0.10113 0.04600 -0.99381
vn -0.09917 0.21202 -0.97222
vn -0.09443 0.37209 -0.92338
vn -0.08704 0.52173 -0.84866
vn -0.07722 0.65675 -0.75014
vn -0.06523 0.77336 -0.63060
vn -0.05141 0.86829 -0.49339
vn -0.03615 0.93888 -0.34235
vn -0.01988 0.98315 -0.18171
vn -0.07593 0.69043 -0.71941
vn -0.00133 0.93888 -0.34425
vn -0.00123 0.86829 -0.49606
vn -0.00110 0.77336 -0.63397
vn -0.00093 0.65675 -0.75411
vn -0.00074 0.52173 -0.85311
vn -0.00053 0.37209 -0.92820
vn -0.00030 0.21202 -0.97727
vn -0.00007 0.04600 -0.99894
vn 0.00017 -0.12131 -0.99262
vn 0.00040 -0.28521 -0.95846
vn 0.00063 -0.44112 -0.89745
vn 0.00083 -0.58467 -0.81127
vn 0.00101 -0.71182 -0.70236
vn 0.00116 -0.81902 -0.57376
vn 0.17287 -0.81902 -0.54710
vn 0.21122 -0.71182 -0.66985
vn 0.24366 -0.58467 -0.77382
vn 0.26926 -0.44112 -0.85610
vn 0.28731 -0.28521 -0.91439
vn 0.29732 -0.12131 -0.94704
vn 0.29898 0.04600 -0.95315
vn 0.29227 0.21202 -0.93254
vn 0.27736 0.37209 -0.88579
vn 0.25468 0.52173 -0.81421
vn 0.22486 0.65675 -0.71980
vn 0.18874 0.77336 -0.60522
vn 0.14733 0.86829 -0.47368
vn 0.10178 0.93888 -0.32886
vn 0.27021 0.68667 -0.67488
vn 0.32872 -0.81902 -0.47026
vn 0.40206 -0.71182 -0.57589
vn 0.46414 -0.58467 -0.66539
vn 0.51320 -0.44112 -0.73623
vn 0.54787 -0.28521 -0.78644
vn 0.56719 -0.12131 -0.81460
vn 0.57061 0.04600 -0.81993
vn 0.55803 0.21202 -0.80228
vn 0.52982 0.37209 -0.76213
vn 0.48675 0.52173 -0.70062
vn 0.43003 0.65675 -0.61948
vn 0.36127 0.77336 -0.52097
vn 0.28237 0.86829 -0.40785
vn 0.19556 0.93888 -0.28331
vn 0.27086 0.72654 -0.63148
vn 0.47165 0.67476 -0.56766
vn 0.11800 0.98315 -0.13960
vn 0.22322 0.93888 -0.26207
vn 0.32219 0.86829 -0.37719
vn 0.41212 0.77336 -0.48174
vn 0.49050 0.65675 -0.57279
vn 0.55513 0.52173 -0.64778
vn 0.60420 0.37209 -0.70462
vn 0.63634 0.21202 -0.74170
vn 0.65063 0.04600 -0.75800
vn 0.64669 -0.12131 -0.75304
vn 0.62462 -0.28521 -0.72698
vn 0.58505 -0.44112 -0.68054
vn 0.52907 -0.58467 -0.61502
vn 0.45826 -0.71182 -0.53226
vn 0.48753 -0.81902 -0.30251
vn 0.59659 -0.71182 -0.37067
vn 0.68892 -0.58467 -0.42843
vn 0.76194 -0.44112 -0.47419
vn 0.81361 -0.28521 -0.50665
vn 0.84247 -0.12131 -0.52491
vn 0.84771 0.04600 -0.52846
vn 0.82919 0.21202 -0.51719
vn 0.78743 0.37209 -0.49143
vn 0.72359 0.52173 -0.45189
vn 0.63948 0.65675 -0.39969
vn 0.53743 0.77336 -0.33628
vn 0.42033 0.86829 -0.26344
vn 0.29144 0.93888 -0.18323
vn 0.15438 0.98315 -0.09787
vn 0.63479 0.65937 -0.40284
vn 0.55574 -0.81902 -0.14269
vn 0.68019 -0.71182 -0.17507
vn 0.78558 -0.58467 -0.20255
vn 0.86895 -0.44112 -0.22434
vn 0.92797 -0.28521 -0.23985
vn 0.96097 -0.12131 -0.24864
vn 0.96704 0.04600 -0.25045
vn 0.94599 0.21202 -0.24524
vn 0.89843 0.37209 -0.23316
vn 0.82569 0.52173 -0.21455
vn 0.72980 0.65675 -0.18992
vn 0.61346 0.77336 -0.15997
vn 0.47992 0.86829 -0.12553
vn 0.33293 0.93888 -0.08758
vn 0.19224 0.97994 -0.05256
vn 0.75873 0.58718 -0.28204
vn 0.34008 0.93888 -0.05345
vn 0.49015 0.86829 -0.07634
vn 0.62649 0.77336 -0.09709
vn 0.74527 0.65675 -0.11511
vn 0.84316 0.52173 -0.12992
vn 0.91741 0.37209 -0.14108
vn 0.96595 0.21202 -0.14828
vn 0.98741 0.04600 -0.15133
vn 0.98119 -0.12131 -0.15014
vn 0.94747 -0.28521 -0.14474
vn 0.88719 -0.44112 -0.13528
vn 0.80204 -0.58467 -0.12203
vn 0.69441 -0.71182 -0.10536
vn 0.56697 -0.81902 0.08803
vn 0.69411 -0.71182 0.10735
vn 0.80179 -0.58467 0.12367
vn 0.88700 -0.44112 0.13652
vn 0.94735 -0.28521 0.14554
vn 0.98114 -0.12131 0.15048
vn 0.98743 0.04600 0.15120
vn 0.96604 0.21202 0.14769
vn 0.91757 0.37209 0.14003
vn 0.84338 0.52173 0.12845
vn 0.74555 0.65675 0.11327
vn 0.62682 0.77336 0.09492
vn 0.49053 0.86829 0.07390
vn 0.34048 0.93888 0.05081
vn 0.51461 -0.81902 0.25372
vn 0.63014 -0.71182 0.31022
vn 0.72800 -0.58467 0.35802
vn 0.80546 -0.44112 0.39579
vn 0.86034 -0.28521 0.42246
vn 0.89110 -0.12130 0.43730
vn 0.89688 0.04600 0.43987
vn 0.87753 0.21202 0.43011
vn 0.83357 0.37209 0.40830
vn 0.76625 0.52173 0.37504
vn 0.67745 0.65675 0.33127
vn 0.56966 0.77336 0.27821
vn 0.44591 0.86829 0.21736
vn 0.30966 0.93888 0.15041
vn 0.63924 0.66396 0.38799
vn 0.15586 0.98315 0.09550
vn 0.29285 0.93888 0.18096
vn 0.42163 0.86829 0.26135
vn 0.53859 0.77336 0.33442
vn 0.64046 0.65675 0.39811
vn 0.72438 0.52173 0.45064
vn 0.78799 0.37209 0.49053
vn 0.82951 0.21202 0.51668
vn 0.84778 0.04600 0.52835
vn 0.84229 -0.12131 0.52520
vn 0.81318 -0.28521 0.50734
vn 0.76128 -0.44112 0.47525
vn 0.68804 -0.58467 0.42984
vn 0.59552 -0.71182 0.37238
vn 0.55479 -0.71182 0.43072
vn 0.64103 -0.58467 0.49724
vn 0.70930 -0.44112 0.54983
vn 0.75768 -0.28521 0.58700
vn 0.78483 -0.12131 0.60772
vn 0.78998 0.04600 0.61141
vn 0.77298 0.21202 0.59795
vn 0.73432 0.37209 0.56774
vn 0.67507 0.52173 0.52161
vn 0.59690 0.65675 0.46086
vn 0.50200 0.77336 0.38719
vn 0.39303 0.86829 0.30267
vn 0.27304 0.93888 0.20966
vn 0.50837 -0.71182 0.48463
vn 0.58743 -0.58467 0.55954
vn 0.65003 -0.44112 0.61876
vn 0.69441 -0.28521 0.66064
vn 0.71932 -0.12131 0.68400
vn 0.72407 0.04600 0.68819
vn 0.70852 0.21202 0.67309
vn 0.67311 0.37209 0.63911
vn 0.61884 0.52173 0.58723
vn 0.54721 0.65675 0.51888
vn 0.46025 0.77336 0.43599
vn 0.36039 0.86829 0.34088
vn 0.25043 0.93888 0.23621
vn 0.13345 0.98315 0.12492
vn 0.51378 0.70958 0.48221
vn 0.37285 -0.81902 0.43610
vn 0.45673 -0.71182 0.53358
vn 0.52781 -0.58467 0.61610
vn 0.58410 -0.44112 0.68135
vn 0.62401 -0.28521 0.72751
vn 0.64643 -0.12131 0.75327
vn 0.65073 0.04600 0.75791
vn 0.63679 0.21202 0.74131
vn 0.60500 0.37209 0.70393
vn 0.55625 0.52173 0.64682
vn 0.49191 0.65675 0.57158
vn 0.41378 0.77336 0.48031
vn 0.32406 0.86829 0.37559
vn 0.22525 0.93888 0.26033
vn 0.12141 0.98315 0.13668
vn 0.50334 0.69861 0.50852
vn 0.22520 -0.81902 0.52772
vn 0.27605 -0.71182 0.64584
vn 0.31917 -0.58467 0.74585
vn 0.35334 -0.44112 0.82496
vn 0.37760 -0.28521 0.88095
vn 0.39129 -0.12131 0.91224
vn 0.39400 0.04600 0.91796
vn 0.38567 0.21202 0.89795
vn 0.36652 0.37209 0.85277
vn 0.33711 0.52173 0.78368
vn 0.29824 0.65675 0.69263
vn 0.25102 0.77336 0.58216
vn 0.19676 0.86829 0.45537
vn 0.13698 0.93888 0.31582
vn 0.10433 0.93888 0.32806
vn 0.14968 0.86829 0.47294
vn 0.19083 0.77336 0.60457
vn 0.22664 0.65675 0.71924
vn 0.25609 0.52173 0.81376
vn 0.27837 0.37209 0.88547
vn 0.29284 0.21202 0.93236
vn 0.29911 0.04600 0.95311
vn 0.29699 -0.12130 0.94714
vn 0.28654 -0.28521 0.91463
vn 0.26807 -0.44112 0.85648
vn 0.24207 -0.58467 0.77432
vn 0.20930 -0.71182 0.67045
vn 0.14039 -0.71182 0.68819
vn 0.16250 -0.58467 0.79483
vn 0.18004 -0.44112 0.87920
vn 0.19254 -0.28521 0.93893
vn 0.19964 -0.12131 0.97233
vn 0.20115 0.04600 0.97848
vn 0.19702 0.21202 0.95720
vn 0.18736 0.37209 0.90909
vn 0.17245 0.52173 0.83550
vn 0.15271 0.65675 0.73848
vn 0.12869 0.77336 0.62077
vn 0.10106 0.86829 0.48566
vn 0.07060 0.93888 0.33693
vn 0.03816 0.98315 0.17877
vn 0.14012 0.68216 0.71765
vn 0.05689 -0.81902 0.57093
vn 0.07005 -0.71182 0.69886
vn 0.08125 -0.58467 0.80719
vn 0.09017 -0.44112 0.89291
vn 0.09656 -0.28521 0.95359
vn 0.10025 -0.12131 0.98754
vn 0.10113 0.04600 0.99381
vn 0.09917 0.21202 0.97222
vn 0.09443 0.37209 0.92338
vn 0.08704 0.52173 0.84866
vn 0.07722 0.65675 0.75014
vn 0.06523 0.77336 0.63060
vn 0.05141 0.86829 0.49339
vn 0.03615 0.93888 0.34235
vn -0.70477 -0.58592 -0.39999
vn -0.68227 -0.66772 -0.29776
vn -0.74767 -0.59603 -0.29280
vn -0.71660 -0.66066 -0.22363
vn -0.80678 -0.55889 -0.19170
vn -0.80148 -0.57636 -0.15953
vn -0.74666 -0.66183 -0.06694
vn -0.79134 -0.61120 -0.01487
vn -0.74275 -0.66941 0.01461
vn -0.84492 -0.52959 0.07516
vn -0.82653 -0.55308 0.10463
vn -0.71918 -0.67357 0.17054
vn -0.70845 -0.67000 0.22181
vn -0.68724 -0.68401 0.24459
vn -0.78781 -0.51148 0.34315
vn -0.82656 -0.38362 0.41187
vn -0.55963 -0.59026 -0.58173
vn -0.63406 -0.52189 -0.57061
vn -0.59128 -0.63788 -0.49346
vn -0.70379 -0.49613 -0.50846
vn 0.37952 -0.38380 -0.84182
vn 0.31631 -0.50810 -0.80112
vn 0.19242 -0.68985 -0.69792
vn 0.17289 -0.65560 -0.73505
vn 0.11973 -0.66121 -0.74059
vn 0.08008 -0.46893 -0.87960
vn 0.04603 -0.53314 -0.84477
vn -0.03890 -0.68662 -0.72598
vn -0.06954 -0.64475 -0.76123
vn -0.13978 -0.49071 -0.86004
vn -0.17289 -0.65560 -0.73505
vn -0.22287 -0.53999 -0.81163
vn -0.27217 -0.66983 -0.69084
vn -0.31025 -0.63554 -0.70699
vn -0.40000 -0.50888 -0.76226
vn -0.39096 -0.66797 -0.63322
vn -0.47036 -0.53510 -0.70173
vn -0.46561 -0.68860 -0.55591
vn 0.70533 -0.58591 -0.39902
vn 0.60698 -0.66326 -0.43780
vn 0.59128 -0.63788 -0.49346
vn 0.54605 -0.67771 -0.49248
vn 0.58786 -0.53268 -0.60883
vn 0.55718 -0.55029 -0.62188
vn 0.42768 -0.68111 -0.59429
vn 0.38370 -0.68306 -0.62145
vn 0.35719 -0.68814 -0.63156
vn 0.79607 -0.60076 0.07323
vn 0.86178 -0.50702 0.01605
vn 0.79133 -0.61120 -0.01487
vn 0.86689 -0.49252 -0.07700
vn 0.68711 -0.71370 -0.13607
vn 0.69247 -0.70239 -0.16471
vn 0.83246 -0.48896 -0.26063
vn 0.74767 -0.59603 -0.29280
vn 0.79315 -0.50172 -0.34524
vn 0.13046 -0.56585 0.81412
vn 0.17134 -0.66565 0.72632
vn 0.25196 -0.52814 0.81092
vn 0.27706 -0.54901 0.78856
vn 0.31566 -0.68035 0.66143
vn 0.36096 -0.62966 0.68792
vn 0.39489 -0.66077 0.63832
vn 0.49822 -0.52123 0.69289
vn 0.50853 -0.55838 0.65544
vn 0.51678 -0.66779 0.53573
vn 0.57470 -0.60412 0.55204
vn 0.57586 -0.66212 0.47956
vn 0.69514 -0.51456 0.50200
vn 0.69482 -0.54977 0.46365
vn 0.65930 -0.66836 0.34440
vn 0.69689 -0.64976 0.30358
vn 0.79374 -0.52274 0.31098
vn 0.70656 -0.67219 0.22121
vn 0.81586 -0.53377 0.22238
vn 0.70375 -0.70138 0.11317
vn -0.59813 -0.69546 0.39822
vn -0.59952 -0.67307 0.43307
vn -0.66787 -0.49328 0.55734
vn -0.57470 -0.60412 0.55204
vn -0.60097 -0.50202 0.62194
vn -0.43687 -0.70236 0.56199
vn -0.42892 -0.67806 0.59687
vn -0.45816 -0.48932 0.74206
vn -0.36096 -0.62966 0.68793
vn -0.36768 -0.52372 0.76846
vn -0.23863 -0.69577 0.67747
vn -0.21681 -0.68165 0.69881
vn -0.19804 -0.50142 0.84223
vn -0.12096 -0.65676 0.74434
vn -0.10458 -0.53128 0.84072
vn -0.01243 -0.67898 0.73405
vn 0.06519 -0.69150 0.71943
vn 0.02687 -0.99100 0.13115
vn 0.06800 -0.99100 0.11532
vn 0.10176 -0.99100 0.08699
vn 0.11365 -0.99253 0.04438
vn 0.11784 -0.99253 0.03160
vn 0.12190 -0.99253 0.00507
vn 0.12172 -0.99253 -0.00837
vn 0.11694 -0.99253 -0.03479
vn 0.11240 -0.99253 -0.04744
vn 0.10015 -0.99100 -0.08885
vn 0.06587 -0.99100 -0.11655
vn 0.02446 -0.99100 -0.13162
vn -0.01839 -0.99253 -0.12061
vn -0.03155 -0.99253 -0.11785
vn -0.05656 -0.99253 -0.10810
vn -0.06811 -0.99253 -0.10122
vn -0.08859 -0.99253 -0.08388
vn -0.09728 -0.99253 -0.07362
vn -0.12702 -0.99100 -0.04231
vn -0.13387 -0.99100 0.00123
vn -0.12622 -0.99100 0.04463
vn -0.09525 -0.99253 0.07623
vn -0.08629 -0.99253 0.08625
vn -0.06534 -0.99253 0.10303
vn -0.05361 -0.99253 0.10959
vn -0.02834 -0.99253 0.11866
vn -0.01512 -0.99253 0.12106
vn -0.04429 0.99874 0.02345
vn -0.03883 0.99913 0.01536
vn -0.14769 0.98608 0.07644
vn -0.15520 0.98608 0.05973
vn -0.29197 0.94469 0.14938
vn -0.30663 0.94469 0.11636
vn -0.42811 0.87700 0.21816
vn -0.44951 0.87700 0.16974
vn -0.55233 0.78488 0.28087
vn -0.57988 0.78488 0.21840
vn -0.66117 0.67091 0.33575
vn -0.69410 0.67091 0.26098
vn -0.75161 0.53825 0.38128
vn -0.78899 0.53825 0.29629
vn -0.82110 0.39060 0.41620
vn -0.86190 0.39060 0.32334
vn -0.86773 0.23208 0.43952
vn -0.91082 0.23207 0.34140
vn -0.89020 0.06708 0.45061
vn -0.93437 0.06708 0.34994
vn -0.88787 -0.09978 0.44914
vn -0.93189 -0.09978 0.34874
vn -0.86082 -0.26386 0.43517
vn -0.90346 -0.26386 0.33783
vn -0.80979 -0.42059 0.40908
vn -0.84988 -0.42059 0.31751
vn -0.73621 -0.56561 0.37159
vn -0.77262 -0.56561 0.28835
vn -0.64213 -0.69488 0.32376
vn -0.67385 -0.69488 0.25115
vn -0.53016 -0.80479 0.26691
vn -0.55631 -0.80479 0.20696
vn -0.40344 -0.89229 0.20262
vn -0.42328 -0.89229 0.15701
vn -0.26548 -0.95494 0.13270
vn -0.27846 -0.95494 0.10269
vn -0.10173 -0.99358 0.04941
vn -0.04125 0.99913 0.00650
vn -0.04172 0.99913 0.00192
vn -0.16451 0.98608 0.02434
vn -0.16619 0.98608 0.00610
vn -0.32465 0.94469 0.04649
vn -0.32779 0.94469 0.01049
vn -0.47575 0.87700 0.06733
vn -0.48027 0.87700 0.01459
vn -0.61361 0.78488 0.08631
vn -0.61937 0.78488 0.01828
vn -0.73437 0.67091 0.10287
vn -0.74123 0.67091 0.02146
vn -0.83468 0.53825 0.11658
vn -0.84244 0.53825 0.02405
vn -0.91175 0.39060 0.12704
vn -0.92019 0.39060 0.02597
vn -0.96343 0.23207 0.13396
vn -0.97232 0.23207 0.02716
vn -0.98828 0.06708 0.13715
vn -0.99737 0.06708 0.02760
vn -0.98560 -0.09978 0.13652
vn -0.99464 -0.09978 0.02726
vn -0.95547 -0.26386 0.13208
vn -0.96421 -0.26386 0.02617
vn -0.89874 -0.42059 0.12397
vn -0.90692 -0.42059 0.02435
vn -0.81698 -0.56561 0.11241
vn -0.82438 -0.56561 0.02185
vn -0.71246 -0.69488 0.09772
vn -0.71888 -0.69488 0.01875
vn -0.58810 -0.80479 0.08030
vn -0.59336 -0.80479 0.01512
vn -0.44737 -0.89229 0.06065
vn -0.45133 -0.89229 0.01107
vn -0.29418 -0.95494 0.03931
vn -0.29672 -0.95494 0.00671
vn -0.11227 -0.99358 0.01370
vn -0.04113 0.99913 -0.00725
vn -0.04008 0.99913 -0.01173
vn -0.16350 0.98608 -0.03039
vn -0.15916 0.98608 -0.04819
vn -0.32215 0.94469 -0.06145
vn -0.31344 0.94469 -0.09651
vn -0.47184 0.87700 -0.09079
vn -0.45898 0.87700 -0.14215
vn -0.60838 0.78488 -0.11761
vn -0.59175 0.78488 -0.18382
vn -0.72798 0.67091 -0.14115
vn -0.70804 0.67091 -0.22038
vn -0.82731 0.53825 -0.16076
vn -0.80461 0.53825 -0.25079
vn -0.90360 0.39060 -0.17589
vn -0.87877 0.39060 -0.27423
vn -0.95472 0.23208 -0.18613
vn -0.92845 0.23208 -0.29002
vn -0.97926 0.06708 -0.19118
vn -0.95229 0.06708 -0.29774
vn -0.97652 -0.09978 -0.19090
vn -0.94960 -0.09978 -0.29717
vn -0.94659 -0.26386 -0.18531
vn -0.92046 -0.26386 -0.28832
vn -0.89030 -0.42060 -0.17456
vn -0.86569 -0.42059 -0.27144
vn -0.80921 -0.56561 -0.15895
vn -0.78681 -0.56561 -0.24701
vn -0.70558 -0.69488 -0.13891
vn -0.68602 -0.69488 -0.21569
vn -0.58231 -0.80479 -0.11501
vn -0.56612 -0.80479 -0.17837
vn -0.44282 -0.89229 -0.08790
vn -0.43047 -0.89229 -0.13608
vn -0.29100 -0.95494 -0.05834
vn -0.28282 -0.95494 -0.09000
vn -0.11063 -0.99358 -0.02349
vn 0.00184 0.99874 -0.05008
vn 0.00612 0.99913 -0.04131
vn 0.00764 0.98608 -0.16612
vn 0.02587 0.98608 -0.16427
vn 0.01661 0.94469 -0.32754
vn 0.05255 0.94469 -0.32373
vn 0.02512 0.87700 -0.47984
vn 0.07775 0.87700 -0.47416
vn 0.03293 0.78488 -0.61877
vn 0.10080 0.78488 -0.61139
vn 0.03982 0.67091 -0.74047
vn 0.12104 0.67091 -0.73160
vn 0.04560 0.53825 -0.84155
vn 0.13790 0.53825 -0.83143
vn 0.05011 0.39060 -0.91920
vn 0.15093 0.39060 -0.90810
vn 0.05323 0.23208 -0.97124
vn 0.15975 0.23208 -0.95949
vn 0.05486 0.06708 -0.99624
vn 0.16412 0.06708 -0.98416
vn 0.05497 -0.09978 -0.99349
vn 0.16392 -0.09978 -0.98141
vn 0.05354 -0.26386 -0.96307
vn 0.15916 -0.26386 -0.95134
vn 0.05062 -0.42059 -0.90584
vn 0.14997 -0.42059 -0.89477
vn 0.04630 -0.56561 -0.82337
vn 0.13659 -0.56561 -0.81328
vn 0.04068 -0.69488 -0.71797
vn 0.11942 -0.69488 -0.70914
vn 0.03393 -0.80479 -0.59259
vn 0.09892 -0.80479 -0.58526
vn 0.02624 -0.89229 -0.45070
vn 0.07566 -0.89229 -0.44508
vn 0.01782 -0.95494 -0.29626
vn 0.05030 -0.95494 -0.29250
vn 0.00807 -0.99358 -0.11281
vn 0.01500 0.99913 -0.03897
vn 0.01920 0.99913 -0.03709
vn 0.06117 0.98608 -0.15464
vn 0.07781 0.98608 -0.14697
vn 0.12207 0.94469 -0.30440
vn 0.15481 0.94469 -0.28912
vn 0.17956 0.87700 -0.44568
vn 0.22750 0.87700 -0.42322
vn 0.23206 0.78488 -0.57455
vn 0.29385 0.78488 -0.54553
vn 0.27809 0.67091 -0.68742
vn 0.35203 0.67091 -0.65266
vn 0.31638 0.53825 -0.78115
vn 0.40039 0.53825 -0.74160
vn 0.34586 0.39060 -0.85312
vn 0.43761 0.39060 -0.80989
vn 0.36571 0.23207 -0.90133
vn 0.46264 0.23207 -0.85563
vn 0.37537 0.06708 -0.92445
vn 0.47479 0.06708 -0.87754
vn 0.37457 -0.09978 -0.92181
vn 0.47371 -0.09978 -0.87501
vn 0.36335 -0.26386 -0.89351
vn 0.45944 -0.26386 -0.84811
vn 0.34200 -0.42060 -0.84032
vn 0.43237 -0.42059 -0.79759
vn 0.31114 -0.56561 -0.76373
vn 0.39326 -0.56561 -0.72486
vn 0.27160 -0.69488 -0.66587
vn 0.34321 -0.69488 -0.63194
vn 0.22451 -0.80479 -0.54946
vn 0.28359 -0.80479 -0.52143
vn 0.17116 -0.89229 -0.41776
vn 0.21608 -0.89229 -0.39640
vn 0.11305 -0.95494 -0.27442
vn 0.14255 -0.95494 -0.26032
vn 0.04426 -0.99358 -0.10408
vn 0.02684 0.99913 -0.03199
vn 0.03020 0.99913 -0.02884
vn 0.10807 0.98608 -0.12640
vn 0.12132 0.98608 -0.11374
vn 0.21429 0.94469 -0.24827
vn 0.24030 0.94469 -0.22319
vn 0.31454 0.87700 -0.36323
vn 0.35259 0.87700 -0.32642
vn 0.40604 0.78488 -0.46807
vn 0.45507 0.78488 -0.42056
vn 0.48623 0.67091 -0.55988
vn 0.54487 0.67091 -0.50299
vn 0.55288 0.53825 -0.63609
vn 0.61950 0.53825 -0.57141
vn 0.60413 0.39061 -0.69459
vn 0.67687 0.39060 -0.62392
vn 0.63855 0.23207 -0.73375
vn 0.71540 0.23207 -0.65905
vn 0.65519 0.06708 -0.75248
vn 0.73400 0.06708 -0.67583
vn 0.65359 -0.09978 -0.75024
vn 0.73216 -0.09978 -0.67379
vn 0.63378 -0.26386 -0.72712
vn 0.70993 -0.26386 -0.65298
vn 0.59632 -0.42060 -0.68374
vn 0.66792 -0.42060 -0.61399
vn 0.54226 -0.56561 -0.62132
vn 0.60732 -0.56561 -0.55790
vn 0.47309 -0.69488 -0.54160
vn 0.52980 -0.69488 -0.48626
vn 0.39075 -0.80479 -0.44679
vn 0.43753 -0.80479 -0.40109
vn 0.29753 -0.89229 -0.33955
vn 0.33308 -0.89229 -0.30476
vn 0.19603 -0.95494 -0.22285
vn 0.21935 -0.95494 -0.19993
vn 0.07566 -0.99358 -0.08407
vn 0.04245 0.99874 0.02663
vn 0.03272 0.99913 0.02595
vn 0.14004 0.98608 0.08968
vn 0.12933 0.98608 0.10454
vn 0.27535 0.94469 0.17816
vn 0.25408 0.94469 0.20737
vn 0.40299 0.87700 0.26167
vn 0.37175 0.87700 0.30442
vn 0.51941 0.78488 0.33790
vn 0.47908 0.78488 0.39299
vn 0.62135 0.67091 0.40472
vn 0.57306 0.67091 0.47062
vn 0.70600 0.53825 0.46027
vn 0.65108 0.53825 0.53514
vn 0.77099 0.39060 0.50300
vn 0.71097 0.39061 0.58476
vn 0.81451 0.23207 0.53172
vn 0.75107 0.23207 0.61809
vn 0.83534 0.06708 0.54563
vn 0.77024 0.06708 0.63421
vn 0.83290 -0.09978 0.54435
vn 0.76797 -0.09978 0.63267
vn 0.80728 -0.26386 0.52790
vn 0.74430 -0.26386 0.61351
vn 0.75917 -0.42059 0.49676
vn 0.69991 -0.42059 0.57726
vn 0.68991 -0.56561 0.45178
vn 0.63602 -0.56561 0.52493
vn 0.60144 -0.69488 0.39422
vn 0.55443 -0.69488 0.45799
vn 0.49623 -0.80479 0.32568
vn 0.45739 -0.80479 0.37829
vn 0.37720 -0.89229 0.24807
vn 0.34762 -0.89229 0.28806
vn 0.24766 -0.95494 0.16356
vn 0.22816 -0.95494 0.18981
vn 0.09366 -0.99358 0.06340
vn 0.02625 0.99913 0.03248
vn 0.02252 0.99913 0.03517
vn 0.10334 0.98608 0.13030
vn 0.08838 0.98608 0.14087
vn 0.20258 0.94469 0.25791
vn 0.17298 0.94469 0.27863
vn 0.29619 0.87700 0.37834
vn 0.25277 0.87700 0.40863
vn 0.38155 0.78488 0.48824
vn 0.32552 0.78488 0.52725
vn 0.45628 0.67091 0.58455
vn 0.38920 0.67091 0.63119
vn 0.51830 0.53825 0.66457
vn 0.44205 0.53825 0.71755
vn 0.56589 0.39061 0.72608
vn 0.48258 0.39060 0.78393
vn 0.59772 0.23207 0.76738
vn 0.50968 0.23207 0.82847
vn 0.61291 0.06708 0.78730
vn 0.52258 0.06709 0.84995
vn 0.61103 -0.09978 0.78530
vn 0.52093 -0.09979 0.84775
vn 0.59213 -0.26386 0.76142
vn 0.50477 -0.26386 0.82194
vn 0.55673 -0.42059 0.71634
vn 0.47455 -0.42060 0.77324
vn 0.50584 -0.56561 0.65131
vn 0.43112 -0.56561 0.70301
vn 0.44085 -0.69488 0.56815
vn 0.37568 -0.69488 0.61320
vn 0.36359 -0.80479 0.46916
vn 0.30977 -0.80479 0.50631
vn 0.27621 -0.89229 0.35711
vn 0.23525 -0.89229 0.38533
vn 0.18113 -0.95494 0.23511
vn 0.15417 -0.95494 0.25361
vn 0.06800 -0.99358 0.09037
vn 0.01428 0.99913 0.03924
vn 0.00988 0.99913 0.04058
vn 0.05543 0.98608 0.15679
vn 0.03785 0.98608 0.16193
vn 0.10786 0.94469 0.30971
vn 0.07314 0.94469 0.31970
vn 0.15729 0.87700 0.45402
vn 0.10639 0.87700 0.46857
vn 0.20234 0.78488 0.58568
vn 0.13668 0.78488 0.60438
vn 0.24175 0.67091 0.70102
vn 0.16317 0.67091 0.72336
vn 0.27443 0.53825 0.79685
vn 0.18511 0.53825 0.82220
vn 0.29947 0.39060 0.87049
vn 0.20189 0.39060 0.89815
vn 0.31617 0.23208 0.91988
vn 0.21306 0.23207 0.94908
vn 0.32407 0.06708 0.94365
vn 0.21829 0.06708 0.97358
vn 0.32293 -0.09978 0.94115
vn 0.21744 -0.09978 0.97096
vn 0.31281 -0.26386 0.91243
vn 0.21054 -0.26386 0.94130
vn 0.29397 -0.42059 0.85830
vn 0.19777 -0.42059 0.88543
vn 0.26695 -0.56561 0.78027
vn 0.17949 -0.56561 0.80490
vn 0.23249 -0.69488 0.68051
vn 0.15622 -0.69488 0.70196
vn 0.19156 -0.80479 0.56180
vn 0.12859 -0.80479 0.57946
vn 0.14529 -0.89229 0.42745
vn 0.09739 -0.89229 0.44083
vn 0.09498 -0.95494 0.28119
vn 0.06347 -0.95494 0.28993
vn 0.03497 -0.99358 0.10756
vn 0.00077 0.99913 0.04175
vn -0.00383 0.99913 0.04159
vn 0.00152 0.98608 0.16629
vn -0.01678 0.98608 0.16545
vn 0.00145 0.94469 0.32796
vn -0.03463 0.94469 0.32613
vn 0.00135 0.87700 0.48049
vn -0.05152 0.87700 0.47772
vn 0.00121 0.78489 0.61964
vn -0.06697 0.78488 0.61601
vn 0.00103 0.67091 0.74154
vn -0.08055 0.67091 0.73715
vn 0.00083 0.53825 0.84279
vn -0.09189 0.53825 0.83776
vn 0.00060 0.39061 0.92056
vn -0.10067 0.39060 0.91504
vn 0.00036 0.23207 0.97270
vn -0.10665 0.23207 0.96683
vn 0.00010 0.06708 0.99775
vn -0.10966 0.06708 0.99170
vn -0.00015 -0.09978 0.99501
vn -0.10961 -0.09978 0.98895
vn -0.00041 -0.26386 0.96456
vn -0.10651 -0.26386 0.95866
vn -0.00065 -0.42060 0.90725
vn -0.10045 -0.42059 0.90167
vn -0.00087 -0.56561 0.82467
vn -0.09158 -0.56561 0.81957
vn -0.00107 -0.69488 0.71913
vn -0.08017 -0.69488 0.71464
vn -0.00124 -0.80479 0.59356
vn -0.06653 -0.80479 0.58982
vn -0.00137 -0.89229 0.45146
vn -0.05103 -0.89229 0.44857
vn -0.00147 -0.95494 0.29679
vn -0.03411 -0.95494 0.29483
vn -0.00153 -0.99100 0.13385
vn -0.00838 0.99913 0.04091
vn -0.03488 0.98608 0.16260
vn -0.07030 0.94469 0.32034
vn -0.10376 0.87700 0.46916
vn -0.13433 0.78488 0.60491
vn -0.16115 0.67091 0.72381
vn -0.18349 0.53826 0.82256
vn -0.20072 0.39060 0.89841
vn -0.21236 0.23207 0.94923
vn -0.21809 0.06708 0.97362
vn -0.21774 -0.09978 0.97089
vn -0.21133 -0.26386 0.94113
vn -0.19903 -0.42059 0.88515
vn -0.18119 -0.56561 0.80452
vn -0.15830 -0.69488 0.70149
vn -0.13101 -0.80479 0.57892
vn -0.10007 -0.89229 0.44023
vn -0.06634 -0.95494 0.28928
vn -0.04491 -0.99100 0.12611
vn -0.09776 -0.95494 0.28023
vn -0.14789 -0.89229 0.42655
vn -0.19390 -0.80479 0.56100
vn -0.23451 -0.69488 0.67982
vn -0.26859 -0.56561 0.77971
vn -0.29519 -0.42060 0.85788
vn -0.31358 -0.26386 0.91217
vn -0.32322 -0.09978 0.94105
vn -0.32387 0.06708 0.94372
vn -0.31550 0.23207 0.92011
vn -0.29834 0.39060 0.87088
vn -0.27287 0.53825 0.79739
vn -0.23980 0.67091 0.70169
vn -0.20006 0.78488 0.58646
vn -0.15474 0.87700 0.45490
vn -0.10511 0.94469 0.31066
vn -0.05256 0.98608 0.15777
vn -0.01283 0.99913 0.03974
vn -0.01713 0.99913 0.03809
vn -0.06960 0.98608 0.15104
vn -0.13865 0.94469 0.29721
vn -0.20384 0.87700 0.43511
vn -0.26336 0.78488 0.56089
vn -0.31554 0.67091 0.67106
vn -0.35893 0.53825 0.76253
vn -0.39233 0.39060 0.83277
vn -0.41480 0.23207 0.87982
vn -0.42572 0.06708 0.90236
vn -0.42478 -0.09978 0.89978
vn -0.41202 -0.26386 0.87213
vn -0.38778 -0.42059 0.82020
vn -0.35274 -0.56561 0.74543
vn -0.30787 -0.69488 0.64989
vn -0.25443 -0.80479 0.53626
vn -0.19391 -0.89229 0.40770
vn -0.12799 -0.95494 0.26778
vn -0.02121 0.99913 0.03597
vn -0.08579 0.98608 0.14246
vn -0.17050 0.94469 0.28016
vn -0.25047 0.87700 0.41004
vn -0.32346 0.78488 0.52852
vn -0.38745 0.67091 0.63227
vn -0.44064 0.53825 0.71842
vn -0.48156 0.39060 0.78456
vn -0.50907 0.23207 0.82885
vn -0.52241 0.06709 0.85005
vn -0.52119 -0.09978 0.84759
vn -0.50546 -0.26387 0.82151
vn -0.47565 -0.42059 0.77257
vn -0.43260 -0.56561 0.70210
vn -0.37750 -0.69488 0.61208
vn -0.31188 -0.80479 0.50501
vn -0.23759 -0.89229 0.38389
vn -0.15667 -0.95494 0.25207
vn -0.08342 -0.99100 0.10469
vn -0.18345 -0.95494 0.23331
vn -0.27838 -0.89229 0.35542
vn -0.36555 -0.80479 0.46764
vn -0.44254 -0.69488 0.56684
vn -0.50721 -0.56561 0.65025
vn -0.55775 -0.42059 0.71555
vn -0.59277 -0.26386 0.76093
vn -0.61127 -0.09978 0.78511
vn -0.61275 0.06708 0.78743
vn -0.59716 0.23208 0.76781
vn -0.56495 0.39060 0.72682
vn -0.51700 0.53825 0.66558
vn -0.45465 0.67091 0.58581
vn -0.37964 0.78488 0.48972
vn -0.29406 0.87700 0.38000
vn -0.20029 0.94469 0.25970
vn -0.10094 0.98608 0.13216
vn -0.02504 0.99913 0.03342
vn -0.02856 0.99913 0.03046
vn -0.11487 0.98608 0.12026
vn -0.22764 0.94469 0.23609
vn -0.33408 0.87700 0.34535
vn -0.43121 0.78488 0.44499
vn -0.51634 0.67091 0.53224
vn -0.58708 0.53825 0.60467
vn -0.64147 0.39061 0.66026
vn -0.67800 0.23207 0.69746
vn -0.69565 0.06708 0.71524
vn -0.69393 -0.09978 0.71310
vn -0.67288 -0.26386 0.69110
vn -0.63308 -0.42059 0.64985
vn -0.57566 -0.56561 0.59050
vn -0.50221 -0.69488 0.51471
vn -0.41477 -0.80479 0.42459
vn -0.31579 -0.89229 0.32264
vn -0.20801 -0.95494 0.21171
vn -0.03174 0.99913 0.02714
vn -0.12740 0.98608 0.10689
vn -0.25223 0.94469 0.20961
vn -0.37004 0.87700 0.30650
vn -0.47755 0.78488 0.39485
vn -0.57175 0.67091 0.47221
vn -0.65003 0.53826 0.53641
vn -0.71021 0.39060 0.58568
vn -0.75062 0.23207 0.61864
vn -0.77011 0.06708 0.63437
vn -0.76816 -0.09978 0.63243
vn -0.74482 -0.26386 0.61288
vn -0.70073 -0.42059 0.57626
vn -0.63713 -0.56561 0.52359
vn -0.55579 -0.69488 0.45634
vn -0.45896 -0.80479 0.37638
vn -0.34936 -0.89229 0.28594
vn -0.23003 -0.95494 0.18754
vn -0.11289 -0.99100 0.07193
vn -0.24927 -0.95494 0.16110
vn -0.37870 -0.89229 0.24578
vn -0.49758 -0.80479 0.32361
vn -0.60261 -0.69488 0.39243
vn -0.69086 -0.56561 0.45033
vn -0.75987 -0.42059 0.49568
vn -0.80772 -0.26386 0.52723
vn -0.83307 -0.09978 0.54409
vn -0.83522 0.06708 0.54580
vn -0.81412 0.23207 0.53231
vn -0.77033 0.39060 0.50400
vn -0.70510 0.53826 0.46165
vn -0.62023 0.67091 0.40645
vn -0.51809 0.78488 0.33992
vn -0.40151 0.87700 0.26393
vn -0.27376 0.94469 0.18059
vn -0.13838 0.98608 0.09222
vn -0.03454 0.99913 0.02348
vn -0.13013 -0.99100 0.03138
vn -0.28807 -0.95494 0.07143
vn -0.43798 -0.89229 0.10950
vn -0.57570 -0.80479 0.14451
vn -0.69738 -0.69488 0.17550
vn -0.79965 -0.56561 0.20160
vn -0.87965 -0.42059 0.22209
vn -0.93514 -0.26386 0.23639
vn -0.96460 -0.09978 0.24411
vn -0.96719 0.06708 0.24503
vn -0.94285 0.23207 0.23913
vn -0.89224 0.39060 0.22657
vn -0.81679 0.53825 0.20769
vn -0.71859 0.67091 0.18304
vn -0.60039 0.78488 0.15328
vn -0.46545 0.87700 0.11926
vn -0.31757 0.94469 0.08192
vn -0.16083 0.98608 0.04229
vn -0.04029 0.99913 0.01099
vn -0.13327 -0.99100 -0.01257
vn -0.29566 -0.95494 -0.02597
vn -0.44981 -0.89229 -0.03865
vn -0.59143 -0.80479 -0.05025
vn -0.71658 -0.69488 -0.06045
vn -0.82178 -0.56561 -0.06897
vn -0.90410 -0.42060 -0.07556
vn -0.96123 -0.26386 -0.08006
vn -0.99160 -0.09978 -0.08232
vn -0.99435 0.06708 -0.08229
vn -0.96941 0.23207 -0.07997
vn -0.91747 0.39060 -0.07542
vn -0.83997 0.53825 -0.06877
vn -0.73909 0.67091 -0.06021
vn -0.61763 0.78488 -0.04997
vn -0.47896 0.87700 -0.03833
vn -0.32696 0.94469 -0.02563
vn -0.16585 0.98608 -0.01222
vn -0.04168 0.99913 -0.00268
vn -0.12197 -0.99100 -0.05517
vn -0.27120 -0.95494 -0.12057
vn -0.41288 -0.89229 -0.18261
vn -0.54306 -0.80479 -0.23956
vn -0.65813 -0.69488 -0.28985
vn -0.75486 -0.56561 -0.33206
vn -0.83057 -0.42060 -0.36503
vn -0.88316 -0.26386 -0.38783
vn -0.91114 -0.09978 -0.39983
vn -0.91375 0.06708 -0.40070
vn -0.89091 0.23207 -0.39040
vn -0.84326 0.39061 -0.36923
vn -0.77213 0.53825 -0.33779
vn -0.67950 0.67091 -0.29693
vn -0.56794 0.78488 -0.24780
vn -0.44056 0.87700 -0.19177
vn -0.30092 0.94469 -0.13041
vn -0.15290 0.98608 -0.06541
vn -0.03855 0.99913 -0.01607
vn -0.03654 0.99913 -0.02021
vn -0.14477 0.98608 -0.08183
vn -0.28475 0.94469 -0.16272
vn -0.41679 0.87700 -0.23908
vn -0.53723 0.78488 -0.30878
vn -0.64271 0.67091 -0.36988
vn -0.73029 0.53825 -0.42068
vn -0.79753 0.39060 -0.45976
vn -0.84256 0.23207 -0.48604
vn -0.86413 0.06708 -0.49878
vn -0.86163 -0.09978 -0.49764
vn -0.83513 -0.26386 -0.48263
vn -0.78538 -0.42060 -0.45418
vn -0.71375 -0.56561 -0.41309
vn -0.62225 -0.69488 -0.36049
vn -0.51342 -0.80479 -0.29785
vn -0.39029 -0.89229 -0.22692
vn -0.25629 -0.95494 -0.14967
vn -0.11516 -0.99100 -0.06825
vn -0.03410 0.99913 -0.02411
vn -0.13489 0.98608 -0.09726
vn -0.26512 0.94469 -0.19306
vn -0.38796 0.87700 -0.28347
vn -0.50000 0.78488 -0.36600
vn -0.59812 0.67091 -0.43833
vn -0.67958 0.53825 -0.49846
vn -0.74211 0.39060 -0.54470
vn -0.78398 0.23207 -0.57578
vn -0.80401 0.06708 -0.59082
vn -0.80165 -0.09978 -0.58940
vn -0.77697 -0.26386 -0.57157
vn -0.73065 -0.42060 -0.53782
vn -0.66398 -0.56561 -0.48910
vn -0.57881 -0.69488 -0.42675
vn -0.47753 -0.80479 -0.35252
vn -0.36296 -0.89229 -0.26848
vn -0.23827 -0.95494 -0.17695
vn -0.03124 0.99913 -0.02771
vn -0.12337 0.98608 -0.11151
vn -0.24227 0.94469 -0.22105
vn -0.35442 0.87700 -0.32443
vn -0.45670 0.78488 -0.41879
vn -0.54627 0.67091 -0.50147
vn -0.62062 0.53825 -0.57019
vn -0.67768 0.39060 -0.62304
vn -0.71588 0.23207 -0.65853
vn -0.73414 0.06708 -0.67568
vn -0.73195 -0.09978 -0.67401
vn -0.70938 -0.26386 -0.65358
vn -0.66705 -0.42059 -0.61494
vn -0.60614 -0.56561 -0.55917
vn -0.52836 -0.69488 -0.48784
vn -0.43585 -0.80479 -0.40291
vn -0.33122 -0.89229 -0.30678
vn -0.21736 -0.95494 -0.20209
vn -0.08676 -0.99100 -0.10194
vn -0.19381 -0.95494 -0.22478
vn -0.29546 -0.89229 -0.34135
vn -0.38889 -0.80479 -0.44842
vn -0.47148 -0.69488 -0.54300
vn -0.54095 -0.56561 -0.62246
vn -0.59535 -0.42060 -0.68459
vn -0.63317 -0.26386 -0.72765
vn -0.65336 -0.09978 -0.75044
vn -0.65535 0.06708 -0.75234
vn -0.63909 0.23207 -0.73328
vn -0.60503 0.39061 -0.69380
vn -0.55412 0.53825 -0.63500
vn -0.48779 0.67091 -0.55852
vn -0.40786 0.78488 -0.46648
vn -0.31658 0.87700 -0.36145
vn -0.21648 0.94469 -0.24636
vn -0.11036 0.98608 -0.12441
vn -0.02800 0.99913 -0.03098
vn -0.02442 0.99913 -0.03388
vn -0.09600 0.98608 -0.13579
vn -0.18807 0.94469 -0.26868
vn -0.27490 0.87700 -0.39409
vn -0.35407 0.78488 -0.50852
vn -0.42338 0.67091 -0.60879
vn -0.48090 0.53825 -0.69211
vn -0.52503 0.39060 -0.75615
vn -0.55454 0.23207 -0.79914
vn -0.56861 0.06708 -0.81987
vn -0.56684 -0.09978 -0.81776
vn -0.54928 -0.26386 -0.79289
vn -0.51643 -0.42060 -0.74592
vn -0.46919 -0.56561 -0.67819
vn -0.40889 -0.69488 -0.59157
vn -0.33720 -0.80479 -0.48848
vn -0.25612 -0.89229 -0.37178
vn -0.16791 -0.95494 -0.24473
vn -0.02055 0.99913 -0.03636
vn -0.08048 0.98608 -0.14553
vn -0.15737 0.94469 -0.28774
vn -0.22987 0.87700 -0.42194
vn -0.29598 0.78488 -0.54438
vn -0.35384 0.67091 -0.65167
vn -0.40185 0.53825 -0.74081
vn -0.43867 0.39060 -0.80932
vn -0.46327 0.23207 -0.85529
vn -0.47497 0.06708 -0.87744
vn -0.47344 -0.09978 -0.87516
vn -0.45872 -0.26386 -0.84850
vn -0.43123 -0.42059 -0.79821
vn -0.39174 -0.56561 -0.72569
vn -0.34133 -0.69488 -0.63296
vn -0.28141 -0.80479 -0.52261
vn -0.21366 -0.89229 -0.39770
vn -0.13996 -0.95494 -0.26172
vn -0.04896 -0.99100 -0.12459
vn -0.11032 -0.95494 -0.27553
vn -0.16862 -0.89229 -0.41879
vn -0.22221 -0.80479 -0.55039
vn -0.26962 -0.69488 -0.66667
vn -0.30953 -0.56561 -0.76438
vn -0.34081 -0.42059 -0.84080
vn -0.36260 -0.26386 -0.89381
vn -0.37429 -0.09978 -0.92193
vn -0.37556 0.06708 -0.92437
vn -0.36637 0.23207 -0.90107
vn -0.34697 0.39060 -0.85267
vn -0.31791 0.53825 -0.78052
vn -0.28000 0.67091 -0.68664
vn -0.23430 0.78488 -0.57364
vn -0.18206 0.87700 -0.44466
vn -0.12476 0.94469 -0.30330
vn -0.06398 0.98608 -0.15350
vn -0.01642 0.99913 -0.03840
vn -0.01210 0.99913 -0.03997
vn -0.04671 0.98608 -0.15961
vn -0.09064 0.94469 -0.31519
vn -0.13204 0.87700 -0.46199
vn -0.16977 0.78488 -0.59593
vn -0.20277 0.67091 -0.71328
vn -0.23012 0.53825 -0.81076
vn -0.25106 0.39060 -0.88566
vn -0.26502 0.23207 -0.93590
vn -0.27159 0.06708 -0.96007
vn -0.27060 -0.09978 -0.95751
vn -0.26207 -0.26386 -0.92828
vn -0.24624 -0.42059 -0.87319
vn -0.22356 -0.56561 -0.79379
vn -0.19465 -0.69488 -0.69228
vn -0.16032 -0.80479 -0.57150
vn -0.12152 -0.89229 -0.43480
vn -0.07934 -0.95494 -0.28599
vn -0.00763 0.99913 -0.04106
vn -0.02887 0.98608 -0.16377
vn -0.05541 0.94469 -0.32325
vn -0.08042 0.87700 -0.47371
vn -0.10318 0.78488 -0.61099
vn -0.12307 0.67091 -0.73126
vn -0.13953 0.53825 -0.83115
vn -0.15211 0.39060 -0.90791
vn -0.16045 0.23207 -0.95937
vn -0.16433 0.06708 -0.98412
vn -0.16362 -0.09978 -0.98146
vn -0.15836 -0.26386 -0.95147
vn -0.14869 -0.42059 -0.89498
vn -0.13488 -0.56561 -0.81357
vn -0.11731 -0.69488 -0.70949
vn -0.09648 -0.80479 -0.58566
vn -0.07295 -0.89229 -0.44553
vn -0.04740 -0.95494 -0.29298
vn -0.00585 -0.99100 -0.13373
vn -0.01488 -0.95494 -0.29642
vn -0.02350 -0.89229 -0.45085
vn -0.03146 -0.80479 -0.59272
vn -0.03855 -0.69488 -0.71809
vn -0.04456 -0.56561 -0.82347
vn -0.04933 -0.42059 -0.90591
vn -0.05273 -0.26386 -0.96312
vn -0.05466 -0.09978 -0.99351
vn -0.05507 0.06708 -0.99623
vn -0.05394 0.23208 -0.97120
vn -0.05131 0.39060 -0.91913
vn -0.04725 0.53825 -0.84146
vn -0.04188 0.67091 -0.74036
vn -0.03534 0.78488 -0.61863
vn -0.02782 0.87700 -0.47969
vn -0.01952 0.94469 -0.32738
vn -0.01068 0.98608 -0.16596
vn -0.00307 0.99913 -0.04165
vn 0.03789 -0.99100 -0.12839
vn 0.08217 -0.95494 -0.28519
vn 0.12417 -0.89229 -0.43405
vn 0.16270 -0.80479 -0.57082
vn 0.19671 -0.69488 -0.69170
vn 0.22523 -0.56561 -0.79332
vn 0.24749 -0.42059 -0.87284
vn 0.26285 -0.26386 -0.92806
vn 0.27089 -0.09978 -0.95742
vn 0.27139 0.06708 -0.96013
vn 0.26433 0.23207 -0.93609
vn 0.24991 0.39060 -0.88599
vn 0.22853 0.53825 -0.81121
vn 0.20078 0.67091 -0.71384
vn 0.16745 0.78488 -0.59659
vn 0.12944 0.87700 -0.46273
vn 0.08784 0.94469 -0.31598
vn 0.04379 0.98608 -0.16043
vn 0.01062 0.99913 -0.04039
vn 0.07752 -0.99100 -0.10913
vn 0.17032 -0.95494 -0.24306
vn 0.25837 -0.89229 -0.37022
vn 0.33923 -0.80479 -0.48707
vn 0.41064 -0.69488 -0.59035
vn 0.47062 -0.56561 -0.67720
vn 0.51749 -0.42059 -0.74519
vn 0.54995 -0.26386 -0.79242
vn 0.56709 -0.09978 -0.81759
vn 0.56844 0.06708 -0.81999
vn 0.55396 0.23207 -0.79955
vn 0.52405 0.39060 -0.75684
vn 0.47954 0.53825 -0.69305
vn 0.42169 0.67091 -0.60997
vn 0.35209 0.78488 -0.50990
vn 0.27268 0.87700 -0.39562
vn 0.18568 0.94469 -0.27034
vn 0.09351 0.98608 -0.13752
vn 0.02316 0.99913 -0.03475
vn 0.10876 -0.99100 -0.07804
vn 0.24001 -0.95494 -0.17459
vn 0.36458 -0.89229 -0.26626
vn 0.47900 -0.80479 -0.35053
vn 0.58008 -0.69488 -0.42503
vn 0.66501 -0.56561 -0.48770
vn 0.73141 -0.42060 -0.53678
vn 0.77745 -0.26386 -0.57092
vn 0.80183 -0.09978 -0.58916
vn 0.80389 0.06708 -0.59098
vn 0.78355 0.23207 -0.57635
vn 0.74140 0.39060 -0.54567
vn 0.67860 0.53825 -0.49979
vn 0.59689 0.67091 -0.44000
vn 0.49857 0.78488 -0.36795
vn 0.38636 0.87700 -0.28565
vn 0.26340 0.94469 -0.19540
vn 0.13309 0.98608 -0.09971
vn 0.03319 0.99913 -0.02535
vn 0.03578 0.99913 -0.02154
vn 0.14326 0.98608 -0.08446
vn 0.28329 0.94469 -0.16524
vn 0.41544 0.87700 -0.24141
vn 0.53602 0.78488 -0.31087
vn 0.64168 0.67091 -0.37166
vn 0.72946 0.53825 -0.42211
vn 0.79693 0.39061 -0.46080
vn 0.84220 0.23208 -0.48666
vn 0.86402 0.06708 -0.49896
vn 0.86178 -0.09978 -0.49737
vn 0.83554 -0.26386 -0.48193
vn 0.78602 -0.42060 -0.45306
vn 0.71462 -0.56561 -0.41158
vn 0.62332 -0.69487 -0.35864
vn 0.51465 -0.80479 -0.29571
vn 0.39166 -0.89229 -0.22454
vn 0.25776 -0.95494 -0.14712
vn 0.11668 -0.99100 -0.06561
vn 0.03793 0.99913 -0.01748
vn 0.15168 0.98608 -0.06819
vn 0.29975 0.94469 -0.13307
vn 0.43948 0.87700 -0.19425
vn 0.56696 0.78489 -0.25001
vn 0.67867 0.67091 -0.29882
vn 0.77147 0.53825 -0.33930
vn 0.84278 0.39061 -0.37033
vn 0.89063 0.23207 -0.39105
vn 0.91367 0.06708 -0.40088
vn 0.91126 -0.09978 -0.39955
vn 0.88348 -0.26386 -0.38709
vn 0.83109 -0.42060 -0.36385
vn 0.75556 -0.56561 -0.33047
vn 0.65899 -0.69488 -0.28789
vn 0.54406 -0.80479 -0.23729
vn 0.41399 -0.89229 -0.18009
vn 0.27239 -0.95494 -0.11787
vn 0.03962 0.99913 -0.01320
vn 0.15826 0.98608 -0.05109
vn 0.31257 0.94469 -0.09929
vn 0.45818 0.87700 -0.14472
vn 0.59103 0.78488 -0.18612
vn 0.70742 0.67091 -0.22235
vn 0.80411 0.53825 -0.25237
vn 0.87841 0.39060 -0.27537
vn 0.92824 0.23208 -0.29070
vn 0.95222 0.06708 -0.29794
vn 0.94969 -0.09978 -0.29688
vn 0.92070 -0.26386 -0.28755
vn 0.86608 -0.42059 -0.27021
vn 0.78733 -0.56561 -0.24535
vn 0.68665 -0.69488 -0.21365
vn 0.56686 -0.80479 -0.17600
vn 0.43129 -0.89229 -0.13346
vn 0.28370 -0.95494 -0.08719
vn 0.13166 -0.99100 -0.02416
vn 0.29157 -0.95494 -0.05546
vn 0.44335 -0.89229 -0.08520
vn 0.58279 -0.80479 -0.11258
vn 0.70599 -0.69488 -0.13681
vn 0.80954 -0.56561 -0.15724
vn 0.89055 -0.42059 -0.17330
vn 0.94675 -0.26386 -0.18452
vn 0.97658 -0.09978 -0.19060
vn 0.97922 0.06708 -0.19138
vn 0.95459 0.23208 -0.18683
vn 0.90337 0.39060 -0.17707
vn 0.82699 0.53825 -0.16238
vn 0.72758 0.67091 -0.14317
vn 0.60792 0.78488 -0.11998
vn 0.47132 0.87700 -0.09344
vn 0.32160 0.94469 -0.06430
vn 0.16292 0.98608 -0.03337
vn 0.04083 0.99913 -0.00876
vn 0.04155 0.99913 -0.00421
vn 0.16560 0.98608 -0.01525
vn 0.32672 0.94469 -0.02853
vn 0.47874 0.87700 -0.04102
vn 0.61743 0.78488 -0.05237
vn 0.73892 0.67091 -0.06226
vn 0.83984 0.53825 -0.07042
vn 0.91737 0.39060 -0.07662
vn 0.96935 0.23208 -0.08068
vn 0.99433 0.06708 -0.08250
vn 0.99162 -0.09978 -0.08201
vn 0.96130 -0.26386 -0.07925
vn 0.90420 -0.42059 -0.07428
vn 0.82192 -0.56561 -0.06723
vn 0.71676 -0.69488 -0.05832
vn 0.59163 -0.80479 -0.04778
vn 0.45003 -0.89229 -0.03591
vn 0.29590 -0.95494 -0.02304
vn 0.04176 0.99913 0.00038
vn 0.16627 0.98608 0.00306
vn 0.32788 0.94469 0.00758
vn 0.48035 0.87700 0.01189
vn 0.61944 0.78488 0.01587
vn 0.74128 0.67091 0.01940
vn 0.84249 0.53825 0.02240
vn 0.92023 0.39060 0.02477
vn 0.97234 0.23208 0.02645
vn 0.99737 0.06707 0.02739
vn 0.99463 -0.09978 0.02757
vn 0.96418 -0.26386 0.02698
vn 0.90689 -0.42060 0.02564
vn 0.82434 -0.56561 0.02359
vn 0.71883 -0.69488 0.02088
vn 0.59329 -0.80479 0.01759
vn 0.45125 -0.89229 0.01381
vn 0.29664 -0.95494 0.00965
vn 0.13238 -0.99100 0.01990
vn 0.29378 -0.95494 0.04222
vn 0.44700 -0.89229 0.06337
vn 0.58776 -0.80479 0.08275
vn 0.71216 -0.69488 0.09983
vn 0.81674 -0.56561 0.11413
vn 0.89856 -0.42059 0.12525
vn 0.95536 -0.26386 0.13289
vn 0.98556 -0.09978 0.13682
vn 0.98831 0.06708 0.13694
vn 0.96353 0.23207 0.13325
vn 0.91191 0.39061 0.12585
vn 0.83491 0.53825 0.11494
vn 0.73465 0.67091 0.10083
vn 0.61393 0.78488 0.08391
vn 0.47612 0.87700 0.06466
vn 0.32505 0.94469 0.04361
vn 0.16493 0.98608 0.02134
vn 0.04146 0.99913 0.00497
vn 0.04067 0.99913 0.00951
vn 0.16158 0.98608 0.03935
vn 0.31828 0.94469 0.07910
vn 0.46612 0.87700 0.11664
vn 0.60098 0.78488 0.15094
vn 0.71910 0.67091 0.18104
vn 0.81720 0.53826 0.20609
vn 0.89254 0.39060 0.22540
vn 0.94302 0.23207 0.23844
vn 0.96724 0.06708 0.24483
vn 0.96452 -0.09978 0.24441
vn 0.93494 -0.26387 0.23718
vn 0.87933 -0.42059 0.22334
vn 0.79922 -0.56561 0.20329
vn 0.69686 -0.69488 0.17757
vn 0.57509 -0.80479 0.14691
vn 0.43731 -0.89229 0.11216
vn 0.28735 -0.95494 0.07428
vn 0.03937 0.99913 0.01392
vn 0.15627 0.98608 0.05689
vn 0.30765 0.94469 0.11363
vn 0.45045 0.87700 0.16721
vn 0.58073 0.78488 0.21614
vn 0.69482 0.67091 0.25905
vn 0.78957 0.53825 0.29474
vn 0.86233 0.39060 0.32222
vn 0.91107 0.23208 0.34073
vn 0.93444 0.06708 0.34975
vn 0.93178 -0.09978 0.34903
vn 0.90318 -0.26386 0.33859
vn 0.84942 -0.42059 0.31872
vn 0.77201 -0.56561 0.28998
vn 0.67309 -0.69488 0.25315
vn 0.55544 -0.80479 0.20928
vn 0.42232 -0.89229 0.15959
vn 0.27743 -0.95494 0.10544
vn 0.11874 -0.99100 0.06180
vn 0.26415 -0.95494 0.13532
vn 0.40220 -0.89229 0.20507
vn 0.52904 -0.80479 0.26911
vn 0.64116 -0.69488 0.32566
vn 0.73543 -0.56561 0.37314
vn 0.80921 -0.42059 0.41023
vn 0.86045 -0.26386 0.43589
vn 0.88773 -0.09978 0.44942
vn 0.89029 0.06708 0.45042
vn 0.86805 0.23208 0.43889
vn 0.82165 0.39060 0.41513
vn 0.75235 0.53825 0.37981
vn 0.66211 0.67091 0.33391
vn 0.55343 0.78488 0.27871
vn 0.42933 0.87700 0.21575
vn 0.29328 0.94469 0.14679
vn 0.14906 0.98608 0.07373
vn 0.03760 0.99913 0.01817
vn 0.09224 -0.99100 0.09701
vn 0.20590 -0.95494 0.21376
vn 0.31382 -0.89229 0.32456
vn 0.41300 -0.80479 0.42631
vn 0.50068 -0.69488 0.51620
vn 0.57442 -0.56562 0.59171
vn 0.63216 -0.42059 0.65075
vn 0.67229 -0.26386 0.69166
vn 0.69371 -0.09978 0.71331
vn 0.69580 0.06708 0.71510
vn 0.67851 0.23207 0.69696
vn 0.64233 0.39061 0.65942
vn 0.58826 0.53825 0.60351
vn 0.51781 0.67091 0.53080
vn 0.43294 0.78488 0.44331
vn 0.33601 0.87700 0.34347
vn 0.22973 0.94469 0.23406
vn 0.11704 0.98608 0.11814
vn 0.02967 0.99913 0.02939
vn 0.05575 -0.99100 0.12170
vn 0.12533 -0.95494 0.26903
vn 0.19143 -0.89229 0.40887
vn 0.25220 -0.80479 0.53732
vn 0.30594 -0.69488 0.65080
vn 0.35116 -0.56561 0.74617
vn 0.38661 -0.42059 0.82075
vn 0.41129 -0.26386 0.87248
vn 0.42451 -0.09979 0.89991
vn 0.42591 0.06708 0.90228
vn 0.41545 0.23208 0.87951
vn 0.39342 0.39060 0.83226
vn 0.36043 0.53825 0.76182
vn 0.31740 0.67091 0.67018
vn 0.26554 0.78488 0.55986
vn 0.20628 0.87700 0.43396
vn 0.14128 0.94469 0.29597
vn 0.07234 0.98608 0.14974
vn 0.01851 0.99913 0.03743
vn 0.01321 -0.99100 0.13321
vn 0.03119 -0.95494 0.29515
vn 0.04830 -0.89229 0.44887
vn 0.06407 -0.80479 0.59009
vn 0.07805 -0.69488 0.71488
vn 0.08986 -0.56561 0.81976
vn 0.09916 -0.42059 0.90181
vn 0.10571 -0.26386 0.95875
vn 0.10931 -0.09978 0.98899
vn 0.10986 0.06708 0.99168
vn 0.10736 0.23207 0.96676
vn 0.10187 0.39060 0.91491
vn 0.09354 0.53825 0.83758
vn 0.08260 0.67091 0.73692
vn 0.06937 0.78488 0.61575
vn 0.05420 0.87700 0.47743
vn 0.03752 0.94469 0.32581
vn 0.01980 0.98608 0.16512
vn 0.00536 0.99913 0.04142
vn -0.00891 0.88844 -0.45891
vn -0.07279 0.84308 -0.53283
vn -0.13415 0.84308 -0.52078
vn -0.19371 0.84308 -0.50168
vn -0.25064 0.84308 -0.47580
vn -0.30418 0.84308 -0.44349
vn -0.35361 0.84308 -0.40518
vn -0.39826 0.84308 -0.36139
vn -0.43752 0.84308 -0.31271
vn -0.47086 0.84308 -0.25980
vn -0.49784 0.84308 -0.20338
vn -0.51809 0.84308 -0.14421
vn -0.53132 0.84308 -0.08309
vn -0.53738 0.84308 -0.02084
vn -0.53616 0.84308 0.04168
vn -0.52770 0.84308 0.10365
vn -0.51210 0.84308 0.16421
vn -0.48957 0.84308 0.22255
vn -0.39297 0.88844 0.23717
vn -0.42505 0.84308 0.32945
vn -0.38393 0.84308 0.37657
vn -0.33762 0.84308 0.41860
vn -0.28674 0.84308 0.45496
vn -0.23198 0.84308 0.48517
vn -0.17409 0.84308 0.50882
vn -0.11384 0.84308 0.52559
vn -0.05205 0.84308 0.53526
vn 0.01044 0.84308 0.53768
vn 0.07279 0.84308 0.53283
vn 0.13415 0.84308 0.52078
vn 0.19371 0.84308 0.50168
vn 0.25064 0.84308 0.47580
vn 0.30418 0.84308 0.44349
vn 0.35361 0.84308 0.40518
vn 0.39826 0.84308 0.36139
vn 0.43752 0.84308 0.31271
vn 0.40188 0.88844 0.22174
vn 0.49784 0.84308 0.20338
vn 0.51809 0.84308 0.14421
vn 0.53132 0.84308 0.08309
vn 0.53738 0.84308 0.02084
vn 0.53616 0.84308 -0.04168
vn 0.52770 0.84308 -0.10365
vn 0.51210 0.84308 -0.16421
vn 0.48957 0.84308 -0.22255
vn 0.46043 0.84308 -0.27788
vn 0.42505 0.84308 -0.32945
vn 0.38393 0.84308 -0.37657
vn 0.33762 0.84308 -0.41860
vn 0.28674 0.84308 -0.45496
vn 0.23198 0.84308 -0.48517
vn 0.17409 0.84308 -0.50882
vn 0.11384 0.84308 -0.52559
vn 0.05205 0.84308 -0.53526
vn -0.23646 -0.13762 0.96185
vn -0.12320 -0.13762 0.98279
vn -0.12584 -0.68910 0.71366
vn -0.08893 -0.92421 0.37139
vn -0.20794 -0.68871 0.69457
vn -0.34653 -0.13762 0.92789
vn -0.19114 -0.82799 0.52716
vn -0.22495 -0.82641 0.51619
vn -0.44478 -0.13440 0.88550
vn -0.33862 -0.69130 0.63831
vn -0.54457 -0.13440 0.82788
vn -0.32418 -0.82625 0.46066
vn -0.64299 -0.13762 0.75341
vn -0.24709 -0.92446 0.29038
vn -0.49734 -0.68903 0.52715
vn -0.72610 -0.13762 0.67367
vn -0.27828 -0.92420 0.26157
vn -0.55540 -0.68872 0.46604
vn -0.79940 -0.13762 0.58482
vn -0.44968 -0.82775 0.33559
vn -0.47163 -0.82632 0.30784
vn -0.85820 -0.13440 0.49541
vn -0.63375 -0.69122 0.34724
vn -0.91272 -0.13762 0.38470
vn -0.35046 -0.92504 0.14654
vn -0.68010 -0.69006 0.24754
vn -0.95121 -0.13762 0.27614
vn -0.36605 -0.92442 0.10703
vn -0.70526 -0.68897 0.16715
vn -0.97684 -0.13762 0.16385
vn -0.37623 -0.92419 0.06580
vn -0.72011 -0.68874 0.08417
vn -0.98926 -0.13762 0.04933
vn -0.56045 -0.82752 0.03326
vn -0.56331 -0.82624 -0.00183
vn -0.98925 -0.13440 -0.05768
vn -0.72036 -0.69115 -0.05816
vn -0.97397 -0.13762 -0.18014
vn -0.37354 -0.92497 -0.07003
vn -0.70437 -0.68993 -0.16694
vn -0.94647 -0.13762 -0.29199
vn -0.36477 -0.92439 -0.11159
vn -0.68113 -0.68891 -0.24791
vn -0.90617 -0.13762 -0.39989
vn -0.35057 -0.92418 -0.15161
vn -0.64788 -0.68876 -0.32538
vn -0.85362 -0.13762 -0.50239
vn -0.48678 -0.82730 -0.28037
vn -0.46978 -0.82618 -0.31102
vn -0.79481 -0.13440 -0.59179
vn -0.56993 -0.69109 -0.44449
vn -0.71475 -0.13762 -0.68570
vn -0.27385 -0.92489 -0.26378
vn -0.49684 -0.68980 -0.52662
vn -0.63031 -0.13762 -0.76405
vn -0.24363 -0.92435 -0.29363
vn -0.43288 -0.68886 -0.58145
vn -0.53735 -0.13762 -0.83205
vn -0.20974 -0.92418 -0.31922
vn -0.36248 -0.68878 -0.62784
vn -0.43712 -0.13762 -0.88881
vn -0.25274 -0.82710 -0.50202
vn -0.22174 -0.82613 -0.51802
vn -0.33886 -0.13440 -0.93119
vn -0.23191 -0.69104 -0.68461
vn -0.22037 -0.13762 -0.96566
vn -0.08404 -0.92482 -0.37099
vn -0.12574 -0.68967 -0.71312
vn -0.10677 -0.13762 -0.98471
vn -0.04238 -0.92432 -0.37925
vn -0.04215 -0.68882 -0.72371
vn 0.00827 -0.13762 -0.99045
vn -0.00094 -0.82974 -0.55815
vn 0.03556 -0.82720 -0.56078
vn 0.12320 -0.13762 -0.98279
vn 0.06477 -0.82691 -0.55859
vn 0.09927 -0.82608 -0.55473
vn 0.22858 -0.13440 -0.96420
vn 0.18247 -0.69099 -0.69946
vn 0.34652 -0.13762 -0.92789
vn 0.13355 -0.92476 -0.35635
vn 0.28685 -0.68956 -0.66500
vn 0.45190 -0.13762 -0.88139
vn 0.17287 -0.92430 -0.34028
vn 0.36248 -0.68878 -0.62784
vn 0.55117 -0.13762 -0.82297
vn 0.30623 -0.82941 -0.46723
vn 0.33790 -0.82704 -0.44926
vn 0.64298 -0.13762 -0.75341
vn 0.36126 -0.82674 -0.43127
vn 0.38770 -0.82606 -0.40905
vn 0.72081 -0.13440 -0.67997
vn 0.53685 -0.69095 -0.48413
vn 0.79940 -0.13762 -0.58482
vn 0.30742 -0.92470 -0.22455
vn 0.60517 -0.68945 -0.39803
vn 0.86189 -0.13762 -0.48806
vn 0.33138 -0.92427 -0.18948
vn 0.64788 -0.68876 -0.32538
vn 0.91272 -0.13762 -0.38470
vn 0.51304 -0.82910 -0.22223
vn 0.52935 -0.82689 -0.18987
vn 0.95121 -0.13762 -0.27614
vn 0.53906 -0.82657 -0.16185
vn 0.54869 -0.82604 -0.12885
vn 0.97588 -0.13440 -0.17202
vn 0.71459 -0.69092 -0.10947
vn 0.98926 -0.13762 -0.04933
vn 0.38036 -0.92464 -0.01885
vn 0.72443 -0.68935 0.00000
vn 0.98829 -0.13762 0.06585
vn 0.38105 -0.92425 0.02361
vn 0.72011 -0.68874 0.08417
vn 0.97397 -0.13762 0.18013
vn 0.55119 -0.82880 0.09636
vn 0.54683 -0.82675 0.13216
vn 0.94647 -0.13762 0.29199
vn 0.53952 -0.82642 0.16109
vn 0.52928 -0.82603 0.19374
vn 0.90986 -0.13440 0.39254
vn 0.65719 -0.69090 0.30125
vn 0.85362 -0.13762 0.50239
vn 0.32834 -0.92459 0.19318
vn 0.60532 -0.68926 0.39813
vn 0.78953 -0.13762 0.59809
vn 0.30553 -0.92424 0.22900
vn 0.55540 -0.68872 0.46604
vn 0.71475 -0.13762 0.68570
vn 0.40784 -0.82851 0.38371
vn 0.38447 -0.82662 0.41095
vn 0.63691 -0.13440 0.75913
vn 0.45190 -0.69149 0.56358
vn 0.54447 -0.13440 0.82794
vn 0.29421 -0.82644 0.48004
vn 0.43712 -0.13762 0.88881
vn 0.16837 -0.92454 0.34186
vn 0.28700 -0.68918 0.66533
vn 0.33098 -0.13762 0.93355
vn 0.12960 -0.92422 0.35919
vn 0.20794 -0.68871 0.69457
vn 0.22037 -0.13762 0.96566
vn 0.12994 -0.82824 0.54509
vn 0.09555 -0.82651 0.55475
vn 0.11498 -0.13440 0.98423
vn 0.06785 -0.69139 0.71929
vn -0.00006 -0.13440 0.99093
vn -0.01785 -0.82635 0.56288
vn -0.04703 -0.92450 0.37827
vn 0.11559 -0.08914 0.98929
vn 0.22966 -0.08914 0.96918
vn 0.34062 -0.08914 0.93596
vn 0.44698 -0.08914 0.89009
vn 0.54729 -0.08914 0.83218
vn 0.64020 -0.08914 0.76302
vn 0.72445 -0.08914 0.68354
vn 0.79891 -0.08914 0.59481
vn 0.86256 -0.08914 0.49804
vn 0.91455 -0.08914 0.39454
vn 0.95416 -0.08914 0.28570
vn 0.98088 -0.08914 0.17300
vn 0.99433 -0.08914 0.05795
vn 0.99434 -0.08914 -0.05788
vn 0.98089 -0.08914 -0.17292
vn 0.95419 -0.08914 -0.28562
vn 0.91458 -0.08914 -0.39447
vn 0.86260 -0.08914 -0.49798
vn 0.79895 -0.08914 -0.59475
vn 0.72450 -0.08914 -0.68348
vn 0.64026 -0.08914 -0.76297
vn 0.54735 -0.08914 -0.83214
vn 0.44705 -0.08914 -0.89006
vn 0.34070 -0.08914 -0.93594
vn 0.22974 -0.08914 -0.96916
vn 0.11567 -0.08914 -0.98928
vn 0.00004 -0.08914 -0.99602
vn -0.11559 -0.08914 -0.98929
vn -0.22966 -0.08914 -0.96918
vn -0.34062 -0.08914 -0.93596
vn -0.44698 -0.08914 -0.89009
vn -0.54729 -0.08914 -0.83218
vn -0.64020 -0.08914 -0.76302
vn -0.72445 -0.08914 -0.68354
vn -0.79891 -0.08914 -0.59481
vn -0.86256 -0.08914 -0.49804
vn -0.91454 -0.08914 -0.39454
vn -0.95416 -0.08914 -0.28570
vn -0.98088 -0.08914 -0.17300
vn -0.99433 -0.08914 -0.05795
vn -0.99434 -0.08914 0.05787
vn -0.98089 -0.08914 0.17292
vn -0.95419 -0.08914 0.28562
vn -0.91458 -0.08914 0.39447
vn -0.86260 -0.08914 0.49798
vn -0.79895 -0.08914 0.59475
vn -0.72450 -0.08914 0.68348
vn -0.64026 -0.08914 0.76297
vn -0.54735 -0.08914 0.83214
vn -0.44705 -0.08914 0.89006
vn -0.34069 -0.08914 0.93594
vn -0.22974 -0.08914 0.96916
vn -0.11567 -0.08914 0.98928
vn -0.00004 -0.08914 0.99602
vn 0.11596 -0.04371 0.99229
vn 0.23038 -0.04371 0.97212
vn 0.34168 -0.04371 0.93880
vn 0.44835 -0.04371 0.89279
vn 0.54897 -0.04371 0.83470
vn 0.64216 -0.04371 0.76532
vn 0.72667 -0.04371 0.68560
vn 0.80135 -0.04371 0.59660
vn 0.86519 -0.04371 0.49954
vn 0.91733 -0.04371 0.39572
vn 0.95707 -0.04371 0.28655
vn 0.98386 -0.04371 0.17350
vn 0.99735 -0.04371 0.05811
vn 0.99736 -0.04371 -0.05807
vn 0.98387 -0.04371 -0.17346
vn 0.95708 -0.04371 -0.28651
vn 0.91735 -0.04371 -0.39568
vn 0.86521 -0.04371 -0.49951
vn 0.80137 -0.04371 -0.59657
vn 0.72669 -0.04371 -0.68557
vn 0.64219 -0.04371 -0.76530
vn 0.54900 -0.04371 -0.83468
vn 0.44839 -0.04371 -0.89277
vn 0.34171 -0.04371 -0.93879
vn 0.23041 -0.04371 -0.97211
vn 0.11600 -0.04371 -0.99229
vn 0.00002 -0.04371 -0.99904
vn -0.11596 -0.04371 -0.99229
vn -0.23038 -0.04371 -0.97212
vn -0.34168 -0.04371 -0.93880
vn -0.44835 -0.04371 -0.89279
vn -0.54897 -0.04371 -0.83470
vn -0.64216 -0.04371 -0.76532
vn -0.72666 -0.04371 -0.68560
vn -0.80135 -0.04371 -0.59660
vn -0.86519 -0.04371 -0.49954
vn -0.91733 -0.04371 -0.39572
vn -0.95707 -0.04371 -0.28655
vn -0.98386 -0.04371 -0.17350
vn -0.99735 -0.04371 -0.05811
vn -0.99736 -0.04371 0.05807
vn -0.98387 -0.04371 0.17346
vn -0.95708 -0.04371 0.28651
vn -0.91735 -0.04371 0.39568
vn -0.86521 -0.04371 0.49951
vn -0.80137 -0.04371 0.59657
vn -0.72669 -0.04371 0.68557
vn -0.64219 -0.04371 0.76530
vn -0.54900 -0.04371 0.83468
vn -0.44839 -0.04371 0.89277
vn -0.34171 -0.04371 0.93879
vn -0.23042 -0.04371 0.97211
vn -0.11600 -0.04371 0.99229
vn -0.00002 -0.04371 0.99904
vn 0.11609 0.00182 0.99324
vn 0.23062 0.00182 0.97304
vn 0.34202 0.00182 0.93969
vn 0.44880 0.00182 0.89363
vn 0.54951 0.00182 0.83549
vn 0.64279 0.00182 0.76604
vn 0.72737 0.00182 0.68624
vn 0.80212 0.00182 0.59716
vn 0.86602 0.00182 0.50000
vn 0.91821 0.00182 0.39608
vn 0.95799 0.00182 0.28680
vn 0.98481 0.00182 0.17365
vn 0.99831 0.00182 0.05814
vn 0.99831 0.00182 -0.05815
vn 0.98481 0.00182 -0.17365
vn 0.95799 0.00182 -0.28680
vn 0.91821 0.00182 -0.39608
vn 0.86602 0.00182 -0.50000
vn 0.80212 0.00182 -0.59716
vn 0.72737 0.00182 -0.68624
vn 0.64279 0.00182 -0.76604
vn 0.54951 0.00182 -0.83549
vn 0.44880 0.00182 -0.89363
vn 0.34202 0.00182 -0.93969
vn 0.23061 0.00182 -0.97304
vn 0.11609 0.00182 -0.99324
vn -0.00000 0.00182 -1.00000
vn -0.11609 0.00182 -0.99324
vn -0.23062 0.00182 -0.97304
vn -0.34202 0.00182 -0.93969
vn -0.44880 0.00182 -0.89363
vn -0.54951 0.00182 -0.83549
vn -0.64279 0.00182 -0.76604
vn -0.72737 0.00182 -0.68624
vn -0.80212 0.00182 -0.59716
vn -0.86602 0.00182 -0.50000
vn -0.91821 0.00182 -0.39608
vn -0.95799 0.00182 -0.28680
vn -0.98481 0.00182 -0.17365
vn -0.99831 0.00182 -0.05814
vn -0.99831 0.00182 0.05815
vn -0.98481 0.00182 0.17365
vn -0.95799 0.00182 0.28680
vn -0.91821 0.00182 0.39608
vn -0.86602 0.00182 0.50000
vn -0.80212 0.00182 0.59716
vn -0.72737 0.00182 0.68624
vn -0.64279 0.00182 0.76604
vn -0.54951 0.00182 0.83549
vn -0.44880 0.00182 0.89363
vn -0.34202 0.00182 0.93969
vn -0.23061 0.00182 0.97304
vn -0.11609 0.00182 0.99324
vn 0.00000 0.00182 1.00000
vn 0.11598 0.04735 0.99212
vn 0.23038 0.04735 0.97195
vn 0.34166 0.04735 0.93863
vn 0.44831 0.04735 0.89262
vn 0.54891 0.04735 0.83454
vn 0.64208 0.04735 0.76517
vn 0.72657 0.04735 0.68546
vn 0.80124 0.04735 0.59647
vn 0.86506 0.04735 0.49942
vn 0.91719 0.04735 0.39562
vn 0.95692 0.04735 0.28646
vn 0.98371 0.04735 0.17343
vn 0.99719 0.04735 0.05806
vn 0.99719 0.04735 -0.05810
vn 0.98370 0.04735 -0.17347
vn 0.95691 0.04735 -0.28650
vn 0.91718 0.04735 -0.39566
vn 0.86504 0.04735 -0.49946
vn 0.80121 0.04735 -0.59651
vn 0.72654 0.04735 -0.68549
vn 0.64205 0.04735 -0.76520
vn 0.54888 0.04735 -0.83456
vn 0.44828 0.04735 -0.89264
vn 0.34162 0.04735 -0.93865
vn 0.23034 0.04735 -0.97196
vn 0.11594 0.04735 -0.99213
vn -0.00002 0.04735 -0.99888
vn -0.11598 0.04735 -0.99212
vn -0.23038 0.04735 -0.97195
vn -0.34166 0.04735 -0.93863
vn -0.44831 0.04735 -0.89262
vn -0.54891 0.04735 -0.83454
vn -0.64208 0.04735 -0.76517
vn -0.72657 0.04735 -0.68546
vn -0.80124 0.04735 -0.59647
vn -0.86506 0.04735 -0.49942
vn -0.91719 0.04735 -0.39562
vn -0.95692 0.04735 -0.28646
vn -0.98371 0.04735 -0.17343
vn -0.99719 0.04735 -0.05806
vn -0.99719 0.04735 0.05810
vn -0.98370 0.04735 0.17347
vn -0.95691 0.04735 0.28650
vn -0.91718 0.04735 0.39566
vn -0.86504 0.04735 0.49946
vn -0.80121 0.04735 0.59651
vn -0.72654 0.04735 0.68549
vn -0.64205 0.04735 0.76520
vn -0.54887 0.04735 0.83456
vn -0.44828 0.04735 0.89264
vn -0.34162 0.04735 0.93865
vn -0.23034 0.04735 0.97196
vn -0.11594 0.04735 0.99213
vn 0.00002 0.04735 0.99888
vn 0.11563 0.09277 0.98895
vn 0.22966 0.09277 0.96884
vn 0.34058 0.09277 0.93563
vn 0.44690 0.09277 0.88976
vn 0.54717 0.09277 0.83186
vn 0.64005 0.09277 0.76271
vn 0.72426 0.09277 0.68325
vn 0.79869 0.09277 0.59455
vn 0.86231 0.09277 0.49781
vn 0.91427 0.09277 0.39433
vn 0.95387 0.09277 0.28553
vn 0.98057 0.09277 0.17286
vn 0.99401 0.09277 0.05785
vn 0.99400 0.09277 -0.05793
vn 0.98055 0.09277 -0.17294
vn 0.95385 0.09277 -0.28561
vn 0.91424 0.09277 -0.39441
vn 0.86227 0.09277 -0.49788
vn 0.79864 0.09277 -0.59462
vn 0.72421 0.09277 -0.68331
vn 0.63998 0.09277 -0.76277
vn 0.54710 0.09277 -0.83191
vn 0.44683 0.09277 -0.88980
vn 0.34051 0.09277 -0.93565
vn 0.22958 0.09277 -0.96886
vn 0.11555 0.09277 -0.98896
vn -0.00004 0.09277 -0.99569
vn -0.11563 0.09277 -0.98895
vn -0.22966 0.09277 -0.96884
vn -0.34058 0.09277 -0.93563
vn -0.44690 0.09277 -0.88976
vn -0.54717 0.09277 -0.83186
vn -0.64005 0.09277 -0.76271
vn -0.72426 0.09277 -0.68325
vn -0.79869 0.09277 -0.59455
vn -0.86231 0.09277 -0.49781
vn -0.91427 0.09277 -0.39433
vn -0.95387 0.09277 -0.28553
vn -0.98057 0.09277 -0.17286
vn -0.99401 0.09277 -0.05785
vn -0.99400 0.09277 0.05794
vn -0.98055 0.09277 0.17294
vn -0.95385 0.09277 0.28561
vn -0.91424 0.09277 0.39441
vn -0.86227 0.09277 0.49788
vn -0.79864 0.09277 0.59462
vn -0.72421 0.09277 0.68331
vn -0.63998 0.09277 0.76277
vn -0.54710 0.09277 0.83191
vn -0.44683 0.09277 0.88980
vn -0.34051 0.09277 0.93565
vn -0.22958 0.09277 0.96886
vn -0.11555 0.09277 0.98896
vn 0.00004 0.09277 0.99569
vn 0.11504 0.13801 0.98373
vn 0.22847 0.13801 0.96372
vn 0.33880 0.13801 0.93068
vn 0.44456 0.13801 0.88505
vn 0.54430 0.13801 0.82746
vn 0.63668 0.13801 0.75868
vn 0.72046 0.13801 0.67963
vn 0.79448 0.13801 0.59140
vn 0.85777 0.13801 0.49516
vn 0.90945 0.13801 0.39223
vn 0.94884 0.13801 0.28400
vn 0.97540 0.13801 0.17193
vn 0.98876 0.13801 0.05753
vn 0.98875 0.13801 -0.05765
vn 0.97537 0.13801 -0.17205
vn 0.94881 0.13801 -0.28412
vn 0.90941 0.13801 -0.39235
vn 0.85771 0.13801 -0.49527
vn 0.79441 0.13801 -0.59149
vn 0.72037 0.13801 -0.67972
vn 0.63659 0.13801 -0.75875
vn 0.54420 0.13801 -0.82753
vn 0.44445 0.13801 -0.88511
vn 0.33869 0.13801 -0.93072
vn 0.22835 0.13801 -0.96375
vn 0.11492 0.13801 -0.98374
vn -0.00006 0.13801 -0.99043
vn -0.11504 0.13801 -0.98373
vn -0.22847 0.13801 -0.96372
vn -0.33880 0.13801 -0.93068
vn -0.44456 0.13801 -0.88505
vn -0.54430 0.13801 -0.82746
vn -0.63668 0.13801 -0.75868
vn -0.72046 0.13801 -0.67963
vn -0.79448 0.13801 -0.59140
vn -0.85777 0.13801 -0.49516
vn -0.90945 0.13801 -0.39223
vn -0.94884 0.13801 -0.28400
vn -0.97540 0.13801 -0.17193
vn -0.98876 0.13801 -0.05753
vn -0.98875 0.13801 0.05765
vn -0.97537 0.13801 0.17205
vn -0.94881 0.13801 0.28412
vn -0.90941 0.13801 0.39235
vn -0.85771 0.13801 0.49527
vn -0.79441 0.13801 0.59149
vn -0.72037 0.13801 0.67972
vn -0.63659 0.13801 0.75875
vn -0.54420 0.13801 0.82753
vn -0.44445 0.13801 0.88511
vn -0.33869 0.13801 0.93072
vn -0.22835 0.13801 0.96375
vn -0.11492 0.13801 0.98374
vn 0.00006 0.13801 0.99043
vn 0.11421 0.18295 0.97646
vn 0.22680 0.18295 0.95660
vn 0.33632 0.18295 0.92380
vn 0.44130 0.18295 0.87851
vn 0.54030 0.18295 0.82134
vn 0.63200 0.18295 0.75306
vn 0.71515 0.18295 0.67460
vn 0.78863 0.18295 0.58702
vn 0.85145 0.18295 0.49149
vn 0.90275 0.18295 0.38932
vn 0.94184 0.18295 0.28189
vn 0.96820 0.18295 0.17064
vn 0.98146 0.18295 0.05708
vn 0.98145 0.18295 -0.05724
vn 0.96817 0.18295 -0.17080
vn 0.94180 0.18295 -0.28204
vn 0.90269 0.18295 -0.38947
vn 0.85137 0.18295 -0.49163
vn 0.78854 0.18295 -0.58714
vn 0.71504 0.18295 -0.67472
vn 0.63188 0.18295 -0.75317
vn 0.54017 0.18295 -0.82143
vn 0.44115 0.18295 -0.87859
vn 0.33617 0.18295 -0.92386
vn 0.22665 0.18295 -0.95664
vn 0.11405 0.18295 -0.97648
vn -0.00008 0.18295 -0.98312
vn -0.11421 0.18295 -0.97646
vn -0.22680 0.18295 -0.95660
vn -0.33632 0.18295 -0.92380
vn -0.44130 0.18295 -0.87851
vn -0.54030 0.18295 -0.82134
vn -0.63200 0.18295 -0.75306
vn -0.71515 0.18295 -0.67460
vn -0.78863 0.18295 -0.58702
vn -0.85145 0.18295 -0.49149
vn -0.90275 0.18295 -0.38932
vn -0.94184 0.18295 -0.28189
vn -0.96820 0.18295 -0.17064
vn -0.98146 0.18295 -0.05708
vn -0.98145 0.18295 0.05724
vn -0.96817 0.18295 0.17080
vn -0.94180 0.18295 0.28204
vn -0.90269 0.18295 0.38947
vn -0.85137 0.18295 0.49163
vn -0.78854 0.18295 0.58714
vn -0.71504 0.18295 0.67472
vn -0.63188 0.18295 0.75317
vn -0.54017 0.18295 0.82143
vn -0.44115 0.18295 0.87859
vn -0.33617 0.18295 0.92386
vn -0.22664 0.18295 0.95664
vn -0.11405 0.18295 0.97648
vn 0.00008 0.18295 0.98312
vn 0.11315 0.22752 0.96718
vn 0.22466 0.22752 0.94750
vn 0.33314 0.22752 0.91501
vn 0.43712 0.22752 0.87015
vn 0.53518 0.22752 0.81352
vn 0.62601 0.22752 0.74589
vn 0.70837 0.22752 0.66817
vn 0.78115 0.22752 0.58142
vn 0.84336 0.22752 0.48680
vn 0.89417 0.22752 0.38560
vn 0.93289 0.22752 0.27918
vn 0.95900 0.22752 0.16900
vn 0.97213 0.22752 0.05652
vn 0.97212 0.22752 -0.05672
vn 0.95896 0.22752 -0.16919
vn 0.93284 0.22752 -0.27938
vn 0.89409 0.22752 -0.38578
vn 0.84326 0.22752 -0.48697
vn 0.78103 0.22752 -0.58158
vn 0.70823 0.22752 -0.66832
vn 0.62585 0.22752 -0.74602
vn 0.53501 0.22752 -0.81363
vn 0.43694 0.22752 -0.87024
vn 0.33296 0.22752 -0.91508
vn 0.22447 0.22752 -0.94755
vn 0.11295 0.22752 -0.96720
vn -0.00010 0.22752 -0.97377
vn -0.11315 0.22752 -0.96718
vn -0.22467 0.22752 -0.94750
vn -0.33314 0.22752 -0.91501
vn -0.43712 0.22752 -0.87015
vn -0.53518 0.22752 -0.81352
vn -0.62601 0.22752 -0.74589
vn -0.70837 0.22752 -0.66817
vn -0.78115 0.22752 -0.58142
vn -0.84336 0.22752 -0.48680
vn -0.89417 0.22752 -0.38560
vn -0.93289 0.22752 -0.27919
vn -0.95900 0.22752 -0.16900
vn -0.97213 0.22752 -0.05652
vn -0.97212 0.22752 0.05672
vn -0.95896 0.22752 0.16919
vn -0.93284 0.22752 0.27938
vn -0.89409 0.22752 0.38578
vn -0.84326 0.22752 0.48697
vn -0.78103 0.22752 0.58158
vn -0.70823 0.22752 0.66832
vn -0.62585 0.22752 0.74602
vn -0.53501 0.22752 0.81363
vn -0.43694 0.22752 0.87024
vn -0.33296 0.22752 0.91508
vn -0.22447 0.22752 0.94755
vn -0.11295 0.22752 0.96720
vn 0.00010 0.22752 0.97377
vn 0.11185 0.27162 0.95588
vn 0.22206 0.27162 0.93644
vn 0.32927 0.27162 0.90432
vn 0.43203 0.27162 0.85998
vn 0.52895 0.27162 0.80401
vn 0.61871 0.27162 0.73717
vn 0.70011 0.27162 0.66036
vn 0.77204 0.27162 0.57461
vn 0.83353 0.27162 0.48110
vn 0.88374 0.27162 0.38108
vn 0.92201 0.27162 0.27591
vn 0.94780 0.27162 0.16700
vn 0.96078 0.27162 0.05584
vn 0.96077 0.27162 -0.05608
vn 0.94776 0.27162 -0.16724
vn 0.92194 0.27162 -0.27614
vn 0.88365 0.27162 -0.38130
vn 0.83341 0.27162 -0.48131
vn 0.77190 0.27162 -0.57480
vn 0.69995 0.27162 -0.66053
vn 0.61853 0.27162 -0.73732
vn 0.52875 0.27162 -0.80414
vn 0.43182 0.27162 -0.86009
vn 0.32905 0.27162 -0.90441
vn 0.22183 0.27162 -0.93649
vn 0.11161 0.27162 -0.95591
vn -0.00012 0.27162 -0.96240
vn -0.11185 0.27162 -0.95588
vn -0.22206 0.27162 -0.93644
vn -0.32927 0.27162 -0.90432
vn -0.43203 0.27162 -0.85998
vn -0.52895 0.27162 -0.80401
vn -0.61871 0.27162 -0.73717
vn -0.70011 0.27162 -0.66036
vn -0.77204 0.27162 -0.57461
vn -0.83353 0.27162 -0.48110
vn -0.88374 0.27162 -0.38108
vn -0.92201 0.27162 -0.27591
vn -0.94780 0.27162 -0.16700
vn -0.96078 0.27162 -0.05584
vn -0.96077 0.27162 0.05608
vn -0.94776 0.27162 0.16724
vn -0.92194 0.27162 0.27614
vn -0.88365 0.27162 0.38130
vn -0.83341 0.27162 0.48131
vn -0.77190 0.27162 0.57480
vn -0.69995 0.27162 0.66053
vn -0.61853 0.27162 0.73732
vn -0.52875 0.27162 0.80414
vn -0.43182 0.27162 0.86009
vn -0.32905 0.27162 0.90441
vn -0.22183 0.27162 0.93649
vn -0.11161 0.27162 0.95591
vn 0.00012 0.27162 0.96240
vn 0.11031 0.31515 0.94261
vn 0.21900 0.31515 0.92343
vn 0.32472 0.31515 0.89176
vn 0.42605 0.31515 0.84803
vn 0.52162 0.31515 0.79284
vn 0.61014 0.31515 0.72692
vn 0.69040 0.31515 0.65117
vn 0.76133 0.31515 0.56662
vn 0.82196 0.31515 0.47440
vn 0.87148 0.31515 0.37577
vn 0.90921 0.31515 0.27206
vn 0.93465 0.31515 0.16466
vn 0.94744 0.31515 0.05504
vn 0.94743 0.31515 -0.05532
vn 0.93460 0.31515 -0.16494
vn 0.90913 0.31515 -0.27232
vn 0.87137 0.31515 -0.37602
vn 0.82182 0.31515 -0.47464
vn 0.76117 0.31515 -0.56684
vn 0.69021 0.31515 -0.65137
vn 0.60993 0.31515 -0.72710
vn 0.52139 0.31515 -0.79299
vn 0.42580 0.31515 -0.84816
vn 0.32446 0.31515 -0.89185
vn 0.21873 0.31515 -0.92349
vn 0.11004 0.31515 -0.94264
vn -0.00014 0.31515 -0.94904
vn -0.11031 0.31515 -0.94261
vn -0.21900 0.31515 -0.92343
vn -0.32472 0.31515 -0.89176
vn -0.42605 0.31515 -0.84803
vn -0.52162 0.31515 -0.79284
vn -0.61014 0.31515 -0.72692
vn -0.69040 0.31515 -0.65117
vn -0.76133 0.31515 -0.56662
vn -0.82196 0.31515 -0.47440
vn -0.87148 0.31515 -0.37577
vn -0.90921 0.31515 -0.27205
vn -0.93465 0.31515 -0.16466
vn -0.94744 0.31515 -0.05504
vn -0.94743 0.31515 0.05532
vn -0.93460 0.31515 0.16494
vn -0.90913 0.31515 0.27232
vn -0.87137 0.31515 0.37602
vn -0.82182 0.31515 0.47464
vn -0.76117 0.31515 0.56684
vn -0.69021 0.31515 0.65137
vn -0.60993 0.31515 0.72710
vn -0.52139 0.31515 0.79299
vn -0.42581 0.31515 0.84816
vn -0.32446 0.31515 0.89185
vn -0.21873 0.31515 0.92349
vn -0.11004 0.31515 0.94264
vn 0.00014 0.31515 0.94904
vn 0.10855 0.35803 0.92738
vn 0.21548 0.35803 0.90850
vn 0.31950 0.35803 0.87735
vn 0.41919 0.35803 0.83432
vn 0.51321 0.35803 0.78002
vn 0.60030 0.35803 0.71516
vn 0.67926 0.35803 0.64064
vn 0.74904 0.35803 0.55745
vn 0.80870 0.35803 0.46672
vn 0.85741 0.35803 0.36968
vn 0.89453 0.35803 0.26764
vn 0.91955 0.35803 0.16198
vn 0.93214 0.35803 0.05413
vn 0.93212 0.35803 -0.05445
vn 0.91950 0.35803 -0.16229
vn 0.89444 0.35803 -0.26794
vn 0.85728 0.35803 -0.36997
vn 0.80854 0.35803 -0.46699
vn 0.74886 0.35803 -0.55770
vn 0.67905 0.35803 -0.64087
vn 0.60006 0.35803 -0.71536
vn 0.51295 0.35803 -0.78019
vn 0.41891 0.35803 -0.83446
vn 0.31920 0.35803 -0.87745
vn 0.21517 0.35803 -0.90858
vn 0.10824 0.35803 -0.92741
vn -0.00016 0.35803 -0.93371
vn -0.10855 0.35803 -0.92738
vn -0.21548 0.35803 -0.90850
vn -0.31950 0.35803 -0.87735
vn -0.41919 0.35803 -0.83432
vn -0.51321 0.35803 -0.78002
vn -0.60030 0.35803 -0.71516
vn -0.67926 0.35803 -0.64064
vn -0.74904 0.35803 -0.55745
vn -0.80870 0.35803 -0.46672
vn -0.85741 0.35803 -0.36968
vn -0.89453 0.35803 -0.26764
vn -0.91955 0.35803 -0.16198
vn -0.93214 0.35803 -0.05413
vn -0.93212 0.35803 0.05445
vn -0.91950 0.35803 0.16229
vn -0.89444 0.35803 0.26794
vn -0.85728 0.35803 0.36997
vn -0.80854 0.35803 0.46699
vn -0.74886 0.35803 0.55770
vn -0.67905 0.35803 0.64087
vn -0.60006 0.35803 0.71536
vn -0.51295 0.35803 0.78019
vn -0.41891 0.35803 0.83446
vn -0.31920 0.35803 0.87745
vn -0.21517 0.35803 0.90858
vn -0.10824 0.35803 0.92741
vn 0.00016 0.35803 0.93371
vn 0.10657 0.40017 0.91022
vn 0.21152 0.40017 0.89170
vn 0.31361 0.40017 0.86111
vn 0.41146 0.40017 0.81888
vn 0.50374 0.40017 0.76558
vn 0.58921 0.40017 0.70192
vn 0.66672 0.40017 0.62877
vn 0.73520 0.40017 0.54712
vn 0.79375 0.40017 0.45807
vn 0.84156 0.40017 0.36282
vn 0.87799 0.40017 0.26267
vn 0.90255 0.40017 0.15896
vn 0.91490 0.40017 0.05311
vn 0.91488 0.40017 -0.05346
vn 0.90249 0.40017 -0.15931
vn 0.87789 0.40017 -0.26301
vn 0.84142 0.40017 -0.36315
vn 0.79357 0.40017 -0.45837
vn 0.73499 0.40017 -0.54740
vn 0.66647 0.40017 -0.62903
vn 0.58894 0.40017 -0.70215
vn 0.50345 0.40017 -0.76577
vn 0.41114 0.40017 -0.81904
vn 0.31328 0.40017 -0.86123
vn 0.21117 0.40017 -0.89178
vn 0.10622 0.40017 -0.91027
vn -0.00018 0.40017 -0.91644
vn -0.10657 0.40017 -0.91022
vn -0.21152 0.40017 -0.89170
vn -0.31361 0.40017 -0.86111
vn -0.41146 0.40017 -0.81888
vn -0.50374 0.40017 -0.76558
vn -0.58921 0.40017 -0.70192
vn -0.66672 0.40017 -0.62877
vn -0.73520 0.40017 -0.54712
vn -0.79375 0.40017 -0.45807
vn -0.84156 0.40017 -0.36282
vn -0.87799 0.40017 -0.26267
vn -0.90255 0.40017 -0.15896
vn -0.91490 0.40017 -0.05311
vn -0.91488 0.40017 0.05346
vn -0.90249 0.40017 0.15931
vn -0.87789 0.40017 0.26301
vn -0.84142 0.40017 0.36315
vn -0.79357 0.40017 0.45837
vn -0.73499 0.40017 0.54740
vn -0.66647 0.40017 0.62903
vn -0.58894 0.40017 0.70215
vn -0.50345 0.40017 0.76577
vn -0.41114 0.40017 0.81904
vn -0.31328 0.40017 0.86123
vn -0.21117 0.40017 0.89178
vn -0.10622 0.40017 0.91027
vn 0.00018 0.40017 0.91644
vn -0.01761 -0.99052 -0.13624
vn -0.08970 -0.99052 -0.10400
vn -0.12696 -0.99039 -0.05487
vn -0.13218 -0.99052 -0.03742
vn -0.13604 -0.99041 0.02409
vn -0.13097 -0.99052 0.04156
vn -0.10018 -0.99043 0.09493
vn -0.08647 -0.99051 0.10685
vn -0.03132 -0.99045 0.13429
vn -0.01335 -0.99050 0.13688
vn 0.04777 -0.99046 0.12923
vn 0.11096 -0.99048 0.08150
vn 0.13740 -0.99049 0.00692
vn 0.11843 -0.99050 -0.06986
vn 0.06036 -0.99051 -0.12347
vn 0.34268 0.06138 0.93744
vn 0.27272 0.24116 0.93138
vn 0.19442 0.79038 0.58095
vn 0.49505 0.06233 0.86662
vn 0.42844 0.11267 0.89652
vn 0.27693 0.79038 0.54645
vn 0.59428 0.24085 0.76734
vn 0.54101 0.24176 0.80552
vn 0.35592 0.78278 0.51046
vn 0.56646 0.79050 0.23288
vn 0.89288 0.24241 0.37948
vn 0.84517 0.24286 0.47614
vn 0.91238 0.24085 0.33100
vn 0.99721 0.06162 0.04204
vn 0.96467 0.24142 0.10550
vn 0.61071 0.79038 0.04828
vn 0.96325 0.24016 -0.12029
vn 0.97003 0.24098 -0.03105
vn 0.62114 0.78278 -0.03789
vn 0.49388 0.79050 -0.36221
vn 0.81586 -0.05273 -0.57584
vn 0.86353 0.24167 -0.44262
vn 0.74975 0.24087 -0.61633
vn 0.54272 0.06228 -0.83760
vn 0.59917 0.11249 -0.79268
vn 0.35936 0.79038 -0.49614
vn 0.40917 0.24095 -0.88007
vn 0.46754 0.24185 -0.85024
vn 0.29124 0.78278 -0.54994
vn -0.05190 0.79050 -0.61026
vn -0.06993 0.06241 -0.99560
vn 0.05923 0.24144 -0.96861
vn -0.12446 0.24105 -0.96250
vn -0.42036 0.06179 -0.90525
vn -0.34881 0.24153 -0.90554
vn -0.23630 0.79038 -0.56521
vn -0.52886 0.24014 -0.81403
vn -0.47261 0.24111 -0.84765
vn -0.31771 0.78278 -0.53508
vn -0.54795 0.79050 -0.27361
vn -0.89311 0.06264 -0.44545
vn -0.81579 0.11347 -0.56711
vn -0.89160 0.24089 -0.38343
vn -0.99017 0.06105 -0.12584
vn -0.95274 0.24097 -0.18499
vn -0.60555 0.79038 -0.09273
vn -0.96969 0.24101 0.04018
vn -0.99311 0.11281 -0.03174
vn -0.62225 0.78278 -0.00755
vn -0.51900 0.79050 0.32519
vn -0.85241 0.06262 0.51911
vn -0.88787 0.24126 0.39177
vn -0.79810 0.24122 0.55213
vn -0.61130 0.06191 0.78897
vn -0.66740 0.11311 0.73606
vn -0.39461 0.79038 0.46859
vn -0.48066 0.24034 0.84333
vn -0.53633 0.24128 0.80878
vn -0.33060 0.78278 0.52721
vn 0.00165 0.78287 0.62218
vn 0.00777 0.11301 0.99356
vn -0.13917 0.24155 0.96036
vn -0.08895 0.78287 0.61579
vn -0.20367 0.24081 0.94896
vn -0.28977 0.06200 0.95509
vn -0.16953 0.79050 0.58853
vn -0.33500 0.24039 0.91104
vn -0.42036 0.06167 0.90526
vn -0.25341 0.79050 0.55757
vn -0.73500 0.06155 0.67527
vn -0.45777 0.79613 0.39577
vn -0.77158 0.06186 0.63311
vn -0.57198 0.78287 0.24486
vn -0.91238 0.24085 0.33099
vn -0.96281 0.06200 0.26296
vn -0.59068 0.79050 0.16188
vn -0.95450 0.24071 0.17602
vn -0.99008 0.06253 0.12584
vn -0.60796 0.79050 0.07415
vn -0.96282 0.06188 -0.26295
vn -0.57629 0.79613 -0.18458
vn -0.94661 0.06238 -0.31629
vn -0.50698 0.78287 -0.36068
vn -0.74975 0.24087 -0.61632
vn -0.71551 0.06221 -0.69583
vn -0.44589 0.79050 -0.41987
vn -0.65578 0.24057 -0.71559
vn -0.61132 0.06164 -0.78898
vn -0.38000 0.79050 -0.48032
vn -0.28975 0.06195 -0.95509
vn -0.14266 0.79613 -0.58807
vn -0.22545 -0.05348 -0.97279
vn 0.04377 0.78287 -0.62064
vn 0.12446 0.24105 -0.96250
vn 0.20831 0.06188 -0.97610
vn 0.12612 0.79050 -0.59933
vn 0.28151 0.24053 -0.92892
vn 0.34265 0.06236 -0.93739
vn 0.21204 0.79050 -0.57458
vn 0.67556 0.06166 -0.73473
vn 0.42766 0.79613 -0.42812
vn 0.71551 0.06221 -0.69583
vn 0.55258 0.78287 -0.28596
vn 0.89160 0.24089 -0.38343
vn 0.94661 0.06238 -0.31629
vn 0.57729 0.79050 -0.20456
vn 0.93667 0.24072 -0.25439
vn 0.98155 0.06174 -0.18096
vn 0.60092 0.79050 -0.11833
vn 0.98154 0.06196 0.18096
vn 0.58823 0.79613 0.14202
vn 0.96745 -0.05331 0.24740
vn 0.53195 0.78287 0.32271
vn 0.82283 0.11439 0.55665
vn 0.77158 0.06186 0.63311
vn 0.47535 0.79050 0.38620
vn 0.71272 0.24060 0.65889
vn 0.67555 0.06215 0.73469
vn 0.41405 0.79050 0.45130
vn 0.20833 0.06203 0.97609
vn 0.09935 0.79613 0.59692
vn 0.15349 0.06251 0.98617
vn 0.02231 -0.99032 -0.13699
vn -0.60890 0.66405 -0.43391
vn -0.66559 0.66405 -0.34063
vn -0.75721 0.52540 -0.38806
vn -0.80564 0.52540 -0.27368
vn -0.87913 0.37105 -0.29909
vn -0.91331 0.37105 -0.16790
vn -0.96243 0.20562 -0.17733
vn -0.97799 0.20562 -0.03531
vn -0.99876 0.03404 -0.03643
vn -0.99342 0.03404 0.10938
vn -0.98445 -0.13855 0.10803
vn -0.95823 -0.13855 0.25021
vn -0.92093 -0.30700 0.24009
vn -0.87615 -0.30700 0.37162
vn -0.81455 -0.46628 0.34508
vn -0.75563 -0.46628 0.46000
vn -0.67598 -0.61164 0.41103
vn -0.60893 -0.61164 0.50508
vn -0.51907 -0.73872 0.42995
vn -0.45094 -0.73872 0.50094
vn -0.35951 -0.84374 0.39857
vn -0.29765 -0.84374 0.44667
vn -0.21322 -0.92355 0.31874
vn -0.16454 -0.92355 0.34639
vn -0.09471 -0.97578 0.19717
vn -0.06499 -0.97578 0.20886
vn -0.01570 -0.99887 0.04484
vn -0.00900 -0.99887 0.04665
vn 0.00263 -0.99196 -0.12655
vn 0.04625 -0.98886 -0.14146
vn -0.53923 0.66405 -0.51794
vn -0.69264 0.52540 -0.49418
vn -0.82621 0.37105 -0.42391
vn -0.92636 0.20562 -0.31557
vn -0.98281 0.03404 -0.18146
vn -0.98968 -0.13855 -0.03646
vn -0.94607 -0.30700 0.10345
vn -0.85612 -0.46629 0.22280
vn -0.72862 -0.61164 0.30823
vn -0.57614 -0.73872 0.34979
vn -0.41371 -0.84374 0.34197
vn -0.25735 -0.92355 0.28430
vn -0.12241 -0.97578 0.18128
vn -0.02206 -0.99887 0.04208
vn -0.45807 0.66405 -0.59093
vn -0.61330 0.52540 -0.58976
vn -0.75569 0.37105 -0.53969
vn -0.87054 0.20562 -0.44709
vn -0.94591 0.03404 -0.32263
vn -0.97383 -0.13855 -0.18017
vn -0.95105 -0.30700 -0.03540
vn -0.87943 -0.46629 0.09578
vn -0.76574 -0.61164 0.19886
vn -0.62093 -0.73872 0.26217
vn -0.45910 -0.84374 0.27809
vn -0.29600 -0.92355 0.24380
vn -0.14750 -0.97578 0.16153
vn -0.02795 -0.99887 0.03842
vn -0.36715 0.66405 -0.65133
vn -0.52090 0.52540 -0.67277
vn -0.66905 0.37105 -0.64396
vn -0.79616 0.20562 -0.56907
vn -0.88886 0.03404 -0.45691
vn -0.93722 -0.13855 -0.32004
vn -0.93576 -0.30700 -0.17350
vn -0.88401 -0.46628 -0.03329
vn -0.78653 -0.61164 0.08525
vn -0.65249 -0.73872 0.16897
vn -0.49469 -0.84374 0.20829
vn -0.32835 -0.92355 0.19810
vn -0.16945 -0.97578 0.13833
vn -0.03325 -0.99887 0.03394
vn 0.07199 -0.99194 -0.10425
vn 0.09408 -0.99032 -0.10206
vn -0.26840 0.66405 -0.69785
vn -0.41739 0.52540 -0.74144
vn -0.56816 0.37105 -0.73452
vn -0.70482 0.20562 -0.67893
vn -0.81286 0.03404 -0.58146
vn -0.88063 -0.13855 -0.45309
vn -0.90053 -0.30700 -0.30790
vn -0.86974 -0.46629 -0.16165
vn -0.79056 -0.61164 -0.03018
vn -0.67013 -0.73872 0.07217
vn -0.51975 -0.84374 0.13404
vn -0.35369 -0.92355 0.14818
vn -0.18778 -0.97578 0.11218
vn -0.03783 -0.99887 0.02874
vn 0.11636 -0.98888 -0.09256
vn -0.16394 0.66405 -0.72949
vn -0.30499 0.52540 -0.79432
vn -0.45516 0.37105 -0.80941
vn -0.59846 0.20562 -0.77432
vn -0.71954 0.03404 -0.69362
vn -0.80528 -0.13855 -0.57648
vn -0.84610 -0.30700 -0.43574
vn -0.83694 -0.46629 -0.28656
vn -0.77774 -0.61164 -0.14497
vn -0.67350 -0.73872 -0.02617
vn -0.53373 -0.84374 0.05693
vn -0.37150 -0.92355 0.09510
vn -0.20212 -0.97578 0.08365
vn -0.04161 -0.99887 0.02292
vn -0.05597 0.66405 -0.74559
vn -0.18608 0.52540 -0.83026
vn -0.33246 0.37105 -0.86706
vn -0.47934 0.20562 -0.85320
vn -0.61088 0.03404 -0.79099
vn -0.71276 -0.13855 -0.68759
vn -0.77364 -0.30700 -0.55429
vn -0.78629 -0.46629 -0.40537
vn -0.74835 -0.61164 -0.25666
vn -0.66251 -0.73872 -0.12396
vn -0.53633 -0.84374 -0.02138
vn -0.38139 -0.92355 0.04000
vn -0.21214 -0.97578 0.05333
vn -0.04451 -0.99887 0.01662
vn 0.12904 -0.99033 -0.05087
vn 0.05318 0.66405 -0.74579
vn -0.06321 0.52540 -0.84850
vn -0.20267 0.37105 -0.90623
vn -0.35000 0.20562 -0.91390
vn -0.48920 0.03404 -0.87151
vn -0.60505 -0.13855 -0.78404
vn -0.68469 -0.30700 -0.66102
vn -0.71889 -0.46629 -0.51553
vn -0.70300 -0.61164 -0.36289
vn -0.63740 -0.73872 -0.21910
vn -0.52750 -0.84374 -0.09925
vn -0.38315 -0.92355 -0.01596
vn -0.21764 -0.97578 0.02187
vn -0.04645 -0.99887 0.00996
vn 0.13474 -0.99032 -0.03337
vn 0.16120 0.66405 -0.73010
vn 0.06100 0.52540 -0.84867
vn -0.06856 0.37105 -0.92608
vn -0.21321 0.20562 -0.95512
vn -0.35709 0.03404 -0.93345
vn -0.48444 -0.13855 -0.86378
vn -0.58115 -0.30700 -0.75367
vn -0.63617 -0.46628 -0.61471
vn -0.64267 -0.61164 -0.46138
vn -0.59871 -0.73872 -0.30957
vn -0.50743 -0.84374 -0.17499
vn -0.37674 -0.92355 -0.07157
vn -0.21851 -0.97578 -0.01005
vn -0.04741 -0.99887 0.00309
vn 0.14797 -0.98890 -0.01321
vn 0.26579 0.66405 -0.69885
vn 0.18392 0.52540 -0.83074
vn 0.06700 0.37105 -0.92619
vn -0.07187 0.20562 -0.97599
vn -0.21737 0.03404 -0.97549
vn -0.35351 -0.13855 -0.92511
vn -0.46522 -0.30700 -0.83025
vn -0.53989 -0.46629 -0.70079
vn -0.56865 -0.61164 -0.55004
vn -0.54726 -0.73872 -0.39345
vn -0.47654 -0.84374 -0.24701
vn -0.36230 -0.92355 -0.12566
vn -0.21472 -0.97578 -0.04176
vn -0.04735 -0.99887 -0.00385
vn 0.36471 0.66405 -0.65270
vn 0.30292 0.52540 -0.79511
vn 0.20115 0.37105 -0.90657
vn 0.07100 0.20562 -0.97605
vn -0.07302 0.03404 -0.99675
vn -0.21505 -0.13855 -0.96673
vn -0.33938 -0.30700 -0.88914
vn -0.43210 -0.46628 -0.77193
vn -0.48250 -0.61164 -0.62697
vn -0.48414 -0.73872 -0.46893
vn -0.43550 -0.84374 -0.31376
vn -0.34014 -0.92355 -0.17708
vn -0.20635 -0.97578 -0.07258
vn -0.04629 -0.99887 -0.01070
vn 0.13573 -0.99033 0.02861
vn 0.45586 0.66405 -0.59265
vn 0.41546 0.52540 -0.74253
vn 0.33100 0.37105 -0.86762
vn 0.21236 0.20562 -0.95531
vn 0.07288 0.03404 -0.99676
vn -0.07200 -0.13855 -0.98773
vn -0.20630 -0.30700 -0.92908
vn -0.31510 -0.46628 -0.82661
vn -0.38607 -0.61164 -0.69054
vn -0.41070 -0.73872 -0.53443
vn -0.38517 -0.84374 -0.37383
vn -0.31074 -0.92355 -0.22471
vn -0.19358 -0.97578 -0.10185
vn -0.04424 -0.99887 -0.01732
vn 0.13085 -0.99032 0.04636
vn 0.53729 0.66405 -0.51996
vn 0.51914 0.52540 -0.67413
vn 0.45380 0.37105 -0.81018
vn 0.34919 0.20562 -0.91421
vn 0.21723 0.03404 -0.97553
vn 0.07258 -0.13855 -0.98769
vn -0.06883 -0.30700 -0.94922
vn -0.19139 -0.46628 -0.86368
vn -0.28141 -0.61164 -0.73940
vn -0.32851 -0.73872 -0.58853
vn -0.32664 -0.84374 -0.42593
vn -0.27471 -0.92355 -0.26756
vn -0.17669 -0.97578 -0.12895
vn -0.04124 -0.99887 -0.02358
vn 0.13071 -0.98892 0.07037
vn 0.60727 0.66405 -0.43619
vn 0.61176 0.52540 -0.59135
vn 0.56692 0.37105 -0.73547
vn 0.47858 0.20562 -0.85363
vn 0.35696 0.03404 -0.93350
vn 0.21562 -0.13855 -0.96660
vn 0.07012 -0.30700 -0.94912
vn -0.06359 -0.46629 -0.88235
vn -0.17076 -0.61164 -0.77249
vn -0.23932 -0.73872 -0.63009
vn -0.26114 -0.84374 -0.46895
vn -0.23282 -0.92355 -0.30471
vn -0.15603 -0.97578 -0.15330
vn -0.03737 -0.99887 -0.02934
vn 0.66431 0.66405 -0.34312
vn 0.69135 0.52540 -0.49598
vn 0.66797 0.37105 -0.64509
vn 0.59777 0.20562 -0.77485
vn 0.48907 0.03404 -0.87158
vn 0.35406 -0.13855 -0.92490
vn 0.20756 -0.30700 -0.92880
vn 0.06555 -0.46629 -0.88220
vn -0.05646 -0.61164 -0.78912
vn -0.14503 -0.73872 -0.65822
vn -0.19008 -0.84374 -0.50197
vn -0.18597 -0.92355 -0.33536
vn -0.13205 -0.97578 -0.17439
vn -0.03270 -0.99887 -0.03446
vn 0.09754 -0.99033 0.09863
vn 0.70719 0.66405 -0.24274
vn 0.75620 0.52540 -0.39003
vn 0.75478 0.37105 -0.54096
vn 0.70422 0.20562 -0.67955
vn 0.61076 0.03404 -0.79108
vn 0.48495 -0.13855 -0.86350
vn 0.34058 -0.30700 -0.88868
vn 0.19331 -0.46628 -0.86326
vn 0.05904 -0.61164 -0.78893
vn -0.04764 -0.73872 -0.67232
vn -0.11497 -0.84374 -0.52430
vn -0.13516 -0.92355 -0.35887
vn -0.10525 -0.97578 -0.19175
vn -0.02733 -0.99887 -0.03886
vn 0.08369 -0.99032 0.11077
vn 0.73499 0.66405 -0.13718
vn 0.80493 0.52540 -0.27577
vn 0.82550 0.37105 -0.42530
vn 0.79566 0.20562 -0.56978
vn 0.71944 0.03404 -0.69372
vn 0.60551 -0.13855 -0.78368
vn 0.46635 -0.30700 -0.82962
vn 0.31694 -0.46628 -0.82591
vn 0.17328 -0.61164 -0.77193
vn 0.05075 -0.73872 -0.67210
vn -0.03740 -0.84374 -0.53545
vn -0.08147 -0.92355 -0.37472
vn -0.07621 -0.97578 -0.20504
vn -0.02139 -0.99887 -0.04242
vn 0.07034 -0.98893 0.13062
vn 0.74714 0.66405 -0.02871
vn 0.83650 0.52540 -0.15564
vn 0.87862 0.37105 -0.30057
vn 0.87014 0.20562 -0.44786
vn 0.81278 0.03404 -0.58158
vn 0.71316 -0.13855 -0.68717
vn 0.58217 -0.30700 -0.75288
vn 0.43381 -0.46629 -0.77096
vn 0.28382 -0.61164 -0.73847
vn 0.14807 -0.73872 -0.65754
vn 0.04096 -0.84374 -0.53519
vn -0.02604 -0.92355 -0.38259
vn -0.04554 -0.97578 -0.21395
vn -0.01498 -0.99887 -0.04509
vn 0.74335 0.66405 0.08038
vn 0.85025 0.52540 -0.03218
vn 0.91302 0.37105 -0.16944
vn 0.92608 0.20562 -0.31639
vn 0.88879 0.03404 -0.45704
vn 0.80562 -0.13855 -0.57601
vn 0.68559 -0.30700 -0.66009
vn 0.54144 -0.46629 -0.69958
vn 0.38832 -0.61164 -0.68928
vn 0.24223 -0.73872 -0.62898
vn 0.11845 -0.84374 -0.52352
vn 0.02994 -0.92355 -0.38231
vn -0.01391 -0.97578 -0.21830
vn -0.00826 -0.99887 -0.04679
vn 0.02710 -0.99033 0.13605
vn 0.72373 0.66405 0.18776
vn 0.84587 0.52540 0.09196
vn 0.92796 0.37105 -0.03470
vn 0.96227 0.20562 -0.17818
vn 0.94587 0.03404 -0.32276
vn 0.88090 -0.13855 -0.45257
vn 0.77439 -0.30700 -0.55323
vn 0.63753 -0.46628 -0.61329
vn 0.48454 -0.61164 -0.62539
vn 0.33123 -0.73872 -0.58701
vn 0.19341 -0.84374 -0.50070
vn 0.08528 -0.92355 -0.37387
vn 0.01803 -0.97578 -0.21800
vn -0.00136 -0.99887 -0.04749
vn 0.00592 -0.98868 0.14991
vn 0.68868 0.66405 0.29113
vn 0.82347 0.52540 0.21414
vn 0.92313 0.37105 0.10079
vn 0.97796 0.20562 -0.03617
vn 0.98278 0.03404 -0.18160
vn 0.93741 -0.13855 -0.31949
vn 0.84669 -0.30700 -0.43459
vn 0.72004 -0.46628 -0.51393
vn 0.57044 -0.61164 -0.54818
vn 0.41317 -0.73872 -0.53252
vn 0.26425 -0.84374 -0.46720
vn 0.13881 -0.92355 -0.35747
vn 0.04957 -0.97578 -0.21305
vn 0.00557 -0.99887 -0.04718
vn 0.63895 0.66405 0.38830
vn 0.78351 0.52540 0.33175
vn 0.89861 0.37105 0.23412
vn 0.97281 0.20562 0.10660
vn 0.99875 0.03404 -0.03657
vn 0.97393 -0.13855 -0.17960
vn 0.90094 -0.30700 -0.30668
vn 0.78719 -0.46628 -0.40362
vn 0.64417 -0.61164 -0.45928
vn 0.48630 -0.73872 -0.46669
vn 0.32946 -0.84374 -0.42375
vn 0.18938 -0.92355 -0.33345
vn 0.08007 -0.97578 -0.20356
vn 0.01238 -0.99887 -0.04587
vn 0.57560 0.66405 0.47720
vn 0.72686 0.52540 0.44230
vn 0.85495 0.37105 0.36247
vn 0.94692 0.20562 0.24711
vn 0.99343 0.03404 0.10924
vn 0.98971 -0.13855 -0.03588
vn 0.93599 -0.30700 -0.17223
vn 0.83757 -0.46628 -0.28470
vn 0.70418 -0.61164 -0.36059
vn 0.54907 -0.73872 -0.39091
vn 0.38765 -0.84374 -0.37126
vn 0.23591 -0.92355 -0.30232
vn 0.10885 -0.97578 -0.18973
vn 0.01893 -0.99887 -0.04358
vn -0.05232 -0.99033 0.12849
vn 0.49999 0.66405 0.55592
vn 0.65472 0.52540 0.54342
vn 0.79306 0.37105 0.48308
vn 0.90085 0.20562 0.38235
vn 0.96694 0.03404 0.25272
vn 0.98438 -0.13855 0.10861
vn 0.95110 -0.30700 -0.03411
vn 0.87010 -0.46628 -0.15972
vn 0.74918 -0.61164 -0.25422
vn 0.60014 -0.73872 -0.30680
vn 0.43757 -0.84374 -0.31086
vn 0.27742 -0.92355 -0.26475
vn 0.13532 -0.97578 -0.17186
vn 0.02507 -0.99887 -0.04036
vn -0.07743 -0.98872 0.12821
vn 0.41372 0.66405 0.62279
vn 0.56862 0.52540 0.63295
vn 0.71427 0.37105 0.59341
vn 0.83558 0.20562 0.50944
vn 0.91984 0.03404 0.39081
vn 0.95808 -0.13855 0.25078
vn 0.94593 -0.30700 0.10473
vn 0.88408 -0.46628 -0.03133
vn 0.77821 -0.61164 -0.14243
vn 0.63841 -0.73872 -0.21615
vn 0.47817 -0.84374 -0.24384
vn 0.31301 -0.92355 -0.22154
vn 0.15890 -0.97578 -0.15033
vn 0.03068 -0.99887 -0.03627
vn 0.31863 0.66405 0.67640
vn 0.47040 0.52540 0.70900
vn 0.62026 0.37105 0.69108
vn 0.75250 0.20562 0.62567
vn 0.85314 0.03404 0.52058
vn 0.91136 -0.13855 0.38760
vn 0.92060 -0.30700 0.24134
vn 0.87922 -0.46629 0.09773
vn 0.79065 -0.61164 -0.02760
vn 0.66308 -0.73872 -0.12089
vn 0.50858 -0.84374 -0.17162
vn 0.34193 -0.92355 -0.17360
vn 0.17909 -0.97578 -0.12559
vn 0.03564 -0.99887 -0.03142
vn 0.21675 0.66405 0.71558
vn 0.36215 0.52540 0.76993
vn 0.51303 0.37105 0.77403
vn 0.65338 0.20562 0.72857
vn 0.76825 0.03404 0.63925
vn 0.84521 -0.13855 0.51617
vn 0.87565 -0.30700 0.37281
vn 0.85562 -0.46628 0.22470
vn 0.78625 -0.61164 0.08781
vn 0.67361 -0.73872 -0.02306
vn 0.52815 -0.84374 -0.09574
vn 0.36356 -0.92355 -0.12197
vn 0.19547 -0.97578 -0.09818
vn 0.03983 -0.99887 -0.02590
vn -0.11444 -0.99033 0.07844
vn 0.11025 0.66405 0.73951
vn 0.24619 0.52540 0.81446
vn 0.39486 0.37105 0.84048
vn 0.54034 0.20562 0.81594
vn 0.66699 0.03404 0.74429
vn 0.76105 -0.13855 0.63373
vn 0.81203 -0.30700 0.49634
vn 0.81379 -0.46628 0.34689
vn 0.76509 -0.61164 0.20135
vn 0.66979 -0.73872 0.07527
vn 0.53646 -0.84374 -0.01782
vn 0.37745 -0.92355 -0.06773
vn 0.20768 -0.97578 -0.06867
vn 0.04318 -0.99887 -0.01982
vn -0.13501 -0.98875 0.06433
vn 0.00140 0.66405 0.74768
vn 0.12498 0.52540 0.84163
vn 0.26828 0.37105 0.88901
vn 0.41578 0.20562 0.88592
vn 0.55151 0.03404 0.83347
vn 0.66067 -0.13855 0.73778
vn 0.73111 -0.30700 0.60928
vn 0.75461 -0.46628 0.46168
vn 0.72761 -0.61164 0.31060
vn 0.65170 -0.73872 0.17199
vn 0.53334 -0.84374 0.06048
vn 0.38329 -0.92355 -0.01205
vn 0.21547 -0.97578 -0.03770
vn 0.04560 -0.99887 -0.01332
vn -0.10748 0.66405 0.73992
vn 0.00111 0.52540 0.85085
vn 0.13598 0.37105 0.91860
vn 0.28236 0.20562 0.93701
vn 0.42428 0.03404 0.90489
vn 0.54620 -0.13855 0.82612
vn 0.63461 -0.30700 0.70924
vn 0.67934 -0.46628 0.56663
vn 0.67464 -0.61164 0.41324
vn 0.61971 -0.73872 0.26504
vn 0.51885 -0.84374 0.13749
vn 0.38096 -0.92355 0.04388
vn 0.21866 -0.97578 -0.00593
vn 0.04706 -0.99887 -0.00654
vn -0.21407 0.66405 0.71639
vn -0.12279 0.52540 0.84195
vn 0.00078 0.37105 0.92861
vn 0.14292 0.20562 0.96814
vn 0.28800 0.03404 0.95702
vn 0.42010 -0.13855 0.89684
vn 0.52458 -0.30700 0.79408
vn 0.58960 -0.46629 0.65951
vn 0.60728 -0.61164 0.50706
vn 0.57452 -0.73872 0.35245
vn 0.49330 -0.84374 0.21157
vn 0.37051 -0.92355 0.09888
vn 0.21719 -0.97578 0.02597
vn 0.04751 -0.99887 0.00038
vn -0.13874 -0.99033 0.00244
vn -0.31609 0.66405 0.67758
vn -0.24407 0.52540 0.81510
vn -0.13443 0.37105 0.91883
vn 0.00043 0.20562 0.97863
vn 0.14559 0.03404 0.98876
vn 0.28504 -0.13855 0.94845
vn 0.40337 -0.30700 0.86200
vn 0.48729 -0.46629 0.73832
vn 0.52698 -0.61164 0.59008
vn 0.51708 -0.73872 0.43234
vn 0.45724 -0.84374 0.28114
vn 0.35216 -0.92355 0.15177
vn 0.21110 -0.97578 0.05732
vn 0.04695 -0.99887 0.00729
vn -0.14793 -0.98878 -0.02057
vn -0.41138 0.66405 0.62434
vn -0.36015 0.52540 0.77088
vn -0.26678 0.37105 0.88946
vn -0.14206 0.20562 0.96827
vn 0.00007 0.03404 0.99942
vn 0.14391 -0.13855 0.97984
vn 0.27357 -0.30700 0.91154
vn 0.37460 -0.46629 0.80141
vn 0.43545 -0.61164 0.66052
vn 0.44862 -0.73872 0.50302
vn 0.41143 -0.84374 0.34472
vn 0.32631 -0.92355 0.20143
vn 0.20050 -0.97578 0.08745
vn 0.04538 -0.99887 0.01405
vn -0.49790 0.66405 0.55779
vn -0.46855 0.52540 0.71022
vn -0.39345 0.37105 0.84114
vn -0.28153 0.20562 0.93726
vn -0.14545 0.03404 0.98878
vn -0.00029 -0.13855 0.99036
vn 0.13793 -0.30700 0.94166
vn 0.25392 -0.46628 0.84741
vn 0.33464 -0.61164 0.71688
vn 0.37059 -0.73872 0.56298
vn 0.35686 -0.84374 0.40095
vn 0.29351 -0.92355 0.24680
vn 0.18563 -0.97578 0.11571
vn 0.04285 -0.99887 0.02051
vn -0.57381 0.66405 0.47935
vn -0.56697 0.52540 0.63443
vn -0.51173 0.37105 0.77489
vn -0.41499 0.20562 0.88628
vn -0.28786 0.03404 0.95707
vn -0.14449 -0.13855 0.97976
vn -0.00065 -0.30700 0.95171
vn 0.12783 -0.46628 0.87535
vn 0.22669 -0.61164 0.75796
vn 0.28467 -0.73872 0.61094
vn 0.29468 -0.84374 0.44863
vn 0.25444 -0.92355 0.28690
vn 0.16681 -0.97578 0.14150
vn 0.03941 -0.99887 0.02653
vn -0.11716 -0.99032 -0.07438
vn -0.63749 0.66405 0.39070
vn -0.65330 0.52540 0.54512
vn -0.61910 0.37105 0.69213
vn -0.53962 0.20562 0.81642
vn -0.42415 0.03404 0.90495
vn -0.28560 -0.13855 0.94828
vn -0.13921 -0.30700 0.94147
vn -0.00098 -0.46628 0.88463
vn 0.11391 -0.61164 0.78289
vn 0.19269 -0.73872 0.64588
vn 0.22621 -0.84374 0.48676
vn 0.20996 -0.92355 0.32089
vn 0.14442 -0.97578 0.16428
vn 0.03513 -0.99887 0.03198
vn -0.11204 -0.98881 -0.09847
vn -0.68758 0.66405 0.29371
vn -0.72571 0.52540 0.44419
vn -0.71327 0.37105 0.59461
vn -0.65274 0.20562 0.72915
vn -0.55139 0.03404 0.83355
vn -0.42063 -0.13855 0.89659
vn -0.27481 -0.30700 0.91117
vn -0.12978 -0.46629 0.87506
vn -0.00129 -0.61164 0.79114
vn 0.09659 -0.73872 0.66705
vn 0.15293 -0.84374 0.51451
vn 0.16100 -0.92355 0.34804
vn 0.11897 -0.97578 0.18356
vn 0.03010 -0.99887 0.03676
vn -0.72302 0.66405 0.19047
vn -0.78265 0.52540 0.33379
vn -0.79225 0.37105 0.48442
vn -0.75195 0.20562 0.62634
vn -0.66688 0.03404 0.74439
vn -0.54669 -0.13855 0.82579
vn -0.40454 -0.30700 0.86145
vn -0.25580 -0.46628 0.84684
vn -0.11647 -0.61164 0.78252
vn -0.00156 -0.73872 0.67401
vn 0.07639 -0.84374 0.53129
vn 0.10861 -0.92355 0.36778
vn 0.09097 -0.97578 0.19893
vn 0.02443 -0.99887 0.04075
vn -0.74304 0.66405 0.08317
vn -0.82291 0.52540 0.21628
vn -0.85434 0.37105 0.36390
vn -0.83513 0.20562 0.51018
vn -0.76816 0.03404 0.63936
vn -0.66110 -0.13855 0.73739
vn -0.52566 -0.30700 0.79337
vn -0.37638 -0.46628 0.80057
vn -0.22916 -0.61164 0.75722
vn -0.09968 -0.73872 0.66660
vn -0.00178 -0.84374 0.53675
vn 0.05390 -0.92355 0.37967
vn 0.06104 -0.97578 0.21005
vn 0.01823 -0.99887 0.04387
vn -0.06748 -0.99197 -0.10694
vn -0.05683 -0.99032 -0.12661
vn -0.74724 0.66405 -0.02591
vn -0.84563 0.52540 0.09416
vn -0.89822 0.37105 0.23563
vn -0.90051 0.20562 0.38315
vn -0.85306 0.03404 0.52070
vn -0.76142 -0.13855 0.63328
vn -0.63557 -0.30700 0.70837
vn -0.48893 -0.46629 0.73724
vn -0.33697 -0.61164 0.71578
vn -0.19567 -0.73872 0.64498
vn -0.07992 -0.84374 0.53077
vn -0.00195 -0.92355 0.38347
vn 0.02980 -0.97578 0.21670
vn 0.01165 -0.99887 0.04606
vn -0.03930 -0.98884 -0.14371
vn -0.73550 0.66405 -0.13443
vn -0.85033 0.52540 -0.02997
vn -0.92296 0.37105 0.10234
vn -0.94670 0.20562 0.24795
vn -0.91978 0.03404 0.39094
vn -0.84551 -0.13855 0.51567
vn -0.73194 -0.30700 0.60829
vn -0.59106 -0.46629 0.65819
vn -0.43760 -0.61164 0.65909
vn -0.28750 -0.73872 0.60962
vn -0.15634 -0.84374 0.51348
vn -0.05777 -0.92355 0.37910
vn -0.00206 -0.97578 0.21873
vn 0.00482 -0.99887 0.04726
vn -0.70809 0.66405 -0.24009
vn -0.83690 0.52540 -0.15346
vn -0.92802 0.37105 -0.03313
vn -0.97271 0.20562 0.10746
vn -0.96690 0.03404 0.25286
vn -0.91158 -0.13855 0.38706
vn -0.81271 -0.30700 0.49523
vn -0.68060 -0.46628 0.56512
vn -0.52890 -0.61164 0.58836
vn -0.37320 -0.73872 0.56126
vn -0.22944 -0.84374 0.48524
vn -0.11235 -0.92355 0.36665
vn -0.03389 -0.97578 0.21610
vn -0.00211 -0.99887 0.04746
vn -0.10800 0.10599 0.98848
vn -0.17936 0.30904 0.93398
vn -0.23252 0.10588 0.96681
vn -0.29577 0.30874 0.90399
vn -0.34374 0.30877 0.88685
vn -0.46832 0.10564 0.87722
vn -0.48621 0.30852 0.81757
vn -0.57580 0.10592 0.81070
vn -0.58545 0.30856 0.74969
vn -0.58022 0.49892 0.64376
vn -0.73729 0.10556 0.66728
vn -0.73508 0.30879 0.60358
vn -0.81595 0.10598 0.56833
vn -0.80513 0.30954 0.50592
vn -0.88144 0.10603 0.46024
vn -0.87526 0.30910 0.37198
vn -0.89399 0.30889 0.32462
vn -0.96890 0.10594 0.22363
vn -0.93560 0.30847 0.17176
vn -0.98942 0.10619 0.09889
vn -0.94987 0.30823 0.05236
vn -0.86668 0.49881 -0.00743
vn -0.98751 0.10542 -0.11706
vn -0.93826 0.30852 -0.15646
vn -0.96465 0.10580 -0.24137
vn -0.91088 0.30900 -0.27351
vn -0.92622 0.10597 -0.36178
vn -0.86912 0.30893 -0.38624
vn -0.83259 0.30908 -0.45963
vn -0.78265 0.30920 -0.54024
vn -0.74477 0.30902 -0.59146
vn -0.74939 0.10594 -0.65359
vn -0.66424 0.30890 -0.68071
vn -0.62686 0.30886 -0.71530
vn -0.56086 0.10550 -0.82116
vn -0.49951 0.30839 -0.80955
vn -0.45214 0.10585 -0.88564
vn -0.39338 0.30861 -0.86604
vn -0.33613 0.10599 -0.93583
vn -0.28102 0.30827 -0.90884
vn -0.20019 0.49888 -0.84323
vn -0.12613 0.10586 -0.98635
vn -0.07560 0.30935 -0.94794
vn 0.00000 0.10603 -0.99436
vn 0.07560 0.30935 -0.94794
vn 0.12623 0.30898 -0.94266
vn 0.25022 0.10581 -0.96239
vn 0.28100 0.30843 -0.90880
vn 0.37028 0.10613 -0.92284
vn 0.39341 0.30837 -0.86611
vn 0.48437 0.10624 -0.86839
vn 0.49962 0.30777 -0.80972
vn 0.49850 0.49869 -0.70909
vn 0.66045 0.10570 -0.74340
vn 0.66424 0.30890 -0.68072
vn 0.74939 0.10594 -0.65359
vn 0.74477 0.30902 -0.59146
vn 0.71742 0.49890 -0.48622
vn 0.87285 0.10595 -0.47635
vn 0.86912 0.30893 -0.38624
vn 0.92622 0.10597 -0.36178
vn 0.91089 0.30900 -0.27351
vn 0.96465 0.10580 -0.24137
vn 0.93826 0.30852 -0.15646
vn 0.94525 0.30867 -0.10599
vn 0.99435 0.10576 0.00911
vn 0.94975 0.30860 0.05236
vn 0.98514 0.10597 0.13518
vn 0.93561 0.30845 0.17176
vn 0.90268 0.16373 0.39796
vn 0.86374 0.10739 0.49236
vn 0.83967 0.49891 0.21460
vn 0.93273 0.10572 0.34472
vn 0.74186 0.49851 0.44847
vn 0.81595 0.10598 0.56833
vn 0.73508 0.30879 0.60358
vn 0.70170 0.30878 0.64208
vn 0.64667 0.10605 0.75536
vn 0.58547 0.30845 0.74972
vn 0.54560 0.10623 0.83129
vn 0.48629 0.30803 0.81771
vn 0.39620 0.49876 0.77089
vn 0.35329 0.10557 0.92954
vn 0.29577 0.30874 0.90399
vn 0.23252 0.10588 0.96681
vn 0.17936 0.30904 0.93398
vn 0.09827 0.30908 0.94595
vn -0.00740 0.49893 0.86661
vn -0.01982 -0.55557 0.83123
vn -0.13791 -0.55557 0.81995
vn 0.00000 -1.00000 0.00000
vn 0.09868 -0.55557 0.82559
vn 0.43273 -0.55557 0.70999
vn 0.32728 -0.55557 0.76435
vn 0.21517 -0.55557 0.80315
vn 0.68856 -0.55557 0.46607
vn 0.61523 -0.55557 0.55932
vn 0.52937 -0.55557 0.64118
vn 0.81995 -0.55557 0.13791
vn 0.79198 -0.55557 0.25320
vn 0.74788 -0.55557 0.36333
vn 0.80315 -0.55557 -0.21517
vn 0.82559 -0.55557 -0.09868
vn 0.83123 -0.55557 0.01982
vn 0.64118 -0.55557 -0.52937
vn 0.70999 -0.55557 -0.43273
vn 0.76435 -0.55557 -0.32728
vn 0.36333 -0.55557 -0.74788
vn 0.46607 -0.55557 -0.68856
vn 0.55932 -0.55557 -0.61523
vn 0.01982 -0.55557 -0.83123
vn 0.13791 -0.55557 -0.81995
vn 0.25320 -0.55557 -0.79198
vn -0.32728 -0.55557 -0.76435
vn -0.21517 -0.55557 -0.80315
vn -0.09868 -0.55557 -0.82559
vn -0.61523 -0.55557 -0.55932
vn -0.52937 -0.55557 -0.64118
vn -0.43273 -0.55557 -0.70999
vn -0.79198 -0.55557 -0.25320
vn -0.74788 -0.55557 -0.36333
vn -0.68856 -0.55557 -0.46607
vn -0.82559 -0.55557 0.09868
vn -0.83123 -0.55557 -0.01982
vn -0.81995 -0.55557 -0.13791
vn -0.70999 -0.55557 0.43273
vn -0.76435 -0.55557 0.32728
vn -0.80315 -0.55557 0.21517
vn -0.46607 -0.55557 0.68856
vn -0.55932 -0.55557 0.61523
vn -0.64118 -0.55557 0.52937
vn -0.25320 -0.55557 0.79198
vn -0.36333 -0.55557 0.74788
vn 0.22863 0.91334 0.33696
vn 0.39614 0.91334 -0.09429
vn 0.38188 0.91334 -0.14135
vn 0.19211 0.91334 -0.35904
vn 0.14743 0.91334 -0.37958
vn -0.14135 0.91334 -0.38188
vn -0.18635 0.91334 -0.36206
vn -0.37958 0.91334 -0.14743
vn -0.39458 0.91334 -0.10060
vn -0.36206 0.91334 0.18635
vn -0.33696 0.91334 0.22863
vn -0.10060 0.91334 0.39458
vn 0.14135 0.91334 0.38188
vn 0.12419 0.93721 0.32590
vn 0.08568 0.93867 0.33401
vn 0.35904 0.91334 0.19211
vn 0.30683 0.93867 0.15736
vn 0.28562 0.93867 0.19320
vn 0.40719 0.91334 0.00325
vn 0.34876 0.93721 -0.00056
vn 0.34269 0.93867 0.03833
vn 0.27245 0.91334 -0.30263
vn 0.23086 0.93721 -0.26142
vn 0.25594 0.93867 -0.23109
vn -0.04585 0.91334 -0.40461
vn -0.04259 0.93721 -0.34615
vn -0.00325 0.93867 -0.34481
vn -0.33326 0.91334 -0.23399
vn -0.28734 0.93721 -0.19766
vn -0.26025 0.93867 -0.22622
vn -0.39614 0.91334 0.09429
vn -0.33849 0.93721 0.08400
vn -0.34191 0.93867 0.04479
vn -0.19211 0.91334 0.35904
vn -0.16158 0.93721 0.30907
vn -0.19320 0.93867 0.28562
vn 0.45689 0.41914 0.78459
vn 0.42004 0.42727 0.80063
vn 0.16312 0.93867 0.30380
vn 0.56707 0.41524 0.71134
vn 0.55458 0.22449 0.80128
vn 0.19855 0.93867 0.28193
vn 0.71439 0.42198 0.55819
vn 0.74496 0.10047 0.65950
vn 0.26025 0.93867 0.22622
vn 0.88935 0.42139 0.17746
vn 0.94527 0.22767 0.23375
vn 0.33557 0.93867 0.07936
vn 0.89268 0.42106 -0.16070
vn 0.89898 0.42417 -0.10913
vn 0.34191 0.93867 -0.04479
vn 0.86243 0.42161 -0.28010
vn 0.94566 0.22134 -0.23821
vn 0.33401 0.93867 -0.08568
vn 0.82429 0.42037 -0.37925
vn 0.84569 0.42690 -0.32026
vn 0.32125 0.93867 -0.12531
vn 0.72327 0.42098 -0.54741
vn 0.80975 0.23249 -0.53875
vn 0.28193 0.93867 -0.19855
vn 0.47181 0.42240 -0.77393
vn 0.54317 0.22794 -0.80809
vn 0.19320 0.93867 -0.28562
vn 0.37135 0.42237 -0.82687
vn 0.43756 0.22754 -0.86992
vn 0.15736 0.93867 -0.30683
vn 0.23818 0.59918 -0.76436
vn 0.32559 0.22795 -0.91762
vn 0.11923 0.93867 -0.32356
vn 0.04855 0.59442 -0.80269
vn 0.10891 0.22777 -0.96760
vn 0.03833 0.93867 -0.34269
vn -0.26560 0.42219 -0.86672
vn -0.21420 0.23565 -0.94794
vn -0.08568 0.93867 -0.33401
vn -0.37138 0.42218 -0.82695
vn -0.35941 0.22753 -0.90501
vn -0.12531 0.93867 -0.32125
vn -0.41416 0.59925 -0.68511
vn -0.47003 0.22799 -0.85270
vn -0.16312 0.93867 -0.30380
vn -0.62763 0.42007 -0.65545
vn -0.64047 0.22665 -0.73378
vn -0.23109 0.93867 -0.25594
vn -0.82429 0.42037 -0.37925
vn -0.85379 0.23357 -0.46528
vn -0.30683 0.93867 -0.15736
vn -0.87016 0.41770 -0.26143
vn -0.91285 0.22173 -0.34285
vn -0.32356 0.93867 -0.11923
vn -0.89268 0.42106 -0.16071
vn -0.87975 0.42301 -0.21703
vn -0.33557 0.93867 -0.07936
vn -0.90396 0.42267 0.06481
vn -0.99495 0.09984 0.01043
vn -0.34481 0.93867 0.00325
vn -0.83023 0.42217 0.36399
vn -0.90834 0.22810 0.35055
vn -0.32125 0.93867 0.12531
vn -0.77848 0.42148 0.46511
vn -0.85736 0.22730 0.46180
vn -0.30380 0.93867 0.16312
vn -0.63063 0.59851 0.49406
vn -0.79306 0.22721 0.56518
vn -0.28193 0.93867 0.19855
vn -0.54786 0.42703 0.71937
vn -0.64129 0.22334 0.73408
vn -0.22622 0.93867 0.26025
vn -0.27899 0.42186 0.86267
vn -0.36205 0.23511 0.90202
vn -0.11923 0.93867 0.32356
vn -0.16954 0.42114 0.89101
vn -0.22454 0.22712 0.94763
vn -0.07936 0.93867 0.33557
vn -0.36618 0.60183 0.70973
vn -0.45689 0.41914 0.78459
vn -0.51233 0.43397 0.74107
vn -0.87877 0.42243 0.22208
vn -0.78779 0.59879 0.14437
vn -0.96214 0.22791 0.14949
vn -0.66125 0.60044 -0.44968
vn -0.63066 0.59845 -0.49409
vn -0.76140 0.09696 -0.64099
vn -0.10209 0.60051 -0.79308
vn -0.06104 0.41414 -0.90816
vn 0.00000 0.22865 -0.97351
vn 0.59313 0.42175 -0.68580
vn 0.62763 0.42007 -0.65546
vn 0.72754 0.22623 -0.64769
vn 0.90580 0.42335 -0.01726
vn 0.90517 0.42005 0.06491
vn 0.96740 0.22647 0.11337
vn 0.72995 0.59937 0.32852
vn 0.87395 0.22823 0.42909
vn 0.77800 0.42269 0.46482
vn 0.81342 0.22736 0.53539
vn 0.33970 0.42744 0.83779
vn 0.23819 0.59916 0.76438
vn 0.25935 0.22811 0.93846
vn 0.16940 0.42272 0.89029
vn 0.14032 0.22721 0.96368
vn 0.04479 0.93867 0.34191
vn 0.02033 0.42270 0.90604
vn 0.00056 0.93721 0.34876
vn -0.09312 0.42212 0.90174
vn -0.04149 0.93721 0.34629
vn -0.26706 0.91505 0.30227
vn -0.23399 0.91334 0.33326
vn -0.71524 0.28409 0.63853
vn -0.26068 0.93721 0.23169
vn -0.30694 0.91334 0.26758
vn -0.40334 0.91505 0.00054
vn -0.40461 0.91334 0.04585
vn -0.79468 0.60018 -0.09094
vn -0.34629 0.93721 -0.04149
vn -0.40383 0.91334 -0.05231
vn -0.26787 0.91505 -0.30155
vn -0.30263 0.91334 -0.27245
vn -0.51024 0.42267 -0.74900
vn -0.19858 0.93721 -0.28671
vn -0.22863 0.91334 -0.33696
vn 0.04808 0.91505 -0.40047
vn 0.00325 0.91334 -0.40719
vn 0.19613 0.42780 -0.88234
vn 0.08292 0.93721 -0.33876
vn 0.10060 0.91334 -0.39458
vn 0.33164 0.91505 -0.22957
vn 0.30694 0.91334 -0.26758
vn 0.70494 0.60125 -0.37623
vn 0.30855 0.93721 -0.16257
vn 0.36206 0.91334 -0.18635
vn 0.39175 0.91505 0.09600
vn 0.40383 0.91334 0.05231
vn 0.84731 0.42274 0.32149
vn 0.32630 0.93721 0.12315
vn 0.37958 0.91334 0.14743
vn 0.30227 0.91505 0.26706
vn 0.33326 0.91334 0.23399
vn 0.53505 0.59919 0.59556
vn 0.23169 0.93721 0.26068
vn 0.26758 0.91334 0.30694
vn 0.09429 0.91334 0.39614
vn 0.04916 0.91505 0.40034
vn 0.00054 0.91505 0.40334
vn -0.05231 0.91334 0.40383
vn -0.14252 0.91505 0.37733
vn -0.37694 0.91505 0.14354
vn -0.35740 0.91505 -0.18696
vn -0.09705 0.91505 -0.39149
vn 0.22868 0.91505 -0.33225
vn 0.40034 0.91505 -0.04916
vn 0.18792 0.91505 0.35689
vn -0.94017 -0.32790 0.09254
vn -0.93139 -0.33482 0.14287
vn -0.96260 -0.21849 0.16020
vn -0.91918 -0.33189 0.21204
vn -0.89751 -0.33287 0.28925
vn -0.93109 -0.21849 0.29212
vn -0.87505 -0.32372 0.35985
vn -0.85005 -0.33339 0.40775
vn -0.88160 -0.21849 0.41839
vn 0.90713 0.40973 -0.09608
vn 0.91588 0.40069 -0.02461
vn 0.86300 0.50317 -0.04542
vn 0.88890 0.40077 -0.22188
vn 0.90582 0.39575 -0.15121
vn 0.85263 0.49546 -0.16598
vn 0.79080 0.40859 -0.45573
vn 0.82466 0.39537 -0.40451
vn 0.77333 0.50318 -0.38570
vn 0.38523 0.78998 -0.47701
vn 0.34345 0.85904 -0.37958
vn 0.36296 0.93166 -0.01646
vn 0.74339 0.66672 0.05341
vn 0.76470 0.63939 -0.08010
vn 0.61572 0.67195 -0.41154
vn 0.71834 0.51127 -0.47179
vn 0.78710 0.59082 -0.17719
vn 0.82474 0.54551 0.14907
vn 0.75412 0.41527 -0.50877
vn 0.84397 0.53634 -0.00752
vn 0.85806 0.49225 -0.14639
vn 0.42758 0.85952 -0.27999
vn 0.63271 0.77432 0.00996
vn 0.54429 0.76208 -0.35068
vn 0.71934 0.66335 0.20620
vn 0.70327 0.70713 0.07335
vn 0.30013 0.93361 -0.19568
vn 0.53988 0.83816 0.07754
vn 0.62451 0.76915 0.13565
vn 0.17777 0.97715 -0.11655
vn 0.47608 0.87054 0.12452
vn 0.54987 0.81288 0.19199
vn 0.03744 0.99902 -0.02374
vn 0.38141 0.90281 0.19865
vn 0.49930 0.83487 0.23172
vn -0.09602 0.99331 0.06411
vn 0.30134 0.91659 0.26279
vn 0.42137 0.85704 0.29654
vn -0.22713 0.96219 0.15036
vn 0.21949 0.91795 0.33044
vn 0.35801 0.86479 0.35209
vn -0.35333 0.90559 0.23466
vn 0.13712 0.90554 0.40150
vn 0.29461 0.86340 0.40956
vn -0.47165 0.82407 0.31378
vn 0.05458 0.87785 0.47582
vn 0.23040 0.85068 0.47251
vn -0.57741 0.71949 0.38591
vn -0.02602 0.83307 0.55256
vn 0.16561 0.82565 0.53932
vn -0.66902 0.59245 0.44879
vn -0.10289 0.76909 0.63080
vn 0.10438 0.78585 0.60955
vn -0.74121 0.44856 0.49941
vn -0.17293 0.68443 0.70827
vn 0.04530 0.72776 0.68433
vn -0.79306 0.28807 0.53672
vn -0.23214 0.57768 0.78255
vn -0.00362 0.65300 0.75735
vn -0.82127 0.12060 0.55765
vn -0.27671 0.44893 0.84964
vn -0.04262 0.55366 0.83165
vn -0.82563 -0.04597 0.56234
vn -0.30110 0.30729 0.90273
vn -0.06377 0.43953 0.89596
vn -0.28711 0.00700 0.95787
vn -0.04615 0.19339 0.98004
vn -0.80486 -0.22980 0.54716
vn -0.30552 0.17382 0.93619
vn -0.06475 0.32009 0.94517
vn -0.00235 0.11408 0.99347
vn -0.74332 -0.33750 0.57755
vn -0.78752 -0.33402 0.51792
vn -0.81779 -0.32490 0.47503
vn -0.93884 -0.34389 0.01779
vn -0.96811 -0.24898 0.02782
vn -0.79081 -0.02087 -0.61171
vn -0.37385 0.27622 -0.88540
vn -0.61305 0.24255 -0.75189
vn -0.99691 -0.07249 0.03021
vn -0.60912 0.31319 -0.72862
vn -0.77462 0.30817 -0.55227
vn -0.99428 0.10381 0.02514
vn -0.58597 0.41768 -0.69439
vn -0.96016 0.27749 0.03306
vn -0.71273 0.47297 -0.51799
vn -0.56314 0.47544 -0.67589
vn -0.89894 0.43683 0.03290
vn -0.81064 0.58467 0.03188
vn -0.54022 0.70036 -0.46654
vn -0.43053 0.67083 -0.60384
vn -0.63711 0.59361 -0.49165
vn -0.50642 0.57923 -0.63877
vn -0.69991 0.71362 0.02964
vn -0.57737 0.81608 0.02564
vn -0.32039 0.84591 -0.42637
vn -0.24433 0.80127 -0.54614
vn -0.43224 0.78473 -0.44427
vn -0.33996 0.74637 -0.57216
vn -0.09956 0.94067 -0.32438
vn -0.02540 0.86359 -0.50355
vn -0.41573 0.90920 0.02293
vn -0.20664 0.88741 -0.41208
vn -0.16364 0.83273 -0.52895
vn -0.30232 0.95301 0.01925
vn -0.13376 0.99099 0.00661
vn 0.05628 0.86612 -0.49666
vn 0.03523 0.99938 -0.00076
vn 0.20061 0.74333 -0.63814
vn 0.12335 0.86313 -0.48969
vn 0.21744 0.97604 -0.00763
vn 0.32263 0.81771 -0.47671
vn 0.23850 0.89260 -0.38261
vn 0.19568 0.85227 -0.48512
vn 0.44939 0.80884 -0.37924
vn 0.50283 0.86398 -0.02651
vn 0.55046 0.80219 -0.23128
vn 0.62602 0.77925 -0.02948
vn 0.36795 0.58194 -0.72523
vn 0.58593 0.71457 -0.38219
vn 0.75419 0.65575 -0.03454
vn 0.59490 0.64279 -0.48262
vn 0.70239 0.59751 -0.38682
vn 0.33678 0.49544 -0.80070
vn 0.68752 0.53499 -0.49102
vn 0.56301 0.51784 -0.64410
vn 0.87435 0.40300 -0.27037
vn 0.68556 0.64763 -0.33254
vn 0.58046 0.76423 -0.28110
vn 0.45956 0.85995 -0.22200
vn 0.32610 0.93224 -0.15684
vn 0.18375 0.97908 -0.08741
vn 0.03642 0.99922 -0.01560
vn -0.11193 0.99210 0.05664
vn -0.25720 0.95793 0.12733
vn -0.39547 0.89764 0.19454
vn -0.52298 0.81284 0.25647
vn -0.63622 0.70588 0.31139
vn -0.73208 0.57967 0.35782
vn -0.80800 0.43762 0.39449
vn -0.86186 0.28366 0.42039
vn -0.89221 0.12196 0.43483
vn -0.89823 -0.04308 0.43741
vn -0.95020 -0.04308 0.30865
vn -0.94388 0.12196 0.30693
vn -0.91183 0.28366 0.29684
vn -0.85489 0.43762 0.27865
vn -0.77462 0.57967 0.25286
vn -0.67324 0.70588 0.22017
vn -0.55349 0.81284 0.18148
vn -0.41863 0.89764 0.13783
vn -0.27237 0.95793 0.09044
vn -0.11870 0.99210 0.04057
vn 0.03823 0.99922 -0.01040
vn 0.19410 0.97908 -0.06109
vn 0.34469 0.93223 -0.11011
vn 0.48591 0.85995 -0.15614
vn 0.61383 0.76423 -0.19790
vn 0.72505 0.64763 -0.23428
vn 0.80984 0.51329 -0.28408
vn 0.84648 0.40828 -0.34174
vn -0.98382 -0.04308 0.17393
vn -0.97732 0.12196 0.17310
vn -0.94417 0.28366 0.16755
vn -0.88527 0.43762 0.15743
vn -0.80220 0.57967 0.14302
vn -0.69727 0.70588 0.12471
vn -0.57330 0.81284 0.10299
vn -0.43370 0.89764 0.07846
vn -0.28228 0.95793 0.05180
vn -0.12318 0.99210 0.02372
vn 0.03930 0.99922 -0.00500
vn 0.20069 0.97908 -0.03359
vn 0.35663 0.93223 -0.06126
vn 0.50286 0.85995 -0.08727
vn 0.63534 0.76423 -0.11089
vn 0.75053 0.64763 -0.13149
vn 0.18903 0.40883 -0.89282
vn 0.24272 0.40579 -0.88115
vn 0.21603 0.50742 -0.83418
vn -0.18975 0.40098 -0.89622
vn -0.11733 0.39586 -0.91078
vn -0.13521 0.49546 -0.85805
vn -0.33462 0.78997 -0.51378
vn -0.25486 0.85905 -0.44395
vn 0.09650 0.93166 -0.35029
vn 0.28056 0.66675 -0.69046
vn 0.16014 0.63942 -0.75200
vn -0.20113 0.67198 -0.71273
vn -0.23949 0.51350 -0.82399
vn 0.07463 0.59080 -0.80336
vn 0.39490 0.54764 -0.73767
vn -0.28497 0.41641 -0.86336
vn 0.24851 0.53626 -0.80664
vn 0.11804 0.49074 -0.86327
vn -0.13415 0.85952 -0.49318
vn 0.20500 0.77432 -0.59867
vn -0.16532 0.76209 -0.62601
vn 0.41872 0.66328 -0.62027
vn 0.28763 0.70706 -0.64601
vn -0.09336 0.93362 -0.34590
vn 0.24061 0.83817 -0.48947
vn 0.32200 0.76915 -0.55203
vn -0.05592 0.97715 -0.20508
vn 0.26555 0.87054 -0.41430
vn 0.35256 0.81289 -0.46359
vn -0.01101 0.99902 -0.04295
vn 0.30678 0.90281 -0.30136
vn 0.37467 0.83487 -0.40326
vn 0.03129 0.99331 0.11113
vn 0.34304 0.91659 -0.20538
vn 0.41223 0.85704 -0.30911
vn 0.07282 0.96219 0.26248
vn 0.38210 0.91795 -0.10664
vn 0.44550 0.86479 -0.23168
vn 0.11399 0.90559 0.40855
vn 0.42421 0.90554 -0.00634
vn 0.48054 0.86341 -0.15364
vn 0.15268 0.82407 0.54553
vn 0.46941 0.87784 0.09514
vn 0.52059 0.85067 -0.07310
vn 0.18859 0.71949 0.66840
vn 0.51746 0.83308 0.19548
vn 0.56409 0.82566 0.00914
vn 0.22008 0.59245 0.77496
vn 0.56815 0.76908 0.29279
vn 0.61198 0.78584 0.08910
vn 0.24592 0.44857 0.85925
vn 0.62016 0.68444 0.38333
vn 0.66484 0.72776 0.16839
vn 0.26538 0.28807 0.92010
vn 0.67252 0.57768 0.46261
vn 0.71917 0.65299 0.23748
vn 0.27657 0.12060 0.95340
vn 0.72256 0.44892 0.52572
vn 0.77777 0.55367 0.29753
vn 0.27968 -0.04597 0.95899
vn 0.76550 0.30729 0.56532
vn 0.83241 0.43953 0.33752
vn 0.82181 0.01106 0.56965
vn 0.91783 0.19328 0.34675
vn 0.27178 -0.22844 0.93485
vn 0.79596 0.17382 0.57986
vn 0.87891 0.32007 0.35366
vn 0.93880 0.10475 0.32815
vn 0.31762 -0.34469 0.88335
vn 0.24039 -0.33423 0.91132
vn 0.19163 -0.32631 0.92563
vn -0.92816 0.15064 0.34032
vn -0.93895 0.10392 0.32797
vn -0.32342 -0.34123 0.88259
vn -0.28517 -0.24021 0.92789
vn -0.90453 0.24253 0.35071
vn -0.27934 -0.07248 0.95745
vn -0.88119 0.31318 0.35415
vn -0.76461 0.30817 0.56604
vn -0.28334 0.10381 0.95338
vn -0.84148 0.41768 0.34271
vn -0.26526 0.27749 0.92338
vn -0.71289 0.47297 0.51778
vn -0.81684 0.47544 0.32671
vn -0.24650 0.43683 0.86511
vn -0.22019 0.58468 0.78081
vn -0.61064 0.70036 0.36961
vn -0.70733 0.67084 0.22287
vn -0.66445 0.59362 0.45400
vn -0.76400 0.57924 0.28424
vn -0.18810 0.71362 0.67481
vn -0.15404 0.81608 0.55703
vn -0.50451 0.84590 0.17296
vn -0.59491 0.80127 0.06361
vn -0.55609 0.78473 0.27379
vn -0.64921 0.74637 0.14651
vn -0.33928 0.94067 -0.00556
vn -0.48677 0.86358 -0.13146
vn -0.10666 0.90920 0.40246
vn -0.45576 0.88741 0.06918
vn -0.55363 0.83273 -0.00783
vn -0.07512 0.95301 0.29347
vn -0.03505 0.99099 0.12926
vn -0.45497 0.86612 -0.20700
vn 0.01016 0.99938 -0.03374
vn -0.54487 0.74335 -0.38799
vn -0.42762 0.86312 -0.26863
vn 0.05993 0.97605 -0.20915
vn -0.35371 0.81770 -0.45415
vn -0.29018 0.89260 -0.34506
vn -0.40088 0.85228 -0.33601
vn -0.22184 0.80883 -0.54460
vn 0.13017 0.86398 -0.48642
vn -0.04985 0.80218 -0.59500
vn 0.16541 0.77926 -0.60448
vn -0.57602 0.58195 -0.57405
vn -0.18239 0.71461 -0.67533
vn 0.20021 0.65575 -0.72795
vn -0.27516 0.64279 -0.71492
vn -0.60390 0.50988 -0.61264
vn 0.29622 0.40615 -0.86446
vn -0.36419 0.53473 -0.76251
vn -0.43859 0.51745 -0.73477
vn -0.15082 0.59744 -0.78761
vn -0.22803 0.40356 -0.88608
vn 0.10820 0.40337 -0.90862
vn 0.11995 0.51339 -0.84973
vn 0.10687 0.64763 -0.75442
vn 0.09087 0.76423 -0.63851
vn 0.07240 0.85995 -0.50522
vn 0.05195 0.93223 -0.35811
vn 0.03007 0.97908 -0.20125
vn 0.00739 0.99922 -0.03892
vn -0.01550 0.99210 0.12448
vn -0.03796 0.95793 0.28447
vn -0.05940 0.89764 0.43672
vn -0.07921 0.81284 0.57707
vn -0.09687 0.70588 0.70167
vn -0.11187 0.57968 0.80713
vn -0.12383 0.43762 0.89059
vn -0.13241 0.28365 0.94974
vn -0.13738 0.12196 0.98298
vn -0.13860 -0.04307 0.98941
vn -0.15187 -0.22711 0.96195
vn 0.10785 -0.32632 0.93909
vn 0.13525 -0.20693 0.96896
vn 0.13844 -0.04307 0.98943
vn 0.13784 0.12196 0.98292
vn 0.13349 0.28365 0.94959
vn 0.12550 0.43762 0.89036
vn 0.11408 0.57968 0.80682
vn 0.09955 0.70588 0.70130
vn 0.08231 0.81285 0.57663
vn 0.06281 0.89764 0.43624
vn 0.04161 0.95793 0.28396
vn 0.01928 0.99210 0.12395
vn -0.00358 0.99922 -0.03945
vn -0.02635 0.97908 -0.20177
vn -0.04839 0.93224 -0.35860
vn -0.06913 0.85995 -0.50568
vn -0.08796 0.76423 -0.63892
vn -0.10441 0.64763 -0.75476
vn -0.01252 0.41083 -0.91163
vn 0.00098 0.51339 -0.85815
vn 0.00124 0.64763 -0.76195
vn 0.00147 0.76423 -0.64494
vn 0.00165 0.85995 -0.51038
vn 0.00179 0.93224 -0.36185
vn 0.00188 0.97908 -0.20347
vn 0.00192 0.99922 -0.03957
vn 0.00191 0.99210 0.12543
vn 0.00184 0.95793 0.28699
vn 0.00172 0.89764 0.44073
vn 0.00156 0.81284 0.58248
vn 0.00135 0.70588 0.70833
vn 0.00111 0.57968 0.81485
vn 0.00084 0.43762 0.89916
vn 0.00054 0.28366 0.95893
vn 0.00023 0.12196 0.99253
vn -0.00008 -0.04308 0.99907
vn -0.00040 -0.20693 0.97836
vn -0.02053 -0.32587 0.94519
vn -0.13844 -0.33413 0.93231
vn -0.25173 -0.32580 0.91131
vn -0.19033 -0.33274 0.92361
vn 0.81750 -0.32586 0.47487
vn 0.83980 -0.33413 0.42790
vn 0.87292 -0.21849 0.43620
vn 0.87125 -0.33038 0.36301
vn 0.89751 -0.33288 0.28925
vn 0.92497 -0.21849 0.31095
vn 0.92010 -0.32440 0.21952
vn 0.93266 -0.32594 0.15462
vn 0.95920 -0.20688 0.19272
vn -0.79080 0.40859 -0.45573
vn -0.75764 0.40004 -0.51571
vn -0.72487 0.50317 -0.47051
vn -0.84647 0.40829 -0.34174
vn -0.82465 0.39537 -0.40451
vn -0.78044 0.50318 -0.37110
vn -0.88551 0.40867 -0.22103
vn -0.87453 0.39539 -0.28083
vn -0.82436 0.50318 -0.25931
vn -0.90713 0.40973 -0.09609
vn -0.90582 0.39575 -0.15121
vn -0.85235 0.50319 -0.14252
vn -0.59205 0.78996 0.15949
vn -0.50099 0.85903 0.10523
vn -0.30332 0.93166 -0.20003
vn 0.74475 -0.33384 0.57784
vn 0.77487 -0.33413 0.53660
vn 0.79960 -0.24883 0.54656
vn -0.85846 0.51128 -0.04055
vn -0.74221 0.54573 -0.38898
vn -0.90921 0.41513 -0.03165
vn -0.68718 0.53633 -0.49004
vn -0.78246 0.49198 -0.38172
vn -0.52607 0.70733 -0.47215
vn -0.57008 0.66672 -0.48010
vn -0.74003 0.67195 -0.02897
vn -0.66593 0.63940 -0.38433
vn -0.64503 0.58920 -0.48659
vn -0.44062 0.64470 -0.62468
vn -0.64646 0.76208 -0.03623
vn -0.50603 0.77436 -0.37987
vn -0.51049 0.85953 -0.02481
vn -0.42554 0.76918 -0.47675
vn -0.40012 0.88679 -0.23131
vn -0.35785 0.93361 -0.01810
vn -0.31945 0.71071 -0.62678
vn -0.31196 0.87051 -0.38065
vn -0.21233 0.97715 -0.01020
vn -0.26772 0.83481 -0.48105
vn -0.19182 0.90279 -0.38493
vn -0.04425 0.99902 -0.00280
vn -0.24764 0.60806 -0.75428
vn -0.08932 0.91659 -0.38972
vn 0.11536 0.99331 0.00458
vn -0.08268 0.86479 -0.49528
vn 0.01665 0.91795 -0.39635
vn 0.27213 0.96219 0.01186
vn 0.00238 0.86340 -0.50451
vn 0.12506 0.90554 -0.40541
vn 0.42378 0.90559 0.01784
vn 0.09134 0.85067 -0.51770
vn 0.23553 0.87784 -0.41703
vn 0.56601 0.82407 0.02337
vn 0.18302 0.82566 -0.53366
vn 0.34583 0.83307 -0.43173
vn 0.69397 0.71949 0.02718
vn 0.27384 0.78585 -0.55449
vn 0.45401 0.76909 -0.44986
vn 0.80505 0.59244 0.03017
vn 0.36561 0.72775 -0.58026
vn 0.55623 0.68442 -0.47135
vn 0.89319 0.44857 0.03164
vn 0.44809 0.65300 -0.61058
vn 0.64778 0.57768 -0.49665
vn 0.95708 0.28807 0.03193
vn 0.52332 0.55366 -0.64776
vn 0.72327 0.44893 -0.52473
vn 0.99220 0.12061 0.03158
vn 0.57822 0.43954 -0.68736
vn 0.77420 0.30729 -0.55334
vn 0.99848 -0.04597 0.03035
vn 0.60795 0.32006 -0.72661
vn 0.79744 0.17382 -0.57782
vn 0.97281 -0.22717 0.04499
vn 0.61340 0.19334 -0.76574
vn 0.79611 0.01492 -0.60497
vn 0.93954 -0.34202 0.01683
vn 0.60219 0.10476 -0.79145
vn 0.00220 0.11355 0.99353
vn 0.03590 0.14699 0.98849
vn 0.05402 0.24257 0.96863
vn 0.82427 -0.07250 0.56153
vn 0.06451 0.31318 0.94750
vn 0.30206 0.30817 0.90210
vn 0.81916 0.10381 0.56409
vn 0.06592 0.41769 0.90619
vn 0.79622 0.27749 0.53762
vn 0.27214 0.47297 0.83800
vn 0.05831 0.47544 0.87781
vn 0.74660 0.43683 0.50177
vn 0.67456 0.58467 0.45070
vn 0.16281 0.70036 0.69497
vn -0.00661 0.67084 0.74157
vn 0.22646 0.59361 0.77224
vn 0.03424 0.57923 0.81445
vn 0.58366 0.71362 0.38742
vn 0.48217 0.81608 0.31863
vn 0.00859 0.84591 0.53326
vn -0.12334 0.80127 0.58545
vn 0.08856 0.78473 0.61348
vn -0.06128 0.74637 0.66271
vn -0.11012 0.94067 0.32095
vn -0.27543 0.86359 0.42231
vn 0.34981 0.90920 0.22581
vn -0.07505 0.88740 0.45484
vn -0.17853 0.83272 0.52412
vn 0.25589 0.95301 0.16213
vn 0.11210 0.99099 0.07328
vn -0.33746 0.86612 0.36873
vn -0.02895 0.99938 -0.02009
vn -0.53737 0.74336 0.39830
vn -0.38762 0.86313 0.32367
vn -0.18039 0.97604 -0.12163
vn -0.54123 0.81770 0.19605
vn -0.41785 0.89259 0.16936
vn -0.44345 0.85228 0.27744
vn -0.58651 0.80882 0.04276
vn -0.42238 0.86398 -0.27411
vn -0.58131 0.80217 -0.13637
vn -0.52378 0.77926 -0.34411
vn -0.72396 0.58192 0.37048
vn -0.69864 0.71461 -0.03524
vn -0.63046 0.65574 -0.41536
vn -0.76496 0.64278 0.04077
vn -0.79560 0.59752 -0.09990
vn -0.74310 0.49544 0.44983
vn -0.84484 0.53497 -0.00687
vn -0.84861 0.51748 0.10989
vn -0.75010 0.64762 -0.13394
vn -0.63482 0.76423 -0.11378
vn -0.50229 0.85995 -0.09052
vn -0.35601 0.93223 -0.06479
vn -0.20004 0.97908 -0.03729
vn -0.03863 0.99922 -0.00879
vn 0.12385 0.99210 0.01997
vn 0.28292 0.95793 0.04817
vn 0.43430 0.89764 0.07506
vn 0.57385 0.81285 0.09991
vn 0.69774 0.70588 0.12204
vn 0.80259 0.57967 0.14083
vn 0.88556 0.43762 0.15578
vn 0.94436 0.28366 0.16648
vn 0.97740 0.12197 0.17264
vn 0.98379 -0.04308 0.17409
vn 0.93829 -0.33368 0.09094
vn -0.72428 0.64763 -0.23664
vn -0.61292 0.76423 -0.20069
vn -0.48489 0.85995 -0.15929
vn -0.34359 0.93223 -0.11352
vn -0.19293 0.97908 -0.06467
vn -0.03704 0.99922 -0.01406
vn 0.11988 0.99210 0.03695
vn 0.27351 0.95793 0.08693
vn 0.41970 0.89764 0.13455
vn 0.55445 0.81284 0.17851
vn 0.67408 0.70588 0.21760
vn 0.77531 0.57967 0.25074
vn 0.85541 0.43762 0.27706
vn 0.91216 0.28366 0.29581
vn 0.94403 0.12197 0.30649
vn 0.95015 -0.04308 0.30881
vn -0.68447 0.64763 -0.33477
vn -0.57918 0.76423 -0.28374
vn -0.45812 0.85995 -0.22497
vn -0.32453 0.93223 -0.16006
vn -0.18210 0.97908 -0.09079
vn -0.03473 0.99922 -0.01906
vn 0.11360 0.99210 0.05321
vn 0.25882 0.95793 0.12401
vn 0.39699 0.89764 0.19144
vn 0.52435 0.81284 0.25366
vn 0.63740 0.70588 0.30895
vn 0.73306 0.57967 0.35582
vn 0.80874 0.43761 0.39298
vn 0.86234 0.28366 0.41942
vn 0.89242 0.12197 0.43441
vn 0.89816 -0.04308 0.43756
vn 0.61777 -0.32617 -0.71552
vn 0.55967 -0.33313 -0.75881
vn 0.58157 -0.21849 -0.78361
vn 0.49954 -0.32415 -0.80336
vn 0.45199 -0.33356 -0.82731
vn 0.46731 -0.21849 -0.85667
vn -0.58613 0.40988 0.69889
vn -0.64822 0.39653 0.65005
vn -0.59411 0.50318 0.62757
vn -0.48569 0.40087 0.77680
vn -0.54742 0.39581 0.73734
vn -0.49841 0.49546 0.71142
vn -0.63274 0.66674 0.39383
vn -0.57128 0.63941 0.51458
vn -0.25622 0.67198 0.69483
vn -0.30384 0.51127 0.80392
vn -0.66213 0.58918 0.46310
vn -0.59931 0.54570 0.58569
vn -0.30673 0.41137 0.85831
vn -0.67840 0.53635 0.50210
vn -0.68705 0.51040 0.51716
vn -0.18135 0.85952 0.47784
vn -0.51769 0.77434 0.36387
vn -0.23422 0.76209 0.60363
vn -0.73018 0.64479 0.22603
vn -0.61147 0.70746 0.35441
vn -0.12779 0.93361 0.33472
vn -0.34383 0.88675 0.30895
vn -0.58519 0.76901 0.25725
vn -0.07531 0.97715 0.19878
vn -0.45841 0.87051 0.17907
vn -0.69497 0.71058 0.11000
vn -0.01634 0.99902 0.04122
vn -0.42534 0.90280 0.06350
vn -0.54023 0.83482 0.10597
vn 0.04001 0.99331 -0.10830
vn -0.39825 0.91659 -0.03548
vn -0.79385 0.60810 0.00246
vn 0.09537 0.96219 -0.25515
vn -0.37180 0.91795 -0.13832
vn -0.49659 0.86479 -0.07441
vn 0.14792 0.90559 -0.39753
vn -0.34692 0.90554 -0.24421
vn -0.47908 0.86341 -0.15816
vn 0.19714 0.82407 -0.53108
vn -0.32384 0.87784 -0.35288
vn -0.46414 0.85067 -0.24685
vn 0.24030 0.71949 -0.65160
vn -0.30373 0.83308 -0.46230
vn -0.45098 0.82567 -0.33896
vn 0.27746 0.59245 -0.75632
vn -0.28754 0.76909 -0.57081
vn -0.44273 0.78585 -0.43179
vn 0.30611 0.44856 -0.83970
vn -0.27641 0.68443 -0.67465
vn -0.43890 0.72776 -0.52701
vn 0.32612 0.28807 -0.90037
vn -0.27216 0.57768 -0.76956
vn -0.44222 0.65300 -0.61484
vn 0.33664 0.12061 -0.93388
vn -0.27555 0.44893 -0.85002
vn -0.45435 0.55367 -0.69787
vn 0.33741 -0.04597 -0.94023
vn -0.28701 0.30729 -0.90730
vn -0.47504 0.43953 -0.76233
vn -0.33040 0.00907 -0.94380
vn -0.53875 0.19337 -0.81997
vn 0.32957 -0.22912 -0.91591
vn -0.30312 0.17380 -0.93697
vn -0.50318 0.32008 -0.80272
vn 0.38580 -0.32506 -0.86342
vn 0.33696 -0.33390 -0.88033
vn 0.25400 -0.34522 -0.90349
vn -0.74083 0.24610 -0.62498
vn 0.95133 0.14651 0.27111
vn 0.99933 -0.02086 0.03006
vn 0.77026 -0.25374 -0.58508
vn 0.77510 -0.34509 -0.52927
vn 0.74154 -0.33390 -0.58192
vn 0.99263 0.12107 0.00602
vn 0.78876 -0.07249 -0.61041
vn 0.69838 0.43358 0.56944
vn 0.95128 0.30821 -0.00853
vn 0.78961 0.10381 -0.60476
vn 0.88221 0.41768 0.21735
vn 0.75736 0.27747 -0.59112
vn 0.88109 0.47295 0.00013
vn 0.85287 0.47544 0.21581
vn 0.70792 0.43684 -0.55500
vn 0.63709 0.58468 -0.50227
vn 0.71127 0.70036 0.05991
vn 0.70323 0.67084 0.23546
vn 0.80441 0.59362 0.02326
vn 0.78518 0.57921 0.21910
vn 0.54882 0.71361 -0.43538
vn 0.45204 0.81608 -0.36011
vn 0.50982 0.84591 0.15662
vn 0.51868 0.80127 0.29822
vn 0.61082 0.78473 0.10536
vn 0.61133 0.74638 0.26306
vn 0.27121 0.94067 0.20391
vn 0.31653 0.86359 0.39246
vn 0.32285 0.90920 -0.26290
vn 0.40939 0.88741 0.21192
vn 0.44330 0.83273 0.33174
vn 0.23327 0.95301 -0.19327
vn 0.10433 0.99099 -0.08397
vn 0.24640 0.86612 0.43489
vn -0.02806 0.99938 0.02132
vn 0.21276 0.74335 0.63416
vn 0.18805 0.86312 0.46868
vn -0.17142 0.97604 0.13398
vn -0.28397 0.93166 0.22667
vn -0.05473 0.85904 0.50898
vn 0.01921 0.81770 0.57532
vn 0.03193 0.89260 0.44971
vn 0.12680 0.85229 0.50746
vn -0.48913 0.77926 0.39181
vn -0.30929 0.80217 0.51075
vn -0.39122 0.86397 0.31701
vn -0.14056 0.80881 0.57102
vn -0.03130 0.78998 0.61233
vn -0.58985 0.65575 0.47124
vn -0.24938 0.71458 0.65359
vn 0.12865 0.58191 0.80301
vn -0.67330 0.50827 0.53695
vn -0.70231 0.41133 0.58100
vn -0.74374 0.41164 0.52669
vn 0.02058 0.51293 0.85818
vn -0.26957 0.53386 0.80145
vn 0.15783 0.50417 0.84906
vn -0.34087 0.59756 0.72576
vn -0.19761 0.64279 0.74012
vn -0.44201 0.40301 0.80138
vn 0.46958 -0.04307 -0.88184
vn 0.46623 0.12197 -0.87622
vn 0.45016 0.28366 -0.84670
vn 0.42181 0.43762 -0.79408
vn 0.38195 0.57967 -0.71979
vn 0.33168 0.70588 -0.62588
vn 0.27235 0.81285 -0.51489
vn 0.20560 0.89764 -0.38985
vn 0.13324 0.95793 -0.25419
vn 0.05726 0.99210 -0.11161
vn -0.02029 0.99922 0.03402
vn -0.09728 0.97908 0.17872
vn -0.17163 0.93223 0.31856
vn -0.24131 0.85995 0.44973
vn -0.30438 0.76423 0.56860
vn -0.35917 0.64763 0.67199
vn -0.38562 0.51329 0.76670
vn -0.37196 0.40829 0.83363
vn 0.58731 -0.04307 -0.80822
vn 0.58321 0.12197 -0.80311
vn 0.56320 0.28365 -0.77611
vn 0.52783 0.43762 -0.72793
vn 0.47805 0.57968 -0.65988
vn 0.41525 0.70588 -0.57385
vn 0.34111 0.81285 -0.47215
vn 0.25766 0.89764 -0.35757
vn 0.16720 0.95793 -0.23326
vn 0.07218 0.99210 -0.10260
vn -0.02481 0.99922 0.03088
vn -0.12112 0.97908 0.16351
vn -0.21414 0.93224 0.29169
vn -0.30133 0.85995 0.41193
vn -0.38027 0.76423 0.52091
vn -0.44887 0.64763 0.61570
vn 0.66618 -0.32658 -0.67049
vn 0.67953 -0.20694 -0.70386
vn 0.69369 -0.04308 -0.71898
vn 0.68892 0.12197 -0.71450
vn 0.66537 0.28366 -0.69053
vn 0.62366 0.43762 -0.64772
vn 0.56493 0.57967 -0.58723
vn 0.49080 0.70588 -0.51073
vn 0.40327 0.81285 -0.42030
vn 0.30475 0.89764 -0.31840
vn 0.19792 0.95793 -0.20783
vn 0.08571 0.99210 -0.09160
vn -0.02885 0.99922 0.02714
vn -0.14262 0.97908 0.14514
vn -0.25252 0.93223 0.25918
vn -0.35553 0.85995 0.36618
vn -0.44882 0.76423 0.46315
vn -0.52990 0.64763 0.54752
vn -0.38582 -0.32491 -0.86347
vn -0.43199 -0.33390 -0.83779
vn -0.44982 -0.21849 -0.86598
vn -0.49703 -0.33005 -0.80251
vn -0.55967 -0.33313 -0.75881
vn -0.56554 -0.21849 -0.79525
vn -0.61777 -0.32617 -0.71553
vn -0.65673 -0.33446 -0.67590
vn -0.67034 -0.21849 -0.70916
vn 0.37196 0.40829 0.83363
vn 0.31231 0.39975 0.86178
vn 0.30988 0.50312 0.80675
vn 0.48384 0.40875 0.77384
vn 0.43496 0.39541 0.80899
vn 0.41326 0.50318 0.75896
vn 0.58613 0.40988 0.69889
vn 0.54742 0.39581 0.73734
vn 0.51450 0.50318 0.69433
vn 0.38163 0.52743 0.75906
vn -0.20735 0.48804 0.84783
vn 0.74889 0.40004 0.52833
vn 0.57271 0.78997 0.21897
vn 0.46714 0.85904 0.20935
vn 0.12782 0.93166 0.34011
vn -0.25068 -0.34265 -0.90540
vn -0.31582 -0.33359 -0.88825
vn -0.32569 -0.24789 -0.91240
vn 0.74108 0.24550 -0.62493
vn 0.55142 0.14883 -0.82084
vn 0.52565 0.24256 -0.81539
vn -0.33679 -0.07248 -0.93879
vn 0.50472 0.31322 -0.80446
vn 0.28586 0.30819 -0.90736
vn -0.33115 0.10381 -0.93785
vn 0.47933 0.41769 -0.77187
vn -0.32815 0.27748 -0.90295
vn 0.27240 0.47296 -0.83792
vn 0.46880 0.47544 -0.74443
vn -0.30908 0.43683 -0.84478
vn -0.28082 0.58468 -0.76112
vn 0.27677 0.70036 -0.65795
vn 0.44124 0.67084 -0.59605
vn 0.27070 0.59362 -0.75785
vn 0.45101 0.57923 -0.67903
vn -0.24447 0.71362 -0.65649
vn -0.20280 0.81608 -0.54119
vn 0.30650 0.84591 -0.43647
vn 0.44390 0.80127 -0.40114
vn 0.28896 0.78473 -0.54837
vn 0.43910 0.74636 -0.50013
vn 0.27774 0.94067 -0.19493
vn 0.47107 0.86358 -0.17977
vn -0.15027 0.90920 -0.38830
vn 0.32806 0.88741 -0.32386
vn 0.45250 0.83272 -0.31909
vn -0.11173 0.95301 -0.28158
vn -0.04762 0.99099 -0.12517
vn 0.48975 0.86612 -0.09995
vn 0.01161 0.99938 0.03327
vn 0.66889 0.74334 -0.00639
vn 0.50384 0.86312 -0.03402
vn 0.07445 0.97604 0.20444
vn 0.55309 0.81771 0.15952
vn 0.43759 0.89259 0.10859
vn 0.52182 0.85229 0.03621
vn 0.49961 0.80882 0.31016
vn 0.18060 0.86398 0.47003
vn 0.39012 0.80218 0.45202
vn 0.22148 0.77925 0.58627
vn 0.80345 0.58192 0.12581
vn 0.54454 0.71458 0.43915
vn 0.26590 0.65575 0.70660
vn 0.64283 0.64279 0.41664
vn 0.58497 0.59743 0.54853
vn 0.86559 0.49542 0.07287
vn 0.67944 0.53499 0.50214
vn 0.75157 0.51630 0.41058
vn 0.25411 0.55759 0.79027
vn 0.68212 0.49962 0.53394
vn 0.71091 0.40401 0.57566
vn 0.14819 0.70755 0.69095
vn 0.17901 0.66672 0.72349
vn 0.58165 0.67198 0.45839
vn 0.31285 0.63941 0.70234
vn 0.23583 0.58917 0.77283
vn -0.01064 0.64482 0.76426
vn 0.50170 0.76209 0.40929
vn 0.18609 0.77435 0.60478
vn 0.39841 0.85952 0.32013
vn 0.06394 0.76910 0.63593
vn 0.18765 0.88677 0.42240
vn 0.27886 0.93361 0.22497
vn -0.11007 0.71064 0.69490
vn 0.02866 0.87052 0.49131
vn 0.16578 0.97715 0.13305
vn -0.06613 0.83483 0.54652
vn -0.07106 0.90280 0.42416
vn 0.03415 0.99902 0.02827
vn -0.23976 0.62046 0.74669
vn -0.15681 0.91659 0.36780
vn -0.09064 0.99331 -0.07151
vn -0.22423 0.86479 0.44929
vn -0.24644 0.91795 0.31086
vn -0.21319 0.96219 -0.16955
vn -0.29847 0.86340 0.40676
vn -0.33947 0.90554 0.25449
vn -0.33236 0.90559 -0.26352
vn -0.37819 0.85067 0.36514
vn -0.43567 0.87785 0.19894
vn -0.44417 0.82407 -0.35160
vn -0.46174 0.82566 0.32416
vn -0.53355 0.83307 0.14601
vn -0.54545 0.71949 -0.42990
vn -0.54746 0.78585 0.28762
vn -0.63172 0.76909 0.09707
vn -0.63357 0.59244 -0.49760
vn -0.63685 0.72775 0.25456
vn -0.72704 0.68443 0.05441
vn -0.70401 0.44856 -0.55060
vn -0.72141 0.65300 0.23057
vn -0.81600 0.57767 0.02103
vn -0.75552 0.28807 -0.58839
vn -0.80411 0.55367 0.21647
vn -0.89357 0.44893 -0.00060
vn -0.78414 0.12060 -0.60875
vn -0.87182 0.43953 0.21621
vn -0.95159 0.30729 -0.00741
vn -0.78995 -0.04597 -0.61145
vn -0.91892 0.32007 0.23050
vn -0.98478 0.17380 -0.00126
vn -0.77632 -0.22022 -0.59062
vn -0.94631 0.19343 0.25901
vn -0.73698 -0.32007 -0.59533
vn -0.77416 -0.34642 -0.52978
vn -0.99967 0.01327 0.02182
vn -0.82332 0.24610 0.51144
vn 0.65155 0.40391 0.64214
vn 0.59509 0.51339 0.61831
vn 0.52811 0.64763 0.54925
vn 0.44671 0.76423 0.46519
vn 0.35315 0.85995 0.36847
vn 0.24993 0.93223 0.26167
vn 0.13991 0.97908 0.14775
vn 0.02609 0.99922 0.02981
vn -0.08846 0.99210 -0.08895
vn -0.20058 0.95793 -0.20527
vn -0.30723 0.89764 -0.31600
vn -0.40552 0.81285 -0.41813
vn -0.49275 0.70588 -0.50885
vn -0.56653 0.57967 -0.58568
vn -0.62487 0.43762 -0.64655
vn -0.66615 0.28366 -0.68977
vn -0.68926 0.12196 -0.71417
vn -0.69357 -0.04307 -0.71910
vn -0.58717 -0.04308 -0.80831
vn -0.58359 0.12197 -0.80284
vn -0.56408 0.28365 -0.77547
vn -0.52919 0.43762 -0.72694
vn -0.47986 0.57967 -0.65857
vn -0.41744 0.70588 -0.57226
vn -0.34364 0.81284 -0.47032
vn -0.26045 0.89764 -0.35554
vn -0.17018 0.95793 -0.23109
vn -0.07527 0.99210 -0.10035
vn 0.02170 0.99922 0.03314
vn 0.11808 0.97908 0.16572
vn 0.21124 0.93223 0.29380
vn 0.29865 0.85995 0.41387
vn 0.37790 0.76423 0.52263
vn 0.44686 0.64763 0.61716
vn 0.35698 0.64763 0.67316
vn 0.30179 0.76423 0.56998
vn 0.23839 0.85995 0.45128
vn 0.16847 0.93223 0.32025
vn 0.09396 0.97908 0.18049
vn 0.01690 0.99922 0.03583
vn -0.06063 0.99210 -0.10982
vn -0.13649 0.95793 -0.25246
vn -0.20864 0.89764 -0.38822
vn -0.27511 0.81285 -0.51342
vn -0.33407 0.70588 -0.62461
vn -0.38391 0.57967 -0.71874
vn -0.42329 0.43762 -0.79329
vn -0.45112 0.28366 -0.84619
vn -0.46664 0.12197 -0.87600
vn -0.46943 -0.04308 -0.88192
vn -0.48849 0.84953 -0.19920
vn -0.85822 0.49661 -0.12974
vn -0.38742 0.84039 -0.37903
vn 0.54081 0.83598 0.09305
vn 0.42818 0.89290 0.13926
vn 0.52500 0.83812 0.14809
vn 0.31541 0.51391 0.79775
vn 0.57673 0.66082 0.48032
vn 0.40613 0.89280 0.19487
vn 0.51439 0.77023 0.37703
vn 0.62553 0.49415 0.60376
vn 0.24823 0.77072 0.58683
vn 0.10239 0.84456 0.52558
vn 0.28316 0.85313 0.43816
vn -0.85860 0.49651 0.12763
vn 0.04685 0.84711 0.52936
vn 0.02590 0.88879 0.45759
vn -0.01797 0.82621 0.56307
vn -0.03601 0.89102 0.45254
vn -0.46609 0.65926 0.59003
vn -0.09540 0.89100 0.44386
vn -0.24214 0.77062 0.58950
vn -0.40572 0.50277 0.76329
vn -0.51043 0.77023 0.38238
vn -0.50425 0.83136 0.23360
vn -0.68759 0.72570 -0.02407
vn -0.35862 0.49370 -0.79225
vn -0.44303 0.89385 0.06902
vn -0.70214 0.67149 -0.23687
vn -0.42979 0.89392 0.12725
vn -0.52292 0.83324 0.17962
vn -0.36363 0.84144 0.39968
vn -0.54148 0.77041 -0.33657
vn -0.34270 0.84276 -0.41510
vn -0.27711 0.89019 -0.36162
vn -0.20091 0.65673 -0.72687
vn -0.27186 0.82751 -0.49124
vn 0.31008 0.53192 -0.78798
vn 0.65781 0.49081 -0.57131
vn -0.21478 0.77156 -0.59880
vn 0.28249 0.82554 -0.48854
vn -0.18935 0.51775 -0.83431
vn 0.22488 0.77138 -0.59531
vn -0.09591 0.49759 -0.86210
vn 0.57506 0.72582 -0.37748
vn 0.74767 0.48962 0.44862
vn 0.32685 0.89326 -0.30863
vn 0.71444 0.66696 -0.21150
vn 0.28296 0.89330 -0.34922
vn 0.33205 0.82815 -0.45157
vn 0.06454 0.83518 -0.54618
vn 0.77377 0.49929 -0.38986
vn 0.52060 0.84563 -0.11787
vn 0.63658 0.77036 -0.03634
vn 0.10511 0.82511 -0.55511
vn -0.00386 0.82575 -0.56402
vn 0.52263 0.82506 -0.21478
vn 0.54900 0.82503 -0.13389
vn 0.37666 0.82514 0.42103
vn 0.30918 0.82510 0.47288
vn -0.30276 0.82502 0.47715
vn -0.37102 0.82499 0.42630
vn -0.55068 0.82510 -0.12636
vn -0.52551 0.82506 -0.20763
vn -0.11270 0.82502 -0.55375
vn -0.91615 0.01193 0.40065
vn -0.84767 0.12871 0.51467
vn -0.38288 0.44055 0.81198
vn -0.50691 0.55854 0.65656
vn 0.84013 -0.08375 0.53587
vn 0.77950 0.50668 0.36831
vn 0.50498 0.56261 0.65458
vn 0.26708 0.11959 0.95622
vn 0.78427 -0.08815 -0.61412
vn 0.99522 -0.08462 0.04874
vn 0.98987 0.12318 0.07064
vn 0.78126 0.43796 -0.44478
vn 0.79094 0.55920 -0.24842
vn 0.04787 0.38277 -0.92260
vn -0.05712 0.26308 -0.96308
vn -0.04037 0.56500 -0.82410
vn 0.22219 0.01763 -0.97484
vn -0.98976 -0.13960 -0.02988
vn -0.84791 0.50744 0.15345
vn -0.78998 0.56055 -0.24843
vn -0.76848 0.11995 -0.62854
vn -0.78427 -0.08815 -0.61413
vn 0.97421 0.18849 -0.12405
vn 0.95798 0.18707 -0.21746
vn 0.54938 -0.83172 -0.08012
vn 0.93923 0.18849 -0.28692
vn 0.90745 0.18707 -0.37622
vn 0.52794 -0.83172 -0.17181
vn 0.87722 0.18849 -0.44153
vn 0.83081 0.18707 -0.52418
vn 0.49131 -0.83172 -0.25857
vn 0.78999 0.18849 -0.58342
vn 0.73027 0.18707 -0.65705
vn 0.44055 -0.83172 -0.33788
vn 0.68003 0.18849 -0.70854
vn 0.60873 0.18707 -0.77101
vn 0.37711 -0.83172 -0.40747
vn 0.55050 0.18849 -0.81328
vn 0.46967 0.18707 -0.86280
vn 0.30282 -0.83172 -0.46534
vn 0.40514 0.18849 -0.89461
vn 0.31710 0.18707 -0.92976
vn 0.21982 -0.83172 -0.50982
vn 0.24813 0.18849 -0.95021
vn 0.15541 0.18707 -0.96998
vn 0.13050 -0.83172 -0.53964
vn 0.08396 0.18849 -0.97848
vn -0.01075 0.18707 -0.98229
vn 0.03742 -0.83172 -0.55393
vn -0.08261 0.18849 -0.97859
vn -0.17661 0.18707 -0.96634
vn -0.05673 -0.83172 -0.55229
vn -0.24680 0.18849 -0.95056
vn -0.33738 0.18707 -0.92259
vn -0.14925 -0.83172 -0.53476
vn -0.40389 0.18849 -0.89518
vn -0.48844 0.18707 -0.85231
vn -0.23748 -0.83172 -0.50184
vn -0.54937 0.18849 -0.81404
vn -0.62546 0.18707 -0.75750
vn -0.31887 -0.83172 -0.45449
vn -0.67904 0.18849 -0.70949
vn -0.74448 0.18707 -0.64090
vn -0.39110 -0.83172 -0.39406
vn -0.78917 0.18849 -0.58453
vn -0.84208 0.18707 -0.50587
vn -0.45207 -0.83172 -0.32230
vn -0.87662 0.18849 -0.44273
vn -0.91547 0.18707 -0.35627
vn -0.50004 -0.83172 -0.24126
vn -0.93883 0.18849 -0.28823
vn -0.96251 0.18707 -0.19643
vn -0.53362 -0.83172 -0.15329
vn -0.97403 0.18849 -0.12542
vn -0.98186 0.18707 -0.03095
vn -0.55185 -0.83172 -0.06090
vn -0.98122 0.18849 0.04101
vn -0.97297 0.18707 0.13544
vn -0.55420 -0.83172 0.03324
vn -0.96018 0.18849 0.20623
vn -0.93608 0.18707 0.29792
vn -0.54061 -0.83172 0.12642
vn -0.61748 0.18849 0.76367
vn -0.54114 0.18707 0.81986
vn -0.34119 -0.83172 0.43798
vn -0.47955 0.18849 0.85703
vn -0.39481 0.18707 0.89952
vn -0.26227 -0.83172 0.48934
vn -0.32782 0.18849 0.92574
vn -0.23711 0.18707 0.95330
vn -0.17580 -0.83172 0.52663
vn -0.16665 0.18849 0.96783
vn -0.07259 0.18707 0.97966
vn -0.08427 -0.83172 0.54876
vn -0.00067 0.18849 0.98207
vn 0.09402 0.18707 0.97784
vn 0.00969 -0.83172 0.55511
vn 0.16530 0.18849 0.96806
vn 0.25793 0.18707 0.94788
vn 0.10336 -0.83172 0.54549
vn 0.32652 0.18849 0.92621
vn 0.41440 0.18707 0.89066
vn 0.19406 -0.83172 0.52017
vn 0.47835 0.18849 0.85770
vn 0.55896 0.18707 0.80782
vn 0.27918 -0.83172 0.47990
vn 0.61643 0.18849 0.76451
vn 0.68745 0.18707 0.70173
vn 0.35627 -0.83172 0.42581
vn 0.73677 0.18849 0.64933
vn 0.79615 0.18707 0.57545
vn 0.42311 -0.83172 0.35947
vn 0.83590 0.18849 0.51550
vn 0.88195 0.18707 0.43263
vn 0.47777 -0.83172 0.28280
vn 0.91101 0.18849 0.36680
vn 0.94238 0.18707 0.27735
vn 0.51870 -0.83172 0.19798
vn 0.95988 0.18849 0.20759
vn 0.97570 0.18707 0.11411
vn 0.54469 -0.83172 0.10748
vn 0.98116 0.18849 0.04235
vn 0.98095 0.18707 -0.05243
vn 0.55502 -0.83172 0.01388
vn 0.06778 0.94319 -0.32528
vn 0.03483 0.98269 -0.18198
vn 0.06508 0.98269 -0.17348
vn 0.00000 1.00000 0.00000
vn 0.00357 0.98269 -0.18525
vn 0.01183 0.94319 -0.33206
vn 0.01855 0.87369 -0.48613
vn -0.02778 0.98268 -0.18319
vn -0.04445 0.94319 -0.32928
vn -0.06387 0.87369 -0.48227
vn -0.08147 0.77920 -0.62146
vn -0.05834 0.98269 -0.17586
vn -0.09946 0.94319 -0.31703
vn -0.14446 0.87369 -0.46454
vn -0.18532 0.77920 -0.59875
vn -0.22089 0.66240 -0.71584
vn -0.08723 0.98269 -0.16347
vn -0.15161 0.94319 -0.29566
vn -0.22089 0.87369 -0.43344
vn -0.28385 0.77920 -0.55882
vn -0.33869 0.66240 -0.66822
vn -0.38384 0.52665 -0.75849
vn -0.11360 0.98269 -0.14638
vn -0.19940 0.94319 -0.26579
vn -0.29097 0.87369 -0.38988
vn -0.37420 0.77920 -0.50281
vn -0.44674 0.66240 -0.60136
vn -0.50650 0.52665 -0.68271
vn -0.55176 0.37584 -0.74452
vn -0.13670 0.98268 -0.12507
vn -0.24145 0.94319 -0.22826
vn -0.35267 0.87369 -0.33510
vn -0.45380 0.77920 -0.43234
vn -0.54195 0.66240 -0.51721
vn -0.61459 0.52665 -0.58729
vn -0.66965 0.37584 -0.64056
vn -0.70554 0.21427 -0.67550
vn -0.15587 0.98268 -0.10017
vn -0.27655 0.94319 -0.18418
vn -0.40423 0.87369 -0.27068
vn -0.52033 0.77920 -0.34943
vn -0.62156 0.66240 -0.41819
vn -0.70500 0.52665 -0.47498
vn -0.76827 0.37584 -0.51817
vn -0.80955 0.21427 -0.54654
vn -0.82767 0.04656 -0.55928
vn -0.17056 0.98269 -0.07239
vn -0.30370 0.94319 -0.13479
vn -0.44416 0.87369 -0.19847
vn -0.57190 0.77920 -0.25646
vn -0.68330 0.66240 -0.30713
vn -0.77514 0.52665 -0.34900
vn -0.84479 0.37584 -0.38088
vn -0.89028 0.21427 -0.40187
vn -0.91029 0.04656 -0.41135
vn -0.90425 -0.12248 -0.40907
vn -0.18034 0.98269 -0.04252
vn -0.32211 0.94319 -0.08152
vn -0.47131 0.87369 -0.12055
vn -0.60702 0.77920 -0.15612
vn -0.72537 0.66240 -0.18723
vn -0.82297 0.52665 -0.21298
vn -0.89701 0.37584 -0.23263
vn -0.94539 0.21427 -0.24563
vn -0.96671 0.04656 -0.25160
vn -0.96037 -0.12248 -0.25036
vn -0.92655 -0.28802 -0.24197
vn -0.18493 0.98268 -0.01143
vn -0.33126 0.94319 -0.02592
vn -0.48490 0.87369 -0.03916
vn -0.62467 0.77920 -0.05129
vn -0.74658 0.66240 -0.06195
vn -0.84712 0.52665 -0.07083
vn -0.92342 0.37584 -0.07769
vn -0.97330 0.21427 -0.08232
vn -0.99533 0.04656 -0.08460
vn -0.98887 -0.12249 -0.08446
vn -0.95411 -0.28802 -0.08190
vn -0.89206 -0.44532 -0.07700
vn -0.18420 0.98269 0.01999
vn -0.33087 0.94319 0.03044
vn -0.48455 0.87369 0.04335
vn -0.62435 0.77920 0.05502
vn -0.74631 0.66240 0.06511
vn -0.84691 0.52665 0.07335
vn -0.92327 0.37584 0.07948
vn -0.97321 0.21427 0.08335
vn -0.99531 0.04656 0.08483
vn -0.98892 -0.12249 0.08388
vn -0.95423 -0.28802 0.08053
vn -0.89224 -0.44532 0.07487
vn -0.80472 -0.58986 0.06707
vn -0.17818 0.98269 0.05083
vn -0.32097 0.94319 0.08592
vn -0.47025 0.87369 0.12461
vn -0.60607 0.77920 0.15974
vn -0.72457 0.66240 0.19031
vn -0.82233 0.52665 0.21542
vn -0.89656 0.37584 0.23437
vn -0.94513 0.21427 0.24662
vn -0.96666 0.04656 0.25181
vn -0.96052 -0.12249 0.24980
vn -0.92690 -0.28802 0.24063
vn -0.86675 -0.44532 0.22458
vn -0.78181 -0.58986 0.20211
vn -0.67449 -0.71752 0.17384
vn -0.16702 0.98268 0.08021
vn -0.30183 0.94319 0.13893
vn -0.44243 0.87369 0.20230
vn -0.57036 0.77920 0.25987
vn -0.68199 0.66240 0.31002
vn -0.77410 0.52665 0.35130
vn -0.84405 0.37584 0.38252
vn -0.88985 0.21427 0.40280
vn -0.91019 0.04656 0.41156
vn -0.90449 -0.12248 0.40853
vn -0.87290 -0.28803 0.39382
vn -0.81633 -0.44532 0.36783
vn -0.73640 -0.58986 0.33132
vn -0.63541 -0.71752 0.28533
vn -0.51147 -0.83172 0.21596
vn -0.57805 -0.71752 0.38861
vn -0.46761 -0.83172 0.29930
vn -0.41030 -0.83172 0.37402
vn -0.15106 0.98269 0.10728
vn -0.13076 0.98269 0.13127
vn -0.23831 0.94319 0.23154
vn -0.19575 0.94319 0.26849
vn -0.28759 0.87369 0.39238
vn -0.21714 0.87369 0.43534
vn -0.28050 0.77920 0.56050
vn -0.18175 0.77920 0.59985
vn -0.21785 0.66241 0.71677
vn -0.09358 0.66240 0.74328
vn -0.10672 0.52666 0.84335
vn 0.03734 0.52666 0.84926
vn 0.04023 0.37584 0.92581
vn 0.19611 0.37584 0.90569
vn 0.20629 0.21427 0.95474
vn 0.36467 0.21427 0.90615
vn 0.37256 0.04656 0.92684
vn 0.52383 0.04656 0.85055
vn 0.52011 -0.12248 0.84527
vn 0.65548 -0.12249 0.74521
vn 0.63216 -0.28802 0.71932
vn 0.74463 -0.28802 0.60213
vn 0.69596 -0.44532 0.56332
vn 0.78115 -0.44532 0.43760
vn 0.70427 -0.58986 0.39505
vn 0.76091 -0.58986 0.27034
vn 0.65617 -0.71752 0.23366
vn 0.68622 -0.71752 0.11941
vn -0.27401 0.94319 0.18794
vn -0.34976 0.87369 0.33813
vn -0.37119 0.77920 0.50504
vn -0.33585 0.66240 0.66965
vn -0.24772 0.52665 0.81319
vn -0.11681 0.37584 0.91929
vn 0.04197 0.21427 0.97587
vn 0.21056 0.04656 0.97647
vn 0.36978 -0.12248 0.92101
vn 0.50150 -0.28802 0.81581
vn 0.59075 -0.44532 0.67283
vn 0.62738 -0.58986 0.50839
vn 0.60724 -0.71752 0.34120
vn -0.40188 0.87369 0.27416
vn -0.45121 0.77920 0.43504
vn -0.44419 0.66240 0.60326
vn -0.38158 0.52665 0.75963
vn -0.27050 0.37584 0.88633
vn -0.12356 0.21427 0.96893
vn 0.04251 0.04655 0.99801
vn 0.20880 -0.12249 0.97026
vn 0.35642 -0.28802 0.88883
vn 0.46854 -0.44532 0.76299
vn 0.53244 -0.58986 0.60711
vn 0.54084 -0.71752 0.43891
vn -0.51824 0.77920 0.35253
vn -0.53975 0.66240 0.51951
vn -0.50447 0.52665 0.68421
vn -0.41639 0.37584 0.82786
vn -0.28553 0.21427 0.93411
vn -0.12677 0.04655 0.99084
vn 0.04183 -0.12249 0.99159
vn 0.20108 -0.28802 0.93628
vn 0.33285 -0.44532 0.83120
vn 0.42218 -0.58986 0.68836
vn 0.45889 -0.71753 0.52400
vn -0.61978 0.66240 0.42082
vn -0.61285 0.52665 0.58911
vn -0.55031 0.37584 0.74559
vn -0.43929 0.21427 0.87242
vn -0.29240 0.04656 0.95516
vn -0.12635 -0.12248 0.98439
vn 0.03996 -0.28802 0.95679
vn 0.18759 -0.44532 0.87550
vn 0.29977 -0.58986 0.74980
vn 0.36373 -0.71752 0.59402
vn -0.70359 0.52665 0.47707
vn -0.66840 0.37584 0.64186
vn -0.58041 0.21427 0.78563
vn -0.44962 0.04656 0.89201
vn -0.29090 -0.12248 0.94888
vn -0.12232 -0.28802 0.94978
vn 0.03694 -0.44532 0.89461
vn 0.16874 -0.58986 0.78968
vn 0.25811 -0.71752 0.64695
vn -0.76726 0.37584 0.51966
vn -0.70483 0.21427 0.67624
vn -0.59390 0.04655 0.80319
vn -0.44707 -0.12249 0.88607
vn -0.28107 -0.28802 0.91545
vn -0.11479 -0.44532 0.88798
vn 0.03286 -0.58986 0.80684
vn 0.14506 -0.71752 0.68126
vn -0.80898 0.21427 0.54739
vn -0.72110 0.04655 0.69127
vn -0.59039 -0.12249 0.79777
vn -0.43174 -0.28802 0.85478
vn -0.26320 -0.44532 0.85581
vn -0.10397 -0.58986 0.80079
vn 0.02784 -0.71752 0.69598
vn -0.82755 0.04655 0.55946
vn -0.71672 -0.12248 0.68652
vn -0.56999 -0.28802 0.76952
vn -0.40405 -0.44532 0.79902
vn -0.23781 -0.58986 0.77170
vn -0.09018 -0.71752 0.69067
vn -0.82243 -0.12248 0.55552
vn -0.69184 -0.28802 0.66212
vn -0.53327 -0.44532 0.71924
vn -0.36481 -0.58986 0.72041
vn -0.20560 -0.71752 0.66550
vn -0.79379 -0.28802 0.53567
vn -0.64716 -0.44532 0.61877
vn -0.48131 -0.58986 0.64839
vn -0.31512 -0.71752 0.62118
vn -0.74242 -0.44532 0.50050
vn -0.58396 -0.58986 0.55772
vn -0.41557 -0.71752 0.55898
vn -0.66982 -0.58986 0.45101
vn -0.50406 -0.71752 0.48071
vn -0.67192 0.18707 0.71661
vn -0.87227 0.18707 0.45183
vn -0.83662 0.18849 0.51433
vn -0.78336 0.18707 0.59275
vn -0.73766 0.18849 0.64832
vn 0.09346 0.98268 -0.15998
vn 0.12178 0.94319 -0.30915
vn 0.10044 0.87369 -0.47600
vn 0.02473 0.77920 -0.62629
vn -0.09673 0.66240 -0.74288
vn -0.25013 0.52665 -0.81245
vn -0.41800 0.37584 -0.82705
vn -0.58124 0.21427 -0.78502
vn -0.72125 0.04656 -0.69111
vn -0.82211 -0.12248 -0.55600
vn -0.87233 -0.28802 -0.39507
vn -0.86621 -0.44532 -0.22665
vn -0.80448 -0.58986 -0.06989
vn -0.69417 -0.71752 0.05735
vn -0.91152 0.18849 0.36553
vn 0.11916 0.98269 -0.14189
vn 0.17227 0.94319 -0.28412
vn 0.17944 0.87369 -0.45218
vn 0.13022 0.77920 -0.61310
vn 0.03021 0.66240 -0.74854
vn -0.10923 0.52665 -0.84303
vn -0.27221 0.37584 -0.88580
vn -0.44021 0.21427 -0.87196
vn -0.59408 0.04656 -0.80306
vn -0.71632 -0.12248 -0.68694
vn -0.79301 -0.28802 -0.53682
vn -0.81545 -0.44532 -0.36978
vn -0.78109 -0.58986 -0.20484
vn -0.69388 -0.71752 -0.06079
vn 0.14142 0.98268 -0.11971
vn 0.21781 0.94319 -0.25092
vn 0.25328 0.87369 -0.41535
vn 0.23196 0.77920 -0.58227
vn 0.15628 0.66240 -0.73267
vn 0.03482 0.52665 -0.84937
vn -0.11860 0.37584 -0.91906
vn -0.28651 0.21427 -0.93381
vn -0.44981 0.04656 -0.89191
vn -0.58992 -0.12249 -0.79812
vn -0.69089 -0.28802 -0.66311
vn -0.74123 -0.44532 -0.50227
vn -0.73524 -0.58986 -0.33390
vn -0.67362 -0.71752 -0.17718
vn 0.15962 0.98268 -0.09409
vn 0.25709 0.94319 -0.21050
vn 0.31983 0.87369 -0.36657
vn 0.32703 0.77920 -0.53470
vn 0.27785 0.66240 -0.69572
vn 0.17786 0.52665 -0.83126
vn 0.03843 0.37584 -0.92589
vn -0.12458 0.21427 -0.96880
vn -0.29261 0.04656 -0.95510
vn -0.44655 -0.12249 -0.88633
vn -0.56888 -0.28802 -0.77034
vn -0.64568 -0.44532 -0.62031
vn -0.66823 -0.58986 -0.45335
vn -0.63399 -0.71752 -0.28847
vn 0.17322 0.98269 -0.06576
vn 0.28896 0.94319 -0.16402
vn 0.37718 0.87369 -0.30725
vn 0.41269 0.77920 -0.47174
vn 0.39143 0.66240 -0.63875
vn 0.31579 0.52665 -0.78925
vn 0.19435 0.37584 -0.90607
vn 0.04094 0.21427 -0.97592
vn -0.12699 0.04656 -0.99081
vn -0.29034 -0.12249 -0.94905
vn -0.43051 -0.28802 -0.85540
vn -0.53156 -0.44532 -0.72051
vn -0.58201 -0.58986 -0.55976
vn -0.57612 -0.71752 -0.39147
vn 0.18185 0.98268 -0.03553
vn 0.31252 0.94319 -0.11283
vn 0.42368 0.87369 -0.23909
vn 0.48648 0.77920 -0.39521
vn 0.49375 0.66240 -0.56341
vn 0.44463 0.52665 -0.72453
vn 0.34469 0.37584 -0.86019
vn 0.20529 0.21427 -0.95496
vn 0.04228 0.04656 -0.99802
vn -0.12577 -0.12248 -0.98447
vn -0.27976 -0.28802 -0.91585
vn -0.40215 -0.44532 -0.79998
vn -0.47903 -0.58986 -0.65007
vn -0.50167 -0.71752 -0.48320
vn 0.18523 0.98269 -0.00429
vn 0.32710 0.94319 -0.05839
vn 0.45799 0.87369 -0.16405
vn 0.54627 0.77920 -0.30731
vn 0.58186 0.66240 -0.47186
vn 0.56068 0.52665 -0.63896
vn 0.48510 0.37584 -0.78957
vn 0.36372 0.21427 -0.90653
vn 0.21034 0.04656 -0.97652
vn 0.04242 -0.12249 -0.99156
vn -0.12095 -0.28802 -0.94995
vn -0.26117 -0.44532 -0.85644
vn -0.36228 -0.58986 -0.72168
vn -0.41280 -0.71752 -0.56103
vn 0.18330 0.98269 0.02707
vn 0.33226 0.94319 -0.00227
vn 0.47913 0.87369 -0.08429
vn 0.59035 0.77920 -0.21057
vn 0.65324 0.66240 -0.36674
vn 0.66060 0.52666 -0.53502
vn 0.61156 0.37584 -0.69623
vn 0.51169 0.21427 -0.83202
vn 0.37235 0.04656 -0.92692
vn 0.20938 -0.12249 -0.97013
vn 0.04133 -0.28803 -0.95673
vn -0.11267 -0.44532 -0.88826
vn -0.23510 -0.58986 -0.77252
vn -0.31204 -0.71752 -0.62273
vn 0.17608 0.98269 0.05766
vn 0.32786 0.94319 0.05391
vn 0.48648 0.87369 -0.00210
vn 0.61744 0.77920 -0.10777
vn 0.70582 0.66241 -0.25107
vn 0.74151 0.52666 -0.41568
vn 0.72043 0.37584 -0.58286
vn 0.64495 0.21427 -0.73358
vn 0.52364 0.04655 -0.85066
vn 0.37032 -0.12249 -0.92079
vn 0.20242 -0.28802 -0.93598
vn 0.03907 -0.44532 -0.89452
vn -0.10117 -0.58986 -0.80115
vn -0.20231 -0.71752 -0.66650
vn 0.16381 0.98268 0.08659
vn 0.31404 0.94319 0.10855
vn 0.47984 0.87369 0.08014
vn 0.62677 0.77920 -0.00187
vn 0.73810 0.66241 -0.12817
vn 0.80110 0.52665 -0.28439
vn 0.80857 0.37584 -0.45272
vn 0.75965 0.21427 -0.61403
vn 0.65988 0.04655 -0.74993
vn 0.52061 -0.12249 -0.84496
vn 0.35769 -0.28802 -0.88831
vn 0.18968 -0.44532 -0.87505
vn 0.03568 -0.58986 -0.80672
vn -0.08676 -0.71752 -0.69111
vn 0.14682 0.98269 0.11303
vn 0.29117 0.94319 0.16006
vn 0.45939 0.87369 0.16009
vn 0.61807 0.77920 0.10408
vn 0.74914 0.66240 -0.00159
vn 0.83764 0.52665 -0.14491
vn 0.87345 0.37584 -0.30956
vn 0.85249 0.21427 -0.47682
vn 0.77712 0.04656 -0.62763
vn 0.65592 -0.12249 -0.74483
vn 0.50268 -0.28802 -0.81508
vn 0.33483 -0.44532 -0.83041
vn 0.17151 -0.58986 -0.78908
vn 0.03128 -0.71752 -0.69583
vn 0.12560 0.98268 0.13622
vn 0.25994 0.94319 0.20697
vn 0.42573 0.87369 0.23542
vn 0.59159 0.77920 0.20704
vn 0.73864 0.66241 0.12504
vn 0.85008 0.52666 -0.00126
vn 0.91320 0.37584 -0.15750
vn 0.92081 0.21427 -0.32589
vn 0.87201 0.04656 -0.48726
vn 0.77236 -0.12249 -0.62326
vn 0.63320 -0.28802 -0.71841
vn 0.47036 -0.44532 -0.76188
vn 0.30239 -0.58986 -0.74875
vn 0.14843 -0.71752 -0.68054
vn 0.10077 0.98268 0.15548
vn 0.22122 0.94319 0.24792
vn 0.37982 0.87369 0.30398
vn 0.54809 0.77920 0.30404
vn 0.70688 0.66240 0.24807
vn 0.83806 0.52666 0.14242
vn 0.92668 0.37584 -0.00090
vn 0.96264 0.21427 -0.16558
vn 0.94182 0.04656 -0.33288
vn 0.86658 -0.12249 -0.48377
vn 0.74550 -0.28802 -0.60106
vn 0.59235 -0.44532 -0.67143
vn 0.42458 -0.58986 -0.68687
vn 0.26130 -0.71752 -0.64566
vn 0.07305 0.98268 0.17028
vn 0.17614 0.94319 0.28174
vn 0.32298 0.87369 0.36380
vn 0.48883 0.77920 0.39230
vn 0.65479 0.66240 0.36397
vn 0.80194 0.52665 0.28201
vn 0.91351 0.37584 0.15573
vn 0.97678 0.21427 -0.00051
vn 0.98453 0.04655 -0.16893
vn 0.93588 -0.12249 -0.33036
vn 0.83635 -0.28802 -0.46643
vn 0.69730 -0.44532 -0.56166
vn 0.53456 -0.58986 -0.60524
vn 0.36666 -0.71753 -0.59221
vn 0.04322 0.98268 0.18017
vn 0.12599 0.94319 0.30745
vn 0.25685 0.87369 0.41315
vn 0.41550 0.77920 0.46926
vn 0.58386 0.66240 0.46939
vn 0.74275 0.52666 0.41348
vn 0.87405 0.37584 0.30787
vn 0.96281 0.21427 0.16457
vn 0.99892 0.04655 -0.00011
vn 0.97824 -0.12249 -0.16744
vn 0.90315 -0.28802 -0.31837
vn 0.78219 -0.44532 -0.43574
vn 0.62916 -0.58986 -0.50619
vn 0.46147 -0.71753 -0.52173
vn 0.01215 0.98268 0.18489
vn 0.07222 0.94319 0.32432
vn 0.18334 0.87369 0.45061
vn 0.33021 0.77920 0.53273
vn 0.49613 0.66240 0.56131
vn 0.66218 0.52666 0.53306
vn 0.80945 0.37584 0.45115
vn 0.92115 0.21427 0.32492
vn 0.98457 0.04655 0.16871
vn 0.99247 -0.12249 0.00029
vn 0.94397 -0.28802 -0.16116
vn 0.84458 -0.44532 -0.29728
vn 0.70565 -0.58986 -0.39258
vn 0.54301 -0.71753 -0.43624
vn -0.01927 0.98268 0.18428
vn 0.01637 0.94319 0.33186
vn 0.10455 0.87369 0.47512
vn 0.23543 0.77920 0.58088
vn 0.39413 0.66240 0.63709
vn 0.56257 0.52665 0.63730
vn 0.72156 0.37584 0.58146
vn 0.85299 0.21427 0.47592
vn 0.94189 0.04656 0.33267
vn 0.97814 -0.12249 0.16802
vn 0.95762 -0.28802 0.00069
vn 0.88267 -0.44532 -0.15027
vn 0.76185 -0.58986 -0.26768
vn 0.60892 -0.71752 -0.33819
vn -0.05014 0.98268 0.17837
vn -0.03995 0.94319 0.32986
vn 0.02274 0.87369 0.48595
vn 0.13388 0.77920 0.61231
vn 0.28080 0.66240 0.69453
vn 0.44678 0.52666 0.72320
vn 0.61291 0.37584 0.69504
vn 0.76029 0.21427 0.61323
vn 0.87212 0.04656 0.48707
vn 0.93568 -0.12249 0.33091
vn 0.94373 -0.28802 0.16252
vn 0.89537 -0.44532 0.00107
vn 0.79613 -0.58986 -0.13508
vn 0.65732 -0.71752 -0.23042
vn -0.07956 0.98268 0.16733
vn -0.09512 0.94319 0.31836
vn -0.05971 0.87369 0.48281
vn 0.02847 0.77920 0.62613
vn 0.15938 0.66240 0.73200
vn 0.31813 0.52665 0.78831
vn 0.48663 0.37584 0.78863
vn 0.64571 0.21427 0.73290
vn 0.77726 0.04655 0.62745
vn 0.86630 -0.12249 0.48428
vn 0.90269 -0.28802 0.31967
vn 0.88231 -0.44532 0.15237
vn 0.80751 -0.58986 0.00141
vn 0.68680 -0.71752 -0.11602
vn -0.10670 0.98269 0.15148
vn -0.14756 0.94319 0.29771
vn -0.14045 0.87369 0.46577
vn -0.07776 0.77920 0.62193
vn 0.03338 0.66240 0.74840
vn 0.18033 0.52665 0.83073
vn 0.34635 0.37584 0.85952
vn 0.51257 0.21427 0.83148
vn 0.66004 0.04656 0.74979
vn 0.77199 -0.12248 0.62372
vn 0.83568 -0.28802 0.46763
vn 0.84387 -0.44532 0.29929
vn 0.79565 -0.58986 0.13786
vn 0.69653 -0.71752 0.00172
vn -0.02514 0.98675 0.16032
vn 0.00232 0.98675 0.16226
vn -0.05187 0.98675 0.15376
vn -0.07711 0.98675 0.14279
vn -0.10013 0.98675 0.12770
vn -0.12027 0.98675 0.10894
vn -0.13695 0.98675 0.08705
vn -0.14969 0.98675 0.06265
vn -0.15813 0.98675 0.03645
vn -0.16201 0.98675 0.00920
vn -0.16124 0.98675 -0.01831
vn -0.15583 0.98675 -0.04529
vn -0.14593 0.98675 -0.07098
vn -0.13183 0.98675 -0.09462
vn -0.11395 0.98675 -0.11554
vn -0.09278 0.98675 -0.13313
vn -0.06895 0.98675 -0.14690
vn -0.04313 0.98675 -0.15644
vn -0.01607 0.98675 -0.16148
vn 0.01145 0.98675 -0.16187
vn 0.03864 0.98675 -0.15761
vn 0.06472 0.98675 -0.14881
vn 0.08894 0.98675 -0.13573
vn 0.11060 0.98675 -0.11875
vn 0.12908 0.98675 -0.09835
vn 0.14384 0.98675 -0.07512
vn 0.15447 0.98675 -0.04973
vn 0.16065 0.98675 -0.02291
vn 0.16221 0.98675 0.00457
vn 0.15911 0.98675 0.03192
vn 0.15142 0.98675 0.05835
vn 0.13938 0.98675 0.08310
vn 0.12334 0.98675 0.10546
vn 0.10374 0.98675 0.12479
vn 0.08116 0.98675 0.14052
vn 0.05624 0.98675 0.15222
vn 0.02971 0.98675 0.15953
vn 0.03712 0.97649 0.21233
vn 0.07247 0.97649 0.20300
vn 0.10573 0.97649 0.18783
vn 0.13596 0.97649 0.16726
vn 0.16227 0.97649 0.14188
vn 0.18391 0.97649 0.11242
vn 0.20026 0.97649 0.07972
vn 0.21086 0.97649 0.04473
vn 0.21538 0.97649 0.00845
vn 0.21371 0.97649 -0.02807
vn 0.20589 0.97649 -0.06379
vn 0.19215 0.97649 -0.09767
vn 0.17288 0.97649 -0.12874
vn 0.14864 0.97649 -0.15610
vn 0.12012 0.97649 -0.17898
vn 0.08814 0.97649 -0.19670
vn 0.05363 0.97649 -0.20877
vn 0.01758 0.97649 -0.21483
vn -0.01898 0.97649 -0.21471
vn -0.05499 0.97649 -0.20841
vn -0.08942 0.97649 -0.19612
vn -0.12128 0.97649 -0.17819
vn -0.14965 0.97649 -0.15513
vn -0.17372 0.97649 -0.12761
vn -0.19278 0.97649 -0.09641
vn -0.20630 0.97649 -0.06245
vn -0.21389 0.97649 -0.02668
vn -0.21532 0.97649 0.00985
vn -0.21056 0.97649 0.04610
vn -0.19974 0.97649 0.08102
vn -0.18318 0.97649 0.11361
vn -0.16134 0.97649 0.14293
vn -0.13486 0.97649 0.16814
vn -0.10451 0.97649 0.18852
vn -0.07115 0.97649 0.20347
vn -0.03574 0.97649 0.21256
vn 0.00070 0.97649 0.21555

f 1//1 2//2 3//3
f 4//4 5//5 6//6
f 7//7 8//8 9//9
f 10//10 11//11 12//12
f 13//13 14//14 15//15
f 16//16 17//17 18//18
f 19//19 20//20 21//21
f 22//22 23//23 24//24
f 24//24 23//23 25//25
f 24//24 25//25 26//26
f 26//26 25//25 27//27
f 27//27 25//25 28//28
f 27//27 28//28 29//29
f 29//29 28//28 30//30
f 30//30 28//28 31//31
f 30//30 31//31 32//32
f 33//33 34//34 35//35
f 33//33 35//35 31//31
f 31//31 35//35 36//36
f 31//31 36//36 32//32
f 34//34 33//33 37//37
f 37//37 33//33 38//38
f 37//37 38//38 39//39
f 21//21 20//20 38//38
f 38//38 20//20 40//40
f 38//38 40//40 39//39
f 19//19 21//21 41//41
f 41//41 21//21 42//42
f 41//41 42//42 43//43
f 43//43 42//42 44//44
f 44//44 42//42 45//45
f 44//44 45//45 46//46
f 47//47 48//48 49//49
f 47//47 49//49 45//45
f 45//45 49//49 50//50
f 45//45 50//50 46//46
f 48//48 47//47 51//51
f 51//51 47//47 52//52
f 51//51 52//52 53//53
f 18//18 17//17 52//52
f 52//52 17//17 54//54
f 52//52 54//54 53//53
f 16//16 18//18 55//55
f 55//55 18//18 56//56
f 55//55 56//56 57//57
f 58//58 59//59 60//60
f 58//58 60//60 61//61
f 60//60 62//62 61//61
f 61//61 62//62 63//63
f 61//61 63//63 56//56
f 56//56 63//63 64//64
f 56//56 64//64 57//57
f 59//59 58//58 65//65
f 65//65 58//58 66//66
f 65//65 66//66 67//67
f 15//15 14//14 66//66
f 66//66 14//14 68//68
f 66//66 68//68 67//67
f 13//13 15//15 69//69
f 69//69 15//15 70//70
f 69//69 70//70 71//71
f 72//72 73//73 74//74
f 74//74 75//75 72//72
f 72//72 75//75 76//76
f 72//72 76//76 70//70
f 70//70 76//76 77//77
f 70//70 77//77 71//71
f 78//78 79//79 80//80
f 80//80 79//79 81//81
f 80//80 81//81 73//73
f 73//73 81//81 82//82
f 73//73 82//82 74//74
f 78//78 80//80 83//83
f 83//83 80//80 84//84
f 83//83 84//84 85//85
f 85//85 84//84 86//86
f 85//85 86//86 87//87
f 12//12 11//11 86//86
f 86//86 11//11 88//88
f 86//86 88//88 87//87
f 10//10 12//12 89//89
f 89//89 12//12 90//90
f 89//89 90//90 91//91
f 91//91 90//90 92//92
f 92//92 90//90 93//93
f 92//92 93//93 94//94
f 95//95 96//96 97//97
f 95//95 97//97 93//93
f 93//93 97//97 98//98
f 93//93 98//98 94//94
f 96//96 95//95 99//99
f 99//99 95//95 100//100
f 99//99 100//100 101//101
f 9//9 8//8 100//100
f 100//100 8//8 102//102
f 100//100 102//102 101//101
f 7//7 9//9 103//103
f 103//103 9//9 104//104
f 103//103 104//104 105//105
f 105//105 104//104 106//106
f 106//106 104//104 107//107
f 106//106 107//107 108//108
f 109//109 110//110 111//111
f 109//109 111//111 107//107
f 107//107 111//111 112//112
f 107//107 112//112 108//108
f 110//110 109//109 113//113
f 113//113 109//109 114//114
f 113//113 114//114 115//115
f 6//6 5//5 114//114
f 114//114 5//5 116//116
f 114//114 116//116 115//115
f 4//4 6//6 117//117
f 117//117 6//6 118//118
f 117//117 118//118 119//119
f 120//120 121//121 122//122
f 120//120 122//122 123//123
f 122//122 124//124 123//123
f 123//123 124//124 125//125
f 123//123 125//125 118//118
f 118//118 125//125 126//126
f 118//118 126//126 119//119
f 121//121 120//120 127//127
f 127//127 120//120 128//128
f 127//127 128//128 129//129
f 3//3 2//2 128//128
f 128//128 2//2 130//130
f 128//128 130//130 129//129
f 1//1 3//3 131//131
f 131//131 3//3 132//132
f 131//131 132//132 133//133
f 134//134 135//135 136//136
f 134//134 136//136 137//137
f 136//136 138//138 137//137
f 137//137 138//138 139//139
f 137//137 139//139 132//132
f 132//132 139//139 140//140
f 132//132 140//140 133//133
f 135//135 134//134 141//141
f 141//141 134//134 142//142
f 141//141 142//142 143//143
f 22//22 144//144 23//23
f 23//23 144//144 145//145
f 23//23 145//145 146//146
f 146//146 145//145 147//147
f 146//146 147//147 142//142
f 142//142 147//147 148//148
f 142//142 148//148 143//143
f 87//87 88//88 149//149
f 11//11 10//10 150//150
f 91//91 92//92 151//151
f 96//96 99//99 152//152
f 101//101 102//102 153//153
f 8//8 7//7 154//154
f 105//105 106//106 155//155
f 110//110 113//113 156//156
f 5//5 4//4 157//157
f 119//119 126//126 158//158
f 121//121 127//127 159//159
f 2//2 1//1 160//160
f 133//133 140//140 161//161
f 135//135 141//141 162//162
f 144//144 22//22 163//163
f 24//24 26//26 164//164
f 29//29 30//30 165//165
f 34//34 37//37 166//166
f 39//39 40//40 167//167
f 20//20 19//19 168//168
f 43//43 44//44 169//169
f 48//48 51//51 170//170
f 17//17 16//16 171//171
f 57//57 64//64 172//172
f 59//59 65//65 173//173
f 14//14 13//13 174//174
f 71//71 77//77 175//175
f 82//82 81//81 176//176
f 177//177 178//178 179//179
f 180//180 181//181 182//182
f 183//183 184//184 185//185
f 186//186 187//187 188//188
f 189//189 190//190 191//191
f 192//192 193//193 194//194
f 195//195 196//196 197//197
f 198//198 199//199 200//200
f 201//201 202//202 203//203
f 204//204 205//205 206//206
f 207//207 208//208 209//209
f 210//210 211//211 212//212
f 213//213 214//214 215//215
f 216//216 217//217 218//218
f 219//219 220//220 221//221
f 222//222 223//223 224//224
f 225//225 226//226 227//227
f 228//228 229//229 230//230
f 231//231 232//232 233//233
f 234//234 235//235 236//236
f 237//237 238//238 239//239
f 240//240 241//241 242//242
f 243//243 244//244 245//245
f 246//246 247//247 248//248
f 249//249 250//250 251//251
f 252//252 253//253 254//254
f 255//255 256//256 257//257
f 258//258 259//259 260//260
f 261//261 262//262 263//263
f 261//261 263//263 264//264
f 249//249 251//251 265//265
f 246//246 248//248 266//266
f 234//234 236//236 267//267
f 222//222 224//224 268//268
f 210//210 212//212 269//269
f 207//207 209//209 270//270
f 201//201 203//203 271//271
f 198//198 200//200 272//272
f 186//186 188//188 273//273
f 176//176 274//274 275//275
f 275//275 274//274 276//276
f 275//275 276//276 277//277
f 277//277 276//276 278//278
f 277//277 278//278 279//279
f 279//279 278//278 280//280
f 279//279 280//280 281//281
f 281//281 280//280 282//282
f 281//281 282//282 283//283
f 283//283 282//282 284//284
f 283//283 284//284 285//285
f 285//285 284//284 286//286
f 285//285 286//286 287//287
f 287//287 286//286 288//288
f 287//287 288//288 289//289
f 289//289 288//288 290//290
f 289//289 290//290 291//291
f 291//291 290//290 292//292
f 291//291 292//292 293//293
f 293//293 292//292 294//294
f 293//293 294//294 295//295
f 295//295 294//294 296//296
f 295//295 296//296 297//297
f 297//297 296//296 298//298
f 297//297 298//298 299//299
f 299//299 298//298 300//300
f 299//299 300//300 263//263
f 263//263 300//300 301//301
f 263//263 301//301 264//264
f 259//259 255//255 260//260
f 260//260 255//255 257//257
f 260//260 257//257 302//302
f 302//302 257//257 303//303
f 302//302 303//303 304//304
f 304//304 303//303 305//305
f 304//304 305//305 306//306
f 306//306 305//305 307//307
f 306//306 307//307 308//308
f 308//308 307//307 309//309
f 308//308 309//309 310//310
f 310//310 309//309 311//311
f 310//310 311//311 312//312
f 312//312 311//311 313//313
f 312//312 313//313 314//314
f 314//314 313//313 315//315
f 314//314 315//315 316//316
f 316//316 315//315 317//317
f 316//316 317//317 318//318
f 318//318 317//317 319//319
f 318//318 319//319 320//320
f 320//320 319//319 321//321
f 320//320 321//321 322//322
f 322//322 321//321 323//323
f 322//322 323//323 324//324
f 324//324 323//323 325//325
f 324//324 325//325 326//326
f 326//326 325//325 327//327
f 326//326 327//327 328//328
f 328//328 327//327 175//175
f 329//329 330//330 331//331
f 331//331 330//330 332//332
f 331//331 332//332 333//333
f 333//333 332//332 334//334
f 333//333 334//334 335//335
f 335//335 334//334 336//336
f 335//335 336//336 337//337
f 337//337 336//336 338//338
f 337//337 338//338 339//339
f 339//339 338//338 340//340
f 339//339 340//340 341//341
f 341//341 340//340 342//342
f 341//341 342//342 343//343
f 343//343 342//342 344//344
f 343//343 344//344 345//345
f 345//345 344//344 346//346
f 345//345 346//346 347//347
f 347//347 346//346 348//348
f 347//347 348//348 349//349
f 349//349 348//348 350//350
f 349//349 350//350 351//351
f 351//351 350//350 352//352
f 351//351 352//352 353//353
f 353//353 352//352 354//354
f 353//353 354//354 355//355
f 355//355 354//354 356//356
f 355//355 356//356 357//357
f 357//357 356//356 173//173
f 358//358 359//359 360//360
f 360//360 359//359 361//361
f 360//360 361//361 362//362
f 362//362 361//361 363//363
f 362//362 363//363 364//364
f 364//364 363//363 365//365
f 364//364 365//365 366//366
f 366//366 365//365 367//367
f 366//366 367//367 368//368
f 368//368 367//367 369//369
f 368//368 369//369 370//370
f 370//370 369//369 371//371
f 370//370 371//371 372//372
f 372//372 371//371 373//373
f 372//372 373//373 374//374
f 374//374 373//373 375//375
f 374//374 375//375 376//376
f 376//376 375//375 377//377
f 376//376 377//377 378//378
f 378//378 377//377 379//379
f 378//378 379//379 380//380
f 380//380 379//379 381//381
f 380//380 381//381 382//382
f 382//382 381//381 383//383
f 382//382 383//383 384//384
f 384//384 383//383 385//385
f 384//384 385//385 386//386
f 386//386 385//385 387//387
f 386//386 387//387 388//388
f 388//388 387//387 172//172
f 244//244 240//240 245//245
f 245//245 240//240 242//242
f 245//245 242//242 389//389
f 389//389 242//242 390//390
f 389//389 390//390 391//391
f 391//391 390//390 392//392
f 391//391 392//392 393//393
f 393//393 392//392 394//394
f 393//393 394//394 395//395
f 395//395 394//394 396//396
f 395//395 396//396 397//397
f 397//397 396//396 398//398
f 397//397 398//398 399//399
f 399//399 398//398 400//400
f 399//399 400//400 401//401
f 401//401 400//400 402//402
f 401//401 402//402 403//403
f 403//403 402//402 404//404
f 403//403 404//404 405//405
f 405//405 404//404 406//406
f 405//405 406//406 407//407
f 407//407 406//406 408//408
f 407//407 408//408 409//409
f 409//409 408//408 410//410
f 409//409 410//410 411//411
f 411//411 410//410 412//412
f 411//411 412//412 413//413
f 413//413 412//412 414//414
f 413//413 414//414 415//415
f 415//415 414//414 170//170
f 238//238 416//416 239//239
f 239//239 416//416 417//417
f 239//239 417//417 418//418
f 418//418 417//417 419//419
f 418//418 419//419 420//420
f 420//420 419//419 421//421
f 420//420 421//421 422//422
f 422//422 421//421 423//423
f 422//422 423//423 424//424
f 424//424 423//423 425//425
f 424//424 425//425 426//426
f 426//426 425//425 427//427
f 426//426 427//427 428//428
f 428//428 427//427 429//429
f 428//428 429//429 430//430
f 430//430 429//429 431//431
f 430//430 431//431 432//432
f 432//432 431//431 433//433
f 432//432 433//433 434//434
f 434//434 433//433 435//435
f 434//434 435//435 436//436
f 436//436 435//435 437//437
f 436//436 437//437 438//438
f 438//438 437//437 439//439
f 438//438 439//439 440//440
f 440//440 439//439 441//441
f 440//440 441//441 442//442
f 442//442 441//441 443//443
f 442//442 443//443 444//444
f 444//444 443//443 169//169
f 445//445 225//225 446//446
f 446//446 225//225 227//227
f 446//446 227//227 447//447
f 447//447 227//227 448//448
f 447//447 448//448 449//449
f 449//449 448//448 450//450
f 449//449 450//450 451//451
f 451//451 450//450 452//452
f 451//451 452//452 453//453
f 453//453 452//452 454//454
f 453//453 454//454 455//455
f 455//455 454//454 456//456
f 455//455 456//456 457//457
f 457//457 456//456 458//458
f 457//457 458//458 459//459
f 459//459 458//458 460//460
f 459//459 460//460 461//461
f 461//461 460//460 462//462
f 461//461 462//462 463//463
f 463//463 462//462 464//464
f 463//463 464//464 465//465
f 465//465 464//464 466//466
f 465//465 466//466 467//467
f 467//467 466//466 468//468
f 467//467 468//468 469//469
f 469//469 468//468 470//470
f 469//469 470//470 471//471
f 471//471 470//470 472//472
f 471//471 472//472 473//473
f 473//473 472//472 165//165
f 217//217 474//474 218//218
f 218//218 474//474 475//475
f 218//218 475//475 476//476
f 476//476 475//475 477//477
f 476//476 477//477 478//478
f 478//478 477//477 479//479
f 478//478 479//479 480//480
f 480//480 479//479 481//481
f 480//480 481//481 482//482
f 482//482 481//481 483//483
f 482//482 483//483 484//484
f 484//484 483//483 485//485
f 484//484 485//485 486//486
f 486//486 485//485 487//487
f 486//486 487//487 488//488
f 488//488 487//487 489//489
f 488//488 489//489 490//490
f 490//490 489//489 491//491
f 490//490 491//491 492//492
f 492//492 491//491 493//493
f 492//492 493//493 494//494
f 494//494 493//493 495//495
f 494//494 495//495 496//496
f 496//496 495//495 497//497
f 496//496 497//497 498//498
f 498//498 497//497 499//499
f 498//498 499//499 500//500
f 500//500 499//499 501//501
f 500//500 501//501 502//502
f 502//502 501//501 162//162
f 503//503 504//504 505//505
f 505//505 504//504 506//506
f 505//505 506//506 507//507
f 507//507 506//506 508//508
f 507//507 508//508 509//509
f 509//509 508//508 510//510
f 509//509 510//510 511//511
f 511//511 510//510 512//512
f 511//511 512//512 513//513
f 513//513 512//512 514//514
f 513//513 514//514 515//515
f 515//515 514//514 516//516
f 515//515 516//516 517//517
f 517//517 516//516 518//518
f 517//517 518//518 519//519
f 519//519 518//518 520//520
f 519//519 520//520 521//521
f 521//521 520//520 522//522
f 521//521 522//522 523//523
f 523//523 522//522 524//524
f 523//523 524//524 525//525
f 525//525 524//524 526//526
f 525//525 526//526 527//527
f 527//527 526//526 528//528
f 527//527 528//528 529//529
f 529//529 528//528 530//530
f 529//529 530//530 531//531
f 531//531 530//530 161//161
f 532//532 270//270 533//533
f 533//533 270//270 209//209
f 533//533 209//209 534//534
f 534//534 209//209 535//535
f 534//534 535//535 536//536
f 536//536 535//535 537//537
f 536//536 537//537 538//538
f 538//538 537//537 539//539
f 538//538 539//539 540//540
f 540//540 539//539 541//541
f 540//540 541//541 542//542
f 542//542 541//541 543//543
f 542//542 543//543 544//544
f 544//544 543//543 545//545
f 544//544 545//545 546//546
f 546//546 545//545 547//547
f 546//546 547//547 548//548
f 548//548 547//547 549//549
f 548//548 549//549 550//550
f 550//550 549//549 551//551
f 550//550 551//551 552//552
f 552//552 551//551 553//553
f 552//552 553//553 554//554
f 554//554 553//553 555//555
f 554//554 555//555 556//556
f 556//556 555//555 557//557
f 556//556 557//557 558//558
f 558//558 557//557 559//559
f 558//558 559//559 560//560
f 560//560 559//559 159//159
f 205//205 561//561 206//206
f 206//206 561//561 562//562
f 206//206 562//562 563//563
f 563//563 562//562 564//564
f 563//563 564//564 565//565
f 565//565 564//564 566//566
f 565//565 566//566 567//567
f 567//567 566//566 568//568
f 567//567 568//568 569//569
f 569//569 568//568 570//570
f 569//569 570//570 571//571
f 571//571 570//570 572//572
f 571//571 572//572 573//573
f 573//573 572//572 574//574
f 573//573 574//574 575//575
f 575//575 574//574 576//576
f 575//575 576//576 577//577
f 577//577 576//576 578//578
f 577//577 578//578 579//579
f 579//579 578//578 580//580
f 579//579 580//580 581//581
f 581//581 580//580 582//582
f 581//581 582//582 583//583
f 583//583 582//582 584//584
f 583//583 584//584 585//585
f 585//585 584//584 586//586
f 585//585 586//586 587//587
f 587//587 586//586 588//588
f 587//587 588//588 589//589
f 589//589 588//588 158//158
f 590//590 591//591 592//592
f 592//592 591//591 593//593
f 592//592 593//593 594//594
f 594//594 593//593 595//595
f 594//594 595//595 596//596
f 596//596 595//595 597//597
f 596//596 597//597 598//598
f 598//598 597//597 599//599
f 598//598 599//599 600//600
f 600//600 599//599 601//601
f 600//600 601//601 602//602
f 602//602 601//601 603//603
f 602//602 603//603 604//604
f 604//604 603//603 605//605
f 604//604 605//605 606//606
f 606//606 605//605 607//607
f 606//606 607//607 608//608
f 608//608 607//607 609//609
f 608//608 609//609 610//610
f 610//610 609//609 611//611
f 610//610 611//611 612//612
f 612//612 611//611 613//613
f 612//612 613//613 614//614
f 614//614 613//613 615//615
f 614//614 615//615 616//616
f 616//616 615//615 617//617
f 616//616 617//617 618//618
f 618//618 617//617 619//619
f 618//618 619//619 620//620
f 620//620 619//619 156//156
f 621//621 195//195 622//622
f 622//622 195//195 197//197
f 622//622 197//197 623//623
f 623//623 197//197 624//624
f 623//623 624//624 625//625
f 625//625 624//624 626//626
f 625//625 626//626 627//627
f 627//627 626//626 628//628
f 627//627 628//628 629//629
f 629//629 628//628 630//630
f 629//629 630//630 631//631
f 631//631 630//630 632//632
f 631//631 632//632 633//633
f 633//633 632//632 634//634
f 633//633 634//634 635//635
f 635//635 634//634 636//636
f 635//635 636//636 637//637
f 637//637 636//636 638//638
f 637//637 638//638 639//639
f 639//639 638//638 640//640
f 639//639 640//640 641//641
f 641//641 640//640 642//642
f 641//641 642//642 643//643
f 643//643 642//642 644//644
f 643//643 644//644 645//645
f 645//645 644//644 646//646
f 645//645 646//646 647//647
f 647//647 646//646 648//648
f 647//647 648//648 649//649
f 649//649 648//648 155//155
f 187//187 650//650 188//188
f 188//188 650//650 651//651
f 188//188 651//651 652//652
f 652//652 651//651 653//653
f 652//652 653//653 654//654
f 654//654 653//653 655//655
f 654//654 655//655 656//656
f 656//656 655//655 657//657
f 656//656 657//657 658//658
f 658//658 657//657 659//659
f 658//658 659//659 660//660
f 660//660 659//659 661//661
f 660//660 661//661 662//662
f 662//662 661//661 663//663
f 662//662 663//663 664//664
f 664//664 663//663 665//665
f 664//664 665//665 666//666
f 666//666 665//665 667//667
f 666//666 667//667 668//668
f 668//668 667//667 669//669
f 668//668 669//669 670//670
f 670//670 669//669 671//671
f 670//670 671//671 672//672
f 672//672 671//671 673//673
f 672//672 673//673 674//674
f 674//674 673//673 675//675
f 674//674 675//675 676//676
f 676//676 675//675 677//677
f 676//676 677//677 678//678
f 678//678 677//677 151//151
f 679//679 264//264 680//680
f 680//680 264//264 301//301
f 680//680 301//301 681//681
f 681//681 301//301 300//300
f 681//681 300//300 682//682
f 682//682 300//300 298//298
f 682//682 298//298 683//683
f 683//683 298//298 296//296
f 683//683 296//296 684//684
f 684//684 296//296 294//294
f 684//684 294//294 685//685
f 685//685 294//294 292//292
f 685//685 292//292 686//686
f 686//686 292//292 290//290
f 686//686 290//290 687//687
f 687//687 290//290 288//288
f 687//687 288//288 688//688
f 688//688 288//288 286//286
f 688//688 286//286 689//689
f 689//689 286//286 284//284
f 689//689 284//284 690//690
f 690//690 284//284 282//282
f 690//690 282//282 691//691
f 691//691 282//282 280//280
f 691//691 280//280 692//692
f 692//692 280//280 278//278
f 692//692 278//278 693//693
f 693//693 278//278 276//276
f 693//693 276//276 694//694
f 694//694 276//276 274//274
f 694//694 274//274 83//83
f 83//83 274//274 78//78
f 176//176 81//81 274//274
f 274//274 81//81 79//79
f 274//274 79//79 78//78
f 74//74 82//82 695//695
f 695//695 82//82 176//176
f 695//695 176//176 696//696
f 696//696 176//176 275//275
f 696//696 275//275 697//697
f 697//697 275//275 277//277
f 697//697 277//277 698//698
f 698//698 277//277 279//279
f 698//698 279//279 699//699
f 699//699 279//279 281//281
f 699//699 281//281 700//700
f 700//700 281//281 283//283
f 700//700 283//283 701//701
f 701//701 283//283 285//285
f 701//701 285//285 702//702
f 702//702 285//285 287//287
f 702//702 287//287 703//703
f 703//703 287//287 289//289
f 703//703 289//289 704//704
f 704//704 289//289 291//291
f 704//704 291//291 705//705
f 705//705 291//291 293//293
f 705//705 293//293 706//706
f 706//706 293//293 295//295
f 706//706 295//295 707//707
f 707//707 295//295 297//297
f 707//707 297//297 708//708
f 708//708 297//297 299//299
f 708//708 299//299 709//709
f 709//709 299//299 263//263
f 709//709 263//263 710//710
f 710//710 263//263 262//262
f 710//710 258//258 709//709
f 709//709 258//258 260//260
f 709//709 260//260 708//708
f 708//708 260//260 302//302
f 708//708 302//302 707//707
f 707//707 302//302 304//304
f 707//707 304//304 706//706
f 706//706 304//304 306//306
f 706//706 306//306 705//705
f 705//705 306//306 308//308
f 705//705 308//308 704//704
f 704//704 308//308 310//310
f 704//704 310//310 703//703
f 703//703 310//310 312//312
f 703//703 312//312 702//702
f 702//702 312//312 314//314
f 702//702 314//314 701//701
f 701//701 314//314 316//316
f 701//701 316//316 700//700
f 700//700 316//316 318//318
f 700//700 318//318 699//699
f 699//699 318//318 320//320
f 699//699 320//320 698//698
f 698//698 320//320 322//322
f 698//698 322//322 697//697
f 697//697 322//322 324//324
f 697//697 324//324 696//696
f 696//696 324//324 326//326
f 696//696 326//326 695//695
f 695//695 326//326 328//328
f 695//695 328//328 74//74
f 74//74 328//328 75//75
f 175//175 77//77 328//328
f 328//328 77//77 76//76
f 328//328 76//76 75//75
f 69//69 71//71 711//711
f 711//711 71//71 175//175
f 711//711 175//175 712//712
f 712//712 175//175 327//327
f 712//712 327//327 713//713
f 713//713 327//327 325//325
f 713//713 325//325 714//714
f 714//714 325//325 323//323
f 714//714 323//323 715//715
f 715//715 323//323 321//321
f 715//715 321//321 716//716
f 716//716 321//321 319//319
f 716//716 319//319 717//717
f 717//717 319//319 317//317
f 717//717 317//317 718//718
f 718//718 317//317 315//315
f 718//718 315//315 719//719
f 719//719 315//315 313//313
f 719//719 313//313 720//720
f 720//720 313//313 311//311
f 720//720 311//311 721//721
f 721//721 311//311 309//309
f 721//721 309//309 722//722
f 722//722 309//309 307//307
f 722//722 307//307 723//723
f 723//723 307//307 305//305
f 723//723 305//305 724//724
f 724//724 305//305 303//303
f 724//724 303//303 725//725
f 725//725 303//303 257//257
f 725//725 257//257 726//726
f 726//726 257//257 256//256
f 726//726 252//252 725//725
f 725//725 252//252 254//254
f 725//725 254//254 724//724
f 724//724 254//254 727//727
f 724//724 727//727 723//723
f 723//723 727//727 728//728
f 723//723 728//728 722//722
f 722//722 728//728 729//729
f 722//722 729//729 721//721
f 721//721 729//729 730//730
f 721//721 730//730 720//720
f 720//720 730//730 731//731
f 720//720 731//731 719//719
f 719//719 731//731 732//732
f 719//719 732//732 718//718
f 718//718 732//732 733//733
f 718//718 733//733 717//717
f 717//717 733//733 734//734
f 717//717 734//734 716//716
f 716//716 734//734 735//735
f 716//716 735//735 715//715
f 715//715 735//735 736//736
f 715//715 736//736 714//714
f 714//714 736//736 737//737
f 714//714 737//737 713//713
f 713//713 737//737 738//738
f 713//713 738//738 712//712
f 712//712 738//738 739//739
f 712//712 739//739 711//711
f 711//711 739//739 174//174
f 711//711 174//174 69//69
f 69//69 174//174 13//13
f 68//68 14//14 357//357
f 357//357 14//14 174//174
f 357//357 174//174 355//355
f 355//355 174//174 739//739
f 355//355 739//739 353//353
f 353//353 739//739 738//738
f 353//353 738//738 351//351
f 351//351 738//738 737//737
f 351//351 737//737 349//349
f 349//349 737//737 736//736
f 349//349 736//736 347//347
f 347//347 736//736 735//735
f 347//347 735//735 345//345
f 345//345 735//735 734//734
f 345//345 734//734 343//343
f 343//343 734//734 733//733
f 343//343 733//733 341//341
f 341//341 733//733 732//732
f 341//341 732//732 339//339
f 339//339 732//732 731//731
f 339//339 731//731 337//337
f 337//337 731//731 730//730
f 337//337 730//730 335//335
f 335//335 730//730 729//729
f 335//335 729//729 333//333
f 333//333 729//729 728//728
f 333//333 728//728 331//331
f 331//331 728//728 727//727
f 331//331 727//727 329//329
f 329//329 727//727 254//254
f 329//329 254//254 740//740
f 740//740 254//254 253//253
f 173//173 65//65 357//357
f 357//357 65//65 67//67
f 357//357 67//67 68//68
f 60//60 59//59 741//741
f 741//741 59//59 173//173
f 741//741 173//173 742//742
f 742//742 173//173 356//356
f 742//742 356//356 743//743
f 743//743 356//356 354//354
f 743//743 354//354 744//744
f 744//744 354//354 352//352
f 744//744 352//352 745//745
f 745//745 352//352 350//350
f 745//745 350//350 746//746
f 746//746 350//350 348//348
f 746//746 348//348 747//747
f 747//747 348//348 346//346
f 747//747 346//346 748//748
f 748//748 346//346 344//344
f 748//748 344//344 749//749
f 749//749 344//344 342//342
f 749//749 342//342 750//750
f 750//750 342//342 340//340
f 750//750 340//340 751//751
f 751//751 340//340 338//338
f 751//751 338//338 752//752
f 752//752 338//338 336//336
f 752//752 336//336 753//753
f 753//753 336//336 334//334
f 753//753 334//334 754//754
f 754//754 334//334 332//332
f 754//754 332//332 251//251
f 251//251 332//332 330//330
f 251//251 330//330 265//265
f 265//265 330//330 329//329
f 265//265 329//329 755//755
f 755//755 329//329 740//740
f 250//250 358//358 251//251
f 251//251 358//358 360//360
f 251//251 360//360 754//754
f 754//754 360//360 362//362
f 754//754 362//362 753//753
f 753//753 362//362 364//364
f 753//753 364//364 752//752
f 752//752 364//364 366//366
f 752//752 366//366 751//751
f 751//751 366//366 368//368
f 751//751 368//368 750//750
f 750//750 368//368 370//370
f 750//750 370//370 749//749
f 749//749 370//370 372//372
f 749//749 372//372 748//748
f 748//748 372//372 374//374
f 748//748 374//374 747//747
f 747//747 374//374 376//376
f 747//747 376//376 746//746
f 746//746 376//376 378//378
f 746//746 378//378 745//745
f 745//745 378//378 380//380
f 745//745 380//380 744//744
f 744//744 380//380 382//382
f 744//744 382//382 743//743
f 743//743 382//382 384//384
f 743//743 384//384 742//742
f 742//742 384//384 386//386
f 742//742 386//386 741//741
f 741//741 386//386 388//388
f 741//741 388//388 60//60
f 60//60 388//388 62//62
f 172//172 64//64 388//388
f 388//388 64//64 63//63
f 388//388 63//63 62//62
f 55//55 57//57 756//756
f 756//756 57//57 172//172
f 756//756 172//172 757//757
f 757//757 172//172 387//387
f 757//757 387//387 758//758
f 758//758 387//387 385//385
f 758//758 385//385 759//759
f 759//759 385//385 383//383
f 759//759 383//383 760//760
f 760//760 383//383 381//381
f 760//760 381//381 761//761
f 761//761 381//381 379//379
f 761//761 379//379 762//762
f 762//762 379//379 377//377
f 762//762 377//377 763//763
f 763//763 377//377 375//375
f 763//763 375//375 764//764
f 764//764 375//375 373//373
f 764//764 373//373 765//765
f 765//765 373//373 371//371
f 765//765 371//371 766//766
f 766//766 371//371 369//369
f 766//766 369//369 767//767
f 767//767 369//369 367//367
f 767//767 367//367 768//768
f 768//768 367//367 365//365
f 768//768 365//365 769//769
f 769//769 365//365 363//363
f 769//769 363//363 248//248
f 248//248 363//363 361//361
f 248//248 361//361 266//266
f 266//266 361//361 359//359
f 247//247 770//770 248//248
f 248//248 770//770 771//771
f 248//248 771//771 769//769
f 769//769 771//771 772//772
f 769//769 772//772 768//768
f 768//768 772//772 773//773
f 768//768 773//773 767//767
f 767//767 773//773 774//774
f 767//767 774//774 766//766
f 766//766 774//774 775//775
f 766//766 775//775 765//765
f 765//765 775//775 776//776
f 765//765 776//776 764//764
f 764//764 776//776 777//777
f 764//764 777//777 763//763
f 763//763 777//777 778//778
f 763//763 778//778 762//762
f 762//762 778//778 779//779
f 762//762 779//779 761//761
f 761//761 779//779 780//780
f 761//761 780//780 760//760
f 760//760 780//780 781//781
f 760//760 781//781 759//759
f 759//759 781//781 782//782
f 759//759 782//782 758//758
f 758//758 782//782 783//783
f 758//758 783//783 757//757
f 757//757 783//783 784//784
f 757//757 784//784 756//756
f 756//756 784//784 171//171
f 756//756 171//171 55//55
f 55//55 171//171 16//16
f 54//54 17//17 415//415
f 415//415 17//17 171//171
f 415//415 171//171 413//413
f 413//413 171//171 784//784
f 413//413 784//784 411//411
f 411//411 784//784 783//783
f 411//411 783//783 409//409
f 409//409 783//783 782//782
f 409//409 782//782 407//407
f 407//407 782//782 781//781
f 407//407 781//781 405//405
f 405//405 781//781 780//780
f 405//405 780//780 403//403
f 403//403 780//780 779//779
f 403//403 779//779 401//401
f 401//401 779//779 778//778
f 401//401 778//778 399//399
f 399//399 778//778 777//777
f 399//399 777//777 397//397
f 397//397 777//777 776//776
f 397//397 776//776 395//395
f 395//395 776//776 775//775
f 395//395 775//775 393//393
f 393//393 775//775 774//774
f 393//393 774//774 391//391
f 391//391 774//774 773//773
f 391//391 773//773 389//389
f 389//389 773//773 772//772
f 389//389 772//772 245//245
f 245//245 772//772 771//771
f 245//245 771//771 243//243
f 243//243 771//771 770//770
f 170//170 51//51 415//415
f 415//415 51//51 53//53
f 415//415 53//53 54//54
f 49//49 48//48 785//785
f 785//785 48//48 170//170
f 785//785 170//170 786//786
f 786//786 170//170 414//414
f 786//786 414//414 787//787
f 787//787 414//414 412//412
f 787//787 412//412 788//788
f 788//788 412//412 410//410
f 788//788 410//410 789//789
f 789//789 410//410 408//408
f 789//789 408//408 790//790
f 790//790 408//408 406//406
f 790//790 406//406 791//791
f 791//791 406//406 404//404
f 791//791 404//404 792//792
f 792//792 404//404 402//402
f 792//792 402//402 793//793
f 793//793 402//402 400//400
f 793//793 400//400 794//794
f 794//794 400//400 398//398
f 794//794 398//398 795//795
f 795//795 398//398 396//396
f 795//795 396//396 796//796
f 796//796 396//396 394//394
f 796//796 394//394 797//797
f 797//797 394//394 392//392
f 797//797 392//392 798//798
f 798//798 392//392 390//390
f 798//798 390//390 799//799
f 799//799 390//390 242//242
f 799//799 242//242 800//800
f 800//800 242//242 241//241
f 800//800 237//237 799//799
f 799//799 237//237 239//239
f 799//799 239//239 798//798
f 798//798 239//239 418//418
f 798//798 418//418 797//797
f 797//797 418//418 420//420
f 797//797 420//420 796//796
f 796//796 420//420 422//422
f 796//796 422//422 795//795
f 795//795 422//422 424//424
f 795//795 424//424 794//794
f 794//794 424//424 426//426
f 794//794 426//426 793//793
f 793//793 426//426 428//428
f 793//793 428//428 792//792
f 792//792 428//428 430//430
f 792//792 430//430 791//791
f 791//791 430//430 432//432
f 791//791 432//432 790//790
f 790//790 432//432 434//434
f 790//790 434//434 789//789
f 789//789 434//434 436//436
f 789//789 436//436 788//788
f 788//788 436//436 438//438
f 788//788 438//438 787//787
f 787//787 438//438 440//440
f 787//787 440//440 786//786
f 786//786 440//440 442//442
f 786//786 442//442 785//785
f 785//785 442//442 444//444
f 785//785 444//444 49//49
f 49//49 444//444 50//50
f 169//169 44//44 444//444
f 444//444 44//44 46//46
f 444//444 46//46 50//50
f 41//41 43//43 801//801
f 801//801 43//43 169//169
f 801//801 169//169 802//802
f 802//802 169//169 443//443
f 802//802 443//443 803//803
f 803//803 443//443 441//441
f 803//803 441//441 804//804
f 804//804 441//441 439//439
f 804//804 439//439 805//805
f 805//805 439//439 437//437
f 805//805 437//437 806//806
f 806//806 437//437 435//435
f 806//806 435//435 807//807
f 807//807 435//435 433//433
f 807//807 433//433 808//808
f 808//808 433//433 431//431
f 808//808 431//431 809//809
f 809//809 431//431 429//429
f 809//809 429//429 810//810
f 810//810 429//429 427//427
f 810//810 427//427 811//811
f 811//811 427//427 425//425
f 811//811 425//425 812//812
f 812//812 425//425 423//423
f 812//812 423//423 813//813
f 813//813 423//423 421//421
f 813//813 421//421 814//814
f 814//814 421//421 419//419
f 814//814 419//419 815//815
f 815//815 419//419 417//417
f 815//815 417//417 816//816
f 816//816 417//417 416//416
f 816//816 267//267 815//815
f 815//815 267//267 236//236
f 815//815 236//236 814//814
f 814//814 236//236 817//817
f 814//814 817//817 813//813
f 813//813 817//817 818//818
f 813//813 818//818 812//812
f 812//812 818//818 819//819
f 812//812 819//819 811//811
f 811//811 819//819 820//820
f 811//811 820//820 810//810
f 810//810 820//820 821//821
f 810//810 821//821 809//809
f 809//809 821//821 822//822
f 809//809 822//822 808//808
f 808//808 822//822 823//823
f 808//808 823//823 807//807
f 807//807 823//823 824//824
f 807//807 824//824 806//806
f 806//806 824//824 825//825
f 806//806 825//825 805//805
f 805//805 825//825 826//826
f 805//805 826//826 804//804
f 804//804 826//826 827//827
f 804//804 827//827 803//803
f 803//803 827//827 828//828
f 803//803 828//828 802//802
f 802//802 828//828 829//829
f 802//802 829//829 801//801
f 801//801 829//829 168//168
f 801//801 168//168 41//41
f 41//41 168//168 19//19
f 40//40 20//20 167//167
f 167//167 20//20 168//168
f 167//167 168//168 830//830
f 830//830 168//168 829//829
f 830//830 829//829 831//831
f 831//831 829//829 828//828
f 831//831 828//828 832//832
f 832//832 828//828 827//827
f 832//832 827//827 833//833
f 833//833 827//827 826//826
f 833//833 826//826 834//834
f 834//834 826//826 825//825
f 834//834 825//825 835//835
f 835//835 825//825 824//824
f 835//835 824//824 836//836
f 836//836 824//824 823//823
f 836//836 823//823 837//837
f 837//837 823//823 822//822
f 837//837 822//822 838//838
f 838//838 822//822 821//821
f 838//838 821//821 839//839
f 839//839 821//821 820//820
f 839//839 820//820 840//840
f 840//840 820//820 819//819
f 840//840 819//819 841//841
f 841//841 819//819 818//818
f 841//841 818//818 842//842
f 842//842 818//818 817//817
f 842//842 817//817 843//843
f 843//843 817//817 236//236
f 843//843 236//236 844//844
f 844//844 236//236 235//235
f 37//37 39//39 166//166
f 166//166 39//39 167//167
f 166//166 167//167 845//845
f 845//845 167//167 830//830
f 845//845 830//830 846//846
f 846//846 830//830 831//831
f 846//846 831//831 847//847
f 847//847 831//831 832//832
f 847//847 832//832 848//848
f 848//848 832//832 833//833
f 848//848 833//833 849//849
f 849//849 833//833 834//834
f 849//849 834//834 850//850
f 850//850 834//834 835//835
f 850//850 835//835 851//851
f 851//851 835//835 836//836
f 851//851 836//836 852//852
f 852//852 836//836 837//837
f 852//852 837//837 853//853
f 853//853 837//837 838//838
f 853//853 838//838 854//854
f 854//854 838//838 839//839
f 854//854 839//839 855//855
f 855//855 839//839 840//840
f 855//855 840//840 856//856
f 856//856 840//840 841//841
f 856//856 841//841 857//857
f 857//857 841//841 842//842
f 857//857 842//842 233//233
f 233//233 842//842 843//843
f 233//233 843//843 231//231
f 231//231 843//843 844//844
f 35//35 34//34 858//858
f 858//858 34//34 166//166
f 858//858 166//166 859//859
f 859//859 166//166 845//845
f 859//859 845//845 860//860
f 860//860 845//845 846//846
f 860//860 846//846 861//861
f 861//861 846//846 847//847
f 861//861 847//847 862//862
f 862//862 847//847 848//848
f 862//862 848//848 863//863
f 863//863 848//848 849//849
f 863//863 849//849 864//864
f 864//864 849//849 850//850
f 864//864 850//850 865//865
f 865//865 850//850 851//851
f 865//865 851//851 866//866
f 866//866 851//851 852//852
f 866//866 852//852 867//867
f 867//867 852//852 853//853
f 867//867 853//853 868//868
f 868//868 853//853 854//854
f 868//868 854//854 869//869
f 869//869 854//854 855//855
f 869//869 855//855 870//870
f 870//870 855//855 856//856
f 870//870 856//856 871//871
f 871//871 856//856 857//857
f 871//871 857//857 230//230
f 230//230 857//857 233//233
f 230//230 233//233 228//228
f 228//228 233//233 232//232
f 229//229 445//445 230//230
f 230//230 445//445 446//446
f 230//230 446//446 871//871
f 871//871 446//446 447//447
f 871//871 447//447 870//870
f 870//870 447//447 449//449
f 870//870 449//449 869//869
f 869//869 449//449 451//451
f 869//869 451//451 868//868
f 868//868 451//451 453//453
f 868//868 453//453 867//867
f 867//867 453//453 455//455
f 867//867 455//455 866//866
f 866//866 455//455 457//457
f 866//866 457//457 865//865
f 865//865 457//457 459//459
f 865//865 459//459 864//864
f 864//864 459//459 461//461
f 864//864 461//461 863//863
f 863//863 461//461 463//463
f 863//863 463//463 862//862
f 862//862 463//463 465//465
f 862//862 465//465 861//861
f 861//861 465//465 467//467
f 861//861 467//467 860//860
f 860//860 467//467 469//469
f 860//860 469//469 859//859
f 859//859 469//469 471//471
f 859//859 471//471 858//858
f 858//858 471//471 473//473
f 858//858 473//473 35//35
f 35//35 473//473 36//36
f 165//165 30//30 473//473
f 473//473 30//30 32//32
f 473//473 32//32 36//36
f 27//27 29//29 872//872
f 872//872 29//29 165//165
f 872//872 165//165 873//873
f 873//873 165//165 472//472
f 873//873 472//472 874//874
f 874//874 472//472 470//470
f 874//874 470//470 875//875
f 875//875 470//470 468//468
f 875//875 468//468 876//876
f 876//876 468//468 466//466
f 876//876 466//466 877//877
f 877//877 466//466 464//464
f 877//877 464//464 878//878
f 878//878 464//464 462//462
f 878//878 462//462 879//879
f 879//879 462//462 460//460
f 879//879 460//460 880//880
f 880//880 460//460 458//458
f 880//880 458//458 881//881
f 881//881 458//458 456//456
f 881//881 456//456 882//882
f 882//882 456//456 454//454
f 882//882 454//454 883//883
f 883//883 454//454 452//452
f 883//883 452//452 884//884
f 884//884 452//452 450//450
f 884//884 450//450 885//885
f 885//885 450//450 448//448
f 885//885 448//448 886//886
f 886//886 448//448 227//227
f 886//886 227//227 887//887
f 887//887 227//227 226//226
f 887//887 888//888 886//886
f 886//886 888//888 889//889
f 886//886 889//889 885//885
f 885//885 889//889 890//890
f 885//885 890//890 884//884
f 884//884 890//890 891//891
f 884//884 891//891 883//883
f 883//883 891//891 892//892
f 883//883 892//892 882//882
f 882//882 892//892 893//893
f 882//882 893//893 881//881
f 881//881 893//893 894//894
f 881//881 894//894 880//880
f 880//880 894//894 895//895
f 880//880 895//895 879//879
f 879//879 895//895 896//896
f 879//879 896//896 878//878
f 878//878 896//896 897//897
f 878//878 897//897 877//877
f 877//877 897//897 898//898
f 877//877 898//898 876//876
f 876//876 898//898 899//899
f 876//876 899//899 875//875
f 875//875 899//899 900//900
f 875//875 900//900 874//874
f 874//874 900//900 901//901
f 874//874 901//901 873//873
f 873//873 901//901 902//902
f 873//873 902//902 872//872
f 872//872 902//902 164//164
f 872//872 164//164 27//27
f 27//27 164//164 26//26
f 22//22 24//24 163//163
f 163//163 24//24 164//164
f 163//163 164//164 903//903
f 903//903 164//164 902//902
f 903//903 902//902 904//904
f 904//904 902//902 901//901
f 904//904 901//901 905//905
f 905//905 901//901 900//900
f 905//905 900//900 906//906
f 906//906 900//900 899//899
f 906//906 899//899 907//907
f 907//907 899//899 898//898
f 907//907 898//898 908//908
f 908//908 898//898 897//897
f 908//908 897//897 909//909
f 909//909 897//897 896//896
f 909//909 896//896 910//910
f 910//910 896//896 895//895
f 910//910 895//895 911//911
f 911//911 895//895 894//894
f 911//911 894//894 912//912
f 912//912 894//894 893//893
f 912//912 893//893 913//913
f 913//913 893//893 892//892
f 913//913 892//892 914//914
f 914//914 892//892 891//891
f 914//914 891//891 915//915
f 915//915 891//891 890//890
f 915//915 890//890 224//224
f 224//224 890//890 889//889
f 224//224 889//889 268//268
f 268//268 889//889 888//888
f 145//145 144//144 916//916
f 916//916 144//144 163//163
f 916//916 163//163 917//917
f 917//917 163//163 903//903
f 917//917 903//903 918//918
f 918//918 903//903 904//904
f 918//918 904//904 919//919
f 919//919 904//904 905//905
f 919//919 905//905 920//920
f 920//920 905//905 906//906
f 920//920 906//906 921//921
f 921//921 906//906 907//907
f 921//921 907//907 922//922
f 922//922 907//907 908//908
f 922//922 908//908 923//923
f 923//923 908//908 909//909
f 923//923 909//909 924//924
f 924//924 909//909 910//910
f 924//924 910//910 925//925
f 925//925 910//910 911//911
f 925//925 911//911 926//926
f 926//926 911//911 912//912
f 926//926 912//912 927//927
f 927//927 912//912 913//913
f 927//927 913//913 928//928
f 928//928 913//913 914//914
f 928//928 914//914 929//929
f 929//929 914//914 915//915
f 929//929 915//915 930//930
f 930//930 915//915 224//224
f 930//930 224//224 931//931
f 931//931 224//224 223//223
f 931//931 219//219 930//930
f 930//930 219//219 221//221
f 930//930 221//221 929//929
f 929//929 221//221 932//932
f 929//929 932//932 928//928
f 928//928 932//932 933//933
f 928//928 933//933 927//927
f 927//927 933//933 934//934
f 927//927 934//934 926//926
f 926//926 934//934 935//935
f 926//926 935//935 925//925
f 925//925 935//935 936//936
f 925//925 936//936 924//924
f 924//924 936//936 937//937
f 924//924 937//937 923//923
f 923//923 937//937 938//938
f 923//923 938//938 922//922
f 922//922 938//938 939//939
f 922//922 939//939 921//921
f 921//921 939//939 940//940
f 921//921 940//940 920//920
f 920//920 940//940 941//941
f 920//920 941//941 919//919
f 919//919 941//941 942//942
f 919//919 942//942 918//918
f 918//918 942//942 943//943
f 918//918 943//943 917//917
f 917//917 943//943 944//944
f 917//917 944//944 916//916
f 916//916 944//944 945//945
f 916//916 945//945 145//145
f 145//145 945//945 147//147
f 220//220 216//216 221//221
f 221//221 216//216 218//218
f 221//221 218//218 932//932
f 932//932 218//218 476//476
f 932//932 476//476 933//933
f 933//933 476//476 478//478
f 933//933 478//478 934//934
f 934//934 478//478 480//480
f 934//934 480//480 935//935
f 935//935 480//480 482//482
f 935//935 482//482 936//936
f 936//936 482//482 484//484
f 936//936 484//484 937//937
f 937//937 484//484 486//486
f 937//937 486//486 938//938
f 938//938 486//486 488//488
f 938//938 488//488 939//939
f 939//939 488//488 490//490
f 939//939 490//490 940//940
f 940//940 490//490 492//492
f 940//940 492//492 941//941
f 941//941 492//492 494//494
f 941//941 494//494 942//942
f 942//942 494//494 496//496
f 942//942 496//496 943//943
f 943//943 496//496 498//498
f 943//943 498//498 944//944
f 944//944 498//498 500//500
f 944//944 500//500 945//945
f 945//945 500//500 502//502
f 945//945 502//502 147//147
f 147//147 502//502 148//148
f 162//162 141//141 502//502
f 502//502 141//141 143//143
f 502//502 143//143 148//148
f 136//136 135//135 946//946
f 946//946 135//135 162//162
f 946//946 162//162 947//947
f 947//947 162//162 501//501
f 947//947 501//501 948//948
f 948//948 501//501 499//499
f 948//948 499//499 949//949
f 949//949 499//499 497//497
f 949//949 497//497 950//950
f 950//950 497//497 495//495
f 950//950 495//495 951//951
f 951//951 495//495 493//493
f 951//951 493//493 952//952
f 952//952 493//493 491//491
f 952//952 491//491 953//953
f 953//953 491//491 489//489
f 953//953 489//489 954//954
f 954//954 489//489 487//487
f 954//954 487//487 955//955
f 955//955 487//487 485//485
f 955//955 485//485 956//956
f 956//956 485//485 483//483
f 956//956 483//483 957//957
f 957//957 483//483 481//481
f 957//957 481//481 958//958
f 958//958 481//481 479//479
f 958//958 479//479 959//959
f 959//959 479//479 477//477
f 959//959 477//477 215//215
f 215//215 477//477 475//475
f 215//215 475//475 213//213
f 213//213 475//475 474//474
f 214//214 960//960 215//215
f 215//215 960//960 503//503
f 215//215 503//503 959//959
f 959//959 503//503 505//505
f 959//959 505//505 958//958
f 958//958 505//505 507//507
f 958//958 507//507 957//957
f 957//957 507//507 509//509
f 957//957 509//509 956//956
f 956//956 509//509 511//511
f 956//956 511//511 955//955
f 955//955 511//511 513//513
f 955//955 513//513 954//954
f 954//954 513//513 515//515
f 954//954 515//515 953//953
f 953//953 515//515 517//517
f 953//953 517//517 952//952
f 952//952 517//517 519//519
f 952//952 519//519 951//951
f 951//951 519//519 521//521
f 951//951 521//521 950//950
f 950//950 521//521 523//523
f 950//950 523//523 949//949
f 949//949 523//523 525//525
f 949//949 525//525 948//948
f 948//948 525//525 527//527
f 948//948 527//527 947//947
f 947//947 527//527 529//529
f 947//947 529//529 946//946
f 946//946 529//529 531//531
f 946//946 531//531 136//136
f 136//136 531//531 138//138
f 161//161 140//140 531//531
f 531//531 140//140 139//139
f 531//531 139//139 138//138
f 131//131 133//133 961//961
f 961//961 133//133 161//161
f 961//961 161//161 962//962
f 962//962 161//161 530//530
f 962//962 530//530 963//963
f 963//963 530//530 528//528
f 963//963 528//528 964//964
f 964//964 528//528 526//526
f 964//964 526//526 965//965
f 965//965 526//526 524//524
f 965//965 524//524 966//966
f 966//966 524//524 522//522
f 966//966 522//522 967//967
f 967//967 522//522 520//520
f 967//967 520//520 968//968
f 968//968 520//520 518//518
f 968//968 518//518 969//969
f 969//969 518//518 516//516
f 969//969 516//516 970//970
f 970//970 516//516 514//514
f 970//970 514//514 971//971
f 971//971 514//514 512//512
f 971//971 512//512 972//972
f 972//972 512//512 510//510
f 972//972 510//510 973//973
f 973//973 510//510 508//508
f 973//973 508//508 974//974
f 974//974 508//508 506//506
f 974//974 506//506 212//212
f 212//212 506//506 504//504
f 212//212 504//504 269//269
f 269//269 504//504 503//503
f 269//269 503//503 975//975
f 975//975 503//503 960//960
f 211//211 976//976 212//212
f 212//212 976//976 977//977
f 212//212 977//977 974//974
f 974//974 977//977 978//978
f 974//974 978//978 973//973
f 973//973 978//978 979//979
f 973//973 979//979 972//972
f 972//972 979//979 980//980
f 972//972 980//980 971//971
f 971//971 980//980 981//981
f 971//971 981//981 970//970
f 970//970 981//981 982//982
f 970//970 982//982 969//969
f 969//969 982//982 983//983
f 969//969 983//983 968//968
f 968//968 983//983 984//984
f 968//968 984//984 967//967
f 967//967 984//984 985//985
f 967//967 985//985 966//966
f 966//966 985//985 986//986
f 966//966 986//986 965//965
f 965//965 986//986 987//987
f 965//965 987//987 964//964
f 964//964 987//987 988//988
f 964//964 988//988 963//963
f 963//963 988//988 989//989
f 963//963 989//989 962//962
f 962//962 989//989 990//990
f 962//962 990//990 961//961
f 961//961 990//990 160//160
f 961//961 160//160 131//131
f 131//131 160//160 1//1
f 130//130 2//2 560//560
f 560//560 2//2 160//160
f 560//560 160//160 558//558
f 558//558 160//160 990//990
f 558//558 990//990 556//556
f 556//556 990//990 989//989
f 556//556 989//989 554//554
f 554//554 989//989 988//988
f 554//554 988//988 552//552
f 552//552 988//988 987//987
f 552//552 987//987 550//550
f 550//550 987//987 986//986
f 550//550 986//986 548//548
f 548//548 986//986 985//985
f 548//548 985//985 546//546
f 546//546 985//985 984//984
f 546//546 984//984 544//544
f 544//544 984//984 983//983
f 544//544 983//983 542//542
f 542//542 983//983 982//982
f 542//542 982//982 540//540
f 540//540 982//982 981//981
f 540//540 981//981 538//538
f 538//538 981//981 980//980
f 538//538 980//980 536//536
f 536//536 980//980 979//979
f 536//536 979//979 534//534
f 534//534 979//979 978//978
f 534//534 978//978 533//533
f 533//533 978//978 977//977
f 533//533 977//977 532//532
f 532//532 977//977 976//976
f 159//159 127//127 560//560
f 560//560 127//127 129//129
f 560//560 129//129 130//130
f 122//122 121//121 991//991
f 991//991 121//121 159//159
f 991//991 159//159 992//992
f 992//992 159//159 559//559
f 992//992 559//559 993//993
f 993//993 559//559 557//557
f 993//993 557//557 994//994
f 994//994 557//557 555//555
f 994//994 555//555 995//995
f 995//995 555//555 553//553
f 995//995 553//553 996//996
f 996//996 553//553 551//551
f 996//996 551//551 997//997
f 997//997 551//551 549//549
f 997//997 549//549 998//998
f 998//998 549//549 547//547
f 998//998 547//547 999//999
f 999//999 547//547 545//545
f 999//999 545//545 1000//1000
f 1000//1000 545//545 543//543
f 1000//1000 543//543 1001//1001
f 1001//1001 543//543 541//541
f 1001//1001 541//541 1002//1002
f 1002//1002 541//541 539//539
f 1002//1002 539//539 1003//1003
f 1003//1003 539//539 537//537
f 1003//1003 537//537 1004//1004
f 1004//1004 537//537 535//535
f 1004//1004 535//535 1005//1005
f 1005//1005 535//535 209//209
f 1005//1005 209//209 1006//1006
f 1006//1006 209//209 208//208
f 1006//1006 204//204 1005//1005
f 1005//1005 204//204 206//206
f 1005//1005 206//206 1004//1004
f 1004//1004 206//206 563//563
f 1004//1004 563//563 1003//1003
f 1003//1003 563//563 565//565
f 1003//1003 565//565 1002//1002
f 1002//1002 565//565 567//567
f 1002//1002 567//567 1001//1001
f 1001//1001 567//567 569//569
f 1001//1001 569//569 1000//1000
f 1000//1000 569//569 571//571
f 1000//1000 571//571 999//999
f 999//999 571//571 573//573
f 999//999 573//573 998//998
f 998//998 573//573 575//575
f 998//998 575//575 997//997
f 997//997 575//575 577//577
f 997//997 577//577 996//996
f 996//996 577//577 579//579
f 996//996 579//579 995//995
f 995//995 579//579 581//581
f 995//995 581//581 994//994
f 994//994 581//581 583//583
f 994//994 583//583 993//993
f 993//993 583//583 585//585
f 993//993 585//585 992//992
f 992//992 585//585 587//587
f 992//992 587//587 991//991
f 991//991 587//587 589//589
f 991//991 589//589 122//122
f 122//122 589//589 124//124
f 158//158 126//126 589//589
f 589//589 126//126 125//125
f 589//589 125//125 124//124
f 117//117 119//119 1007//1007
f 1007//1007 119//119 158//158
f 1007//1007 158//158 1008//1008
f 1008//1008 158//158 588//588
f 1008//1008 588//588 1009//1009
f 1009//1009 588//588 586//586
f 1009//1009 586//586 1010//1010
f 1010//1010 586//586 584//584
f 1010//1010 584//584 1011//1011
f 1011//1011 584//584 582//582
f 1011//1011 582//582 1012//1012
f 1012//1012 582//582 580//580
f 1012//1012 580//580 1013//1013
f 1013//1013 580//580 578//578
f 1013//1013 578//578 1014//1014
f 1014//1014 578//578 576//576
f 1014//1014 576//576 1015//1015
f 1015//1015 576//576 574//574
f 1015//1015 574//574 1016//1016
f 1016//1016 574//574 572//572
f 1016//1016 572//572 1017//1017
f 1017//1017 572//572 570//570
f 1017//1017 570//570 1018//1018
f 1018//1018 570//570 568//568
f 1018//1018 568//568 1019//1019
f 1019//1019 568//568 566//566
f 1019//1019 566//566 1020//1020
f 1020//1020 566//566 564//564
f 1020//1020 564//564 1021//1021
f 1021//1021 564//564 562//562
f 561//561 1022//1022 562//562
f 562//562 1022//1022 271//271
f 562//562 271//271 1021//1021
f 1021//1021 271//271 203//203
f 1021//1021 203//203 1020//1020
f 1020//1020 203//203 1023//1023
f 1020//1020 1023//1023 1019//1019
f 1019//1019 1023//1023 1024//1024
f 1019//1019 1024//1024 1018//1018
f 1018//1018 1024//1024 1025//1025
f 1018//1018 1025//1025 1017//1017
f 1017//1017 1025//1025 1026//1026
f 1017//1017 1026//1026 1016//1016
f 1016//1016 1026//1026 1027//1027
f 1016//1016 1027//1027 1015//1015
f 1015//1015 1027//1027 1028//1028
f 1015//1015 1028//1028 1014//1014
f 1014//1014 1028//1028 1029//1029
f 1014//1014 1029//1029 1013//1013
f 1013//1013 1029//1029 1030//1030
f 1013//1013 1030//1030 1012//1012
f 1012//1012 1030//1030 1031//1031
f 1012//1012 1031//1031 1011//1011
f 1011//1011 1031//1031 1032//1032
f 1011//1011 1032//1032 1010//1010
f 1010//1010 1032//1032 1033//1033
f 1010//1010 1033//1033 1009//1009
f 1009//1009 1033//1033 1034//1034
f 1009//1009 1034//1034 1008//1008
f 1008//1008 1034//1034 1035//1035
f 1008//1008 1035//1035 1007//1007
f 1007//1007 1035//1035 157//157
f 1007//1007 157//157 117//117
f 117//117 157//157 4//4
f 116//116 5//5 620//620
f 620//620 5//5 157//157
f 620//620 157//157 618//618
f 618//618 157//157 1035//1035
f 618//618 1035//1035 616//616
f 616//616 1035//1035 1034//1034
f 616//616 1034//1034 614//614
f 614//614 1034//1034 1033//1033
f 614//614 1033//1033 612//612
f 612//612 1033//1033 1032//1032
f 612//612 1032//1032 610//610
f 610//610 1032//1032 1031//1031
f 610//610 1031//1031 608//608
f 608//608 1031//1031 1030//1030
f 608//608 1030//1030 606//606
f 606//606 1030//1030 1029//1029
f 606//606 1029//1029 604//604
f 604//604 1029//1029 1028//1028
f 604//604 1028//1028 602//602
f 602//602 1028//1028 1027//1027
f 602//602 1027//1027 600//600
f 600//600 1027//1027 1026//1026
f 600//600 1026//1026 598//598
f 598//598 1026//1026 1025//1025
f 598//598 1025//1025 596//596
f 596//596 1025//1025 1024//1024
f 596//596 1024//1024 594//594
f 594//594 1024//1024 1023//1023
f 594//594 1023//1023 592//592
f 592//592 1023//1023 203//203
f 592//592 203//203 590//590
f 590//590 203//203 202//202
f 156//156 113//113 620//620
f 620//620 113//113 115//115
f 620//620 115//115 116//116
f 111//111 110//110 1036//1036
f 1036//1036 110//110 156//156
f 1036//1036 156//156 1037//1037
f 1037//1037 156//156 619//619
f 1037//1037 619//619 1038//1038
f 1038//1038 619//619 617//617
f 1038//1038 617//617 1039//1039
f 1039//1039 617//617 615//615
f 1039//1039 615//615 1040//1040
f 1040//1040 615//615 613//613
f 1040//1040 613//613 1041//1041
f 1041//1041 613//613 611//611
f 1041//1041 611//611 1042//1042
f 1042//1042 611//611 609//609
f 1042//1042 609//609 1043//1043
f 1043//1043 609//609 607//607
f 1043//1043 607//607 1044//1044
f 1044//1044 607//607 605//605
f 1044//1044 605//605 1045//1045
f 1045//1045 605//605 603//603
f 1045//1045 603//603 1046//1046
f 1046//1046 603//603 601//601
f 1046//1046 601//601 1047//1047
f 1047//1047 601//601 599//599
f 1047//1047 599//599 1048//1048
f 1048//1048 599//599 597//597
f 1048//1048 597//597 1049//1049
f 1049//1049 597//597 595//595
f 1049//1049 595//595 200//200
f 200//200 595//595 593//593
f 200//200 593//593 272//272
f 272//272 593//593 591//591
f 199//199 621//621 200//200
f 200//200 621//621 622//622
f 200//200 622//622 1049//1049
f 1049//1049 622//622 623//623
f 1049//1049 623//623 1048//1048
f 1048//1048 623//623 625//625
f 1048//1048 625//625 1047//1047
f 1047//1047 625//625 627//627
f 1047//1047 627//627 1046//1046
f 1046//1046 627//627 629//629
f 1046//1046 629//629 1045//1045
f 1045//1045 629//629 631//631
f 1045//1045 631//631 1044//1044
f 1044//1044 631//631 633//633
f 1044//1044 633//633 1043//1043
f 1043//1043 633//633 635//635
f 1043//1043 635//635 1042//1042
f 1042//1042 635//635 637//637
f 1042//1042 637//637 1041//1041
f 1041//1041 637//637 639//639
f 1041//1041 639//639 1040//1040
f 1040//1040 639//639 641//641
f 1040//1040 641//641 1039//1039
f 1039//1039 641//641 643//643
f 1039//1039 643//643 1038//1038
f 1038//1038 643//643 645//645
f 1038//1038 645//645 1037//1037
f 1037//1037 645//645 647//647
f 1037//1037 647//647 1036//1036
f 1036//1036 647//647 649//649
f 1036//1036 649//649 111//111
f 111//111 649//649 112//112
f 155//155 106//106 649//649
f 649//649 106//106 108//108
f 649//649 108//108 112//112
f 103//103 105//105 1050//1050
f 1050//1050 105//105 155//155
f 1050//1050 155//155 1051//1051
f 1051//1051 155//155 648//648
f 1051//1051 648//648 1052//1052
f 1052//1052 648//648 646//646
f 1052//1052 646//646 1053//1053
f 1053//1053 646//646 644//644
f 1053//1053 644//644 1054//1054
f 1054//1054 644//644 642//642
f 1054//1054 642//642 1055//1055
f 1055//1055 642//642 640//640
f 1055//1055 640//640 1056//1056
f 1056//1056 640//640 638//638
f 1056//1056 638//638 1057//1057
f 1057//1057 638//638 636//636
f 1057//1057 636//636 1058//1058
f 1058//1058 636//636 634//634
f 1058//1058 634//634 1059//1059
f 1059//1059 634//634 632//632
f 1059//1059 632//632 1060//1060
f 1060//1060 632//632 630//630
f 1060//1060 630//630 1061//1061
f 1061//1061 630//630 628//628
f 1061//1061 628//628 1062//1062
f 1062//1062 628//628 626//626
f 1062//1062 626//626 1063//1063
f 1063//1063 626//626 624//624
f 1063//1063 624//624 194//194
f 194//194 624//624 197//197
f 194//194 197//197 192//192
f 192//192 197//197 196//196
f 193//193 1064//1064 194//194
f 194//194 1064//1064 1065//1065
f 194//194 1065//1065 1063//1063
f 1063//1063 1065//1065 1066//1066
f 1063//1063 1066//1066 1062//1062
f 1062//1062 1066//1066 1067//1067
f 1062//1062 1067//1067 1061//1061
f 1061//1061 1067//1067 1068//1068
f 1061//1061 1068//1068 1060//1060
f 1060//1060 1068//1068 1069//1069
f 1060//1060 1069//1069 1059//1059
f 1059//1059 1069//1069 1070//1070
f 1059//1059 1070//1070 1058//1058
f 1058//1058 1070//1070 1071//1071
f 1058//1058 1071//1071 1057//1057
f 1057//1057 1071//1071 1072//1072
f 1057//1057 1072//1072 1056//1056
f 1056//1056 1072//1072 1073//1073
f 1056//1056 1073//1073 1055//1055
f 1055//1055 1073//1073 1074//1074
f 1055//1055 1074//1074 1054//1054
f 1054//1054 1074//1074 1075//1075
f 1054//1054 1075//1075 1053//1053
f 1053//1053 1075//1075 1076//1076
f 1053//1053 1076//1076 1052//1052
f 1052//1052 1076//1076 1077//1077
f 1052//1052 1077//1077 1051//1051
f 1051//1051 1077//1077 1078//1078
f 1051//1051 1078//1078 1050//1050
f 1050//1050 1078//1078 154//154
f 1050//1050 154//154 103//103
f 103//103 154//154 7//7
f 102//102 8//8 153//153
f 153//153 8//8 154//154
f 153//153 154//154 1079//1079
f 1079//1079 154//154 1078//1078
f 1079//1079 1078//1078 1080//1080
f 1080//1080 1078//1078 1077//1077
f 1080//1080 1077//1077 1081//1081
f 1081//1081 1077//1077 1076//1076
f 1081//1081 1076//1076 1082//1082
f 1082//1082 1076//1076 1075//1075
f 1082//1082 1075//1075 1083//1083
f 1083//1083 1075//1075 1074//1074
f 1083//1083 1074//1074 1084//1084
f 1084//1084 1074//1074 1073//1073
f 1084//1084 1073//1073 1085//1085
f 1085//1085 1073//1073 1072//1072
f 1085//1085 1072//1072 1086//1086
f 1086//1086 1072//1072 1071//1071
f 1086//1086 1071//1071 1087//1087
f 1087//1087 1071//1071 1070//1070
f 1087//1087 1070//1070 1088//1088
f 1088//1088 1070//1070 1069//1069
f 1088//1088 1069//1069 1089//1089
f 1089//1089 1069//1069 1068//1068
f 1089//1089 1068//1068 1090//1090
f 1090//1090 1068//1068 1067//1067
f 1090//1090 1067//1067 1091//1091
f 1091//1091 1067//1067 1066//1066
f 1091//1091 1066//1066 191//191
f 191//191 1066//1066 1065//1065
f 191//191 1065//1065 189//189
f 189//189 1065//1065 1064//1064
f 99//99 101//101 152//152
f 152//152 101//101 153//153
f 152//152 153//153 1092//1092
f 1092//1092 153//153 1079//1079
f 1092//1092 1079//1079 1093//1093
f 1093//1093 1079//1079 1080//1080
f 1093//1093 1080//1080 1094//1094
f 1094//1094 1080//1080 1081//1081
f 1094//1094 1081//1081 1095//1095
f 1095//1095 1081//1081 1082//1082
f 1095//1095 1082//1082 1096//1096
f 1096//1096 1082//1082 1083//1083
f 1096//1096 1083//1083 1097//1097
f 1097//1097 1083//1083 1084//1084
f 1097//1097 1084//1084 1098//1098
f 1098//1098 1084//1084 1085//1085
f 1098//1098 1085//1085 1099//1099
f 1099//1099 1085//1085 1086//1086
f 1099//1099 1086//1086 1100//1100
f 1100//1100 1086//1086 1087//1087
f 1100//1100 1087//1087 1101//1101
f 1101//1101 1087//1087 1088//1088
f 1101//1101 1088//1088 1102//1102
f 1102//1102 1088//1088 1089//1089
f 1102//1102 1089//1089 1103//1103
f 1103//1103 1089//1089 1090//1090
f 1103//1103 1090//1090 1104//1104
f 1104//1104 1090//1090 1091//1091
f 1104//1104 1091//1091 1105//1105
f 1105//1105 1091//1091 191//191
f 1105//1105 191//191 1106//1106
f 1106//1106 191//191 190//190
f 97//97 96//96 1107//1107
f 1107//1107 96//96 152//152
f 1107//1107 152//152 1108//1108
f 1108//1108 152//152 1092//1092
f 1108//1108 1092//1092 1109//1109
f 1109//1109 1092//1092 1093//1093
f 1109//1109 1093//1093 1110//1110
f 1110//1110 1093//1093 1094//1094
f 1110//1110 1094//1094 1111//1111
f 1111//1111 1094//1094 1095//1095
f 1111//1111 1095//1095 1112//1112
f 1112//1112 1095//1095 1096//1096
f 1112//1112 1096//1096 1113//1113
f 1113//1113 1096//1096 1097//1097
f 1113//1113 1097//1097 1114//1114
f 1114//1114 1097//1097 1098//1098
f 1114//1114 1098//1098 1115//1115
f 1115//1115 1098//1098 1099//1099
f 1115//1115 1099//1099 1116//1116
f 1116//1116 1099//1099 1100//1100
f 1116//1116 1100//1100 1117//1117
f 1117//1117 1100//1100 1101//1101
f 1117//1117 1101//1101 1118//1118
f 1118//1118 1101//1101 1102//1102
f 1118//1118 1102//1102 1119//1119
f 1119//1119 1102//1102 1103//1103
f 1119//1119 1103//1103 1120//1120
f 1120//1120 1103//1103 1104//1104
f 1120//1120 1104//1104 1121//1121
f 1121//1121 1104//1104 1105//1105
f 1121//1121 1105//1105 1122//1122
f 1122//1122 1105//1105 1106//1106
f 1122//1122 273//273 1121//1121
f 1121//1121 273//273 188//188
f 1121//1121 188//188 1120//1120
f 1120//1120 188//188 652//652
f 1120//1120 652//652 1119//1119
f 1119//1119 652//652 654//654
f 1119//1119 654//654 1118//1118
f 1118//1118 654//654 656//656
f 1118//1118 656//656 1117//1117
f 1117//1117 656//656 658//658
f 1117//1117 658//658 1116//1116
f 1116//1116 658//658 660//660
f 1116//1116 660//660 1115//1115
f 1115//1115 660//660 662//662
f 1115//1115 662//662 1114//1114
f 1114//1114 662//662 664//664
f 1114//1114 664//664 1113//1113
f 1113//1113 664//664 666//666
f 1113//1113 666//666 1112//1112
f 1112//1112 666//666 668//668
f 1112//1112 668//668 1111//1111
f 1111//1111 668//668 670//670
f 1111//1111 670//670 1110//1110
f 1110//1110 670//670 672//672
f 1110//1110 672//672 1109//1109
f 1109//1109 672//672 674//674
f 1109//1109 674//674 1108//1108
f 1108//1108 674//674 676//676
f 1108//1108 676//676 1107//1107
f 1107//1107 676//676 678//678
f 1107//1107 678//678 97//97
f 97//97 678//678 98//98
f 151//151 92//92 678//678
f 678//678 92//92 94//94
f 678//678 94//94 98//98
f 89//89 91//91 1123//1123
f 1123//1123 91//91 151//151
f 1123//1123 151//151 1124//1124
f 1124//1124 151//151 677//677
f 1124//1124 677//677 1125//1125
f 1125//1125 677//677 675//675
f 1125//1125 675//675 1126//1126
f 1126//1126 675//675 673//673
f 1126//1126 673//673 1127//1127
f 1127//1127 673//673 671//671
f 1127//1127 671//671 1128//1128
f 1128//1128 671//671 669//669
f 1128//1128 669//669 1129//1129
f 1129//1129 669//669 667//667
f 1129//1129 667//667 1130//1130
f 1130//1130 667//667 665//665
f 1130//1130 665//665 1131//1131
f 1131//1131 665//665 663//663
f 1131//1131 663//663 1132//1132
f 1132//1132 663//663 661//661
f 1132//1132 661//661 1133//1133
f 1133//1133 661//661 659//659
f 1133//1133 659//659 1134//1134
f 1134//1134 659//659 657//657
f 1134//1134 657//657 1135//1135
f 1135//1135 657//657 655//655
f 1135//1135 655//655 1136//1136
f 1136//1136 655//655 653//653
f 1136//1136 653//653 185//185
f 185//185 653//653 651//651
f 185//185 651//651 183//183
f 183//183 651//651 650//650
f 184//184 180//180 185//185
f 185//185 180//180 182//182
f 185//185 182//182 1136//1136
f 1136//1136 182//182 1137//1137
f 1136//1136 1137//1137 1135//1135
f 1135//1135 1137//1137 1138//1138
f 1135//1135 1138//1138 1134//1134
f 1134//1134 1138//1138 1139//1139
f 1134//1134 1139//1139 1133//1133
f 1133//1133 1139//1139 1140//1140
f 1133//1133 1140//1140 1132//1132
f 1132//1132 1140//1140 1141//1141
f 1132//1132 1141//1141 1131//1131
f 1131//1131 1141//1141 1142//1142
f 1131//1131 1142//1142 1130//1130
f 1130//1130 1142//1142 1143//1143
f 1130//1130 1143//1143 1129//1129
f 1129//1129 1143//1143 1144//1144
f 1129//1129 1144//1144 1128//1128
f 1128//1128 1144//1144 1145//1145
f 1128//1128 1145//1145 1127//1127
f 1127//1127 1145//1145 1146//1146
f 1127//1127 1146//1146 1126//1126
f 1126//1126 1146//1146 1147//1147
f 1126//1126 1147//1147 1125//1125
f 1125//1125 1147//1147 1148//1148
f 1125//1125 1148//1148 1124//1124
f 1124//1124 1148//1148 1149//1149
f 1124//1124 1149//1149 1123//1123
f 1123//1123 1149//1149 150//150
f 1123//1123 150//150 89//89
f 89//89 150//150 10//10
f 88//88 11//11 149//149
f 149//149 11//11 150//150
f 149//149 150//150 1150//1150
f 1150//1150 150//150 1149//1149
f 1150//1150 1149//1149 1151//1151
f 1151//1151 1149//1149 1148//1148
f 1151//1151 1148//1148 1152//1152
f 1152//1152 1148//1148 1147//1147
f 1152//1152 1147//1147 1153//1153
f 1153//1153 1147//1147 1146//1146
f 1153//1153 1146//1146 1154//1154
f 1154//1154 1146//1146 1145//1145
f 1154//1154 1145//1145 1155//1155
f 1155//1155 1145//1145 1144//1144
f 1155//1155 1144//1144 1156//1156
f 1156//1156 1144//1144 1143//1143
f 1156//1156 1143//1143 1157//1157
f 1157//1157 1143//1143 1142//1142
f 1157//1157 1142//1142 1158//1158
f 1158//1158 1142//1142 1141//1141
f 1158//1158 1141//1141 1159//1159
f 1159//1159 1141//1141 1140//1140
f 1159//1159 1140//1140 1160//1160
f 1160//1160 1140//1140 1139//1139
f 1160//1160 1139//1139 1161//1161
f 1161//1161 1139//1139 1138//1138
f 1161//1161 1138//1138 1162//1162
f 1162//1162 1138//1138 1137//1137
f 1162//1162 1137//1137 1163//1163
f 1163//1163 1137//1137 182//182
f 1163//1163 182//182 1164//1164
f 1164//1164 182//182 181//181
f 85//85 87//87 1165//1165
f 1165//1165 87//87 149//149
f 1165//1165 149//149 1166//1166
f 1166//1166 149//149 1150//1150
f 1166//1166 1150//1150 1167//1167
f 1167//1167 1150//1150 1151//1151
f 1167//1167 1151//1151 1168//1168
f 1168//1168 1151//1151 1152//1152
f 1168//1168 1152//1152 1169//1169
f 1169//1169 1152//1152 1153//1153
f 1169//1169 1153//1153 1170//1170
f 1170//1170 1153//1153 1154//1154
f 1170//1170 1154//1154 1171//1171
f 1171//1171 1154//1154 1155//1155
f 1171//1171 1155//1155 1172//1172
f 1172//1172 1155//1155 1156//1156
f 1172//1172 1156//1156 1173//1173
f 1173//1173 1156//1156 1157//1157
f 1173//1173 1157//1157 1174//1174
f 1174//1174 1157//1157 1158//1158
f 1174//1174 1158//1158 1175//1175
f 1175//1175 1158//1158 1159//1159
f 1175//1175 1159//1159 1176//1176
f 1176//1176 1159//1159 1160//1160
f 1176//1176 1160//1160 1177//1177
f 1177//1177 1160//1160 1161//1161
f 1177//1177 1161//1161 1178//1178
f 1178//1178 1161//1161 1162//1162
f 1178//1178 1162//1162 179//179
f 179//179 1162//1162 1163//1163
f 179//179 1163//1163 177//177
f 177//177 1163//1163 1164//1164
f 178//178 679//679 179//179
f 179//179 679//679 680//680
f 179//179 680//680 1178//1178
f 1178//1178 680//680 681//681
f 1178//1178 681//681 1177//1177
f 1177//1177 681//681 682//682
f 1177//1177 682//682 1176//1176
f 1176//1176 682//682 683//683
f 1176//1176 683//683 1175//1175
f 1175//1175 683//683 684//684
f 1175//1175 684//684 1174//1174
f 1174//1174 684//684 685//685
f 1174//1174 685//685 1173//1173
f 1173//1173 685//685 686//686
f 1173//1173 686//686 1172//1172
f 1172//1172 686//686 687//687
f 1172//1172 687//687 1171//1171
f 1171//1171 687//687 688//688
f 1171//1171 688//688 1170//1170
f 1170//1170 688//688 689//689
f 1170//1170 689//689 1169//1169
f 1169//1169 689//689 690//690
f 1169//1169 690//690 1168//1168
f 1168//1168 690//690 691//691
f 1168//1168 691//691 1167//1167
f 1167//1167 691//691 692//692
f 1167//1167 692//692 1166//1166
f 1166//1166 692//692 693//693
f 1166//1166 693//693 1165//1165
f 1165//1165 693//693 694//694
f 1165//1165 694//694 85//85
f 85//85 694//694 83//83
f 1179//1179 267//267 1180//1180
f 1180//1180 267//267 816//816
f 1180//1180 816//816 1181//1181
f 1181//1181 816//816 416//416
f 1181//1181 416//416 1182//1182
f 1182//1182 416//416 238//238
f 1182//1182 238//238 1183//1183
f 1183//1183 238//238 237//237
f 1183//1183 237//237 1184//1184
f 1184//1184 237//237 800//800
f 1184//1184 800//800 1185//1185
f 1185//1185 800//800 241//241
f 1185//1185 241//241 1186//1186
f 1186//1186 241//241 240//240
f 1186//1186 240//240 1187//1187
f 1187//1187 240//240 244//244
f 1187//1187 244//244 1188//1188
f 1188//1188 244//244 243//243
f 1188//1188 243//243 1189//1189
f 1189//1189 243//243 770//770
f 1189//1189 770//770 1190//1190
f 1190//1190 770//770 247//247
f 1190//1190 247//247 1191//1191
f 1191//1191 247//247 246//246
f 1191//1191 246//246 1192//1192
f 1192//1192 246//246 266//266
f 1192//1192 266//266 1193//1193
f 1193//1193 266//266 359//359
f 1193//1193 359//359 1194//1194
f 1195//1195 232//232 1196//1196
f 1196//1196 232//232 231//231
f 1196//1196 231//231 1197//1197
f 1197//1197 231//231 844//844
f 1197//1197 844//844 1198//1198
f 1198//1198 844//844 235//235
f 1198//1198 235//235 1179//1179
f 1179//1179 235//235 234//234
f 1179//1179 234//234 267//267
f 1199//1199 960//960 1200//1200
f 1200//1200 960//960 214//214
f 1200//1200 214//214 1201//1201
f 1201//1201 214//214 213//213
f 1201//1201 213//213 1202//1202
f 1202//1202 213//213 474//474
f 1202//1202 474//474 1203//1203
f 1203//1203 474//474 217//217
f 1203//1203 217//217 1204//1204
f 1204//1204 217//217 216//216
f 1204//1204 216//216 1205//1205
f 1205//1205 216//216 220//220
f 1205//1205 220//220 1206//1206
f 1206//1206 220//220 219//219
f 1206//1206 219//219 1207//1207
f 1207//1207 219//219 931//931
f 1207//1207 931//931 1208//1208
f 1208//1208 931//931 223//223
f 1208//1208 223//223 1209//1209
f 1209//1209 223//223 222//222
f 1209//1209 222//222 1210//1210
f 1210//1210 222//222 268//268
f 1210//1210 268//268 1211//1211
f 1211//1211 268//268 888//888
f 1211//1211 888//888 1212//1212
f 1212//1212 888//888 887//887
f 1212//1212 887//887 1213//1213
f 1213//1213 887//887 226//226
f 1213//1213 226//226 1214//1214
f 1214//1214 226//226 225//225
f 1214//1214 225//225 1215//1215
f 1215//1215 225//225 445//445
f 1215//1215 445//445 1216//1216
f 1216//1216 445//445 229//229
f 1216//1216 229//229 1195//1195
f 1195//1195 229//229 228//228
f 1195//1195 228//228 232//232
f 1217//1217 1006//1006 1218//1218
f 1218//1218 1006//1006 208//208
f 1218//1218 208//208 1219//1219
f 1219//1219 208//208 207//207
f 1219//1219 207//207 1220//1220
f 1220//1220 207//207 270//270
f 1220//1220 270//270 1221//1221
f 1221//1221 270//270 532//532
f 1221//1221 532//532 1222//1222
f 1222//1222 532//532 976//976
f 1222//1222 976//976 1223//1223
f 1223//1223 976//976 211//211
f 1223//1223 211//211 1224//1224
f 1224//1224 211//211 210//210
f 1224//1224 210//210 1225//1225
f 1225//1225 210//210 269//269
f 1225//1225 269//269 1199//1199
f 1199//1199 269//269 975//975
f 1199//1199 975//975 960//960
f 1226//1226 272//272 1227//1227
f 1227//1227 272//272 591//591
f 1227//1227 591//591 1228//1228
f 1228//1228 591//591 590//590
f 1228//1228 590//590 1229//1229
f 1229//1229 590//590 202//202
f 1229//1229 202//202 1230//1230
f 1230//1230 202//202 201//201
f 1230//1230 201//201 1231//1231
f 1231//1231 201//201 271//271
f 1231//1231 271//271 1232//1232
f 1232//1232 271//271 1022//1022
f 1232//1232 1022//1022 1233//1233
f 1233//1233 1022//1022 561//561
f 1233//1233 561//561 1234//1234
f 1234//1234 561//561 205//205
f 1234//1234 205//205 1217//1217
f 1217//1217 205//205 204//204
f 1217//1217 204//204 1006//1006
f 1235//1235 1164//1164 1236//1236
f 1236//1236 1164//1164 181//181
f 1236//1236 181//181 1237//1237
f 1237//1237 181//181 180//180
f 1237//1237 180//180 1238//1238
f 1238//1238 180//180 184//184
f 1238//1238 184//184 1239//1239
f 1239//1239 184//184 183//183
f 1239//1239 183//183 1240//1240
f 1240//1240 183//183 650//650
f 1240//1240 650//650 1241//1241
f 1241//1241 650//650 187//187
f 1241//1241 187//187 1242//1242
f 1242//1242 187//187 186//186
f 1242//1242 186//186 1243//1243
f 1243//1243 186//186 273//273
f 1243//1243 273//273 1244//1244
f 1244//1244 273//273 1122//1122
f 1244//1244 1122//1122 1245//1245
f 1245//1245 1122//1122 1106//1106
f 1245//1245 1106//1106 1246//1246
f 1246//1246 1106//1106 190//190
f 1246//1246 190//190 1247//1247
f 1247//1247 190//190 189//189
f 1247//1247 189//189 1248//1248
f 1248//1248 189//189 1064//1064
f 1248//1248 1064//1064 1249//1249
f 1249//1249 1064//1064 193//193
f 1249//1249 193//193 1250//1250
f 1250//1250 193//193 192//192
f 1250//1250 192//192 1251//1251
f 1251//1251 192//192 196//196
f 1251//1251 196//196 1252//1252
f 1252//1252 196//196 195//195
f 1252//1252 195//195 1253//1253
f 1253//1253 195//195 621//621
f 1253//1253 621//621 1254//1254
f 1254//1254 621//621 199//199
f 1254//1254 199//199 1226//1226
f 1226//1226 199//199 198//198
f 1226//1226 198//198 272//272
f 359//359 358//358 1194//1194
f 1194//1194 358//358 250//250
f 1194//1194 250//250 1255//1255
f 1255//1255 250//250 249//249
f 1255//1255 249//249 1256//1256
f 1256//1256 249//249 265//265
f 1256//1256 265//265 1257//1257
f 1257//1257 265//265 755//755
f 1257//1257 755//755 1258//1258
f 1258//1258 755//755 740//740
f 1258//1258 740//740 1259//1259
f 1259//1259 740//740 253//253
f 1259//1259 253//253 1260//1260
f 1260//1260 253//253 252//252
f 1260//1260 252//252 1261//1261
f 1261//1261 252//252 726//726
f 1261//1261 726//726 1262//1262
f 1262//1262 726//726 256//256
f 1262//1262 256//256 1263//1263
f 1263//1263 256//256 255//255
f 1263//1263 255//255 1264//1264
f 1264//1264 255//255 259//259
f 1264//1264 259//259 1265//1265
f 1265//1265 259//259 258//258
f 1265//1265 258//258 1266//1266
f 1266//1266 258//258 710//710
f 1266//1266 710//710 1267//1267
f 1267//1267 710//710 262//262
f 1267//1267 262//262 1268//1268
f 1268//1268 262//262 261//261
f 1268//1268 261//261 1269//1269
f 1269//1269 261//261 264//264
f 1269//1269 264//264 1270//1270
f 1270//1270 264//264 679//679
f 1270//1270 679//679 1271//1271
f 1271//1271 679//679 178//178
f 1271//1271 178//178 1235//1235
f 1235//1235 178//178 177//177
f 1235//1235 177//177 1164//1164
f 1235//1235 1236//1236 1272//1272
f 1240//1240 1241//1241 1273//1273
f 1245//1245 1246//1246 1274//1274
f 1250//1250 1251//1251 1275//1275
f 1252//1252 1253//1253 1276//1276
f 1226//1226 1227//1227 1277//1277
f 1228//1228 1229//1229 1278//1278
f 1231//1231 1232//1232 1279//1279
f 1233//1233 1234//1234 1280//1280
f 1219//1219 1220//1220 1281//1281
f 1224//1224 1225//1225 1282//1282
f 1202//1202 1203//1203 1283//1283
f 1207//1207 1208//1208 1284//1284
f 1209//1209 1210//1210 1285//1285
f 1212//1212 1213//1213 1286//1286
f 1214//1214 1215//1215 1287//1287
f 1195//1195 1196//1196 1288//1288
f 1197//1197 1198//1198 1289//1289
f 1181//1181 1182//1182 1290//1290
f 1186//1186 1187//1187 1291//1291
f 1191//1191 1192//1192 1292//1292
f 1256//1256 1257//1257 1293//1293
f 1258//1258 1259//1259 1294//1294
f 1261//1261 1262//1262 1295//1295
f 1263//1263 1264//1264 1296//1296
f 1266//1266 1267//1267 1297//1297
f 1268//1268 1269//1269 1298//1298
f 1299//1299 1300//1300 1301//1301
f 1301//1301 1300//1300 1302//1302
f 1301//1301 1302//1302 1303//1303
f 1303//1303 1302//1302 1304//1304
f 1303//1303 1304//1304 1305//1305
f 1305//1305 1304//1304 1306//1306
f 1305//1305 1306//1306 1307//1307
f 1307//1307 1306//1306 1308//1308
f 1307//1307 1308//1308 1309//1309
f 1309//1309 1308//1308 1310//1310
f 1309//1309 1310//1310 1311//1311
f 1311//1311 1310//1310 1312//1312
f 1311//1311 1312//1312 1313//1313
f 1313//1313 1312//1312 1314//1314
f 1313//1313 1314//1314 1315//1315
f 1315//1315 1314//1314 1316//1316
f 1315//1315 1316//1316 1317//1317
f 1317//1317 1316//1316 1318//1318
f 1317//1317 1318//1318 1319//1319
f 1319//1319 1318//1318 1320//1320
f 1319//1319 1320//1320 1321//1321
f 1321//1321 1320//1320 1322//1322
f 1321//1321 1322//1322 1323//1323
f 1323//1323 1322//1322 1324//1324
f 1323//1323 1324//1324 1325//1325
f 1325//1325 1324//1324 1326//1326
f 1325//1325 1326//1326 1327//1327
f 1327//1327 1326//1326 1328//1328
f 1327//1327 1328//1328 1329//1329
f 1329//1329 1328//1328 1330//1330
f 1329//1329 1330//1330 1331//1331
f 1331//1331 1330//1330 1332//1332
f 1331//1331 1332//1332 1333//1333
f 1333//1333 1332//1332 1334//1334
f 1333//1333 1334//1334 1335//1335
f 1335//1335 1334//1334 1292//1292
f 1336//1336 1337//1337 1338//1338
f 1338//1338 1337//1337 1339//1339
f 1338//1338 1339//1339 1340//1340
f 1340//1340 1339//1339 1341//1341
f 1340//1340 1341//1341 1342//1342
f 1342//1342 1341//1341 1343//1343
f 1342//1342 1343//1343 1344//1344
f 1344//1344 1343//1343 1345//1345
f 1344//1344 1345//1345 1346//1346
f 1346//1346 1345//1345 1347//1347
f 1346//1346 1347//1347 1348//1348
f 1348//1348 1347//1347 1349//1349
f 1348//1348 1349//1349 1350//1350
f 1350//1350 1349//1349 1351//1351
f 1350//1350 1351//1351 1352//1352
f 1352//1352 1351//1351 1353//1353
f 1352//1352 1353//1353 1354//1354
f 1354//1354 1353//1353 1355//1355
f 1354//1354 1355//1355 1356//1356
f 1356//1356 1355//1355 1357//1357
f 1356//1356 1357//1357 1358//1358
f 1358//1358 1357//1357 1359//1359
f 1358//1358 1359//1359 1360//1360
f 1360//1360 1359//1359 1361//1361
f 1360//1360 1361//1361 1362//1362
f 1362//1362 1361//1361 1363//1363
f 1362//1362 1363//1363 1364//1364
f 1364//1364 1363//1363 1365//1365
f 1364//1364 1365//1365 1366//1366
f 1366//1366 1365//1365 1367//1367
f 1366//1366 1367//1367 1368//1368
f 1368//1368 1367//1367 1369//1369
f 1368//1368 1369//1369 1370//1370
f 1370//1370 1369//1369 1371//1371
f 1370//1370 1371//1371 1372//1372
f 1372//1372 1371//1371 1291//1291
f 1373//1373 1374//1374 1375//1375
f 1375//1375 1374//1374 1376//1376
f 1375//1375 1376//1376 1377//1377
f 1377//1377 1376//1376 1378//1378
f 1377//1377 1378//1378 1379//1379
f 1379//1379 1378//1378 1380//1380
f 1379//1379 1380//1380 1381//1381
f 1381//1381 1380//1380 1382//1382
f 1381//1381 1382//1382 1383//1383
f 1383//1383 1382//1382 1384//1384
f 1383//1383 1384//1384 1385//1385
f 1385//1385 1384//1384 1386//1386
f 1385//1385 1386//1386 1387//1387
f 1387//1387 1386//1386 1388//1388
f 1387//1387 1388//1388 1389//1389
f 1389//1389 1388//1388 1390//1390
f 1389//1389 1390//1390 1391//1391
f 1391//1391 1390//1390 1392//1392
f 1391//1391 1392//1392 1393//1393
f 1393//1393 1392//1392 1394//1394
f 1393//1393 1394//1394 1395//1395
f 1395//1395 1394//1394 1396//1396
f 1395//1395 1396//1396 1397//1397
f 1397//1397 1396//1396 1398//1398
f 1397//1397 1398//1398 1399//1399
f 1399//1399 1398//1398 1400//1400
f 1399//1399 1400//1400 1401//1401
f 1401//1401 1400//1400 1402//1402
f 1401//1401 1402//1402 1403//1403
f 1403//1403 1402//1402 1404//1404
f 1403//1403 1404//1404 1405//1405
f 1405//1405 1404//1404 1406//1406
f 1405//1405 1406//1406 1407//1407
f 1407//1407 1406//1406 1408//1408
f 1407//1407 1408//1408 1409//1409
f 1409//1409 1408//1408 1290//1290
f 1410//1410 1411//1411 1412//1412
f 1412//1412 1411//1411 1413//1413
f 1412//1412 1413//1413 1414//1414
f 1414//1414 1413//1413 1415//1415
f 1414//1414 1415//1415 1416//1416
f 1416//1416 1415//1415 1417//1417
f 1416//1416 1417//1417 1418//1418
f 1418//1418 1417//1417 1419//1419
f 1418//1418 1419//1419 1420//1420
f 1420//1420 1419//1419 1421//1421
f 1420//1420 1421//1421 1422//1422
f 1422//1422 1421//1421 1423//1423
f 1422//1422 1423//1423 1424//1424
f 1424//1424 1423//1423 1425//1425
f 1424//1424 1425//1425 1426//1426
f 1426//1426 1425//1425 1427//1427
f 1426//1426 1427//1427 1428//1428
f 1428//1428 1427//1427 1429//1429
f 1428//1428 1429//1429 1430//1430
f 1430//1430 1429//1429 1431//1431
f 1430//1430 1431//1431 1432//1432
f 1432//1432 1431//1431 1433//1433
f 1432//1432 1433//1433 1434//1434
f 1434//1434 1433//1433 1435//1435
f 1434//1434 1435//1435 1436//1436
f 1436//1436 1435//1435 1437//1437
f 1436//1436 1437//1437 1438//1438
f 1438//1438 1437//1437 1439//1439
f 1438//1438 1439//1439 1440//1440
f 1440//1440 1439//1439 1441//1441
f 1440//1440 1441//1441 1442//1442
f 1442//1442 1441//1441 1443//1443
f 1442//1442 1443//1443 1444//1444
f 1444//1444 1443//1443 1445//1445
f 1444//1444 1445//1445 1446//1446
f 1446//1446 1445//1445 1283//1283
f 1447//1447 1448//1448 1449//1449
f 1449//1449 1448//1448 1450//1450
f 1449//1449 1450//1450 1451//1451
f 1451//1451 1450//1450 1452//1452
f 1451//1451 1452//1452 1453//1453
f 1453//1453 1452//1452 1454//1454
f 1453//1453 1454//1454 1455//1455
f 1455//1455 1454//1454 1456//1456
f 1455//1455 1456//1456 1457//1457
f 1457//1457 1456//1456 1458//1458
f 1457//1457 1458//1458 1459//1459
f 1459//1459 1458//1458 1460//1460
f 1459//1459 1460//1460 1461//1461
f 1461//1461 1460//1460 1462//1462
f 1461//1461 1462//1462 1463//1463
f 1463//1463 1462//1462 1464//1464
f 1463//1463 1464//1464 1465//1465
f 1465//1465 1464//1464 1466//1466
f 1465//1465 1466//1466 1467//1467
f 1467//1467 1466//1466 1468//1468
f 1467//1467 1468//1468 1469//1469
f 1469//1469 1468//1468 1470//1470
f 1469//1469 1470//1470 1471//1471
f 1471//1471 1470//1470 1472//1472
f 1471//1471 1472//1472 1473//1473
f 1473//1473 1472//1472 1474//1474
f 1473//1473 1474//1474 1475//1475
f 1475//1475 1474//1474 1476//1476
f 1475//1475 1476//1476 1477//1477
f 1477//1477 1476//1476 1478//1478
f 1477//1477 1478//1478 1479//1479
f 1479//1479 1478//1478 1480//1480
f 1479//1479 1480//1480 1481//1481
f 1481//1481 1480//1480 1482//1482
f 1481//1481 1482//1482 1483//1483
f 1483//1483 1482//1482 1282//1282
f 1484//1484 1485//1485 1486//1486
f 1486//1486 1485//1485 1487//1487
f 1486//1486 1487//1487 1488//1488
f 1488//1488 1487//1487 1489//1489
f 1488//1488 1489//1489 1490//1490
f 1490//1490 1489//1489 1491//1491
f 1490//1490 1491//1491 1492//1492
f 1492//1492 1491//1491 1493//1493
f 1492//1492 1493//1493 1494//1494
f 1494//1494 1493//1493 1495//1495
f 1494//1494 1495//1495 1496//1496
f 1496//1496 1495//1495 1497//1497
f 1496//1496 1497//1497 1498//1498
f 1498//1498 1497//1497 1499//1499
f 1498//1498 1499//1499 1500//1500
f 1500//1500 1499//1499 1501//1501
f 1500//1500 1501//1501 1502//1502
f 1502//1502 1501//1501 1503//1503
f 1502//1502 1503//1503 1504//1504
f 1504//1504 1503//1503 1505//1505
f 1504//1504 1505//1505 1506//1506
f 1506//1506 1505//1505 1507//1507
f 1506//1506 1507//1507 1508//1508
f 1508//1508 1507//1507 1509//1509
f 1508//1508 1509//1509 1510//1510
f 1510//1510 1509//1509 1511//1511
f 1510//1510 1511//1511 1512//1512
f 1512//1512 1511//1511 1513//1513
f 1512//1512 1513//1513 1514//1514
f 1514//1514 1513//1513 1515//1515
f 1514//1514 1515//1515 1516//1516
f 1516//1516 1515//1515 1517//1517
f 1516//1516 1517//1517 1518//1518
f 1518//1518 1517//1517 1519//1519
f 1518//1518 1519//1519 1520//1520
f 1520//1520 1519//1519 1281//1281
f 1521//1521 1522//1522 1523//1523
f 1523//1523 1522//1522 1524//1524
f 1523//1523 1524//1524 1525//1525
f 1525//1525 1524//1524 1526//1526
f 1525//1525 1526//1526 1527//1527
f 1527//1527 1526//1526 1528//1528
f 1527//1527 1528//1528 1529//1529
f 1529//1529 1528//1528 1530//1530
f 1529//1529 1530//1530 1531//1531
f 1531//1531 1530//1530 1532//1532
f 1531//1531 1532//1532 1533//1533
f 1533//1533 1532//1532 1534//1534
f 1533//1533 1534//1534 1535//1535
f 1535//1535 1534//1534 1536//1536
f 1535//1535 1536//1536 1537//1537
f 1537//1537 1536//1536 1538//1538
f 1537//1537 1538//1538 1539//1539
f 1539//1539 1538//1538 1540//1540
f 1539//1539 1540//1540 1541//1541
f 1541//1541 1540//1540 1542//1542
f 1541//1541 1542//1542 1543//1543
f 1543//1543 1542//1542 1544//1544
f 1543//1543 1544//1544 1545//1545
f 1545//1545 1544//1544 1546//1546
f 1545//1545 1546//1546 1547//1547
f 1547//1547 1546//1546 1548//1548
f 1547//1547 1548//1548 1549//1549
f 1549//1549 1548//1548 1550//1550
f 1549//1549 1550//1550 1551//1551
f 1551//1551 1550//1550 1552//1552
f 1551//1551 1552//1552 1553//1553
f 1553//1553 1552//1552 1554//1554
f 1553//1553 1554//1554 1555//1555
f 1555//1555 1554//1554 1556//1556
f 1555//1555 1556//1556 1557//1557
f 1557//1557 1556//1556 1274//1274
f 1558//1558 1559//1559 1560//1560
f 1560//1560 1559//1559 1561//1561
f 1560//1560 1561//1561 1562//1562
f 1562//1562 1561//1561 1563//1563
f 1562//1562 1563//1563 1564//1564
f 1564//1564 1563//1563 1565//1565
f 1564//1564 1565//1565 1566//1566
f 1566//1566 1565//1565 1567//1567
f 1566//1566 1567//1567 1568//1568
f 1568//1568 1567//1567 1569//1569
f 1568//1568 1569//1569 1570//1570
f 1570//1570 1569//1569 1571//1571
f 1570//1570 1571//1571 1572//1572
f 1572//1572 1571//1571 1573//1573
f 1572//1572 1573//1573 1574//1574
f 1574//1574 1573//1573 1575//1575
f 1574//1574 1575//1575 1576//1576
f 1576//1576 1575//1575 1577//1577
f 1576//1576 1577//1577 1578//1578
f 1578//1578 1577//1577 1579//1579
f 1578//1578 1579//1579 1580//1580
f 1580//1580 1579//1579 1581//1581
f 1580//1580 1581//1581 1582//1582
f 1582//1582 1581//1581 1583//1583
f 1582//1582 1583//1583 1584//1584
f 1584//1584 1583//1583 1585//1585
f 1584//1584 1585//1585 1586//1586
f 1586//1586 1585//1585 1587//1587
f 1586//1586 1587//1587 1588//1588
f 1588//1588 1587//1587 1589//1589
f 1588//1588 1589//1589 1590//1590
f 1590//1590 1589//1589 1591//1591
f 1590//1590 1591//1591 1592//1592
f 1592//1592 1591//1591 1593//1593
f 1592//1592 1593//1593 1594//1594
f 1594//1594 1593//1593 1273//1273
f 1595//1595 1596//1596 1597//1597
f 1597//1597 1596//1596 1598//1598
f 1597//1597 1598//1598 1599//1599
f 1599//1599 1598//1598 1600//1600
f 1599//1599 1600//1600 1601//1601
f 1601//1601 1600//1600 1602//1602
f 1601//1601 1602//1602 1603//1603
f 1603//1603 1602//1602 1604//1604
f 1603//1603 1604//1604 1605//1605
f 1605//1605 1604//1604 1606//1606
f 1605//1605 1606//1606 1607//1607
f 1607//1607 1606//1606 1608//1608
f 1607//1607 1608//1608 1609//1609
f 1609//1609 1608//1608 1610//1610
f 1609//1609 1610//1610 1611//1611
f 1611//1611 1610//1610 1612//1612
f 1611//1611 1612//1612 1613//1613
f 1613//1613 1612//1612 1614//1614
f 1613//1613 1614//1614 1615//1615
f 1615//1615 1614//1614 1616//1616
f 1615//1615 1616//1616 1617//1617
f 1617//1617 1616//1616 1618//1618
f 1617//1617 1618//1618 1619//1619
f 1619//1619 1618//1618 1620//1620
f 1619//1619 1620//1620 1621//1621
f 1621//1621 1620//1620 1622//1622
f 1621//1621 1622//1622 1623//1623
f 1623//1623 1622//1622 1624//1624
f 1623//1623 1624//1624 1625//1625
f 1625//1625 1624//1624 1626//1626
f 1625//1625 1626//1626 1627//1627
f 1627//1627 1626//1626 1628//1628
f 1627//1627 1628//1628 1629//1629
f 1629//1629 1628//1628 1630//1630
f 1629//1629 1630//1630 1631//1631
f 1631//1631 1630//1630 1272//1272
f 1632//1632 1633//1633 1634//1634
f 1634//1634 1633//1633 1635//1635
f 1634//1634 1635//1635 1636//1636
f 1636//1636 1635//1635 1637//1637
f 1636//1636 1637//1637 1638//1638
f 1638//1638 1637//1637 1639//1639
f 1638//1638 1639//1639 1640//1640
f 1640//1640 1639//1639 1641//1641
f 1640//1640 1641//1641 1642//1642
f 1642//1642 1641//1641 1643//1643
f 1642//1642 1643//1643 1644//1644
f 1644//1644 1643//1643 1645//1645
f 1644//1644 1645//1645 1646//1646
f 1646//1646 1645//1645 1647//1647
f 1646//1646 1647//1647 1648//1648
f 1648//1648 1647//1647 1649//1649
f 1648//1648 1649//1649 1650//1650
f 1650//1650 1649//1649 1651//1651
f 1650//1650 1651//1651 1652//1652
f 1652//1652 1651//1651 1653//1653
f 1652//1652 1653//1653 1654//1654
f 1654//1654 1653//1653 1655//1655
f 1654//1654 1655//1655 1656//1656
f 1656//1656 1655//1655 1657//1657
f 1656//1656 1657//1657 1658//1658
f 1658//1658 1657//1657 1659//1659
f 1658//1658 1659//1659 1660//1660
f 1660//1660 1659//1659 1661//1661
f 1660//1660 1661//1661 1662//1662
f 1662//1662 1661//1661 1663//1663
f 1662//1662 1663//1663 1664//1664
f 1664//1664 1663//1663 1665//1665
f 1664//1664 1665//1665 1666//1666
f 1666//1666 1665//1665 1667//1667
f 1666//1666 1667//1667 1668//1668
f 1668//1668 1667//1667 1298//1298
f 1668//1668 1298//1298 1270//1270
f 1270//1270 1298//1298 1269//1269
f 1633//1633 1669//1669 1635//1635
f 1635//1635 1669//1669 1670//1670
f 1635//1635 1670//1670 1637//1637
f 1637//1637 1670//1670 1671//1671
f 1637//1637 1671//1671 1639//1639
f 1639//1639 1671//1671 1672//1672
f 1639//1639 1672//1672 1641//1641
f 1641//1641 1672//1672 1673//1673
f 1641//1641 1673//1673 1643//1643
f 1643//1643 1673//1673 1674//1674
f 1643//1643 1674//1674 1645//1645
f 1645//1645 1674//1674 1675//1675
f 1645//1645 1675//1675 1647//1647
f 1647//1647 1675//1675 1676//1676
f 1647//1647 1676//1676 1649//1649
f 1649//1649 1676//1676 1677//1677
f 1649//1649 1677//1677 1651//1651
f 1651//1651 1677//1677 1678//1678
f 1651//1651 1678//1678 1653//1653
f 1653//1653 1678//1678 1679//1679
f 1653//1653 1679//1679 1655//1655
f 1655//1655 1679//1679 1680//1680
f 1655//1655 1680//1680 1657//1657
f 1657//1657 1680//1680 1681//1681
f 1657//1657 1681//1681 1659//1659
f 1659//1659 1681//1681 1682//1682
f 1659//1659 1682//1682 1661//1661
f 1661//1661 1682//1682 1683//1683
f 1661//1661 1683//1683 1663//1663
f 1663//1663 1683//1683 1684//1684
f 1663//1663 1684//1684 1665//1665
f 1665//1665 1684//1684 1685//1685
f 1665//1665 1685//1685 1667//1667
f 1667//1667 1685//1685 1686//1686
f 1667//1667 1686//1686 1298//1298
f 1298//1298 1686//1686 1297//1297
f 1298//1298 1297//1297 1268//1268
f 1268//1268 1297//1297 1267//1267
f 1265//1265 1266//1266 1687//1687
f 1687//1687 1266//1266 1297//1297
f 1687//1687 1297//1297 1688//1688
f 1688//1688 1297//1297 1686//1686
f 1688//1688 1686//1686 1689//1689
f 1689//1689 1686//1686 1685//1685
f 1689//1689 1685//1685 1690//1690
f 1690//1690 1685//1685 1684//1684
f 1690//1690 1684//1684 1691//1691
f 1691//1691 1684//1684 1683//1683
f 1691//1691 1683//1683 1692//1692
f 1692//1692 1683//1683 1682//1682
f 1692//1692 1682//1682 1693//1693
f 1693//1693 1682//1682 1681//1681
f 1693//1693 1681//1681 1694//1694
f 1694//1694 1681//1681 1680//1680
f 1694//1694 1680//1680 1695//1695
f 1695//1695 1680//1680 1679//1679
f 1695//1695 1679//1679 1696//1696
f 1696//1696 1679//1679 1678//1678
f 1696//1696 1678//1678 1697//1697
f 1697//1697 1678//1678 1677//1677
f 1697//1697 1677//1677 1698//1698
f 1698//1698 1677//1677 1676//1676
f 1698//1698 1676//1676 1699//1699
f 1699//1699 1676//1676 1675//1675
f 1699//1699 1675//1675 1700//1700
f 1700//1700 1675//1675 1674//1674
f 1700//1700 1674//1674 1701//1701
f 1701//1701 1674//1674 1673//1673
f 1701//1701 1673//1673 1702//1702
f 1702//1702 1673//1673 1672//1672
f 1702//1702 1672//1672 1703//1703
f 1703//1703 1672//1672 1671//1671
f 1703//1703 1671//1671 1704//1704
f 1704//1704 1671//1671 1670//1670
f 1704//1704 1670//1670 1705//1705
f 1705//1705 1670//1670 1669//1669
f 1705//1705 1706//1706 1704//1704
f 1704//1704 1706//1706 1707//1707
f 1704//1704 1707//1707 1703//1703
f 1703//1703 1707//1707 1708//1708
f 1703//1703 1708//1708 1702//1702
f 1702//1702 1708//1708 1709//1709
f 1702//1702 1709//1709 1701//1701
f 1701//1701 1709//1709 1710//1710
f 1701//1701 1710//1710 1700//1700
f 1700//1700 1710//1710 1711//1711
f 1700//1700 1711//1711 1699//1699
f 1699//1699 1711//1711 1712//1712
f 1699//1699 1712//1712 1698//1698
f 1698//1698 1712//1712 1713//1713
f 1698//1698 1713//1713 1697//1697
f 1697//1697 1713//1713 1714//1714
f 1697//1697 1714//1714 1696//1696
f 1696//1696 1714//1714 1715//1715
f 1696//1696 1715//1715 1695//1695
f 1695//1695 1715//1715 1716//1716
f 1695//1695 1716//1716 1694//1694
f 1694//1694 1716//1716 1717//1717
f 1694//1694 1717//1717 1693//1693
f 1693//1693 1717//1717 1718//1718
f 1693//1693 1718//1718 1692//1692
f 1692//1692 1718//1718 1719//1719
f 1692//1692 1719//1719 1691//1691
f 1691//1691 1719//1719 1720//1720
f 1691//1691 1720//1720 1690//1690
f 1690//1690 1720//1720 1721//1721
f 1690//1690 1721//1721 1689//1689
f 1689//1689 1721//1721 1722//1722
f 1689//1689 1722//1722 1688//1688
f 1688//1688 1722//1722 1723//1723
f 1688//1688 1723//1723 1687//1687
f 1687//1687 1723//1723 1296//1296
f 1687//1687 1296//1296 1265//1265
f 1265//1265 1296//1296 1264//1264
f 1706//1706 1724//1724 1707//1707
f 1707//1707 1724//1724 1725//1725
f 1707//1707 1725//1725 1708//1708
f 1708//1708 1725//1725 1726//1726
f 1708//1708 1726//1726 1709//1709
f 1709//1709 1726//1726 1727//1727
f 1709//1709 1727//1727 1710//1710
f 1710//1710 1727//1727 1728//1728
f 1710//1710 1728//1728 1711//1711
f 1711//1711 1728//1728 1729//1729
f 1711//1711 1729//1729 1712//1712
f 1712//1712 1729//1729 1730//1730
f 1712//1712 1730//1730 1713//1713
f 1713//1713 1730//1730 1731//1731
f 1713//1713 1731//1731 1714//1714
f 1714//1714 1731//1731 1732//1732
f 1714//1714 1732//1732 1715//1715
f 1715//1715 1732//1732 1733//1733
f 1715//1715 1733//1733 1716//1716
f 1716//1716 1733//1733 1734//1734
f 1716//1716 1734//1734 1717//1717
f 1717//1717 1734//1734 1735//1735
f 1717//1717 1735//1735 1718//1718
f 1718//1718 1735//1735 1736//1736
f 1718//1718 1736//1736 1719//1719
f 1719//1719 1736//1736 1737//1737
f 1719//1719 1737//1737 1720//1720
f 1720//1720 1737//1737 1738//1738
f 1720//1720 1738//1738 1721//1721
f 1721//1721 1738//1738 1739//1739
f 1721//1721 1739//1739 1722//1722
f 1722//1722 1739//1739 1740//1740
f 1722//1722 1740//1740 1723//1723
f 1723//1723 1740//1740 1741//1741
f 1723//1723 1741//1741 1296//1296
f 1296//1296 1741//1741 1295//1295
f 1296//1296 1295//1295 1263//1263
f 1263//1263 1295//1295 1262//1262
f 1260//1260 1261//1261 1742//1742
f 1742//1742 1261//1261 1295//1295
f 1742//1742 1295//1295 1743//1743
f 1743//1743 1295//1295 1741//1741
f 1743//1743 1741//1741 1744//1744
f 1744//1744 1741//1741 1740//1740
f 1744//1744 1740//1740 1745//1745
f 1745//1745 1740//1740 1739//1739
f 1745//1745 1739//1739 1746//1746
f 1746//1746 1739//1739 1738//1738
f 1746//1746 1738//1738 1747//1747
f 1747//1747 1738//1738 1737//1737
f 1747//1747 1737//1737 1748//1748
f 1748//1748 1737//1737 1736//1736
f 1748//1748 1736//1736 1749//1749
f 1749//1749 1736//1736 1735//1735
f 1749//1749 1735//1735 1750//1750
f 1750//1750 1735//1735 1734//1734
f 1750//1750 1734//1734 1751//1751
f 1751//1751 1734//1734 1733//1733
f 1751//1751 1733//1733 1752//1752
f 1752//1752 1733//1733 1732//1732
f 1752//1752 1732//1732 1753//1753
f 1753//1753 1732//1732 1731//1731
f 1753//1753 1731//1731 1754//1754
f 1754//1754 1731//1731 1730//1730
f 1754//1754 1730//1730 1755//1755
f 1755//1755 1730//1730 1729//1729
f 1755//1755 1729//1729 1756//1756
f 1756//1756 1729//1729 1728//1728
f 1756//1756 1728//1728 1757//1757
f 1757//1757 1728//1728 1727//1727
f 1757//1757 1727//1727 1758//1758
f 1758//1758 1727//1727 1726//1726
f 1758//1758 1726//1726 1759//1759
f 1759//1759 1726//1726 1725//1725
f 1759//1759 1725//1725 1760//1760
f 1760//1760 1725//1725 1724//1724
f 1760//1760 1761//1761 1759//1759
f 1759//1759 1761//1761 1762//1762
f 1759//1759 1762//1762 1758//1758
f 1758//1758 1762//1762 1763//1763
f 1758//1758 1763//1763 1757//1757
f 1757//1757 1763//1763 1764//1764
f 1757//1757 1764//1764 1756//1756
f 1756//1756 1764//1764 1765//1765
f 1756//1756 1765//1765 1755//1755
f 1755//1755 1765//1765 1766//1766
f 1755//1755 1766//1766 1754//1754
f 1754//1754 1766//1766 1767//1767
f 1754//1754 1767//1767 1753//1753
f 1753//1753 1767//1767 1768//1768
f 1753//1753 1768//1768 1752//1752
f 1752//1752 1768//1768 1769//1769
f 1752//1752 1769//1769 1751//1751
f 1751//1751 1769//1769 1770//1770
f 1751//1751 1770//1770 1750//1750
f 1750//1750 1770//1770 1771//1771
f 1750//1750 1771//1771 1749//1749
f 1749//1749 1771//1771 1772//1772
f 1749//1749 1772//1772 1748//1748
f 1748//1748 1772//1772 1773//1773
f 1748//1748 1773//1773 1747//1747
f 1747//1747 1773//1773 1774//1774
f 1747//1747 1774//1774 1746//1746
f 1746//1746 1774//1774 1775//1775
f 1746//1746 1775//1775 1745//1745
f 1745//1745 1775//1775 1776//1776
f 1745//1745 1776//1776 1744//1744
f 1744//1744 1776//1776 1777//1777
f 1744//1744 1777//1777 1743//1743
f 1743//1743 1777//1777 1778//1778
f 1743//1743 1778//1778 1742//1742
f 1742//1742 1778//1778 1294//1294
f 1742//1742 1294//1294 1260//1260
f 1260//1260 1294//1294 1259//1259
f 1761//1761 1779//1779 1762//1762
f 1762//1762 1779//1779 1780//1780
f 1762//1762 1780//1780 1763//1763
f 1763//1763 1780//1780 1781//1781
f 1763//1763 1781//1781 1764//1764
f 1764//1764 1781//1781 1782//1782
f 1764//1764 1782//1782 1765//1765
f 1765//1765 1782//1782 1783//1783
f 1765//1765 1783//1783 1766//1766
f 1766//1766 1783//1783 1784//1784
f 1766//1766 1784//1784 1767//1767
f 1767//1767 1784//1784 1785//1785
f 1767//1767 1785//1785 1768//1768
f 1768//1768 1785//1785 1786//1786
f 1768//1768 1786//1786 1769//1769
f 1769//1769 1786//1786 1787//1787
f 1769//1769 1787//1787 1770//1770
f 1770//1770 1787//1787 1788//1788
f 1770//1770 1788//1788 1771//1771
f 1771//1771 1788//1788 1789//1789
f 1771//1771 1789//1789 1772//1772
f 1772//1772 1789//1789 1790//1790
f 1772//1772 1790//1790 1773//1773
f 1773//1773 1790//1790 1791//1791
f 1773//1773 1791//1791 1774//1774
f 1774//1774 1791//1791 1792//1792
f 1774//1774 1792//1792 1775//1775
f 1775//1775 1792//1792 1793//1793
f 1775//1775 1793//1793 1776//1776
f 1776//1776 1793//1793 1794//1794
f 1776//1776 1794//1794 1777//1777
f 1777//1777 1794//1794 1795//1795
f 1777//1777 1795//1795 1778//1778
f 1778//1778 1795//1795 1796//1796
f 1778//1778 1796//1796 1294//1294
f 1294//1294 1796//1796 1293//1293
f 1294//1294 1293//1293 1258//1258
f 1258//1258 1293//1293 1257//1257
f 1255//1255 1256//1256 1797//1797
f 1797//1797 1256//1256 1293//1293
f 1797//1797 1293//1293 1798//1798
f 1798//1798 1293//1293 1796//1796
f 1798//1798 1796//1796 1799//1799
f 1799//1799 1796//1796 1795//1795
f 1799//1799 1795//1795 1800//1800
f 1800//1800 1795//1795 1794//1794
f 1800//1800 1794//1794 1801//1801
f 1801//1801 1794//1794 1793//1793
f 1801//1801 1793//1793 1802//1802
f 1802//1802 1793//1793 1792//1792
f 1802//1802 1792//1792 1803//1803
f 1803//1803 1792//1792 1791//1791
f 1803//1803 1791//1791 1804//1804
f 1804//1804 1791//1791 1790//1790
f 1804//1804 1790//1790 1805//1805
f 1805//1805 1790//1790 1789//1789
f 1805//1805 1789//1789 1806//1806
f 1806//1806 1789//1789 1788//1788
f 1806//1806 1788//1788 1807//1807
f 1807//1807 1788//1788 1787//1787
f 1807//1807 1787//1787 1808//1808
f 1808//1808 1787//1787 1786//1786
f 1808//1808 1786//1786 1809//1809
f 1809//1809 1786//1786 1785//1785
f 1809//1809 1785//1785 1810//1810
f 1810//1810 1785//1785 1784//1784
f 1810//1810 1784//1784 1811//1811
f 1811//1811 1784//1784 1783//1783
f 1811//1811 1783//1783 1812//1812
f 1812//1812 1783//1783 1782//1782
f 1812//1812 1782//1782 1813//1813
f 1813//1813 1782//1782 1781//1781
f 1813//1813 1781//1781 1814//1814
f 1814//1814 1781//1781 1780//1780
f 1814//1814 1780//1780 1815//1815
f 1815//1815 1780//1780 1779//1779
f 1815//1815 1299//1299 1814//1814
f 1814//1814 1299//1299 1301//1301
f 1814//1814 1301//1301 1813//1813
f 1813//1813 1301//1301 1303//1303
f 1813//1813 1303//1303 1812//1812
f 1812//1812 1303//1303 1305//1305
f 1812//1812 1305//1305 1811//1811
f 1811//1811 1305//1305 1307//1307
f 1811//1811 1307//1307 1810//1810
f 1810//1810 1307//1307 1309//1309
f 1810//1810 1309//1309 1809//1809
f 1809//1809 1309//1309 1311//1311
f 1809//1809 1311//1311 1808//1808
f 1808//1808 1311//1311 1313//1313
f 1808//1808 1313//1313 1807//1807
f 1807//1807 1313//1313 1315//1315
f 1807//1807 1315//1315 1806//1806
f 1806//1806 1315//1315 1317//1317
f 1806//1806 1317//1317 1805//1805
f 1805//1805 1317//1317 1319//1319
f 1805//1805 1319//1319 1804//1804
f 1804//1804 1319//1319 1321//1321
f 1804//1804 1321//1321 1803//1803
f 1803//1803 1321//1321 1323//1323
f 1803//1803 1323//1323 1802//1802
f 1802//1802 1323//1323 1325//1325
f 1802//1802 1325//1325 1801//1801
f 1801//1801 1325//1325 1327//1327
f 1801//1801 1327//1327 1800//1800
f 1800//1800 1327//1327 1329//1329
f 1800//1800 1329//1329 1799//1799
f 1799//1799 1329//1329 1331//1331
f 1799//1799 1331//1331 1798//1798
f 1798//1798 1331//1331 1333//1333
f 1798//1798 1333//1333 1797//1797
f 1797//1797 1333//1333 1335//1335
f 1797//1797 1335//1335 1255//1255
f 1255//1255 1335//1335 1194//1194
f 1292//1292 1192//1192 1335//1335
f 1335//1335 1192//1192 1193//1193
f 1335//1335 1193//1193 1194//1194
f 1190//1190 1191//1191 1816//1816
f 1816//1816 1191//1191 1292//1292
f 1816//1816 1292//1292 1817//1817
f 1817//1817 1292//1292 1334//1334
f 1817//1817 1334//1334 1818//1818
f 1818//1818 1334//1334 1332//1332
f 1818//1818 1332//1332 1819//1819
f 1819//1819 1332//1332 1330//1330
f 1819//1819 1330//1330 1820//1820
f 1820//1820 1330//1330 1328//1328
f 1820//1820 1328//1328 1821//1821
f 1821//1821 1328//1328 1326//1326
f 1821//1821 1326//1326 1822//1822
f 1822//1822 1326//1326 1324//1324
f 1822//1822 1324//1324 1823//1823
f 1823//1823 1324//1324 1322//1322
f 1823//1823 1322//1322 1824//1824
f 1824//1824 1322//1322 1320//1320
f 1824//1824 1320//1320 1825//1825
f 1825//1825 1320//1320 1318//1318
f 1825//1825 1318//1318 1826//1826
f 1826//1826 1318//1318 1316//1316
f 1826//1826 1316//1316 1827//1827
f 1827//1827 1316//1316 1314//1314
f 1827//1827 1314//1314 1828//1828
f 1828//1828 1314//1314 1312//1312
f 1828//1828 1312//1312 1829//1829
f 1829//1829 1312//1312 1310//1310
f 1829//1829 1310//1310 1830//1830
f 1830//1830 1310//1310 1308//1308
f 1830//1830 1308//1308 1831//1831
f 1831//1831 1308//1308 1306//1306
f 1831//1831 1306//1306 1832//1832
f 1832//1832 1306//1306 1304//1304
f 1832//1832 1304//1304 1833//1833
f 1833//1833 1304//1304 1302//1302
f 1833//1833 1302//1302 1834//1834
f 1834//1834 1302//1302 1300//1300
f 1834//1834 1336//1336 1833//1833
f 1833//1833 1336//1336 1338//1338
f 1833//1833 1338//1338 1832//1832
f 1832//1832 1338//1338 1340//1340
f 1832//1832 1340//1340 1831//1831
f 1831//1831 1340//1340 1342//1342
f 1831//1831 1342//1342 1830//1830
f 1830//1830 1342//1342 1344//1344
f 1830//1830 1344//1344 1829//1829
f 1829//1829 1344//1344 1346//1346
f 1829//1829 1346//1346 1828//1828
f 1828//1828 1346//1346 1348//1348
f 1828//1828 1348//1348 1827//1827
f 1827//1827 1348//1348 1350//1350
f 1827//1827 1350//1350 1826//1826
f 1826//1826 1350//1350 1352//1352
f 1826//1826 1352//1352 1825//1825
f 1825//1825 1352//1352 1354//1354
f 1825//1825 1354//1354 1824//1824
f 1824//1824 1354//1354 1356//1356
f 1824//1824 1356//1356 1823//1823
f 1823//1823 1356//1356 1358//1358
f 1823//1823 1358//1358 1822//1822
f 1822//1822 1358//1358 1360//1360
f 1822//1822 1360//1360 1821//1821
f 1821//1821 1360//1360 1362//1362
f 1821//1821 1362//1362 1820//1820
f 1820//1820 1362//1362 1364//1364
f 1820//1820 1364//1364 1819//1819
f 1819//1819 1364//1364 1366//1366
f 1819//1819 1366//1366 1818//1818
f 1818//1818 1366//1366 1368//1368
f 1818//1818 1368//1368 1817//1817
f 1817//1817 1368//1368 1370//1370
f 1817//1817 1370//1370 1816//1816
f 1816//1816 1370//1370 1372//1372
f 1816//1816 1372//1372 1190//1190
f 1190//1190 1372//1372 1189//1189
f 1291//1291 1187//1187 1372//1372
f 1372//1372 1187//1187 1188//1188
f 1372//1372 1188//1188 1189//1189
f 1185//1185 1186//1186 1835//1835
f 1835//1835 1186//1186 1291//1291
f 1835//1835 1291//1291 1836//1836
f 1836//1836 1291//1291 1371//1371
f 1836//1836 1371//1371 1837//1837
f 1837//1837 1371//1371 1369//1369
f 1837//1837 1369//1369 1838//1838
f 1838//1838 1369//1369 1367//1367
f 1838//1838 1367//1367 1839//1839
f 1839//1839 1367//1367 1365//1365
f 1839//1839 1365//1365 1840//1840
f 1840//1840 1365//1365 1363//1363
f 1840//1840 1363//1363 1841//1841
f 1841//1841 1363//1363 1361//1361
f 1841//1841 1361//1361 1842//1842
f 1842//1842 1361//1361 1359//1359
f 1842//1842 1359//1359 1843//1843
f 1843//1843 1359//1359 1357//1357
f 1843//1843 1357//1357 1844//1844
f 1844//1844 1357//1357 1355//1355
f 1844//1844 1355//1355 1845//1845
f 1845//1845 1355//1355 1353//1353
f 1845//1845 1353//1353 1846//1846
f 1846//1846 1353//1353 1351//1351
f 1846//1846 1351//1351 1847//1847
f 1847//1847 1351//1351 1349//1349
f 1847//1847 1349//1349 1848//1848
f 1848//1848 1349//1349 1347//1347
f 1848//1848 1347//1347 1849//1849
f 1849//1849 1347//1347 1345//1345
f 1849//1849 1345//1345 1850//1850
f 1850//1850 1345//1345 1343//1343
f 1850//1850 1343//1343 1851//1851
f 1851//1851 1343//1343 1341//1341
f 1851//1851 1341//1341 1852//1852
f 1852//1852 1341//1341 1339//1339
f 1852//1852 1339//1339 1853//1853
f 1853//1853 1339//1339 1337//1337
f 1853//1853 1373//1373 1852//1852
f 1852//1852 1373//1373 1375//1375
f 1852//1852 1375//1375 1851//1851
f 1851//1851 1375//1375 1377//1377
f 1851//1851 1377//1377 1850//1850
f 1850//1850 1377//1377 1379//1379
f 1850//1850 1379//1379 1849//1849
f 1849//1849 1379//1379 1381//1381
f 1849//1849 1381//1381 1848//1848
f 1848//1848 1381//1381 1383//1383
f 1848//1848 1383//1383 1847//1847
f 1847//1847 1383//1383 1385//1385
f 1847//1847 1385//1385 1846//1846
f 1846//1846 1385//1385 1387//1387
f 1846//1846 1387//1387 1845//1845
f 1845//1845 1387//1387 1389//1389
f 1845//1845 1389//1389 1844//1844
f 1844//1844 1389//1389 1391//1391
f 1844//1844 1391//1391 1843//1843
f 1843//1843 1391//1391 1393//1393
f 1843//1843 1393//1393 1842//1842
f 1842//1842 1393//1393 1395//1395
f 1842//1842 1395//1395 1841//1841
f 1841//1841 1395//1395 1397//1397
f 1841//1841 1397//1397 1840//1840
f 1840//1840 1397//1397 1399//1399
f 1840//1840 1399//1399 1839//1839
f 1839//1839 1399//1399 1401//1401
f 1839//1839 1401//1401 1838//1838
f 1838//1838 1401//1401 1403//1403
f 1838//1838 1403//1403 1837//1837
f 1837//1837 1403//1403 1405//1405
f 1837//1837 1405//1405 1836//1836
f 1836//1836 1405//1405 1407//1407
f 1836//1836 1407//1407 1835//1835
f 1835//1835 1407//1407 1409//1409
f 1835//1835 1409//1409 1185//1185
f 1185//1185 1409//1409 1184//1184
f 1290//1290 1182//1182 1409//1409
f 1409//1409 1182//1182 1183//1183
f 1409//1409 1183//1183 1184//1184
f 1180//1180 1181//1181 1854//1854
f 1854//1854 1181//1181 1290//1290
f 1854//1854 1290//1290 1855//1855
f 1855//1855 1290//1290 1408//1408
f 1855//1855 1408//1408 1856//1856
f 1856//1856 1408//1408 1406//1406
f 1856//1856 1406//1406 1857//1857
f 1857//1857 1406//1406 1404//1404
f 1857//1857 1404//1404 1858//1858
f 1858//1858 1404//1404 1402//1402
f 1858//1858 1402//1402 1859//1859
f 1859//1859 1402//1402 1400//1400
f 1859//1859 1400//1400 1860//1860
f 1860//1860 1400//1400 1398//1398
f 1860//1860 1398//1398 1861//1861
f 1861//1861 1398//1398 1396//1396
f 1861//1861 1396//1396 1862//1862
f 1862//1862 1396//1396 1394//1394
f 1862//1862 1394//1394 1863//1863
f 1863//1863 1394//1394 1392//1392
f 1863//1863 1392//1392 1864//1864
f 1864//1864 1392//1392 1390//1390
f 1864//1864 1390//1390 1865//1865
f 1865//1865 1390//1390 1388//1388
f 1865//1865 1388//1388 1866//1866
f 1866//1866 1388//1388 1386//1386
f 1866//1866 1386//1386 1867//1867
f 1867//1867 1386//1386 1384//1384
f 1867//1867 1384//1384 1868//1868
f 1868//1868 1384//1384 1382//1382
f 1868//1868 1382//1382 1869//1869
f 1869//1869 1382//1382 1380//1380
f 1869//1869 1380//1380 1870//1870
f 1870//1870 1380//1380 1378//1378
f 1870//1870 1378//1378 1871//1871
f 1871//1871 1378//1378 1376//1376
f 1871//1871 1376//1376 1872//1872
f 1872//1872 1376//1376 1374//1374
f 1872//1872 1873//1873 1871//1871
f 1871//1871 1873//1873 1874//1874
f 1871//1871 1874//1874 1870//1870
f 1870//1870 1874//1874 1875//1875
f 1870//1870 1875//1875 1869//1869
f 1869//1869 1875//1875 1876//1876
f 1869//1869 1876//1876 1868//1868
f 1868//1868 1876//1876 1877//1877
f 1868//1868 1877//1877 1867//1867
f 1867//1867 1877//1877 1878//1878
f 1867//1867 1878//1878 1866//1866
f 1866//1866 1878//1878 1879//1879
f 1866//1866 1879//1879 1865//1865
f 1865//1865 1879//1879 1880//1880
f 1865//1865 1880//1880 1864//1864
f 1864//1864 1880//1880 1881//1881
f 1864//1864 1881//1881 1863//1863
f 1863//1863 1881//1881 1882//1882
f 1863//1863 1882//1882 1862//1862
f 1862//1862 1882//1882 1883//1883
f 1862//1862 1883//1883 1861//1861
f 1861//1861 1883//1883 1884//1884
f 1861//1861 1884//1884 1860//1860
f 1860//1860 1884//1884 1885//1885
f 1860//1860 1885//1885 1859//1859
f 1859//1859 1885//1885 1886//1886
f 1859//1859 1886//1886 1858//1858
f 1858//1858 1886//1886 1887//1887
f 1858//1858 1887//1887 1857//1857
f 1857//1857 1887//1887 1888//1888
f 1857//1857 1888//1888 1856//1856
f 1856//1856 1888//1888 1889//1889
f 1856//1856 1889//1889 1855//1855
f 1855//1855 1889//1889 1890//1890
f 1855//1855 1890//1890 1854//1854
f 1854//1854 1890//1890 1891//1891
f 1854//1854 1891//1891 1180//1180
f 1180//1180 1891//1891 1179//1179
f 1873//1873 1892//1892 1874//1874
f 1874//1874 1892//1892 1893//1893
f 1874//1874 1893//1893 1875//1875
f 1875//1875 1893//1893 1894//1894
f 1875//1875 1894//1894 1876//1876
f 1876//1876 1894//1894 1895//1895
f 1876//1876 1895//1895 1877//1877
f 1877//1877 1895//1895 1896//1896
f 1877//1877 1896//1896 1878//1878
f 1878//1878 1896//1896 1897//1897
f 1878//1878 1897//1897 1879//1879
f 1879//1879 1897//1897 1898//1898
f 1879//1879 1898//1898 1880//1880
f 1880//1880 1898//1898 1899//1899
f 1880//1880 1899//1899 1881//1881
f 1881//1881 1899//1899 1900//1900
f 1881//1881 1900//1900 1882//1882
f 1882//1882 1900//1900 1901//1901
f 1882//1882 1901//1901 1883//1883
f 1883//1883 1901//1901 1902//1902
f 1883//1883 1902//1902 1884//1884
f 1884//1884 1902//1902 1903//1903
f 1884//1884 1903//1903 1885//1885
f 1885//1885 1903//1903 1904//1904
f 1885//1885 1904//1904 1886//1886
f 1886//1886 1904//1904 1905//1905
f 1886//1886 1905//1905 1887//1887
f 1887//1887 1905//1905 1906//1906
f 1887//1887 1906//1906 1888//1888
f 1888//1888 1906//1906 1907//1907
f 1888//1888 1907//1907 1889//1889
f 1889//1889 1907//1907 1908//1908
f 1889//1889 1908//1908 1890//1890
f 1890//1890 1908//1908 1909//1909
f 1890//1890 1909//1909 1891//1891
f 1891//1891 1909//1909 1289//1289
f 1891//1891 1289//1289 1179//1179
f 1179//1179 1289//1289 1198//1198
f 1892//1892 1910//1910 1893//1893
f 1893//1893 1910//1910 1911//1911
f 1893//1893 1911//1911 1894//1894
f 1894//1894 1911//1911 1912//1912
f 1894//1894 1912//1912 1895//1895
f 1895//1895 1912//1912 1913//1913
f 1895//1895 1913//1913 1896//1896
f 1896//1896 1913//1913 1914//1914
f 1896//1896 1914//1914 1897//1897
f 1897//1897 1914//1914 1915//1915
f 1897//1897 1915//1915 1898//1898
f 1898//1898 1915//1915 1916//1916
f 1898//1898 1916//1916 1899//1899
f 1899//1899 1916//1916 1917//1917
f 1899//1899 1917//1917 1900//1900
f 1900//1900 1917//1917 1918//1918
f 1900//1900 1918//1918 1901//1901
f 1901//1901 1918//1918 1919//1919
f 1901//1901 1919//1919 1902//1902
f 1902//1902 1919//1919 1920//1920
f 1902//1902 1920//1920 1903//1903
f 1903//1903 1920//1920 1921//1921
f 1903//1903 1921//1921 1904//1904
f 1904//1904 1921//1921 1922//1922
f 1904//1904 1922//1922 1905//1905
f 1905//1905 1922//1922 1923//1923
f 1905//1905 1923//1923 1906//1906
f 1906//1906 1923//1923 1924//1924
f 1906//1906 1924//1924 1907//1907
f 1907//1907 1924//1924 1925//1925
f 1907//1907 1925//1925 1908//1908
f 1908//1908 1925//1925 1926//1926
f 1908//1908 1926//1926 1909//1909
f 1909//1909 1926//1926 1927//1927
f 1909//1909 1927//1927 1289//1289
f 1289//1289 1927//1927 1288//1288
f 1289//1289 1288//1288 1197//1197
f 1197//1197 1288//1288 1196//1196
f 1216//1216 1195//1195 1928//1928
f 1928//1928 1195//1195 1288//1288
f 1928//1928 1288//1288 1929//1929
f 1929//1929 1288//1288 1927//1927
f 1929//1929 1927//1927 1930//1930
f 1930//1930 1927//1927 1926//1926
f 1930//1930 1926//1926 1931//1931
f 1931//1931 1926//1926 1925//1925
f 1931//1931 1925//1925 1932//1932
f 1932//1932 1925//1925 1924//1924
f 1932//1932 1924//1924 1933//1933
f 1933//1933 1924//1924 1923//1923
f 1933//1933 1923//1923 1934//1934
f 1934//1934 1923//1923 1922//1922
f 1934//1934 1922//1922 1935//1935
f 1935//1935 1922//1922 1921//1921
f 1935//1935 1921//1921 1936//1936
f 1936//1936 1921//1921 1920//1920
f 1936//1936 1920//1920 1937//1937
f 1937//1937 1920//1920 1919//1919
f 1937//1937 1919//1919 1938//1938
f 1938//1938 1919//1919 1918//1918
f 1938//1938 1918//1918 1939//1939
f 1939//1939 1918//1918 1917//1917
f 1939//1939 1917//1917 1940//1940
f 1940//1940 1917//1917 1916//1916
f 1940//1940 1916//1916 1941//1941
f 1941//1941 1916//1916 1915//1915
f 1941//1941 1915//1915 1942//1942
f 1942//1942 1915//1915 1914//1914
f 1942//1942 1914//1914 1943//1943
f 1943//1943 1914//1914 1913//1913
f 1943//1943 1913//1913 1944//1944
f 1944//1944 1913//1913 1912//1912
f 1944//1944 1912//1912 1945//1945
f 1945//1945 1912//1912 1911//1911
f 1945//1945 1911//1911 1946//1946
f 1946//1946 1911//1911 1910//1910
f 1946//1946 1947//1947 1945//1945
f 1945//1945 1947//1947 1948//1948
f 1945//1945 1948//1948 1944//1944
f 1944//1944 1948//1948 1949//1949
f 1944//1944 1949//1949 1943//1943
f 1943//1943 1949//1949 1950//1950
f 1943//1943 1950//1950 1942//1942
f 1942//1942 1950//1950 1951//1951
f 1942//1942 1951//1951 1941//1941
f 1941//1941 1951//1951 1952//1952
f 1941//1941 1952//1952 1940//1940
f 1940//1940 1952//1952 1953//1953
f 1940//1940 1953//1953 1939//1939
f 1939//1939 1953//1953 1954//1954
f 1939//1939 1954//1954 1938//1938
f 1938//1938 1954//1954 1955//1955
f 1938//1938 1955//1955 1937//1937
f 1937//1937 1955//1955 1956//1956
f 1937//1937 1956//1956 1936//1936
f 1936//1936 1956//1956 1957//1957
f 1936//1936 1957//1957 1935//1935
f 1935//1935 1957//1957 1958//1958
f 1935//1935 1958//1958 1934//1934
f 1934//1934 1958//1958 1959//1959
f 1934//1934 1959//1959 1933//1933
f 1933//1933 1959//1959 1960//1960
f 1933//1933 1960//1960 1932//1932
f 1932//1932 1960//1960 1961//1961
f 1932//1932 1961//1961 1931//1931
f 1931//1931 1961//1961 1962//1962
f 1931//1931 1962//1962 1930//1930
f 1930//1930 1962//1962 1963//1963
f 1930//1930 1963//1963 1929//1929
f 1929//1929 1963//1963 1964//1964
f 1929//1929 1964//1964 1928//1928
f 1928//1928 1964//1964 1287//1287
f 1928//1928 1287//1287 1216//1216
f 1216//1216 1287//1287 1215//1215
f 1947//1947 1965//1965 1948//1948
f 1948//1948 1965//1965 1966//1966
f 1948//1948 1966//1966 1949//1949
f 1949//1949 1966//1966 1967//1967
f 1949//1949 1967//1967 1950//1950
f 1950//1950 1967//1967 1968//1968
f 1950//1950 1968//1968 1951//1951
f 1951//1951 1968//1968 1969//1969
f 1951//1951 1969//1969 1952//1952
f 1952//1952 1969//1969 1970//1970
f 1952//1952 1970//1970 1953//1953
f 1953//1953 1970//1970 1971//1971
f 1953//1953 1971//1971 1954//1954
f 1954//1954 1971//1971 1972//1972
f 1954//1954 1972//1972 1955//1955
f 1955//1955 1972//1972 1973//1973
f 1955//1955 1973//1973 1956//1956
f 1956//1956 1973//1973 1974//1974
f 1956//1956 1974//1974 1957//1957
f 1957//1957 1974//1974 1975//1975
f 1957//1957 1975//1975 1958//1958
f 1958//1958 1975//1975 1976//1976
f 1958//1958 1976//1976 1959//1959
f 1959//1959 1976//1976 1977//1977
f 1959//1959 1977//1977 1960//1960
f 1960//1960 1977//1977 1978//1978
f 1960//1960 1978//1978 1961//1961
f 1961//1961 1978//1978 1979//1979
f 1961//1961 1979//1979 1962//1962
f 1962//1962 1979//1979 1980//1980
f 1962//1962 1980//1980 1963//1963
f 1963//1963 1980//1980 1981//1981
f 1963//1963 1981//1981 1964//1964
f 1964//1964 1981//1981 1982//1982
f 1964//1964 1982//1982 1287//1287
f 1287//1287 1982//1982 1286//1286
f 1287//1287 1286//1286 1214//1214
f 1214//1214 1286//1286 1213//1213
f 1211//1211 1212//1212 1983//1983
f 1983//1983 1212//1212 1286//1286
f 1983//1983 1286//1286 1984//1984
f 1984//1984 1286//1286 1982//1982
f 1984//1984 1982//1982 1985//1985
f 1985//1985 1982//1982 1981//1981
f 1985//1985 1981//1981 1986//1986
f 1986//1986 1981//1981 1980//1980
f 1986//1986 1980//1980 1987//1987
f 1987//1987 1980//1980 1979//1979
f 1987//1987 1979//1979 1988//1988
f 1988//1988 1979//1979 1978//1978
f 1988//1988 1978//1978 1989//1989
f 1989//1989 1978//1978 1977//1977
f 1989//1989 1977//1977 1990//1990
f 1990//1990 1977//1977 1976//1976
f 1990//1990 1976//1976 1991//1991
f 1991//1991 1976//1976 1975//1975
f 1991//1991 1975//1975 1992//1992
f 1992//1992 1975//1975 1974//1974
f 1992//1992 1974//1974 1993//1993
f 1993//1993 1974//1974 1973//1973
f 1993//1993 1973//1973 1994//1994
f 1994//1994 1973//1973 1972//1972
f 1994//1994 1972//1972 1995//1995
f 1995//1995 1972//1972 1971//1971
f 1995//1995 1971//1971 1996//1996
f 1996//1996 1971//1971 1970//1970
f 1996//1996 1970//1970 1997//1997
f 1997//1997 1970//1970 1969//1969
f 1997//1997 1969//1969 1998//1998
f 1998//1998 1969//1969 1968//1968
f 1998//1998 1968//1968 1999//1999
f 1999//1999 1968//1968 1967//1967
f 1999//1999 1967//1967 2000//2000
f 2000//2000 1967//1967 1966//1966
f 2000//2000 1966//1966 2001//2001
f 2001//2001 1966//1966 1965//1965
f 2001//2001 2002//2002 2000//2000
f 2000//2000 2002//2002 2003//2003
f 2000//2000 2003//2003 1999//1999
f 1999//1999 2003//2003 2004//2004
f 1999//1999 2004//2004 1998//1998
f 1998//1998 2004//2004 2005//2005
f 1998//1998 2005//2005 1997//1997
f 1997//1997 2005//2005 2006//2006
f 1997//1997 2006//2006 1996//1996
f 1996//1996 2006//2006 2007//2007
f 1996//1996 2007//2007 1995//1995
f 1995//1995 2007//2007 2008//2008
f 1995//1995 2008//2008 1994//1994
f 1994//1994 2008//2008 2009//2009
f 1994//1994 2009//2009 1993//1993
f 1993//1993 2009//2009 2010//2010
f 1993//1993 2010//2010 1992//1992
f 1992//1992 2010//2010 2011//2011
f 1992//1992 2011//2011 1991//1991
f 1991//1991 2011//2011 2012//2012
f 1991//1991 2012//2012 1990//1990
f 1990//1990 2012//2012 2013//2013
f 1990//1990 2013//2013 1989//1989
f 1989//1989 2013//2013 2014//2014
f 1989//1989 2014//2014 1988//1988
f 1988//1988 2014//2014 2015//2015
f 1988//1988 2015//2015 1987//1987
f 1987//1987 2015//2015 2016//2016
f 1987//1987 2016//2016 1986//1986
f 1986//1986 2016//2016 2017//2017
f 1986//1986 2017//2017 1985//1985
f 1985//1985 2017//2017 2018//2018
f 1985//1985 2018//2018 1984//1984
f 1984//1984 2018//2018 2019//2019
f 1984//1984 2019//2019 1983//1983
f 1983//1983 2019//2019 1285//1285
f 1983//1983 1285//1285 1211//1211
f 1211//1211 1285//1285 1210//1210
f 2002//2002 2020//2020 2003//2003
f 2003//2003 2020//2020 2021//2021
f 2003//2003 2021//2021 2004//2004
f 2004//2004 2021//2021 2022//2022
f 2004//2004 2022//2022 2005//2005
f 2005//2005 2022//2022 2023//2023
f 2005//2005 2023//2023 2006//2006
f 2006//2006 2023//2023 2024//2024
f 2006//2006 2024//2024 2007//2007
f 2007//2007 2024//2024 2025//2025
f 2007//2007 2025//2025 2008//2008
f 2008//2008 2025//2025 2026//2026
f 2008//2008 2026//2026 2009//2009
f 2009//2009 2026//2026 2027//2027
f 2009//2009 2027//2027 2010//2010
f 2010//2010 2027//2027 2028//2028
f 2010//2010 2028//2028 2011//2011
f 2011//2011 2028//2028 2029//2029
f 2011//2011 2029//2029 2012//2012
f 2012//2012 2029//2029 2030//2030
f 2012//2012 2030//2030 2013//2013
f 2013//2013 2030//2030 2031//2031
f 2013//2013 2031//2031 2014//2014
f 2014//2014 2031//2031 2032//2032
f 2014//2014 2032//2032 2015//2015
f 2015//2015 2032//2032 2033//2033
f 2015//2015 2033//2033 2016//2016
f 2016//2016 2033//2033 2034//2034
f 2016//2016 2034//2034 2017//2017
f 2017//2017 2034//2034 2035//2035
f 2017//2017 2035//2035 2018//2018
f 2018//2018 2035//2035 2036//2036
f 2018//2018 2036//2036 2019//2019
f 2019//2019 2036//2036 2037//2037
f 2019//2019 2037//2037 1285//1285
f 1285//1285 2037//2037 1284//1284
f 1285//1285 1284//1284 1209//1209
f 1209//1209 1284//1284 1208//1208
f 1206//1206 1207//1207 2038//2038
f 2038//2038 1207//1207 1284//1284
f 2038//2038 1284//1284 2039//2039
f 2039//2039 1284//1284 2037//2037
f 2039//2039 2037//2037 2040//2040
f 2040//2040 2037//2037 2036//2036
f 2040//2040 2036//2036 2041//2041
f 2041//2041 2036//2036 2035//2035
f 2041//2041 2035//2035 2042//2042
f 2042//2042 2035//2035 2034//2034
f 2042//2042 2034//2034 2043//2043
f 2043//2043 2034//2034 2033//2033
f 2043//2043 2033//2033 2044//2044
f 2044//2044 2033//2033 2032//2032
f 2044//2044 2032//2032 2045//2045
f 2045//2045 2032//2032 2031//2031
f 2045//2045 2031//2031 2046//2046
f 2046//2046 2031//2031 2030//2030
f 2046//2046 2030//2030 2047//2047
f 2047//2047 2030//2030 2029//2029
f 2047//2047 2029//2029 2048//2048
f 2048//2048 2029//2029 2028//2028
f 2048//2048 2028//2028 2049//2049
f 2049//2049 2028//2028 2027//2027
f 2049//2049 2027//2027 2050//2050
f 2050//2050 2027//2027 2026//2026
f 2050//2050 2026//2026 2051//2051
f 2051//2051 2026//2026 2025//2025
f 2051//2051 2025//2025 2052//2052
f 2052//2052 2025//2025 2024//2024
f 2052//2052 2024//2024 2053//2053
f 2053//2053 2024//2024 2023//2023
f 2053//2053 2023//2023 2054//2054
f 2054//2054 2023//2023 2022//2022
f 2054//2054 2022//2022 2055//2055
f 2055//2055 2022//2022 2021//2021
f 2055//2055 2021//2021 2056//2056
f 2056//2056 2021//2021 2020//2020
f 2056//2056 1410//1410 2055//2055
f 2055//2055 1410//1410 1412//1412
f 2055//2055 1412//1412 2054//2054
f 2054//2054 1412//1412 1414//1414
f 2054//2054 1414//1414 2053//2053
f 2053//2053 1414//1414 1416//1416
f 2053//2053 1416//1416 2052//2052
f 2052//2052 1416//1416 1418//1418
f 2052//2052 1418//1418 2051//2051
f 2051//2051 1418//1418 1420//1420
f 2051//2051 1420//1420 2050//2050
f 2050//2050 1420//1420 1422//1422
f 2050//2050 1422//1422 2049//2049
f 2049//2049 1422//1422 1424//1424
f 2049//2049 1424//1424 2048//2048
f 2048//2048 1424//1424 1426//1426
f 2048//2048 1426//1426 2047//2047
f 2047//2047 1426//1426 1428//1428
f 2047//2047 1428//1428 2046//2046
f 2046//2046 1428//1428 1430//1430
f 2046//2046 1430//1430 2045//2045
f 2045//2045 1430//1430 1432//1432
f 2045//2045 1432//1432 2044//2044
f 2044//2044 1432//1432 1434//1434
f 2044//2044 1434//1434 2043//2043
f 2043//2043 1434//1434 1436//1436
f 2043//2043 1436//1436 2042//2042
f 2042//2042 1436//1436 1438//1438
f 2042//2042 1438//1438 2041//2041
f 2041//2041 1438//1438 1440//1440
f 2041//2041 1440//1440 2040//2040
f 2040//2040 1440//1440 1442//1442
f 2040//2040 1442//1442 2039//2039
f 2039//2039 1442//1442 1444//1444
f 2039//2039 1444//1444 2038//2038
f 2038//2038 1444//1444 1446//1446
f 2038//2038 1446//1446 1206//1206
f 1206//1206 1446//1446 1205//1205
f 1283//1283 1203//1203 1446//1446
f 1446//1446 1203//1203 1204//1204
f 1446//1446 1204//1204 1205//1205
f 1201//1201 1202//1202 2057//2057
f 2057//2057 1202//1202 1283//1283
f 2057//2057 1283//1283 2058//2058
f 2058//2058 1283//1283 1445//1445
f 2058//2058 1445//1445 2059//2059
f 2059//2059 1445//1445 1443//1443
f 2059//2059 1443//1443 2060//2060
f 2060//2060 1443//1443 1441//1441
f 2060//2060 1441//1441 2061//2061
f 2061//2061 1441//1441 1439//1439
f 2061//2061 1439//1439 2062//2062
f 2062//2062 1439//1439 1437//1437
f 2062//2062 1437//1437 2063//2063
f 2063//2063 1437//1437 1435//1435
f 2063//2063 1435//1435 2064//2064
f 2064//2064 1435//1435 1433//1433
f 2064//2064 1433//1433 2065//2065
f 2065//2065 1433//1433 1431//1431
f 2065//2065 1431//1431 2066//2066
f 2066//2066 1431//1431 1429//1429
f 2066//2066 1429//1429 2067//2067
f 2067//2067 1429//1429 1427//1427
f 2067//2067 1427//1427 2068//2068
f 2068//2068 1427//1427 1425//1425
f 2068//2068 1425//1425 2069//2069
f 2069//2069 1425//1425 1423//1423
f 2069//2069 1423//1423 2070//2070
f 2070//2070 1423//1423 1421//1421
f 2070//2070 1421//1421 2071//2071
f 2071//2071 1421//1421 1419//1419
f 2071//2071 1419//1419 2072//2072
f 2072//2072 1419//1419 1417//1417
f 2072//2072 1417//1417 2073//2073
f 2073//2073 1417//1417 1415//1415
f 2073//2073 1415//1415 2074//2074
f 2074//2074 1415//1415 1413//1413
f 2074//2074 1413//1413 2075//2075
f 2075//2075 1413//1413 1411//1411
f 2075//2075 1447//1447 2074//2074
f 2074//2074 1447//1447 1449//1449
f 2074//2074 1449//1449 2073//2073
f 2073//2073 1449//1449 1451//1451
f 2073//2073 1451//1451 2072//2072
f 2072//2072 1451//1451 1453//1453
f 2072//2072 1453//1453 2071//2071
f 2071//2071 1453//1453 1455//1455
f 2071//2071 1455//1455 2070//2070
f 2070//2070 1455//1455 1457//1457
f 2070//2070 1457//1457 2069//2069
f 2069//2069 1457//1457 1459//1459
f 2069//2069 1459//1459 2068//2068
f 2068//2068 1459//1459 1461//1461
f 2068//2068 1461//1461 2067//2067
f 2067//2067 1461//1461 1463//1463
f 2067//2067 1463//1463 2066//2066
f 2066//2066 1463//1463 1465//1465
f 2066//2066 1465//1465 2065//2065
f 2065//2065 1465//1465 1467//1467
f 2065//2065 1467//1467 2064//2064
f 2064//2064 1467//1467 1469//1469
f 2064//2064 1469//1469 2063//2063
f 2063//2063 1469//1469 1471//1471
f 2063//2063 1471//1471 2062//2062
f 2062//2062 1471//1471 1473//1473
f 2062//2062 1473//1473 2061//2061
f 2061//2061 1473//1473 1475//1475
f 2061//2061 1475//1475 2060//2060
f 2060//2060 1475//1475 1477//1477
f 2060//2060 1477//1477 2059//2059
f 2059//2059 1477//1477 1479//1479
f 2059//2059 1479//1479 2058//2058
f 2058//2058 1479//1479 1481//1481
f 2058//2058 1481//1481 2057//2057
f 2057//2057 1481//1481 1483//1483
f 2057//2057 1483//1483 1201//1201
f 1201//1201 1483//1483 1200//1200
f 1282//1282 1225//1225 1483//1483
f 1483//1483 1225//1225 1199//1199
f 1483//1483 1199//1199 1200//1200
f 1223//1223 1224//1224 2076//2076
f 2076//2076 1224//1224 1282//1282
f 2076//2076 1282//1282 2077//2077
f 2077//2077 1282//1282 1482//1482
f 2077//2077 1482//1482 2078//2078
f 2078//2078 1482//1482 1480//1480
f 2078//2078 1480//1480 2079//2079
f 2079//2079 1480//1480 1478//1478
f 2079//2079 1478//1478 2080//2080
f 2080//2080 1478//1478 1476//1476
f 2080//2080 1476//1476 2081//2081
f 2081//2081 1476//1476 1474//1474
f 2081//2081 1474//1474 2082//2082
f 2082//2082 1474//1474 1472//1472
f 2082//2082 1472//1472 2083//2083
f 2083//2083 1472//1472 1470//1470
f 2083//2083 1470//1470 2084//2084
f 2084//2084 1470//1470 1468//1468
f 2084//2084 1468//1468 2085//2085
f 2085//2085 1468//1468 1466//1466
f 2085//2085 1466//1466 2086//2086
f 2086//2086 1466//1466 1464//1464
f 2086//2086 1464//1464 2087//2087
f 2087//2087 1464//1464 1462//1462
f 2087//2087 1462//1462 2088//2088
f 2088//2088 1462//1462 1460//1460
f 2088//2088 1460//1460 2089//2089
f 2089//2089 1460//1460 1458//1458
f 2089//2089 1458//1458 2090//2090
f 2090//2090 1458//1458 1456//1456
f 2090//2090 1456//1456 2091//2091
f 2091//2091 1456//1456 1454//1454
f 2091//2091 1454//1454 2092//2092
f 2092//2092 1454//1454 1452//1452
f 2092//2092 1452//1452 2093//2093
f 2093//2093 1452//1452 1450//1450
f 2093//2093 1450//1450 2094//2094
f 2094//2094 1450//1450 1448//1448
f 2094//2094 1484//1484 2093//2093
f 2093//2093 1484//1484 1486//1486
f 2093//2093 1486//1486 2092//2092
f 2092//2092 1486//1486 1488//1488
f 2092//2092 1488//1488 2091//2091
f 2091//2091 1488//1488 1490//1490
f 2091//2091 1490//1490 2090//2090
f 2090//2090 1490//1490 1492//1492
f 2090//2090 1492//1492 2089//2089
f 2089//2089 1492//1492 1494//1494
f 2089//2089 1494//1494 2088//2088
f 2088//2088 1494//1494 1496//1496
f 2088//2088 1496//1496 2087//2087
f 2087//2087 1496//1496 1498//1498
f 2087//2087 1498//1498 2086//2086
f 2086//2086 1498//1498 1500//1500
f 2086//2086 1500//1500 2085//2085
f 2085//2085 1500//1500 1502//1502
f 2085//2085 1502//1502 2084//2084
f 2084//2084 1502//1502 1504//1504
f 2084//2084 1504//1504 2083//2083
f 2083//2083 1504//1504 1506//1506
f 2083//2083 1506//1506 2082//2082
f 2082//2082 1506//1506 1508//1508
f 2082//2082 1508//1508 2081//2081
f 2081//2081 1508//1508 1510//1510
f 2081//2081 1510//1510 2080//2080
f 2080//2080 1510//1510 1512//1512
f 2080//2080 1512//1512 2079//2079
f 2079//2079 1512//1512 1514//1514
f 2079//2079 1514//1514 2078//2078
f 2078//2078 1514//1514 1516//1516
f 2078//2078 1516//1516 2077//2077
f 2077//2077 1516//1516 1518//1518
f 2077//2077 1518//1518 2076//2076
f 2076//2076 1518//1518 1520//1520
f 2076//2076 1520//1520 1223//1223
f 1223//1223 1520//1520 1222//1222
f 1281//1281 1220//1220 1520//1520
f 1520//1520 1220//1220 1221//1221
f 1520//1520 1221//1221 1222//1222
f 1218//1218 1219//1219 2095//2095
f 2095//2095 1219//1219 1281//1281
f 2095//2095 1281//1281 2096//2096
f 2096//2096 1281//1281 1519//1519
f 2096//2096 1519//1519 2097//2097
f 2097//2097 1519//1519 1517//1517
f 2097//2097 1517//1517 2098//2098
f 2098//2098 1517//1517 1515//1515
f 2098//2098 1515//1515 2099//2099
f 2099//2099 1515//1515 1513//1513
f 2099//2099 1513//1513 2100//2100
f 2100//2100 1513//1513 1511//1511
f 2100//2100 1511//1511 2101//2101
f 2101//2101 1511//1511 1509//1509
f 2101//2101 1509//1509 2102//2102
f 2102//2102 1509//1509 1507//1507
f 2102//2102 1507//1507 2103//2103
f 2103//2103 1507//1507 1505//1505
f 2103//2103 1505//1505 2104//2104
f 2104//2104 1505//1505 1503//1503
f 2104//2104 1503//1503 2105//2105
f 2105//2105 1503//1503 1501//1501
f 2105//2105 1501//1501 2106//2106
f 2106//2106 1501//1501 1499//1499
f 2106//2106 1499//1499 2107//2107
f 2107//2107 1499//1499 1497//1497
f 2107//2107 1497//1497 2108//2108
f 2108//2108 1497//1497 1495//1495
f 2108//2108 1495//1495 2109//2109
f 2109//2109 1495//1495 1493//1493
f 2109//2109 1493//1493 2110//2110
f 2110//2110 1493//1493 1491//1491
f 2110//2110 1491//1491 2111//2111
f 2111//2111 1491//1491 1489//1489
f 2111//2111 1489//1489 2112//2112
f 2112//2112 1489//1489 1487//1487
f 2112//2112 1487//1487 2113//2113
f 2113//2113 1487//1487 1485//1485
f 2113//2113 2114//2114 2112//2112
f 2112//2112 2114//2114 2115//2115
f 2112//2112 2115//2115 2111//2111
f 2111//2111 2115//2115 2116//2116
f 2111//2111 2116//2116 2110//2110
f 2110//2110 2116//2116 2117//2117
f 2110//2110 2117//2117 2109//2109
f 2109//2109 2117//2117 2118//2118
f 2109//2109 2118//2118 2108//2108
f 2108//2108 2118//2118 2119//2119
f 2108//2108 2119//2119 2107//2107
f 2107//2107 2119//2119 2120//2120
f 2107//2107 2120//2120 2106//2106
f 2106//2106 2120//2120 2121//2121
f 2106//2106 2121//2121 2105//2105
f 2105//2105 2121//2121 2122//2122
f 2105//2105 2122//2122 2104//2104
f 2104//2104 2122//2122 2123//2123
f 2104//2104 2123//2123 2103//2103
f 2103//2103 2123//2123 2124//2124
f 2103//2103 2124//2124 2102//2102
f 2102//2102 2124//2124 2125//2125
f 2102//2102 2125//2125 2101//2101
f 2101//2101 2125//2125 2126//2126
f 2101//2101 2126//2126 2100//2100
f 2100//2100 2126//2126 2127//2127
f 2100//2100 2127//2127 2099//2099
f 2099//2099 2127//2127 2128//2128
f 2099//2099 2128//2128 2098//2098
f 2098//2098 2128//2128 2129//2129
f 2098//2098 2129//2129 2097//2097
f 2097//2097 2129//2129 2130//2130
f 2097//2097 2130//2130 2096//2096
f 2096//2096 2130//2130 2131//2131
f 2096//2096 2131//2131 2095//2095
f 2095//2095 2131//2131 2132//2132
f 2095//2095 2132//2132 1218//1218
f 1218//1218 2132//2132 1217//1217
f 2114//2114 2133//2133 2115//2115
f 2115//2115 2133//2133 2134//2134
f 2115//2115 2134//2134 2116//2116
f 2116//2116 2134//2134 2135//2135
f 2116//2116 2135//2135 2117//2117
f 2117//2117 2135//2135 2136//2136
f 2117//2117 2136//2136 2118//2118
f 2118//2118 2136//2136 2137//2137
f 2118//2118 2137//2137 2119//2119
f 2119//2119 2137//2137 2138//2138
f 2119//2119 2138//2138 2120//2120
f 2120//2120 2138//2138 2139//2139
f 2120//2120 2139//2139 2121//2121
f 2121//2121 2139//2139 2140//2140
f 2121//2121 2140//2140 2122//2122
f 2122//2122 2140//2140 2141//2141
f 2122//2122 2141//2141 2123//2123
f 2123//2123 2141//2141 2142//2142
f 2123//2123 2142//2142 2124//2124
f 2124//2124 2142//2142 2143//2143
f 2124//2124 2143//2143 2125//2125
f 2125//2125 2143//2143 2144//2144
f 2125//2125 2144//2144 2126//2126
f 2126//2126 2144//2144 2145//2145
f 2126//2126 2145//2145 2127//2127
f 2127//2127 2145//2145 2146//2146
f 2127//2127 2146//2146 2128//2128
f 2128//2128 2146//2146 2147//2147
f 2128//2128 2147//2147 2129//2129
f 2129//2129 2147//2147 2148//2148
f 2129//2129 2148//2148 2130//2130
f 2130//2130 2148//2148 2149//2149
f 2130//2130 2149//2149 2131//2131
f 2131//2131 2149//2149 2150//2150
f 2131//2131 2150//2150 2132//2132
f 2132//2132 2150//2150 1280//1280
f 2132//2132 1280//1280 1217//1217
f 1217//1217 1280//1280 1234//1234
f 2133//2133 2151//2151 2134//2134
f 2134//2134 2151//2151 2152//2152
f 2134//2134 2152//2152 2135//2135
f 2135//2135 2152//2152 2153//2153
f 2135//2135 2153//2153 2136//2136
f 2136//2136 2153//2153 2154//2154
f 2136//2136 2154//2154 2137//2137
f 2137//2137 2154//2154 2155//2155
f 2137//2137 2155//2155 2138//2138
f 2138//2138 2155//2155 2156//2156
f 2138//2138 2156//2156 2139//2139
f 2139//2139 2156//2156 2157//2157
f 2139//2139 2157//2157 2140//2140
f 2140//2140 2157//2157 2158//2158
f 2140//2140 2158//2158 2141//2141
f 2141//2141 2158//2158 2159//2159
f 2141//2141 2159//2159 2142//2142
f 2142//2142 2159//2159 2160//2160
f 2142//2142 2160//2160 2143//2143
f 2143//2143 2160//2160 2161//2161
f 2143//2143 2161//2161 2144//2144
f 2144//2144 2161//2161 2162//2162
f 2144//2144 2162//2162 2145//2145
f 2145//2145 2162//2162 2163//2163
f 2145//2145 2163//2163 2146//2146
f 2146//2146 2163//2163 2164//2164
f 2146//2146 2164//2164 2147//2147
f 2147//2147 2164//2164 2165//2165
f 2147//2147 2165//2165 2148//2148
f 2148//2148 2165//2165 2166//2166
f 2148//2148 2166//2166 2149//2149
f 2149//2149 2166//2166 2167//2167
f 2149//2149 2167//2167 2150//2150
f 2150//2150 2167//2167 2168//2168
f 2150//2150 2168//2168 1280//1280
f 1280//1280 2168//2168 1279//1279
f 1280//1280 1279//1279 1233//1233
f 1233//1233 1279//1279 1232//1232
f 1230//1230 1231//1231 2169//2169
f 2169//2169 1231//1231 1279//1279
f 2169//2169 1279//1279 2170//2170
f 2170//2170 1279//1279 2168//2168
f 2170//2170 2168//2168 2171//2171
f 2171//2171 2168//2168 2167//2167
f 2171//2171 2167//2167 2172//2172
f 2172//2172 2167//2167 2166//2166
f 2172//2172 2166//2166 2173//2173
f 2173//2173 2166//2166 2165//2165
f 2173//2173 2165//2165 2174//2174
f 2174//2174 2165//2165 2164//2164
f 2174//2174 2164//2164 2175//2175
f 2175//2175 2164//2164 2163//2163
f 2175//2175 2163//2163 2176//2176
f 2176//2176 2163//2163 2162//2162
f 2176//2176 2162//2162 2177//2177
f 2177//2177 2162//2162 2161//2161
f 2177//2177 2161//2161 2178//2178
f 2178//2178 2161//2161 2160//2160
f 2178//2178 2160//2160 2179//2179
f 2179//2179 2160//2160 2159//2159
f 2179//2179 2159//2159 2180//2180
f 2180//2180 2159//2159 2158//2158
f 2180//2180 2158//2158 2181//2181
f 2181//2181 2158//2158 2157//2157
f 2181//2181 2157//2157 2182//2182
f 2182//2182 2157//2157 2156//2156
f 2182//2182 2156//2156 2183//2183
f 2183//2183 2156//2156 2155//2155
f 2183//2183 2155//2155 2184//2184
f 2184//2184 2155//2155 2154//2154
f 2184//2184 2154//2154 2185//2185
f 2185//2185 2154//2154 2153//2153
f 2185//2185 2153//2153 2186//2186
f 2186//2186 2153//2153 2152//2152
f 2186//2186 2152//2152 2187//2187
f 2187//2187 2152//2152 2151//2151
f 2187//2187 2188//2188 2186//2186
f 2186//2186 2188//2188 2189//2189
f 2186//2186 2189//2189 2185//2185
f 2185//2185 2189//2189 2190//2190
f 2185//2185 2190//2190 2184//2184
f 2184//2184 2190//2190 2191//2191
f 2184//2184 2191//2191 2183//2183
f 2183//2183 2191//2191 2192//2192
f 2183//2183 2192//2192 2182//2182
f 2182//2182 2192//2192 2193//2193
f 2182//2182 2193//2193 2181//2181
f 2181//2181 2193//2193 2194//2194
f 2181//2181 2194//2194 2180//2180
f 2180//2180 2194//2194 2195//2195
f 2180//2180 2195//2195 2179//2179
f 2179//2179 2195//2195 2196//2196
f 2179//2179 2196//2196 2178//2178
f 2178//2178 2196//2196 2197//2197
f 2178//2178 2197//2197 2177//2177
f 2177//2177 2197//2197 2198//2198
f 2177//2177 2198//2198 2176//2176
f 2176//2176 2198//2198 2199//2199
f 2176//2176 2199//2199 2175//2175
f 2175//2175 2199//2199 2200//2200
f 2175//2175 2200//2200 2174//2174
f 2174//2174 2200//2200 2201//2201
f 2174//2174 2201//2201 2173//2173
f 2173//2173 2201//2201 2202//2202
f 2173//2173 2202//2202 2172//2172
f 2172//2172 2202//2202 2203//2203
f 2172//2172 2203//2203 2171//2171
f 2171//2171 2203//2203 2204//2204
f 2171//2171 2204//2204 2170//2170
f 2170//2170 2204//2204 2205//2205
f 2170//2170 2205//2205 2169//2169
f 2169//2169 2205//2205 1278//1278
f 2169//2169 1278//1278 1230//1230
f 1230//1230 1278//1278 1229//1229
f 2188//2188 2206//2206 2189//2189
f 2189//2189 2206//2206 2207//2207
f 2189//2189 2207//2207 2190//2190
f 2190//2190 2207//2207 2208//2208
f 2190//2190 2208//2208 2191//2191
f 2191//2191 2208//2208 2209//2209
f 2191//2191 2209//2209 2192//2192
f 2192//2192 2209//2209 2210//2210
f 2192//2192 2210//2210 2193//2193
f 2193//2193 2210//2210 2211//2211
f 2193//2193 2211//2211 2194//2194
f 2194//2194 2211//2211 2212//2212
f 2194//2194 2212//2212 2195//2195
f 2195//2195 2212//2212 2213//2213
f 2195//2195 2213//2213 2196//2196
f 2196//2196 2213//2213 2214//2214
f 2196//2196 2214//2214 2197//2197
f 2197//2197 2214//2214 2215//2215
f 2197//2197 2215//2215 2198//2198
f 2198//2198 2215//2215 2216//2216
f 2198//2198 2216//2216 2199//2199
f 2199//2199 2216//2216 2217//2217
f 2199//2199 2217//2217 2200//2200
f 2200//2200 2217//2217 2218//2218
f 2200//2200 2218//2218 2201//2201
f 2201//2201 2218//2218 2219//2219
f 2201//2201 2219//2219 2202//2202
f 2202//2202 2219//2219 2220//2220
f 2202//2202 2220//2220 2203//2203
f 2203//2203 2220//2220 2221//2221
f 2203//2203 2221//2221 2204//2204
f 2204//2204 2221//2221 2222//2222
f 2204//2204 2222//2222 2205//2205
f 2205//2205 2222//2222 2223//2223
f 2205//2205 2223//2223 1278//1278
f 1278//1278 2223//2223 1277//1277
f 1278//1278 1277//1277 1228//1228
f 1228//1228 1277//1277 1227//1227
f 1254//1254 1226//1226 2224//2224
f 2224//2224 1226//1226 1277//1277
f 2224//2224 1277//1277 2225//2225
f 2225//2225 1277//1277 2223//2223
f 2225//2225 2223//2223 2226//2226
f 2226//2226 2223//2223 2222//2222
f 2226//2226 2222//2222 2227//2227
f 2227//2227 2222//2222 2221//2221
f 2227//2227 2221//2221 2228//2228
f 2228//2228 2221//2221 2220//2220
f 2228//2228 2220//2220 2229//2229
f 2229//2229 2220//2220 2219//2219
f 2229//2229 2219//2219 2230//2230
f 2230//2230 2219//2219 2218//2218
f 2230//2230 2218//2218 2231//2231
f 2231//2231 2218//2218 2217//2217
f 2231//2231 2217//2217 2232//2232
f 2232//2232 2217//2217 2216//2216
f 2232//2232 2216//2216 2233//2233
f 2233//2233 2216//2216 2215//2215
f 2233//2233 2215//2215 2234//2234
f 2234//2234 2215//2215 2214//2214
f 2234//2234 2214//2214 2235//2235
f 2235//2235 2214//2214 2213//2213
f 2235//2235 2213//2213 2236//2236
f 2236//2236 2213//2213 2212//2212
f 2236//2236 2212//2212 2237//2237
f 2237//2237 2212//2212 2211//2211
f 2237//2237 2211//2211 2238//2238
f 2238//2238 2211//2211 2210//2210
f 2238//2238 2210//2210 2239//2239
f 2239//2239 2210//2210 2209//2209
f 2239//2239 2209//2209 2240//2240
f 2240//2240 2209//2209 2208//2208
f 2240//2240 2208//2208 2241//2241
f 2241//2241 2208//2208 2207//2207
f 2241//2241 2207//2207 2242//2242
f 2242//2242 2207//2207 2206//2206
f 2242//2242 2243//2243 2241//2241
f 2241//2241 2243//2243 2244//2244
f 2241//2241 2244//2244 2240//2240
f 2240//2240 2244//2244 2245//2245
f 2240//2240 2245//2245 2239//2239
f 2239//2239 2245//2245 2246//2246
f 2239//2239 2246//2246 2238//2238
f 2238//2238 2246//2246 2247//2247
f 2238//2238 2247//2247 2237//2237
f 2237//2237 2247//2247 2248//2248
f 2237//2237 2248//2248 2236//2236
f 2236//2236 2248//2248 2249//2249
f 2236//2236 2249//2249 2235//2235
f 2235//2235 2249//2249 2250//2250
f 2235//2235 2250//2250 2234//2234
f 2234//2234 2250//2250 2251//2251
f 2234//2234 2251//2251 2233//2233
f 2233//2233 2251//2251 2252//2252
f 2233//2233 2252//2252 2232//2232
f 2232//2232 2252//2252 2253//2253
f 2232//2232 2253//2253 2231//2231
f 2231//2231 2253//2253 2254//2254
f 2231//2231 2254//2254 2230//2230
f 2230//2230 2254//2254 2255//2255
f 2230//2230 2255//2255 2229//2229
f 2229//2229 2255//2255 2256//2256
f 2229//2229 2256//2256 2228//2228
f 2228//2228 2256//2256 2257//2257
f 2228//2228 2257//2257 2227//2227
f 2227//2227 2257//2257 2258//2258
f 2227//2227 2258//2258 2226//2226
f 2226//2226 2258//2258 2259//2259
f 2226//2226 2259//2259 2225//2225
f 2225//2225 2259//2259 2260//2260
f 2225//2225 2260//2260 2224//2224
f 2224//2224 2260//2260 1276//1276
f 2224//2224 1276//1276 1254//1254
f 1254//1254 1276//1276 1253//1253
f 2243//2243 2261//2261 2244//2244
f 2244//2244 2261//2261 2262//2262
f 2244//2244 2262//2262 2245//2245
f 2245//2245 2262//2262 2263//2263
f 2245//2245 2263//2263 2246//2246
f 2246//2246 2263//2263 2264//2264
f 2246//2246 2264//2264 2247//2247
f 2247//2247 2264//2264 2265//2265
f 2247//2247 2265//2265 2248//2248
f 2248//2248 2265//2265 2266//2266
f 2248//2248 2266//2266 2249//2249
f 2249//2249 2266//2266 2267//2267
f 2249//2249 2267//2267 2250//2250
f 2250//2250 2267//2267 2268//2268
f 2250//2250 2268//2268 2251//2251
f 2251//2251 2268//2268 2269//2269
f 2251//2251 2269//2269 2252//2252
f 2252//2252 2269//2269 2270//2270
f 2252//2252 2270//2270 2253//2253
f 2253//2253 2270//2270 2271//2271
f 2253//2253 2271//2271 2254//2254
f 2254//2254 2271//2271 2272//2272
f 2254//2254 2272//2272 2255//2255
f 2255//2255 2272//2272 2273//2273
f 2255//2255 2273//2273 2256//2256
f 2256//2256 2273//2273 2274//2274
f 2256//2256 2274//2274 2257//2257
f 2257//2257 2274//2274 2275//2275
f 2257//2257 2275//2275 2258//2258
f 2258//2258 2275//2275 2276//2276
f 2258//2258 2276//2276 2259//2259
f 2259//2259 2276//2276 2277//2277
f 2259//2259 2277//2277 2260//2260
f 2260//2260 2277//2277 2278//2278
f 2260//2260 2278//2278 1276//1276
f 1276//1276 2278//2278 1275//1275
f 1276//1276 1275//1275 1252//1252
f 1252//1252 1275//1275 1251//1251
f 1249//1249 1250//1250 2279//2279
f 2279//2279 1250//1250 1275//1275
f 2279//2279 1275//1275 2280//2280
f 2280//2280 1275//1275 2278//2278
f 2280//2280 2278//2278 2281//2281
f 2281//2281 2278//2278 2277//2277
f 2281//2281 2277//2277 2282//2282
f 2282//2282 2277//2277 2276//2276
f 2282//2282 2276//2276 2283//2283
f 2283//2283 2276//2276 2275//2275
f 2283//2283 2275//2275 2284//2284
f 2284//2284 2275//2275 2274//2274
f 2284//2284 2274//2274 2285//2285
f 2285//2285 2274//2274 2273//2273
f 2285//2285 2273//2273 2286//2286
f 2286//2286 2273//2273 2272//2272
f 2286//2286 2272//2272 2287//2287
f 2287//2287 2272//2272 2271//2271
f 2287//2287 2271//2271 2288//2288
f 2288//2288 2271//2271 2270//2270
f 2288//2288 2270//2270 2289//2289
f 2289//2289 2270//2270 2269//2269
f 2289//2289 2269//2269 2290//2290
f 2290//2290 2269//2269 2268//2268
f 2290//2290 2268//2268 2291//2291
f 2291//2291 2268//2268 2267//2267
f 2291//2291 2267//2267 2292//2292
f 2292//2292 2267//2267 2266//2266
f 2292//2292 2266//2266 2293//2293
f 2293//2293 2266//2266 2265//2265
f 2293//2293 2265//2265 2294//2294
f 2294//2294 2265//2265 2264//2264
f 2294//2294 2264//2264 2295//2295
f 2295//2295 2264//2264 2263//2263
f 2295//2295 2263//2263 2296//2296
f 2296//2296 2263//2263 2262//2262
f 2296//2296 2262//2262 2297//2297
f 2297//2297 2262//2262 2261//2261
f 2297//2297 1521//1521 2296//2296
f 2296//2296 1521//1521 1523//1523
f 2296//2296 1523//1523 2295//2295
f 2295//2295 1523//1523 1525//1525
f 2295//2295 1525//1525 2294//2294
f 2294//2294 1525//1525 1527//1527
f 2294//2294 1527//1527 2293//2293
f 2293//2293 1527//1527 1529//1529
f 2293//2293 1529//1529 2292//2292
f 2292//2292 1529//1529 1531//1531
f 2292//2292 1531//1531 2291//2291
f 2291//2291 1531//1531 1533//1533
f 2291//2291 1533//1533 2290//2290
f 2290//2290 1533//1533 1535//1535
f 2290//2290 1535//1535 2289//2289
f 2289//2289 1535//1535 1537//1537
f 2289//2289 1537//1537 2288//2288
f 2288//2288 1537//1537 1539//1539
f 2288//2288 1539//1539 2287//2287
f 2287//2287 1539//1539 1541//1541
f 2287//2287 1541//1541 2286//2286
f 2286//2286 1541//1541 1543//1543
f 2286//2286 1543//1543 2285//2285
f 2285//2285 1543//1543 1545//1545
f 2285//2285 1545//1545 2284//2284
f 2284//2284 1545//1545 1547//1547
f 2284//2284 1547//1547 2283//2283
f 2283//2283 1547//1547 1549//1549
f 2283//2283 1549//1549 2282//2282
f 2282//2282 1549//1549 1551//1551
f 2282//2282 1551//1551 2281//2281
f 2281//2281 1551//1551 1553//1553
f 2281//2281 1553//1553 2280//2280
f 2280//2280 1553//1553 1555//1555
f 2280//2280 1555//1555 2279//2279
f 2279//2279 1555//1555 1557//1557
f 2279//2279 1557//1557 1249//1249
f 1249//1249 1557//1557 1248//1248
f 1274//1274 1246//1246 1557//1557
f 1557//1557 1246//1246 1247//1247
f 1557//1557 1247//1247 1248//1248
f 1244//1244 1245//1245 2298//2298
f 2298//2298 1245//1245 1274//1274
f 2298//2298 1274//1274 2299//2299
f 2299//2299 1274//1274 1556//1556
f 2299//2299 1556//1556 2300//2300
f 2300//2300 1556//1556 1554//1554
f 2300//2300 1554//1554 2301//2301
f 2301//2301 1554//1554 1552//1552
f 2301//2301 1552//1552 2302//2302
f 2302//2302 1552//1552 1550//1550
f 2302//2302 1550//1550 2303//2303
f 2303//2303 1550//1550 1548//1548
f 2303//2303 1548//1548 2304//2304
f 2304//2304 1548//1548 1546//1546
f 2304//2304 1546//1546 2305//2305
f 2305//2305 1546//1546 1544//1544
f 2305//2305 1544//1544 2306//2306
f 2306//2306 1544//1544 1542//1542
f 2306//2306 1542//1542 2307//2307
f 2307//2307 1542//1542 1540//1540
f 2307//2307 1540//1540 2308//2308
f 2308//2308 1540//1540 1538//1538
f 2308//2308 1538//1538 2309//2309
f 2309//2309 1538//1538 1536//1536
f 2309//2309 1536//1536 2310//2310
f 2310//2310 1536//1536 1534//1534
f 2310//2310 1534//1534 2311//2311
f 2311//2311 1534//1534 1532//1532
f 2311//2311 1532//1532 2312//2312
f 2312//2312 1532//1532 1530//1530
f 2312//2312 1530//1530 2313//2313
f 2313//2313 1530//1530 1528//1528
f 2313//2313 1528//1528 2314//2314
f 2314//2314 1528//1528 1526//1526
f 2314//2314 1526//1526 2315//2315
f 2315//2315 1526//1526 1524//1524
f 2315//2315 1524//1524 2316//2316
f 2316//2316 1524//1524 1522//1522
f 2316//2316 1558//1558 2315//2315
f 2315//2315 1558//1558 1560//1560
f 2315//2315 1560//1560 2314//2314
f 2314//2314 1560//1560 1562//1562
f 2314//2314 1562//1562 2313//2313
f 2313//2313 1562//1562 1564//1564
f 2313//2313 1564//1564 2312//2312
f 2312//2312 1564//1564 1566//1566
f 2312//2312 1566//1566 2311//2311
f 2311//2311 1566//1566 1568//1568
f 2311//2311 1568//1568 2310//2310
f 2310//2310 1568//1568 1570//1570
f 2310//2310 1570//1570 2309//2309
f 2309//2309 1570//1570 1572//1572
f 2309//2309 1572//1572 2308//2308
f 2308//2308 1572//1572 1574//1574
f 2308//2308 1574//1574 2307//2307
f 2307//2307 1574//1574 1576//1576
f 2307//2307 1576//1576 2306//2306
f 2306//2306 1576//1576 1578//1578
f 2306//2306 1578//1578 2305//2305
f 2305//2305 1578//1578 1580//1580
f 2305//2305 1580//1580 2304//2304
f 2304//2304 1580//1580 1582//1582
f 2304//2304 1582//1582 2303//2303
f 2303//2303 1582//1582 1584//1584
f 2303//2303 1584//1584 2302//2302
f 2302//2302 1584//1584 1586//1586
f 2302//2302 1586//1586 2301//2301
f 2301//2301 1586//1586 1588//1588
f 2301//2301 1588//1588 2300//2300
f 2300//2300 1588//1588 1590//1590
f 2300//2300 1590//1590 2299//2299
f 2299//2299 1590//1590 1592//1592
f 2299//2299 1592//1592 2298//2298
f 2298//2298 1592//1592 1594//1594
f 2298//2298 1594//1594 1244//1244
f 1244//1244 1594//1594 1243//1243
f 1273//1273 1241//1241 1594//1594
f 1594//1594 1241//1241 1242//1242
f 1594//1594 1242//1242 1243//1243
f 1239//1239 1240//1240 2317//2317
f 2317//2317 1240//1240 1273//1273
f 2317//2317 1273//1273 2318//2318
f 2318//2318 1273//1273 1593//1593
f 2318//2318 1593//1593 2319//2319
f 2319//2319 1593//1593 1591//1591
f 2319//2319 1591//1591 2320//2320
f 2320//2320 1591//1591 1589//1589
f 2320//2320 1589//1589 2321//2321
f 2321//2321 1589//1589 1587//1587
f 2321//2321 1587//1587 2322//2322
f 2322//2322 1587//1587 1585//1585
f 2322//2322 1585//1585 2323//2323
f 2323//2323 1585//1585 1583//1583
f 2323//2323 1583//1583 2324//2324
f 2324//2324 1583//1583 1581//1581
f 2324//2324 1581//1581 2325//2325
f 2325//2325 1581//1581 1579//1579
f 2325//2325 1579//1579 2326//2326
f 2326//2326 1579//1579 1577//1577
f 2326//2326 1577//1577 2327//2327
f 2327//2327 1577//1577 1575//1575
f 2327//2327 1575//1575 2328//2328
f 2328//2328 1575//1575 1573//1573
f 2328//2328 1573//1573 2329//2329
f 2329//2329 1573//1573 1571//1571
f 2329//2329 1571//1571 2330//2330
f 2330//2330 1571//1571 1569//1569
f 2330//2330 1569//1569 2331//2331
f 2331//2331 1569//1569 1567//1567
f 2331//2331 1567//1567 2332//2332
f 2332//2332 1567//1567 1565//1565
f 2332//2332 1565//1565 2333//2333
f 2333//2333 1565//1565 1563//1563
f 2333//2333 1563//1563 2334//2334
f 2334//2334 1563//1563 1561//1561
f 2334//2334 1561//1561 2335//2335
f 2335//2335 1561//1561 1559//1559
f 2335//2335 1595//1595 2334//2334
f 2334//2334 1595//1595 1597//1597
f 2334//2334 1597//1597 2333//2333
f 2333//2333 1597//1597 1599//1599
f 2333//2333 1599//1599 2332//2332
f 2332//2332 1599//1599 1601//1601
f 2332//2332 1601//1601 2331//2331
f 2331//2331 1601//1601 1603//1603
f 2331//2331 1603//1603 2330//2330
f 2330//2330 1603//1603 1605//1605
f 2330//2330 1605//1605 2329//2329
f 2329//2329 1605//1605 1607//1607
f 2329//2329 1607//1607 2328//2328
f 2328//2328 1607//1607 1609//1609
f 2328//2328 1609//1609 2327//2327
f 2327//2327 1609//1609 1611//1611
f 2327//2327 1611//1611 2326//2326
f 2326//2326 1611//1611 1613//1613
f 2326//2326 1613//1613 2325//2325
f 2325//2325 1613//1613 1615//1615
f 2325//2325 1615//1615 2324//2324
f 2324//2324 1615//1615 1617//1617
f 2324//2324 1617//1617 2323//2323
f 2323//2323 1617//1617 1619//1619
f 2323//2323 1619//1619 2322//2322
f 2322//2322 1619//1619 1621//1621
f 2322//2322 1621//1621 2321//2321
f 2321//2321 1621//1621 1623//1623
f 2321//2321 1623//1623 2320//2320
f 2320//2320 1623//1623 1625//1625
f 2320//2320 1625//1625 2319//2319
f 2319//2319 1625//1625 1627//1627
f 2319//2319 1627//1627 2318//2318
f 2318//2318 1627//1627 1629//1629
f 2318//2318 1629//1629 2317//2317
f 2317//2317 1629//1629 1631//1631
f 2317//2317 1631//1631 1239//1239
f 1239//1239 1631//1631 1238//1238
f 1272//1272 1236//1236 1631//1631
f 1631//1631 1236//1236 1237//1237
f 1631//1631 1237//1237 1238//1238
f 1271//1271 1235//1235 2336//2336
f 2336//2336 1235//1235 1272//1272
f 2336//2336 1272//1272 2337//2337
f 2337//2337 1272//1272 1630//1630
f 2337//2337 1630//1630 2338//2338
f 2338//2338 1630//1630 1628//1628
f 2338//2338 1628//1628 2339//2339
f 2339//2339 1628//1628 1626//1626
f 2339//2339 1626//1626 2340//2340
f 2340//2340 1626//1626 1624//1624
f 2340//2340 1624//1624 2341//2341
f 2341//2341 1624//1624 1622//1622
f 2341//2341 1622//1622 2342//2342
f 2342//2342 1622//1622 1620//1620
f 2342//2342 1620//1620 2343//2343
f 2343//2343 1620//1620 1618//1618
f 2343//2343 1618//1618 2344//2344
f 2344//2344 1618//1618 1616//1616
f 2344//2344 1616//1616 2345//2345
f 2345//2345 1616//1616 1614//1614
f 2345//2345 1614//1614 2346//2346
f 2346//2346 1614//1614 1612//1612
f 2346//2346 1612//1612 2347//2347
f 2347//2347 1612//1612 1610//1610
f 2347//2347 1610//1610 2348//2348
f 2348//2348 1610//1610 1608//1608
f 2348//2348 1608//1608 2349//2349
f 2349//2349 1608//1608 1606//1606
f 2349//2349 1606//1606 2350//2350
f 2350//2350 1606//1606 1604//1604
f 2350//2350 1604//1604 2351//2351
f 2351//2351 1604//1604 1602//1602
f 2351//2351 1602//1602 2352//2352
f 2352//2352 1602//1602 1600//1600
f 2352//2352 1600//1600 2353//2353
f 2353//2353 1600//1600 1598//1598
f 2353//2353 1598//1598 2354//2354
f 2354//2354 1598//1598 1596//1596
f 2354//2354 1632//1632 2353//2353
f 2353//2353 1632//1632 1634//1634
f 2353//2353 1634//1634 2352//2352
f 2352//2352 1634//1634 1636//1636
f 2352//2352 1636//1636 2351//2351
f 2351//2351 1636//1636 1638//1638
f 2351//2351 1638//1638 2350//2350
f 2350//2350 1638//1638 1640//1640
f 2350//2350 1640//1640 2349//2349
f 2349//2349 1640//1640 1642//1642
f 2349//2349 1642//1642 2348//2348
f 2348//2348 1642//1642 1644//1644
f 2348//2348 1644//1644 2347//2347
f 2347//2347 1644//1644 1646//1646
f 2347//2347 1646//1646 2346//2346
f 2346//2346 1646//1646 1648//1648
f 2346//2346 1648//1648 2345//2345
f 2345//2345 1648//1648 1650//1650
f 2345//2345 1650//1650 2344//2344
f 2344//2344 1650//1650 1652//1652
f 2344//2344 1652//1652 2343//2343
f 2343//2343 1652//1652 1654//1654
f 2343//2343 1654//1654 2342//2342
f 2342//2342 1654//1654 1656//1656
f 2342//2342 1656//1656 2341//2341
f 2341//2341 1656//1656 1658//1658
f 2341//2341 1658//1658 2340//2340
f 2340//2340 1658//1658 1660//1660
f 2340//2340 1660//1660 2339//2339
f 2339//2339 1660//1660 1662//1662
f 2339//2339 1662//1662 2338//2338
f 2338//2338 1662//1662 1664//1664
f 2338//2338 1664//1664 2337//2337
f 2337//2337 1664//1664 1666//1666
f 2337//2337 1666//1666 2336//2336
f 2336//2336 1666//1666 1668//1668
f 2336//2336 1668//1668 1271//1271
f 1271//1271 1668//1668 1270//1270
f 2355//2355 2056//2056 2356//2356
f 2356//2356 2056//2056 2020//2020
f 2356//2356 2020//2020 2357//2357
f 2357//2357 2020//2020 2002//2002
f 2357//2357 2002//2002 2358//2358
f 2358//2358 2002//2002 2001//2001
f 2358//2358 2001//2001 2359//2359
f 2359//2359 2001//2001 1965//1965
f 2359//2359 1965//1965 2360//2360
f 2360//2360 1965//1965 1947//1947
f 2360//2360 1947//1947 2361//2361
f 2361//2361 1947//1947 1946//1946
f 2361//2361 1946//1946 2362//2362
f 2362//2362 1946//1946 1910//1910
f 2362//2362 1910//1910 2363//2363
f 2363//2363 1910//1910 1892//1892
f 2363//2363 1892//1892 2364//2364
f 2364//2364 1892//1892 1873//1873
f 2364//2364 1873//1873 2365//2365
f 2365//2365 1873//1873 1872//1872
f 2365//2365 1872//1872 2366//2366
f 2366//2366 1872//1872 1374//1374
f 2366//2366 1374//1374 2367//2367
f 2367//2367 1374//1374 1373//1373
f 2367//2367 1373//1373 2368//2368
f 2368//2368 1373//1373 1853//1853
f 2368//2368 1853//1853 2369//2369
f 2369//2369 1853//1853 1337//1337
f 2369//2369 1337//1337 2370//2370
f 2370//2370 1337//1337 1336//1336
f 2370//2370 1336//1336 2371//2371
f 2371//2371 1336//1336 1834//1834
f 2371//2371 1834//1834 2372//2372
f 2372//2372 1834//1834 1300//1300
f 2372//2372 1300//1300 2373//2373
f 1300//1300 1299//1299 2373//2373
f 2373//2373 1299//1299 1815//1815
f 2373//2373 1815//1815 2374//2374
f 2374//2374 1815//1815 1779//1779
f 2374//2374 1779//1779 2375//2375
f 2375//2375 1779//1779 1761//1761
f 2375//2375 1761//1761 2376//2376
f 2376//2376 1761//1761 1760//1760
f 2376//2376 1760//1760 2377//2377
f 2377//2377 1760//1760 1724//1724
f 2377//2377 1724//1724 2378//2378
f 2378//2378 1724//1724 1706//1706
f 2378//2378 1706//1706 2379//2379
f 2379//2379 1706//1706 1705//1705
f 2379//2379 1705//1705 2380//2380
f 2380//2380 1705//1705 1669//1669
f 2380//2380 1669//1669 2381//2381
f 2381//2381 1669//1669 1633//1633
f 2381//2381 1633//1633 2382//2382
f 2382//2382 1633//1633 1632//1632
f 2382//2382 1632//1632 2383//2383
f 2383//2383 1632//1632 2354//2354
f 2383//2383 2354//2354 2384//2384
f 2384//2384 2354//2354 1596//1596
f 2384//2384 1596//1596 2385//2385
f 2385//2385 1596//1596 1595//1595
f 2385//2385 1595//1595 2386//2386
f 2386//2386 1595//1595 2335//2335
f 2386//2386 2335//2335 2387//2387
f 2387//2387 2335//2335 1559//1559
f 2387//2387 1559//1559 2388//2388
f 2388//2388 1559//1559 1558//1558
f 2388//2388 1558//1558 2389//2389
f 2389//2389 1558//1558 2316//2316
f 2389//2389 2316//2316 2390//2390
f 2390//2390 2316//2316 1522//1522
f 2390//2390 1522//1522 2391//2391
f 1522//1522 1521//1521 2391//2391
f 2391//2391 1521//1521 2297//2297
f 2391//2391 2297//2297 2392//2392
f 2392//2392 2297//2297 2261//2261
f 2392//2392 2261//2261 2393//2393
f 2393//2393 2261//2261 2243//2243
f 2393//2393 2243//2243 2394//2394
f 2394//2394 2243//2243 2242//2242
f 2394//2394 2242//2242 2395//2395
f 2395//2395 2242//2242 2206//2206
f 2395//2395 2206//2206 2396//2396
f 2396//2396 2206//2206 2188//2188
f 2396//2396 2188//2188 2397//2397
f 2397//2397 2188//2188 2187//2187
f 2397//2397 2187//2187 2398//2398
f 2398//2398 2187//2187 2151//2151
f 2398//2398 2151//2151 2399//2399
f 2399//2399 2151//2151 2133//2133
f 2399//2399 2133//2133 2400//2400
f 2400//2400 2133//2133 2114//2114
f 2400//2400 2114//2114 2401//2401
f 2401//2401 2114//2114 2113//2113
f 2401//2401 2113//2113 2402//2402
f 2402//2402 2113//2113 1485//1485
f 2402//2402 1485//1485 2403//2403
f 2403//2403 1485//1485 1484//1484
f 2403//2403 1484//1484 2404//2404
f 2404//2404 1484//1484 2094//2094
f 2404//2404 2094//2094 2405//2405
f 2405//2405 2094//2094 1448//1448
f 2405//2405 1448//1448 2406//2406
f 2406//2406 1448//1448 1447//1447
f 2406//2406 1447//1447 2407//2407
f 2407//2407 1447//1447 2075//2075
f 2407//2407 2075//2075 2408//2408
f 2408//2408 2075//2075 1411//1411
f 2408//2408 1411//1411 2355//2355
f 2355//2355 1411//1411 1410//1410
f 2355//2355 1410//1410 2056//2056
f 2409//2409 2410//2410 2411//2411
f 2411//2411 2412//2412 2409//2409
f 2409//2409 2412//2412 2413//2413
f 2409//2409 2413//2413 2414//2414
f 2413//2413 2415//2415 2414//2414
f 2414//2414 2415//2415 2416//2416
f 2414//2414 2416//2416 2417//2417
f 2417//2417 2416//2416 2418//2418
f 2417//2417 2418//2418 2419//2419
f 2419//2419 2418//2418 2420//2420
f 2419//2419 2420//2420 2421//2421
f 2420//2420 2422//2422 2421//2421
f 2421//2421 2422//2422 2423//2423
f 2421//2421 2423//2423 2424//2424
f 2423//2423 2425//2425 2424//2424
f 2424//2424 2425//2425 2426//2426
f 2424//2424 2426//2426 2427//2427
f 2426//2426 2428//2428 2427//2427
f 2427//2427 2428//2428 2429//2429
f 2427//2427 2429//2429 2430//2430
f 2430//2430 2429//2429 2431//2431
f 2430//2430 2431//2431 2432//2432
f 2431//2431 2433//2433 2432//2432
f 2432//2432 2433//2433 2434//2434
f 2432//2432 2434//2434 2435//2435
f 2434//2434 2436//2436 2435//2435
f 2435//2435 2436//2436 2437//2437
f 2435//2435 2437//2437 2438//2438
f 2437//2437 2439//2439 2438//2438
f 2438//2438 2439//2439 2440//2440
f 2438//2438 2440//2440 2441//2441
f 2440//2440 2442//2442 2441//2441
f 2441//2441 2442//2442 2443//2443
f 2441//2441 2443//2443 2444//2444
f 2444//2444 2443//2443 2445//2445
f 2444//2444 2445//2445 2446//2446
f 2445//2445 2447//2447 2446//2446
f 2446//2446 2447//2447 2448//2448
f 2446//2446 2448//2448 2449//2449
f 2448//2448 2450//2450 2449//2449
f 2449//2449 2450//2450 2451//2451
f 2449//2449 2451//2451 2452//2452
f 2451//2451 2453//2453 2452//2452
f 2452//2452 2453//2453 2454//2454
f 2452//2452 2454//2454 2455//2455
f 2454//2454 2456//2456 2455//2455
f 2455//2455 2456//2456 2457//2457
f 2455//2455 2457//2457 2458//2458
f 2458//2458 2457//2457 2459//2459
f 2458//2458 2459//2459 2460//2460
f 2459//2459 2461//2461 2460//2460
f 2460//2460 2461//2461 2462//2462
f 2460//2460 2462//2462 2463//2463
f 2462//2462 2464//2464 2463//2463
f 2463//2463 2464//2464 2465//2465
f 2463//2463 2465//2465 2466//2466
f 2465//2465 2467//2467 2466//2466
f 2466//2466 2467//2467 2468//2468
f 2466//2466 2468//2468 2469//2469
f 2468//2468 2470//2470 2469//2469
f 2469//2469 2470//2470 2471//2471
f 2469//2469 2471//2471 2472//2472
f 2472//2472 2471//2471 2473//2473
f 2472//2472 2473//2473 2474//2474
f 2473//2473 2475//2475 2474//2474
f 2474//2474 2475//2475 2476//2476
f 2474//2474 2476//2476 2477//2477
f 2476//2476 2478//2478 2477//2477
f 2477//2477 2478//2478 2479//2479
f 2477//2477 2479//2479 2480//2480
f 2479//2479 2481//2481 2480//2480
f 2480//2480 2481//2481 2482//2482
f 2480//2480 2482//2482 2483//2483
f 2482//2482 2484//2484 2483//2483
f 2483//2483 2484//2484 2485//2485
f 2483//2483 2485//2485 2486//2486
f 2486//2486 2485//2485 2487//2487
f 2486//2486 2487//2487 2488//2488
f 2487//2487 2489//2489 2488//2488
f 2488//2488 2489//2489 2490//2490
f 2488//2488 2490//2490 2491//2491
f 2490//2490 2492//2492 2491//2491
f 2491//2491 2492//2492 2493//2493
f 2491//2491 2493//2493 2494//2494
f 2493//2493 2495//2495 2494//2494
f 2494//2494 2495//2495 2496//2496
f 2494//2494 2496//2496 2497//2497
f 2496//2496 2498//2498 2497//2497
f 2497//2497 2498//2498 2499//2499
f 2497//2497 2499//2499 2500//2500
f 2500//2500 2499//2499 2501//2501
f 2500//2500 2501//2501 2502//2502
f 2501//2501 2503//2503 2502//2502
f 2502//2502 2503//2503 2504//2504
f 2502//2502 2504//2504 2505//2505
f 2504//2504 2506//2506 2505//2505
f 2505//2505 2506//2506 2507//2507
f 2505//2505 2507//2507 2508//2508
f 2507//2507 2509//2509 2508//2508
f 2508//2508 2509//2509 2510//2510
f 2508//2508 2510//2510 2511//2511
f 2510//2510 2512//2512 2511//2511
f 2511//2511 2512//2512 2513//2513
f 2511//2511 2513//2513 2514//2514
f 2514//2514 2513//2513 2515//2515
f 2514//2514 2515//2515 2516//2516
f 2515//2515 2517//2517 2516//2516
f 2516//2516 2517//2517 2518//2518
f 2516//2516 2518//2518 2519//2519
f 2518//2518 2520//2520 2519//2519
f 2519//2519 2520//2520 2521//2521
f 2519//2519 2521//2521 2522//2522
f 2521//2521 2523//2523 2522//2522
f 2522//2522 2523//2523 2524//2524
f 2522//2522 2524//2524 2525//2525
f 2524//2524 2526//2526 2525//2525
f 2525//2525 2526//2526 2527//2527
f 2525//2525 2527//2527 2528//2528
f 2528//2528 2527//2527 2529//2529
f 2528//2528 2529//2529 2530//2530
f 2529//2529 2531//2531 2530//2530
f 2530//2530 2531//2531 2532//2532
f 2530//2530 2532//2532 2533//2533
f 2532//2532 2534//2534 2533//2533
f 2533//2533 2534//2534 2535//2535
f 2533//2533 2535//2535 2536//2536
f 2535//2535 2537//2537 2536//2536
f 2536//2536 2537//2537 2538//2538
f 2536//2536 2538//2538 2539//2539
f 2539//2539 2538//2538 2540//2540
f 2539//2539 2540//2540 2541//2541
f 2541//2541 2540//2540 2542//2542
f 2541//2541 2542//2542 2543//2543
f 2542//2542 2544//2544 2543//2543
f 2543//2543 2544//2544 2545//2545
f 2543//2543 2545//2545 2546//2546
f 2545//2545 2547//2547 2546//2546
f 2546//2546 2547//2547 2548//2548
f 2546//2546 2548//2548 2549//2549
f 2548//2548 2550//2550 2549//2549
f 2549//2549 2550//2550 2551//2551
f 2549//2549 2551//2551 2552//2552
f 2552//2552 2551//2551 2553//2553
f 2552//2552 2553//2553 2554//2554
f 2554//2554 2553//2553 2555//2555
f 2554//2554 2555//2555 2410//2410
f 2410//2410 2555//2555 2556//2556
f 2410//2410 2556//2556 2411//2411
f 2552//2552 2557//2557 2549//2549
f 2549//2549 2557//2557 2558//2558
f 2549//2549 2558//2558 2546//2546
f 2546//2546 2558//2558 2559//2559
f 2546//2546 2559//2559 2543//2543
f 2543//2543 2559//2559 2560//2560
f 2543//2543 2560//2560 2541//2541
f 2541//2541 2560//2560 2561//2561
f 2541//2541 2561//2561 2539//2539
f 2539//2539 2561//2561 2562//2562
f 2539//2539 2562//2562 2536//2536
f 2536//2536 2562//2562 2563//2563
f 2536//2536 2563//2563 2533//2533
f 2533//2533 2563//2563 2564//2564
f 2533//2533 2564//2564 2530//2530
f 2530//2530 2564//2564 2565//2565
f 2530//2530 2565//2565 2528//2528
f 2528//2528 2565//2565 2566//2566
f 2528//2528 2566//2566 2525//2525
f 2525//2525 2566//2566 2567//2567
f 2525//2525 2567//2567 2522//2522
f 2522//2522 2567//2567 2568//2568
f 2522//2522 2568//2568 2519//2519
f 2519//2519 2568//2568 2569//2569
f 2519//2519 2569//2569 2516//2516
f 2516//2516 2569//2569 2570//2570
f 2516//2516 2570//2570 2514//2514
f 2514//2514 2570//2570 2571//2571
f 2514//2514 2571//2571 2511//2511
f 2511//2511 2571//2571 2572//2572
f 2511//2511 2572//2572 2508//2508
f 2508//2508 2572//2572 2573//2573
f 2508//2508 2573//2573 2505//2505
f 2505//2505 2573//2573 2574//2574
f 2505//2505 2574//2574 2502//2502
f 2502//2502 2574//2574 2575//2575
f 2502//2502 2575//2575 2500//2500
f 2500//2500 2575//2575 2576//2576
f 2500//2500 2576//2576 2497//2497
f 2497//2497 2576//2576 2577//2577
f 2497//2497 2577//2577 2494//2494
f 2494//2494 2577//2577 2578//2578
f 2494//2494 2578//2578 2491//2491
f 2491//2491 2578//2578 2579//2579
f 2491//2491 2579//2579 2488//2488
f 2488//2488 2579//2579 2580//2580
f 2488//2488 2580//2580 2486//2486
f 2486//2486 2580//2580 2581//2581
f 2486//2486 2581//2581 2483//2483
f 2483//2483 2581//2581 2582//2582
f 2483//2483 2582//2582 2480//2480
f 2480//2480 2582//2582 2583//2583
f 2480//2480 2583//2583 2477//2477
f 2477//2477 2583//2583 2584//2584
f 2477//2477 2584//2584 2474//2474
f 2474//2474 2584//2584 2585//2585
f 2474//2474 2585//2585 2472//2472
f 2472//2472 2585//2585 2586//2586
f 2472//2472 2586//2586 2469//2469
f 2469//2469 2586//2586 2587//2587
f 2469//2469 2587//2587 2466//2466
f 2466//2466 2587//2587 2588//2588
f 2466//2466 2588//2588 2463//2463
f 2463//2463 2588//2588 2589//2589
f 2463//2463 2589//2589 2460//2460
f 2460//2460 2589//2589 2590//2590
f 2460//2460 2590//2590 2458//2458
f 2458//2458 2590//2590 2591//2591
f 2458//2458 2591//2591 2455//2455
f 2455//2455 2591//2591 2592//2592
f 2455//2455 2592//2592 2452//2452
f 2452//2452 2592//2592 2593//2593
f 2452//2452 2593//2593 2449//2449
f 2449//2449 2593//2593 2594//2594
f 2449//2449 2594//2594 2446//2446
f 2446//2446 2594//2594 2595//2595
f 2446//2446 2595//2595 2444//2444
f 2444//2444 2595//2595 2596//2596
f 2444//2444 2596//2596 2441//2441
f 2441//2441 2596//2596 2597//2597
f 2441//2441 2597//2597 2438//2438
f 2438//2438 2597//2597 2598//2598
f 2438//2438 2598//2598 2435//2435
f 2435//2435 2598//2598 2599//2599
f 2435//2435 2599//2599 2432//2432
f 2432//2432 2599//2599 2600//2600
f 2432//2432 2600//2600 2430//2430
f 2430//2430 2600//2600 2601//2601
f 2430//2430 2601//2601 2427//2427
f 2427//2427 2601//2601 2602//2602
f 2427//2427 2602//2602 2424//2424
f 2424//2424 2602//2602 2603//2603
f 2424//2424 2603//2603 2421//2421
f 2421//2421 2603//2603 2604//2604
f 2421//2421 2604//2604 2419//2419
f 2419//2419 2604//2604 2605//2605
f 2419//2419 2605//2605 2417//2417
f 2417//2417 2605//2605 2606//2606
f 2417//2417 2606//2606 2414//2414
f 2414//2414 2606//2606 2607//2607
f 2414//2414 2607//2607 2409//2409
f 2409//2409 2607//2607 2608//2608
f 2409//2409 2608//2608 2410//2410
f 2410//2410 2608//2608 2609//2609
f 2410//2410 2609//2609 2554//2554
f 2554//2554 2609//2609 2610//2610
f 2554//2554 2610//2610 2552//2552
f 2552//2552 2610//2610 2557//2557
f 2557//2557 2611//2611 2558//2558
f 2558//2558 2611//2611 2612//2612
f 2558//2558 2612//2612 2559//2559
f 2559//2559 2612//2612 2613//2613
f 2559//2559 2613//2613 2560//2560
f 2560//2560 2613//2613 2614//2614
f 2560//2560 2614//2614 2561//2561
f 2561//2561 2614//2614 2615//2615
f 2561//2561 2615//2615 2562//2562
f 2562//2562 2615//2615 2616//2616
f 2562//2562 2616//2616 2563//2563
f 2563//2563 2616//2616 2617//2617
f 2563//2563 2617//2617 2564//2564
f 2564//2564 2617//2617 2618//2618
f 2564//2564 2618//2618 2565//2565
f 2565//2565 2618//2618 2619//2619
f 2565//2565 2619//2619 2566//2566
f 2566//2566 2619//2619 2620//2620
f 2566//2566 2620//2620 2567//2567
f 2567//2567 2620//2620 2621//2621
f 2567//2567 2621//2621 2568//2568
f 2568//2568 2621//2621 2622//2622
f 2568//2568 2622//2622 2569//2569
f 2569//2569 2622//2622 2623//2623
f 2569//2569 2623//2623 2570//2570
f 2570//2570 2623//2623 2624//2624
f 2570//2570 2624//2624 2571//2571
f 2571//2571 2624//2624 2625//2625
f 2571//2571 2625//2625 2572//2572
f 2572//2572 2625//2625 2626//2626
f 2572//2572 2626//2626 2573//2573
f 2573//2573 2626//2626 2627//2627
f 2573//2573 2627//2627 2574//2574
f 2574//2574 2627//2627 2628//2628
f 2574//2574 2628//2628 2575//2575
f 2575//2575 2628//2628 2629//2629
f 2575//2575 2629//2629 2576//2576
f 2576//2576 2629//2629 2630//2630
f 2576//2576 2630//2630 2577//2577
f 2577//2577 2630//2630 2631//2631
f 2577//2577 2631//2631 2578//2578
f 2578//2578 2631//2631 2632//2632
f 2578//2578 2632//2632 2579//2579
f 2579//2579 2632//2632 2633//2633
f 2579//2579 2633//2633 2580//2580
f 2580//2580 2633//2633 2634//2634
f 2580//2580 2634//2634 2581//2581
f 2581//2581 2634//2634 2635//2635
f 2581//2581 2635//2635 2582//2582
f 2582//2582 2635//2635 2636//2636
f 2582//2582 2636//2636 2583//2583
f 2583//2583 2636//2636 2637//2637
f 2583//2583 2637//2637 2584//2584
f 2584//2584 2637//2637 2638//2638
f 2584//2584 2638//2638 2585//2585
f 2585//2585 2638//2638 2639//2639
f 2585//2585 2639//2639 2586//2586
f 2586//2586 2639//2639 2640//2640
f 2586//2586 2640//2640 2587//2587
f 2587//2587 2640//2640 2641//2641
f 2587//2587 2641//2641 2588//2588
f 2588//2588 2641//2641 2642//2642
f 2588//2588 2642//2642 2589//2589
f 2589//2589 2642//2642 2643//2643
f 2589//2589 2643//2643 2590//2590
f 2590//2590 2643//2643 2644//2644
f 2590//2590 2644//2644 2591//2591
f 2591//2591 2644//2644 2645//2645
f 2591//2591 2645//2645 2592//2592
f 2592//2592 2645//2645 2646//2646
f 2592//2592 2646//2646 2593//2593
f 2593//2593 2646//2646 2647//2647
f 2593//2593 2647//2647 2594//2594
f 2594//2594 2647//2647 2648//2648
f 2594//2594 2648//2648 2595//2595
f 2595//2595 2648//2648 2649//2649
f 2595//2595 2649//2649 2596//2596
f 2596//2596 2649//2649 2650//2650
f 2596//2596 2650//2650 2597//2597
f 2597//2597 2650//2650 2651//2651
f 2597//2597 2651//2651 2598//2598
f 2598//2598 2651//2651 2652//2652
f 2598//2598 2652//2652 2599//2599
f 2599//2599 2652//2652 2653//2653
f 2599//2599 2653//2653 2600//2600
f 2600//2600 2653//2653 2654//2654
f 2600//2600 2654//2654 2601//2601
f 2601//2601 2654//2654 2655//2655
f 2601//2601 2655//2655 2602//2602
f 2602//2602 2655//2655 2656//2656
f 2602//2602 2656//2656 2603//2603
f 2603//2603 2656//2656 2657//2657
f 2603//2603 2657//2657 2604//2604
f 2604//2604 2657//2657 2658//2658
f 2604//2604 2658//2658 2605//2605
f 2605//2605 2658//2658 2659//2659
f 2605//2605 2659//2659 2606//2606
f 2606//2606 2659//2659 2660//2660
f 2606//2606 2660//2660 2607//2607
f 2607//2607 2660//2660 2661//2661
f 2607//2607 2661//2661 2608//2608
f 2608//2608 2661//2661 2662//2662
f 2608//2608 2662//2662 2609//2609
f 2609//2609 2662//2662 2663//2663
f 2609//2609 2663//2663 2610//2610
f 2610//2610 2663//2663 2664//2664
f 2610//2610 2664//2664 2557//2557
f 2557//2557 2664//2664 2611//2611
f 2611//2611 2665//2665 2612//2612
f 2612//2612 2665//2665 2666//2666
f 2612//2612 2666//2666 2613//2613
f 2613//2613 2666//2666 2667//2667
f 2613//2613 2667//2667 2614//2614
f 2614//2614 2667//2667 2668//2668
f 2614//2614 2668//2668 2615//2615
f 2615//2615 2668//2668 2669//2669
f 2615//2615 2669//2669 2616//2616
f 2616//2616 2669//2669 2670//2670
f 2616//2616 2670//2670 2617//2617
f 2617//2617 2670//2670 2671//2671
f 2617//2617 2671//2671 2618//2618
f 2618//2618 2671//2671 2672//2672
f 2618//2618 2672//2672 2619//2619
f 2619//2619 2672//2672 2673//2673
f 2619//2619 2673//2673 2620//2620
f 2620//2620 2673//2673 2674//2674
f 2620//2620 2674//2674 2621//2621
f 2621//2621 2674//2674 2675//2675
f 2621//2621 2675//2675 2622//2622
f 2622//2622 2675//2675 2676//2676
f 2622//2622 2676//2676 2623//2623
f 2623//2623 2676//2676 2677//2677
f 2623//2623 2677//2677 2624//2624
f 2624//2624 2677//2677 2678//2678
f 2624//2624 2678//2678 2625//2625
f 2625//2625 2678//2678 2679//2679
f 2625//2625 2679//2679 2626//2626
f 2626//2626 2679//2679 2680//2680
f 2626//2626 2680//2680 2627//2627
f 2627//2627 2680//2680 2681//2681
f 2627//2627 2681//2681 2628//2628
f 2628//2628 2681//2681 2682//2682
f 2628//2628 2682//2682 2629//2629
f 2629//2629 2682//2682 2683//2683
f 2629//2629 2683//2683 2630//2630
f 2630//2630 2683//2683 2684//2684
f 2630//2630 2684//2684 2631//2631
f 2631//2631 2684//2684 2685//2685
f 2631//2631 2685//2685 2632//2632
f 2632//2632 2685//2685 2686//2686
f 2632//2632 2686//2686 2633//2633
f 2633//2633 2686//2686 2687//2687
f 2633//2633 2687//2687 2634//2634
f 2634//2634 2687//2687 2688//2688
f 2634//2634 2688//2688 2635//2635
f 2635//2635 2688//2688 2689//2689
f 2635//2635 2689//2689 2636//2636
f 2636//2636 2689//2689 2690//2690
f 2636//2636 2690//2690 2637//2637
f 2637//2637 2690//2690 2691//2691
f 2637//2637 2691//2691 2638//2638
f 2638//2638 2691//2691 2692//2692
f 2638//2638 2692//2692 2639//2639
f 2639//2639 2692//2692 2693//2693
f 2639//2639 2693//2693 2640//2640
f 2640//2640 2693//2693 2694//2694
f 2640//2640 2694//2694 2641//2641
f 2641//2641 2694//2694 2695//2695
f 2641//2641 2695//2695 2642//2642
f 2642//2642 2695//2695 2696//2696
f 2642//2642 2696//2696 2643//2643
f 2643//2643 2696//2696 2697//2697
f 2643//2643 2697//2697 2644//2644
f 2644//2644 2697//2697 2698//2698
f 2644//2644 2698//2698 2645//2645
f 2645//2645 2698//2698 2699//2699
f 2645//2645 2699//2699 2646//2646
f 2646//2646 2699//2699 2700//2700
f 2646//2646 2700//2700 2647//2647
f 2647//2647 2700//2700 2701//2701
f 2647//2647 2701//2701 2648//2648
f 2648//2648 2701//2701 2702//2702
f 2648//2648 2702//2702 2649//2649
f 2649//2649 2702//2702 2703//2703
f 2649//2649 2703//2703 2650//2650
f 2650//2650 2703//2703 2704//2704
f 2650//2650 2704//2704 2651//2651
f 2651//2651 2704//2704 2705//2705
f 2651//2651 2705//2705 2652//2652
f 2652//2652 2705//2705 2706//2706
f 2652//2652 2706//2706 2653//2653
f 2653//2653 2706//2706 2707//2707
f 2653//2653 2707//2707 2654//2654
f 2654//2654 2707//2707 2708//2708
f 2654//2654 2708//2708 2655//2655
f 2655//2655 2708//2708 2709//2709
f 2655//2655 2709//2709 2656//2656
f 2656//2656 2709//2709 2710//2710
f 2656//2656 2710//2710 2657//2657
f 2657//2657 2710//2710 2711//2711
f 2657//2657 2711//2711 2658//2658
f 2658//2658 2711//2711 2712//2712
f 2658//2658 2712//2712 2659//2659
f 2659//2659 2712//2712 2713//2713
f 2659//2659 2713//2713 2660//2660
f 2660//2660 2713//2713 2714//2714
f 2660//2660 2714//2714 2661//2661
f 2661//2661 2714//2714 2715//2715
f 2661//2661 2715//2715 2662//2662
f 2662//2662 2715//2715 2716//2716
f 2662//2662 2716//2716 2663//2663
f 2663//2663 2716//2716 2717//2717
f 2663//2663 2717//2717 2664//2664
f 2664//2664 2717//2717 2718//2718
f 2664//2664 2718//2718 2611//2611
f 2611//2611 2718//2718 2665//2665
f 2665//2665 2719//2719 2666//2666
f 2666//2666 2719//2719 2720//2720
f 2666//2666 2720//2720 2667//2667
f 2667//2667 2720//2720 2721//2721
f 2667//2667 2721//2721 2668//2668
f 2668//2668 2721//2721 2722//2722
f 2668//2668 2722//2722 2669//2669
f 2669//2669 2722//2722 2723//2723
f 2669//2669 2723//2723 2670//2670
f 2670//2670 2723//2723 2724//2724
f 2670//2670 2724//2724 2671//2671
f 2671//2671 2724//2724 2725//2725
f 2671//2671 2725//2725 2672//2672
f 2672//2672 2725//2725 2726//2726
f 2672//2672 2726//2726 2673//2673
f 2673//2673 2726//2726 2727//2727
f 2673//2673 2727//2727 2674//2674
f 2674//2674 2727//2727 2728//2728
f 2674//2674 2728//2728 2675//2675
f 2675//2675 2728//2728 2729//2729
f 2675//2675 2729//2729 2676//2676
f 2676//2676 2729//2729 2730//2730
f 2676//2676 2730//2730 2677//2677
f 2677//2677 2730//2730 2731//2731
f 2677//2677 2731//2731 2678//2678
f 2678//2678 2731//2731 2732//2732
f 2678//2678 2732//2732 2679//2679
f 2679//2679 2732//2732 2733//2733
f 2679//2679 2733//2733 2680//2680
f 2680//2680 2733//2733 2734//2734
f 2680//2680 2734//2734 2681//2681
f 2681//2681 2734//2734 2735//2735
f 2681//2681 2735//2735 2682//2682
f 2682//2682 2735//2735 2736//2736
f 2682//2682 2736//2736 2683//2683
f 2683//2683 2736//2736 2737//2737
f 2683//2683 2737//2737 2684//2684
f 2684//2684 2737//2737 2738//2738
f 2684//2684 2738//2738 2685//2685
f 2685//2685 2738//2738 2739//2739
f 2685//2685 2739//2739 2686//2686
f 2686//2686 2739//2739 2740//2740
f 2686//2686 2740//2740 2687//2687
f 2687//2687 2740//2740 2741//2741
f 2687//2687 2741//2741 2688//2688
f 2688//2688 2741//2741 2742//2742
f 2688//2688 2742//2742 2689//2689
f 2689//2689 2742//2742 2743//2743
f 2689//2689 2743//2743 2690//2690
f 2690//2690 2743//2743 2744//2744
f 2690//2690 2744//2744 2691//2691
f 2691//2691 2744//2744 2745//2745
f 2691//2691 2745//2745 2692//2692
f 2692//2692 2745//2745 2746//2746
f 2692//2692 2746//2746 2693//2693
f 2693//2693 2746//2746 2747//2747
f 2693//2693 2747//2747 2694//2694
f 2694//2694 2747//2747 2748//2748
f 2694//2694 2748//2748 2695//2695
f 2695//2695 2748//2748 2749//2749
f 2695//2695 2749//2749 2696//2696
f 2696//2696 2749//2749 2750//2750
f 2696//2696 2750//2750 2697//2697
f 2697//2697 2750//2750 2751//2751
f 2697//2697 2751//2751 2698//2698
f 2698//2698 2751//2751 2752//2752
f 2698//2698 2752//2752 2699//2699
f 2699//2699 2752//2752 2753//2753
f 2699//2699 2753//2753 2700//2700
f 2700//2700 2753//2753 2754//2754
f 2700//2700 2754//2754 2701//2701
f 2701//2701 2754//2754 2755//2755
f 2701//2701 2755//2755 2702//2702
f 2702//2702 2755//2755 2756//2756
f 2702//2702 2756//2756 2703//2703
f 2703//2703 2756//2756 2757//2757
f 2703//2703 2757//2757 2704//2704
f 2704//2704 2757//2757 2758//2758
f 2704//2704 2758//2758 2705//2705
f 2705//2705 2758//2758 2759//2759
f 2705//2705 2759//2759 2706//2706
f 2706//2706 2759//2759 2760//2760
f 2706//2706 2760//2760 2707//2707
f 2707//2707 2760//2760 2761//2761
f 2707//2707 2761//2761 2708//2708
f 2708//2708 2761//2761 2762//2762
f 2708//2708 2762//2762 2709//2709
f 2709//2709 2762//2762 2763//2763
f 2709//2709 2763//2763 2710//2710
f 2710//2710 2763//2763 2764//2764
f 2710//2710 2764//2764 2711//2711
f 2711//2711 2764//2764 2765//2765
f 2711//2711 2765//2765 2712//2712
f 2712//2712 2765//2765 2766//2766
f 2712//2712 2766//2766 2713//2713
f 2713//2713 2766//2766 2767//2767
f 2713//2713 2767//2767 2714//2714
f 2714//2714 2767//2767 2768//2768
f 2714//2714 2768//2768 2715//2715
f 2715//2715 2768//2768 2769//2769
f 2715//2715 2769//2769 2716//2716
f 2716//2716 2769//2769 2770//2770
f 2716//2716 2770//2770 2717//2717
f 2717//2717 2770//2770 2771//2771
f 2717//2717 2771//2771 2718//2718
f 2718//2718 2771//2771 2772//2772
f 2718//2718 2772//2772 2665//2665
f 2665//2665 2772//2772 2719//2719
f 2719//2719 2773//2773 2720//2720
f 2720//2720 2773//2773 2774//2774
f 2720//2720 2774//2774 2721//2721
f 2721//2721 2774//2774 2775//2775
f 2721//2721 2775//2775 2722//2722
f 2722//2722 2775//2775 2776//2776
f 2722//2722 2776//2776 2723//2723
f 2723//2723 2776//2776 2777//2777
f 2723//2723 2777//2777 2724//2724
f 2724//2724 2777//2777 2778//2778
f 2724//2724 2778//2778 2725//2725
f 2725//2725 2778//2778 2779//2779
f 2725//2725 2779//2779 2726//2726
f 2726//2726 2779//2779 2780//2780
f 2726//2726 2780//2780 2727//2727
f 2727//2727 2780//2780 2781//2781
f 2727//2727 2781//2781 2728//2728
f 2728//2728 2781//2781 2782//2782
f 2728//2728 2782//2782 2729//2729
f 2729//2729 2782//2782 2783//2783
f 2729//2729 2783//2783 2730//2730
f 2730//2730 2783//2783 2784//2784
f 2730//2730 2784//2784 2731//2731
f 2731//2731 2784//2784 2785//2785
f 2731//2731 2785//2785 2732//2732
f 2732//2732 2785//2785 2786//2786
f 2732//2732 2786//2786 2733//2733
f 2733//2733 2786//2786 2787//2787
f 2733//2733 2787//2787 2734//2734
f 2734//2734 2787//2787 2788//2788
f 2734//2734 2788//2788 2735//2735
f 2735//2735 2788//2788 2789//2789
f 2735//2735 2789//2789 2736//2736
f 2736//2736 2789//2789 2790//2790
f 2736//2736 2790//2790 2737//2737
f 2737//2737 2790//2790 2791//2791
f 2737//2737 2791//2791 2738//2738
f 2738//2738 2791//2791 2792//2792
f 2738//2738 2792//2792 2739//2739
f 2739//2739 2792//2792 2793//2793
f 2739//2739 2793//2793 2740//2740
f 2740//2740 2793//2793 2794//2794
f 2740//2740 2794//2794 2741//2741
f 2741//2741 2794//2794 2795//2795
f 2741//2741 2795//2795 2742//2742
f 2742//2742 2795//2795 2796//2796
f 2742//2742 2796//2796 2743//2743
f 2743//2743 2796//2796 2797//2797
f 2743//2743 2797//2797 2744//2744
f 2744//2744 2797//2797 2798//2798
f 2744//2744 2798//2798 2745//2745
f 2745//2745 2798//2798 2799//2799
f 2745//2745 2799//2799 2746//2746
f 2746//2746 2799//2799 2800//2800
f 2746//2746 2800//2800 2747//2747
f 2747//2747 2800//2800 2801//2801
f 2747//2747 2801//2801 2748//2748
f 2748//2748 2801//2801 2802//2802
f 2748//2748 2802//2802 2749//2749
f 2749//2749 2802//2802 2803//2803
f 2749//2749 2803//2803 2750//2750
f 2750//2750 2803//2803 2804//2804
f 2750//2750 2804//2804 2751//2751
f 2751//2751 2804//2804 2805//2805
f 2751//2751 2805//2805 2752//2752
f 2752//2752 2805//2805 2806//2806
f 2752//2752 2806//2806 2753//2753
f 2753//2753 2806//2806 2807//2807
f 2753//2753 2807//2807 2754//2754
f 2754//2754 2807//2807 2808//2808
f 2754//2754 2808//2808 2755//2755
f 2755//2755 2808//2808 2809//2809
f 2755//2755 2809//2809 2756//2756
f 2756//2756 2809//2809 2810//2810
f 2756//2756 2810//2810 2757//2757
f 2757//2757 2810//2810 2811//2811
f 2757//2757 2811//2811 2758//2758
f 2758//2758 2811//2811 2812//2812
f 2758//2758 2812//2812 2759//2759
f 2759//2759 2812//2812 2813//2813
f 2759//2759 2813//2813 2760//2760
f 2760//2760 2813//2813 2814//2814
f 2760//2760 2814//2814 2761//2761
f 2761//2761 2814//2814 2815//2815
f 2761//2761 2815//2815 2762//2762
f 2762//2762 2815//2815 2816//2816
f 2762//2762 2816//2816 2763//2763
f 2763//2763 2816//2816 2817//2817
f 2763//2763 2817//2817 2764//2764
f 2764//2764 2817//2817 2818//2818
f 2764//2764 2818//2818 2765//2765
f 2765//2765 2818//2818 2819//2819
f 2765//2765 2819//2819 2766//2766
f 2766//2766 2819//2819 2820//2820
f 2766//2766 2820//2820 2767//2767
f 2767//2767 2820//2820 2821//2821
f 2767//2767 2821//2821 2768//2768
f 2768//2768 2821//2821 2822//2822
f 2768//2768 2822//2822 2769//2769
f 2769//2769 2822//2822 2823//2823
f 2769//2769 2823//2823 2770//2770
f 2770//2770 2823//2823 2824//2824
f 2770//2770 2824//2824 2771//2771
f 2771//2771 2824//2824 2825//2825
f 2771//2771 2825//2825 2772//2772
f 2772//2772 2825//2825 2826//2826
f 2772//2772 2826//2826 2719//2719
f 2719//2719 2826//2826 2773//2773
f 2773//2773 2827//2827 2774//2774
f 2774//2774 2827//2827 2828//2828
f 2774//2774 2828//2828 2775//2775
f 2775//2775 2828//2828 2829//2829
f 2775//2775 2829//2829 2776//2776
f 2776//2776 2829//2829 2830//2830
f 2776//2776 2830//2830 2777//2777
f 2777//2777 2830//2830 2831//2831
f 2777//2777 2831//2831 2778//2778
f 2778//2778 2831//2831 2832//2832
f 2778//2778 2832//2832 2779//2779
f 2779//2779 2832//2832 2833//2833
f 2779//2779 2833//2833 2780//2780
f 2780//2780 2833//2833 2834//2834
f 2780//2780 2834//2834 2781//2781
f 2781//2781 2834//2834 2835//2835
f 2781//2781 2835//2835 2782//2782
f 2782//2782 2835//2835 2836//2836
f 2782//2782 2836//2836 2783//2783
f 2783//2783 2836//2836 2837//2837
f 2783//2783 2837//2837 2784//2784
f 2784//2784 2837//2837 2838//2838
f 2784//2784 2838//2838 2785//2785
f 2785//2785 2838//2838 2839//2839
f 2785//2785 2839//2839 2786//2786
f 2786//2786 2839//2839 2840//2840
f 2786//2786 2840//2840 2787//2787
f 2787//2787 2840//2840 2841//2841
f 2787//2787 2841//2841 2788//2788
f 2788//2788 2841//2841 2842//2842
f 2788//2788 2842//2842 2789//2789
f 2789//2789 2842//2842 2843//2843
f 2789//2789 2843//2843 2790//2790
f 2790//2790 2843//2843 2844//2844
f 2790//2790 2844//2844 2791//2791
f 2791//2791 2844//2844 2845//2845
f 2791//2791 2845//2845 2792//2792
f 2792//2792 2845//2845 2846//2846
f 2792//2792 2846//2846 2793//2793
f 2793//2793 2846//2846 2847//2847
f 2793//2793 2847//2847 2794//2794
f 2794//2794 2847//2847 2848//2848
f 2794//2794 2848//2848 2795//2795
f 2795//2795 2848//2848 2849//2849
f 2795//2795 2849//2849 2796//2796
f 2796//2796 2849//2849 2850//2850
f 2796//2796 2850//2850 2797//2797
f 2797//2797 2850//2850 2851//2851
f 2797//2797 2851//2851 2798//2798
f 2798//2798 2851//2851 2852//2852
f 2798//2798 2852//2852 2799//2799
f 2799//2799 2852//2852 2853//2853
f 2799//2799 2853//2853 2800//2800
f 2800//2800 2853//2853 2854//2854
f 2800//2800 2854//2854 2801//2801
f 2801//2801 2854//2854 2855//2855
f 2801//2801 2855//2855 2802//2802
f 2802//2802 2855//2855 2856//2856
f 2802//2802 2856//2856 2803//2803
f 2803//2803 2856//2856 2857//2857
f 2803//2803 2857//2857 2804//2804
f 2804//2804 2857//2857 2858//2858
f 2804//2804 2858//2858 2805//2805
f 2805//2805 2858//2858 2859//2859
f 2805//2805 2859//2859 2806//2806
f 2806//2806 2859//2859 2860//2860
f 2806//2806 2860//2860 2807//2807
f 2807//2807 2860//2860 2861//2861
f 2807//2807 2861//2861 2808//2808
f 2808//2808 2861//2861 2862//2862
f 2808//2808 2862//2862 2809//2809
f 2809//2809 2862//2862 2863//2863
f 2809//2809 2863//2863 2810//2810
f 2810//2810 2863//2863 2864//2864
f 2810//2810 2864//2864 2811//2811
f 2811//2811 2864//2864 2865//2865
f 2811//2811 2865//2865 2812//2812
f 2812//2812 2865//2865 2866//2866
f 2812//2812 2866//2866 2813//2813
f 2813//2813 2866//2866 2867//2867
f 2813//2813 2867//2867 2814//2814
f 2814//2814 2867//2867 2868//2868
f 2814//2814 2868//2868 2815//2815
f 2815//2815 2868//2868 2869//2869
f 2815//2815 2869//2869 2816//2816
f 2816//2816 2869//2869 2870//2870
f 2816//2816 2870//2870 2817//2817
f 2817//2817 2870//2870 2871//2871
f 2817//2817 2871//2871 2818//2818
f 2818//2818 2871//2871 2872//2872
f 2818//2818 2872//2872 2819//2819
f 2819//2819 2872//2872 2873//2873
f 2819//2819 2873//2873 2820//2820
f 2820//2820 2873//2873 2874//2874
f 2820//2820 2874//2874 2821//2821
f 2821//2821 2874//2874 2875//2875
f 2821//2821 2875//2875 2822//2822
f 2822//2822 2875//2875 2876//2876
f 2822//2822 2876//2876 2823//2823
f 2823//2823 2876//2876 2877//2877
f 2823//2823 2877//2877 2824//2824
f 2824//2824 2877//2877 2878//2878
f 2824//2824 2878//2878 2825//2825
f 2825//2825 2878//2878 2879//2879
f 2825//2825 2879//2879 2826//2826
f 2826//2826 2879//2879 2880//2880
f 2826//2826 2880//2880 2773//2773
f 2773//2773 2880//2880 2827//2827
f 2827//2827 2881//2881 2828//2828
f 2828//2828 2881//2881 2882//2882
f 2828//2828 2882//2882 2829//2829
f 2829//2829 2882//2882 2883//2883
f 2829//2829 2883//2883 2830//2830
f 2830//2830 2883//2883 2884//2884
f 2830//2830 2884//2884 2831//2831
f 2831//2831 2884//2884 2885//2885
f 2831//2831 2885//2885 2832//2832
f 2832//2832 2885//2885 2886//2886
f 2832//2832 2886//2886 2833//2833
f 2833//2833 2886//2886 2887//2887
f 2833//2833 2887//2887 2834//2834
f 2834//2834 2887//2887 2888//2888
f 2834//2834 2888//2888 2835//2835
f 2835//2835 2888//2888 2889//2889
f 2835//2835 2889//2889 2836//2836
f 2836//2836 2889//2889 2890//2890
f 2836//2836 2890//2890 2837//2837
f 2837//2837 2890//2890 2891//2891
f 2837//2837 2891//2891 2838//2838
f 2838//2838 2891//2891 2892//2892
f 2838//2838 2892//2892 2839//2839
f 2839//2839 2892//2892 2893//2893
f 2839//2839 2893//2893 2840//2840
f 2840//2840 2893//2893 2894//2894
f 2840//2840 2894//2894 2841//2841
f 2841//2841 2894//2894 2895//2895
f 2841//2841 2895//2895 2842//2842
f 2842//2842 2895//2895 2896//2896
f 2842//2842 2896//2896 2843//2843
f 2843//2843 2896//2896 2897//2897
f 2843//2843 2897//2897 2844//2844
f 2844//2844 2897//2897 2898//2898
f 2844//2844 2898//2898 2845//2845
f 2845//2845 2898//2898 2899//2899
f 2845//2845 2899//2899 2846//2846
f 2846//2846 2899//2899 2900//2900
f 2846//2846 2900//2900 2847//2847
f 2847//2847 2900//2900 2901//2901
f 2847//2847 2901//2901 2848//2848
f 2848//2848 2901//2901 2902//2902
f 2848//2848 2902//2902 2849//2849
f 2849//2849 2902//2902 2903//2903
f 2849//2849 2903//2903 2850//2850
f 2850//2850 2903//2903 2904//2904
f 2850//2850 2904//2904 2851//2851
f 2851//2851 2904//2904 2905//2905
f 2851//2851 2905//2905 2852//2852
f 2852//2852 2905//2905 2906//2906
f 2852//2852 2906//2906 2853//2853
f 2853//2853 2906//2906 2907//2907
f 2853//2853 2907//2907 2854//2854
f 2854//2854 2907//2907 2908//2908
f 2854//2854 2908//2908 2855//2855
f 2855//2855 2908//2908 2909//2909
f 2855//2855 2909//2909 2856//2856
f 2856//2856 2909//2909 2910//2910
f 2856//2856 2910//2910 2857//2857
f 2857//2857 2910//2910 2911//2911
f 2857//2857 2911//2911 2858//2858
f 2858//2858 2911//2911 2912//2912
f 2858//2858 2912//2912 2859//2859
f 2859//2859 2912//2912 2913//2913
f 2859//2859 2913//2913 2860//2860
f 2860//2860 2913//2913 2914//2914
f 2860//2860 2914//2914 2861//2861
f 2861//2861 2914//2914 2915//2915
f 2861//2861 2915//2915 2862//2862
f 2862//2862 2915//2915 2916//2916
f 2862//2862 2916//2916 2863//2863
f 2863//2863 2916//2916 2917//2917
f 2863//2863 2917//2917 2864//2864
f 2864//2864 2917//2917 2918//2918
f 2864//2864 2918//2918 2865//2865
f 2865//2865 2918//2918 2919//2919
f 2865//2865 2919//2919 2866//2866
f 2866//2866 2919//2919 2920//2920
f 2866//2866 2920//2920 2867//2867
f 2867//2867 2920//2920 2921//2921
f 2867//2867 2921//2921 2868//2868
f 2868//2868 2921//2921 2922//2922
f 2868//2868 2922//2922 2869//2869
f 2869//2869 2922//2922 2923//2923
f 2869//2869 2923//2923 2870//2870
f 2870//2870 2923//2923 2924//2924
f 2870//2870 2924//2924 2871//2871
f 2871//2871 2924//2924 2925//2925
f 2871//2871 2925//2925 2872//2872
f 2872//2872 2925//2925 2926//2926
f 2872//2872 2926//2926 2873//2873
f 2873//2873 2926//2926 2927//2927
f 2873//2873 2927//2927 2874//2874
f 2874//2874 2927//2927 2928//2928
f 2874//2874 2928//2928 2875//2875
f 2875//2875 2928//2928 2929//2929
f 2875//2875 2929//2929 2876//2876
f 2876//2876 2929//2929 2930//2930
f 2876//2876 2930//2930 2877//2877
f 2877//2877 2930//2930 2931//2931
f 2877//2877 2931//2931 2878//2878
f 2878//2878 2931//2931 2932//2932
f 2878//2878 2932//2932 2879//2879
f 2879//2879 2932//2932 2933//2933
f 2879//2879 2933//2933 2880//2880
f 2880//2880 2933//2933 2934//2934
f 2880//2880 2934//2934 2827//2827
f 2827//2827 2934//2934 2881//2881
f 2881//2881 2935//2935 2882//2882
f 2882//2882 2935//2935 2936//2936
f 2882//2882 2936//2936 2883//2883
f 2883//2883 2936//2936 2937//2937
f 2883//2883 2937//2937 2884//2884
f 2884//2884 2937//2937 2938//2938
f 2884//2884 2938//2938 2885//2885
f 2885//2885 2938//2938 2939//2939
f 2885//2885 2939//2939 2886//2886
f 2886//2886 2939//2939 2940//2940
f 2886//2886 2940//2940 2887//2887
f 2887//2887 2940//2940 2941//2941
f 2887//2887 2941//2941 2888//2888
f 2888//2888 2941//2941 2942//2942
f 2888//2888 2942//2942 2889//2889
f 2889//2889 2942//2942 2943//2943
f 2889//2889 2943//2943 2890//2890
f 2890//2890 2943//2943 2944//2944
f 2890//2890 2944//2944 2891//2891
f 2891//2891 2944//2944 2945//2945
f 2891//2891 2945//2945 2892//2892
f 2892//2892 2945//2945 2946//2946
f 2892//2892 2946//2946 2893//2893
f 2893//2893 2946//2946 2947//2947
f 2893//2893 2947//2947 2894//2894
f 2894//2894 2947//2947 2948//2948
f 2894//2894 2948//2948 2895//2895
f 2895//2895 2948//2948 2949//2949
f 2895//2895 2949//2949 2896//2896
f 2896//2896 2949//2949 2950//2950
f 2896//2896 2950//2950 2897//2897
f 2897//2897 2950//2950 2951//2951
f 2897//2897 2951//2951 2898//2898
f 2898//2898 2951//2951 2952//2952
f 2898//2898 2952//2952 2899//2899
f 2899//2899 2952//2952 2953//2953
f 2899//2899 2953//2953 2900//2900
f 2900//2900 2953//2953 2954//2954
f 2900//2900 2954//2954 2901//2901
f 2901//2901 2954//2954 2955//2955
f 2901//2901 2955//2955 2902//2902
f 2902//2902 2955//2955 2956//2956
f 2902//2902 2956//2956 2903//2903
f 2903//2903 2956//2956 2957//2957
f 2903//2903 2957//2957 2904//2904
f 2904//2904 2957//2957 2958//2958
f 2904//2904 2958//2958 2905//2905
f 2905//2905 2958//2958 2959//2959
f 2905//2905 2959//2959 2906//2906
f 2906//2906 2959//2959 2960//2960
f 2906//2906 2960//2960 2907//2907
f 2907//2907 2960//2960 2961//2961
f 2907//2907 2961//2961 2908//2908
f 2908//2908 2961//2961 2962//2962
f 2908//2908 2962//2962 2909//2909
f 2909//2909 2962//2962 2963//2963
f 2909//2909 2963//2963 2910//2910
f 2910//2910 2963//2963 2964//2964
f 2910//2910 2964//2964 2911//2911
f 2911//2911 2964//2964 2965//2965
f 2911//2911 2965//2965 2912//2912
f 2912//2912 2965//2965 2966//2966
f 2912//2912 2966//2966 2913//2913
f 2913//2913 2966//2966 2967//2967
f 2913//2913 2967//2967 2914//2914
f 2914//2914 2967//2967 2968//2968
f 2914//2914 2968//2968 2915//2915
f 2915//2915 2968//2968 2969//2969
f 2915//2915 2969//2969 2916//2916
f 2916//2916 2969//2969 2970//2970
f 2916//2916 2970//2970 2917//2917
f 2917//2917 2970//2970 2971//2971
f 2917//2917 2971//2971 2918//2918
f 2918//2918 2971//2971 2972//2972
f 2918//2918 2972//2972 2919//2919
f 2919//2919 2972//2972 2973//2973
f 2919//2919 2973//2973 2920//2920
f 2920//2920 2973//2973 2974//2974
f 2920//2920 2974//2974 2921//2921
f 2921//2921 2974//2974 2975//2975
f 2921//2921 2975//2975 2922//2922
f 2922//2922 2975//2975 2976//2976
f 2922//2922 2976//2976 2923//2923
f 2923//2923 2976//2976 2977//2977
f 2923//2923 2977//2977 2924//2924
f 2924//2924 2977//2977 2978//2978
f 2924//2924 2978//2978 2925//2925
f 2925//2925 2978//2978 2979//2979
f 2925//2925 2979//2979 2926//2926
f 2926//2926 2979//2979 2980//2980
f 2926//2926 2980//2980 2927//2927
f 2927//2927 2980//2980 2981//2981
f 2927//2927 2981//2981 2928//2928
f 2928//2928 2981//2981 2982//2982
f 2928//2928 2982//2982 2929//2929
f 2929//2929 2982//2982 2983//2983
f 2929//2929 2983//2983 2930//2930
f 2930//2930 2983//2983 2984//2984
f 2930//2930 2984//2984 2931//2931
f 2931//2931 2984//2984 2985//2985
f 2931//2931 2985//2985 2932//2932
f 2932//2932 2985//2985 2986//2986
f 2932//2932 2986//2986 2933//2933
f 2933//2933 2986//2986 2987//2987
f 2933//2933 2987//2987 2934//2934
f 2934//2934 2987//2987 2988//2988
f 2934//2934 2988//2988 2881//2881
f 2881//2881 2988//2988 2935//2935
f 2935//2935 2989//2989 2936//2936
f 2936//2936 2989//2989 2990//2990
f 2936//2936 2990//2990 2937//2937
f 2937//2937 2990//2990 2991//2991
f 2937//2937 2991//2991 2938//2938
f 2938//2938 2991//2991 2992//2992
f 2938//2938 2992//2992 2939//2939
f 2939//2939 2992//2992 2993//2993
f 2939//2939 2993//2993 2940//2940
f 2940//2940 2993//2993 2994//2994
f 2940//2940 2994//2994 2941//2941
f 2941//2941 2994//2994 2995//2995
f 2941//2941 2995//2995 2942//2942
f 2942//2942 2995//2995 2996//2996
f 2942//2942 2996//2996 2943//2943
f 2943//2943 2996//2996 2997//2997
f 2943//2943 2997//2997 2944//2944
f 2944//2944 2997//2997 2998//2998
f 2944//2944 2998//2998 2945//2945
f 2945//2945 2998//2998 2999//2999
f 2945//2945 2999//2999 2946//2946
f 2946//2946 2999//2999 3000//3000
f 2946//2946 3000//3000 2947//2947
f 2947//2947 3000//3000 3001//3001
f 2947//2947 3001//3001 2948//2948
f 2948//2948 3001//3001 3002//3002
f 2948//2948 3002//3002 2949//2949
f 2949//2949 3002//3002 3003//3003
f 2949//2949 3003//3003 2950//2950
f 2950//2950 3003//3003 3004//3004
f 2950//2950 3004//3004 2951//2951
f 2951//2951 3004//3004 3005//3005
f 2951//2951 3005//3005 2952//2952
f 2952//2952 3005//3005 3006//3006
f 2952//2952 3006//3006 2953//2953
f 2953//2953 3006//3006 3007//3007
f 2953//2953 3007//3007 2954//2954
f 2954//2954 3007//3007 3008//3008
f 2954//2954 3008//3008 2955//2955
f 2955//2955 3008//3008 3009//3009
f 2955//2955 3009//3009 2956//2956
f 2956//2956 3009//3009 3010//3010
f 2956//2956 3010//3010 2957//2957
f 2957//2957 3010//3010 3011//3011
f 2957//2957 3011//3011 2958//2958
f 2958//2958 3011//3011 3012//3012
f 2958//2958 3012//3012 2959//2959
f 2959//2959 3012//3012 3013//3013
f 2959//2959 3013//3013 2960//2960
f 2960//2960 3013//3013 3014//3014
f 2960//2960 3014//3014 2961//2961
f 2961//2961 3014//3014 3015//3015
f 2961//2961 3015//3015 2962//2962
f 2962//2962 3015//3015 3016//3016
f 2962//2962 3016//3016 2963//2963
f 2963//2963 3016//3016 3017//3017
f 2963//2963 3017//3017 2964//2964
f 2964//2964 3017//3017 3018//3018
f 2964//2964 3018//3018 2965//2965
f 2965//2965 3018//3018 3019//3019
f 2965//2965 3019//3019 2966//2966
f 2966//2966 3019//3019 3020//3020
f 2966//2966 3020//3020 2967//2967
f 2967//2967 3020//3020 3021//3021
f 2967//2967 3021//3021 2968//2968
f 2968//2968 3021//3021 3022//3022
f 2968//2968 3022//3022 2969//2969
f 2969//2969 3022//3022 3023//3023
f 2969//2969 3023//3023 2970//2970
f 2970//2970 3023//3023 3024//3024
f 2970//2970 3024//3024 2971//2971
f 2971//2971 3024//3024 3025//3025
f 2971//2971 3025//3025 2972//2972
f 2972//2972 3025//3025 3026//3026
f 2972//2972 3026//3026 2973//2973
f 2973//2973 3026//3026 3027//3027
f 2973//2973 3027//3027 2974//2974
f 2974//2974 3027//3027 3028//3028
f 2974//2974 3028//3028 2975//2975
f 2975//2975 3028//3028 3029//3029
f 2975//2975 3029//3029 2976//2976
f 2976//2976 3029//3029 3030//3030
f 2976//2976 3030//3030 2977//2977
f 2977//2977 3030//3030 3031//3031
f 2977//2977 3031//3031 2978//2978
f 2978//2978 3031//3031 3032//3032
f 2978//2978 3032//3032 2979//2979
f 2979//2979 3032//3032 3033//3033
f 2979//2979 3033//3033 2980//2980
f 2980//2980 3033//3033 3034//3034
f 2980//2980 3034//3034 2981//2981
f 2981//2981 3034//3034 3035//3035
f 2981//2981 3035//3035 2982//2982
f 2982//2982 3035//3035 3036//3036
f 2982//2982 3036//3036 2983//2983
f 2983//2983 3036//3036 3037//3037
f 2983//2983 3037//3037 2984//2984
f 2984//2984 3037//3037 3038//3038
f 2984//2984 3038//3038 2985//2985
f 2985//2985 3038//3038 3039//3039
f 2985//2985 3039//3039 2986//2986
f 2986//2986 3039//3039 3040//3040
f 2986//2986 3040//3040 2987//2987
f 2987//2987 3040//3040 3041//3041
f 2987//2987 3041//3041 2988//2988
f 2988//2988 3041//3041 3042//3042
f 2988//2988 3042//3042 2935//2935
f 2935//2935 3042//3042 2989//2989
f 2989//2989 3043//3043 2990//2990
f 2990//2990 3043//3043 3044//3044
f 2990//2990 3044//3044 2991//2991
f 2991//2991 3044//3044 3045//3045
f 2991//2991 3045//3045 2992//2992
f 2992//2992 3045//3045 3046//3046
f 2992//2992 3046//3046 2993//2993
f 2993//2993 3046//3046 3047//3047
f 2993//2993 3047//3047 2994//2994
f 2994//2994 3047//3047 3048//3048
f 2994//2994 3048//3048 2995//2995
f 2995//2995 3048//3048 3049//3049
f 2995//2995 3049//3049 2996//2996
f 2996//2996 3049//3049 3050//3050
f 2996//2996 3050//3050 2997//2997
f 2997//2997 3050//3050 3051//3051
f 2997//2997 3051//3051 2998//2998
f 2998//2998 3051//3051 3052//3052
f 2998//2998 3052//3052 2999//2999
f 2999//2999 3052//3052 3053//3053
f 2999//2999 3053//3053 3000//3000
f 3000//3000 3053//3053 3054//3054
f 3000//3000 3054//3054 3001//3001
f 3001//3001 3054//3054 3055//3055
f 3001//3001 3055//3055 3002//3002
f 3002//3002 3055//3055 3056//3056
f 3002//3002 3056//3056 3003//3003
f 3003//3003 3056//3056 3057//3057
f 3003//3003 3057//3057 3004//3004
f 3004//3004 3057//3057 3058//3058
f 3004//3004 3058//3058 3005//3005
f 3005//3005 3058//3058 3059//3059
f 3005//3005 3059//3059 3006//3006
f 3006//3006 3059//3059 3060//3060
f 3006//3006 3060//3060 3007//3007
f 3007//3007 3060//3060 3061//3061
f 3007//3007 3061//3061 3008//3008
f 3008//3008 3061//3061 3062//3062
f 3008//3008 3062//3062 3009//3009
f 3009//3009 3062//3062 3063//3063
f 3009//3009 3063//3063 3010//3010
f 3010//3010 3063//3063 3064//3064
f 3010//3010 3064//3064 3011//3011
f 3011//3011 3064//3064 3065//3065
f 3011//3011 3065//3065 3012//3012
f 3012//3012 3065//3065 3066//3066
f 3012//3012 3066//3066 3013//3013
f 3013//3013 3066//3066 3067//3067
f 3013//3013 3067//3067 3014//3014
f 3014//3014 3067//3067 3068//3068
f 3014//3014 3068//3068 3015//3015
f 3015//3015 3068//3068 3069//3069
f 3015//3015 3069//3069 3016//3016
f 3016//3016 3069//3069 3070//3070
f 3016//3016 3070//3070 3017//3017
f 3017//3017 3070//3070 3071//3071
f 3017//3017 3071//3071 3018//3018
f 3018//3018 3071//3071 3072//3072
f 3018//3018 3072//3072 3019//3019
f 3019//3019 3072//3072 3073//3073
f 3019//3019 3073//3073 3020//3020
f 3020//3020 3073//3073 3074//3074
f 3020//3020 3074//3074 3021//3021
f 3021//3021 3074//3074 3075//3075
f 3021//3021 3075//3075 3022//3022
f 3022//3022 3075//3075 3076//3076
f 3022//3022 3076//3076 3023//3023
f 3023//3023 3076//3076 3077//3077
f 3023//3023 3077//3077 3024//3024
f 3024//3024 3077//3077 3078//3078
f 3024//3024 3078//3078 3025//3025
f 3025//3025 3078//3078 3079//3079
f 3025//3025 3079//3079 3026//3026
f 3026//3026 3079//3079 3080//3080
f 3026//3026 3080//3080 3027//3027
f 3027//3027 3080//3080 3081//3081
f 3027//3027 3081//3081 3028//3028
f 3028//3028 3081//3081 3082//3082
f 3028//3028 3082//3082 3029//3029
f 3029//3029 3082//3082 3083//3083
f 3029//3029 3083//3083 3030//3030
f 3030//3030 3083//3083 3084//3084
f 3030//3030 3084//3084 3031//3031
f 3031//3031 3084//3084 3085//3085
f 3031//3031 3085//3085 3032//3032
f 3032//3032 3085//3085 3086//3086
f 3032//3032 3086//3086 3033//3033
f 3033//3033 3086//3086 3087//3087
f 3033//3033 3087//3087 3034//3034
f 3034//3034 3087//3087 3088//3088
f 3034//3034 3088//3088 3035//3035
f 3035//3035 3088//3088 3089//3089
f 3035//3035 3089//3089 3036//3036
f 3036//3036 3089//3089 3090//3090
f 3036//3036 3090//3090 3037//3037
f 3037//3037 3090//3090 3091//3091
f 3037//3037 3091//3091 3038//3038
f 3038//3038 3091//3091 3092//3092
f 3038//3038 3092//3092 3039//3039
f 3039//3039 3092//3092 3093//3093
f 3039//3039 3093//3093 3040//3040
f 3040//3040 3093//3093 3094//3094
f 3040//3040 3094//3094 3041//3041
f 3041//3041 3094//3094 3095//3095
f 3041//3041 3095//3095 3042//3042
f 3042//3042 3095//3095 3096//3096
f 3042//3042 3096//3096 2989//2989
f 2989//2989 3096//3096 3043//3043
f 3043//3043 3097//3097 3044//3044
f 3044//3044 3097//3097 3098//3098
f 3044//3044 3098//3098 3045//3045
f 3045//3045 3098//3098 3099//3099
f 3045//3045 3099//3099 3046//3046
f 3046//3046 3099//3099 3100//3100
f 3046//3046 3100//3100 3047//3047
f 3047//3047 3100//3100 3101//3101
f 3047//3047 3101//3101 3048//3048
f 3048//3048 3101//3101 3102//3102
f 3048//3048 3102//3102 3049//3049
f 3049//3049 3102//3102 3103//3103
f 3049//3049 3103//3103 3050//3050
f 3050//3050 3103//3103 3104//3104
f 3050//3050 3104//3104 3051//3051
f 3051//3051 3104//3104 3105//3105
f 3051//3051 3105//3105 3052//3052
f 3052//3052 3105//3105 3106//3106
f 3052//3052 3106//3106 3053//3053
f 3053//3053 3106//3106 3107//3107
f 3053//3053 3107//3107 3054//3054
f 3054//3054 3107//3107 3108//3108
f 3054//3054 3108//3108 3055//3055
f 3055//3055 3108//3108 3109//3109
f 3055//3055 3109//3109 3056//3056
f 3056//3056 3109//3109 3110//3110
f 3056//3056 3110//3110 3057//3057
f 3057//3057 3110//3110 3111//3111
f 3057//3057 3111//3111 3058//3058
f 3058//3058 3111//3111 3112//3112
f 3058//3058 3112//3112 3059//3059
f 3059//3059 3112//3112 3113//3113
f 3059//3059 3113//3113 3060//3060
f 3060//3060 3113//3113 3114//3114
f 3060//3060 3114//3114 3061//3061
f 3061//3061 3114//3114 3115//3115
f 3061//3061 3115//3115 3062//3062
f 3062//3062 3115//3115 3116//3116
f 3062//3062 3116//3116 3063//3063
f 3063//3063 3116//3116 3117//3117
f 3063//3063 3117//3117 3064//3064
f 3064//3064 3117//3117 3118//3118
f 3064//3064 3118//3118 3065//3065
f 3065//3065 3118//3118 3119//3119
f 3065//3065 3119//3119 3066//3066
f 3066//3066 3119//3119 3120//3120
f 3066//3066 3120//3120 3067//3067
f 3067//3067 3120//3120 3121//3121
f 3067//3067 3121//3121 3068//3068
f 3068//3068 3121//3121 3122//3122
f 3068//3068 3122//3122 3069//3069
f 3069//3069 3122//3122 3123//3123
f 3069//3069 3123//3123 3070//3070
f 3070//3070 3123//3123 3124//3124
f 3070//3070 3124//3124 3071//3071
f 3071//3071 3124//3124 3125//3125
f 3071//3071 3125//3125 3072//3072
f 3072//3072 3125//3125 3126//3126
f 3072//3072 3126//3126 3073//3073
f 3073//3073 3126//3126 3127//3127
f 3073//3073 3127//3127 3074//3074
f 3074//3074 3127//3127 3128//3128
f 3074//3074 3128//3128 3075//3075
f 3075//3075 3128//3128 3129//3129
f 3075//3075 3129//3129 3076//3076
f 3076//3076 3129//3129 3130//3130
f 3076//3076 3130//3130 3077//3077
f 3077//3077 3130//3130 3131//3131
f 3077//3077 3131//3131 3078//3078
f 3078//3078 3131//3131 3132//3132
f 3078//3078 3132//3132 3079//3079
f 3079//3079 3132//3132 3133//3133
f 3079//3079 3133//3133 3080//3080
f 3080//3080 3133//3133 3134//3134
f 3080//3080 3134//3134 3081//3081
f 3081//3081 3134//3134 3135//3135
f 3081//3081 3135//3135 3082//3082
f 3082//3082 3135//3135 3136//3136
f 3082//3082 3136//3136 3083//3083
f 3083//3083 3136//3136 3137//3137
f 3083//3083 3137//3137 3084//3084
f 3084//3084 3137//3137 3138//3138
f 3084//3084 3138//3138 3085//3085
f 3085//3085 3138//3138 3139//3139
f 3085//3085 3139//3139 3086//3086
f 3086//3086 3139//3139 3140//3140
f 3086//3086 3140//3140 3087//3087
f 3087//3087 3140//3140 3141//3141
f 3087//3087 3141//3141 3088//3088
f 3088//3088 3141//3141 3142//3142
f 3088//3088 3142//3142 3089//3089
f 3089//3089 3142//3142 3143//3143
f 3089//3089 3143//3143 3090//3090
f 3090//3090 3143//3143 3144//3144
f 3090//3090 3144//3144 3091//3091
f 3091//3091 3144//3144 3145//3145
f 3091//3091 3145//3145 3092//3092
f 3092//3092 3145//3145 3146//3146
f 3092//3092 3146//3146 3093//3093
f 3093//3093 3146//3146 3147//3147
f 3093//3093 3147//3147 3094//3094
f 3094//3094 3147//3147 3148//3148
f 3094//3094 3148//3148 3095//3095
f 3095//3095 3148//3148 3149//3149
f 3095//3095 3149//3149 3096//3096
f 3096//3096 3149//3149 3150//3150
f 3096//3096 3150//3150 3043//3043
f 3043//3043 3150//3150 3097//3097
f 3097//3097 3151//3151 3098//3098
f 3098//3098 3151//3151 3152//3152
f 3098//3098 3152//3152 3099//3099
f 3099//3099 3152//3152 3153//3153
f 3099//3099 3153//3153 3100//3100
f 3100//3100 3153//3153 3154//3154
f 3100//3100 3154//3154 3101//3101
f 3101//3101 3154//3154 3155//3155
f 3101//3101 3155//3155 3102//3102
f 3102//3102 3155//3155 3156//3156
f 3102//3102 3156//3156 3103//3103
f 3103//3103 3156//3156 3157//3157
f 3103//3103 3157//3157 3104//3104
f 3104//3104 3157//3157 3158//3158
f 3104//3104 3158//3158 3105//3105
f 3105//3105 3158//3158 3159//3159
f 3105//3105 3159//3159 3106//3106
f 3106//3106 3159//3159 3160//3160
f 3106//3106 3160//3160 3107//3107
f 3107//3107 3160//3160 3161//3161
f 3107//3107 3161//3161 3108//3108
f 3108//3108 3161//3161 3162//3162
f 3108//3108 3162//3162 3109//3109
f 3109//3109 3162//3162 3163//3163
f 3109//3109 3163//3163 3110//3110
f 3110//3110 3163//3163 3164//3164
f 3110//3110 3164//3164 3111//3111
f 3111//3111 3164//3164 3165//3165
f 3111//3111 3165//3165 3112//3112
f 3112//3112 3165//3165 3166//3166
f 3112//3112 3166//3166 3113//3113
f 3113//3113 3166//3166 3167//3167
f 3113//3113 3167//3167 3114//3114
f 3114//3114 3167//3167 3168//3168
f 3114//3114 3168//3168 3115//3115
f 3115//3115 3168//3168 3169//3169
f 3115//3115 3169//3169 3116//3116
f 3116//3116 3169//3169 3170//3170
f 3116//3116 3170//3170 3117//3117
f 3117//3117 3170//3170 3171//3171
f 3117//3117 3171//3171 3118//3118
f 3118//3118 3171//3171 3172//3172
f 3118//3118 3172//3172 3119//3119
f 3119//3119 3172//3172 3173//3173
f 3119//3119 3173//3173 3120//3120
f 3120//3120 3173//3173 3174//3174
f 3120//3120 3174//3174 3121//3121
f 3121//3121 3174//3174 3175//3175
f 3121//3121 3175//3175 3122//3122
f 3122//3122 3175//3175 3176//3176
f 3122//3122 3176//3176 3123//3123
f 3123//3123 3176//3176 3177//3177
f 3123//3123 3177//3177 3124//3124
f 3124//3124 3177//3177 3178//3178
f 3124//3124 3178//3178 3125//3125
f 3125//3125 3178//3178 3179//3179
f 3125//3125 3179//3179 3126//3126
f 3126//3126 3179//3179 3180//3180
f 3126//3126 3180//3180 3127//3127
f 3127//3127 3180//3180 3181//3181
f 3127//3127 3181//3181 3128//3128
f 3128//3128 3181//3181 3182//3182
f 3128//3128 3182//3182 3129//3129
f 3129//3129 3182//3182 3183//3183
f 3129//3129 3183//3183 3130//3130
f 3130//3130 3183//3183 3184//3184
f 3130//3130 3184//3184 3131//3131
f 3131//3131 3184//3184 3185//3185
f 3131//3131 3185//3185 3132//3132
f 3132//3132 3185//3185 3186//3186
f 3132//3132 3186//3186 3133//3133
f 3133//3133 3186//3186 3187//3187
f 3133//3133 3187//3187 3134//3134
f 3134//3134 3187//3187 3188//3188
f 3134//3134 3188//3188 3135//3135
f 3135//3135 3188//3188 3189//3189
f 3135//3135 3189//3189 3136//3136
f 3136//3136 3189//3189 3190//3190
f 3136//3136 3190//3190 3137//3137
f 3137//3137 3190//3190 3191//3191
f 3137//3137 3191//3191 3138//3138
f 3138//3138 3191//3191 3192//3192
f 3138//3138 3192//3192 3139//3139
f 3139//3139 3192//3192 3193//3193
f 3139//3139 3193//3193 3140//3140
f 3140//3140 3193//3193 3194//3194
f 3140//3140 3194//3194 3141//3141
f 3141//3141 3194//3194 3195//3195
f 3141//3141 3195//3195 3142//3142
f 3142//3142 3195//3195 3196//3196
f 3142//3142 3196//3196 3143//3143
f 3143//3143 3196//3196 3197//3197
f 3143//3143 3197//3197 3144//3144
f 3144//3144 3197//3197 3198//3198
f 3144//3144 3198//3198 3145//3145
f 3145//3145 3198//3198 3199//3199
f 3145//3145 3199//3199 3146//3146
f 3146//3146 3199//3199 3200//3200
f 3146//3146 3200//3200 3147//3147
f 3147//3147 3200//3200 3201//3201
f 3147//3147 3201//3201 3148//3148
f 3148//3148 3201//3201 3202//3202
f 3148//3148 3202//3202 3149//3149
f 3149//3149 3202//3202 3203//3203
f 3149//3149 3203//3203 3150//3150
f 3150//3150 3203//3203 3204//3204
f 3150//3150 3204//3204 3097//3097
f 3097//3097 3204//3204 3151//3151
f 3151//3151 2383//2383 3152//3152
f 3152//3152 2383//2383 2384//2384
f 3152//3152 2384//2384 3153//3153
f 3153//3153 2384//2384 2385//2385
f 3153//3153 2385//2385 3154//3154
f 3154//3154 2385//2385 2386//2386
f 3154//3154 2386//2386 3155//3155
f 3155//3155 2386//2386 2387//2387
f 3155//3155 2387//2387 3156//3156
f 3156//3156 2387//2387 2388//2388
f 3156//3156 2388//2388 3157//3157
f 3157//3157 2388//2388 2389//2389
f 3157//3157 2389//2389 3158//3158
f 3158//3158 2389//2389 2390//2390
f 3158//3158 2390//2390 3159//3159
f 3159//3159 2390//2390 2391//2391
f 3159//3159 2391//2391 3160//3160
f 3160//3160 2391//2391 2392//2392
f 3160//3160 2392//2392 3161//3161
f 3161//3161 2392//2392 2393//2393
f 3161//3161 2393//2393 3162//3162
f 3162//3162 2393//2393 2394//2394
f 3162//3162 2394//2394 3163//3163
f 3163//3163 2394//2394 2395//2395
f 3163//3163 2395//2395 3164//3164
f 3164//3164 2395//2395 2396//2396
f 3164//3164 2396//2396 3165//3165
f 3165//3165 2396//2396 2397//2397
f 3165//3165 2397//2397 3166//3166
f 3166//3166 2397//2397 2398//2398
f 3166//3166 2398//2398 3167//3167
f 3167//3167 2398//2398 2399//2399
f 3167//3167 2399//2399 3168//3168
f 3168//3168 2399//2399 2400//2400
f 3168//3168 2400//2400 3169//3169
f 3169//3169 2400//2400 2401//2401
f 3169//3169 2401//2401 3170//3170
f 3170//3170 2401//2401 2402//2402
f 3170//3170 2402//2402 3171//3171
f 3171//3171 2402//2402 2403//2403
f 3171//3171 2403//2403 3172//3172
f 3172//3172 2403//2403 2404//2404
f 3172//3172 2404//2404 3173//3173
f 3173//3173 2404//2404 2405//2405
f 3173//3173 2405//2405 3174//3174
f 3174//3174 2405//2405 2406//2406
f 3174//3174 2406//2406 3175//3175
f 3175//3175 2406//2406 2407//2407
f 3175//3175 2407//2407 3176//3176
f 3176//3176 2407//2407 2408//2408
f 3176//3176 2408//2408 3177//3177
f 3177//3177 2408//2408 2355//2355
f 3177//3177 2355//2355 3178//3178
f 3178//3178 2355//2355 2356//2356
f 3178//3178 2356//2356 3179//3179
f 3179//3179 2356//2356 2357//2357
f 3179//3179 2357//2357 3180//3180
f 3180//3180 2357//2357 2358//2358
f 3180//3180 2358//2358 3181//3181
f 3181//3181 2358//2358 2359//2359
f 3181//3181 2359//2359 3182//3182
f 3182//3182 2359//2359 2360//2360
f 3182//3182 2360//2360 3183//3183
f 3183//3183 2360//2360 2361//2361
f 3183//3183 2361//2361 3184//3184
f 3184//3184 2361//2361 2362//2362
f 3184//3184 2362//2362 3185//3185
f 3185//3185 2362//2362 2363//2363
f 3185//3185 2363//2363 3186//3186
f 3186//3186 2363//2363 2364//2364
f 3186//3186 2364//2364 3187//3187
f 3187//3187 2364//2364 2365//2365
f 3187//3187 2365//2365 3188//3188
f 3188//3188 2365//2365 2366//2366
f 3188//3188 2366//2366 3189//3189
f 3189//3189 2366//2366 2367//2367
f 3189//3189 2367//2367 3190//3190
f 3190//3190 2367//2367 2368//2368
f 3190//3190 2368//2368 3191//3191
f 3191//3191 2368//2368 2369//2369
f 3191//3191 2369//2369 3192//3192
f 3192//3192 2369//2369 2370//2370
f 3192//3192 2370//2370 3193//3193
f 3193//3193 2370//2370 2371//2371
f 3193//3193 2371//2371 3194//3194
f 3194//3194 2371//2371 2372//2372
f 3194//3194 2372//2372 3195//3195
f 3195//3195 2372//2372 2373//2373
f 3195//3195 2373//2373 3196//3196
f 3196//3196 2373//2373 2374//2374
f 3196//3196 2374//2374 3197//3197
f 3197//3197 2374//2374 2375//2375
f 3197//3197 2375//2375 3198//3198
f 3198//3198 2375//2375 2376//2376
f 3198//3198 2376//2376 3199//3199
f 3199//3199 2376//2376 2377//2377
f 3199//3199 2377//2377 3200//3200
f 3200//3200 2377//2377 2378//2378
f 3200//3200 2378//2378 3201//3201
f 3201//3201 2378//2378 2379//2379
f 3201//3201 2379//2379 3202//3202
f 3202//3202 2379//2379 2380//2380
f 3202//3202 2380//2380 3203//3203
f 3203//3203 2380//2380 2381//2381
f 3203//3203 2381//2381 3204//3204
f 3204//3204 2381//2381 2382//2382
f 3204//3204 2382//2382 3151//3151
f 3151//3151 2382//2382 2383//2383
f 2553//2553 2551//2551 3205//3205
f 2540//2540 2538//2538 3206//3206
f 2529//2529 2527//2527 3207//3207
f 2526//2526 2524//2524 3208//3208
f 2515//2515 2513//2513 3209//3209
f 2512//2512 2510//2510 3210//3210
f 2501//2501 2499//2499 3211//3211
f 2498//2498 2496//2496 3212//3212
f 2487//2487 2485//2485 3213//3213
f 2484//2484 2482//2482 3214//3214
f 2473//2473 2471//2471 3215//3215
f 2459//2459 2457//2457 3216//3216
f 2445//2445 2443//2443 3217//3217
f 2431//2431 2429//2429 3218//3218
f 2418//2418 2416//2416 3219//3219
f 3220//3220 3221//3221 3222//3222
f 3223//3223 3224//3224 3225//3225
f 3226//3226 3227//3227 3228//3228
f 3229//3229 3230//3230 3231//3231
f 3230//3230 3229//3229 3232//3232
f 3233//3233 3234//3234 3235//3235
f 3236//3236 3237//3237 3238//3238
f 3239//3239 3240//3240 3241//3241
f 3240//3240 3239//3239 3242//3242
f 3243//3243 3244//3244 3245//3245
f 3246//3246 3247//3247 3248//3248
f 3249//3249 3250//3250 3251//3251
f 3250//3250 3249//3249 3252//3252
f 3253//3253 3254//3254 3255//3255
f 3256//3256 3257//3257 3258//3258
f 3259//3259 3260//3260 3261//3261
f 3260//3260 3259//3259 3262//3262
f 3263//3263 3264//3264 3265//3265
f 3266//3266 3267//3267 3268//3268
f 3269//3269 3270//3270 3271//3271
f 3270//3270 3269//3269 3272//3272
f 3273//3273 3274//3274 3275//3275
f 3276//3276 3277//3277 3278//3278
f 3279//3279 3280//3280 3281//3281
f 3282//3282 3281//3281 3283//3283
f 3283//3283 3284//3284 3285//3285
f 3285//3285 3284//3284 3286//3286
f 3286//3286 3287//3287 3288//3288
f 3288//3288 3287//3287 3276//3276
f 3273//3273 3275//3275 3277//3277
f 3274//3274 3289//3289 3290//3290
f 3290//3290 3289//3289 3291//3291
f 3290//3290 3291//3291 3272//3272
f 3292//3292 3271//3271 3293//3293
f 3293//3293 3294//3294 3295//3295
f 3295//3295 3294//3294 3296//3296
f 3296//3296 3297//3297 3298//3298
f 3298//3298 3297//3297 3266//3266
f 3263//3263 3265//3265 3267//3267
f 3264//3264 3299//3299 3300//3300
f 3300//3300 3299//3299 3301//3301
f 3300//3300 3301//3301 3262//3262
f 3302//3302 3261//3261 3303//3303
f 3303//3303 3304//3304 3305//3305
f 3305//3305 3304//3304 3306//3306
f 3306//3306 3307//3307 3308//3308
f 3308//3308 3307//3307 3256//3256
f 3253//3253 3255//3255 3257//3257
f 3254//3254 3309//3309 3310//3310
f 3310//3310 3309//3309 3311//3311
f 3310//3310 3311//3311 3252//3252
f 3312//3312 3251//3251 3313//3313
f 3313//3313 3314//3314 3315//3315
f 3315//3315 3314//3314 3316//3316
f 3316//3316 3317//3317 3318//3318
f 3318//3318 3317//3317 3246//3246
f 3243//3243 3245//3245 3247//3247
f 3244//3244 3319//3319 3320//3320
f 3320//3320 3319//3319 3321//3321
f 3320//3320 3321//3321 3242//3242
f 3322//3322 3241//3241 3323//3323
f 3323//3323 3324//3324 3325//3325
f 3325//3325 3324//3324 3326//3326
f 3326//3326 3327//3327 3328//3328
f 3328//3328 3327//3327 3236//3236
f 3233//3233 3235//3235 3237//3237
f 3234//3234 3329//3329 3330//3330
f 3330//3330 3329//3329 3331//3331
f 3330//3330 3331//3331 3232//3232
f 3332//3332 3231//3231 3333//3333
f 3333//3333 3334//3334 3335//3335
f 3335//3335 3334//3334 3336//3336
f 3336//3336 3337//3337 3338//3338
f 3338//3338 3337//3337 3226//3226
f 3223//3223 3225//3225 3227//3227
f 3220//3220 3222//3222 3224//3224
f 3221//3221 3339//3339 3340//3340
f 3340//3340 3339//3339 3341//3341
f 3340//3340 3341//3341 3280//3280
f 3342//3342 2411//2411 2556//2556
f 3303//3303 3305//3305 3302//3302
f 3302//3302 3305//3305 3343//3343
f 3302//3302 3343//3343 3344//3344
f 3344//3344 3343//3343 3345//3345
f 3344//3344 3345//3345 3346//3346
f 3346//3346 3345//3345 3347//3347
f 3346//3346 3347//3347 3348//3348
f 3348//3348 3347//3347 3349//3349
f 3348//3348 3349//3349 3350//3350
f 3350//3350 3349//3349 3351//3351
f 3350//3350 3351//3351 3352//3352
f 3352//3352 3351//3351 3353//3353
f 3352//3352 3353//3353 3354//3354
f 3354//3354 3353//3353 3355//3355
f 3354//3354 3355//3355 3356//3356
f 3356//3356 3355//3355 3357//3357
f 3356//3356 3357//3357 3358//3358
f 3358//3358 3357//3357 3359//3359
f 3358//3358 3359//3359 3360//3360
f 3360//3360 3359//3359 3361//3361
f 3360//3360 3361//3361 3362//3362
f 3362//3362 3361//3361 3363//3363
f 3362//3362 3363//3363 3364//3364
f 3364//3364 3363//3363 3365//3365
f 3364//3364 3365//3365 3366//3366
f 3366//3366 3365//3365 3367//3367
f 3366//3366 3367//3367 3368//3368
f 3368//3368 3367//3367 3369//3369
f 3368//3368 3369//3369 3370//3370
f 3370//3370 3369//3369 3342//3342
f 3370//3370 3342//3342 3371//3371
f 3371//3371 3342//3342 2556//2556
f 3371//3371 2556//2556 2555//2555
f 2415//2415 2413//2413 3372//3372
f 3372//3372 2413//2413 2412//2412
f 3306//3306 3308//3308 3305//3305
f 3305//3305 3308//3308 3373//3373
f 3305//3305 3373//3373 3343//3343
f 3343//3343 3373//3373 3374//3374
f 3343//3343 3374//3374 3345//3345
f 3345//3345 3374//3374 3375//3375
f 3345//3345 3375//3375 3347//3347
f 3347//3347 3375//3375 3376//3376
f 3347//3347 3376//3376 3349//3349
f 3349//3349 3376//3376 3377//3377
f 3349//3349 3377//3377 3351//3351
f 3351//3351 3377//3377 3378//3378
f 3351//3351 3378//3378 3353//3353
f 3353//3353 3378//3378 3379//3379
f 3353//3353 3379//3379 3355//3355
f 3355//3355 3379//3379 3380//3380
f 3355//3355 3380//3380 3357//3357
f 3357//3357 3380//3380 3381//3381
f 3357//3357 3381//3381 3359//3359
f 3359//3359 3381//3381 3382//3382
f 3359//3359 3382//3382 3361//3361
f 3361//3361 3382//3382 3383//3383
f 3361//3361 3383//3383 3363//3363
f 3363//3363 3383//3383 3384//3384
f 3363//3363 3384//3384 3365//3365
f 3365//3365 3384//3384 3385//3385
f 3365//3365 3385//3385 3367//3367
f 3367//3367 3385//3385 3386//3386
f 3367//3367 3386//3386 3369//3369
f 3369//3369 3386//3386 3372//3372
f 3369//3369 3372//3372 3342//3342
f 3342//3342 3372//3372 2412//2412
f 3342//3342 2412//2412 2411//2411
f 3256//3256 3258//3258 3308//3308
f 3308//3308 3258//3258 3387//3387
f 3308//3308 3387//3387 3373//3373
f 3373//3373 3387//3387 3388//3388
f 3373//3373 3388//3388 3374//3374
f 3374//3374 3388//3388 3389//3389
f 3374//3374 3389//3389 3375//3375
f 3375//3375 3389//3389 3390//3390
f 3375//3375 3390//3390 3376//3376
f 3376//3376 3390//3390 3391//3391
f 3376//3376 3391//3391 3377//3377
f 3377//3377 3391//3391 3392//3392
f 3377//3377 3392//3392 3378//3378
f 3378//3378 3392//3392 3393//3393
f 3378//3378 3393//3393 3379//3379
f 3379//3379 3393//3393 3394//3394
f 3379//3379 3394//3394 3380//3380
f 3380//3380 3394//3394 3395//3395
f 3380//3380 3395//3395 3381//3381
f 3381//3381 3395//3395 3396//3396
f 3381//3381 3396//3396 3382//3382
f 3382//3382 3396//3396 3397//3397
f 3382//3382 3397//3397 3383//3383
f 3383//3383 3397//3397 3398//3398
f 3383//3383 3398//3398 3384//3384
f 3384//3384 3398//3398 3399//3399
f 3384//3384 3399//3399 3385//3385
f 3385//3385 3399//3399 3400//3400
f 3385//3385 3400//3400 3386//3386
f 3386//3386 3400//3400 3219//3219
f 3386//3386 3219//3219 3372//3372
f 3372//3372 3219//3219 2416//2416
f 3372//3372 2416//2416 2415//2415
f 3257//3257 3255//3255 3258//3258
f 3258//3258 3255//3255 3401//3401
f 3258//3258 3401//3401 3387//3387
f 3387//3387 3401//3401 3402//3402
f 3387//3387 3402//3402 3388//3388
f 3388//3388 3402//3402 3403//3403
f 3388//3388 3403//3403 3389//3389
f 3389//3389 3403//3403 3404//3404
f 3389//3389 3404//3404 3390//3390
f 3390//3390 3404//3404 3405//3405
f 3390//3390 3405//3405 3391//3391
f 3391//3391 3405//3405 3406//3406
f 3391//3391 3406//3406 3392//3392
f 3392//3392 3406//3406 3407//3407
f 3392//3392 3407//3407 3393//3393
f 3393//3393 3407//3407 3408//3408
f 3393//3393 3408//3408 3394//3394
f 3394//3394 3408//3408 3409//3409
f 3394//3394 3409//3409 3395//3395
f 3395//3395 3409//3409 3410//3410
f 3395//3395 3410//3410 3396//3396
f 3396//3396 3410//3410 3411//3411
f 3396//3396 3411//3411 3397//3397
f 3397//3397 3411//3411 3412//3412
f 3397//3397 3412//3412 3398//3398
f 3398//3398 3412//3412 3413//3413
f 3398//3398 3413//3413 3399//3399
f 3399//3399 3413//3413 3414//3414
f 3399//3399 3414//3414 3400//3400
f 3400//3400 3414//3414 3415//3415
f 3400//3400 3415//3415 3219//3219
f 3219//3219 3415//3415 2420//2420
f 3219//3219 2420//2420 2418//2418
f 3416//3416 2423//2423 2422//2422
f 3254//3254 3310//3310 3255//3255
f 3255//3255 3310//3310 3417//3417
f 3255//3255 3417//3417 3401//3401
f 3401//3401 3417//3417 3418//3418
f 3401//3401 3418//3418 3402//3402
f 3402//3402 3418//3418 3419//3419
f 3402//3402 3419//3419 3403//3403
f 3403//3403 3419//3419 3420//3420
f 3403//3403 3420//3420 3404//3404
f 3404//3404 3420//3420 3421//3421
f 3404//3404 3421//3421 3405//3405
f 3405//3405 3421//3421 3422//3422
f 3405//3405 3422//3422 3406//3406
f 3406//3406 3422//3422 3423//3423
f 3406//3406 3423//3423 3407//3407
f 3407//3407 3423//3423 3424//3424
f 3407//3407 3424//3424 3408//3408
f 3408//3408 3424//3424 3425//3425
f 3408//3408 3425//3425 3409//3409
f 3409//3409 3425//3425 3426//3426
f 3409//3409 3426//3426 3410//3410
f 3410//3410 3426//3426 3427//3427
f 3410//3410 3427//3427 3411//3411
f 3411//3411 3427//3427 3428//3428
f 3411//3411 3428//3428 3412//3412
f 3412//3412 3428//3428 3429//3429
f 3412//3412 3429//3429 3413//3413
f 3413//3413 3429//3429 3430//3430
f 3413//3413 3430//3430 3414//3414
f 3414//3414 3430//3430 3416//3416
f 3414//3414 3416//3416 3415//3415
f 3415//3415 3416//3416 2422//2422
f 3415//3415 2422//2422 2420//2420
f 2428//2428 2426//2426 3431//3431
f 3431//3431 2426//2426 2425//2425
f 3252//3252 3249//3249 3310//3310
f 3310//3310 3249//3249 3432//3432
f 3310//3310 3432//3432 3417//3417
f 3417//3417 3432//3432 3433//3433
f 3417//3417 3433//3433 3418//3418
f 3418//3418 3433//3433 3434//3434
f 3418//3418 3434//3434 3419//3419
f 3419//3419 3434//3434 3435//3435
f 3419//3419 3435//3435 3420//3420
f 3420//3420 3435//3435 3436//3436
f 3420//3420 3436//3436 3421//3421
f 3421//3421 3436//3436 3437//3437
f 3421//3421 3437//3437 3422//3422
f 3422//3422 3437//3437 3438//3438
f 3422//3422 3438//3438 3423//3423
f 3423//3423 3438//3438 3439//3439
f 3423//3423 3439//3439 3424//3424
f 3424//3424 3439//3439 3440//3440
f 3424//3424 3440//3440 3425//3425
f 3425//3425 3440//3440 3441//3441
f 3425//3425 3441//3441 3426//3426
f 3426//3426 3441//3441 3442//3442
f 3426//3426 3442//3442 3427//3427
f 3427//3427 3442//3442 3443//3443
f 3427//3427 3443//3443 3428//3428
f 3428//3428 3443//3443 3444//3444
f 3428//3428 3444//3444 3429//3429
f 3429//3429 3444//3444 3445//3445
f 3429//3429 3445//3445 3430//3430
f 3430//3430 3445//3445 3431//3431
f 3430//3430 3431//3431 3416//3416
f 3416//3416 3431//3431 2425//2425
f 3416//3416 2425//2425 2423//2423
f 3251//3251 3312//3312 3249//3249
f 3249//3249 3312//3312 3446//3446
f 3249//3249 3446//3446 3432//3432
f 3432//3432 3446//3446 3447//3447
f 3432//3432 3447//3447 3433//3433
f 3433//3433 3447//3447 3448//3448
f 3433//3433 3448//3448 3434//3434
f 3434//3434 3448//3448 3449//3449
f 3434//3434 3449//3449 3435//3435
f 3435//3435 3449//3449 3450//3450
f 3435//3435 3450//3450 3436//3436
f 3436//3436 3450//3450 3451//3451
f 3436//3436 3451//3451 3437//3437
f 3437//3437 3451//3451 3452//3452
f 3437//3437 3452//3452 3438//3438
f 3438//3438 3452//3452 3453//3453
f 3438//3438 3453//3453 3439//3439
f 3439//3439 3453//3453 3454//3454
f 3439//3439 3454//3454 3440//3440
f 3440//3440 3454//3454 3455//3455
f 3440//3440 3455//3455 3441//3441
f 3441//3441 3455//3455 3456//3456
f 3441//3441 3456//3456 3442//3442
f 3442//3442 3456//3456 3457//3457
f 3442//3442 3457//3457 3443//3443
f 3443//3443 3457//3457 3458//3458
f 3443//3443 3458//3458 3444//3444
f 3444//3444 3458//3458 3459//3459
f 3444//3444 3459//3459 3445//3445
f 3445//3445 3459//3459 3218//3218
f 3445//3445 3218//3218 3431//3431
f 3431//3431 3218//3218 2429//2429
f 3431//3431 2429//2429 2428//2428
f 3460//3460 2434//2434 2433//2433
f 3313//3313 3315//3315 3312//3312
f 3312//3312 3315//3315 3461//3461
f 3312//3312 3461//3461 3446//3446
f 3446//3446 3461//3461 3462//3462
f 3446//3446 3462//3462 3447//3447
f 3447//3447 3462//3462 3463//3463
f 3447//3447 3463//3463 3448//3448
f 3448//3448 3463//3463 3464//3464
f 3448//3448 3464//3464 3449//3449
f 3449//3449 3464//3464 3465//3465
f 3449//3449 3465//3465 3450//3450
f 3450//3450 3465//3465 3466//3466
f 3450//3450 3466//3466 3451//3451
f 3451//3451 3466//3466 3467//3467
f 3451//3451 3467//3467 3452//3452
f 3452//3452 3467//3467 3468//3468
f 3452//3452 3468//3468 3453//3453
f 3453//3453 3468//3468 3469//3469
f 3453//3453 3469//3469 3454//3454
f 3454//3454 3469//3469 3470//3470
f 3454//3454 3470//3470 3455//3455
f 3455//3455 3470//3470 3471//3471
f 3455//3455 3471//3471 3456//3456
f 3456//3456 3471//3471 3472//3472
f 3456//3456 3472//3472 3457//3457
f 3457//3457 3472//3472 3473//3473
f 3457//3457 3473//3473 3458//3458
f 3458//3458 3473//3473 3474//3474
f 3458//3458 3474//3474 3459//3459
f 3459//3459 3474//3474 3460//3460
f 3459//3459 3460//3460 3218//3218
f 3218//3218 3460//3460 2433//2433
f 3218//3218 2433//2433 2431//2431
f 3475//3475 2437//2437 2436//2436
f 3316//3316 3318//3318 3315//3315
f 3315//3315 3318//3318 3476//3476
f 3315//3315 3476//3476 3461//3461
f 3461//3461 3476//3476 3477//3477
f 3461//3461 3477//3477 3462//3462
f 3462//3462 3477//3477 3478//3478
f 3462//3462 3478//3478 3463//3463
f 3463//3463 3478//3478 3479//3479
f 3463//3463 3479//3479 3464//3464
f 3464//3464 3479//3479 3480//3480
f 3464//3464 3480//3480 3465//3465
f 3465//3465 3480//3480 3481//3481
f 3465//3465 3481//3481 3466//3466
f 3466//3466 3481//3481 3482//3482
f 3466//3466 3482//3482 3467//3467
f 3467//3467 3482//3482 3483//3483
f 3467//3467 3483//3483 3468//3468
f 3468//3468 3483//3483 3484//3484
f 3468//3468 3484//3484 3469//3469
f 3469//3469 3484//3484 3485//3485
f 3469//3469 3485//3485 3470//3470
f 3470//3470 3485//3485 3486//3486
f 3470//3470 3486//3486 3471//3471
f 3471//3471 3486//3486 3487//3487
f 3471//3471 3487//3487 3472//3472
f 3472//3472 3487//3487 3488//3488
f 3472//3472 3488//3488 3473//3473
f 3473//3473 3488//3488 3489//3489
f 3473//3473 3489//3489 3474//3474
f 3474//3474 3489//3489 3475//3475
f 3474//3474 3475//3475 3460//3460
f 3460//3460 3475//3475 2436//2436
f 3460//3460 2436//2436 2434//2434
f 2442//2442 2440//2440 3490//3490
f 3490//3490 2440//2440 2439//2439
f 3246//3246 3248//3248 3318//3318
f 3318//3318 3248//3248 3491//3491
f 3318//3318 3491//3491 3476//3476
f 3476//3476 3491//3491 3492//3492
f 3476//3476 3492//3492 3477//3477
f 3477//3477 3492//3492 3493//3493
f 3477//3477 3493//3493 3478//3478
f 3478//3478 3493//3493 3494//3494
f 3478//3478 3494//3494 3479//3479
f 3479//3479 3494//3494 3495//3495
f 3479//3479 3495//3495 3480//3480
f 3480//3480 3495//3495 3496//3496
f 3480//3480 3496//3496 3481//3481
f 3481//3481 3496//3496 3497//3497
f 3481//3481 3497//3497 3482//3482
f 3482//3482 3497//3497 3498//3498
f 3482//3482 3498//3498 3483//3483
f 3483//3483 3498//3498 3499//3499
f 3483//3483 3499//3499 3484//3484
f 3484//3484 3499//3499 3500//3500
f 3484//3484 3500//3500 3485//3485
f 3485//3485 3500//3500 3501//3501
f 3485//3485 3501//3501 3486//3486
f 3486//3486 3501//3501 3502//3502
f 3486//3486 3502//3502 3487//3487
f 3487//3487 3502//3502 3503//3503
f 3487//3487 3503//3503 3488//3488
f 3488//3488 3503//3503 3504//3504
f 3488//3488 3504//3504 3489//3489
f 3489//3489 3504//3504 3490//3490
f 3489//3489 3490//3490 3475//3475
f 3475//3475 3490//3490 2439//2439
f 3475//3475 2439//2439 2437//2437
f 3247//3247 3245//3245 3248//3248
f 3248//3248 3245//3245 3505//3505
f 3248//3248 3505//3505 3491//3491
f 3491//3491 3505//3505 3506//3506
f 3491//3491 3506//3506 3492//3492
f 3492//3492 3506//3506 3507//3507
f 3492//3492 3507//3507 3493//3493
f 3493//3493 3507//3507 3508//3508
f 3493//3493 3508//3508 3494//3494
f 3494//3494 3508//3508 3509//3509
f 3494//3494 3509//3509 3495//3495
f 3495//3495 3509//3509 3510//3510
f 3495//3495 3510//3510 3496//3496
f 3496//3496 3510//3510 3511//3511
f 3496//3496 3511//3511 3497//3497
f 3497//3497 3511//3511 3512//3512
f 3497//3497 3512//3512 3498//3498
f 3498//3498 3512//3512 3513//3513
f 3498//3498 3513//3513 3499//3499
f 3499//3499 3513//3513 3514//3514
f 3499//3499 3514//3514 3500//3500
f 3500//3500 3514//3514 3515//3515
f 3500//3500 3515//3515 3501//3501
f 3501//3501 3515//3515 3516//3516
f 3501//3501 3516//3516 3502//3502
f 3502//3502 3516//3516 3517//3517
f 3502//3502 3517//3517 3503//3503
f 3503//3503 3517//3517 3518//3518
f 3503//3503 3518//3518 3504//3504
f 3504//3504 3518//3518 3217//3217
f 3504//3504 3217//3217 3490//3490
f 3490//3490 3217//3217 2443//2443
f 3490//3490 2443//2443 2442//2442
f 3519//3519 2448//2448 2447//2447
f 3244//3244 3320//3320 3245//3245
f 3245//3245 3320//3320 3520//3520
f 3245//3245 3520//3520 3505//3505
f 3505//3505 3520//3520 3521//3521
f 3505//3505 3521//3521 3506//3506
f 3506//3506 3521//3521 3522//3522
f 3506//3506 3522//3522 3507//3507
f 3507//3507 3522//3522 3523//3523
f 3507//3507 3523//3523 3508//3508
f 3508//3508 3523//3523 3524//3524
f 3508//3508 3524//3524 3509//3509
f 3509//3509 3524//3524 3525//3525
f 3509//3509 3525//3525 3510//3510
f 3510//3510 3525//3525 3526//3526
f 3510//3510 3526//3526 3511//3511
f 3511//3511 3526//3526 3527//3527
f 3511//3511 3527//3527 3512//3512
f 3512//3512 3527//3527 3528//3528
f 3512//3512 3528//3528 3513//3513
f 3513//3513 3528//3528 3529//3529
f 3513//3513 3529//3529 3514//3514
f 3514//3514 3529//3529 3530//3530
f 3514//3514 3530//3530 3515//3515
f 3515//3515 3530//3530 3531//3531
f 3515//3515 3531//3531 3516//3516
f 3516//3516 3531//3531 3532//3532
f 3516//3516 3532//3532 3517//3517
f 3517//3517 3532//3532 3533//3533
f 3517//3517 3533//3533 3518//3518
f 3518//3518 3533//3533 3519//3519
f 3518//3518 3519//3519 3217//3217
f 3217//3217 3519//3519 2447//2447
f 3217//3217 2447//2447 2445//2445
f 3534//3534 2451//2451 2450//2450
f 3242//3242 3239//3239 3320//3320
f 3320//3320 3239//3239 3535//3535
f 3320//3320 3535//3535 3520//3520
f 3520//3520 3535//3535 3536//3536
f 3520//3520 3536//3536 3521//3521
f 3521//3521 3536//3536 3537//3537
f 3521//3521 3537//3537 3522//3522
f 3522//3522 3537//3537 3538//3538
f 3522//3522 3538//3538 3523//3523
f 3523//3523 3538//3538 3539//3539
f 3523//3523 3539//3539 3524//3524
f 3524//3524 3539//3539 3540//3540
f 3524//3524 3540//3540 3525//3525
f 3525//3525 3540//3540 3541//3541
f 3525//3525 3541//3541 3526//3526
f 3526//3526 3541//3541 3542//3542
f 3526//3526 3542//3542 3527//3527
f 3527//3527 3542//3542 3543//3543
f 3527//3527 3543//3543 3528//3528
f 3528//3528 3543//3543 3544//3544
f 3528//3528 3544//3544 3529//3529
f 3529//3529 3544//3544 3545//3545
f 3529//3529 3545//3545 3530//3530
f 3530//3530 3545//3545 3546//3546
f 3530//3530 3546//3546 3531//3531
f 3531//3531 3546//3546 3547//3547
f 3531//3531 3547//3547 3532//3532
f 3532//3532 3547//3547 3548//3548
f 3532//3532 3548//3548 3533//3533
f 3533//3533 3548//3548 3534//3534
f 3533//3533 3534//3534 3519//3519
f 3519//3519 3534//3534 2450//2450
f 3519//3519 2450//2450 2448//2448
f 2456//2456 2454//2454 3549//3549
f 3549//3549 2454//2454 2453//2453
f 3241//3241 3322//3322 3239//3239
f 3239//3239 3322//3322 3550//3550
f 3239//3239 3550//3550 3535//3535
f 3535//3535 3550//3550 3551//3551
f 3535//3535 3551//3551 3536//3536
f 3536//3536 3551//3551 3552//3552
f 3536//3536 3552//3552 3537//3537
f 3537//3537 3552//3552 3553//3553
f 3537//3537 3553//3553 3538//3538
f 3538//3538 3553//3553 3554//3554
f 3538//3538 3554//3554 3539//3539
f 3539//3539 3554//3554 3555//3555
f 3539//3539 3555//3555 3540//3540
f 3540//3540 3555//3555 3556//3556
f 3540//3540 3556//3556 3541//3541
f 3541//3541 3556//3556 3557//3557
f 3541//3541 3557//3557 3542//3542
f 3542//3542 3557//3557 3558//3558
f 3542//3542 3558//3558 3543//3543
f 3543//3543 3558//3558 3559//3559
f 3543//3543 3559//3559 3544//3544
f 3544//3544 3559//3559 3560//3560
f 3544//3544 3560//3560 3545//3545
f 3545//3545 3560//3560 3561//3561
f 3545//3545 3561//3561 3546//3546
f 3546//3546 3561//3561 3562//3562
f 3546//3546 3562//3562 3547//3547
f 3547//3547 3562//3562 3563//3563
f 3547//3547 3563//3563 3548//3548
f 3548//3548 3563//3563 3549//3549
f 3548//3548 3549//3549 3534//3534
f 3534//3534 3549//3549 2453//2453
f 3534//3534 2453//2453 2451//2451
f 3323//3323 3325//3325 3322//3322
f 3322//3322 3325//3325 3564//3564
f 3322//3322 3564//3564 3550//3550
f 3550//3550 3564//3564 3565//3565
f 3550//3550 3565//3565 3551//3551
f 3551//3551 3565//3565 3566//3566
f 3551//3551 3566//3566 3552//3552
f 3552//3552 3566//3566 3567//3567
f 3552//3552 3567//3567 3553//3553
f 3553//3553 3567//3567 3568//3568
f 3553//3553 3568//3568 3554//3554
f 3554//3554 3568//3568 3569//3569
f 3554//3554 3569//3569 3555//3555
f 3555//3555 3569//3569 3570//3570
f 3555//3555 3570//3570 3556//3556
f 3556//3556 3570//3570 3571//3571
f 3556//3556 3571//3571 3557//3557
f 3557//3557 3571//3571 3572//3572
f 3557//3557 3572//3572 3558//3558
f 3558//3558 3572//3572 3573//3573
f 3558//3558 3573//3573 3559//3559
f 3559//3559 3573//3573 3574//3574
f 3559//3559 3574//3574 3560//3560
f 3560//3560 3574//3574 3575//3575
f 3560//3560 3575//3575 3561//3561
f 3561//3561 3575//3575 3576//3576
f 3561//3561 3576//3576 3562//3562
f 3562//3562 3576//3576 3577//3577
f 3562//3562 3577//3577 3563//3563
f 3563//3563 3577//3577 3216//3216
f 3563//3563 3216//3216 3549//3549
f 3549//3549 3216//3216 2457//2457
f 3549//3549 2457//2457 2456//2456
f 3578//3578 2462//2462 2461//2461
f 3326//3326 3328//3328 3325//3325
f 3325//3325 3328//3328 3579//3579
f 3325//3325 3579//3579 3564//3564
f 3564//3564 3579//3579 3580//3580
f 3564//3564 3580//3580 3565//3565
f 3565//3565 3580//3580 3581//3581
f 3565//3565 3581//3581 3566//3566
f 3566//3566 3581//3581 3582//3582
f 3566//3566 3582//3582 3567//3567
f 3567//3567 3582//3582 3583//3583
f 3567//3567 3583//3583 3568//3568
f 3568//3568 3583//3583 3584//3584
f 3568//3568 3584//3584 3569//3569
f 3569//3569 3584//3584 3585//3585
f 3569//3569 3585//3585 3570//3570
f 3570//3570 3585//3585 3586//3586
f 3570//3570 3586//3586 3571//3571
f 3571//3571 3586//3586 3587//3587
f 3571//3571 3587//3587 3572//3572
f 3572//3572 3587//3587 3588//3588
f 3572//3572 3588//3588 3573//3573
f 3573//3573 3588//3588 3589//3589
f 3573//3573 3589//3589 3574//3574
f 3574//3574 3589//3589 3590//3590
f 3574//3574 3590//3590 3575//3575
f 3575//3575 3590//3590 3591//3591
f 3575//3575 3591//3591 3576//3576
f 3576//3576 3591//3591 3592//3592
f 3576//3576 3592//3592 3577//3577
f 3577//3577 3592//3592 3578//3578
f 3577//3577 3578//3578 3216//3216
f 3216//3216 3578//3578 2461//2461
f 3216//3216 2461//2461 2459//2459
f 3593//3593 2465//2465 2464//2464
f 3236//3236 3238//3238 3328//3328
f 3328//3328 3238//3238 3594//3594
f 3328//3328 3594//3594 3579//3579
f 3579//3579 3594//3594 3595//3595
f 3579//3579 3595//3595 3580//3580
f 3580//3580 3595//3595 3596//3596
f 3580//3580 3596//3596 3581//3581
f 3581//3581 3596//3596 3597//3597
f 3581//3581 3597//3597 3582//3582
f 3582//3582 3597//3597 3598//3598
f 3582//3582 3598//3598 3583//3583
f 3583//3583 3598//3598 3599//3599
f 3583//3583 3599//3599 3584//3584
f 3584//3584 3599//3599 3600//3600
f 3584//3584 3600//3600 3585//3585
f 3585//3585 3600//3600 3601//3601
f 3585//3585 3601//3601 3586//3586
f 3586//3586 3601//3601 3602//3602
f 3586//3586 3602//3602 3587//3587
f 3587//3587 3602//3602 3603//3603
f 3587//3587 3603//3603 3588//3588
f 3588//3588 3603//3603 3604//3604
f 3588//3588 3604//3604 3589//3589
f 3589//3589 3604//3604 3605//3605
f 3589//3589 3605//3605 3590//3590
f 3590//3590 3605//3605 3606//3606
f 3590//3590 3606//3606 3591//3591
f 3591//3591 3606//3606 3607//3607
f 3591//3591 3607//3607 3592//3592
f 3592//3592 3607//3607 3593//3593
f 3592//3592 3593//3593 3578//3578
f 3578//3578 3593//3593 2464//2464
f 3578//3578 2464//2464 2462//2462
f 2470//2470 2468//2468 3608//3608
f 3608//3608 2468//2468 2467//2467
f 3237//3237 3235//3235 3238//3238
f 3238//3238 3235//3235 3609//3609
f 3238//3238 3609//3609 3594//3594
f 3594//3594 3609//3609 3610//3610
f 3594//3594 3610//3610 3595//3595
f 3595//3595 3610//3610 3611//3611
f 3595//3595 3611//3611 3596//3596
f 3596//3596 3611//3611 3612//3612
f 3596//3596 3612//3612 3597//3597
f 3597//3597 3612//3612 3613//3613
f 3597//3597 3613//3613 3598//3598
f 3598//3598 3613//3613 3614//3614
f 3598//3598 3614//3614 3599//3599
f 3599//3599 3614//3614 3615//3615
f 3599//3599 3615//3615 3600//3600
f 3600//3600 3615//3615 3616//3616
f 3600//3600 3616//3616 3601//3601
f 3601//3601 3616//3616 3617//3617
f 3601//3601 3617//3617 3602//3602
f 3602//3602 3617//3617 3618//3618
f 3602//3602 3618//3618 3603//3603
f 3603//3603 3618//3618 3619//3619
f 3603//3603 3619//3619 3604//3604
f 3604//3604 3619//3619 3620//3620
f 3604//3604 3620//3620 3605//3605
f 3605//3605 3620//3620 3621//3621
f 3605//3605 3621//3621 3606//3606
f 3606//3606 3621//3621 3622//3622
f 3606//3606 3622//3622 3607//3607
f 3607//3607 3622//3622 3608//3608
f 3607//3607 3608//3608 3593//3593
f 3593//3593 3608//3608 2467//2467
f 3593//3593 2467//2467 2465//2465
f 3234//3234 3330//3330 3235//3235
f 3235//3235 3330//3330 3623//3623
f 3235//3235 3623//3623 3609//3609
f 3609//3609 3623//3623 3624//3624
f 3609//3609 3624//3624 3610//3610
f 3610//3610 3624//3624 3625//3625
f 3610//3610 3625//3625 3611//3611
f 3611//3611 3625//3625 3626//3626
f 3611//3611 3626//3626 3612//3612
f 3612//3612 3626//3626 3627//3627
f 3612//3612 3627//3627 3613//3613
f 3613//3613 3627//3627 3628//3628
f 3613//3613 3628//3628 3614//3614
f 3614//3614 3628//3628 3629//3629
f 3614//3614 3629//3629 3615//3615
f 3615//3615 3629//3629 3630//3630
f 3615//3615 3630//3630 3616//3616
f 3616//3616 3630//3630 3631//3631
f 3616//3616 3631//3631 3617//3617
f 3617//3617 3631//3631 3632//3632
f 3617//3617 3632//3632 3618//3618
f 3618//3618 3632//3632 3633//3633
f 3618//3618 3633//3633 3619//3619
f 3619//3619 3633//3633 3634//3634
f 3619//3619 3634//3634 3620//3620
f 3620//3620 3634//3634 3635//3635
f 3620//3620 3635//3635 3621//3621
f 3621//3621 3635//3635 3636//3636
f 3621//3621 3636//3636 3622//3622
f 3622//3622 3636//3636 3215//3215
f 3622//3622 3215//3215 3608//3608
f 3608//3608 3215//3215 2471//2471
f 3608//3608 2471//2471 2470//2470
f 3637//3637 2476//2476 2475//2475
f 3232//3232 3229//3229 3330//3330
f 3330//3330 3229//3229 3638//3638
f 3330//3330 3638//3638 3623//3623
f 3623//3623 3638//3638 3639//3639
f 3623//3623 3639//3639 3624//3624
f 3624//3624 3639//3639 3640//3640
f 3624//3624 3640//3640 3625//3625
f 3625//3625 3640//3640 3641//3641
f 3625//3625 3641//3641 3626//3626
f 3626//3626 3641//3641 3642//3642
f 3626//3626 3642//3642 3627//3627
f 3627//3627 3642//3642 3643//3643
f 3627//3627 3643//3643 3628//3628
f 3628//3628 3643//3643 3644//3644
f 3628//3628 3644//3644 3629//3629
f 3629//3629 3644//3644 3645//3645
f 3629//3629 3645//3645 3630//3630
f 3630//3630 3645//3645 3646//3646
f 3630//3630 3646//3646 3631//3631
f 3631//3631 3646//3646 3647//3647
f 3631//3631 3647//3647 3632//3632
f 3632//3632 3647//3647 3648//3648
f 3632//3632 3648//3648 3633//3633
f 3633//3633 3648//3648 3649//3649
f 3633//3633 3649//3649 3634//3634
f 3634//3634 3649//3649 3650//3650
f 3634//3634 3650//3650 3635//3635
f 3635//3635 3650//3650 3651//3651
f 3635//3635 3651//3651 3636//3636
f 3636//3636 3651//3651 3637//3637
f 3636//3636 3637//3637 3215//3215
f 3215//3215 3637//3637 2475//2475
f 3215//3215 2475//2475 2473//2473
f 2481//2481 2479//2479 3652//3652
f 3652//3652 2479//2479 2478//2478
f 3231//3231 3332//3332 3229//3229
f 3229//3229 3332//3332 3653//3653
f 3229//3229 3653//3653 3638//3638
f 3638//3638 3653//3653 3654//3654
f 3638//3638 3654//3654 3639//3639
f 3639//3639 3654//3654 3655//3655
f 3639//3639 3655//3655 3640//3640
f 3640//3640 3655//3655 3656//3656
f 3640//3640 3656//3656 3641//3641
f 3641//3641 3656//3656 3657//3657
f 3641//3641 3657//3657 3642//3642
f 3642//3642 3657//3657 3658//3658
f 3642//3642 3658//3658 3643//3643
f 3643//3643 3658//3658 3659//3659
f 3643//3643 3659//3659 3644//3644
f 3644//3644 3659//3659 3660//3660
f 3644//3644 3660//3660 3645//3645
f 3645//3645 3660//3660 3661//3661
f 3645//3645 3661//3661 3646//3646
f 3646//3646 3661//3661 3662//3662
f 3646//3646 3662//3662 3647//3647
f 3647//3647 3662//3662 3663//3663
f 3647//3647 3663//3663 3648//3648
f 3648//3648 3663//3663 3664//3664
f 3648//3648 3664//3664 3649//3649
f 3649//3649 3664//3664 3665//3665
f 3649//3649 3665//3665 3650//3650
f 3650//3650 3665//3665 3666//3666
f 3650//3650 3666//3666 3651//3651
f 3651//3651 3666//3666 3652//3652
f 3651//3651 3652//3652 3637//3637
f 3637//3637 3652//3652 2478//2478
f 3637//3637 2478//2478 2476//2476
f 3333//3333 3335//3335 3332//3332
f 3332//3332 3335//3335 3667//3667
f 3332//3332 3667//3667 3653//3653
f 3653//3653 3667//3667 3668//3668
f 3653//3653 3668//3668 3654//3654
f 3654//3654 3668//3668 3669//3669
f 3654//3654 3669//3669 3655//3655
f 3655//3655 3669//3669 3670//3670
f 3655//3655 3670//3670 3656//3656
f 3656//3656 3670//3670 3671//3671
f 3656//3656 3671//3671 3657//3657
f 3657//3657 3671//3671 3672//3672
f 3657//3657 3672//3672 3658//3658
f 3658//3658 3672//3672 3673//3673
f 3658//3658 3673//3673 3659//3659
f 3659//3659 3673//3673 3674//3674
f 3659//3659 3674//3674 3660//3660
f 3660//3660 3674//3674 3675//3675
f 3660//3660 3675//3675 3661//3661
f 3661//3661 3675//3675 3676//3676
f 3661//3661 3676//3676 3662//3662
f 3662//3662 3676//3676 3677//3677
f 3662//3662 3677//3677 3663//3663
f 3663//3663 3677//3677 3678//3678
f 3663//3663 3678//3678 3664//3664
f 3664//3664 3678//3678 3679//3679
f 3664//3664 3679//3679 3665//3665
f 3665//3665 3679//3679 3680//3680
f 3665//3665 3680//3680 3666//3666
f 3666//3666 3680//3680 3214//3214
f 3666//3666 3214//3214 3652//3652
f 3652//3652 3214//3214 2482//2482
f 3652//3652 2482//2482 2481//2481
f 3336//3336 3338//3338 3335//3335
f 3335//3335 3338//3338 3681//3681
f 3335//3335 3681//3681 3667//3667
f 3667//3667 3681//3681 3682//3682
f 3667//3667 3682//3682 3668//3668
f 3668//3668 3682//3682 3683//3683
f 3668//3668 3683//3683 3669//3669
f 3669//3669 3683//3683 3684//3684
f 3669//3669 3684//3684 3670//3670
f 3670//3670 3684//3684 3685//3685
f 3670//3670 3685//3685 3671//3671
f 3671//3671 3685//3685 3686//3686
f 3671//3671 3686//3686 3672//3672
f 3672//3672 3686//3686 3687//3687
f 3672//3672 3687//3687 3673//3673
f 3673//3673 3687//3687 3688//3688
f 3673//3673 3688//3688 3674//3674
f 3674//3674 3688//3688 3689//3689
f 3674//3674 3689//3689 3675//3675
f 3675//3675 3689//3689 3690//3690
f 3675//3675 3690//3690 3676//3676
f 3676//3676 3690//3690 3691//3691
f 3676//3676 3691//3691 3677//3677
f 3677//3677 3691//3691 3692//3692
f 3677//3677 3692//3692 3678//3678
f 3678//3678 3692//3692 3693//3693
f 3678//3678 3693//3693 3679//3679
f 3679//3679 3693//3693 3694//3694
f 3679//3679 3694//3694 3680//3680
f 3680//3680 3694//3694 3213//3213
f 3680//3680 3213//3213 3214//3214
f 3214//3214 3213//3213 2485//2485
f 3214//3214 2485//2485 2484//2484
f 3695//3695 2490//2490 2489//2489
f 3226//3226 3228//3228 3338//3338
f 3338//3338 3228//3228 3696//3696
f 3338//3338 3696//3696 3681//3681
f 3681//3681 3696//3696 3697//3697
f 3681//3681 3697//3697 3682//3682
f 3682//3682 3697//3697 3698//3698
f 3682//3682 3698//3698 3683//3683
f 3683//3683 3698//3698 3699//3699
f 3683//3683 3699//3699 3684//3684
f 3684//3684 3699//3699 3700//3700
f 3684//3684 3700//3700 3685//3685
f 3685//3685 3700//3700 3701//3701
f 3685//3685 3701//3701 3686//3686
f 3686//3686 3701//3701 3702//3702
f 3686//3686 3702//3702 3687//3687
f 3687//3687 3702//3702 3703//3703
f 3687//3687 3703//3703 3688//3688
f 3688//3688 3703//3703 3704//3704
f 3688//3688 3704//3704 3689//3689
f 3689//3689 3704//3704 3705//3705
f 3689//3689 3705//3705 3690//3690
f 3690//3690 3705//3705 3706//3706
f 3690//3690 3706//3706 3691//3691
f 3691//3691 3706//3706 3707//3707
f 3691//3691 3707//3707 3692//3692
f 3692//3692 3707//3707 3708//3708
f 3692//3692 3708//3708 3693//3693
f 3693//3693 3708//3708 3709//3709
f 3693//3693 3709//3709 3694//3694
f 3694//3694 3709//3709 3695//3695
f 3694//3694 3695//3695 3213//3213
f 3213//3213 3695//3695 2489//2489
f 3213//3213 2489//2489 2487//2487
f 2495//2495 2493//2493 3710//3710
f 3710//3710 2493//2493 2492//2492
f 3227//3227 3225//3225 3228//3228
f 3228//3228 3225//3225 3711//3711
f 3228//3228 3711//3711 3696//3696
f 3696//3696 3711//3711 3712//3712
f 3696//3696 3712//3712 3697//3697
f 3697//3697 3712//3712 3713//3713
f 3697//3697 3713//3713 3698//3698
f 3698//3698 3713//3713 3714//3714
f 3698//3698 3714//3714 3699//3699
f 3699//3699 3714//3714 3715//3715
f 3699//3699 3715//3715 3700//3700
f 3700//3700 3715//3715 3716//3716
f 3700//3700 3716//3716 3701//3701
f 3701//3701 3716//3716 3717//3717
f 3701//3701 3717//3717 3702//3702
f 3702//3702 3717//3717 3718//3718
f 3702//3702 3718//3718 3703//3703
f 3703//3703 3718//3718 3719//3719
f 3703//3703 3719//3719 3704//3704
f 3704//3704 3719//3719 3720//3720
f 3704//3704 3720//3720 3705//3705
f 3705//3705 3720//3720 3721//3721
f 3705//3705 3721//3721 3706//3706
f 3706//3706 3721//3721 3722//3722
f 3706//3706 3722//3722 3707//3707
f 3707//3707 3722//3722 3723//3723
f 3707//3707 3723//3723 3708//3708
f 3708//3708 3723//3723 3724//3724
f 3708//3708 3724//3724 3709//3709
f 3709//3709 3724//3724 3710//3710
f 3709//3709 3710//3710 3695//3695
f 3695//3695 3710//3710 2492//2492
f 3695//3695 2492//2492 2490//2490
f 3224//3224 3222//3222 3225//3225
f 3225//3225 3222//3222 3725//3725
f 3225//3225 3725//3725 3711//3711
f 3711//3711 3725//3725 3726//3726
f 3711//3711 3726//3726 3712//3712
f 3712//3712 3726//3726 3727//3727
f 3712//3712 3727//3727 3713//3713
f 3713//3713 3727//3727 3728//3728
f 3713//3713 3728//3728 3714//3714
f 3714//3714 3728//3728 3729//3729
f 3714//3714 3729//3729 3715//3715
f 3715//3715 3729//3729 3730//3730
f 3715//3715 3730//3730 3716//3716
f 3716//3716 3730//3730 3731//3731
f 3716//3716 3731//3731 3717//3717
f 3717//3717 3731//3731 3732//3732
f 3717//3717 3732//3732 3718//3718
f 3718//3718 3732//3732 3733//3733
f 3718//3718 3733//3733 3719//3719
f 3719//3719 3733//3733 3734//3734
f 3719//3719 3734//3734 3720//3720
f 3720//3720 3734//3734 3735//3735
f 3720//3720 3735//3735 3721//3721
f 3721//3721 3735//3735 3736//3736
f 3721//3721 3736//3736 3722//3722
f 3722//3722 3736//3736 3737//3737
f 3722//3722 3737//3737 3723//3723
f 3723//3723 3737//3737 3738//3738
f 3723//3723 3738//3738 3724//3724
f 3724//3724 3738//3738 3212//3212
f 3724//3724 3212//3212 3710//3710
f 3710//3710 3212//3212 2496//2496
f 3710//3710 2496//2496 2495//2495
f 3221//3221 3340//3340 3222//3222
f 3222//3222 3340//3340 3739//3739
f 3222//3222 3739//3739 3725//3725
f 3725//3725 3739//3739 3740//3740
f 3725//3725 3740//3740 3726//3726
f 3726//3726 3740//3740 3741//3741
f 3726//3726 3741//3741 3727//3727
f 3727//3727 3741//3741 3742//3742
f 3727//3727 3742//3742 3728//3728
f 3728//3728 3742//3742 3743//3743
f 3728//3728 3743//3743 3729//3729
f 3729//3729 3743//3743 3744//3744
f 3729//3729 3744//3744 3730//3730
f 3730//3730 3744//3744 3745//3745
f 3730//3730 3745//3745 3731//3731
f 3731//3731 3745//3745 3746//3746
f 3731//3731 3746//3746 3732//3732
f 3732//3732 3746//3746 3747//3747
f 3732//3732 3747//3747 3733//3733
f 3733//3733 3747//3747 3748//3748
f 3733//3733 3748//3748 3734//3734
f 3734//3734 3748//3748 3749//3749
f 3734//3734 3749//3749 3735//3735
f 3735//3735 3749//3749 3750//3750
f 3735//3735 3750//3750 3736//3736
f 3736//3736 3750//3750 3751//3751
f 3736//3736 3751//3751 3737//3737
f 3737//3737 3751//3751 3752//3752
f 3737//3737 3752//3752 3738//3738
f 3738//3738 3752//3752 3211//3211
f 3738//3738 3211//3211 3212//3212
f 3212//3212 3211//3211 2499//2499
f 3212//3212 2499//2499 2498//2498
f 3753//3753 2504//2504 2503//2503
f 3280//3280 3279//3279 3340//3340
f 3340//3340 3279//3279 3754//3754
f 3340//3340 3754//3754 3739//3739
f 3739//3739 3754//3754 3755//3755
f 3739//3739 3755//3755 3740//3740
f 3740//3740 3755//3755 3756//3756
f 3740//3740 3756//3756 3741//3741
f 3741//3741 3756//3756 3757//3757
f 3741//3741 3757//3757 3742//3742
f 3742//3742 3757//3757 3758//3758
f 3742//3742 3758//3758 3743//3743
f 3743//3743 3758//3758 3759//3759
f 3743//3743 3759//3759 3744//3744
f 3744//3744 3759//3759 3760//3760
f 3744//3744 3760//3760 3745//3745
f 3745//3745 3760//3760 3761//3761
f 3745//3745 3761//3761 3746//3746
f 3746//3746 3761//3761 3762//3762
f 3746//3746 3762//3762 3747//3747
f 3747//3747 3762//3762 3763//3763
f 3747//3747 3763//3763 3748//3748
f 3748//3748 3763//3763 3764//3764
f 3748//3748 3764//3764 3749//3749
f 3749//3749 3764//3764 3765//3765
f 3749//3749 3765//3765 3750//3750
f 3750//3750 3765//3765 3766//3766
f 3750//3750 3766//3766 3751//3751
f 3751//3751 3766//3766 3767//3767
f 3751//3751 3767//3767 3752//3752
f 3752//3752 3767//3767 3753//3753
f 3752//3752 3753//3753 3211//3211
f 3211//3211 3753//3753 2503//2503
f 3211//3211 2503//2503 2501//2501
f 2509//2509 2507//2507 3768//3768
f 3768//3768 2507//2507 2506//2506
f 3281//3281 3282//3282 3279//3279
f 3279//3279 3282//3282 3769//3769
f 3279//3279 3769//3769 3754//3754
f 3754//3754 3769//3769 3770//3770
f 3754//3754 3770//3770 3755//3755
f 3755//3755 3770//3770 3771//3771
f 3755//3755 3771//3771 3756//3756
f 3756//3756 3771//3771 3772//3772
f 3756//3756 3772//3772 3757//3757
f 3757//3757 3772//3772 3773//3773
f 3757//3757 3773//3773 3758//3758
f 3758//3758 3773//3773 3774//3774
f 3758//3758 3774//3774 3759//3759
f 3759//3759 3774//3774 3775//3775
f 3759//3759 3775//3775 3760//3760
f 3760//3760 3775//3775 3776//3776
f 3760//3760 3776//3776 3761//3761
f 3761//3761 3776//3776 3777//3777
f 3761//3761 3777//3777 3762//3762
f 3762//3762 3777//3777 3778//3778
f 3762//3762 3778//3778 3763//3763
f 3763//3763 3778//3778 3779//3779
f 3763//3763 3779//3779 3764//3764
f 3764//3764 3779//3779 3780//3780
f 3764//3764 3780//3780 3765//3765
f 3765//3765 3780//3780 3781//3781
f 3765//3765 3781//3781 3766//3766
f 3766//3766 3781//3781 3782//3782
f 3766//3766 3782//3782 3767//3767
f 3767//3767 3782//3782 3768//3768
f 3767//3767 3768//3768 3753//3753
f 3753//3753 3768//3768 2506//2506
f 3753//3753 2506//2506 2504//2504
f 3283//3283 3285//3285 3282//3282
f 3282//3282 3285//3285 3783//3783
f 3282//3282 3783//3783 3769//3769
f 3769//3769 3783//3783 3784//3784
f 3769//3769 3784//3784 3770//3770
f 3770//3770 3784//3784 3785//3785
f 3770//3770 3785//3785 3771//3771
f 3771//3771 3785//3785 3786//3786
f 3771//3771 3786//3786 3772//3772
f 3772//3772 3786//3786 3787//3787
f 3772//3772 3787//3787 3773//3773
f 3773//3773 3787//3787 3788//3788
f 3773//3773 3788//3788 3774//3774
f 3774//3774 3788//3788 3789//3789
f 3774//3774 3789//3789 3775//3775
f 3775//3775 3789//3789 3790//3790
f 3775//3775 3790//3790 3776//3776
f 3776//3776 3790//3790 3791//3791
f 3776//3776 3791//3791 3777//3777
f 3777//3777 3791//3791 3792//3792
f 3777//3777 3792//3792 3778//3778
f 3778//3778 3792//3792 3793//3793
f 3778//3778 3793//3793 3779//3779
f 3779//3779 3793//3793 3794//3794
f 3779//3779 3794//3794 3780//3780
f 3780//3780 3794//3794 3795//3795
f 3780//3780 3795//3795 3781//3781
f 3781//3781 3795//3795 3796//3796
f 3781//3781 3796//3796 3782//3782
f 3782//3782 3796//3796 3210//3210
f 3782//3782 3210//3210 3768//3768
f 3768//3768 3210//3210 2510//2510
f 3768//3768 2510//2510 2509//2509
f 3286//3286 3288//3288 3285//3285
f 3285//3285 3288//3288 3797//3797
f 3285//3285 3797//3797 3783//3783
f 3783//3783 3797//3797 3798//3798
f 3783//3783 3798//3798 3784//3784
f 3784//3784 3798//3798 3799//3799
f 3784//3784 3799//3799 3785//3785
f 3785//3785 3799//3799 3800//3800
f 3785//3785 3800//3800 3786//3786
f 3786//3786 3800//3800 3801//3801
f 3786//3786 3801//3801 3787//3787
f 3787//3787 3801//3801 3802//3802
f 3787//3787 3802//3802 3788//3788
f 3788//3788 3802//3802 3803//3803
f 3788//3788 3803//3803 3789//3789
f 3789//3789 3803//3803 3804//3804
f 3789//3789 3804//3804 3790//3790
f 3790//3790 3804//3804 3805//3805
f 3790//3790 3805//3805 3791//3791
f 3791//3791 3805//3805 3806//3806
f 3791//3791 3806//3806 3792//3792
f 3792//3792 3806//3806 3807//3807
f 3792//3792 3807//3807 3793//3793
f 3793//3793 3807//3807 3808//3808
f 3793//3793 3808//3808 3794//3794
f 3794//3794 3808//3808 3809//3809
f 3794//3794 3809//3809 3795//3795
f 3795//3795 3809//3809 3810//3810
f 3795//3795 3810//3810 3796//3796
f 3796//3796 3810//3810 3209//3209
f 3796//3796 3209//3209 3210//3210
f 3210//3210 3209//3209 2513//2513
f 3210//3210 2513//2513 2512//2512
f 3811//3811 2518//2518 2517//2517
f 3276//3276 3278//3278 3288//3288
f 3288//3288 3278//3278 3812//3812
f 3288//3288 3812//3812 3797//3797
f 3797//3797 3812//3812 3813//3813
f 3797//3797 3813//3813 3798//3798
f 3798//3798 3813//3813 3814//3814
f 3798//3798 3814//3814 3799//3799
f 3799//3799 3814//3814 3815//3815
f 3799//3799 3815//3815 3800//3800
f 3800//3800 3815//3815 3816//3816
f 3800//3800 3816//3816 3801//3801
f 3801//3801 3816//3816 3817//3817
f 3801//3801 3817//3817 3802//3802
f 3802//3802 3817//3817 3818//3818
f 3802//3802 3818//3818 3803//3803
f 3803//3803 3818//3818 3819//3819
f 3803//3803 3819//3819 3804//3804
f 3804//3804 3819//3819 3820//3820
f 3804//3804 3820//3820 3805//3805
f 3805//3805 3820//3820 3821//3821
f 3805//3805 3821//3821 3806//3806
f 3806//3806 3821//3821 3822//3822
f 3806//3806 3822//3822 3807//3807
f 3807//3807 3822//3822 3823//3823
f 3807//3807 3823//3823 3808//3808
f 3808//3808 3823//3823 3824//3824
f 3808//3808 3824//3824 3809//3809
f 3809//3809 3824//3824 3825//3825
f 3809//3809 3825//3825 3810//3810
f 3810//3810 3825//3825 3811//3811
f 3810//3810 3811//3811 3209//3209
f 3209//3209 3811//3811 2517//2517
f 3209//3209 2517//2517 2515//2515
f 2523//2523 2521//2521 3826//3826
f 3826//3826 2521//2521 2520//2520
f 3277//3277 3275//3275 3278//3278
f 3278//3278 3275//3275 3827//3827
f 3278//3278 3827//3827 3812//3812
f 3812//3812 3827//3827 3828//3828
f 3812//3812 3828//3828 3813//3813
f 3813//3813 3828//3828 3829//3829
f 3813//3813 3829//3829 3814//3814
f 3814//3814 3829//3829 3830//3830
f 3814//3814 3830//3830 3815//3815
f 3815//3815 3830//3830 3831//3831
f 3815//3815 3831//3831 3816//3816
f 3816//3816 3831//3831 3832//3832
f 3816//3816 3832//3832 3817//3817
f 3817//3817 3832//3832 3833//3833
f 3817//3817 3833//3833 3818//3818
f 3818//3818 3833//3833 3834//3834
f 3818//3818 3834//3834 3819//3819
f 3819//3819 3834//3834 3835//3835
f 3819//3819 3835//3835 3820//3820
f 3820//3820 3835//3835 3836//3836
f 3820//3820 3836//3836 3821//3821
f 3821//3821 3836//3836 3837//3837
f 3821//3821 3837//3837 3822//3822
f 3822//3822 3837//3837 3838//3838
f 3822//3822 3838//3838 3823//3823
f 3823//3823 3838//3838 3839//3839
f 3823//3823 3839//3839 3824//3824
f 3824//3824 3839//3839 3840//3840
f 3824//3824 3840//3840 3825//3825
f 3825//3825 3840//3840 3826//3826
f 3825//3825 3826//3826 3811//3811
f 3811//3811 3826//3826 2520//2520
f 3811//3811 2520//2520 2518//2518
f 3274//3274 3290//3290 3275//3275
f 3275//3275 3290//3290 3841//3841
f 3275//3275 3841//3841 3827//3827
f 3827//3827 3841//3841 3842//3842
f 3827//3827 3842//3842 3828//3828
f 3828//3828 3842//3842 3843//3843
f 3828//3828 3843//3843 3829//3829
f 3829//3829 3843//3843 3844//3844
f 3829//3829 3844//3844 3830//3830
f 3830//3830 3844//3844 3845//3845
f 3830//3830 3845//3845 3831//3831
f 3831//3831 3845//3845 3846//3846
f 3831//3831 3846//3846 3832//3832
f 3832//3832 3846//3846 3847//3847
f 3832//3832 3847//3847 3833//3833
f 3833//3833 3847//3847 3848//3848
f 3833//3833 3848//3848 3834//3834
f 3834//3834 3848//3848 3849//3849
f 3834//3834 3849//3849 3835//3835
f 3835//3835 3849//3849 3850//3850
f 3835//3835 3850//3850 3836//3836
f 3836//3836 3850//3850 3851//3851
f 3836//3836 3851//3851 3837//3837
f 3837//3837 3851//3851 3852//3852
f 3837//3837 3852//3852 3838//3838
f 3838//3838 3852//3852 3853//3853
f 3838//3838 3853//3853 3839//3839
f 3839//3839 3853//3853 3854//3854
f 3839//3839 3854//3854 3840//3840
f 3840//3840 3854//3854 3208//3208
f 3840//3840 3208//3208 3826//3826
f 3826//3826 3208//3208 2524//2524
f 3826//3826 2524//2524 2523//2523
f 3272//3272 3269//3269 3290//3290
f 3290//3290 3269//3269 3855//3855
f 3290//3290 3855//3855 3841//3841
f 3841//3841 3855//3855 3856//3856
f 3841//3841 3856//3856 3842//3842
f 3842//3842 3856//3856 3857//3857
f 3842//3842 3857//3857 3843//3843
f 3843//3843 3857//3857 3858//3858
f 3843//3843 3858//3858 3844//3844
f 3844//3844 3858//3858 3859//3859
f 3844//3844 3859//3859 3845//3845
f 3845//3845 3859//3859 3860//3860
f 3845//3845 3860//3860 3846//3846
f 3846//3846 3860//3860 3861//3861
f 3846//3846 3861//3861 3847//3847
f 3847//3847 3861//3861 3862//3862
f 3847//3847 3862//3862 3848//3848
f 3848//3848 3862//3862 3863//3863
f 3848//3848 3863//3863 3849//3849
f 3849//3849 3863//3863 3864//3864
f 3849//3849 3864//3864 3850//3850
f 3850//3850 3864//3864 3865//3865
f 3850//3850 3865//3865 3851//3851
f 3851//3851 3865//3865 3866//3866
f 3851//3851 3866//3866 3852//3852
f 3852//3852 3866//3866 3867//3867
f 3852//3852 3867//3867 3853//3853
f 3853//3853 3867//3867 3868//3868
f 3853//3853 3868//3868 3854//3854
f 3854//3854 3868//3868 3207//3207
f 3854//3854 3207//3207 3208//3208
f 3208//3208 3207//3207 2527//2527
f 3208//3208 2527//2527 2526//2526
f 3869//3869 2532//2532 2531//2531
f 3271//3271 3292//3292 3269//3269
f 3269//3269 3292//3292 3870//3870
f 3269//3269 3870//3870 3855//3855
f 3855//3855 3870//3870 3871//3871
f 3855//3855 3871//3871 3856//3856
f 3856//3856 3871//3871 3872//3872
f 3856//3856 3872//3872 3857//3857
f 3857//3857 3872//3872 3873//3873
f 3857//3857 3873//3873 3858//3858
f 3858//3858 3873//3873 3874//3874
f 3858//3858 3874//3874 3859//3859
f 3859//3859 3874//3874 3875//3875
f 3859//3859 3875//3875 3860//3860
f 3860//3860 3875//3875 3876//3876
f 3860//3860 3876//3876 3861//3861
f 3861//3861 3876//3876 3877//3877
f 3861//3861 3877//3877 3862//3862
f 3862//3862 3877//3877 3878//3878
f 3862//3862 3878//3878 3863//3863
f 3863//3863 3878//3878 3879//3879
f 3863//3863 3879//3879 3864//3864
f 3864//3864 3879//3879 3880//3880
f 3864//3864 3880//3880 3865//3865
f 3865//3865 3880//3880 3881//3881
f 3865//3865 3881//3881 3866//3866
f 3866//3866 3881//3881 3882//3882
f 3866//3866 3882//3882 3867//3867
f 3867//3867 3882//3882 3883//3883
f 3867//3867 3883//3883 3868//3868
f 3868//3868 3883//3883 3869//3869
f 3868//3868 3869//3869 3207//3207
f 3207//3207 3869//3869 2531//2531
f 3207//3207 2531//2531 2529//2529
f 2537//2537 2535//2535 3884//3884
f 3884//3884 2535//2535 2534//2534
f 3293//3293 3295//3295 3292//3292
f 3292//3292 3295//3295 3885//3885
f 3292//3292 3885//3885 3870//3870
f 3870//3870 3885//3885 3886//3886
f 3870//3870 3886//3886 3871//3871
f 3871//3871 3886//3886 3887//3887
f 3871//3871 3887//3887 3872//3872
f 3872//3872 3887//3887 3888//3888
f 3872//3872 3888//3888 3873//3873
f 3873//3873 3888//3888 3889//3889
f 3873//3873 3889//3889 3874//3874
f 3874//3874 3889//3889 3890//3890
f 3874//3874 3890//3890 3875//3875
f 3875//3875 3890//3890 3891//3891
f 3875//3875 3891//3891 3876//3876
f 3876//3876 3891//3891 3892//3892
f 3876//3876 3892//3892 3877//3877
f 3877//3877 3892//3892 3893//3893
f 3877//3877 3893//3893 3878//3878
f 3878//3878 3893//3893 3894//3894
f 3878//3878 3894//3894 3879//3879
f 3879//3879 3894//3894 3895//3895
f 3879//3879 3895//3895 3880//3880
f 3880//3880 3895//3895 3896//3896
f 3880//3880 3896//3896 3881//3881
f 3881//3881 3896//3896 3897//3897
f 3881//3881 3897//3897 3882//3882
f 3882//3882 3897//3897 3898//3898
f 3882//3882 3898//3898 3883//3883
f 3883//3883 3898//3898 3884//3884
f 3883//3883 3884//3884 3869//3869
f 3869//3869 3884//3884 2534//2534
f 3869//3869 2534//2534 2532//2532
f 3296//3296 3298//3298 3295//3295
f 3295//3295 3298//3298 3899//3899
f 3295//3295 3899//3899 3885//3885
f 3885//3885 3899//3899 3900//3900
f 3885//3885 3900//3900 3886//3886
f 3886//3886 3900//3900 3901//3901
f 3886//3886 3901//3901 3887//3887
f 3887//3887 3901//3901 3902//3902
f 3887//3887 3902//3902 3888//3888
f 3888//3888 3902//3902 3903//3903
f 3888//3888 3903//3903 3889//3889
f 3889//3889 3903//3903 3904//3904
f 3889//3889 3904//3904 3890//3890
f 3890//3890 3904//3904 3905//3905
f 3890//3890 3905//3905 3891//3891
f 3891//3891 3905//3905 3906//3906
f 3891//3891 3906//3906 3892//3892
f 3892//3892 3906//3906 3907//3907
f 3892//3892 3907//3907 3893//3893
f 3893//3893 3907//3907 3908//3908
f 3893//3893 3908//3908 3894//3894
f 3894//3894 3908//3908 3909//3909
f 3894//3894 3909//3909 3895//3895
f 3895//3895 3909//3909 3910//3910
f 3895//3895 3910//3910 3896//3896
f 3896//3896 3910//3910 3911//3911
f 3896//3896 3911//3911 3897//3897
f 3897//3897 3911//3911 3912//3912
f 3897//3897 3912//3912 3898//3898
f 3898//3898 3912//3912 3206//3206
f 3898//3898 3206//3206 3884//3884
f 3884//3884 3206//3206 2538//2538
f 3884//3884 2538//2538 2537//2537
f 3266//3266 3268//3268 3298//3298
f 3298//3298 3268//3268 3913//3913
f 3298//3298 3913//3913 3899//3899
f 3899//3899 3913//3913 3914//3914
f 3899//3899 3914//3914 3900//3900
f 3900//3900 3914//3914 3915//3915
f 3900//3900 3915//3915 3901//3901
f 3901//3901 3915//3915 3916//3916
f 3901//3901 3916//3916 3902//3902
f 3902//3902 3916//3916 3917//3917
f 3902//3902 3917//3917 3903//3903
f 3903//3903 3917//3917 3918//3918
f 3903//3903 3918//3918 3904//3904
f 3904//3904 3918//3918 3919//3919
f 3904//3904 3919//3919 3905//3905
f 3905//3905 3919//3919 3920//3920
f 3905//3905 3920//3920 3906//3906
f 3906//3906 3920//3920 3921//3921
f 3906//3906 3921//3921 3907//3907
f 3907//3907 3921//3921 3922//3922
f 3907//3907 3922//3922 3908//3908
f 3908//3908 3922//3922 3923//3923
f 3908//3908 3923//3923 3909//3909
f 3909//3909 3923//3923 3924//3924
f 3909//3909 3924//3924 3910//3910
f 3910//3910 3924//3924 3925//3925
f 3910//3910 3925//3925 3911//3911
f 3911//3911 3925//3925 3926//3926
f 3911//3911 3926//3926 3912//3912
f 3912//3912 3926//3926 3927//3927
f 3912//3912 3927//3927 3206//3206
f 3206//3206 3927//3927 2542//2542
f 3206//3206 2542//2542 2540//2540
f 3928//3928 2545//2545 2544//2544
f 3267//3267 3265//3265 3268//3268
f 3268//3268 3265//3265 3929//3929
f 3268//3268 3929//3929 3913//3913
f 3913//3913 3929//3929 3930//3930
f 3913//3913 3930//3930 3914//3914
f 3914//3914 3930//3930 3931//3931
f 3914//3914 3931//3931 3915//3915
f 3915//3915 3931//3931 3932//3932
f 3915//3915 3932//3932 3916//3916
f 3916//3916 3932//3932 3933//3933
f 3916//3916 3933//3933 3917//3917
f 3917//3917 3933//3933 3934//3934
f 3917//3917 3934//3934 3918//3918
f 3918//3918 3934//3934 3935//3935
f 3918//3918 3935//3935 3919//3919
f 3919//3919 3935//3935 3936//3936
f 3919//3919 3936//3936 3920//3920
f 3920//3920 3936//3936 3937//3937
f 3920//3920 3937//3937 3921//3921
f 3921//3921 3937//3937 3938//3938
f 3921//3921 3938//3938 3922//3922
f 3922//3922 3938//3938 3939//3939
f 3922//3922 3939//3939 3923//3923
f 3923//3923 3939//3939 3940//3940
f 3923//3923 3940//3940 3924//3924
f 3924//3924 3940//3940 3941//3941
f 3924//3924 3941//3941 3925//3925
f 3925//3925 3941//3941 3942//3942
f 3925//3925 3942//3942 3926//3926
f 3926//3926 3942//3942 3928//3928
f 3926//3926 3928//3928 3927//3927
f 3927//3927 3928//3928 2544//2544
f 3927//3927 2544//2544 2542//2542
f 2550//2550 2548//2548 3943//3943
f 3943//3943 2548//2548 2547//2547
f 3264//3264 3300//3300 3265//3265
f 3265//3265 3300//3300 3944//3944
f 3265//3265 3944//3944 3929//3929
f 3929//3929 3944//3944 3945//3945
f 3929//3929 3945//3945 3930//3930
f 3930//3930 3945//3945 3946//3946
f 3930//3930 3946//3946 3931//3931
f 3931//3931 3946//3946 3947//3947
f 3931//3931 3947//3947 3932//3932
f 3932//3932 3947//3947 3948//3948
f 3932//3932 3948//3948 3933//3933
f 3933//3933 3948//3948 3949//3949
f 3933//3933 3949//3949 3934//3934
f 3934//3934 3949//3949 3950//3950
f 3934//3934 3950//3950 3935//3935
f 3935//3935 3950//3950 3951//3951
f 3935//3935 3951//3951 3936//3936
f 3936//3936 3951//3951 3952//3952
f 3936//3936 3952//3952 3937//3937
f 3937//3937 3952//3952 3953//3953
f 3937//3937 3953//3953 3938//3938
f 3938//3938 3953//3953 3954//3954
f 3938//3938 3954//3954 3939//3939
f 3939//3939 3954//3954 3955//3955
f 3939//3939 3955//3955 3940//3940
f 3940//3940 3955//3955 3956//3956
f 3940//3940 3956//3956 3941//3941
f 3941//3941 3956//3956 3957//3957
f 3941//3941 3957//3957 3942//3942
f 3942//3942 3957//3957 3943//3943
f 3942//3942 3943//3943 3928//3928
f 3928//3928 3943//3943 2547//2547
f 3928//3928 2547//2547 2545//2545
f 3262//3262 3259//3259 3300//3300
f 3300//3300 3259//3259 3958//3958
f 3300//3300 3958//3958 3944//3944
f 3944//3944 3958//3958 3959//3959
f 3944//3944 3959//3959 3945//3945
f 3945//3945 3959//3959 3960//3960
f 3945//3945 3960//3960 3946//3946
f 3946//3946 3960//3960 3961//3961
f 3946//3946 3961//3961 3947//3947
f 3947//3947 3961//3961 3962//3962
f 3947//3947 3962//3962 3948//3948
f 3948//3948 3962//3962 3963//3963
f 3948//3948 3963//3963 3949//3949
f 3949//3949 3963//3963 3964//3964
f 3949//3949 3964//3964 3950//3950
f 3950//3950 3964//3964 3965//3965
f 3950//3950 3965//3965 3951//3951
f 3951//3951 3965//3965 3966//3966
f 3951//3951 3966//3966 3952//3952
f 3952//3952 3966//3966 3967//3967
f 3952//3952 3967//3967 3953//3953
f 3953//3953 3967//3967 3968//3968
f 3953//3953 3968//3968 3954//3954
f 3954//3954 3968//3968 3969//3969
f 3954//3954 3969//3969 3955//3955
f 3955//3955 3969//3969 3970//3970
f 3955//3955 3970//3970 3956//3956
f 3956//3956 3970//3970 3971//3971
f 3956//3956 3971//3971 3957//3957
f 3957//3957 3971//3971 3205//3205
f 3957//3957 3205//3205 3943//3943
f 3943//3943 3205//3205 2551//2551
f 3943//3943 2551//2551 2550//2550
f 3261//3261 3302//3302 3259//3259
f 3259//3259 3302//3302 3344//3344
f 3259//3259 3344//3344 3958//3958
f 3958//3958 3344//3344 3346//3346
f 3958//3958 3346//3346 3959//3959
f 3959//3959 3346//3346 3348//3348
f 3959//3959 3348//3348 3960//3960
f 3960//3960 3348//3348 3350//3350
f 3960//3960 3350//3350 3961//3961
f 3961//3961 3350//3350 3352//3352
f 3961//3961 3352//3352 3962//3962
f 3962//3962 3352//3352 3354//3354
f 3962//3962 3354//3354 3963//3963
f 3963//3963 3354//3354 3356//3356
f 3963//3963 3356//3356 3964//3964
f 3964//3964 3356//3356 3358//3358
f 3964//3964 3358//3358 3965//3965
f 3965//3965 3358//3358 3360//3360
f 3965//3965 3360//3360 3966//3966
f 3966//3966 3360//3360 3362//3362
f 3966//3966 3362//3362 3967//3967
f 3967//3967 3362//3362 3364//3364
f 3967//3967 3364//3364 3968//3968
f 3968//3968 3364//3364 3366//3366
f 3968//3968 3366//3366 3969//3969
f 3969//3969 3366//3366 3368//3368
f 3969//3969 3368//3368 3970//3970
f 3970//3970 3368//3368 3370//3370
f 3970//3970 3370//3370 3971//3971
f 3971//3971 3370//3370 3371//3371
f 3971//3971 3371//3371 3205//3205
f 3205//3205 3371//3371 2555//2555
f 3205//3205 2555//2555 2553//2553
f 3280//3280 3972//3972 3281//3281
f 3281//3281 3972//3972 3973//3973
f 3281//3281 3973//3973 3283//3283
f 3283//3283 3973//3973 3974//3974
f 3283//3283 3974//3974 3284//3284
f 3284//3284 3974//3974 3975//3975
f 3284//3284 3975//3975 3286//3286
f 3286//3286 3975//3975 3976//3976
f 3286//3286 3976//3976 3287//3287
f 3287//3287 3976//3976 3977//3977
f 3287//3287 3977//3977 3276//3276
f 3276//3276 3977//3977 3978//3978
f 3276//3276 3978//3978 3277//3277
f 3277//3277 3978//3978 3979//3979
f 3277//3277 3979//3979 3273//3273
f 3273//3273 3979//3979 3980//3980
f 3273//3273 3980//3980 3274//3274
f 3980//3980 3981//3981 3274//3274
f 3274//3274 3981//3981 3982//3982
f 3274//3274 3982//3982 3289//3289
f 3289//3289 3982//3982 3983//3983
f 3289//3289 3983//3983 3291//3291
f 3291//3291 3983//3983 3984//3984
f 3291//3291 3984//3984 3272//3272
f 3272//3272 3984//3984 3985//3985
f 3272//3272 3985//3985 3270//3270
f 3270//3270 3985//3985 3986//3986
f 3270//3270 3986//3986 3271//3271
f 3271//3271 3986//3986 3987//3987
f 3271//3271 3987//3987 3293//3293
f 3293//3293 3987//3987 3988//3988
f 3293//3293 3988//3988 3294//3294
f 3294//3294 3988//3988 3989//3989
f 3294//3294 3989//3989 3296//3296
f 3296//3296 3989//3989 3990//3990
f 3296//3296 3990//3990 3297//3297
f 3297//3297 3990//3990 3991//3991
f 3297//3297 3991//3991 3266//3266
f 3266//3266 3991//3991 3992//3992
f 3266//3266 3992//3992 3267//3267
f 3992//3992 3993//3993 3267//3267
f 3267//3267 3993//3993 3994//3994
f 3267//3267 3994//3994 3263//3263
f 3263//3263 3994//3994 3995//3995
f 3263//3263 3995//3995 3264//3264
f 3264//3264 3995//3995 3996//3996
f 3264//3264 3996//3996 3299//3299
f 3299//3299 3996//3996 3997//3997
f 3299//3299 3997//3997 3301//3301
f 3301//3301 3997//3997 3998//3998
f 3301//3301 3998//3998 3262//3262
f 3262//3262 3998//3998 3999//3999
f 3262//3262 3999//3999 3260//3260
f 3260//3260 3999//3999 4000//4000
f 3260//3260 4000//4000 3261//3261
f 4000//4000 4001//4001 3261//3261
f 3261//3261 4001//4001 4002//4002
f 3261//3261 4002//4002 3303//3303
f 3303//3303 4002//4002 4003//4003
f 3303//3303 4003//4003 3304//3304
f 3304//3304 4003//4003 4004//4004
f 3304//3304 4004//4004 3306//3306
f 3306//3306 4004//4004 4005//4005
f 3306//3306 4005//4005 3307//3307
f 3307//3307 4005//4005 4006//4006
f 3307//3307 4006//4006 3256//3256
f 3256//3256 4006//4006 4007//4007
f 3256//3256 4007//4007 3257//3257
f 3257//3257 4007//4007 4008//4008
f 3257//3257 4008//4008 3253//3253
f 3253//3253 4008//4008 4009//4009
f 3253//3253 4009//4009 3254//3254
f 3254//3254 4009//4009 4010//4010
f 3254//3254 4010//4010 3309//3309
f 3309//3309 4010//4010 4011//4011
f 3309//3309 4011//4011 3311//3311
f 4011//4011 4012//4012 3311//3311
f 3311//3311 4012//4012 4013//4013
f 3311//3311 4013//4013 3252//3252
f 3252//3252 4013//4013 4014//4014
f 3252//3252 4014//4014 3250//3250
f 3250//3250 4014//4014 4015//4015
f 3250//3250 4015//4015 3251//3251
f 3251//3251 4015//4015 4016//4016
f 3251//3251 4016//4016 3313//3313
f 3313//3313 4016//4016 4017//4017
f 3313//3313 4017//4017 3314//3314
f 3314//3314 4017//4017 4018//4018
f 3314//3314 4018//4018 3316//3316
f 3316//3316 4018//4018 4019//4019
f 3316//3316 4019//4019 3317//3317
f 3317//3317 4019//4019 4020//4020
f 3317//3317 4020//4020 3246//3246
f 3246//3246 4020//4020 4021//4021
f 3246//3246 4021//4021 3247//3247
f 3247//3247 4021//4021 4022//4022
f 3247//3247 4022//4022 3243//3243
f 3243//3243 4022//4022 4023//4023
f 3243//3243 4023//4023 3244//3244
f 4023//4023 4024//4024 3244//3244
f 3244//3244 4024//4024 4025//4025
f 3244//3244 4025//4025 3319//3319
f 3319//3319 4025//4025 4026//4026
f 3319//3319 4026//4026 3321//3321
f 3321//3321 4026//4026 4027//4027
f 3321//3321 4027//4027 3242//3242
f 3242//3242 4027//4027 4028//4028
f 3242//3242 4028//4028 3240//3240
f 4028//4028 4029//4029 3240//3240
f 3240//3240 4029//4029 4030//4030
f 3240//3240 4030//4030 3241//3241
f 3241//3241 4030//4030 4031//4031
f 3241//3241 4031//4031 3323//3323
f 3323//3323 4031//4031 4032//4032
f 3323//3323 4032//4032 3324//3324
f 3324//3324 4032//4032 4033//4033
f 3324//3324 4033//4033 3326//3326
f 3326//3326 4033//4033 4034//4034
f 3326//3326 4034//4034 3327//3327
f 3327//3327 4034//4034 4035//4035
f 3327//3327 4035//4035 3236//3236
f 3236//3236 4035//4035 4036//4036
f 3236//3236 4036//4036 3237//3237
f 3237//3237 4036//4036 4037//4037
f 3237//3237 4037//4037 3233//3233
f 3233//3233 4037//4037 4038//4038
f 3233//3233 4038//4038 3234//3234
f 3234//3234 4038//4038 4039//4039
f 3234//3234 4039//4039 3329//3329
f 3329//3329 4039//4039 4040//4040
f 3329//3329 4040//4040 3331//3331
f 3231//3231 4041//4041 4042//4042
f 3231//3231 4042//4042 3333//3333
f 4040//4040 4043//4043 3331//3331
f 3331//3331 4043//4043 4044//4044
f 3331//3331 4044//4044 3232//3232
f 3232//3232 4044//4044 4041//4041
f 3232//3232 4041//4041 3230//3230
f 3230//3230 4041//4041 3231//3231
f 4042//4042 4045//4045 3333//3333
f 3333//3333 4045//4045 4046//4046
f 3333//3333 4046//4046 3334//3334
f 3334//3334 4046//4046 4047//4047
f 3334//3334 4047//4047 3336//3336
f 3336//3336 4047//4047 4048//4048
f 3336//3336 4048//4048 3337//3337
f 3337//3337 4048//4048 4049//4049
f 3337//3337 4049//4049 3226//3226
f 3226//3226 4049//4049 4050//4050
f 3226//3226 4050//4050 3227//3227
f 3227//3227 4050//4050 4051//4051
f 3227//3227 4051//4051 3223//3223
f 3223//3223 4051//4051 4052//4052
f 3223//3223 4052//4052 3224//3224
f 4052//4052 4053//4053 3224//3224
f 3224//3224 4053//4053 4054//4054
f 3224//3224 4054//4054 3220//3220
f 3220//3220 4054//4054 4055//4055
f 3220//3220 4055//4055 3221//3221
f 3221//3221 4055//4055 4056//4056
f 3221//3221 4056//4056 3339//3339
f 3339//3339 4056//4056 4057//4057
f 3339//3339 4057//4057 3341//3341
f 3341//3341 4057//4057 4058//4058
f 3341//3341 4058//4058 3280//3280
f 3280//3280 4058//4058 4059//4059
f 3280//3280 4059//4059 3972//3972
f 4060//4060 4061//4061 4062//4062
f 4060//4060 4062//4062 4063//4063
f 4064//4064 4065//4065 4062//4062
f 4062//4062 4065//4065 4066//4066
f 4062//4062 4066//4066 4063//4063
f 4067//4067 4068//4068 4062//4062
f 4062//4062 4068//4068 4069//4069
f 4062//4062 4069//4069 4064//4064
f 4070//4070 4071//4071 4062//4062
f 4062//4062 4071//4071 4072//4072
f 4062//4062 4072//4072 4067//4067
f 4073//4073 4074//4074 4062//4062
f 4062//4062 4074//4074 4075//4075
f 4062//4062 4075//4075 4070//4070
f 4076//4076 4077//4077 4062//4062
f 4062//4062 4077//4077 4078//4078
f 4062//4062 4078//4078 4073//4073
f 4079//4079 4080//4080 4062//4062
f 4062//4062 4080//4080 4081//4081
f 4062//4062 4081//4081 4076//4076
f 4082//4082 4083//4083 4062//4062
f 4062//4062 4083//4083 4084//4084
f 4062//4062 4084//4084 4079//4079
f 4085//4085 4086//4086 4062//4062
f 4062//4062 4086//4086 4087//4087
f 4062//4062 4087//4087 4082//4082
f 4088//4088 4089//4089 4062//4062
f 4062//4062 4089//4089 4090//4090
f 4062//4062 4090//4090 4085//4085
f 4091//4091 4092//4092 4062//4062
f 4062//4062 4092//4092 4093//4093
f 4062//4062 4093//4093 4088//4088
f 4094//4094 4095//4095 4062//4062
f 4062//4062 4095//4095 4096//4096
f 4062//4062 4096//4096 4091//4091
f 4097//4097 4098//4098 4062//4062
f 4062//4062 4098//4098 4099//4099
f 4062//4062 4099//4099 4094//4094
f 4100//4100 4101//4101 4062//4062
f 4062//4062 4101//4101 4102//4102
f 4062//4062 4102//4102 4097//4097
f 4061//4061 4103//4103 4062//4062
f 4062//4062 4103//4103 4104//4104
f 4062//4062 4104//4104 4100//4100
f 84//84 4063//4063 86//86
f 86//86 4063//4063 4066//4066
f 86//86 4066//4066 12//12
f 12//12 4066//4066 4065//4065
f 12//12 4065//4065 90//90
f 90//90 4065//4065 4064//4064
f 90//90 4064//4064 93//93
f 93//93 4064//4064 4069//4069
f 93//93 4069//4069 95//95
f 95//95 4069//4069 4068//4068
f 95//95 4068//4068 100//100
f 100//100 4068//4068 4067//4067
f 100//100 4067//4067 9//9
f 9//9 4067//4067 4072//4072
f 9//9 4072//4072 104//104
f 104//104 4072//4072 4071//4071
f 104//104 4071//4071 107//107
f 107//107 4071//4071 4070//4070
f 107//107 4070//4070 109//109
f 109//109 4070//4070 4075//4075
f 109//109 4075//4075 114//114
f 114//114 4075//4075 4074//4074
f 114//114 4074//4074 6//6
f 6//6 4074//4074 4073//4073
f 6//6 4073//4073 118//118
f 118//118 4073//4073 4078//4078
f 118//118 4078//4078 123//123
f 123//123 4078//4078 4077//4077
f 123//123 4077//4077 120//120
f 120//120 4077//4077 4076//4076
f 120//120 4076//4076 128//128
f 128//128 4076//4076 4081//4081
f 128//128 4081//4081 3//3
f 3//3 4081//4081 4080//4080
f 3//3 4080//4080 132//132
f 132//132 4080//4080 4079//4079
f 132//132 4079//4079 137//137
f 137//137 4079//4079 4084//4084
f 137//137 4084//4084 134//134
f 134//134 4084//4084 4083//4083
f 134//134 4083//4083 142//142
f 142//142 4083//4083 4082//4082
f 142//142 4082//4082 146//146
f 146//146 4082//4082 4087//4087
f 146//146 4087//4087 23//23
f 23//23 4087//4087 4086//4086
f 23//23 4086//4086 25//25
f 25//25 4086//4086 4085//4085
f 25//25 4085//4085 28//28
f 28//28 4085//4085 4090//4090
f 28//28 4090//4090 31//31
f 31//31 4090//4090 4089//4089
f 31//31 4089//4089 33//33
f 33//33 4089//4089 4088//4088
f 33//33 4088//4088 38//38
f 38//38 4088//4088 4093//4093
f 38//38 4093//4093 21//21
f 21//21 4093//4093 4092//4092
f 21//21 4092//4092 42//42
f 42//42 4092//4092 4091//4091
f 42//42 4091//4091 45//45
f 45//45 4091//4091 4096//4096
f 45//45 4096//4096 47//47
f 47//47 4096//4096 4095//4095
f 47//47 4095//4095 52//52
f 52//52 4095//4095 4094//4094
f 52//52 4094//4094 18//18
f 18//18 4094//4094 4099//4099
f 18//18 4099//4099 56//56
f 56//56 4099//4099 4098//4098
f 56//56 4098//4098 61//61
f 61//61 4098//4098 4097//4097
f 61//61 4097//4097 58//58
f 58//58 4097//4097 4102//4102
f 58//58 4102//4102 66//66
f 66//66 4102//4102 4101//4101
f 66//66 4101//4101 15//15
f 15//15 4101//4101 4100//4100
f 15//15 4100//4100 70//70
f 70//70 4100//4100 4104//4104
f 70//70 4104//4104 72//72
f 72//72 4104//4104 4103//4103
f 72//72 4103//4103 73//73
f 73//73 4103//4103 4061//4061
f 73//73 4061//4061 80//80
f 80//80 4061//4061 4060//4060
f 80//80 4060//4060 84//84
f 84//84 4060//4060 4063//4063
f 4052//4052 4051//4051 4105//4105
f 4035//4035 4034//4034 4106//4106
f 4033//4033 4032//4032 4107//4107
f 4023//4023 4022//4022 4108//4108
f 4021//4021 4020//4020 4109//4109
f 4011//4011 4010//4010 4110//4110
f 4009//4009 4008//4008 4111//4111
f 3999//3999 3998//3998 4112//4112
f 3997//3997 3996//3996 4113//4113
f 3987//3987 3986//3986 4114//4114
f 3985//3985 3984//3984 4115//4115
f 3975//3975 3974//3974 4116//4116
f 4117//4117 4118//4118 4119//4119
f 4120//4120 4121//4121 4122//4122
f 4123//4123 4124//4124 4125//4125
f 4126//4126 4127//4127 4128//4128
f 4129//4129 4130//4130 4131//4131
f 4132//4132 4133//4133 4134//4134
f 4135//4135 4136//4136 4137//4137
f 4138//4138 4139//4139 4140//4140
f 4141//4141 4142//4142 4143//4143
f 4144//4144 4145//4145 4146//4146
f 4147//4147 4148//4148 4149//4149
f 4150//4150 4151//4151 4152//4152
f 4153//4153 4154//4154 4155//4155
f 4156//4156 4157//4157 4158//4158
f 4159//4159 4160//4160 4161//4161
f 4162//4162 4163//4163 4164//4164
f 4165//4165 4166//4166 4167//4167
f 4168//4168 4169//4169 4170//4170
f 4171//4171 4172//4172 4173//4173
f 4174//4174 4175//4175 4176//4176
f 4177//4177 4178//4178 4179//4179
f 4180//4180 4181//4181 4182//4182
f 4183//4183 4184//4184 4185//4185
f 4186//4186 4187//4187 4188//4188
f 4189//4189 4190//4190 4191//4191
f 4192//4192 4193//4193 4194//4194
f 4195//4195 4196//4196 4197//4197
f 4198//4198 4199//4199 4200//4200
f 4201//4201 4202//4202 4203//4203
f 4204//4204 4205//4205 4206//4206
f 4207//4207 4208//4208 4209//4209
f 4210//4210 4211//4211 4212//4212
f 4213//4213 4214//4214 4215//4215
f 4216//4216 4217//4217 4218//4218
f 4139//4139 4219//4219 4220//4220
f 4139//4139 4220//4220 4140//4140
f 4140//4140 4220//4220 4221//4221
f 4140//4140 4221//4221 4210//4210
f 4136//4136 4222//4222 4223//4223
f 4136//4136 4223//4223 4137//4137
f 4137//4137 4223//4223 4224//4224
f 4137//4137 4224//4224 4198//4198
f 4133//4133 4225//4225 4226//4226
f 4133//4133 4226//4226 4134//4134
f 4134//4134 4226//4226 4227//4227
f 4134//4134 4227//4227 4186//4186
f 4130//4130 4228//4228 4229//4229
f 4130//4130 4229//4229 4131//4131
f 4131//4131 4229//4229 4230//4230
f 4131//4131 4230//4230 4174//4174
f 4127//4127 4231//4231 4232//4232
f 4127//4127 4232//4232 4128//4128
f 4128//4128 4232//4232 4233//4233
f 4128//4128 4233//4233 4162//4162
f 4124//4124 4234//4234 4235//4235
f 4124//4124 4235//4235 4125//4125
f 4125//4125 4235//4235 4236//4236
f 4125//4125 4236//4236 4150//4150
f 4237//4237 4238//4238 4121//4121
f 4121//4121 4238//4238 4239//4239
f 4121//4121 4239//4239 4122//4122
f 4122//4122 4239//4239 4240//4240
f 4122//4122 4240//4240 4147//4147
f 4118//4118 4241//4241 4242//4242
f 4118//4118 4242//4242 4119//4119
f 4119//4119 4242//4242 4243//4243
f 4119//4119 4243//4243 4244//4244
f 4244//4244 4245//4245 4246//4246
f 4246//4246 4245//4245 4247//4247
f 4246//4246 4247//4247 4248//4248
f 4248//4248 4247//4247 4249//4249
f 4248//4248 4249//4249 4250//4250
f 4212//4212 4251//4251 4252//4252
f 4211//4211 4253//4253 4212//4212
f 4212//4212 4253//4253 4254//4254
f 4212//4212 4254//4254 4251//4251
f 4251//4251 4254//4254 4255//4255
f 4200//4200 4256//4256 4257//4257
f 4199//4199 4258//4258 4200//4200
f 4200//4200 4258//4258 4259//4259
f 4200//4200 4259//4259 4256//4256
f 4256//4256 4259//4259 4260//4260
f 4188//4188 4261//4261 4262//4262
f 4187//4187 4263//4263 4188//4188
f 4188//4188 4263//4263 4264//4264
f 4188//4188 4264//4264 4261//4261
f 4261//4261 4264//4264 4265//4265
f 4176//4176 4266//4266 4267//4267
f 4175//4175 4268//4268 4176//4176
f 4176//4176 4268//4268 4269//4269
f 4176//4176 4269//4269 4266//4266
f 4266//4266 4269//4269 4270//4270
f 4164//4164 4271//4271 4272//4272
f 4163//4163 4273//4273 4164//4164
f 4164//4164 4273//4273 4274//4274
f 4164//4164 4274//4274 4271//4271
f 4271//4271 4274//4274 4275//4275
f 4152//4152 4276//4276 4277//4277
f 4151//4151 4278//4278 4152//4152
f 4152//4152 4278//4278 4279//4279
f 4152//4152 4279//4279 4276//4276
f 4276//4276 4279//4279 4280//4280
f 4149//4149 4281//4281 4282//4282
f 4148//4148 4283//4283 4149//4149
f 4149//4149 4283//4283 4284//4284
f 4149//4149 4284//4284 4281//4281
f 4281//4281 4284//4284 4285//4285
f 4286//4286 4246//4246 4287//4287
f 4287//4287 4246//4246 4248//4248
f 4287//4287 4248//4248 4288//4288
f 4288//4288 4248//4248 4250//4250
f 4288//4288 4250//4250 4289//4289
f 3974//3974 3973//3973 4116//4116
f 4116//4116 3973//3973 4289//4289
f 4116//4116 4289//4289 4218//4218
f 4218//4218 4289//4289 4250//4250
f 4218//4218 4250//4250 4216//4216
f 4216//4216 4250//4250 4249//4249
f 3976//3976 3975//3975 4290//4290
f 4290//4290 3975//3975 4116//4116
f 4290//4290 4116//4116 4215//4215
f 4215//4215 4116//4116 4218//4218
f 4215//4215 4218//4218 4213//4213
f 4213//4213 4218//4218 4217//4217
f 4214//4214 4219//4219 4215//4215
f 4215//4215 4219//4219 4139//4139
f 4215//4215 4139//4139 4290//4290
f 4290//4290 4139//4139 4138//4138
f 4290//4290 4138//4138 3976//3976
f 3976//3976 4138//4138 3977//3977
f 4210//4210 4212//4212 4140//4140
f 4140//4140 4212//4212 4252//4252
f 4140//4140 4252//4252 4138//4138
f 4138//4138 4252//4252 3978//3978
f 4138//4138 3978//3978 3977//3977
f 3983//3983 3982//3982 4255//4255
f 4255//4255 3982//3982 3981//3981
f 4255//4255 3981//3981 4251//4251
f 4251//4251 3981//3981 3980//3980
f 4251//4251 3980//3980 4252//4252
f 4252//4252 3980//3980 3979//3979
f 4252//4252 3979//3979 3978//3978
f 3984//3984 3983//3983 4115//4115
f 4115//4115 3983//3983 4255//4255
f 4115//4115 4255//4255 4209//4209
f 4209//4209 4255//4255 4254//4254
f 4209//4209 4254//4254 4207//4207
f 4207//4207 4254//4254 4253//4253
f 3986//3986 3985//3985 4114//4114
f 4114//4114 3985//3985 4115//4115
f 4114//4114 4115//4115 4206//4206
f 4206//4206 4115//4115 4209//4209
f 4206//4206 4209//4209 4204//4204
f 4204//4204 4209//4209 4208//4208
f 3988//3988 3987//3987 4291//4291
f 4291//4291 3987//3987 4114//4114
f 4291//4291 4114//4114 4203//4203
f 4203//4203 4114//4114 4206//4206
f 4203//4203 4206//4206 4201//4201
f 4201//4201 4206//4206 4205//4205
f 4202//4202 4222//4222 4203//4203
f 4203//4203 4222//4222 4136//4136
f 4203//4203 4136//4136 4291//4291
f 4291//4291 4136//4136 4135//4135
f 4291//4291 4135//4135 3988//3988
f 3988//3988 4135//4135 3989//3989
f 4198//4198 4200//4200 4137//4137
f 4137//4137 4200//4200 4257//4257
f 4137//4137 4257//4257 4135//4135
f 4135//4135 4257//4257 3990//3990
f 4135//4135 3990//3990 3989//3989
f 3995//3995 3994//3994 4260//4260
f 4260//4260 3994//3994 3993//3993
f 4260//4260 3993//3993 4256//4256
f 4256//4256 3993//3993 3992//3992
f 4256//4256 3992//3992 4257//4257
f 4257//4257 3992//3992 3991//3991
f 4257//4257 3991//3991 3990//3990
f 3996//3996 3995//3995 4113//4113
f 4113//4113 3995//3995 4260//4260
f 4113//4113 4260//4260 4197//4197
f 4197//4197 4260//4260 4259//4259
f 4197//4197 4259//4259 4195//4195
f 4195//4195 4259//4259 4258//4258
f 3998//3998 3997//3997 4112//4112
f 4112//4112 3997//3997 4113//4113
f 4112//4112 4113//4113 4194//4194
f 4194//4194 4113//4113 4197//4197
f 4194//4194 4197//4197 4192//4192
f 4192//4192 4197//4197 4196//4196
f 4000//4000 3999//3999 4292//4292
f 4292//4292 3999//3999 4112//4112
f 4292//4292 4112//4112 4191//4191
f 4191//4191 4112//4112 4194//4194
f 4191//4191 4194//4194 4189//4189
f 4189//4189 4194//4194 4193//4193
f 4190//4190 4225//4225 4191//4191
f 4191//4191 4225//4225 4133//4133
f 4191//4191 4133//4133 4292//4292
f 4292//4292 4133//4133 4132//4132
f 4292//4292 4132//4132 4000//4000
f 4000//4000 4132//4132 4001//4001
f 4186//4186 4188//4188 4134//4134
f 4134//4134 4188//4188 4262//4262
f 4134//4134 4262//4262 4132//4132
f 4132//4132 4262//4262 4002//4002
f 4132//4132 4002//4002 4001//4001
f 4007//4007 4006//4006 4265//4265
f 4265//4265 4006//4006 4005//4005
f 4265//4265 4005//4005 4261//4261
f 4261//4261 4005//4005 4004//4004
f 4261//4261 4004//4004 4262//4262
f 4262//4262 4004//4004 4003//4003
f 4262//4262 4003//4003 4002//4002
f 4008//4008 4007//4007 4111//4111
f 4111//4111 4007//4007 4265//4265
f 4111//4111 4265//4265 4185//4185
f 4185//4185 4265//4265 4264//4264
f 4185//4185 4264//4264 4183//4183
f 4183//4183 4264//4264 4263//4263
f 4010//4010 4009//4009 4110//4110
f 4110//4110 4009//4009 4111//4111
f 4110//4110 4111//4111 4182//4182
f 4182//4182 4111//4111 4185//4185
f 4182//4182 4185//4185 4180//4180
f 4180//4180 4185//4185 4184//4184
f 4012//4012 4011//4011 4293//4293
f 4293//4293 4011//4011 4110//4110
f 4293//4293 4110//4110 4179//4179
f 4179//4179 4110//4110 4182//4182
f 4179//4179 4182//4182 4177//4177
f 4177//4177 4182//4182 4181//4181
f 4178//4178 4228//4228 4179//4179
f 4179//4179 4228//4228 4130//4130
f 4179//4179 4130//4130 4293//4293
f 4293//4293 4130//4130 4129//4129
f 4293//4293 4129//4129 4012//4012
f 4012//4012 4129//4129 4013//4013
f 4174//4174 4176//4176 4131//4131
f 4131//4131 4176//4176 4267//4267
f 4131//4131 4267//4267 4129//4129
f 4129//4129 4267//4267 4014//4014
f 4129//4129 4014//4014 4013//4013
f 4019//4019 4018//4018 4270//4270
f 4270//4270 4018//4018 4017//4017
f 4270//4270 4017//4017 4266//4266
f 4266//4266 4017//4017 4016//4016
f 4266//4266 4016//4016 4267//4267
f 4267//4267 4016//4016 4015//4015
f 4267//4267 4015//4015 4014//4014
f 4020//4020 4019//4019 4109//4109
f 4109//4109 4019//4019 4270//4270
f 4109//4109 4270//4270 4173//4173
f 4173//4173 4270//4270 4269//4269
f 4173//4173 4269//4269 4171//4171
f 4171//4171 4269//4269 4268//4268
f 4022//4022 4021//4021 4108//4108
f 4108//4108 4021//4021 4109//4109
f 4108//4108 4109//4109 4170//4170
f 4170//4170 4109//4109 4173//4173
f 4170//4170 4173//4173 4168//4168
f 4168//4168 4173//4173 4172//4172
f 4024//4024 4023//4023 4294//4294
f 4294//4294 4023//4023 4108//4108
f 4294//4294 4108//4108 4167//4167
f 4167//4167 4108//4108 4170//4170
f 4167//4167 4170//4170 4165//4165
f 4165//4165 4170//4170 4169//4169
f 4166//4166 4231//4231 4167//4167
f 4167//4167 4231//4231 4127//4127
f 4167//4167 4127//4127 4294//4294
f 4294//4294 4127//4127 4126//4126
f 4294//4294 4126//4126 4024//4024
f 4024//4024 4126//4126 4025//4025
f 4162//4162 4164//4164 4128//4128
f 4128//4128 4164//4164 4272//4272
f 4128//4128 4272//4272 4126//4126
f 4126//4126 4272//4272 4026//4026
f 4126//4126 4026//4026 4025//4025
f 4031//4031 4030//4030 4275//4275
f 4275//4275 4030//4030 4029//4029
f 4275//4275 4029//4029 4271//4271
f 4271//4271 4029//4029 4028//4028
f 4271//4271 4028//4028 4272//4272
f 4272//4272 4028//4028 4027//4027
f 4272//4272 4027//4027 4026//4026
f 4032//4032 4031//4031 4107//4107
f 4107//4107 4031//4031 4275//4275
f 4107//4107 4275//4275 4161//4161
f 4161//4161 4275//4275 4274//4274
f 4161//4161 4274//4274 4159//4159
f 4159//4159 4274//4274 4273//4273
f 4034//4034 4033//4033 4106//4106
f 4106//4106 4033//4033 4107//4107
f 4106//4106 4107//4107 4158//4158
f 4158//4158 4107//4107 4161//4161
f 4158//4158 4161//4161 4156//4156
f 4156//4156 4161//4161 4160//4160
f 4036//4036 4035//4035 4295//4295
f 4295//4295 4035//4035 4106//4106
f 4295//4295 4106//4106 4155//4155
f 4155//4155 4106//4106 4158//4158
f 4155//4155 4158//4158 4153//4153
f 4153//4153 4158//4158 4157//4157
f 4154//4154 4234//4234 4155//4155
f 4155//4155 4234//4234 4124//4124
f 4155//4155 4124//4124 4295//4295
f 4295//4295 4124//4124 4123//4123
f 4295//4295 4123//4123 4036//4036
f 4036//4036 4123//4123 4037//4037
f 4150//4150 4152//4152 4125//4125
f 4125//4125 4152//4152 4277//4277
f 4125//4125 4277//4277 4123//4123
f 4123//4123 4277//4277 4038//4038
f 4123//4123 4038//4038 4037//4037
f 4041//4041 4044//4044 4280//4280
f 4280//4280 4044//4044 4043//4043
f 4280//4280 4043//4043 4276//4276
f 4276//4276 4043//4043 4040//4040
f 4276//4276 4040//4040 4277//4277
f 4277//4277 4040//4040 4039//4039
f 4277//4277 4039//4039 4038//4038
f 4042//4042 4041//4041 4120//4120
f 4120//4120 4041//4041 4280//4280
f 4120//4120 4280//4280 4121//4121
f 4121//4121 4280//4280 4279//4279
f 4121//4121 4279//4279 4237//4237
f 4237//4237 4279//4279 4278//4278
f 4147//4147 4149//4149 4122//4122
f 4122//4122 4149//4149 4282//4282
f 4122//4122 4282//4282 4120//4120
f 4120//4120 4282//4282 4045//4045
f 4120//4120 4045//4045 4042//4042
f 4050//4050 4049//4049 4285//4285
f 4285//4285 4049//4049 4048//4048
f 4285//4285 4048//4048 4281//4281
f 4281//4281 4048//4048 4047//4047
f 4281//4281 4047//4047 4282//4282
f 4282//4282 4047//4047 4046//4046
f 4282//4282 4046//4046 4045//4045
f 4051//4051 4050//4050 4105//4105
f 4105//4105 4050//4050 4285//4285
f 4105//4105 4285//4285 4146//4146
f 4146//4146 4285//4285 4284//4284
f 4146//4146 4284//4284 4144//4144
f 4144//4144 4284//4284 4283//4283
f 4053//4053 4052//4052 4296//4296
f 4296//4296 4052//4052 4105//4105
f 4296//4296 4105//4105 4143//4143
f 4143//4143 4105//4105 4146//4146
f 4143//4143 4146//4146 4141//4141
f 4141//4141 4146//4146 4145//4145
f 4142//4142 4241//4241 4143//4143
f 4143//4143 4241//4241 4118//4118
f 4143//4143 4118//4118 4296//4296
f 4296//4296 4118//4118 4117//4117
f 4296//4296 4117//4117 4053//4053
f 4053//4053 4117//4117 4054//4054
f 4244//4244 4246//4246 4119//4119
f 4119//4119 4246//4246 4286//4286
f 4119//4119 4286//4286 4117//4117
f 4117//4117 4286//4286 4055//4055
f 4117//4117 4055//4055 4054//4054
f 3973//3973 3972//3972 4289//4289
f 4289//4289 3972//3972 4059//4059
f 4289//4289 4059//4059 4288//4288
f 4288//4288 4059//4059 4058//4058
f 4288//4288 4058//4058 4287//4287
f 4287//4287 4058//4058 4057//4057
f 4287//4287 4057//4057 4286//4286
f 4286//4286 4057//4057 4056//4056
f 4286//4286 4056//4056 4055//4055
f 4297//4297 4298//4298 4299//4299
f 4300//4300 4301//4301 4302//4302
f 4303//4303 4304//4304 4305//4305
f 4306//4306 4307//4307 4308//4308
f 4309//4309 4310//4310 4311//4311
f 4312//4312 4313//4313 4314//4314
f 4315//4315 4316//4316 4317//4317
f 4318//4318 4319//4319 4320//4320
f 4320//4320 4319//4319 4321//4321
f 4319//4319 4322//4322 4321//4321
f 4321//4321 4322//4322 4323//4323
f 4321//4321 4323//4323 4324//4324
f 4324//4324 4323//4323 4325//4325
f 4324//4324 4325//4325 4326//4326
f 4327//4327 4328//4328 4329//4329
f 4329//4329 4328//4328 4330//4330
f 4329//4329 4330//4330 4320//4320
f 4320//4320 4330//4330 4331//4331
f 4320//4320 4331//4331 4318//4318
f 4332//4332 4333//4333 4327//4327
f 4327//4327 4333//4333 4334//4334
f 4327//4327 4334//4334 4328//4328
f 4335//4335 4336//4336 4332//4332
f 4332//4332 4336//4336 4337//4337
f 4332//4332 4337//4337 4333//4333
f 4338//4338 4339//4339 4335//4335
f 4335//4335 4339//4339 4340//4340
f 4335//4335 4340//4340 4336//4336
f 4341//4341 4342//4342 4338//4338
f 4338//4338 4342//4342 4343//4343
f 4338//4338 4343//4343 4339//4339
f 4344//4344 4345//4345 4341//4341
f 4341//4341 4345//4345 4346//4346
f 4341//4341 4346//4346 4342//4342
f 4347//4347 4348//4348 4344//4344
f 4344//4344 4348//4348 4349//4349
f 4344//4344 4349//4349 4345//4345
f 4350//4350 4351//4351 4347//4347
f 4347//4347 4351//4351 4352//4352
f 4347//4347 4352//4352 4348//4348
f 4353//4353 4354//4354 4350//4350
f 4350//4350 4354//4354 4355//4355
f 4350//4350 4355//4355 4351//4351
f 4356//4356 4357//4357 4353//4353
f 4353//4353 4357//4357 4358//4358
f 4353//4353 4358//4358 4354//4354
f 4359//4359 4360//4360 4356//4356
f 4356//4356 4360//4360 4361//4361
f 4356//4356 4361//4361 4357//4357
f 4362//4362 4363//4363 4359//4359
f 4359//4359 4363//4363 4364//4364
f 4359//4359 4364//4364 4360//4360
f 4365//4365 4366//4366 4362//4362
f 4362//4362 4366//4366 4367//4367
f 4362//4362 4367//4367 4363//4363
f 4368//4368 4369//4369 4365//4365
f 4365//4365 4369//4369 4370//4370
f 4365//4365 4370//4370 4366//4366
f 4371//4371 4372//4372 4373//4373
f 4373//4373 4372//4372 4374//4374
f 4373//4373 4374//4374 4368//4368
f 4368//4368 4374//4374 4375//4375
f 4368//4368 4375//4375 4369//4369
f 4376//4376 4371//4371 4377//4377
f 4377//4377 4371//4371 4373//4373
f 4377//4377 4373//4373 4378//4378
f 4378//4378 4373//4373 4379//4379
f 4380//4380 4381//4381 4382//4382
f 4382//4382 4381//4381 4383//4383
f 4383//4383 4381//4381 4384//4384
f 4384//4384 4381//4381 4385//4385
f 4384//4384 4385//4385 4386//4386
f 4386//4386 4385//4385 4387//4387
f 4387//4387 4385//4385 4388//4388
f 4387//4387 4388//4388 4389//4389
f 4390//4390 4391//4391 4388//4388
f 4388//4388 4391//4391 4392//4392
f 4388//4388 4392//4392 4389//4389
f 4393//4393 4394//4394 4395//4395
f 4395//4395 4396//4396 4393//4393
f 4393//4393 4396//4396 4397//4397
f 4393//4393 4397//4397 4390//4390
f 4390//4390 4397//4397 4398//4398
f 4390//4390 4398//4398 4391//4391
f 4399//4399 4400//4400 4401//4401
f 4401//4401 4402//4402 4399//4399
f 4399//4399 4402//4402 4403//4403
f 4399//4399 4403//4403 4394//4394
f 4394//4394 4403//4403 4404//4404
f 4394//4394 4404//4404 4395//4395
f 4405//4405 4406//4406 4407//4407
f 4407//4407 4406//4406 4408//4408
f 4407//4407 4408//4408 4400//4400
f 4400//4400 4408//4408 4409//4409
f 4400//4400 4409//4409 4401//4401
f 4407//4407 4410//4410 4405//4405
f 4405//4405 4410//4410 4411//4411
f 4405//4405 4411//4411 4412//4412
f 4413//4413 4414//4414 4411//4411
f 4411//4411 4414//4414 4415//4415
f 4411//4411 4415//4415 4412//4412
f 4317//4317 4316//4316 4416//4416
f 4316//4316 4417//4417 4416//4416
f 4416//4416 4417//4417 4418//4418
f 4416//4416 4418//4418 4413//4413
f 4413//4413 4418//4418 4419//4419
f 4413//4413 4419//4419 4414//4414
f 4315//4315 4317//4317 4420//4420
f 4420//4420 4317//4317 4421//4421
f 4420//4420 4421//4421 4422//4422
f 4422//4422 4421//4421 4423//4423
f 4422//4422 4423//4423 4424//4424
f 4424//4424 4423//4423 4425//4425
f 4425//4425 4423//4423 4426//4426
f 4425//4425 4426//4426 4427//4427
f 4427//4427 4426//4426 4428//4428
f 4428//4428 4426//4426 4308//4308
f 4428//4428 4308//4308 4429//4429
f 4429//4429 4308//4308 4430//4430
f 4430//4430 4308//4308 4307//4307
f 4430//4430 4307//4307 4431//4431
f 4309//4309 4311//4311 4432//4432
f 4324//4324 4312//4312 4321//4321
f 4321//4321 4312//4312 4314//4314
f 4321//4321 4314//4314 4320//4320
f 4320//4320 4314//4314 4433//4433
f 4320//4320 4433//4433 4329//4329
f 4329//4329 4433//4433 4434//4434
f 4329//4329 4434//4434 4327//4327
f 4327//4327 4434//4434 4435//4435
f 4327//4327 4435//4435 4332//4332
f 4332//4332 4435//4435 4436//4436
f 4332//4332 4436//4436 4335//4335
f 4335//4335 4436//4436 4437//4437
f 4335//4335 4437//4437 4338//4338
f 4338//4338 4437//4437 4438//4438
f 4338//4338 4438//4438 4341//4341
f 4341//4341 4438//4438 4439//4439
f 4341//4341 4439//4439 4344//4344
f 4344//4344 4439//4439 4440//4440
f 4344//4344 4440//4440 4347//4347
f 4347//4347 4440//4440 4441//4441
f 4347//4347 4441//4441 4350//4350
f 4350//4350 4441//4441 4442//4442
f 4350//4350 4442//4442 4353//4353
f 4353//4353 4442//4442 4443//4443
f 4353//4353 4443//4443 4356//4356
f 4356//4356 4443//4443 4444//4444
f 4356//4356 4444//4444 4359//4359
f 4359//4359 4444//4444 4445//4445
f 4359//4359 4445//4445 4362//4362
f 4362//4362 4445//4445 4446//4446
f 4362//4362 4446//4446 4365//4365
f 4365//4365 4446//4446 4447//4447
f 4365//4365 4447//4447 4368//4368
f 4368//4368 4447//4447 4448//4448
f 4368//4368 4448//4448 4373//4373
f 4373//4373 4448//4448 4305//4305
f 4373//4373 4305//4305 4379//4379
f 4379//4379 4305//4305 4304//4304
f 4301//4301 4303//4303 4302//4302
f 4302//4302 4303//4303 4305//4305
f 4302//4302 4305//4305 4449//4449
f 4449//4449 4305//4305 4448//4448
f 4449//4449 4448//4448 4450//4450
f 4450//4450 4448//4448 4447//4447
f 4450//4450 4447//4447 4451//4451
f 4451//4451 4447//4447 4446//4446
f 4451//4451 4446//4446 4452//4452
f 4452//4452 4446//4446 4445//4445
f 4452//4452 4445//4445 4453//4453
f 4453//4453 4445//4445 4444//4444
f 4453//4453 4444//4444 4454//4454
f 4454//4454 4444//4444 4443//4443
f 4454//4454 4443//4443 4455//4455
f 4455//4455 4443//4443 4442//4442
f 4455//4455 4442//4442 4456//4456
f 4456//4456 4442//4442 4441//4441
f 4456//4456 4441//4441 4457//4457
f 4457//4457 4441//4441 4440//4440
f 4457//4457 4440//4440 4458//4458
f 4458//4458 4440//4440 4439//4439
f 4458//4458 4439//4439 4459//4459
f 4459//4459 4439//4439 4438//4438
f 4459//4459 4438//4438 4460//4460
f 4460//4460 4438//4438 4437//4437
f 4460//4460 4437//4437 4461//4461
f 4461//4461 4437//4437 4436//4436
f 4461//4461 4436//4436 4462//4462
f 4462//4462 4436//4436 4435//4435
f 4462//4462 4435//4435 4463//4463
f 4463//4463 4435//4435 4434//4434
f 4463//4463 4434//4434 4464//4464
f 4464//4464 4434//4434 4433//4433
f 4464//4464 4433//4433 4465//4465
f 4465//4465 4433//4433 4314//4314
f 4465//4465 4314//4314 4466//4466
f 4466//4466 4314//4314 4313//4313
f 4298//4298 4300//4300 4299//4299
f 4299//4299 4300//4300 4302//4302
f 4299//4299 4302//4302 4467//4467
f 4467//4467 4302//4302 4449//4449
f 4467//4467 4449//4449 4468//4468
f 4468//4468 4449//4449 4450//4450
f 4468//4468 4450//4450 4469//4469
f 4469//4469 4450//4450 4451//4451
f 4469//4469 4451//4451 4470//4470
f 4470//4470 4451//4451 4452//4452
f 4470//4470 4452//4452 4471//4471
f 4471//4471 4452//4452 4453//4453
f 4471//4471 4453//4453 4472//4472
f 4472//4472 4453//4453 4454//4454
f 4472//4472 4454//4454 4473//4473
f 4473//4473 4454//4454 4455//4455
f 4473//4473 4455//4455 4474//4474
f 4474//4474 4455//4455 4456//4456
f 4474//4474 4456//4456 4475//4475
f 4475//4475 4456//4456 4457//4457
f 4475//4475 4457//4457 4476//4476
f 4476//4476 4457//4457 4458//4458
f 4476//4476 4458//4458 4477//4477
f 4477//4477 4458//4458 4459//4459
f 4477//4477 4459//4459 4478//4478
f 4478//4478 4459//4459 4460//4460
f 4478//4478 4460//4460 4479//4479
f 4479//4479 4460//4460 4461//4461
f 4479//4479 4461//4461 4480//4480
f 4480//4480 4461//4461 4462//4462
f 4480//4480 4462//4462 4481//4481
f 4481//4481 4462//4462 4463//4463
f 4481//4481 4463//4463 4482//4482
f 4482//4482 4463//4463 4464//4464
f 4482//4482 4464//4464 4311//4311
f 4311//4311 4464//4464 4465//4465
f 4311//4311 4465//4465 4432//4432
f 4432//4432 4465//4465 4466//4466
f 4380//4380 4297//4297 4381//4381
f 4381//4381 4297//4297 4299//4299
f 4381//4381 4299//4299 4385//4385
f 4385//4385 4299//4299 4467//4467
f 4385//4385 4467//4467 4388//4388
f 4388//4388 4467//4467 4468//4468
f 4388//4388 4468//4468 4390//4390
f 4390//4390 4468//4468 4469//4469
f 4390//4390 4469//4469 4393//4393
f 4393//4393 4469//4469 4470//4470
f 4393//4393 4470//4470 4394//4394
f 4394//4394 4470//4470 4471//4471
f 4394//4394 4471//4471 4399//4399
f 4399//4399 4471//4471 4472//4472
f 4399//4399 4472//4472 4400//4400
f 4400//4400 4472//4472 4473//4473
f 4400//4400 4473//4473 4407//4407
f 4407//4407 4473//4473 4474//4474
f 4407//4407 4474//4474 4410//4410
f 4410//4410 4474//4474 4475//4475
f 4410//4410 4475//4475 4411//4411
f 4411//4411 4475//4475 4476//4476
f 4411//4411 4476//4476 4413//4413
f 4413//4413 4476//4476 4477//4477
f 4413//4413 4477//4477 4416//4416
f 4416//4416 4477//4477 4478//4478
f 4416//4416 4478//4478 4317//4317
f 4317//4317 4478//4478 4479//4479
f 4317//4317 4479//4479 4421//4421
f 4421//4421 4479//4479 4480//4480
f 4421//4421 4480//4480 4423//4423
f 4423//4423 4480//4480 4481//4481
f 4423//4423 4481//4481 4426//4426
f 4426//4426 4481//4481 4482//4482
f 4426//4426 4482//4482 4308//4308
f 4308//4308 4482//4482 4311//4311
f 4308//4308 4311//4311 4306//4306
f 4306//4306 4311//4311 4310//4310
f 4483//4483 4484//4484 4485//4485
f 4486//4486 4487//4487 4488//4488
f 4489//4489 4490//4490 4491//4491
f 4492//4492 4493//4493 4494//4494
f 4494//4494 4493//4493 4495//4495
f 4493//4493 4496//4496 4495//4495
f 4495//4495 4496//4496 4497//4497
f 4495//4495 4497//4497 4498//4498
f 4498//4498 4497//4497 4499//4499
f 4498//4498 4499//4499 4500//4500
f 4501//4501 4502//4502 4503//4503
f 4503//4503 4502//4502 4504//4504
f 4503//4503 4504//4504 4494//4494
f 4494//4494 4504//4504 4505//4505
f 4494//4494 4505//4505 4492//4492
f 4506//4506 4507//4507 4501//4501
f 4501//4501 4507//4507 4508//4508
f 4501//4501 4508//4508 4502//4502
f 4509//4509 4510//4510 4506//4506
f 4506//4506 4510//4510 4511//4511
f 4506//4506 4511//4511 4507//4507
f 4512//4512 4513//4513 4509//4509
f 4509//4509 4513//4513 4514//4514
f 4509//4509 4514//4514 4510//4510
f 4515//4515 4516//4516 4512//4512
f 4512//4512 4516//4516 4517//4517
f 4512//4512 4517//4517 4513//4513
f 4518//4518 4519//4519 4515//4515
f 4515//4515 4519//4519 4520//4520
f 4515//4515 4520//4520 4516//4516
f 4521//4521 4522//4522 4518//4518
f 4518//4518 4522//4522 4523//4523
f 4518//4518 4523//4523 4519//4519
f 4524//4524 4525//4525 4521//4521
f 4521//4521 4525//4525 4526//4526
f 4521//4521 4526//4526 4522//4522
f 4527//4527 4528//4528 4524//4524
f 4524//4524 4528//4528 4529//4529
f 4524//4524 4529//4529 4525//4525
f 4530//4530 4531//4531 4527//4527
f 4527//4527 4531//4531 4532//4532
f 4527//4527 4532//4532 4528//4528
f 4533//4533 4534//4534 4530//4530
f 4530//4530 4534//4534 4535//4535
f 4530//4530 4535//4535 4531//4531
f 4536//4536 4537//4537 4533//4533
f 4533//4533 4537//4537 4538//4538
f 4533//4533 4538//4538 4534//4534
f 4539//4539 4540//4540 4536//4536
f 4536//4536 4540//4540 4541//4541
f 4536//4536 4541//4541 4537//4537
f 4542//4542 4543//4543 4539//4539
f 4539//4539 4543//4543 4544//4544
f 4539//4539 4544//4544 4540//4540
f 4545//4545 4546//4546 4547//4547
f 4547//4547 4546//4546 4548//4548
f 4547//4547 4548//4548 4542//4542
f 4542//4542 4548//4548 4549//4549
f 4542//4542 4549//4549 4543//4543
f 4550//4550 4545//4545 4551//4551
f 4551//4551 4545//4545 4547//4547
f 4551//4551 4547//4547 4552//4552
f 4552//4552 4547//4547 4553//4553
f 4554//4554 4555//4555 4556//4556
f 4554//4554 4557//4557 4558//4558
f 4558//4558 4557//4557 4559//4559
f 4558//4558 4559//4559 4560//4560
f 4560//4560 4559//4559 4561//4561
f 4561//4561 4559//4559 4562//4562
f 4561//4561 4562//4562 4563//4563
f 4564//4564 4565//4565 4562//4562
f 4562//4562 4565//4565 4566//4566
f 4562//4562 4566//4566 4563//4563
f 4567//4567 4568//4568 4569//4569
f 4569//4569 4570//4570 4567//4567
f 4567//4567 4570//4570 4571//4571
f 4567//4567 4571//4571 4564//4564
f 4564//4564 4571//4571 4572//4572
f 4564//4564 4572//4572 4565//4565
f 4573//4573 4574//4574 4575//4575
f 4575//4575 4576//4576 4573//4573
f 4573//4573 4576//4576 4577//4577
f 4573//4573 4577//4577 4568//4568
f 4568//4568 4577//4577 4578//4578
f 4568//4568 4578//4578 4569//4569
f 4579//4579 4580//4580 4581//4581
f 4581//4581 4580//4580 4582//4582
f 4581//4581 4582//4582 4574//4574
f 4574//4574 4582//4582 4583//4583
f 4574//4574 4583//4583 4575//4575
f 4581//4581 4584//4584 4579//4579
f 4579//4579 4584//4584 4585//4585
f 4579//4579 4585//4585 4586//4586
f 4587//4587 4588//4588 4585//4585
f 4585//4585 4588//4588 4589//4589
f 4585//4585 4589//4589 4586//4586
f 4491//4491 4490//4490 4590//4590
f 4490//4490 4591//4591 4590//4590
f 4590//4590 4591//4591 4592//4592
f 4590//4590 4592//4592 4587//4587
f 4587//4587 4592//4592 4593//4593
f 4587//4587 4593//4593 4588//4588
f 4489//4489 4491//4491 4594//4594
f 4594//4594 4491//4491 4595//4595
f 4594//4594 4595//4595 4596//4596
f 4596//4596 4595//4595 4597//4597
f 4596//4596 4597//4597 4598//4598
f 4598//4598 4597//4597 4599//4599
f 4599//4599 4597//4597 4600//4600
f 4599//4599 4600//4600 4601//4601
f 4602//4602 4603//4603 4604//4604
f 4604//4604 4603//4603 4605//4605
f 4601//4601 4600//4600 4606//4606
f 4606//4606 4600//4600 4485//4485
f 4606//4606 4485//4485 4602//4602
f 4602//4602 4485//4485 4484//4484
f 4602//4602 4484//4484 4603//4603
f 4486//4486 4488//4488 4607//4607
f 4608//4608 4483//4483 4609//4609
f 4609//4609 4483//4483 4485//4485
f 4609//4609 4485//4485 4610//4610
f 4610//4610 4485//4485 4600//4600
f 4610//4610 4600//4600 4611//4611
f 4611//4611 4600//4600 4597//4597
f 4611//4611 4597//4597 4612//4612
f 4612//4612 4597//4597 4595//4595
f 4612//4612 4595//4595 4613//4613
f 4613//4613 4595//4595 4491//4491
f 4613//4613 4491//4491 4614//4614
f 4614//4614 4491//4491 4590//4590
f 4614//4614 4590//4590 4615//4615
f 4615//4615 4590//4590 4587//4587
f 4615//4615 4587//4587 4616//4616
f 4616//4616 4587//4587 4585//4585
f 4616//4616 4585//4585 4617//4617
f 4617//4617 4585//4585 4584//4584
f 4617//4617 4584//4584 4618//4618
f 4618//4618 4584//4584 4581//4581
f 4618//4618 4581//4581 4619//4619
f 4619//4619 4581//4581 4574//4574
f 4619//4619 4574//4574 4620//4620
f 4620//4620 4574//4574 4573//4573
f 4620//4620 4573//4573 4621//4621
f 4621//4621 4573//4573 4568//4568
f 4621//4621 4568//4568 4622//4622
f 4622//4622 4568//4568 4567//4567
f 4622//4622 4567//4567 4623//4623
f 4623//4623 4567//4567 4564//4564
f 4623//4623 4564//4564 4624//4624
f 4624//4624 4564//4564 4562//4562
f 4624//4624 4562//4562 4625//4625
f 4625//4625 4562//4562 4559//4559
f 4625//4625 4559//4559 4626//4626
f 4626//4626 4559//4559 4557//4557
f 4627//4627 4553//4553 4628//4628
f 4628//4628 4553//4553 4547//4547
f 4628//4628 4547//4547 4629//4629
f 4629//4629 4547//4547 4542//4542
f 4629//4629 4542//4542 4630//4630
f 4630//4630 4542//4542 4539//4539
f 4630//4630 4539//4539 4631//4631
f 4631//4631 4539//4539 4536//4536
f 4631//4631 4536//4536 4632//4632
f 4632//4632 4536//4536 4533//4533
f 4632//4632 4533//4533 4633//4633
f 4633//4633 4533//4533 4530//4530
f 4633//4633 4530//4530 4634//4634
f 4634//4634 4530//4530 4527//4527
f 4634//4634 4527//4527 4635//4635
f 4635//4635 4527//4527 4524//4524
f 4635//4635 4524//4524 4636//4636
f 4636//4636 4524//4524 4521//4521
f 4636//4636 4521//4521 4637//4637
f 4637//4637 4521//4521 4518//4518
f 4637//4637 4518//4518 4638//4638
f 4638//4638 4518//4518 4515//4515
f 4638//4638 4515//4515 4639//4639
f 4639//4639 4515//4515 4512//4512
f 4639//4639 4512//4512 4640//4640
f 4640//4640 4512//4512 4509//4509
f 4640//4640 4509//4509 4641//4641
f 4641//4641 4509//4509 4506//4506
f 4641//4641 4506//4506 4642//4642
f 4642//4642 4506//4506 4501//4501
f 4642//4642 4501//4501 4643//4643
f 4643//4643 4501//4501 4503//4503
f 4643//4643 4503//4503 4644//4644
f 4644//4644 4503//4503 4494//4494
f 4644//4644 4494//4494 4488//4488
f 4488//4488 4494//4494 4495//4495
f 4488//4488 4495//4495 4607//4607
f 4607//4607 4495//4495 4498//4498
f 4487//4487 4645//4645 4488//4488
f 4488//4488 4645//4645 4646//4646
f 4488//4488 4646//4646 4644//4644
f 4644//4644 4646//4646 4647//4647
f 4644//4644 4647//4647 4643//4643
f 4643//4643 4647//4647 4648//4648
f 4643//4643 4648//4648 4642//4642
f 4642//4642 4648//4648 4649//4649
f 4642//4642 4649//4649 4641//4641
f 4641//4641 4649//4649 4650//4650
f 4641//4641 4650//4650 4640//4640
f 4640//4640 4650//4650 4651//4651
f 4640//4640 4651//4651 4639//4639
f 4639//4639 4651//4651 4652//4652
f 4639//4639 4652//4652 4638//4638
f 4638//4638 4652//4652 4653//4653
f 4638//4638 4653//4653 4637//4637
f 4637//4637 4653//4653 4654//4654
f 4637//4637 4654//4654 4636//4636
f 4636//4636 4654//4654 4655//4655
f 4636//4636 4655//4655 4635//4635
f 4635//4635 4655//4655 4656//4656
f 4635//4635 4656//4656 4634//4634
f 4634//4634 4656//4656 4657//4657
f 4634//4634 4657//4657 4633//4633
f 4633//4633 4657//4657 4658//4658
f 4633//4633 4658//4658 4632//4632
f 4632//4632 4658//4658 4659//4659
f 4632//4632 4659//4659 4631//4631
f 4631//4631 4659//4659 4660//4660
f 4631//4631 4660//4660 4630//4630
f 4630//4630 4660//4660 4661//4661
f 4630//4630 4661//4661 4629//4629
f 4629//4629 4661//4661 4662//4662
f 4629//4629 4662//4662 4628//4628
f 4628//4628 4662//4662 4663//4663
f 4628//4628 4663//4663 4627//4627
f 4627//4627 4663//4663 4664//4664
f 4645//4645 4608//4608 4646//4646
f 4646//4646 4608//4608 4609//4609
f 4646//4646 4609//4609 4647//4647
f 4647//4647 4609//4609 4610//4610
f 4647//4647 4610//4610 4648//4648
f 4648//4648 4610//4610 4611//4611
f 4648//4648 4611//4611 4649//4649
f 4649//4649 4611//4611 4612//4612
f 4649//4649 4612//4612 4650//4650
f 4650//4650 4612//4612 4613//4613
f 4650//4650 4613//4613 4651//4651
f 4651//4651 4613//4613 4614//4614
f 4651//4651 4614//4614 4652//4652
f 4652//4652 4614//4614 4615//4615
f 4652//4652 4615//4615 4653//4653
f 4653//4653 4615//4615 4616//4616
f 4653//4653 4616//4616 4654//4654
f 4654//4654 4616//4616 4617//4617
f 4654//4654 4617//4617 4655//4655
f 4655//4655 4617//4617 4618//4618
f 4655//4655 4618//4618 4656//4656
f 4656//4656 4618//4618 4619//4619
f 4656//4656 4619//4619 4657//4657
f 4657//4657 4619//4619 4620//4620
f 4657//4657 4620//4620 4658//4658
f 4658//4658 4620//4620 4621//4621
f 4658//4658 4621//4621 4659//4659
f 4659//4659 4621//4621 4622//4622
f 4659//4659 4622//4622 4660//4660
f 4660//4660 4622//4622 4623//4623
f 4660//4660 4623//4623 4661//4661
f 4661//4661 4623//4623 4624//4624
f 4661//4661 4624//4624 4662//4662
f 4662//4662 4624//4624 4625//4625
f 4662//4662 4625//4625 4663//4663
f 4663//4663 4625//4625 4626//4626
f 4663//4663 4626//4626 4664//4664
f 4664//4664 4626//4626 4665//4665
f 4554//4554 4556//4556 4557//4557
f 4557//4557 4556//4556 4666//4666
f 4557//4557 4666//4666 4626//4626
f 4626//4626 4666//4666 4667//4667
f 4626//4626 4667//4667 4665//4665
f 4668//4668 4669//4669 4670//4670
f 4671//4671 4672//4672 4673//4673
f 4674//4674 4675//4675 4676//4676
f 4677//4677 4678//4678 4679//4679
f 4680//4680 4681//4681 4682//4682
f 4683//4683 4684//4684 4685//4685
f 4686//4686 4687//4687 4688//4688
f 4689//4689 4690//4690 4691//4691
f 4692//4692 4693//4693 4694//4694
f 4695//4695 4696//4696 4697//4697
f 4697//4697 4696//4696 4698//4698
f 4697//4697 4698//4698 4699//4699
f 4700//4700 4701//4701 4702//4702
f 4702//4702 4701//4701 4703//4703
f 4702//4702 4703//4703 4695//4695
f 4695//4695 4703//4703 4704//4704
f 4695//4695 4704//4704 4696//4696
f 4700//4700 4702//4702 4705//4705
f 4705//4705 4702//4702 4706//4706
f 4705//4705 4706//4706 4707//4707
f 4707//4707 4706//4706 4708//4708
f 4707//4707 4708//4708 4709//4709
f 4709//4709 4708//4708 4710//4710
f 4710//4710 4708//4708 4711//4711
f 4710//4710 4711//4711 4712//4712
f 4712//4712 4711//4711 4713//4713
f 4713//4713 4711//4711 4714//4714
f 4713//4713 4714//4714 4715//4715
f 4715//4715 4714//4714 4716//4716
f 4716//4716 4714//4714 4717//4717
f 4716//4716 4717//4717 4718//4718
f 4718//4718 4717//4717 4719//4719
f 4719//4719 4717//4717 4720//4720
f 4719//4719 4720//4720 4721//4721
f 4721//4721 4720//4720 4722//4722
f 4722//4722 4720//4720 4723//4723
f 4722//4722 4723//4723 4724//4724
f 4724//4724 4723//4723 4725//4725
f 4725//4725 4723//4723 4726//4726
f 4725//4725 4726//4726 4727//4727
f 4727//4727 4726//4726 4728//4728
f 4728//4728 4726//4726 4729//4729
f 4728//4728 4729//4729 4730//4730
f 4730//4730 4729//4729 4731//4731
f 4731//4731 4729//4729 4732//4732
f 4731//4731 4732//4732 4733//4733
f 4733//4733 4732//4732 4734//4734
f 4734//4734 4732//4732 4735//4735
f 4734//4734 4735//4735 4736//4736
f 4736//4736 4735//4735 4737//4737
f 4737//4737 4735//4735 4738//4738
f 4737//4737 4738//4738 4739//4739
f 4739//4739 4738//4738 4740//4740
f 4740//4740 4738//4738 4741//4741
f 4740//4740 4741//4741 4742//4742
f 4742//4742 4741//4741 4743//4743
f 4743//4743 4741//4741 4744//4744
f 4743//4743 4744//4744 4745//4745
f 4745//4745 4744//4744 4746//4746
f 4746//4746 4744//4744 4747//4747
f 4746//4746 4747//4747 4748//4748
f 4748//4748 4747//4747 4749//4749
f 4749//4749 4747//4747 4750//4750
f 4749//4749 4750//4750 4751//4751
f 4751//4751 4750//4750 4752//4752
f 4752//4752 4750//4750 4753//4753
f 4752//4752 4753//4753 4754//4754
f 4755//4755 4692//4692 4756//4756
f 4756//4756 4692//4692 4694//4694
f 4756//4756 4694//4694 4757//4757
f 4757//4757 4694//4694 4758//4758
f 4757//4757 4758//4758 4759//4759
f 4759//4759 4758//4758 4760//4760
f 4760//4760 4758//4758 4761//4761
f 4760//4760 4761//4761 4762//4762
f 4763//4763 4764//4764 4761//4761
f 4761//4761 4764//4764 4765//4765
f 4761//4761 4765//4765 4762//4762
f 4766//4766 4767//4767 4768//4768
f 4768//4768 4769//4769 4766//4766
f 4766//4766 4769//4769 4770//4770
f 4766//4766 4770//4770 4763//4763
f 4763//4763 4770//4770 4771//4771
f 4763//4763 4771//4771 4764//4764
f 4772//4772 4773//4773 4774//4774
f 4774//4774 4775//4775 4772//4772
f 4772//4772 4775//4775 4776//4776
f 4772//4772 4776//4776 4767//4767
f 4767//4767 4776//4776 4777//4777
f 4767//4767 4777//4777 4768//4768
f 4778//4778 4779//4779 4780//4780
f 4780//4780 4779//4779 4781//4781
f 4780//4780 4781//4781 4773//4773
f 4773//4773 4781//4781 4782//4782
f 4773//4773 4782//4782 4774//4774
f 4780//4780 4783//4783 4778//4778
f 4778//4778 4783//4783 4784//4784
f 4778//4778 4784//4784 4785//4785
f 4786//4786 4787//4787 4784//4784
f 4784//4784 4787//4787 4788//4788
f 4784//4784 4788//4788 4785//4785
f 4691//4691 4690//4690 4789//4789
f 4690//4690 4790//4790 4789//4789
f 4789//4789 4790//4790 4791//4791
f 4789//4789 4791//4791 4786//4786
f 4786//4786 4791//4791 4792//4792
f 4786//4786 4792//4792 4787//4787
f 4689//4689 4691//4691 4793//4793
f 4793//4793 4691//4691 4794//4794
f 4793//4793 4794//4794 4795//4795
f 4795//4795 4794//4794 4796//4796
f 4795//4795 4796//4796 4797//4797
f 4797//4797 4796//4796 4798//4798
f 4798//4798 4796//4796 4799//4799
f 4798//4798 4799//4799 4800//4800
f 4800//4800 4799//4799 4801//4801
f 4801//4801 4799//4799 4679//4679
f 4801//4801 4679//4679 4802//4802
f 4802//4802 4679//4679 4803//4803
f 4803//4803 4679//4679 4678//4678
f 4803//4803 4678//4678 4804//4804
f 4697//4697 4686//4686 4695//4695
f 4695//4695 4686//4686 4688//4688
f 4695//4695 4688//4688 4702//4702
f 4702//4702 4688//4688 4805//4805
f 4702//4702 4805//4805 4706//4706
f 4706//4706 4805//4805 4806//4806
f 4706//4706 4806//4806 4708//4708
f 4708//4708 4806//4806 4807//4807
f 4708//4708 4807//4807 4711//4711
f 4711//4711 4807//4807 4808//4808
f 4711//4711 4808//4808 4714//4714
f 4714//4714 4808//4808 4809//4809
f 4714//4714 4809//4809 4717//4717
f 4717//4717 4809//4809 4810//4810
f 4717//4717 4810//4810 4720//4720
f 4720//4720 4810//4810 4811//4811
f 4720//4720 4811//4811 4723//4723
f 4723//4723 4811//4811 4812//4812
f 4723//4723 4812//4812 4726//4726
f 4726//4726 4812//4812 4813//4813
f 4726//4726 4813//4813 4729//4729
f 4729//4729 4813//4813 4814//4814
f 4729//4729 4814//4814 4732//4732
f 4732//4732 4814//4814 4815//4815
f 4732//4732 4815//4815 4735//4735
f 4735//4735 4815//4815 4816//4816
f 4735//4735 4816//4816 4738//4738
f 4738//4738 4816//4816 4817//4817
f 4738//4738 4817//4817 4741//4741
f 4741//4741 4817//4817 4818//4818
f 4741//4741 4818//4818 4744//4744
f 4744//4744 4818//4818 4819//4819
f 4744//4744 4819//4819 4747//4747
f 4747//4747 4819//4819 4820//4820
f 4747//4747 4820//4820 4750//4750
f 4750//4750 4820//4820 4676//4676
f 4676//4676 4675//4675 4750//4750
f 4750//4750 4675//4675 4821//4821
f 4750//4750 4821//4821 4753//4753
f 4687//4687 4683//4683 4688//4688
f 4688//4688 4683//4683 4685//4685
f 4688//4688 4685//4685 4805//4805
f 4805//4805 4685//4685 4822//4822
f 4805//4805 4822//4822 4806//4806
f 4806//4806 4822//4822 4823//4823
f 4806//4806 4823//4823 4807//4807
f 4807//4807 4823//4823 4824//4824
f 4807//4807 4824//4824 4808//4808
f 4808//4808 4824//4824 4825//4825
f 4808//4808 4825//4825 4809//4809
f 4809//4809 4825//4825 4826//4826
f 4809//4809 4826//4826 4810//4810
f 4810//4810 4826//4826 4827//4827
f 4810//4810 4827//4827 4811//4811
f 4811//4811 4827//4827 4828//4828
f 4811//4811 4828//4828 4812//4812
f 4812//4812 4828//4828 4829//4829
f 4812//4812 4829//4829 4813//4813
f 4813//4813 4829//4829 4830//4830
f 4813//4813 4830//4830 4814//4814
f 4814//4814 4830//4830 4831//4831
f 4814//4814 4831//4831 4815//4815
f 4815//4815 4831//4831 4832//4832
f 4815//4815 4832//4832 4816//4816
f 4816//4816 4832//4832 4833//4833
f 4816//4816 4833//4833 4817//4817
f 4817//4817 4833//4833 4834//4834
f 4817//4817 4834//4834 4818//4818
f 4818//4818 4834//4834 4835//4835
f 4818//4818 4835//4835 4819//4819
f 4819//4819 4835//4835 4836//4836
f 4819//4819 4836//4836 4820//4820
f 4820//4820 4836//4836 4837//4837
f 4820//4820 4837//4837 4676//4676
f 4676//4676 4837//4837 4673//4673
f 4676//4676 4673//4673 4674//4674
f 4674//4674 4673//4673 4672//4672
f 4684//4684 4680//4680 4685//4685
f 4685//4685 4680//4680 4682//4682
f 4685//4685 4682//4682 4822//4822
f 4822//4822 4682//4682 4838//4838
f 4822//4822 4838//4838 4823//4823
f 4823//4823 4838//4838 4839//4839
f 4823//4823 4839//4839 4824//4824
f 4824//4824 4839//4839 4840//4840
f 4824//4824 4840//4840 4825//4825
f 4825//4825 4840//4840 4841//4841
f 4825//4825 4841//4841 4826//4826
f 4826//4826 4841//4841 4842//4842
f 4826//4826 4842//4842 4827//4827
f 4827//4827 4842//4842 4843//4843
f 4827//4827 4843//4843 4828//4828
f 4828//4828 4843//4843 4844//4844
f 4828//4828 4844//4844 4829//4829
f 4829//4829 4844//4844 4845//4845
f 4829//4829 4845//4845 4830//4830
f 4830//4830 4845//4845 4846//4846
f 4830//4830 4846//4846 4831//4831
f 4831//4831 4846//4846 4847//4847
f 4831//4831 4847//4847 4832//4832
f 4832//4832 4847//4847 4848//4848
f 4832//4832 4848//4848 4833//4833
f 4833//4833 4848//4848 4849//4849
f 4833//4833 4849//4849 4834//4834
f 4834//4834 4849//4849 4850//4850
f 4834//4834 4850//4850 4835//4835
f 4835//4835 4850//4850 4851//4851
f 4835//4835 4851//4851 4836//4836
f 4836//4836 4851//4851 4852//4852
f 4836//4836 4852//4852 4837//4837
f 4837//4837 4852//4852 4853//4853
f 4837//4837 4853//4853 4673//4673
f 4673//4673 4853//4853 4670//4670
f 4673//4673 4670//4670 4671//4671
f 4671//4671 4670//4670 4669//4669
f 4693//4693 4668//4668 4694//4694
f 4694//4694 4668//4668 4670//4670
f 4694//4694 4670//4670 4758//4758
f 4758//4758 4670//4670 4853//4853
f 4758//4758 4853//4853 4761//4761
f 4761//4761 4853//4853 4852//4852
f 4761//4761 4852//4852 4763//4763
f 4763//4763 4852//4852 4851//4851
f 4763//4763 4851//4851 4766//4766
f 4766//4766 4851//4851 4850//4850
f 4766//4766 4850//4850 4767//4767
f 4767//4767 4850//4850 4849//4849
f 4767//4767 4849//4849 4772//4772
f 4772//4772 4849//4849 4848//4848
f 4772//4772 4848//4848 4773//4773
f 4773//4773 4848//4848 4847//4847
f 4773//4773 4847//4847 4780//4780
f 4780//4780 4847//4847 4846//4846
f 4780//4780 4846//4846 4783//4783
f 4783//4783 4846//4846 4845//4845
f 4783//4783 4845//4845 4784//4784
f 4784//4784 4845//4845 4844//4844
f 4784//4784 4844//4844 4786//4786
f 4786//4786 4844//4844 4843//4843
f 4786//4786 4843//4843 4789//4789
f 4789//4789 4843//4843 4842//4842
f 4789//4789 4842//4842 4691//4691
f 4691//4691 4842//4842 4841//4841
f 4691//4691 4841//4841 4794//4794
f 4794//4794 4841//4841 4840//4840
f 4794//4794 4840//4840 4796//4796
f 4796//4796 4840//4840 4839//4839
f 4796//4796 4839//4839 4799//4799
f 4799//4799 4839//4839 4838//4838
f 4799//4799 4838//4838 4679//4679
f 4679//4679 4838//4838 4682//4682
f 4679//4679 4682//4682 4677//4677
f 4677//4677 4682//4682 4681//4681
f 4854//4854 4855//4855 4856//4856
f 4857//4857 4858//4858 4859//4859
f 4860//4860 4861//4861 4862//4862
f 4863//4863 4864//4864 4865//4865
f 4866//4866 4867//4867 4868//4868
f 4868//4868 4867//4867 4869//4869
f 4867//4867 4870//4870 4869//4869
f 4869//4869 4870//4870 4871//4871
f 4869//4869 4871//4871 4872//4872
f 4872//4872 4871//4871 4873//4873
f 4872//4872 4873//4873 4874//4874
f 4875//4875 4876//4876 4877//4877
f 4877//4877 4876//4876 4878//4878
f 4877//4877 4878//4878 4868//4868
f 4868//4868 4878//4878 4879//4879
f 4868//4868 4879//4879 4866//4866
f 4880//4880 4881//4881 4875//4875
f 4875//4875 4881//4881 4882//4882
f 4875//4875 4882//4882 4876//4876
f 4883//4883 4884//4884 4880//4880
f 4880//4880 4884//4884 4885//4885
f 4880//4880 4885//4885 4881//4881
f 4886//4886 4887//4887 4883//4883
f 4883//4883 4887//4887 4888//4888
f 4883//4883 4888//4888 4884//4884
f 4889//4889 4890//4890 4886//4886
f 4886//4886 4890//4890 4891//4891
f 4886//4886 4891//4891 4887//4887
f 4892//4892 4893//4893 4889//4889
f 4889//4889 4893//4893 4894//4894
f 4889//4889 4894//4894 4890//4890
f 4895//4895 4896//4896 4892//4892
f 4892//4892 4896//4896 4897//4897
f 4892//4892 4897//4897 4893//4893
f 4898//4898 4899//4899 4895//4895
f 4895//4895 4899//4899 4900//4900
f 4895//4895 4900//4900 4896//4896
f 4901//4901 4902//4902 4898//4898
f 4898//4898 4902//4902 4903//4903
f 4898//4898 4903//4903 4899//4899
f 4904//4904 4905//4905 4901//4901
f 4901//4901 4905//4905 4906//4906
f 4901//4901 4906//4906 4902//4902
f 4907//4907 4908//4908 4904//4904
f 4904//4904 4908//4908 4909//4909
f 4904//4904 4909//4909 4905//4905
f 4910//4910 4911//4911 4907//4907
f 4907//4907 4911//4911 4912//4912
f 4907//4907 4912//4912 4908//4908
f 4913//4913 4914//4914 4910//4910
f 4910//4910 4914//4914 4915//4915
f 4910//4910 4915//4915 4911//4911
f 4916//4916 4917//4917 4913//4913
f 4913//4913 4917//4917 4918//4918
f 4913//4913 4918//4918 4914//4914
f 4919//4919 4920//4920 4921//4921
f 4921//4921 4920//4920 4922//4922
f 4921//4921 4922//4922 4916//4916
f 4916//4916 4922//4922 4923//4923
f 4916//4916 4923//4923 4917//4917
f 4924//4924 4925//4925 4921//4921
f 4921//4921 4925//4925 4926//4926
f 4921//4921 4926//4926 4919//4919
f 4919//4919 4926//4926 4927//4927
f 4928//4928 4929//4929 4930//4930
f 4930//4930 4929//4929 4931//4931
f 4930//4930 4931//4931 4932//4932
f 4928//4928 4930//4930 4933//4933
f 4933//4933 4930//4930 4934//4934
f 4933//4933 4934//4934 4935//4935
f 4935//4935 4934//4934 4936//4936
f 4936//4936 4934//4934 4937//4937
f 4936//4936 4937//4937 4938//4938
f 4939//4939 4940//4940 4937//4937
f 4937//4937 4940//4940 4941//4941
f 4937//4937 4941//4941 4938//4938
f 4942//4942 4943//4943 4944//4944
f 4944//4944 4945//4945 4942//4942
f 4942//4942 4945//4945 4946//4946
f 4942//4942 4946//4946 4939//4939
f 4939//4939 4946//4946 4947//4947
f 4939//4939 4947//4947 4940//4940
f 4948//4948 4949//4949 4950//4950
f 4950//4950 4951//4951 4948//4948
f 4948//4948 4951//4951 4952//4952
f 4948//4948 4952//4952 4943//4943
f 4943//4943 4952//4952 4953//4953
f 4943//4943 4953//4953 4944//4944
f 4954//4954 4955//4955 4956//4956
f 4956//4956 4955//4955 4957//4957
f 4956//4956 4957//4957 4949//4949
f 4949//4949 4957//4957 4958//4958
f 4949//4949 4958//4958 4950//4950
f 4956//4956 4959//4959 4954//4954
f 4954//4954 4959//4959 4960//4960
f 4954//4954 4960//4960 4961//4961
f 4962//4962 4963//4963 4960//4960
f 4960//4960 4963//4963 4964//4964
f 4960//4960 4964//4964 4961//4961
f 4965//4965 4966//4966 4967//4967
f 4967//4967 4968//4968 4965//4965
f 4965//4965 4968//4968 4969//4969
f 4965//4965 4969//4969 4962//4962
f 4962//4962 4969//4969 4970//4970
f 4962//4962 4970//4970 4963//4963
f 4971//4971 4972//4972 4973//4973
f 4973//4973 4972//4972 4974//4974
f 4973//4973 4974//4974 4966//4966
f 4966//4966 4974//4974 4975//4975
f 4966//4966 4975//4975 4967//4967
f 4976//4976 4977//4977 4971//4971
f 4971//4971 4977//4977 4978//4978
f 4971//4971 4978//4978 4972//4972
f 4979//4979 4980//4980 4981//4981
f 4982//4982 4983//4983 4981//4981
f 4981//4981 4983//4983 4984//4984
f 4981//4981 4984//4984 4979//4979
f 4979//4979 4984//4984 4985//4985
f 4979//4979 4985//4985 4976//4976
f 4976//4976 4985//4985 4986//4986
f 4976//4976 4986//4986 4977//4977
f 4863//4863 4865//4865 4987//4987
f 4858//4858 4924//4924 4859//4859
f 4859//4859 4924//4924 4921//4921
f 4859//4859 4921//4921 4988//4988
f 4988//4988 4921//4921 4916//4916
f 4988//4988 4916//4916 4989//4989
f 4989//4989 4916//4916 4913//4913
f 4989//4989 4913//4913 4990//4990
f 4990//4990 4913//4913 4910//4910
f 4990//4990 4910//4910 4991//4991
f 4991//4991 4910//4910 4907//4907
f 4991//4991 4907//4907 4992//4992
f 4992//4992 4907//4907 4904//4904
f 4992//4992 4904//4904 4993//4993
f 4993//4993 4904//4904 4901//4901
f 4993//4993 4901//4901 4994//4994
f 4994//4994 4901//4901 4898//4898
f 4994//4994 4898//4898 4995//4995
f 4995//4995 4898//4898 4895//4895
f 4995//4995 4895//4895 4996//4996
f 4996//4996 4895//4895 4892//4892
f 4996//4996 4892//4892 4997//4997
f 4997//4997 4892//4892 4889//4889
f 4997//4997 4889//4889 4998//4998
f 4998//4998 4889//4889 4886//4886
f 4998//4998 4886//4886 4999//4999
f 4999//4999 4886//4886 4883//4883
f 4999//4999 4883//4883 5000//5000
f 5000//5000 4883//4883 4880//4880
f 5000//5000 4880//4880 5001//5001
f 5001//5001 4880//4880 4875//4875
f 5001//5001 4875//4875 5002//5002
f 5002//5002 4875//4875 4877//4877
f 5002//5002 4877//4877 5003//5003
f 5003//5003 4877//4877 4868//4868
f 5003//5003 4868//4868 5004//5004
f 5004//5004 4868//4868 4869//4869
f 5004//5004 4869//4869 5005//5005
f 5005//5005 4869//4869 4872//4872
f 4855//4855 4857//4857 4856//4856
f 4856//4856 4857//4857 4859//4859
f 4856//4856 4859//4859 5006//5006
f 5006//5006 4859//4859 4988//4988
f 5006//5006 4988//4988 5007//5007
f 5007//5007 4988//4988 4989//4989
f 5007//5007 4989//4989 5008//5008
f 5008//5008 4989//4989 4990//4990
f 5008//5008 4990//4990 5009//5009
f 5009//5009 4990//4990 4991//4991
f 5009//5009 4991//4991 5010//5010
f 5010//5010 4991//4991 4992//4992
f 5010//5010 4992//4992 5011//5011
f 5011//5011 4992//4992 4993//4993
f 5011//5011 4993//4993 5012//5012
f 5012//5012 4993//4993 4994//4994
f 5012//5012 4994//4994 5013//5013
f 5013//5013 4994//4994 4995//4995
f 5013//5013 4995//4995 5014//5014
f 5014//5014 4995//4995 4996//4996
f 5014//5014 4996//4996 5015//5015
f 5015//5015 4996//4996 4997//4997
f 5015//5015 4997//4997 5016//5016
f 5016//5016 4997//4997 4998//4998
f 5016//5016 4998//4998 5017//5017
f 5017//5017 4998//4998 4999//4999
f 5017//5017 4999//4999 5018//5018
f 5018//5018 4999//4999 5000//5000
f 5018//5018 5000//5000 5019//5019
f 5019//5019 5000//5000 5001//5001
f 5019//5019 5001//5001 5020//5020
f 5020//5020 5001//5001 5002//5002
f 5020//5020 5002//5002 5021//5021
f 5021//5021 5002//5002 5003//5003
f 5021//5021 5003//5003 4865//4865
f 4865//4865 5003//5003 5004//5004
f 4865//4865 5004//5004 4987//4987
f 4987//4987 5004//5004 5005//5005
f 5022//5022 4854//4854 5023//5023
f 5023//5023 4854//4854 4856//4856
f 5023//5023 4856//4856 5024//5024
f 5024//5024 4856//4856 5006//5006
f 5024//5024 5006//5006 5025//5025
f 5025//5025 5006//5006 5007//5007
f 5025//5025 5007//5007 5026//5026
f 5026//5026 5007//5007 5008//5008
f 5026//5026 5008//5008 5027//5027
f 5027//5027 5008//5008 5009//5009
f 5027//5027 5009//5009 5028//5028
f 5028//5028 5009//5009 5010//5010
f 5028//5028 5010//5010 5029//5029
f 5029//5029 5010//5010 5011//5011
f 5029//5029 5011//5011 5030//5030
f 5030//5030 5011//5011 5012//5012
f 5030//5030 5012//5012 5031//5031
f 5031//5031 5012//5012 5013//5013
f 5031//5031 5013//5013 5032//5032
f 5032//5032 5013//5013 5014//5014
f 5032//5032 5014//5014 5033//5033
f 5033//5033 5014//5014 5015//5015
f 5033//5033 5015//5015 5034//5034
f 5034//5034 5015//5015 5016//5016
f 5034//5034 5016//5016 5035//5035
f 5035//5035 5016//5016 5017//5017
f 5035//5035 5017//5017 5036//5036
f 5036//5036 5017//5017 5018//5018
f 5036//5036 5018//5018 5037//5037
f 5037//5037 5018//5018 5019//5019
f 5037//5037 5019//5019 5038//5038
f 5038//5038 5019//5019 5020//5020
f 5038//5038 5020//5020 5039//5039
f 5039//5039 5020//5020 5021//5021
f 5039//5039 5021//5021 4862//4862
f 4862//4862 5021//5021 4865//4865
f 4862//4862 4865//4865 4860//4860
f 4860//4860 4865//4865 4864//4864
f 4861//4861 4980//4980 4862//4862
f 4862//4862 4980//4980 4979//4979
f 4862//4862 4979//4979 5039//5039
f 5039//5039 4979//4979 4976//4976
f 5039//5039 4976//4976 5038//5038
f 5038//5038 4976//4976 4971//4971
f 5038//5038 4971//4971 5037//5037
f 5037//5037 4971//4971 4973//4973
f 5037//5037 4973//4973 5036//5036
f 5036//5036 4973//4973 4966//4966
f 5036//5036 4966//4966 5035//5035
f 5035//5035 4966//4966 4965//4965
f 5035//5035 4965//4965 5034//5034
f 5034//5034 4965//4965 4962//4962
f 5034//5034 4962//4962 5033//5033
f 5033//5033 4962//4962 4960//4960
f 5033//5033 4960//4960 5032//5032
f 5032//5032 4960//4960 4959//4959
f 5032//5032 4959//4959 5031//5031
f 5031//5031 4959//4959 4956//4956
f 5031//5031 4956//4956 5030//5030
f 5030//5030 4956//4956 4949//4949
f 5030//5030 4949//4949 5029//5029
f 5029//5029 4949//4949 4948//4948
f 5029//5029 4948//4948 5028//5028
f 5028//5028 4948//4948 4943//4943
f 5028//5028 4943//4943 5027//5027
f 5027//5027 4943//4943 4942//4942
f 5027//5027 4942//4942 5026//5026
f 5026//5026 4942//4942 4939//4939
f 5026//5026 4939//4939 5025//5025
f 5025//5025 4939//4939 4937//4937
f 5025//5025 4937//4937 5024//5024
f 5024//5024 4937//4937 4934//4934
f 5024//5024 4934//4934 5023//5023
f 5023//5023 4934//4934 4930//4930
f 5023//5023 4930//4930 5022//5022
f 5022//5022 4930//4930 4932//4932
f 5040//5040 5041//5041 5042//5042
f 5043//5043 5044//5044 5045//5045
f 5046//5046 5047//5047 5048//5048
f 5049//5049 5050//5050 5051//5051
f 5052//5052 5053//5053 5054//5054
f 5055//5055 5056//5056 5057//5057
f 5058//5058 5059//5059 5060//5060
f 5061//5061 5062//5062 5063//5063
f 5064//5064 5065//5065 5066//5066
f 5067//5067 5064//5064 5068//5068
f 5068//5068 5064//5064 5066//5066
f 5068//5068 5066//5066 5069//5069
f 5069//5069 5066//5066 5070//5070
f 5069//5069 5070//5070 5071//5071
f 5071//5071 5070//5070 5072//5072
f 5072//5072 5070//5070 5073//5073
f 5072//5072 5073//5073 5074//5074
f 5075//5075 5076//5076 5073//5073
f 5073//5073 5076//5076 5077//5077
f 5073//5073 5077//5077 5074//5074
f 5078//5078 5079//5079 5080//5080
f 5080//5080 5081//5081 5078//5078
f 5078//5078 5081//5081 5082//5082
f 5078//5078 5082//5082 5075//5075
f 5075//5075 5082//5082 5083//5083
f 5075//5075 5083//5083 5076//5076
f 5084//5084 5085//5085 5086//5086
f 5086//5086 5087//5087 5084//5084
f 5084//5084 5087//5087 5088//5088
f 5084//5084 5088//5088 5079//5079
f 5079//5079 5088//5088 5089//5089
f 5079//5079 5089//5089 5080//5080
f 5090//5090 5091//5091 5092//5092
f 5092//5092 5091//5091 5093//5093
f 5092//5092 5093//5093 5085//5085
f 5085//5085 5093//5093 5094//5094
f 5085//5085 5094//5094 5086//5086
f 5092//5092 5095//5095 5090//5090
f 5090//5090 5095//5095 5096//5096
f 5090//5090 5096//5096 5097//5097
f 5098//5098 5099//5099 5096//5096
f 5096//5096 5099//5099 5100//5100
f 5096//5096 5100//5100 5097//5097
f 5063//5063 5062//5062 5101//5101
f 5062//5062 5102//5102 5101//5101
f 5101//5101 5102//5102 5103//5103
f 5101//5101 5103//5103 5098//5098
f 5098//5098 5103//5103 5104//5104
f 5098//5098 5104//5104 5099//5099
f 5061//5061 5063//5063 5105//5105
f 5105//5105 5063//5063 5106//5106
f 5105//5105 5106//5106 5107//5107
f 5107//5107 5106//5106 5108//5108
f 5107//5107 5108//5108 5109//5109
f 5109//5109 5108//5108 5110//5110
f 5110//5110 5108//5108 5111//5111
f 5110//5110 5111//5111 5112//5112
f 5112//5112 5111//5111 5113//5113
f 5113//5113 5111//5111 5051//5051
f 5113//5113 5051//5051 5114//5114
f 5114//5114 5051//5051 5115//5115
f 5115//5115 5051//5051 5050//5050
f 5115//5115 5050//5050 5116//5116
f 5117//5117 5058//5058 5118//5118
f 5118//5118 5058//5058 5060//5060
f 5118//5118 5060//5060 5119//5119
f 5120//5120 5121//5121 5122//5122
f 5122//5122 5121//5121 5123//5123
f 5122//5122 5123//5123 5118//5118
f 5118//5118 5123//5123 5124//5124
f 5118//5118 5124//5124 5117//5117
f 5120//5120 5122//5122 5125//5125
f 5125//5125 5122//5122 5126//5126
f 5125//5125 5126//5126 5127//5127
f 5127//5127 5126//5126 5128//5128
f 5127//5127 5128//5128 5129//5129
f 5129//5129 5128//5128 5130//5130
f 5130//5130 5128//5128 5131//5131
f 5130//5130 5131//5131 5132//5132
f 5132//5132 5131//5131 5133//5133
f 5133//5133 5131//5131 5134//5134
f 5133//5133 5134//5134 5135//5135
f 5135//5135 5134//5134 5136//5136
f 5136//5136 5134//5134 5137//5137
f 5136//5136 5137//5137 5138//5138
f 5138//5138 5137//5137 5139//5139
f 5139//5139 5137//5137 5140//5140
f 5139//5139 5140//5140 5141//5141
f 5141//5141 5140//5140 5142//5142
f 5142//5142 5140//5140 5143//5143
f 5142//5142 5143//5143 5144//5144
f 5144//5144 5143//5143 5145//5145
f 5145//5145 5143//5143 5146//5146
f 5145//5145 5146//5146 5147//5147
f 5147//5147 5146//5146 5148//5148
f 5148//5148 5146//5146 5149//5149
f 5148//5148 5149//5149 5150//5150
f 5150//5150 5149//5149 5151//5151
f 5151//5151 5149//5149 5152//5152
f 5151//5151 5152//5152 5153//5153
f 5153//5153 5152//5152 5154//5154
f 5154//5154 5152//5152 5155//5155
f 5154//5154 5155//5155 5156//5156
f 5156//5156 5155//5155 5157//5157
f 5157//5157 5155//5155 5158//5158
f 5157//5157 5158//5158 5159//5159
f 5159//5159 5158//5158 5160//5160
f 5160//5160 5158//5158 5161//5161
f 5160//5160 5161//5161 5162//5162
f 5162//5162 5161//5161 5163//5163
f 5163//5163 5161//5161 5164//5164
f 5163//5163 5164//5164 5165//5165
f 5165//5165 5164//5164 5166//5166
f 5166//5166 5164//5164 5167//5167
f 5166//5166 5167//5167 5168//5168
f 5168//5168 5167//5167 5169//5169
f 5169//5169 5167//5167 5170//5170
f 5169//5169 5170//5170 5171//5171
f 5170//5170 5172//5172 5173//5173
f 5171//5171 5170//5170 5174//5174
f 5174//5174 5170//5170 5173//5173
f 5174//5174 5173//5173 5175//5175
f 5119//5119 5176//5176 5118//5118
f 5118//5118 5176//5176 5177//5177
f 5118//5118 5177//5177 5122//5122
f 5122//5122 5177//5177 5178//5178
f 5122//5122 5178//5178 5126//5126
f 5126//5126 5178//5178 5179//5179
f 5126//5126 5179//5179 5128//5128
f 5128//5128 5179//5179 5180//5180
f 5128//5128 5180//5180 5131//5131
f 5131//5131 5180//5180 5181//5181
f 5131//5131 5181//5181 5134//5134
f 5134//5134 5181//5181 5182//5182
f 5134//5134 5182//5182 5137//5137
f 5137//5137 5182//5182 5183//5183
f 5137//5137 5183//5183 5140//5140
f 5140//5140 5183//5183 5184//5184
f 5140//5140 5184//5184 5143//5143
f 5143//5143 5184//5184 5185//5185
f 5143//5143 5185//5185 5146//5146
f 5146//5146 5185//5185 5186//5186
f 5146//5146 5186//5186 5149//5149
f 5149//5149 5186//5186 5187//5187
f 5149//5149 5187//5187 5152//5152
f 5152//5152 5187//5187 5188//5188
f 5152//5152 5188//5188 5155//5155
f 5155//5155 5188//5188 5189//5189
f 5155//5155 5189//5189 5158//5158
f 5158//5158 5189//5189 5190//5190
f 5158//5158 5190//5190 5161//5161
f 5161//5161 5190//5190 5191//5191
f 5161//5161 5191//5191 5164//5164
f 5164//5164 5191//5191 5192//5192
f 5164//5164 5192//5192 5167//5167
f 5167//5167 5192//5192 5193//5193
f 5167//5167 5193//5193 5170//5170
f 5170//5170 5193//5193 5048//5048
f 5170//5170 5048//5048 5172//5172
f 5172//5172 5048//5048 5047//5047
f 5044//5044 5046//5046 5045//5045
f 5045//5045 5046//5046 5048//5048
f 5045//5045 5048//5048 5194//5194
f 5194//5194 5048//5048 5193//5193
f 5194//5194 5193//5193 5195//5195
f 5195//5195 5193//5193 5192//5192
f 5195//5195 5192//5192 5196//5196
f 5196//5196 5192//5192 5191//5191
f 5196//5196 5191//5191 5197//5197
f 5197//5197 5191//5191 5190//5190
f 5197//5197 5190//5190 5198//5198
f 5198//5198 5190//5190 5189//5189
f 5198//5198 5189//5189 5199//5199
f 5199//5199 5189//5189 5188//5188
f 5199//5199 5188//5188 5200//5200
f 5200//5200 5188//5188 5187//5187
f 5200//5200 5187//5187 5201//5201
f 5201//5201 5187//5187 5186//5186
f 5201//5201 5186//5186 5202//5202
f 5202//5202 5186//5186 5185//5185
f 5202//5202 5185//5185 5203//5203
f 5203//5203 5185//5185 5184//5184
f 5203//5203 5184//5184 5204//5204
f 5204//5204 5184//5184 5183//5183
f 5204//5204 5183//5183 5205//5205
f 5205//5205 5183//5183 5182//5182
f 5205//5205 5182//5182 5206//5206
f 5206//5206 5182//5182 5181//5181
f 5206//5206 5181//5181 5207//5207
f 5207//5207 5181//5181 5180//5180
f 5207//5207 5180//5180 5208//5208
f 5208//5208 5180//5180 5179//5179
f 5208//5208 5179//5179 5209//5209
f 5209//5209 5179//5179 5178//5178
f 5209//5209 5178//5178 5057//5057
f 5057//5057 5178//5178 5177//5177
f 5057//5057 5177//5177 5055//5055
f 5055//5055 5177//5177 5176//5176
f 5056//5056 5052//5052 5057//5057
f 5057//5057 5052//5052 5054//5054
f 5057//5057 5054//5054 5209//5209
f 5209//5209 5054//5054 5210//5210
f 5209//5209 5210//5210 5208//5208
f 5208//5208 5210//5210 5211//5211
f 5208//5208 5211//5211 5207//5207
f 5207//5207 5211//5211 5212//5212
f 5207//5207 5212//5212 5206//5206
f 5206//5206 5212//5212 5213//5213
f 5206//5206 5213//5213 5205//5205
f 5205//5205 5213//5213 5214//5214
f 5205//5205 5214//5214 5204//5204
f 5204//5204 5214//5214 5215//5215
f 5204//5204 5215//5215 5203//5203
f 5203//5203 5215//5215 5216//5216
f 5203//5203 5216//5216 5202//5202
f 5202//5202 5216//5216 5217//5217
f 5202//5202 5217//5217 5201//5201
f 5201//5201 5217//5217 5218//5218
f 5201//5201 5218//5218 5200//5200
f 5200//5200 5218//5218 5219//5219
f 5200//5200 5219//5219 5199//5199
f 5199//5199 5219//5219 5220//5220
f 5199//5199 5220//5220 5198//5198
f 5198//5198 5220//5220 5221//5221
f 5198//5198 5221//5221 5197//5197
f 5197//5197 5221//5221 5222//5222
f 5197//5197 5222//5222 5196//5196
f 5196//5196 5222//5222 5223//5223
f 5196//5196 5223//5223 5195//5195
f 5195//5195 5223//5223 5224//5224
f 5195//5195 5224//5224 5194//5194
f 5194//5194 5224//5224 5225//5225
f 5194//5194 5225//5225 5045//5045
f 5045//5045 5225//5225 5042//5042
f 5045//5045 5042//5042 5043//5043
f 5043//5043 5042//5042 5041//5041
f 5053//5053 5049//5049 5054//5054
f 5054//5054 5049//5049 5051//5051
f 5054//5054 5051//5051 5210//5210
f 5210//5210 5051//5051 5111//5111
f 5210//5210 5111//5111 5211//5211
f 5211//5211 5111//5111 5108//5108
f 5211//5211 5108//5108 5212//5212
f 5212//5212 5108//5108 5106//5106
f 5212//5212 5106//5106 5213//5213
f 5213//5213 5106//5106 5063//5063
f 5213//5213 5063//5063 5214//5214
f 5214//5214 5063//5063 5101//5101
f 5214//5214 5101//5101 5215//5215
f 5215//5215 5101//5101 5098//5098
f 5215//5215 5098//5098 5216//5216
f 5216//5216 5098//5098 5096//5096
f 5216//5216 5096//5096 5217//5217
f 5217//5217 5096//5096 5095//5095
f 5217//5217 5095//5095 5218//5218
f 5218//5218 5095//5095 5092//5092
f 5218//5218 5092//5092 5219//5219
f 5219//5219 5092//5092 5085//5085
f 5219//5219 5085//5085 5220//5220
f 5220//5220 5085//5085 5084//5084
f 5220//5220 5084//5084 5221//5221
f 5221//5221 5084//5084 5079//5079
f 5221//5221 5079//5079 5222//5222
f 5222//5222 5079//5079 5078//5078
f 5222//5222 5078//5078 5223//5223
f 5223//5223 5078//5078 5075//5075
f 5223//5223 5075//5075 5224//5224
f 5224//5224 5075//5075 5073//5073
f 5224//5224 5073//5073 5225//5225
f 5225//5225 5073//5073 5070//5070
f 5225//5225 5070//5070 5042//5042
f 5042//5042 5070//5070 5066//5066
f 5042//5042 5066//5066 5040//5040
f 5040//5040 5066//5066 5065//5065
f 5226//5226 5227//5227 5228//5228
f 5229//5229 5230//5230 5231//5231
f 5060//5060 5059//5059 5232//5232
f 5231//5231 5230//5230 5233//5233
f 5233//5233 5230//5230 5234//5234
f 5233//5233 5234//5234 5232//5232
f 5232//5232 5234//5234 5235//5235
f 5232//5232 5235//5235 5060//5060
f 5236//5236 5116//5116 5050//5050
f 5050//5050 5237//5237 5236//5236
f 5236//5236 5237//5237 5238//5238
f 5236//5236 5238//5238 5239//5239
f 4872//4872 4874//4874 5240//5240
f 5239//5239 5238//5238 5241//5241
f 5241//5241 5238//5238 5242//5242
f 5241//5241 5242//5242 5243//5243
f 5243//5243 5242//5242 5244//5244
f 5243//5243 5244//5244 5245//5245
f 5245//5245 5244//5244 5246//5246
f 5245//5245 5246//5246 5240//5240
f 5240//5240 5246//5246 5247//5247
f 5240//5240 5247//5247 4872//4872
f 4982//4982 4981//4981 5248//5248
f 5248//5248 4981//4981 5249//5249
f 5248//5248 5249//5249 5250//5250
f 4697//4697 4699//4699 5251//5251
f 5251//5251 4699//4699 5252//5252
f 5251//5251 5252//5252 5253//5253
f 5253//5253 5252//5252 5254//5254
f 5253//5253 5254//5254 5255//5255
f 5255//5255 5254//5254 5256//5256
f 5255//5255 5256//5256 5250//5250
f 5250//5250 5256//5256 5257//5257
f 5250//5250 5257//5257 5248//5248
f 4804//4804 4678//4678 5227//5227
f 5227//5227 4678//4678 5258//5258
f 5227//5227 5258//5258 5228//5228
f 5226//5226 5228//5228 5259//5259
f 5259//5259 5228//5228 5260//5260
f 5259//5259 5260//5260 5261//5261
f 5261//5261 5260//5260 5262//5262
f 5261//5261 5262//5262 5263//5263
f 5263//5263 5262//5262 5264//5264
f 5264//5264 5262//5262 5265//5265
f 5264//5264 5265//5265 4500//4500
f 5266//5266 5267//5267 5268//5268
f 5268//5268 5267//5267 5269//5269
f 4324//4324 4326//4326 5270//5270
f 5270//5270 4326//4326 5271//5271
f 5270//5270 5271//5271 5272//5272
f 5272//5272 5271//5271 5273//5273
f 5272//5272 5273//5273 5274//5274
f 5274//5274 5273//5273 5275//5275
f 5274//5274 5275//5275 5266//5266
f 5266//5266 5275//5275 5276//5276
f 5266//5266 5276//5276 5267//5267
f 5277//5277 4431//4431 4307//4307
f 5231//5231 5278//5278 5229//5229
f 5229//5229 5278//5278 5277//5277
f 5229//5229 5277//5277 5279//5279
f 5279//5279 5277//5277 4307//4307
f 5280//5280 4483//4483 4608//4608
f 5280//5280 4608//4608 5281//5281
f 4483//4483 5280//5280 4484//4484
f 4484//4484 5280//5280 5268//5268
f 4484//4484 5268//5268 4603//4603
f 4603//4603 5268//5268 5269//5269
f 4603//4603 5269//5269 4605//4605
f 5282//5282 4313//4313 5270//5270
f 5270//5270 4313//4313 4312//4312
f 5270//5270 4312//4312 4324//4324
f 5283//5283 4432//4432 5282//5282
f 5282//5282 4432//4432 4466//4466
f 5282//5282 4466//4466 4313//4313
f 4307//4307 4306//4306 5279//5279
f 5279//5279 4306//4306 4310//4310
f 5279//5279 4310//4310 5283//5283
f 5283//5283 4310//4310 4309//4309
f 5283//5283 4309//4309 4432//4432
f 5284//5284 5176//5176 5235//5235
f 5235//5235 5176//5176 5119//5119
f 5235//5235 5119//5119 5060//5060
f 5285//5285 5056//5056 5284//5284
f 5284//5284 5056//5056 5055//5055
f 5284//5284 5055//5055 5176//5176
f 5050//5050 5049//5049 5237//5237
f 5237//5237 5049//5049 5053//5053
f 5237//5237 5053//5053 5285//5285
f 5285//5285 5053//5053 5052//5052
f 5285//5285 5052//5052 5056//5056
f 5286//5286 4987//4987 5247//5247
f 5247//5247 4987//4987 5005//5005
f 5247//5247 5005//5005 4872//4872
f 5287//5287 4864//4864 5286//5286
f 5286//5286 4864//4864 4863//4863
f 5286//5286 4863//4863 4987//4987
f 4981//4981 4980//4980 5249//5249
f 5249//5249 4980//4980 4861//4861
f 5249//5249 4861//4861 5287//5287
f 5287//5287 4861//4861 4860//4860
f 5287//5287 4860//4860 4864//4864
f 5288//5288 4687//4687 5251//5251
f 5251//5251 4687//4687 4686//4686
f 5251//5251 4686//4686 4697//4697
f 5289//5289 4684//4684 5288//5288
f 5288//5288 4684//4684 4683//4683
f 5288//5288 4683//4683 4687//4687
f 4678//4678 4677//4677 5258//5258
f 5258//5258 4677//4677 4681//4681
f 5258//5258 4681//4681 5289//5289
f 5289//5289 4681//4681 4680//4680
f 5289//5289 4680//4680 4684//4684
f 5290//5290 4607//4607 5265//5265
f 5265//5265 4607//4607 4498//4498
f 5265//5265 4498//4498 4500//4500
f 4608//4608 4645//4645 5281//5281
f 5281//5281 4645//4645 4487//4487
f 5281//5281 4487//4487 5290//5290
f 5290//5290 4487//4487 4486//4486
f 5290//5290 4486//4486 4607//4607
f 4227//4227 4226//4226 5173//5173
f 4376//4376 4377//4377 4253//4253
f 4220//4220 5291//5291 5292//5292
f 4376//4376 4253//4253 5293//5293
f 5293//5293 4253//4253 4211//4211
f 5293//5293 4211//4211 5294//5294
f 5294//5294 4211//4211 4210//4210
f 5294//5294 4210//4210 5292//5292
f 5292//5292 4210//4210 4221//4221
f 5292//5292 4221//4221 4220//4220
f 4556//4556 4555//4555 5291//5291
f 4550//4550 4551//4551 5295//5295
f 5295//5295 4551//4551 4241//4241
f 4241//4241 4142//4142 5295//5295
f 5295//5295 4142//4142 4141//4141
f 5295//5295 4141//4141 5296//5296
f 5296//5296 4141//4141 4145//4145
f 5296//5296 4145//4145 5297//5297
f 5297//5297 4145//4145 4144//4144
f 5297//5297 4144//4144 5298//5298
f 5298//5298 4144//4144 4283//4283
f 5298//5298 4283//4283 4148//4148
f 5299//5299 4754//4754 4753//4753
f 4159//4159 5300//5300 5301//5301
f 5299//5299 4153//4153 5302//5302
f 5302//5302 4153//4153 4157//4157
f 5302//5302 4157//4157 5303//5303
f 5303//5303 4157//4157 4156//4156
f 5303//5303 4156//4156 5301//5301
f 5301//5301 4156//4156 4160//4160
f 5301//5301 4160//4160 4159//4159
f 4931//4931 4929//4929 5300//5300
f 5304//5304 5305//5305 4175//4175
f 4927//4927 4926//4926 5305//5305
f 5305//5305 4926//4926 4268//4268
f 5305//5305 4268//4268 4175//4175
f 4175//4175 4174//4174 5304//5304
f 5304//5304 4174//4174 4230//4230
f 5304//5304 4230//4230 5306//5306
f 5306//5306 4230//4230 4229//4229
f 5306//5306 4229//4229 5307//5307
f 5064//5064 5067//5067 5307//5307
f 5308//5308 5175//5175 5173//5173
f 4226//4226 4225//4225 5173//5173
f 5173//5173 4225//4225 4190//4190
f 5173//5173 4190//4190 5308//5308
f 5308//5308 4190//4190 4189//4189
f 5308//5308 4189//4189 5309//5309
f 5309//5309 4189//4189 4193//4193
f 5309//5309 4193//4193 5310//5310
f 5310//5310 4193//4193 4192//4192
f 5310//5310 4192//4192 5311//5311
f 4192//4192 4196//4196 5311//5311
f 5311//5311 4196//4196 4195//4195
f 5311//5311 4195//4195 5312//5312
f 5312//5312 4195//4195 4258//4258
f 5312//5312 4258//4258 4199//4199
f 4300//4300 4222//4222 4301//4301
f 4301//4301 4222//4222 4202//4202
f 4301//4301 4202//4202 4303//4303
f 4303//4303 4202//4202 4201//4201
f 4303//4303 4201//4201 4304//4304
f 4304//4304 4201//4201 4205//4205
f 4304//4304 4205//4205 4379//4379
f 4379//4379 4205//4205 4204//4204
f 4379//4379 4204//4204 4378//4378
f 4378//4378 4204//4204 4208//4208
f 4378//4378 4208//4208 4377//4377
f 4377//4377 4208//4208 4207//4207
f 4377//4377 4207//4207 4253//4253
f 4382//4382 5312//5312 4380//4380
f 4380//4380 5312//5312 4199//4199
f 4380//4380 4199//4199 4297//4297
f 4297//4297 4199//4199 4198//4198
f 4297//4297 4198//4198 4298//4298
f 4298//4298 4198//4198 4224//4224
f 4298//4298 4224//4224 4300//4300
f 4300//4300 4224//4224 4223//4223
f 4300//4300 4223//4223 4222//4222
f 5043//5043 4263//4263 5044//5044
f 5044//5044 4263//4263 4187//4187
f 5044//5044 4187//4187 5046//5046
f 5046//5046 4187//4187 4186//4186
f 5046//5046 4186//4186 5047//5047
f 5047//5047 4186//4186 4227//4227
f 5047//5047 4227//4227 5172//5172
f 5172//5172 4227//4227 5173//5173
f 4229//4229 4228//4228 5307//5307
f 5307//5307 4228//4228 4178//4178
f 5307//5307 4178//4178 5064//5064
f 5064//5064 4178//4178 4177//4177
f 5064//5064 4177//4177 5065//5065
f 5065//5065 4177//4177 4181//4181
f 5065//5065 4181//4181 5040//5040
f 5040//5040 4181//4181 4180//4180
f 5040//5040 4180//4180 5041//5041
f 5041//5041 4180//4180 4184//4184
f 5041//5041 4184//4184 5043//5043
f 5043//5043 4184//4184 4183//4183
f 5043//5043 4183//4183 4263//4263
f 4159//4159 4273//4273 5300//5300
f 5300//5300 4273//4273 4163//4163
f 5300//5300 4163//4163 4931//4931
f 4931//4931 4163//4163 4162//4162
f 4931//4931 4162//4162 4932//4932
f 4932//4932 4162//4162 4233//4233
f 4932//4932 4233//4233 5022//5022
f 5022//5022 4233//4233 4232//4232
f 5022//5022 4232//4232 4854//4854
f 4854//4854 4232//4232 4231//4231
f 4854//4854 4231//4231 4855//4855
f 4855//4855 4231//4231 4166//4166
f 4855//4855 4166//4166 4857//4857
f 4857//4857 4166//4166 4165//4165
f 4857//4857 4165//4165 4858//4858
f 4858//4858 4165//4165 4169//4169
f 4858//4858 4169//4169 4924//4924
f 4924//4924 4169//4169 4168//4168
f 4924//4924 4168//4168 4925//4925
f 4925//4925 4168//4168 4172//4172
f 4925//4925 4172//4172 4926//4926
f 4926//4926 4172//4172 4171//4171
f 4926//4926 4171//4171 4268//4268
f 4671//4671 4237//4237 4278//4278
f 4671//4671 4278//4278 4672//4672
f 4672//4672 4278//4278 4151//4151
f 4672//4672 4151//4151 4674//4674
f 4674//4674 4151//4151 4150//4150
f 4674//4674 4150//4150 4675//4675
f 4675//4675 4150//4150 4236//4236
f 4675//4675 4236//4236 4821//4821
f 4821//4821 4236//4236 4235//4235
f 4821//4821 4235//4235 4753//4753
f 4753//4753 4235//4235 4234//4234
f 4753//4753 4234//4234 5299//5299
f 5299//5299 4234//4234 4154//4154
f 5299//5299 4154//4154 4153//4153
f 4237//4237 4671//4671 4238//4238
f 4238//4238 4671//4671 4669//4669
f 4238//4238 4669//4669 4239//4239
f 4239//4239 4669//4669 4668//4668
f 4239//4239 4668//4668 4240//4240
f 4240//4240 4668//4668 4693//4693
f 4240//4240 4693//4693 4147//4147
f 4147//4147 4693//4693 4692//4692
f 4147//4147 4692//4692 4148//4148
f 4148//4148 4692//4692 4755//4755
f 4148//4148 4755//4755 5298//5298
f 4220//4220 4219//4219 5291//5291
f 5291//5291 4219//4219 4214//4214
f 5291//5291 4214//4214 4556//4556
f 4556//4556 4214//4214 4213//4213
f 4556//4556 4213//4213 4666//4666
f 4666//4666 4213//4213 4217//4217
f 4666//4666 4217//4217 4667//4667
f 4667//4667 4217//4217 4216//4216
f 4667//4667 4216//4216 4665//4665
f 4665//4665 4216//4216 4249//4249
f 4665//4665 4249//4249 4664//4664
f 4664//4664 4249//4249 4247//4247
f 4664//4664 4247//4247 4627//4627
f 4627//4627 4247//4247 4245//4245
f 4627//4627 4245//4245 4553//4553
f 4553//4553 4245//4245 4244//4244
f 4553//4553 4244//4244 4552//4552
f 4552//4552 4244//4244 4243//4243
f 4552//4552 4243//4243 4551//4551
f 4551//4551 4243//4243 4242//4242
f 4551//4551 4242//4242 4241//4241
f 5072//5072 5074//5074 5114//5114
f 5239//5239 5307//5307 5236//5236
f 5236//5236 5307//5307 5067//5067
f 5236//5236 5067//5067 5116//5116
f 5116//5116 5067//5067 5068//5068
f 5116//5116 5068//5068 5115//5115
f 5115//5115 5068//5068 5069//5069
f 5115//5115 5069//5069 5114//5114
f 5114//5114 5069//5069 5071//5071
f 5114//5114 5071//5071 5072//5072
f 5097//5097 5100//5100 5114//5114
f 5114//5114 5100//5100 5099//5099
f 5114//5114 5099//5099 5113//5113
f 5113//5113 5099//5099 5112//5112
f 5087//5087 5086//5086 5114//5114
f 5114//5114 5086//5086 5094//5094
f 5114//5114 5094//5094 5093//5093
f 5093//5093 5091//5091 5114//5114
f 5114//5114 5091//5091 5090//5090
f 5114//5114 5090//5090 5097//5097
f 5074//5074 5077//5077 5114//5114
f 5114//5114 5077//5077 5076//5076
f 5114//5114 5076//5076 5083//5083
f 5104//5104 5103//5103 5109//5109
f 5109//5109 5103//5103 5102//5102
f 5109//5109 5102//5102 5062//5062
f 5062//5062 5061//5061 5109//5109
f 5109//5109 5061//5061 5105//5105
f 5109//5109 5105//5105 5107//5107
f 5104//5104 5109//5109 5099//5099
f 5099//5099 5109//5109 5110//5110
f 5099//5099 5110//5110 5112//5112
f 5083//5083 5082//5082 5114//5114
f 5114//5114 5082//5082 5081//5081
f 5114//5114 5081//5081 5080//5080
f 5080//5080 5089//5089 5114//5114
f 5114//5114 5089//5089 5088//5088
f 5114//5114 5088//5088 5087//5087
f 5305//5305 5245//5245 4927//4927
f 4927//4927 5245//5245 5240//5240
f 4896//4896 4900//4900 5240//5240
f 5240//5240 4900//4900 4899//4899
f 5240//5240 4899//4899 4903//4903
f 4903//4903 4902//4902 5240//5240
f 5240//5240 4902//4902 4906//4906
f 5240//5240 4906//4906 4905//4905
f 4871//4871 4891//4891 4873//4873
f 4873//4873 4891//4891 4874//4874
f 4874//4874 4891//4891 5240//5240
f 5240//5240 4891//4891 4890//4890
f 5240//5240 4890//4890 4894//4894
f 4894//4894 4893//4893 5240//5240
f 5240//5240 4893//4893 4897//4897
f 5240//5240 4897//4897 4896//4896
f 4914//4914 4918//4918 5240//5240
f 4918//4918 4917//4917 5240//5240
f 5240//5240 4917//4917 4923//4923
f 5240//5240 4923//4923 4922//4922
f 4871//4871 4870//4870 4891//4891
f 4891//4891 4870//4870 4867//4867
f 4891//4891 4867//4867 4866//4866
f 4881//4881 4885//4885 4882//4882
f 4882//4882 4885//4885 4876//4876
f 4876//4876 4885//4885 4878//4878
f 4878//4878 4885//4885 4884//4884
f 4878//4878 4884//4884 4888//4888
f 4922//4922 4920//4920 5240//5240
f 5240//5240 4920//4920 4919//4919
f 5240//5240 4919//4919 4927//4927
f 4866//4866 4879//4879 4891//4891
f 4891//4891 4879//4879 4878//4878
f 4891//4891 4878//4878 4887//4887
f 4887//4887 4878//4878 4888//4888
f 4905//4905 4909//4909 5240//5240
f 5240//5240 4909//4909 4908//4908
f 5240//5240 4908//4908 4912//4912
f 4912//4912 4911//4911 5240//5240
f 5240//5240 4911//4911 4915//4915
f 5240//5240 4915//4915 4914//4914
f 5245//5245 5305//5305 5243//5243
f 5243//5243 5305//5305 5304//5304
f 5243//5243 5304//5304 5241//5241
f 5241//5241 5304//5304 5306//5306
f 5241//5241 5306//5306 5239//5239
f 5239//5239 5306//5306 5307//5307
f 5302//5302 5254//5254 5299//5299
f 5299//5299 5254//5254 5252//5252
f 5299//5299 5252//5252 4754//4754
f 5252//5252 4718//4718 4719//4719
f 4728//4728 4730//4730 5252//5252
f 5252//5252 4730//4730 4731//4731
f 4731//4731 4733//4733 5252//5252
f 5252//5252 4733//4733 4734//4734
f 5252//5252 4734//4734 4736//4736
f 5252//5252 4699//4699 4718//4718
f 4718//4718 4699//4699 4698//4698
f 4718//4718 4698//4698 4696//4696
f 4719//4719 4721//4721 5252//5252
f 5252//5252 4721//4721 4722//4722
f 5252//5252 4722//4722 4724//4724
f 4724//4724 4725//4725 5252//5252
f 5252//5252 4725//4725 4727//4727
f 5252//5252 4727//4727 4728//4728
f 4696//4696 4704//4704 4718//4718
f 4718//4718 4704//4704 4703//4703
f 4718//4718 4703//4703 4701//4701
f 4710//4710 4712//4712 4709//4709
f 4709//4709 4712//4712 4707//4707
f 4707//4707 4712//4712 4705//4705
f 4705//4705 4712//4712 4713//4713
f 4705//4705 4713//4713 4715//4715
f 4736//4736 4737//4737 5252//5252
f 5252//5252 4737//4737 4739//4739
f 5252//5252 4739//4739 4740//4740
f 4740//4740 4742//4742 5252//5252
f 5252//5252 4742//4742 4743//4743
f 5252//5252 4743//4743 4745//4745
f 4745//4745 4746//4746 5252//5252
f 5252//5252 4746//4746 4748//4748
f 5252//5252 4748//4748 4749//4749
f 4749//4749 4751//4751 5252//5252
f 5252//5252 4751//4751 4752//4752
f 5252//5252 4752//4752 4754//4754
f 4701//4701 4700//4700 4718//4718
f 4718//4718 4700//4700 4705//4705
f 4718//4718 4705//4705 4716//4716
f 4716//4716 4705//4705 4715//4715
f 4928//4928 4933//4933 4982//4982
f 4982//4982 4933//4933 4935//4935
f 4982//4982 4935//4935 4983//4983
f 4983//4983 4935//4935 4984//4984
f 4984//4984 4935//4935 4936//4936
f 4984//4984 4936//4936 4938//4938
f 5257//5257 5301//5301 5248//5248
f 5248//5248 5301//5301 5300//5300
f 5248//5248 5300//5300 4982//4982
f 4982//4982 5300//5300 4929//4929
f 4982//4982 4929//4929 4928//4928
f 4961//4961 4964//4964 4984//4984
f 4984//4984 4964//4964 4963//4963
f 4984//4984 4963//4963 4985//4985
f 4985//4985 4963//4963 4986//4986
f 4951//4951 4950//4950 4984//4984
f 4984//4984 4950//4950 4958//4958
f 4984//4984 4958//4958 4957//4957
f 4957//4957 4955//4955 4984//4984
f 4984//4984 4955//4955 4954//4954
f 4984//4984 4954//4954 4961//4961
f 4938//4938 4941//4941 4984//4984
f 4984//4984 4941//4941 4940//4940
f 4984//4984 4940//4940 4947//4947
f 4970//4970 4969//4969 4978//4978
f 4978//4978 4969//4969 4968//4968
f 4978//4978 4968//4968 4967//4967
f 4967//4967 4975//4975 4978//4978
f 4978//4978 4975//4975 4974//4974
f 4978//4978 4974//4974 4972//4972
f 4970//4970 4978//4978 4963//4963
f 4963//4963 4978//4978 4977//4977
f 4963//4963 4977//4977 4986//4986
f 4947//4947 4946//4946 4984//4984
f 4984//4984 4946//4946 4945//4945
f 4984//4984 4945//4945 4944//4944
f 4944//4944 4953//4953 4984//4984
f 4984//4984 4953//4953 4952//4952
f 4984//4984 4952//4952 4951//4951
f 5254//5254 5302//5302 5256//5256
f 5256//5256 5302//5302 5303//5303
f 5256//5256 5303//5303 5257//5257
f 5257//5257 5303//5303 5301//5301
f 4550//4550 5295//5295 5264//5264
f 5264//5264 5295//5295 5263//5263
f 5263//5263 5295//5295 5296//5296
f 5263//5263 5296//5296 5261//5261
f 4516//4516 4520//4520 5264//5264
f 4522//4522 4526//4526 5264//5264
f 5264//5264 4526//4526 4525//4525
f 4525//4525 4529//4529 5264//5264
f 5264//5264 4529//4529 4528//4528
f 5264//5264 4528//4528 4532//4532
f 4520//4520 4519//4519 5264//5264
f 5264//5264 4519//4519 4523//4523
f 5264//5264 4523//4523 4522//4522
f 4492//4492 4497//4497 4493//4493
f 4493//4493 4497//4497 4496//4496
f 4500//4500 4499//4499 4504//4504
f 4504//4504 4499//4499 4497//4497
f 4504//4504 4497//4497 4505//4505
f 4505//4505 4497//4497 4492//4492
f 4500//4500 4504//4504 5264//5264
f 5264//5264 4504//4504 4502//4502
f 5264//5264 4502//4502 4508//4508
f 5264//5264 4510//4510 4514//4514
f 4543//4543 4549//4549 5264//5264
f 5264//5264 4549//4549 4548//4548
f 4508//4508 4507//4507 5264//5264
f 5264//5264 4507//4507 4511//4511
f 5264//5264 4511//4511 4510//4510
f 4514//4514 4513//4513 5264//5264
f 5264//5264 4513//4513 4517//4517
f 5264//5264 4517//4517 4516//4516
f 4532//4532 4531//4531 5264//5264
f 5264//5264 4531//4531 4535//4535
f 5264//5264 4535//4535 4534//4534
f 4548//4548 4546//4546 5264//5264
f 5264//5264 4546//4546 4545//4545
f 5264//5264 4545//4545 4550//4550
f 4534//4534 4538//4538 5264//5264
f 5264//5264 4538//4538 4537//4537
f 5264//5264 4537//4537 4541//4541
f 4541//4541 4540//4540 5264//5264
f 5264//5264 4540//4540 4544//4544
f 5264//5264 4544//4544 4543//4543
f 4760//4760 4762//4762 4802//4802
f 5226//5226 5298//5298 5227//5227
f 5227//5227 5298//5298 4755//4755
f 5227//5227 4755//4755 4804//4804
f 4804//4804 4755//4755 4756//4756
f 4804//4804 4756//4756 4803//4803
f 4803//4803 4756//4756 4757//4757
f 4803//4803 4757//4757 4802//4802
f 4802//4802 4757//4757 4759//4759
f 4802//4802 4759//4759 4760//4760
f 4785//4785 4788//4788 4802//4802
f 4802//4802 4788//4788 4787//4787
f 4802//4802 4787//4787 4801//4801
f 4801//4801 4787//4787 4800//4800
f 4775//4775 4774//4774 4802//4802
f 4802//4802 4774//4774 4782//4782
f 4802//4802 4782//4782 4781//4781
f 4781//4781 4779//4779 4802//4802
f 4802//4802 4779//4779 4778//4778
f 4802//4802 4778//4778 4785//4785
f 4762//4762 4765//4765 4802//4802
f 4802//4802 4765//4765 4764//4764
f 4802//4802 4764//4764 4771//4771
f 4792//4792 4791//4791 4797//4797
f 4797//4797 4791//4791 4790//4790
f 4797//4797 4790//4790 4690//4690
f 4690//4690 4689//4689 4797//4797
f 4797//4797 4689//4689 4793//4793
f 4797//4797 4793//4793 4795//4795
f 4792//4792 4797//4797 4787//4787
f 4787//4787 4797//4797 4798//4798
f 4787//4787 4798//4798 4800//4800
f 4771//4771 4770//4770 4802//4802
f 4802//4802 4770//4770 4769//4769
f 4802//4802 4769//4769 4768//4768
f 4768//4768 4777//4777 4802//4802
f 4802//4802 4777//4777 4776//4776
f 4802//4802 4776//4776 4775//4775
f 5261//5261 5296//5296 5259//5259
f 5259//5259 5296//5296 5297//5297
f 5259//5259 5297//5297 5226//5226
f 5226//5226 5297//5297 5298//5298
f 5293//5293 5273//5273 4376//4376
f 4376//4376 5273//5273 5271//5271
f 4342//4342 4346//4346 5271//5271
f 4348//4348 4352//4352 5271//5271
f 5271//5271 4352//4352 4351//4351
f 5271//5271 4351//4351 4355//4355
f 4355//4355 4354//4354 5271//5271
f 5271//5271 4354//4354 4358//4358
f 5271//5271 4358//4358 4357//4357
f 4346//4346 4345//4345 5271//5271
f 5271//5271 4345//4345 4349//4349
f 5271//5271 4349//4349 4348//4348
f 4366//4366 4370//4370 5271//5271
f 4318//4318 4323//4323 4319//4319
f 4319//4319 4323//4323 4322//4322
f 4326//4326 4325//4325 4330//4330
f 4330//4330 4325//4325 4323//4323
f 4330//4330 4323//4323 4331//4331
f 4331//4331 4323//4323 4318//4318
f 4326//4326 4330//4330 5271//5271
f 5271//5271 4330//4330 4328//4328
f 5271//5271 4328//4328 4334//4334
f 5271//5271 4336//4336 4340//4340
f 4370//4370 4369//4369 5271//5271
f 5271//5271 4369//4369 4375//4375
f 5271//5271 4375//4375 4374//4374
f 4334//4334 4333//4333 5271//5271
f 5271//5271 4333//4333 4337//4337
f 5271//5271 4337//4337 4336//4336
f 4340//4340 4339//4339 5271//5271
f 5271//5271 4339//4339 4343//4343
f 5271//5271 4343//4343 4342//4342
f 4374//4374 4372//4372 5271//5271
f 5271//5271 4372//4372 4371//4371
f 5271//5271 4371//4371 4376//4376
f 4357//4357 4361//4361 5271//5271
f 5271//5271 4361//4361 4360//4360
f 5271//5271 4360//4360 4364//4364
f 4364//4364 4363//4363 5271//5271
f 5271//5271 4363//4363 4367//4367
f 5271//5271 4367//4367 4366//4366
f 5276//5276 5292//5292 5267//5267
f 5267//5267 5292//5292 5291//5291
f 5267//5267 5291//5291 5269//5269
f 5269//5269 5291//5291 4605//4605
f 4561//4561 4563//4563 4602//4602
f 5291//5291 4555//4555 4605//4605
f 4605//4605 4555//4555 4554//4554
f 4605//4605 4554//4554 4604//4604
f 4604//4604 4554//4554 4558//4558
f 4604//4604 4558//4558 4602//4602
f 4602//4602 4558//4558 4560//4560
f 4602//4602 4560//4560 4561//4561
f 4586//4586 4589//4589 4602//4602
f 4602//4602 4589//4589 4588//4588
f 4602//4602 4588//4588 4606//4606
f 4606//4606 4588//4588 4601//4601
f 4576//4576 4575//4575 4602//4602
f 4602//4602 4575//4575 4583//4583
f 4602//4602 4583//4583 4582//4582
f 4582//4582 4580//4580 4602//4602
f 4602//4602 4580//4580 4579//4579
f 4602//4602 4579//4579 4586//4586
f 4563//4563 4566//4566 4602//4602
f 4602//4602 4566//4566 4565//4565
f 4602//4602 4565//4565 4572//4572
f 4593//4593 4592//4592 4598//4598
f 4598//4598 4592//4592 4591//4591
f 4598//4598 4591//4591 4490//4490
f 4490//4490 4489//4489 4598//4598
f 4598//4598 4489//4489 4594//4594
f 4598//4598 4594//4594 4596//4596
f 4593//4593 4598//4598 4588//4588
f 4588//4588 4598//4598 4599//4599
f 4588//4588 4599//4599 4601//4601
f 4572//4572 4571//4571 4602//4602
f 4602//4602 4571//4571 4570//4570
f 4602//4602 4570//4570 4569//4569
f 4569//4569 4578//4578 4602//4602
f 4602//4602 4578//4578 4577//4577
f 4602//4602 4577//4577 4576//4576
f 5273//5273 5293//5293 5275//5275
f 5275//5275 5293//5293 5294//5294
f 5275//5275 5294//5294 5276//5276
f 5276//5276 5294//5294 5292//5292
f 5278//5278 5311//5311 5277//5277
f 5277//5277 5311//5311 5312//5312
f 5277//5277 5312//5312 4431//4431
f 5312//5312 4382//4382 4431//4431
f 4431//4431 4382//4382 4383//4383
f 4431//4431 4383//4383 4430//4430
f 4430//4430 4383//4383 4384//4384
f 4430//4430 4384//4384 4429//4429
f 4429//4429 4384//4384 4386//4386
f 4386//4386 4387//4387 4429//4429
f 4429//4429 4387//4387 4389//4389
f 4429//4429 4389//4389 4392//4392
f 4412//4412 4415//4415 4429//4429
f 4429//4429 4415//4415 4414//4414
f 4429//4429 4414//4414 4428//4428
f 4428//4428 4414//4414 4427//4427
f 4404//4404 4403//4403 4429//4429
f 4429//4429 4403//4403 4402//4402
f 4402//4402 4401//4401 4429//4429
f 4429//4429 4401//4401 4409//4409
f 4429//4429 4409//4409 4408//4408
f 4408//4408 4406//4406 4429//4429
f 4429//4429 4406//4406 4405//4405
f 4429//4429 4405//4405 4412//4412
f 4419//4419 4418//4418 4424//4424
f 4424//4424 4418//4418 4417//4417
f 4424//4424 4417//4417 4316//4316
f 4316//4316 4315//4315 4424//4424
f 4424//4424 4315//4315 4420//4420
f 4424//4424 4420//4420 4422//4422
f 4419//4419 4424//4424 4414//4414
f 4414//4414 4424//4424 4425//4425
f 4414//4414 4425//4425 4427//4427
f 4392//4392 4391//4391 4429//4429
f 4429//4429 4391//4391 4398//4398
f 4429//4429 4398//4398 4397//4397
f 4397//4397 4396//4396 4429//4429
f 4429//4429 4396//4396 4395//4395
f 4429//4429 4395//4395 4404//4404
f 5309//5309 5233//5233 5232//5232
f 5059//5059 5169//5169 5171//5171
f 5171//5171 5174//5174 5059//5059
f 5059//5059 5174//5174 5175//5175
f 5059//5059 5175//5175 5232//5232
f 5232//5232 5175//5175 5308//5308
f 5232//5232 5308//5308 5309//5309
f 5139//5139 5059//5059 5138//5138
f 5138//5138 5059//5059 5058//5058
f 5138//5138 5058//5058 5117//5117
f 5148//5148 5150//5150 5059//5059
f 5059//5059 5150//5150 5151//5151
f 5151//5151 5153//5153 5059//5059
f 5059//5059 5153//5153 5154//5154
f 5059//5059 5154//5154 5156//5156
f 5139//5139 5141//5141 5059//5059
f 5059//5059 5141//5141 5142//5142
f 5059//5059 5142//5142 5144//5144
f 5144//5144 5145//5145 5059//5059
f 5059//5059 5145//5145 5147//5147
f 5059//5059 5147//5147 5148//5148
f 5156//5156 5157//5157 5059//5059
f 5059//5059 5157//5157 5159//5159
f 5059//5059 5159//5159 5160//5160
f 5117//5117 5124//5124 5138//5138
f 5138//5138 5124//5124 5123//5123
f 5138//5138 5123//5123 5121//5121
f 5130//5130 5132//5132 5129//5129
f 5129//5129 5132//5132 5127//5127
f 5127//5127 5132//5132 5125//5125
f 5125//5125 5132//5132 5133//5133
f 5125//5125 5133//5133 5135//5135
f 5160//5160 5162//5162 5059//5059
f 5059//5059 5162//5162 5163//5163
f 5059//5059 5163//5163 5165//5165
f 5165//5165 5166//5166 5059//5059
f 5059//5059 5166//5166 5168//5168
f 5059//5059 5168//5168 5169//5169
f 5121//5121 5120//5120 5138//5138
f 5138//5138 5120//5120 5125//5125
f 5138//5138 5125//5125 5136//5136
f 5136//5136 5125//5125 5135//5135
f 5233//5233 5309//5309 5231//5231
f 5231//5231 5309//5309 5310//5310
f 5231//5231 5310//5310 5278//5278
f 5278//5278 5310//5310 5311//5311
f 5313//5313 5314//5314 5315//5315
f 5316//5316 5317//5317 5318//5318
f 5319//5319 5320//5320 5321//5321
f 5322//5322 5323//5323 5324//5324
f 5325//5325 5326//5326 5327//5327
f 5328//5328 5329//5329 5330//5330
f 5331//5331 5332//5332 5333//5333
f 5334//5334 5335//5335 5336//5336
f 5337//5337 5338//5338 5339//5339
f 5340//5340 5341//5341 5342//5342
f 5343//5343 5344//5344 5345//5345
f 5346//5346 5347//5347 5348//5348
f 5349//5349 5350//5350 5351//5351
f 5352//5352 5353//5353 5354//5354
f 5355//5355 5356//5356 5357//5357
f 5358//5358 5359//5359 5360//5360
f 5361//5361 5362//5362 5363//5363
f 5364//5364 5365//5365 5366//5366
f 5367//5367 5368//5368 5369//5369
f 5370//5370 5371//5371 5372//5372
f 5373//5373 5374//5374 5375//5375
f 5376//5376 5377//5377 5378//5378
f 5379//5379 5380//5380 5381//5381
f 5382//5382 5383//5383 5384//5384
f 5385//5385 5386//5386 5387//5387
f 5388//5388 5389//5389 5390//5390
f 5391//5391 5392//5392 5393//5393
f 5394//5394 5395//5395 5396//5396
f 5397//5397 5398//5398 5399//5399
f 5400//5400 5401//5401 5402//5402
f 5403//5403 5404//5404 5405//5405
f 5406//5406 5407//5407 5408//5408
f 5409//5409 5410//5410 5411//5411
f 5412//5412 5413//5413 5414//5414
f 5415//5415 5416//5416 5417//5417
f 5417//5417 5416//5416 5418//5418
f 5419//5419 5418//5418 5416//5416
f 5419//5419 5416//5416 5420//5420
f 5420//5420 5416//5416 5415//5415
f 5420//5420 5415//5415 5421//5421
f 5422//5422 5418//5418 5419//5419
f 5422//5422 5419//5419 5423//5423
f 5423//5423 5419//5419 5420//5420
f 5423//5423 5420//5420 5424//5424
f 5424//5424 5420//5420 5421//5421
f 5424//5424 5421//5421 5425//5425
f 5426//5426 5418//5418 5422//5422
f 5426//5426 5422//5422 5427//5427
f 5427//5427 5422//5422 5423//5423
f 5427//5427 5423//5423 5428//5428
f 5428//5428 5423//5423 5424//5424
f 5428//5428 5424//5424 5429//5429
f 5429//5429 5424//5424 5425//5425
f 5429//5429 5425//5425 5430//5430
f 5431//5431 5418//5418 5426//5426
f 5431//5431 5426//5426 5432//5432
f 5432//5432 5426//5426 5427//5427
f 5432//5432 5427//5427 5433//5433
f 5433//5433 5427//5427 5428//5428
f 5433//5433 5428//5428 5434//5434
f 5434//5434 5428//5428 5429//5429
f 5434//5434 5429//5429 5435//5435
f 5435//5435 5429//5429 5430//5430
f 5435//5435 5430//5430 5436//5436
f 5437//5437 5418//5418 5431//5431
f 5437//5437 5431//5431 5438//5438
f 5438//5438 5431//5431 5432//5432
f 5438//5438 5432//5432 5439//5439
f 5439//5439 5432//5432 5433//5433
f 5439//5439 5433//5433 5440//5440
f 5440//5440 5433//5433 5434//5434
f 5440//5440 5434//5434 5441//5441
f 5441//5441 5434//5434 5435//5435
f 5441//5441 5435//5435 5442//5442
f 5442//5442 5435//5435 5436//5436
f 5442//5442 5436//5436 5443//5443
f 5444//5444 5418//5418 5437//5437
f 5444//5444 5437//5437 5445//5445
f 5445//5445 5437//5437 5438//5438
f 5445//5445 5438//5438 5446//5446
f 5446//5446 5438//5438 5439//5439
f 5446//5446 5439//5439 5447//5447
f 5447//5447 5439//5439 5440//5440
f 5447//5447 5440//5440 5448//5448
f 5448//5448 5440//5440 5441//5441
f 5448//5448 5441//5441 5449//5449
f 5449//5449 5441//5441 5442//5442
f 5449//5449 5442//5442 5450//5450
f 5450//5450 5442//5442 5443//5443
f 5450//5450 5443//5443 5451//5451
f 5452//5452 5418//5418 5444//5444
f 5452//5452 5444//5444 5453//5453
f 5453//5453 5444//5444 5445//5445
f 5453//5453 5445//5445 5454//5454
f 5454//5454 5445//5445 5446//5446
f 5454//5454 5446//5446 5455//5455
f 5455//5455 5446//5446 5447//5447
f 5455//5455 5447//5447 5456//5456
f 5456//5456 5447//5447 5448//5448
f 5456//5456 5448//5448 5457//5457
f 5457//5457 5448//5448 5449//5449
f 5457//5457 5449//5449 5458//5458
f 5458//5458 5449//5449 5450//5450
f 5458//5458 5450//5450 5459//5459
f 5459//5459 5450//5450 5451//5451
f 5459//5459 5451//5451 5460//5460
f 5461//5461 5418//5418 5452//5452
f 5461//5461 5452//5452 5462//5462
f 5462//5462 5452//5452 5453//5453
f 5462//5462 5453//5453 5463//5463
f 5463//5463 5453//5453 5454//5454
f 5463//5463 5454//5454 5464//5464
f 5464//5464 5454//5454 5455//5455
f 5464//5464 5455//5455 5465//5465
f 5465//5465 5455//5455 5456//5456
f 5465//5465 5456//5456 5466//5466
f 5466//5466 5456//5456 5457//5457
f 5466//5466 5457//5457 5467//5467
f 5467//5467 5457//5457 5458//5458
f 5467//5467 5458//5458 5468//5468
f 5468//5468 5458//5458 5459//5459
f 5468//5468 5459//5459 5469//5469
f 5469//5469 5459//5459 5460//5460
f 5469//5469 5460//5460 5470//5470
f 5471//5471 5418//5418 5461//5461
f 5471//5471 5461//5461 5472//5472
f 5472//5472 5461//5461 5462//5462
f 5472//5472 5462//5462 5473//5473
f 5473//5473 5462//5462 5463//5463
f 5473//5473 5463//5463 5474//5474
f 5474//5474 5463//5463 5464//5464
f 5474//5474 5464//5464 5475//5475
f 5475//5475 5464//5464 5465//5465
f 5475//5475 5465//5465 5476//5476
f 5476//5476 5465//5465 5466//5466
f 5476//5476 5466//5466 5477//5477
f 5477//5477 5466//5466 5467//5467
f 5477//5477 5467//5467 5478//5478
f 5478//5478 5467//5467 5468//5468
f 5478//5478 5468//5468 5479//5479
f 5479//5479 5468//5468 5469//5469
f 5479//5479 5469//5469 5480//5480
f 5480//5480 5469//5469 5470//5470
f 5480//5480 5470//5470 5481//5481
f 5482//5482 5418//5418 5471//5471
f 5482//5482 5471//5471 5483//5483
f 5483//5483 5471//5471 5472//5472
f 5483//5483 5472//5472 5484//5484
f 5484//5484 5472//5472 5473//5473
f 5484//5484 5473//5473 5485//5485
f 5485//5485 5473//5473 5474//5474
f 5485//5485 5474//5474 5486//5486
f 5486//5486 5474//5474 5475//5475
f 5486//5486 5475//5475 5487//5487
f 5487//5487 5475//5475 5476//5476
f 5487//5487 5476//5476 5488//5488
f 5488//5488 5476//5476 5477//5477
f 5488//5488 5477//5477 5489//5489
f 5489//5489 5477//5477 5478//5478
f 5489//5489 5478//5478 5490//5490
f 5490//5490 5478//5478 5479//5479
f 5490//5490 5479//5479 5491//5491
f 5491//5491 5479//5479 5480//5480
f 5491//5491 5480//5480 5492//5492
f 5492//5492 5480//5480 5481//5481
f 5492//5492 5481//5481 5493//5493
f 5494//5494 5418//5418 5482//5482
f 5494//5494 5482//5482 5495//5495
f 5495//5495 5482//5482 5483//5483
f 5495//5495 5483//5483 5496//5496
f 5496//5496 5483//5483 5484//5484
f 5496//5496 5484//5484 5497//5497
f 5497//5497 5484//5484 5485//5485
f 5497//5497 5485//5485 5498//5498
f 5498//5498 5485//5485 5486//5486
f 5498//5498 5486//5486 5499//5499
f 5499//5499 5486//5486 5487//5487
f 5499//5499 5487//5487 5500//5500
f 5500//5500 5487//5487 5488//5488
f 5500//5500 5488//5488 5501//5501
f 5501//5501 5488//5488 5489//5489
f 5501//5501 5489//5489 5502//5502
f 5502//5502 5489//5489 5490//5490
f 5502//5502 5490//5490 5503//5503
f 5503//5503 5490//5490 5491//5491
f 5503//5503 5491//5491 5504//5504
f 5504//5504 5491//5491 5492//5492
f 5504//5504 5492//5492 5505//5505
f 5505//5505 5492//5492 5493//5493
f 5505//5505 5493//5493 5506//5506
f 5507//5507 5418//5418 5494//5494
f 5507//5507 5494//5494 5508//5508
f 5508//5508 5494//5494 5495//5495
f 5508//5508 5495//5495 5509//5509
f 5509//5509 5495//5495 5496//5496
f 5509//5509 5496//5496 5510//5510
f 5510//5510 5496//5496 5497//5497
f 5510//5510 5497//5497 5511//5511
f 5511//5511 5497//5497 5498//5498
f 5511//5511 5498//5498 5512//5512
f 5512//5512 5498//5498 5499//5499
f 5512//5512 5499//5499 5513//5513
f 5513//5513 5499//5499 5500//5500
f 5513//5513 5500//5500 5514//5514
f 5514//5514 5500//5500 5501//5501
f 5514//5514 5501//5501 5515//5515
f 5515//5515 5501//5501 5502//5502
f 5515//5515 5502//5502 5516//5516
f 5516//5516 5502//5502 5503//5503
f 5516//5516 5503//5503 5517//5517
f 5517//5517 5503//5503 5504//5504
f 5517//5517 5504//5504 5518//5518
f 5518//5518 5504//5504 5505//5505
f 5518//5518 5505//5505 5519//5519
f 5519//5519 5505//5505 5506//5506
f 5519//5519 5506//5506 5520//5520
f 5521//5521 5418//5418 5507//5507
f 5521//5521 5507//5507 5522//5522
f 5522//5522 5507//5507 5508//5508
f 5522//5522 5508//5508 5523//5523
f 5523//5523 5508//5508 5509//5509
f 5523//5523 5509//5509 5524//5524
f 5524//5524 5509//5509 5510//5510
f 5524//5524 5510//5510 5525//5525
f 5525//5525 5510//5510 5511//5511
f 5525//5525 5511//5511 5526//5526
f 5526//5526 5511//5511 5512//5512
f 5526//5526 5512//5512 5527//5527
f 5527//5527 5512//5512 5513//5513
f 5527//5527 5513//5513 5528//5528
f 5528//5528 5513//5513 5514//5514
f 5528//5528 5514//5514 5529//5529
f 5529//5529 5514//5514 5515//5515
f 5529//5529 5515//5515 5530//5530
f 5530//5530 5515//5515 5516//5516
f 5530//5530 5516//5516 5531//5531
f 5531//5531 5516//5516 5517//5517
f 5531//5531 5517//5517 5532//5532
f 5532//5532 5517//5517 5518//5518
f 5532//5532 5518//5518 5533//5533
f 5533//5533 5518//5518 5519//5519
f 5533//5533 5519//5519 5534//5534
f 5534//5534 5519//5519 5520//5520
f 5534//5534 5520//5520 5535//5535
f 5536//5536 5537//5537 5538//5538
f 5418//5418 5539//5539 5540//5540
f 5540//5540 5539//5539 5541//5541
f 5540//5540 5541//5541 5542//5542
f 5542//5542 5541//5541 5543//5543
f 5542//5542 5543//5543 5544//5544
f 5544//5544 5543//5543 5545//5545
f 5544//5544 5545//5545 5546//5546
f 5546//5546 5545//5545 5547//5547
f 5546//5546 5547//5547 5548//5548
f 5548//5548 5547//5547 5549//5549
f 5548//5548 5549//5549 5550//5550
f 5550//5550 5549//5549 5551//5551
f 5550//5550 5551//5551 5552//5552
f 5552//5552 5551//5551 5553//5553
f 5552//5552 5553//5553 5554//5554
f 5554//5554 5553//5553 5555//5555
f 5554//5554 5555//5555 5556//5556
f 5556//5556 5555//5555 5557//5557
f 5556//5556 5557//5557 5558//5558
f 5558//5558 5557//5557 5559//5559
f 5558//5558 5559//5559 5560//5560
f 5560//5560 5559//5559 5561//5561
f 5560//5560 5561//5561 5562//5562
f 5562//5562 5561//5561 5563//5563
f 5562//5562 5563//5563 5564//5564
f 5564//5564 5563//5563 5565//5565
f 5564//5564 5565//5565 5566//5566
f 5566//5566 5565//5565 5411//5411
f 5566//5566 5411//5411 5414//5414
f 5414//5414 5411//5411 5410//5410
f 5414//5414 5410//5410 5412//5412
f 5539//5539 5567//5567 5541//5541
f 5541//5541 5567//5567 5568//5568
f 5541//5541 5568//5568 5543//5543
f 5543//5543 5568//5568 5569//5569
f 5543//5543 5569//5569 5545//5545
f 5545//5545 5569//5569 5570//5570
f 5545//5545 5570//5570 5547//5547
f 5547//5547 5570//5570 5571//5571
f 5547//5547 5571//5571 5549//5549
f 5549//5549 5571//5571 5572//5572
f 5549//5549 5572//5572 5551//5551
f 5551//5551 5572//5572 5573//5573
f 5551//5551 5573//5573 5553//5553
f 5553//5553 5573//5573 5574//5574
f 5553//5553 5574//5574 5555//5555
f 5555//5555 5574//5574 5575//5575
f 5555//5555 5575//5575 5557//5557
f 5557//5557 5575//5575 5576//5576
f 5557//5557 5576//5576 5559//5559
f 5559//5559 5576//5576 5577//5577
f 5559//5559 5577//5577 5561//5561
f 5561//5561 5577//5577 5578//5578
f 5561//5561 5578//5578 5563//5563
f 5563//5563 5578//5578 5579//5579
f 5563//5563 5579//5579 5565//5565
f 5565//5565 5579//5579 5408//5408
f 5565//5565 5408//5408 5411//5411
f 5411//5411 5408//5408 5407//5407
f 5411//5411 5407//5407 5409//5409
f 5567//5567 5580//5580 5568//5568
f 5568//5568 5580//5580 5581//5581
f 5568//5568 5581//5581 5569//5569
f 5569//5569 5581//5581 5582//5582
f 5569//5569 5582//5582 5570//5570
f 5570//5570 5582//5582 5583//5583
f 5570//5570 5583//5583 5571//5571
f 5571//5571 5583//5583 5584//5584
f 5571//5571 5584//5584 5572//5572
f 5572//5572 5584//5584 5585//5585
f 5572//5572 5585//5585 5573//5573
f 5573//5573 5585//5585 5586//5586
f 5573//5573 5586//5586 5574//5574
f 5574//5574 5586//5586 5587//5587
f 5574//5574 5587//5587 5575//5575
f 5575//5575 5587//5587 5588//5588
f 5575//5575 5588//5588 5576//5576
f 5576//5576 5588//5588 5589//5589
f 5576//5576 5589//5589 5577//5577
f 5577//5577 5589//5589 5590//5590
f 5577//5577 5590//5590 5578//5578
f 5578//5578 5590//5590 5591//5591
f 5578//5578 5591//5591 5579//5579
f 5579//5579 5591//5591 5405//5405
f 5579//5579 5405//5405 5408//5408
f 5408//5408 5405//5405 5404//5404
f 5408//5408 5404//5404 5406//5406
f 5580//5580 5592//5592 5581//5581
f 5581//5581 5592//5592 5593//5593
f 5581//5581 5593//5593 5582//5582
f 5582//5582 5593//5593 5594//5594
f 5582//5582 5594//5594 5583//5583
f 5583//5583 5594//5594 5595//5595
f 5583//5583 5595//5595 5584//5584
f 5584//5584 5595//5595 5596//5596
f 5584//5584 5596//5596 5585//5585
f 5585//5585 5596//5596 5597//5597
f 5585//5585 5597//5597 5586//5586
f 5586//5586 5597//5597 5598//5598
f 5586//5586 5598//5598 5587//5587
f 5587//5587 5598//5598 5599//5599
f 5587//5587 5599//5599 5588//5588
f 5588//5588 5599//5599 5600//5600
f 5588//5588 5600//5600 5589//5589
f 5589//5589 5600//5600 5601//5601
f 5589//5589 5601//5601 5590//5590
f 5590//5590 5601//5601 5602//5602
f 5590//5590 5602//5602 5591//5591
f 5591//5591 5602//5602 5402//5402
f 5591//5591 5402//5402 5405//5405
f 5405//5405 5402//5402 5401//5401
f 5405//5405 5401//5401 5403//5403
f 5592//5592 5603//5603 5593//5593
f 5593//5593 5603//5603 5604//5604
f 5593//5593 5604//5604 5594//5594
f 5594//5594 5604//5604 5605//5605
f 5594//5594 5605//5605 5595//5595
f 5595//5595 5605//5605 5606//5606
f 5595//5595 5606//5606 5596//5596
f 5596//5596 5606//5606 5607//5607
f 5596//5596 5607//5607 5597//5597
f 5597//5597 5607//5607 5608//5608
f 5597//5597 5608//5608 5598//5598
f 5598//5598 5608//5608 5609//5609
f 5598//5598 5609//5609 5599//5599
f 5599//5599 5609//5609 5610//5610
f 5599//5599 5610//5610 5600//5600
f 5600//5600 5610//5610 5611//5611
f 5600//5600 5611//5611 5601//5601
f 5601//5601 5611//5611 5612//5612
f 5601//5601 5612//5612 5602//5602
f 5602//5602 5612//5612 5399//5399
f 5602//5602 5399//5399 5402//5402
f 5402//5402 5399//5399 5398//5398
f 5402//5402 5398//5398 5400//5400
f 5603//5603 5613//5613 5604//5604
f 5604//5604 5613//5613 5614//5614
f 5604//5604 5614//5614 5605//5605
f 5605//5605 5614//5614 5615//5615
f 5605//5605 5615//5615 5606//5606
f 5606//5606 5615//5615 5616//5616
f 5606//5606 5616//5616 5607//5607
f 5607//5607 5616//5616 5617//5617
f 5607//5607 5617//5617 5608//5608
f 5608//5608 5617//5617 5618//5618
f 5608//5608 5618//5618 5609//5609
f 5609//5609 5618//5618 5619//5619
f 5609//5609 5619//5619 5610//5610
f 5610//5610 5619//5619 5620//5620
f 5610//5610 5620//5620 5611//5611
f 5611//5611 5620//5620 5621//5621
f 5611//5611 5621//5621 5612//5612
f 5612//5612 5621//5621 5396//5396
f 5612//5612 5396//5396 5399//5399
f 5399//5399 5396//5396 5395//5395
f 5399//5399 5395//5395 5397//5397
f 5613//5613 5622//5622 5614//5614
f 5614//5614 5622//5622 5623//5623
f 5614//5614 5623//5623 5615//5615
f 5615//5615 5623//5623 5624//5624
f 5615//5615 5624//5624 5616//5616
f 5616//5616 5624//5624 5625//5625
f 5616//5616 5625//5625 5617//5617
f 5617//5617 5625//5625 5626//5626
f 5617//5617 5626//5626 5618//5618
f 5618//5618 5626//5626 5627//5627
f 5618//5618 5627//5627 5619//5619
f 5619//5619 5627//5627 5628//5628
f 5619//5619 5628//5628 5620//5620
f 5620//5620 5628//5628 5629//5629
f 5620//5620 5629//5629 5621//5621
f 5621//5621 5629//5629 5393//5393
f 5621//5621 5393//5393 5396//5396
f 5396//5396 5393//5393 5392//5392
f 5396//5396 5392//5392 5394//5394
f 5622//5622 5630//5630 5623//5623
f 5623//5623 5630//5630 5631//5631
f 5623//5623 5631//5631 5624//5624
f 5624//5624 5631//5631 5632//5632
f 5624//5624 5632//5632 5625//5625
f 5625//5625 5632//5632 5633//5633
f 5625//5625 5633//5633 5626//5626
f 5626//5626 5633//5633 5634//5634
f 5626//5626 5634//5634 5627//5627
f 5627//5627 5634//5634 5635//5635
f 5627//5627 5635//5635 5628//5628
f 5628//5628 5635//5635 5636//5636
f 5628//5628 5636//5636 5629//5629
f 5629//5629 5636//5636 5390//5390
f 5629//5629 5390//5390 5393//5393
f 5393//5393 5390//5390 5389//5389
f 5393//5393 5389//5389 5391//5391
f 5630//5630 5637//5637 5631//5631
f 5631//5631 5637//5637 5638//5638
f 5631//5631 5638//5638 5632//5632
f 5632//5632 5638//5638 5639//5639
f 5632//5632 5639//5639 5633//5633
f 5633//5633 5639//5639 5640//5640
f 5633//5633 5640//5640 5634//5634
f 5634//5634 5640//5640 5641//5641
f 5634//5634 5641//5641 5635//5635
f 5635//5635 5641//5641 5642//5642
f 5635//5635 5642//5642 5636//5636
f 5636//5636 5642//5642 5387//5387
f 5636//5636 5387//5387 5390//5390
f 5390//5390 5387//5387 5386//5386
f 5390//5390 5386//5386 5388//5388
f 5637//5637 5643//5643 5638//5638
f 5638//5638 5643//5643 5644//5644
f 5638//5638 5644//5644 5639//5639
f 5639//5639 5644//5644 5645//5645
f 5639//5639 5645//5645 5640//5640
f 5640//5640 5645//5645 5646//5646
f 5640//5640 5646//5646 5641//5641
f 5641//5641 5646//5646 5647//5647
f 5641//5641 5647//5647 5642//5642
f 5642//5642 5647//5647 5384//5384
f 5642//5642 5384//5384 5387//5387
f 5387//5387 5384//5384 5383//5383
f 5387//5387 5383//5383 5385//5385
f 5643//5643 5648//5648 5644//5644
f 5644//5644 5648//5648 5649//5649
f 5644//5644 5649//5649 5645//5645
f 5645//5645 5649//5649 5650//5650
f 5645//5645 5650//5650 5646//5646
f 5646//5646 5650//5650 5651//5651
f 5646//5646 5651//5651 5647//5647
f 5647//5647 5651//5651 5381//5381
f 5647//5647 5381//5381 5384//5384
f 5384//5384 5381//5381 5380//5380
f 5384//5384 5380//5380 5382//5382
f 5648//5648 5652//5652 5649//5649
f 5649//5649 5652//5652 5653//5653
f 5649//5649 5653//5653 5650//5650
f 5650//5650 5653//5653 5654//5654
f 5650//5650 5654//5654 5651//5651
f 5651//5651 5654//5654 5378//5378
f 5651//5651 5378//5378 5381//5381
f 5381//5381 5378//5378 5377//5377
f 5381//5381 5377//5377 5379//5379
f 5652//5652 5655//5655 5653//5653
f 5653//5653 5655//5655 5656//5656
f 5653//5653 5656//5656 5654//5654
f 5654//5654 5656//5656 5375//5375
f 5654//5654 5375//5375 5378//5378
f 5378//5378 5375//5375 5374//5374
f 5378//5378 5374//5374 5376//5376
f 5655//5655 5536//5536 5656//5656
f 5656//5656 5536//5536 5538//5538
f 5656//5656 5538//5538 5375//5375
f 5375//5375 5538//5538 5657//5657
f 5375//5375 5657//5657 5373//5373
f 5658//5658 5659//5659 5537//5537
f 5537//5537 5659//5659 5660//5660
f 5537//5537 5660//5660 5538//5538
f 5538//5538 5660//5660 5661//5661
f 5538//5538 5661//5661 5657//5657
f 5418//5418 5662//5662 5417//5417
f 5417//5417 5662//5662 5663//5663
f 5417//5417 5663//5663 5415//5415
f 5415//5415 5663//5663 5664//5664
f 5415//5415 5664//5664 5421//5421
f 5421//5421 5664//5664 5665//5665
f 5421//5421 5665//5665 5425//5425
f 5425//5425 5665//5665 5666//5666
f 5425//5425 5666//5666 5430//5430
f 5430//5430 5666//5666 5667//5667
f 5430//5430 5667//5667 5436//5436
f 5436//5436 5667//5667 5668//5668
f 5436//5436 5668//5668 5443//5443
f 5443//5443 5668//5668 5669//5669
f 5443//5443 5669//5669 5451//5451
f 5451//5451 5669//5669 5670//5670
f 5451//5451 5670//5670 5460//5460
f 5460//5460 5670//5670 5671//5671
f 5460//5460 5671//5671 5470//5470
f 5470//5470 5671//5671 5672//5672
f 5470//5470 5672//5672 5481//5481
f 5481//5481 5672//5672 5673//5673
f 5481//5481 5673//5673 5493//5493
f 5493//5493 5673//5673 5674//5674
f 5493//5493 5674//5674 5506//5506
f 5506//5506 5674//5674 5675//5675
f 5506//5506 5675//5675 5520//5520
f 5520//5520 5675//5675 5372//5372
f 5520//5520 5372//5372 5535//5535
f 5535//5535 5372//5372 5371//5371
f 5535//5535 5371//5371 5676//5676
f 5418//5418 5677//5677 5662//5662
f 5662//5662 5677//5677 5678//5678
f 5662//5662 5678//5678 5663//5663
f 5663//5663 5678//5678 5679//5679
f 5663//5663 5679//5679 5664//5664
f 5664//5664 5679//5679 5680//5680
f 5664//5664 5680//5680 5665//5665
f 5665//5665 5680//5680 5681//5681
f 5665//5665 5681//5681 5666//5666
f 5666//5666 5681//5681 5682//5682
f 5666//5666 5682//5682 5667//5667
f 5667//5667 5682//5682 5683//5683
f 5667//5667 5683//5683 5668//5668
f 5668//5668 5683//5683 5684//5684
f 5668//5668 5684//5684 5669//5669
f 5669//5669 5684//5684 5685//5685
f 5669//5669 5685//5685 5670//5670
f 5670//5670 5685//5685 5686//5686
f 5670//5670 5686//5686 5671//5671
f 5671//5671 5686//5686 5687//5687
f 5671//5671 5687//5687 5672//5672
f 5672//5672 5687//5687 5688//5688
f 5672//5672 5688//5688 5673//5673
f 5673//5673 5688//5688 5689//5689
f 5673//5673 5689//5689 5674//5674
f 5674//5674 5689//5689 5690//5690
f 5674//5674 5690//5690 5675//5675
f 5675//5675 5690//5690 5369//5369
f 5675//5675 5369//5369 5372//5372
f 5372//5372 5369//5369 5368//5368
f 5372//5372 5368//5368 5370//5370
f 5418//5418 5691//5691 5677//5677
f 5677//5677 5691//5691 5692//5692
f 5677//5677 5692//5692 5678//5678
f 5678//5678 5692//5692 5693//5693
f 5678//5678 5693//5693 5679//5679
f 5679//5679 5693//5693 5694//5694
f 5679//5679 5694//5694 5680//5680
f 5680//5680 5694//5694 5695//5695
f 5680//5680 5695//5695 5681//5681
f 5681//5681 5695//5695 5696//5696
f 5681//5681 5696//5696 5682//5682
f 5682//5682 5696//5696 5697//5697
f 5682//5682 5697//5697 5683//5683
f 5683//5683 5697//5697 5698//5698
f 5683//5683 5698//5698 5684//5684
f 5684//5684 5698//5698 5699//5699
f 5684//5684 5699//5699 5685//5685
f 5685//5685 5699//5699 5700//5700
f 5685//5685 5700//5700 5686//5686
f 5686//5686 5700//5700 5701//5701
f 5686//5686 5701//5701 5687//5687
f 5687//5687 5701//5701 5702//5702
f 5687//5687 5702//5702 5688//5688
f 5688//5688 5702//5702 5703//5703
f 5688//5688 5703//5703 5689//5689
f 5689//5689 5703//5703 5704//5704
f 5689//5689 5704//5704 5690//5690
f 5690//5690 5704//5704 5366//5366
f 5690//5690 5366//5366 5369//5369
f 5369//5369 5366//5366 5365//5365
f 5369//5369 5365//5365 5367//5367
f 5418//5418 5705//5705 5691//5691
f 5691//5691 5705//5705 5706//5706
f 5691//5691 5706//5706 5692//5692
f 5692//5692 5706//5706 5707//5707
f 5692//5692 5707//5707 5693//5693
f 5693//5693 5707//5707 5708//5708
f 5693//5693 5708//5708 5694//5694
f 5694//5694 5708//5708 5709//5709
f 5694//5694 5709//5709 5695//5695
f 5695//5695 5709//5709 5710//5710
f 5695//5695 5710//5710 5696//5696
f 5696//5696 5710//5710 5711//5711
f 5696//5696 5711//5711 5697//5697
f 5697//5697 5711//5711 5712//5712
f 5697//5697 5712//5712 5698//5698
f 5698//5698 5712//5712 5713//5713
f 5698//5698 5713//5713 5699//5699
f 5699//5699 5713//5713 5714//5714
f 5699//5699 5714//5714 5700//5700
f 5700//5700 5714//5714 5715//5715
f 5700//5700 5715//5715 5701//5701
f 5701//5701 5715//5715 5716//5716
f 5701//5701 5716//5716 5702//5702
f 5702//5702 5716//5716 5717//5717
f 5702//5702 5717//5717 5703//5703
f 5703//5703 5717//5717 5718//5718
f 5703//5703 5718//5718 5704//5704
f 5704//5704 5718//5718 5363//5363
f 5704//5704 5363//5363 5366//5366
f 5366//5366 5363//5363 5362//5362
f 5366//5366 5362//5362 5364//5364
f 5418//5418 5719//5719 5705//5705
f 5705//5705 5719//5719 5720//5720
f 5705//5705 5720//5720 5706//5706
f 5706//5706 5720//5720 5721//5721
f 5706//5706 5721//5721 5707//5707
f 5707//5707 5721//5721 5722//5722
f 5707//5707 5722//5722 5708//5708
f 5708//5708 5722//5722 5723//5723
f 5708//5708 5723//5723 5709//5709
f 5709//5709 5723//5723 5724//5724
f 5709//5709 5724//5724 5710//5710
f 5710//5710 5724//5724 5725//5725
f 5710//5710 5725//5725 5711//5711
f 5711//5711 5725//5725 5726//5726
f 5711//5711 5726//5726 5712//5712
f 5712//5712 5726//5726 5727//5727
f 5712//5712 5727//5727 5713//5713
f 5713//5713 5727//5727 5728//5728
f 5713//5713 5728//5728 5714//5714
f 5714//5714 5728//5728 5729//5729
f 5714//5714 5729//5729 5715//5715
f 5715//5715 5729//5729 5730//5730
f 5715//5715 5730//5730 5716//5716
f 5716//5716 5730//5730 5731//5731
f 5716//5716 5731//5731 5717//5717
f 5717//5717 5731//5731 5732//5732
f 5717//5717 5732//5732 5718//5718
f 5718//5718 5732//5732 5360//5360
f 5718//5718 5360//5360 5363//5363
f 5363//5363 5360//5360 5359//5359
f 5363//5363 5359//5359 5361//5361
f 5418//5418 5733//5733 5719//5719
f 5719//5719 5733//5733 5734//5734
f 5719//5719 5734//5734 5720//5720
f 5720//5720 5734//5734 5735//5735
f 5720//5720 5735//5735 5721//5721
f 5721//5721 5735//5735 5736//5736
f 5721//5721 5736//5736 5722//5722
f 5722//5722 5736//5736 5737//5737
f 5722//5722 5737//5737 5723//5723
f 5723//5723 5737//5737 5738//5738
f 5723//5723 5738//5738 5724//5724
f 5724//5724 5738//5738 5739//5739
f 5724//5724 5739//5739 5725//5725
f 5725//5725 5739//5739 5740//5740
f 5725//5725 5740//5740 5726//5726
f 5726//5726 5740//5740 5741//5741
f 5726//5726 5741//5741 5727//5727
f 5727//5727 5741//5741 5742//5742
f 5727//5727 5742//5742 5728//5728
f 5728//5728 5742//5742 5743//5743
f 5728//5728 5743//5743 5729//5729
f 5729//5729 5743//5743 5744//5744
f 5729//5729 5744//5744 5730//5730
f 5730//5730 5744//5744 5745//5745
f 5730//5730 5745//5745 5731//5731
f 5731//5731 5745//5745 5746//5746
f 5731//5731 5746//5746 5732//5732
f 5732//5732 5746//5746 5357//5357
f 5732//5732 5357//5357 5360//5360
f 5360//5360 5357//5357 5356//5356
f 5360//5360 5356//5356 5358//5358
f 5418//5418 5747//5747 5733//5733
f 5733//5733 5747//5747 5748//5748
f 5733//5733 5748//5748 5734//5734
f 5734//5734 5748//5748 5749//5749
f 5734//5734 5749//5749 5735//5735
f 5735//5735 5749//5749 5750//5750
f 5735//5735 5750//5750 5736//5736
f 5736//5736 5750//5750 5751//5751
f 5736//5736 5751//5751 5737//5737
f 5737//5737 5751//5751 5752//5752
f 5737//5737 5752//5752 5738//5738
f 5738//5738 5752//5752 5753//5753
f 5738//5738 5753//5753 5739//5739
f 5739//5739 5753//5753 5754//5754
f 5739//5739 5754//5754 5740//5740
f 5740//5740 5754//5754 5755//5755
f 5740//5740 5755//5755 5741//5741
f 5741//5741 5755//5755 5756//5756
f 5741//5741 5756//5756 5742//5742
f 5742//5742 5756//5756 5757//5757
f 5742//5742 5757//5757 5743//5743
f 5743//5743 5757//5757 5758//5758
f 5743//5743 5758//5758 5744//5744
f 5744//5744 5758//5758 5759//5759
f 5744//5744 5759//5759 5745//5745
f 5745//5745 5759//5759 5760//5760
f 5745//5745 5760//5760 5746//5746
f 5746//5746 5760//5760 5354//5354
f 5746//5746 5354//5354 5357//5357
f 5357//5357 5354//5354 5353//5353
f 5357//5357 5353//5353 5355//5355
f 5418//5418 5761//5761 5747//5747
f 5747//5747 5761//5761 5762//5762
f 5747//5747 5762//5762 5748//5748
f 5748//5748 5762//5762 5763//5763
f 5748//5748 5763//5763 5749//5749
f 5749//5749 5763//5763 5764//5764
f 5749//5749 5764//5764 5750//5750
f 5750//5750 5764//5764 5765//5765
f 5750//5750 5765//5765 5751//5751
f 5751//5751 5765//5765 5766//5766
f 5751//5751 5766//5766 5752//5752
f 5752//5752 5766//5766 5767//5767
f 5752//5752 5767//5767 5753//5753
f 5753//5753 5767//5767 5768//5768
f 5753//5753 5768//5768 5754//5754
f 5754//5754 5768//5768 5769//5769
f 5754//5754 5769//5769 5755//5755
f 5755//5755 5769//5769 5770//5770
f 5755//5755 5770//5770 5756//5756
f 5756//5756 5770//5770 5771//5771
f 5756//5756 5771//5771 5757//5757
f 5757//5757 5771//5771 5772//5772
f 5757//5757 5772//5772 5758//5758
f 5758//5758 5772//5772 5773//5773
f 5758//5758 5773//5773 5759//5759
f 5759//5759 5773//5773 5774//5774
f 5759//5759 5774//5774 5760//5760
f 5760//5760 5774//5774 5351//5351
f 5760//5760 5351//5351 5354//5354
f 5354//5354 5351//5351 5350//5350
f 5354//5354 5350//5350 5352//5352
f 5418//5418 5775//5775 5761//5761
f 5761//5761 5775//5775 5776//5776
f 5761//5761 5776//5776 5762//5762
f 5762//5762 5776//5776 5777//5777
f 5762//5762 5777//5777 5763//5763
f 5763//5763 5777//5777 5778//5778
f 5763//5763 5778//5778 5764//5764
f 5764//5764 5778//5778 5779//5779
f 5764//5764 5779//5779 5765//5765
f 5765//5765 5779//5779 5780//5780
f 5765//5765 5780//5780 5766//5766
f 5766//5766 5780//5780 5781//5781
f 5766//5766 5781//5781 5767//5767
f 5767//5767 5781//5781 5782//5782
f 5767//5767 5782//5782 5768//5768
f 5768//5768 5782//5782 5783//5783
f 5768//5768 5783//5783 5769//5769
f 5769//5769 5783//5783 5784//5784
f 5769//5769 5784//5784 5770//5770
f 5770//5770 5784//5784 5785//5785
f 5770//5770 5785//5785 5771//5771
f 5771//5771 5785//5785 5786//5786
f 5771//5771 5786//5786 5772//5772
f 5772//5772 5786//5786 5787//5787
f 5772//5772 5787//5787 5773//5773
f 5773//5773 5787//5787 5788//5788
f 5773//5773 5788//5788 5774//5774
f 5774//5774 5788//5788 5348//5348
f 5774//5774 5348//5348 5351//5351
f 5351//5351 5348//5348 5347//5347
f 5351//5351 5347//5347 5349//5349
f 5418//5418 5789//5789 5775//5775
f 5775//5775 5789//5789 5790//5790
f 5775//5775 5790//5790 5776//5776
f 5776//5776 5790//5790 5791//5791
f 5776//5776 5791//5791 5777//5777
f 5777//5777 5791//5791 5792//5792
f 5777//5777 5792//5792 5778//5778
f 5778//5778 5792//5792 5793//5793
f 5778//5778 5793//5793 5779//5779
f 5779//5779 5793//5793 5794//5794
f 5779//5779 5794//5794 5780//5780
f 5780//5780 5794//5794 5795//5795
f 5780//5780 5795//5795 5781//5781
f 5781//5781 5795//5795 5796//5796
f 5781//5781 5796//5796 5782//5782
f 5782//5782 5796//5796 5797//5797
f 5782//5782 5797//5797 5783//5783
f 5783//5783 5797//5797 5798//5798
f 5783//5783 5798//5798 5784//5784
f 5784//5784 5798//5798 5799//5799
f 5784//5784 5799//5799 5785//5785
f 5785//5785 5799//5799 5800//5800
f 5785//5785 5800//5800 5786//5786
f 5786//5786 5800//5800 5801//5801
f 5786//5786 5801//5801 5787//5787
f 5787//5787 5801//5801 5802//5802
f 5787//5787 5802//5802 5788//5788
f 5788//5788 5802//5802 5345//5345
f 5788//5788 5345//5345 5348//5348
f 5348//5348 5345//5345 5344//5344
f 5348//5348 5344//5344 5346//5346
f 5418//5418 5803//5803 5789//5789
f 5789//5789 5803//5803 5804//5804
f 5789//5789 5804//5804 5790//5790
f 5790//5790 5804//5804 5805//5805
f 5790//5790 5805//5805 5791//5791
f 5791//5791 5805//5805 5806//5806
f 5791//5791 5806//5806 5792//5792
f 5792//5792 5806//5806 5807//5807
f 5792//5792 5807//5807 5793//5793
f 5793//5793 5807//5807 5808//5808
f 5793//5793 5808//5808 5794//5794
f 5794//5794 5808//5808 5809//5809
f 5794//5794 5809//5809 5795//5795
f 5795//5795 5809//5809 5810//5810
f 5795//5795 5810//5810 5796//5796
f 5796//5796 5810//5810 5811//5811
f 5796//5796 5811//5811 5797//5797
f 5797//5797 5811//5811 5812//5812
f 5797//5797 5812//5812 5798//5798
f 5798//5798 5812//5812 5813//5813
f 5798//5798 5813//5813 5799//5799
f 5799//5799 5813//5813 5814//5814
f 5799//5799 5814//5814 5800//5800
f 5800//5800 5814//5814 5815//5815
f 5800//5800 5815//5815 5801//5801
f 5801//5801 5815//5815 5816//5816
f 5801//5801 5816//5816 5802//5802
f 5802//5802 5816//5816 5342//5342
f 5802//5802 5342//5342 5345//5345
f 5345//5345 5342//5342 5341//5341
f 5345//5345 5341//5341 5343//5343
f 5418//5418 5817//5817 5803//5803
f 5803//5803 5817//5817 5818//5818
f 5803//5803 5818//5818 5804//5804
f 5804//5804 5818//5818 5819//5819
f 5804//5804 5819//5819 5805//5805
f 5805//5805 5819//5819 5820//5820
f 5805//5805 5820//5820 5806//5806
f 5806//5806 5820//5820 5821//5821
f 5806//5806 5821//5821 5807//5807
f 5807//5807 5821//5821 5822//5822
f 5807//5807 5822//5822 5808//5808
f 5808//5808 5822//5822 5823//5823
f 5808//5808 5823//5823 5809//5809
f 5809//5809 5823//5823 5824//5824
f 5809//5809 5824//5824 5810//5810
f 5810//5810 5824//5824 5825//5825
f 5810//5810 5825//5825 5811//5811
f 5811//5811 5825//5825 5826//5826
f 5811//5811 5826//5826 5812//5812
f 5812//5812 5826//5826 5827//5827
f 5812//5812 5827//5827 5813//5813
f 5813//5813 5827//5827 5828//5828
f 5813//5813 5828//5828 5814//5814
f 5814//5814 5828//5828 5829//5829
f 5814//5814 5829//5829 5815//5815
f 5815//5815 5829//5829 5830//5830
f 5815//5815 5830//5830 5816//5816
f 5816//5816 5830//5830 5339//5339
f 5816//5816 5339//5339 5342//5342
f 5342//5342 5339//5339 5338//5338
f 5342//5342 5338//5338 5340//5340
f 5418//5418 5831//5831 5817//5817
f 5817//5817 5831//5831 5832//5832
f 5817//5817 5832//5832 5818//5818
f 5818//5818 5832//5832 5833//5833
f 5818//5818 5833//5833 5819//5819
f 5819//5819 5833//5833 5834//5834
f 5819//5819 5834//5834 5820//5820
f 5820//5820 5834//5834 5835//5835
f 5820//5820 5835//5835 5821//5821
f 5821//5821 5835//5835 5836//5836
f 5821//5821 5836//5836 5822//5822
f 5822//5822 5836//5836 5837//5837
f 5822//5822 5837//5837 5823//5823
f 5823//5823 5837//5837 5838//5838
f 5823//5823 5838//5838 5824//5824
f 5824//5824 5838//5838 5839//5839
f 5824//5824 5839//5839 5825//5825
f 5825//5825 5839//5839 5840//5840
f 5825//5825 5840//5840 5826//5826
f 5826//5826 5840//5840 5841//5841
f 5826//5826 5841//5841 5827//5827
f 5827//5827 5841//5841 5842//5842
f 5827//5827 5842//5842 5828//5828
f 5828//5828 5842//5842 5843//5843
f 5828//5828 5843//5843 5829//5829
f 5829//5829 5843//5843 5844//5844
f 5829//5829 5844//5844 5830//5830
f 5830//5830 5844//5844 5336//5336
f 5830//5830 5336//5336 5339//5339
f 5339//5339 5336//5336 5335//5335
f 5339//5339 5335//5335 5337//5337
f 5418//5418 5845//5845 5831//5831
f 5831//5831 5845//5845 5846//5846
f 5831//5831 5846//5846 5832//5832
f 5832//5832 5846//5846 5847//5847
f 5832//5832 5847//5847 5833//5833
f 5833//5833 5847//5847 5848//5848
f 5833//5833 5848//5848 5834//5834
f 5834//5834 5848//5848 5849//5849
f 5834//5834 5849//5849 5835//5835
f 5835//5835 5849//5849 5850//5850
f 5835//5835 5850//5850 5836//5836
f 5836//5836 5850//5850 5851//5851
f 5836//5836 5851//5851 5837//5837
f 5837//5837 5851//5851 5852//5852
f 5837//5837 5852//5852 5838//5838
f 5838//5838 5852//5852 5853//5853
f 5838//5838 5853//5853 5839//5839
f 5839//5839 5853//5853 5854//5854
f 5839//5839 5854//5854 5840//5840
f 5840//5840 5854//5854 5855//5855
f 5840//5840 5855//5855 5841//5841
f 5841//5841 5855//5855 5856//5856
f 5841//5841 5856//5856 5842//5842
f 5842//5842 5856//5856 5857//5857
f 5842//5842 5857//5857 5843//5843
f 5843//5843 5857//5857 5858//5858
f 5843//5843 5858//5858 5844//5844
f 5844//5844 5858//5858 5333//5333
f 5844//5844 5333//5333 5336//5336
f 5336//5336 5333//5333 5332//5332
f 5336//5336 5332//5332 5334//5334
f 5418//5418 5859//5859 5845//5845
f 5845//5845 5859//5859 5860//5860
f 5845//5845 5860//5860 5846//5846
f 5846//5846 5860//5860 5861//5861
f 5846//5846 5861//5861 5847//5847
f 5847//5847 5861//5861 5862//5862
f 5847//5847 5862//5862 5848//5848
f 5848//5848 5862//5862 5863//5863
f 5848//5848 5863//5863 5849//5849
f 5849//5849 5863//5863 5864//5864
f 5849//5849 5864//5864 5850//5850
f 5850//5850 5864//5864 5865//5865
f 5850//5850 5865//5865 5851//5851
f 5851//5851 5865//5865 5866//5866
f 5851//5851 5866//5866 5852//5852
f 5852//5852 5866//5866 5867//5867
f 5852//5852 5867//5867 5853//5853
f 5853//5853 5867//5867 5868//5868
f 5853//5853 5868//5868 5854//5854
f 5854//5854 5868//5868 5869//5869
f 5854//5854 5869//5869 5855//5855
f 5855//5855 5869//5869 5870//5870
f 5855//5855 5870//5870 5856//5856
f 5856//5856 5870//5870 5871//5871
f 5856//5856 5871//5871 5857//5857
f 5857//5857 5871//5871 5872//5872
f 5857//5857 5872//5872 5858//5858
f 5858//5858 5872//5872 5330//5330
f 5858//5858 5330//5330 5333//5333
f 5333//5333 5330//5330 5329//5329
f 5333//5333 5329//5329 5331//5331
f 5418//5418 5873//5873 5859//5859
f 5859//5859 5873//5873 5874//5874
f 5859//5859 5874//5874 5860//5860
f 5860//5860 5874//5874 5875//5875
f 5860//5860 5875//5875 5861//5861
f 5861//5861 5875//5875 5876//5876
f 5861//5861 5876//5876 5862//5862
f 5862//5862 5876//5876 5877//5877
f 5862//5862 5877//5877 5863//5863
f 5863//5863 5877//5877 5878//5878
f 5863//5863 5878//5878 5864//5864
f 5864//5864 5878//5878 5879//5879
f 5864//5864 5879//5879 5865//5865
f 5865//5865 5879//5879 5880//5880
f 5865//5865 5880//5880 5866//5866
f 5866//5866 5880//5880 5881//5881
f 5866//5866 5881//5881 5867//5867
f 5867//5867 5881//5881 5882//5882
f 5867//5867 5882//5882 5868//5868
f 5868//5868 5882//5882 5883//5883
f 5868//5868 5883//5883 5869//5869
f 5869//5869 5883//5883 5884//5884
f 5869//5869 5884//5884 5870//5870
f 5870//5870 5884//5884 5885//5885
f 5870//5870 5885//5885 5871//5871
f 5871//5871 5885//5885 5886//5886
f 5871//5871 5886//5886 5872//5872
f 5872//5872 5886//5886 5327//5327
f 5872//5872 5327//5327 5330//5330
f 5330//5330 5327//5327 5326//5326
f 5330//5330 5326//5326 5328//5328
f 5418//5418 5887//5887 5873//5873
f 5873//5873 5887//5887 5888//5888
f 5873//5873 5888//5888 5874//5874
f 5874//5874 5888//5888 5889//5889
f 5874//5874 5889//5889 5875//5875
f 5875//5875 5889//5889 5890//5890
f 5875//5875 5890//5890 5876//5876
f 5876//5876 5890//5890 5891//5891
f 5876//5876 5891//5891 5877//5877
f 5877//5877 5891//5891 5892//5892
f 5877//5877 5892//5892 5878//5878
f 5878//5878 5892//5892 5893//5893
f 5878//5878 5893//5893 5879//5879
f 5879//5879 5893//5893 5894//5894
f 5879//5879 5894//5894 5880//5880
f 5880//5880 5894//5894 5895//5895
f 5880//5880 5895//5895 5881//5881
f 5881//5881 5895//5895 5896//5896
f 5881//5881 5896//5896 5882//5882
f 5882//5882 5896//5896 5897//5897
f 5882//5882 5897//5897 5883//5883
f 5883//5883 5897//5897 5898//5898
f 5883//5883 5898//5898 5884//5884
f 5884//5884 5898//5898 5899//5899
f 5884//5884 5899//5899 5885//5885
f 5885//5885 5899//5899 5900//5900
f 5885//5885 5900//5900 5886//5886
f 5886//5886 5900//5900 5324//5324
f 5886//5886 5324//5324 5327//5327
f 5327//5327 5324//5324 5323//5323
f 5327//5327 5323//5323 5325//5325
f 5418//5418 5901//5901 5887//5887
f 5887//5887 5901//5901 5902//5902
f 5887//5887 5902//5902 5888//5888
f 5888//5888 5902//5902 5903//5903
f 5888//5888 5903//5903 5889//5889
f 5889//5889 5903//5903 5904//5904
f 5889//5889 5904//5904 5890//5890
f 5890//5890 5904//5904 5905//5905
f 5890//5890 5905//5905 5891//5891
f 5891//5891 5905//5905 5906//5906
f 5891//5891 5906//5906 5892//5892
f 5892//5892 5906//5906 5907//5907
f 5892//5892 5907//5907 5893//5893
f 5893//5893 5907//5907 5908//5908
f 5893//5893 5908//5908 5894//5894
f 5894//5894 5908//5908 5909//5909
f 5894//5894 5909//5909 5895//5895
f 5895//5895 5909//5909 5910//5910
f 5895//5895 5910//5910 5896//5896
f 5896//5896 5910//5910 5911//5911
f 5896//5896 5911//5911 5897//5897
f 5897//5897 5911//5911 5912//5912
f 5897//5897 5912//5912 5898//5898
f 5898//5898 5912//5912 5913//5913
f 5898//5898 5913//5913 5899//5899
f 5899//5899 5913//5913 5914//5914
f 5899//5899 5914//5914 5900//5900
f 5900//5900 5914//5914 5321//5321
f 5900//5900 5321//5321 5324//5324
f 5324//5324 5321//5321 5320//5320
f 5324//5324 5320//5320 5322//5322
f 5418//5418 5915//5915 5901//5901
f 5901//5901 5915//5915 5916//5916
f 5901//5901 5916//5916 5902//5902
f 5902//5902 5916//5916 5917//5917
f 5902//5902 5917//5917 5903//5903
f 5903//5903 5917//5917 5918//5918
f 5903//5903 5918//5918 5904//5904
f 5904//5904 5918//5918 5919//5919
f 5904//5904 5919//5919 5905//5905
f 5905//5905 5919//5919 5920//5920
f 5905//5905 5920//5920 5906//5906
f 5906//5906 5920//5920 5921//5921
f 5906//5906 5921//5921 5907//5907
f 5907//5907 5921//5921 5922//5922
f 5907//5907 5922//5922 5908//5908
f 5908//5908 5922//5922 5923//5923
f 5908//5908 5923//5923 5909//5909
f 5909//5909 5923//5923 5924//5924
f 5909//5909 5924//5924 5910//5910
f 5910//5910 5924//5924 5925//5925
f 5910//5910 5925//5925 5911//5911
f 5911//5911 5925//5925 5926//5926
f 5911//5911 5926//5926 5912//5912
f 5912//5912 5926//5926 5927//5927
f 5912//5912 5927//5927 5913//5913
f 5913//5913 5927//5927 5928//5928
f 5913//5913 5928//5928 5914//5914
f 5914//5914 5928//5928 5318//5318
f 5914//5914 5318//5318 5321//5321
f 5321//5321 5318//5318 5317//5317
f 5321//5321 5317//5317 5319//5319
f 5418//5418 5929//5929 5915//5915
f 5915//5915 5929//5929 5930//5930
f 5915//5915 5930//5930 5916//5916
f 5916//5916 5930//5930 5931//5931
f 5916//5916 5931//5931 5917//5917
f 5917//5917 5931//5931 5932//5932
f 5917//5917 5932//5932 5918//5918
f 5918//5918 5932//5932 5933//5933
f 5918//5918 5933//5933 5919//5919
f 5919//5919 5933//5933 5934//5934
f 5919//5919 5934//5934 5920//5920
f 5920//5920 5934//5934 5935//5935
f 5920//5920 5935//5935 5921//5921
f 5921//5921 5935//5935 5936//5936
f 5921//5921 5936//5936 5922//5922
f 5922//5922 5936//5936 5937//5937
f 5922//5922 5937//5937 5923//5923
f 5923//5923 5937//5937 5938//5938
f 5923//5923 5938//5938 5924//5924
f 5924//5924 5938//5938 5939//5939
f 5924//5924 5939//5939 5925//5925
f 5925//5925 5939//5939 5940//5940
f 5925//5925 5940//5940 5926//5926
f 5926//5926 5940//5940 5941//5941
f 5926//5926 5941//5941 5927//5927
f 5927//5927 5941//5941 5942//5942
f 5927//5927 5942//5942 5928//5928
f 5928//5928 5942//5942 5315//5315
f 5928//5928 5315//5315 5318//5318
f 5318//5318 5315//5315 5314//5314
f 5318//5318 5314//5314 5316//5316
f 5418//5418 5540//5540 5929//5929
f 5929//5929 5540//5540 5542//5542
f 5929//5929 5542//5542 5930//5930
f 5930//5930 5542//5542 5544//5544
f 5930//5930 5544//5544 5931//5931
f 5931//5931 5544//5544 5546//5546
f 5931//5931 5546//5546 5932//5932
f 5932//5932 5546//5546 5548//5548
f 5932//5932 5548//5548 5933//5933
f 5933//5933 5548//5548 5550//5550
f 5933//5933 5550//5550 5934//5934
f 5934//5934 5550//5550 5552//5552
f 5934//5934 5552//5552 5935//5935
f 5935//5935 5552//5552 5554//5554
f 5935//5935 5554//5554 5936//5936
f 5936//5936 5554//5554 5556//5556
f 5936//5936 5556//5556 5937//5937
f 5937//5937 5556//5556 5558//5558
f 5937//5937 5558//5558 5938//5938
f 5938//5938 5558//5558 5560//5560
f 5938//5938 5560//5560 5939//5939
f 5939//5939 5560//5560 5562//5562
f 5939//5939 5562//5562 5940//5940
f 5940//5940 5562//5562 5564//5564
f 5940//5940 5564//5564 5941//5941
f 5941//5941 5564//5564 5566//5566
f 5941//5941 5566//5566 5942//5942
f 5942//5942 5566//5566 5414//5414
f 5942//5942 5414//5414 5315//5315
f 5315//5315 5414//5414 5413//5413
f 5315//5315 5413//5413 5313//5313
f 5676//5676 5658//5658 5535//5535
f 5535//5535 5658//5658 5537//5537
f 5535//5535 5537//5537 5534//5534
f 5534//5534 5537//5537 5536//5536
f 5534//5534 5536//5536 5533//5533
f 5533//5533 5536//5536 5655//5655
f 5533//5533 5655//5655 5532//5532
f 5532//5532 5655//5655 5652//5652
f 5532//5532 5652//5652 5531//5531
f 5531//5531 5652//5652 5648//5648
f 5531//5531 5648//5648 5530//5530
f 5530//5530 5648//5648 5643//5643
f 5530//5530 5643//5643 5529//5529
f 5529//5529 5643//5643 5637//5637
f 5529//5529 5637//5637 5528//5528
f 5528//5528 5637//5637 5630//5630
f 5528//5528 5630//5630 5527//5527
f 5527//5527 5630//5630 5622//5622
f 5527//5527 5622//5622 5526//5526
f 5526//5526 5622//5622 5613//5613
f 5526//5526 5613//5613 5525//5525
f 5525//5525 5613//5613 5603//5603
f 5525//5525 5603//5603 5524//5524
f 5524//5524 5603//5603 5592//5592
f 5524//5524 5592//5592 5523//5523
f 5523//5523 5592//5592 5580//5580
f 5523//5523 5580//5580 5522//5522
f 5522//5522 5580//5580 5567//5567
f 5522//5522 5567//5567 5521//5521
f 5521//5521 5567//5567 5539//5539
f 5521//5521 5539//5539 5418//5418
f 5383//5383 5943//5943 5944//5944
f 5383//5383 5382//5382 5943//5943
f 5943//5943 5382//5382 5380//5380
f 5943//5943 5380//5380 5945//5945
f 5380//5380 5379//5379 5945//5945
f 5945//5945 5379//5379 5377//5377
f 5945//5945 5377//5377 5946//5946
f 5377//5377 5376//5376 5946//5946
f 5946//5946 5376//5376 5374//5374
f 5946//5946 5374//5374 5947//5947
f 5374//5374 5373//5373 5947//5947
f 5947//5947 5373//5373 5657//5657
f 5947//5947 5657//5657 5948//5948
f 5657//5657 5661//5661 5948//5948
f 5948//5948 5661//5661 5660//5660
f 5948//5948 5660//5660 5949//5949
f 5660//5660 5659//5659 5949//5949
f 5949//5949 5659//5659 5658//5658
f 5949//5949 5658//5658 5950//5950
f 5658//5658 5676//5676 5950//5950
f 5950//5950 5676//5676 5371//5371
f 5950//5950 5371//5371 5951//5951
f 5371//5371 5370//5370 5951//5951
f 5951//5951 5370//5370 5368//5368
f 5951//5951 5368//5368 5952//5952
f 5368//5368 5367//5367 5952//5952
f 5952//5952 5367//5367 5365//5365
f 5952//5952 5365//5365 5953//5953
f 5365//5365 5364//5364 5953//5953
f 5953//5953 5364//5364 5362//5362
f 5953//5953 5362//5362 5954//5954
f 5362//5362 5361//5361 5954//5954
f 5954//5954 5361//5361 5359//5359
f 5954//5954 5359//5359 5955//5955
f 5359//5359 5358//5358 5955//5955
f 5955//5955 5358//5358 5356//5356
f 5955//5955 5356//5356 5956//5956
f 5356//5356 5355//5355 5956//5956
f 5956//5956 5355//5355 5353//5353
f 5956//5956 5353//5353 5957//5957
f 5353//5353 5352//5352 5957//5957
f 5957//5957 5352//5352 5350//5350
f 5957//5957 5350//5350 5958//5958
f 5350//5350 5349//5349 5958//5958
f 5958//5958 5349//5349 5347//5347
f 5958//5958 5347//5347 5959//5959
f 5347//5347 5346//5346 5959//5959
f 5959//5959 5346//5346 5344//5344
f 5959//5959 5344//5344 5960//5960
f 5344//5344 5343//5343 5960//5960
f 5960//5960 5343//5343 5341//5341
f 5960//5960 5341//5341 5961//5961
f 5341//5341 5340//5340 5961//5961
f 5961//5961 5340//5340 5338//5338
f 5961//5961 5338//5338 5962//5962
f 5338//5338 5337//5337 5962//5962
f 5962//5962 5337//5337 5335//5335
f 5962//5962 5335//5335 5963//5963
f 5335//5335 5334//5334 5963//5963
f 5963//5963 5334//5334 5332//5332
f 5963//5963 5332//5332 5964//5964
f 5332//5332 5331//5331 5964//5964
f 5964//5964 5331//5331 5329//5329
f 5964//5964 5329//5329 5965//5965
f 5329//5329 5328//5328 5965//5965
f 5965//5965 5328//5328 5326//5326
f 5965//5965 5326//5326 5966//5966
f 5326//5326 5325//5325 5966//5966
f 5966//5966 5325//5325 5323//5323
f 5966//5966 5323//5323 5967//5967
f 5323//5323 5322//5322 5967//5967
f 5967//5967 5322//5322 5320//5320
f 5967//5967 5320//5320 5968//5968
f 5320//5320 5319//5319 5968//5968
f 5968//5968 5319//5319 5317//5317
f 5968//5968 5317//5317 5969//5969
f 5317//5317 5316//5316 5969//5969
f 5969//5969 5316//5316 5314//5314
f 5969//5969 5314//5314 5970//5970
f 5314//5314 5313//5313 5970//5970
f 5970//5970 5313//5313 5413//5413
f 5970//5970 5413//5413 5971//5971
f 5413//5413 5412//5412 5971//5971
f 5971//5971 5412//5412 5410//5410
f 5971//5971 5410//5410 5972//5972
f 5410//5410 5409//5409 5972//5972
f 5972//5972 5409//5409 5407//5407
f 5972//5972 5407//5407 5973//5973
f 5407//5407 5406//5406 5973//5973
f 5973//5973 5406//5406 5404//5404
f 5973//5973 5404//5404 5974//5974
f 5404//5404 5403//5403 5974//5974
f 5974//5974 5403//5403 5401//5401
f 5974//5974 5401//5401 5975//5975
f 5401//5401 5400//5400 5975//5975
f 5975//5975 5400//5400 5398//5398
f 5975//5975 5398//5398 5976//5976
f 5398//5398 5397//5397 5976//5976
f 5976//5976 5397//5397 5395//5395
f 5976//5976 5395//5395 5977//5977
f 5395//5395 5394//5394 5977//5977
f 5977//5977 5394//5394 5392//5392
f 5977//5977 5392//5392 5978//5978
f 5392//5392 5391//5391 5978//5978
f 5978//5978 5391//5391 5389//5389
f 5978//5978 5389//5389 5979//5979
f 5389//5389 5388//5388 5979//5979
f 5979//5979 5388//5388 5386//5386
f 5979//5979 5386//5386 5944//5944
f 5944//5944 5386//5386 5385//5385
f 5944//5944 5385//5385 5383//5383
f 5944//5944 5980//5980 5979//5979
f 5979//5979 5980//5980 5981//5981
f 5979//5979 5981//5981 5978//5978
f 5978//5978 5981//5981 5982//5982
f 5978//5978 5982//5982 5977//5977
f 5977//5977 5982//5982 5983//5983
f 5977//5977 5983//5983 5976//5976
f 5976//5976 5983//5983 5984//5984
f 5976//5976 5984//5984 5975//5975
f 5975//5975 5984//5984 5985//5985
f 5975//5975 5985//5985 5974//5974
f 5974//5974 5985//5985 5986//5986
f 5974//5974 5986//5986 5973//5973
f 5973//5973 5986//5986 5987//5987
f 5973//5973 5987//5987 5972//5972
f 5972//5972 5987//5987 5988//5988
f 5972//5972 5988//5988 5971//5971
f 5971//5971 5988//5988 5989//5989
f 5971//5971 5989//5989 5970//5970
f 5970//5970 5989//5989 5990//5990
f 5970//5970 5990//5990 5969//5969
f 5969//5969 5990//5990 5991//5991
f 5969//5969 5991//5991 5968//5968
f 5968//5968 5991//5991 5992//5992
f 5968//5968 5992//5992 5967//5967
f 5967//5967 5992//5992 5993//5993
f 5967//5967 5993//5993 5966//5966
f 5966//5966 5993//5993 5994//5994
f 5966//5966 5994//5994 5965//5965
f 5965//5965 5994//5994 5995//5995
f 5965//5965 5995//5995 5964//5964
f 5964//5964 5995//5995 5996//5996
f 5964//5964 5996//5996 5963//5963
f 5963//5963 5996//5996 5997//5997
f 5963//5963 5997//5997 5962//5962
f 5962//5962 5997//5997 5998//5998
f 5962//5962 5998//5998 5961//5961
f 5961//5961 5998//5998 5999//5999
f 5961//5961 5999//5999 5960//5960
f 5960//5960 5999//5999 6000//6000
f 5960//5960 6000//6000 5959//5959
f 5959//5959 6000//6000 6001//6001
f 5959//5959 6001//6001 5958//5958
f 5958//5958 6001//6001 6002//6002
f 5958//5958 6002//6002 5957//5957
f 5957//5957 6002//6002 6003//6003
f 5957//5957 6003//6003 5956//5956
f 5956//5956 6003//6003 6004//6004
f 5956//5956 6004//6004 5955//5955
f 5955//5955 6004//6004 6005//6005
f 5955//5955 6005//6005 5954//5954
f 5954//5954 6005//6005 6006//6006
f 5954//5954 6006//6006 5953//5953
f 5953//5953 6006//6006 6007//6007
f 5953//5953 6007//6007 5952//5952
f 5952//5952 6007//6007 6008//6008
f 5952//5952 6008//6008 5951//5951
f 5951//5951 6008//6008 6009//6009
f 5951//5951 6009//6009 5950//5950
f 5950//5950 6009//6009 6010//6010
f 5950//5950 6010//6010 5949//5949
f 5949//5949 6010//6010 6011//6011
f 5949//5949 6011//6011 5948//5948
f 5948//5948 6011//6011 6012//6012
f 5948//5948 6012//6012 5947//5947
f 5947//5947 6012//6012 6013//6013
f 5947//5947 6013//6013 5946//5946
f 5946//5946 6013//6013 6014//6014
f 5946//5946 6014//6014 5945//5945
f 5945//5945 6014//6014 6015//6015
f 5945//5945 6015//6015 5943//5943
f 5943//5943 6015//6015 6016//6016
f 5943//5943 6016//6016 5944//5944
f 5944//5944 6016//6016 5980//5980
f 6016//6016 5290//5290 5980//5980
f 5980//5980 5290//5290 5265//5265
f 5980//5980 5265//5265 5981//5981
f 5981//5981 5265//5265 5262//5262
f 5981//5981 5262//5262 5982//5982
f 5982//5982 5262//5262 5260//5260
f 5982//5982 5260//5260 5983//5983
f 5983//5983 5260//5260 5228//5228
f 5983//5983 5228//5228 5984//5984
f 5984//5984 5228//5228 5258//5258
f 5984//5984 5258//5258 5985//5985
f 5985//5985 5258//5258 5289//5289
f 5985//5985 5289//5289 5986//5986
f 5986//5986 5289//5289 5288//5288
f 5986//5986 5288//5288 5987//5987
f 5987//5987 5288//5288 5251//5251
f 5987//5987 5251//5251 5988//5988
f 5988//5988 5251//5251 5253//5253
f 5988//5988 5253//5253 5989//5989
f 5989//5989 5253//5253 5255//5255
f 5989//5989 5255//5255 5990//5990
f 5990//5990 5255//5255 5250//5250
f 5990//5990 5250//5250 5991//5991
f 5991//5991 5250//5250 5249//5249
f 5991//5991 5249//5249 5992//5992
f 5992//5992 5249//5249 5287//5287
f 5992//5992 5287//5287 5993//5993
f 5993//5993 5287//5287 5286//5286
f 5993//5993 5286//5286 5994//5994
f 5994//5994 5286//5286 5247//5247
f 5994//5994 5247//5247 5995//5995
f 5995//5995 5247//5247 5246//5246
f 5995//5995 5246//5246 5996//5996
f 5996//5996 5246//5246 5244//5244
f 5996//5996 5244//5244 5997//5997
f 5997//5997 5244//5244 5242//5242
f 5997//5997 5242//5242 5998//5998
f 5998//5998 5242//5242 5238//5238
f 5998//5998 5238//5238 5999//5999
f 5999//5999 5238//5238 5237//5237
f 5999//5999 5237//5237 6000//6000
f 6000//6000 5237//5237 5285//5285
f 6000//6000 5285//5285 6001//6001
f 6001//6001 5285//5285 5284//5284
f 6001//6001 5284//5284 6002//6002
f 6002//6002 5284//5284 5235//5235
f 6002//6002 5235//5235 6003//6003
f 6003//6003 5235//5235 5234//5234
f 6003//6003 5234//5234 6004//6004
f 6004//6004 5234//5234 5230//5230
f 6004//6004 5230//5230 6005//6005
f 6005//6005 5230//5230 5229//5229
f 6005//6005 5229//5229 6006//6006
f 6006//6006 5229//5229 5279//5279
f 6006//6006 5279//5279 6007//6007
f 6007//6007 5279//5279 5283//5283
f 6007//6007 5283//5283 6008//6008
f 6008//6008 5283//5283 5282//5282
f 6008//6008 5282//5282 6009//6009
f 6009//6009 5282//5282 5270//5270
f 6009//6009 5270//5270 6010//6010
f 6010//6010 5270//5270 5272//5272
f 6010//6010 5272//5272 6011//6011
f 6011//6011 5272//5272 5274//5274
f 6011//6011 5274//5274 6012//6012
f 6012//6012 5274//5274 5266//5266
f 6012//6012 5266//5266 6013//6013
f 6013//6013 5266//5266 5268//5268
f 6013//6013 5268//5268 6014//6014
f 6014//6014 5268//5268 5280//5280
f 6014//6014 5280//5280 6015//6015
f 6015//6015 5280//5280 5281//5281
f 6015//6015 5281//5281 6016//6016
f 6016//6016 5281//5281 5290//5290
